22 -0.00743866 0.00171661 0.245861 -1.39889 0.000190738 -0.495346 0.247768 1.39775 0.00171664 0.498398 -0.19894 -0.0185016 0.000572213 0.389296 -0.249748 -0.00167288 -0.194362 0.0169757 0.000190738 0.394255 -0.249786 0.000848397
22 -0.00743866 0.00171661 0.245861 -1.39889 0.000190738 -0.495346 0.247768 1.39775 0.00171664 0.498398 -0.19894 -0.0185016 0.000572213 0.389296 -0.249748 -0.00167288 -0.194362 0.0169757 0.000190738 0.394255 -0.249786 0.000848397
22 -0.00743866 0.00171661 0.245861 -1.39889 0.000190738 -0.495346 0.247768 1.39775 0.00171664 0.498398 -0.19894 -0.0185016 0.000572213 0.389296 -0.249748 -0.00167288 -0.194362 0.0169757 0.000190738 0.394255 -0.249786 0.000848397
22 -0.00743866 0.00171661 0.245861 -1.39889 0.000190738 -0.495346 0.247768 1.39775 0.00171664 0.498398 -0.19894 -0.0185016 0.000572213 0.389296 -0.249748 -0.00167288 -0.194362 0.0169757 0.000190738 0.394255 -0.249786 0.000848397
22 -0.00743866 0.00171661 0.245861 -1.39889 0.000190738 -0.495346 0.247768 1.39775 0.00171664 0.498398 -0.19894 -0.0185016 0.000572213 0.389296 -0.249748 -0.00167288 -0.194362 0.0169757 0.000190738 0.394255 -0.249786 0.000848397
22 -0.00743866 0.00171661 0.245861 -1.39889 0.000190738 -0.495346 0.247768 1.39775 0.00171664 0.498398 -0.19894 -0.0185016 0.000572213 0.389296 -0.249748 -0.00167288 -0.194362 0.0169757 0.000190738 0.394255 -0.249786 0.000848397
22 -0.00743866 0.00171661 0.245861 -1.39889 0.000190738 -0.495346 0.247768 1.39775 0.00171664 0.498398 -0.19894 -0.0185016 0.000572213 0.389296 -0.249748 -0.00167288 -0.194362 0.0169757 0.000190738 0.394255 -0.249786 0.000848397
22 -0.00743866 0.00171661 0.245861 -1.39889 0.000190738 -0.495346 0.247768 1.39775 0.00171664 0.498398 -0.19894 -0.0185016 0.000572213 0.389296 -0.249748 -0.00167288 -0.194362 0.0169757 0.000190738 0.394255 -0.249786 0.000848397
22 -0.00782013 0.00171661 0.245861 -1.39889 0.000190738 -0.495346 0.247768 1.39775 0.00171664 0.498398 -0.19894 -0.0185016 0.000572213 0.389296 -0.249748 -0.00167288 -0.194362 0.0169757 0.000190738 0.394255 -0.249786 0.000848397
22 -0.00743866 0.00171661 0.245861 -1.39889 0.000190738 -0.495346 0.247768 1.39775 0.00171664 0.498398 -0.19894 -0.0185016 0.000572213 0.389296 -0.249748 -0.00167288 -0.194362 0.0169757 0.000190738 0.394255 -0.249786 0.000848397
22 -0.00743866 0.00171661 0.245861 -1.39889 0.000190738 -0.495346 0.247768 1.39775 0.00171664 0.498398 -0.19894 -0.0185016 0.000572213 0.389296 -0.249748 -0.00167288 -0.194362 0.0169757 0.000190738 0.394255 -0.249786 0.000848397
22 -0.00743866 0.00171661 0.245861 -1.39889 0.000190738 -0.495346 0.247768 1.39775 0.00171664 0.498398 -0.19894 -0.0185016 0.000572213 0.389296 -0.249748 -0.00167288 -0.194362 0.0169757 0.000190738 0.394255 -0.249951 0.00124844
22 -0.00743866 0.00171661 0.245861 -1.39889 0.000190738 -0.495346 0.247768 1.39775 0.00171664 0.498398 -0.19894 -0.0185016 0.000572213 0.389296 -0.249748 -0.00167288 -0.194362 0.0169757 0.000190738 0.394255 -0.249786 0.00084883
22 -0.00743866 0.00171661 0.245861 -1.39889 0.000190738 -0.495346 0.247768 1.39775 0.00171664 0.498398 -0.19894 -0.0185016 0.000572213 0.389296 -0.249748 -0.00167288 -0.194362 0.0169757 0.000190738 0.394255 -0.249786 0.000848397
22 -0.00743866 0.00171661 0.245861 -1.39889 0.000190738 -0.495346 0.247768 1.39775 0.00171664 0.498398 -0.19894 -0.0185016 0.000572213 0.389296 -0.249748 -0.00167288 -0.194362 0.0169757 0.000190738 0.394255 -0.249786 0.000848397
22 -0.00743866 0.00171661 0.245861 -1.39889 0.000190738 -0.495346 0.247768 1.39775 0.00171664 0.498398 -0.19894 -0.0185016 0.000572213 0.389296 -0.249748 -0.00167288 -0.194362 0.0169757 0.000190738 0.394255 -0.249786 0.000848397
22 -0.00743866 0.00171661 0.245861 -1.39889 0.000190738 -0.495346 0.247768 1.39775 0.00171664 0.498398 -0.19894 -0.0185016 0.000572213 0.389296 -0.249748 -0.00167288 -0.194362 0.0169757 0.000190738 0.394255 -0.249786 0.000848397
22 -0.00743866 0.00171661 0.245861 -1.39889 0.000190738 -0.495346 0.247768 1.39775 0.00171664 0.498398 -0.19894 -0.0185016 0.000572213 0.389296 -0.249748 -0.00167288 -0.194362 0.0169757 0.000190738 0.394255 -0.249786 0.000848397
22 -0.00743866 0.00171661 0.245861 -1.39889 0.000190738 -0.495346 0.247768 1.39775 0.00171664 0.498398 -0.19894 -0.0185016 0.000572213 0.389296 -0.249748 -0.00167288 -0.194362 0.0169757 0.000190738 0.394255 -0.249786 0.000848397
22 -0.00743866 0.00171661 0.245861 -1.39889 0.000190738 -0.495346 0.247768 1.39775 0.00171664 0.498398 -0.19894 -0.0185016 0.000572213 0.389296 -0.249748 -0.00167288 -0.194362 0.0169757 0.000190738 0.394255 -0.249786 0.000848397
22 -0.00743866 0.00171661 0.245861 -1.39889 0.000190738 -0.495346 0.247768 1.39775 0.00133516 0.498398 -0.19894 -0.0185016 0.000572213 0.389296 -0.249748 -0.00167288 -0.194362 0.0169757 0.000190738 0.394255 -0.249786 0.000848397
22 -0.00743866 0.00171661 0.245861 -1.39889 0.000190738 -0.495346 0.247768 1.39775 0.00171664 0.498398 -0.19894 -0.0185016 0.000572213 0.389296 -0.249748 -0.00167288 -0.194362 0.0169757 0.000190738 0.394255 -0.249786 0.000848397
22 -0.00743866 0.00171661 0.245861 -1.39889 0.000190738 -0.495346 0.247768 1.39775 0.00171664 0.498398 -0.19894 -0.0185016 0.000572213 0.389296 -0.249748 -0.00167288 -0.194362 0.0169757 0.000190738 0.394255 -0.249786 0.000848397
22 -0.00743866 0.00171661 0.245861 -1.39889 0.000190738 -0.495346 0.247768 1.39775 0.00171664 0.498398 -0.19894 -0.0185016 0.000572213 0.389296 -0.249748 -0.00167288 -0.194362 0.0169757 0.000190738 0.394255 -0.249786 0.000848397
22 -0.00743866 0.00171661 0.245861 -1.39889 0.000190738 -0.495346 0.247768 1.39737 0.00171664 0.498398 -0.19894 -0.0185016 0.000572213 0.389296 -0.249748 -0.00167288 -0.194362 0.0169757 0.000190738 0.394255 -0.249786 0.000848397
22 -0.00743866 0.00171661 0.245861 -1.39889 0.000190738 -0.495346 0.247768 1.39737 0.00171664 0.498398 -0.19894 -0.0185016 0.000572213 0.389296 -0.249748 -0.00167288 -0.194362 0.0169757 0.000190738 0.394255 -0.249786 0.000848397
22 -0.00743866 0.00171661 0.245861 -1.39889 0.000190738 -0.495346 0.247768 1.39737 0.00171664 0.498398 -0.19894 -0.0185016 0.000572213 0.389296 -0.249748 -0.00167288 -0.194362 0.0169757 0.000190738 0.394255 -0.249786 0.000848397
22 -0.00743866 0.00171661 0.245861 -1.39889 0.000190738 -0.495346 0.247768 1.39737 0.00171664 0.498398 -0.19894 -0.0185016 0.000572213 0.389296 -0.249748 -0.00167288 -0.194362 0.0169757 0.000190738 0.394255 -0.249786 0.000848397
22 -0.00782013 0.00171661 0.245861 -1.39889 0.000190738 -0.495346 0.247768 1.39737 0.00171664 0.498398 -0.19894 -0.0185016 0.000572213 0.389296 -0.249748 -0.00167288 -0.194362 0.0169757 0.000190738 0.394255 -0.249786 0.000848397
22 -0.00743866 0.00171661 0.245861 -1.39889 0.000190738 -0.495346 0.247768 1.39737 0.00171664 0.498398 -0.19894 -0.0185016 0.000572213 0.389296 -0.249748 -0.00167288 -0.194362 0.0169757 0.000190738 0.394255 -0.249786 0.000848397
22 -0.00743866 0.00171661 0.245861 -1.39889 0.000190738 -0.495346 0.247768 1.39737 0.00171664 0.498398 -0.19894 -0.0185016 0.000572213 0.389296 -0.249748 -0.00167288 -0.194362 0.0169757 0.000190738 0.394255 -0.249786 0.000848397
22 -0.00743866 0.00209808 0.245861 -1.39889 0.000190738 -0.495346 0.247768 1.39737 0.00171664 0.498398 -0.19894 -0.0185016 0.000572213 0.389296 -0.249748 -0.00167288 -0.194362 0.0169757 0.000190738 0.394255 -0.249786 0.000848397
22 -0.00743866 0.00171661 0.245861 -1.39889 0.000190738 -0.495346 0.247768 1.39737 0.00171664 0.498398 -0.19894 -0.0185016 0.000572213 0.389296 -0.249748 -0.00167288 -0.194362 0.0169757 0.000190738 0.394255 -0.249786 0.000848397
22 -0.00743866 0.00171661 0.245861 -1.39889 0.000190738 -0.495346 0.247768 1.39737 0.00171664 0.498398 -0.19894 -0.0185016 0.000572213 0.389296 -0.249748 -0.00167288 -0.194362 0.0169757 0.000190738 0.394255 -0.249786 0.000848397
22 -0.00743866 0.00171661 0.245861 -1.39889 0.000190738 -0.495346 0.247768 1.39737 0.00171664 0.498398 -0.19894 -0.0185016 0.000572213 0.389296 -0.249748 -0.00167288 -0.194362 0.0169757 0.000190738 0.394255 -0.249786 0.000848397
22 -0.00743866 0.00171661 0.245861 -1.39889 0.000190738 -0.495346 0.247768 1.39737 0.00171664 0.498398 -0.19894 -0.0185016 0.000572213 0.389296 -0.249748 -0.00167288 -0.194362 0.0169757 0.000190738 0.394255 -0.249786 0.000848397
22 -0.00743866 0.00171661 0.245861 -1.39889 0.000190738 -0.495346 0.247768 1.39737 0.00171664 0.498398 -0.19894 -0.0185016 0.000572213 0.389296 -0.249748 -0.00167288 -0.194362 0.0169757 0.000190738 0.394255 -0.249786 0.000848397
22 -0.00743866 0.00171661 0.245861 -1.39889 0.000190738 -0.495346 0.247768 1.39737 0.00171664 0.498398 -0.19894 -0.0185016 0.000572213 0.389296 -0.249748 -0.00167288 -0.194362 0.0169757 0.000190738 0.394255 -0.249786 0.000848397
22 -0.00743866 0.00171661 0.245861 -1.39889 0.000190738 -0.495346 0.247768 1.39737 0.00171664 0.498398 -0.19894 -0.0185016 0.000572213 0.389296 -0.249748 -0.00167288 -0.194362 0.0169757 0.000190738 0.394255 -0.249786 0.000848397
22 -0.00743866 0.00171661 0.245861 -1.39889 0.000190738 -0.495346 0.247768 1.39737 0.00171664 0.498398 -0.19894 -0.0185016 0.000572213 0.389296 -0.249748 -0.00167288 -0.194362 0.0169757 0.000190738 0.394255 -0.249786 0.000848397
22 -0.00743866 0.00171661 0.245861 -1.39889 0.000190738 -0.495346 0.247768 1.39737 0.00171664 0.498398 -0.19894 -0.0185016 0.000572213 0.389296 -0.249748 -0.00167288 -0.194362 0.0169757 0.000190738 0.394255 -0.249786 0.000848397
22 -0.00743866 0.00171661 0.245861 -1.39889 0.000190738 -0.495346 0.247768 1.39737 0.00171664 0.498398 -0.19894 -0.0185016 0.000572213 0.389296 -0.249748 -0.00167288 -0.194362 0.0169757 0.000190738 0.394255 -0.249786 0.000848397
22 -0.00743866 0.00171661 0.24548 -1.39889 0.000190738 -0.494965 0.247768 1.39737 0.00171664 0.498398 -0.19894 -0.0185016 0.000572213 0.389296 -0.249748 -0.00167288 -0.194362 0.0169757 0.000190738 0.394255 -0.249786 0.000848397
22 -0.00743866 0.00171661 0.24548 -1.39889 0.000190738 -0.494965 0.247768 1.39737 0.00171664 0.498398 -0.19894 -0.0185016 0.000572213 0.389296 -0.249748 -0.00167288 -0.194362 0.0169757 0.000190738 0.394255 -0.249786 0.000848397
22 -0.00743866 0.00171661 0.24548 -1.39889 0.000190738 -0.494965 0.247768 1.39737 0.00171664 0.498398 -0.19894 -0.0185016 0.000572213 0.389296 -0.249748 -0.00167288 -0.194362 0.0169757 0.000190738 0.394255 -0.249786 0.000848397
22 -0.00743866 0.00171661 0.24548 -1.39889 0.000190738 -0.495346 0.247768 1.39737 0.00171664 0.498398 -0.19894 -0.0185016 0.000572213 0.389296 -0.249748 -0.00167288 -0.194362 0.0169757 0.000190738 0.394255 -0.249786 0.000848397
22 -0.00743866 0.00171661 0.24548 -1.39889 0.000190738 -0.495346 0.247768 1.39699 0.00171664 0.498398 -0.19894 -0.0185016 0.000572213 0.389296 -0.249748 -0.00167288 -0.194362 0.0169757 0.000190738 0.394255 -0.249786 0.000848397
22 -0.00743866 0.00171661 0.24548 -1.39889 0.000190738 -0.495346 0.247768 1.39699 0.00171664 0.498398 -0.19894 -0.0185016 0.000572213 0.389296 -0.249748 -0.00167288 -0.194362 0.0169757 0.000190738 0.394255 -0.249786 0.000848397
22 -0.00743866 0.00171661 0.24548 -1.39889 0.000190738 -0.495346 0.247768 1.39699 0.00171664 0.498398 -0.19894 -0.0185016 0.000572213 0.389296 -0.249748 -0.00167288 -0.194362 0.0169757 0.000190738 0.394255 -0.249786 0.000848397
22 -0.00743866 0.00171661 0.24548 -1.39889 0.000190738 -0.495346 0.247768 1.39699 0.00171664 0.498398 -0.19894 -0.0185016 0.000572213 0.389296 -0.249748 -0.00167288 -0.194362 0.0169757 0.000190738 0.394255 -0.249786 0.000848397
22 -0.00743866 0.00171661 0.24548 -1.39889 0.000190738 -0.495346 0.247768 1.39699 0.00171664 0.498398 -0.19894 -0.0185016 0.000572213 0.389296 -0.249748 -0.00167288 -0.194362 0.0169757 0.000190738 0.394255 -0.249786 0.000848397
22 -0.00743866 0.00171661 0.24548 -1.39889 0.000190738 -0.495346 0.247768 1.39699 0.00171664 0.498398 -0.19894 -0.0185016 0.000572213 0.389296 -0.249748 -0.00167288 -0.194362 0.0169757 0.000190738 0.394255 -0.249786 0.000848397
22 -0.00743866 0.00171661 0.245098 -1.39889 0.000190738 -0.495346 0.247768 1.39699 0.00171664 0.498398 -0.19894 -0.0185016 0.000572213 0.389296 -0.249748 -0.00167288 -0.194362 0.0169757 0.000190738 0.394255 -0.249786 0.000848397
22 -0.00743866 0.00171661 0.245098 -1.39889 0.000190738 -0.495346 0.247768 1.39699 0.00171664 0.498398 -0.19894 -0.0185016 0.000572213 0.389296 -0.249748 -0.00167288 -0.194362 0.0169757 0.000190738 0.394255 -0.249786 0.000848397
22 -0.00743866 0.00171661 0.245098 -1.39889 0.000190738 -0.495346 0.247768 1.39699 0.00171664 0.498398 -0.19894 -0.0185016 0.000572213 0.389296 -0.249748 -0.00167288 -0.194362 0.0169757 0.000190738 0.394255 -0.249786 0.000848397
22 -0.00743866 0.00171661 0.245098 -1.39889 0.000190738 -0.495346 0.247768 1.39699 0.00171664 0.498398 -0.19894 -0.0185016 0.000572213 0.389296 -0.249748 -0.00167288 -0.194362 0.0169757 0.000190738 0.394255 -0.249786 0.000848397
22 -0.00743866 0.00171661 0.245098 -1.39851 0.000190738 -0.495346 0.247768 1.39699 0.00171664 0.498398 -0.19894 -0.0185016 0.000572213 0.389296 -0.249748 -0.00167288 -0.194362 0.0169757 0.000190738 0.394255 -0.249786 0.000848397
22 -0.00743866 0.00171661 0.245098 -1.39851 0.000190738 -0.495346 0.247387 1.39699 0.00171664 0.498398 -0.19894 -0.0185016 0.000572213 0.389296 -0.249748 -0.00167288 -0.194362 0.0169757 0.000190738 0.394255 -0.249786 0.000848397
22 -0.00743866 0.00171661 0.244717 -1.39851 0.000190738 -0.495346 0.247387 1.39661 0.00133516 0.498398 -0.19894 -0.0185016 0.000572213 0.389296 -0.249748 -0.00167288 -0.194362 0.0169757 0.000190738 0.394255 -0.249786 0.000848397
22 -0.00743866 0.00171661 0.244717 -1.39851 0.000190738 -0.495346 0.247387 1.39661 0.00133516 0.498398 -0.19894 -0.0185016 0.000572213 0.389296 -0.249748 -0.00167288 -0.194362 0.0169757 0.000190738 0.394255 -0.249786 0.000848397
22 -0.00743866 0.00209808 0.244717 -1.39851 0.000190738 -0.495346 0.247387 1.39661 0.00133516 0.498398 -0.19894 -0.0185016 0.000572213 0.389296 -0.249748 -0.00167288 -0.194362 0.0169757 0.000190738 0.394255 -0.249786 0.000848397
22 -0.00743866 0.00171661 0.244717 -1.39851 0.000190738 -0.495346 0.247387 1.39661 0.00133516 0.498398 -0.19894 -0.0185016 0.000572213 0.389296 -0.249748 -0.00167288 -0.194362 0.0169757 0.000190738 0.394255 -0.249786 0.000848397
22 -0.00743866 0.00171661 0.244717 -1.39851 0.000190738 -0.495346 0.247387 1.39661 0.00133516 0.498398 -0.19894 -0.0185016 0.000572213 0.389296 -0.249748 -0.00167288 -0.194362 0.0169757 0.000190738 0.394255 -0.249786 0.000848397
22 -0.00743866 0.00171661 0.244717 -1.39851 0.000190738 -0.495346 0.247387 1.39661 0.00133516 0.498398 -0.19894 -0.0185016 0.000572213 0.389296 -0.249748 -0.00167288 -0.194362 0.0169757 0.000190738 0.394255 -0.249786 0.000848397
22 -0.00743866 0.00171661 0.244717 -1.39851 0.000190738 -0.495346 0.247387 1.39661 0.00133516 0.498398 -0.19894 -0.0185016 0.000572213 0.389296 -0.249748 -0.00167288 -0.194362 0.0169757 0.000190738 0.394255 -0.249786 0.000848397
22 -0.00743866 0.00171661 0.244335 -1.39851 0.000190738 -0.495346 0.247387 1.39661 0.00133516 0.498398 -0.19894 -0.0185016 0.000572213 0.389296 -0.249748 -0.00167288 -0.194362 0.0169757 0.000190738 0.394255 -0.249786 0.000848397
22 -0.00743866 0.00171661 0.244335 -1.39851 0.000190738 -0.495346 0.247387 1.39661 0.00133516 0.498398 -0.19894 -0.0185016 0.000572213 0.389296 -0.249748 -0.00167288 -0.194362 0.0169757 0.000190738 0.394255 -0.249786 0.000848397
22 -0.00743866 0.00171661 0.244335 -1.39851 0.000190738 -0.495346 0.247387 1.39661 0.00133516 0.498398 -0.19894 -0.0185016 0.000572213 0.389296 -0.249748 -0.00167288 -0.194362 0.0169757 0.000190738 0.394255 -0.249786 0.000848397
22 -0.00743866 0.00171661 0.244335 -1.39851 0.000190738 -0.495346 0.247387 1.39661 0.00133516 0.498398 -0.19894 -0.0185016 0.000572213 0.389296 -0.249748 -0.00167288 -0.194362 0.0169757 0.000190738 0.394255 -0.249786 0.000848397
22 -0.00743866 0.00171661 0.244335 -1.39851 0.000190738 -0.495346 0.247387 1.39661 0.00133516 0.498398 -0.19894 -0.0185016 0.000572213 0.389296 -0.249748 -0.00167288 -0.194362 0.0169757 0.000190738 0.394255 -0.249786 0.000848397
22 -0.00743866 0.00171661 0.244335 -1.39851 0.000190738 -0.495346 0.247387 1.39661 0.00133516 0.498398 -0.19894 -0.0185016 0.000572213 0.389296 -0.249748 -0.00167288 -0.194362 0.0169757 0.000190738 0.394255 -0.249786 0.000848397
22 -0.00743866 0.00171661 0.243954 -1.39851 0.000190738 -0.495346 0.247387 1.39661 0.00133516 0.498398 -0.19894 -0.0185016 0.000572213 0.389296 -0.249748 -0.00167288 -0.194362 0.0169757 0.000190738 0.394255 -0.249786 0.000848397
22 -0.00743866 0.00171661 0.243954 -1.39851 0.000190738 -0.495346 0.247005 1.39661 0.00133516 0.498398 -0.19894 -0.0185016 0.000572213 0.389296 -0.249748 -0.00167288 -0.194362 0.0169757 0.000190738 0.394255 -0.249786 0.000848397
22 -0.00743866 0.00171661 0.243954 -1.39851 0.000190738 -0.495346 0.247005 1.39661 0.00133516 0.498398 -0.19894 -0.0185016 0.000572213 0.389296 -0.249748 -0.00167288 -0.194362 0.0169757 0.000190738 0.394255 -0.249786 0.000848397
22 -0.00743866 0.00171661 0.243954 -1.39851 0.000190738 -0.495346 0.247005 1.39661 0.00133516 0.498398 -0.19894 -0.0185016 0.000572213 0.389296 -0.249748 -0.00167288 -0.194362 0.0169757 0.000190738 0.394255 -0.249786 0.000848397
22 -0.00743866 0.00171661 0.243572 -1.39851 0.000190738 -0.495346 0.247005 1.39661 0.00133516 0.498398 -0.19894 -0.0185016 0.000572213 0.389296 -0.249748 -0.00167288 -0.194362 0.0169757 0.000190738 0.394255 -0.249786 0.000848397
22 -0.00743866 0.00171661 0.243572 -1.39851 0.000190738 -0.495346 0.247005 1.39661 0.00133516 0.498398 -0.19894 -0.0185016 0.000572213 0.389296 -0.249748 -0.00167288 -0.194362 0.0169757 0.000190738 0.394255 -0.249786 0.000848397
22 -0.00743866 0.00171661 0.243572 -1.39851 0.000190738 -0.495346 0.247005 1.39661 0.00171664 0.498398 -0.19894 -0.0185016 0.000572213 0.389296 -0.249748 -0.00167288 -0.194362 0.0169757 0.000190738 0.394255 -0.249786 0.000848397
22 -0.00743866 0.00171661 0.243572 -1.39851 0.000190738 -0.495346 0.247005 1.39622 0.00133516 0.498398 -0.19894 -0.0185016 0.000572213 0.389296 -0.249748 -0.00167288 -0.194362 0.0169757 0.000190738 0.394255 -0.249786 0.000848397
22 -0.00743866 0.00171661 0.243191 -1.39851 0.000190738 -0.495346 0.247005 1.39622 0.00133516 0.498398 -0.19894 -0.0185016 0.000572213 0.389296 -0.249748 -0.00167288 -0.194362 0.0169757 0.000190738 0.394255 -0.249786 0.000848397
22 -0.00743866 0.00171661 0.243191 -1.39851 0.000190738 -0.495346 0.246624 1.39622 0.00133516 0.498398 -0.19894 -0.0185016 0.000572213 0.389296 -0.249748 -0.00167288 -0.194362 0.0169757 0.000190738 0.394255 -0.249786 0.000848397
22 -0.00743866 0.00171661 0.242809 -1.39851 0.000190738 -0.495346 0.246624 1.39622 0.00133516 0.498398 -0.19894 -0.0185016 0.000572213 0.389296 -0.249748 -0.00167288 -0.194362 0.0169757 0.000190738 0.394255 -0.249786 0.000848397
22 -0.00743866 0.00171661 0.242809 -1.39851 0.000190738 -0.495346 0.246624 1.39622 0.00133516 0.498398 -0.19894 -0.0185016 0.000572213 0.389296 -0.249748 -0.00167288 -0.194362 0.0169757 0.000190738 0.394255 -0.249786 0.000848397
22 -0.00743866 0.00171661 0.242809 -1.39851 0.000190738 -0.495346 0.246624 1.39622 0.00133516 0.498398 -0.19894 -0.0185016 0.000572213 0.389296 -0.249748 -0.00167288 -0.194362 0.0169757 0.000190738 0.394255 -0.249786 0.000848397
22 -0.00743866 0.00171661 0.242428 -1.39851 0.000190738 -0.495346 0.246624 1.39622 0.00133516 0.498398 -0.19894 -0.0185016 0.000572213 0.389296 -0.249748 -0.00167288 -0.194362 0.0169757 0.000190738 0.394255 -0.249786 0.000848397
22 -0.00743866 0.00171661 0.242428 -1.39851 0.000190738 -0.495346 0.246624 1.39584 0.00133516 0.498398 -0.19894 -0.0185016 0.000572213 0.389296 -0.249748 -0.00167288 -0.194362 0.0169757 0.000190738 0.394255 -0.249786 0.000848397
22 -0.00743866 0.00171661 0.242046 -1.39851 0.000190738 -0.495346 0.246624 1.39584 0.00133516 0.498398 -0.19894 -0.0185016 0.000572213 0.389296 -0.249748 -0.00167288 -0.194362 0.0169757 0.000190738 0.394255 -0.249786 0.000848397
22 -0.00743866 0.00171661 0.242046 -1.39851 0.000190738 -0.495346 0.246624 1.39584 0.00133516 0.498398 -0.19894 -0.0185016 0.000572213 0.389296 -0.249748 -0.00167288 -0.194362 0.0169757 0.000190738 0.394255 -0.249786 0.000848397
22 -0.00743866 0.00171661 0.242046 -1.39851 0.000190738 -0.495346 0.246242 1.39584 0.00133516 0.498398 -0.19894 -0.0185016 0.000572213 0.389296 -0.249748 -0.00167288 -0.194362 0.0169757 0.000190738 0.394255 -0.249786 0.000848397
22 -0.00782013 0.00171661 0.241665 -1.39851 0.000190738 -0.495346 0.246242 1.39546 0.00133516 0.498398 -0.19894 -0.0185016 0.000572213 0.389296 -0.249748 -0.00167288 -0.194362 0.0169757 0.000190738 0.394255 -0.249786 0.000848397
22 -0.00743866 0.00171661 0.241665 -1.39851 0.000190738 -0.495346 0.246242 1.39546 0.00133516 0.498398 -0.19894 -0.0185016 0.000572213 0.389296 -0.249748 -0.00167288 -0.194362 0.0169757 0.000190738 0.394255 -0.249786 0.000848397
22 -0.00743866 0.00171661 0.241283 -1.39851 0.000190738 -0.495346 0.246242 1.39508 0.00133516 0.498398 -0.19894 -0.0185016 0.000572213 0.389296 -0.249748 -0.00167288 -0.194362 0.0169757 0.000190738 0.394255 -0.249786 0.000848397
22 -0.00743866 0.00171661 0.241283 -1.39851 0.000190738 -0.495346 0.246242 1.39508 0.00133516 0.498398 -0.19894 -0.0185016 0.000572213 0.389296 -0.249748 -0.00167288 -0.194362 0.0169757 0.000190738 0.394255 -0.249786 0.000848397
22 -0.00743866 0.00171661 0.241283 -1.39851 0.000190738 -0.495346 0.245861 1.39432 0.00133516 0.498398 -0.19894 -0.0185016 0.000572213 0.389296 -0.249748 -0.00167288 -0.194362 0.0169757 0.000190738 0.394255 -0.249786 0.000848397
22 -0.00743866 0.00171661 0.240902 -1.39851 0.000190738 -0.495346 0.245861 1.39394 0.00133516 0.498398 -0.19894 -0.0185016 0.000572213 0.389296 -0.249748 -0.00167288 -0.194362 0.0169757 0.000190738 0.394255 -0.249786 0.000848397
22 -0.00743866 0.00209808 0.240902 -1.39851 0.000190738 -0.495346 0.245861 1.39355 0.00133516 0.498398 -0.19894 -0.0185016 0.000572213 0.389296 -0.249748 -0.00167288 -0.194362 0.0169757 0.000190738 0.394255 -0.249786 0.000848397
22 -0.00743866 0.00209808 0.240902 -1.39851 0.000190738 -0.495346 0.245861 1.39317 0.00133516 0.498398 -0.19894 -0.0185016 0.000572213 0.389296 -0.249748 -0.00167288 -0.194362 0.0169757 0.000190738 0.394255 -0.249786 0.000848397
22 -0.00743866 0.00171661 0.24052 -1.39813 0.000190738 -0.495346 0.24548 1.39279 0.00133516 0.498398 -0.19894 -0.0185016 0.000572213 0.389296 -0.249748 -0.00167288 -0.194362 0.0169757 0.000190738 0.394255 -0.249786 0.000848397
22 -0.00743866 0.00171661 0.240139 -1.39813 0.000190738 -0.495346 0.24548 1.39241 0.00133516 0.498398 -0.19894 -0.0185016 0.000572213 0.389296 -0.249748 -0.00167288 -0.194362 0.0169757 0.000190738 0.394255 -0.249786 0.000848397
22 -0.00743866 0.00171661 0.240139 -1.39813 0.000190738 -0.495346 0.24548 1.39241 0.00133516 0.498398 -0.19894 -0.0185016 0.000572213 0.389296 -0.249748 -0.00167288 -0.194362 0.0169757 0.000190738 0.394255 -0.249786 0.000848397
22 -0.00743866 0.00171661 0.239757 -1.39813 0.000190738 -0.495346 0.245098 1.39203 0.00133516 0.498398 -0.19894 -0.0185016 0.000572213 0.389296 -0.249748 -0.00167288 -0.194362 0.0169757 0.000190738 0.394255 -0.249951 0.00124844
22 -0.00743866 0.00171661 0.239376 -1.39813 0.000190738 -0.494965 0.245098 1.39165 0.00133516 0.498398 -0.19894 -0.0185016 0.000572213 0.389296 -0.249748 -0.00167288 -0.194362 0.0169757 0.000190738 0.394255 -0.249951 0.001248
22 -0.00743866 0.00171661 0.239376 -1.39775 0.000190738 -0.494965 0.245098 1.39165 0.00133516 0.498398 -0.19894 -0.0185016 0.000572213 0.389296 -0.249748 -0.00167288 -0.194362 0.0169757 0.000190738 0.394255 -0.249951 0.001248
22 -0.00743866 0.00171661 0.238994 -1.39775 0.000190738 -0.495346 0.244717 1.39126 0.00133516 0.498398 -0.19894 -0.0185016 0.000572213 0.389296 -0.249748 -0.00167288 -0.194362 0.0169757 0.000190738 0.394255 -0.249951 0.001248
22 -0.00743866 0.00171661 0.238613 -1.39775 0.000190738 -0.495346 0.244717 1.39088 0.00133516 0.498398 -0.19894 -0.0185016 0.000572213 0.389296 -0.249748 -0.00167288 -0.194362 0.0169757 0.000190738 0.394255 -0.249786 0.000848829
22 -0.00743866 0.00171661 0.238613 -1.39775 0.000190738 -0.495346 0.244335 1.3905 0.00133516 0.498398 -0.19894 -0.0185016 0.000572213 0.389296 -0.249748 -0.00167288 -0.194362 0.0169757 0.000190738 0.394255 -0.249786 0.000848397
22 -0.00743866 0.00171661 0.238231 -1.39737 0.000190738 -0.495346 0.244335 1.39012 0.00133516 0.498398 -0.19894 -0.0185016 0.000572213 0.389296 -0.249748 -0.00167288 -0.194362 0.0169757 0.000190738 0.394255 -0.249786 0.000848397
22 -0.00743866 0.00171661 0.23785 -1.39737 0.000190738 -0.495346 0.243954 1.38974 0.00133516 0.498398 -0.19894 -0.0185016 0.000572213 0.389296 -0.249748 -0.00167288 -0.194362 0.0169757 0.000190738 0.394255 -0.249786 0.000848397
22 -0.00743866 0.00171661 0.23785 -1.39737 0.000190738 -0.495346 0.243954 1.38936 0.00133516 0.498398 -0.19894 -0.0185016 0.000572213 0.389296 -0.249748 -0.00167288 -0.194362 0.0169757 0.000190738 0.394255 -0.249786 0.000848397
22 -0.00743866 0.00171661 0.237469 -1.39699 0.000190738 -0.495346 0.243572 1.38821 0.00133516 0.498398 -0.19894 -0.0185016 0.000572213 0.389296 -0.249748 -0.00167288 -0.194362 0.0169757 0.000190738 0.394255 -0.249786 0.000848397
22 -0.00743866 0.00171661 0.237087 -1.39699 0.000190738 -0.495346 0.243572 1.38745 0.00133516 0.498398 -0.19894 -0.0185016 0.000572213 0.389296 -0.249748 -0.00167288 -0.194362 0.0169757 0.000190738 0.394255 -0.249786 0.000848397
22 -0.00743866 0.00171661 0.236706 -1.39661 0.000190738 -0.495346 0.243191 1.38631 0.00133516 0.498398 -0.19894 -0.0185016 0.000572213 0.389296 -0.249748 -0.00167288 -0.194362 0.0169757 0.000190738 0.394255 -0.249786 0.000848397
22 -0.00782013 0.00171661 0.236324 -1.39661 0.000190738 -0.495346 0.242809 1.38592 0.00133516 0.498398 -0.19894 -0.0185016 0.000572213 0.389296 -0.249748 -0.00167288 -0.194362 0.0169757 0.000190738 0.394255 -0.249786 0.000848397
22 -0.00743866 0.00171661 0.235943 -1.39622 0.000190738 -0.495346 0.242428 1.38554 0.00133516 0.498398 -0.19894 -0.0185016 0.000572213 0.389296 -0.249748 -0.00167288 -0.194362 0.0169757 0.000190738 0.394255 -0.249786 0.000848397
22 -0.00743866 0.00171661 0.235561 -1.39622 0.000190738 -0.495346 0.242046 1.38478 0.00133516 0.498398 -0.19894 -0.0185016 0.000572213 0.389296 -0.249748 -0.00167288 -0.194362 0.0169757 0.000190738 0.394255 -0.249786 0.000848397
22 -0.00743866 0.00171661 0.23518 -1.39584 0.000190738 -0.495346 0.241665 1.38402 0.00133516 0.498398 -0.19894 -0.0185016 0.000572213 0.389296 -0.249748 -0.00167288 -0.194362 0.0169757 0.000190738 0.394255 -0.249786 0.000848397
22 -0.00743866 0.00171661 0.23518 -1.39546 0.000190738 -0.494965 0.241283 1.38364 0.00133516 0.498398 -0.19894 -0.0185016 0.000572213 0.389296 -0.249748 -0.00167288 -0.194362 0.0169757 0.000190738 0.394255 -0.249786 0.000848397
22 -0.00743866 0.00171661 0.234798 -1.39508 0.000190738 -0.494965 0.240902 1.38287 0.00133516 0.498398 -0.19894 -0.0185016 0.000572213 0.389296 -0.249748 -0.00167288 -0.194362 0.0169757 0.000190738 0.394255 -0.249786 0.000848397
22 -0.00743866 0.00171661 0.234417 -1.3947 0.000190738 -0.494965 0.24052 1.38173 0.00133516 0.498398 -0.19894 -0.0185016 0.000572213 0.389296 -0.249748 -0.00167288 -0.194362 0.0169757 0.000190738 0.394255 -0.249786 0.000848397
22 -0.00743866 0.00171661 0.234035 -1.39432 0.000190738 -0.495346 0.240139 1.38058 0.00133516 0.498398 -0.19894 -0.0185016 0.000572213 0.389296 -0.249748 -0.00167288 -0.194362 0.0169757 0.000190738 0.394255 -0.249786 0.000848397
22 -0.00743866 0.00171661 0.234035 -1.39394 0.000190738 -0.495346 0.239376 1.37944 0.00133516 0.498398 -0.19894 -0.0185016 0.000572213 0.389296 -0.249748 -0.00167288 -0.194362 0.0169757 0.000190738 0.394255 -0.249786 0.000848397
22 -0.00743866 0.00171661 0.233654 -1.39355 0.000190738 -0.495346 0.238994 1.37868 0.00133516 0.498398 -0.19894 -0.0185016 0.000572213 0.389296 -0.249748 -0.00167288 -0.194362 0.0169757 0.000190738 0.394255 -0.249786 0.000848397
22 -0.00743866 0.00171661 0.233272 -1.39317 0.000190738 -0.495346 0.238613 1.37791 0.00133516 0.498398 -0.19894 -0.0185016 0.000572213 0.389296 -0.249748 -0.00167288 -0.194362 0.0169757 0.000190738 0.394255 -0.249786 0.000848397
22 -0.00743866 0.00171661 0.232891 -1.39241 0.000190738 -0.495346 0.238231 1.37715 0.00133516 0.498398 -0.19894 -0.0185016 0.000572213 0.389296 -0.249748 -0.00167288 -0.194362 0.0169757 0.000190738 0.394255 -0.249786 0.000848397
22 -0.00743866 0.00171661 0.232509 -1.39203 0.000190738 -0.495346 0.23785 1.37562 0.00133516 0.498398 -0.19894 -0.0185016 0.000572213 0.389296 -0.249748 -0.00167288 -0.194362 0.0169757 0.000190738 0.394255 -0.249786 0.000848397
22 -0.00743866 0.00171661 0.232128 -1.39126 0.000190738 -0.495346 0.237469 1.3741 0.00133516 0.498398 -0.19894 -0.0185016 0.000572213 0.389296 -0.249748 -0.00167288 -0.194362 0.0169757 0.000190738 0.394255 -0.249786 0.000848397
22 -0.00743866 0.00171661 0.231746 -1.39088 0.000190738 -0.495346 0.237087 1.37334 0.00133516 0.498398 -0.19894 -0.0185016 0.000572213 0.389296 -0.249748 -0.00167288 -0.194362 0.0169757 0.000190738 0.394255 -0.249786 0.000848397
22 -0.00743866 0.00171661 0.231365 -1.39012 0.000190738 -0.495346 0.236706 1.37219 0.00133516 0.498398 -0.19894 -0.0185016 0.000572213 0.389296 -0.249748 -0.00167288 -0.194362 0.0169757 0.000190738 0.394255 -0.249786 0.000848397
22 -0.00743866 0.00171661 0.230983 -1.38974 0.000190738 -0.495346 0.235943 1.37105 0.00133516 0.498398 -0.19894 -0.0185016 0.000572213 0.389296 -0.249748 -0.00167288 -0.194362 0.0169757 0.000190738 0.394255 -0.249786 0.000848397
22 -0.00743866 0.00171661 0.230602 -1.38898 0.000190738 -0.495346 0.23518 1.37028 0.00133516 0.498398 -0.19894 -0.0185016 0.000572213 0.389296 -0.249748 -0.00167288 -0.194362 0.0169757 0.000190738 0.394255 -0.249786 0.000848397
22 -0.00743866 0.00171661 0.229839 -1.38821 0.000190738 -0.495346 0.234798 1.36838 0.00133516 0.498398 -0.19894 -0.0185016 0.000572213 0.389296 -0.249748 -0.00167288 -0.194362 0.0169757 0.000190738 0.394255 -0.249786 0.000848397
22 -0.00743866 0.00171661 0.229458 -1.38745 0.000190738 -0.495346 0.234035 1.36685 0.00133516 0.498398 -0.19894 -0.0185016 0.000572213 0.389296 -0.249748 -0.00167288 -0.194362 0.0169757 0.000190738 0.394255 -0.249786 0.000848397
22 -0.00743866 0.00171661 0.229076 -1.38631 0.000190738 -0.495346 0.232891 1.36609 0.00133516 0.498398 -0.19894 -0.0185016 0.000572213 0.389296 -0.249748 -0.00167288 -0.194362 0.0169757 0.000190738 0.394255 -0.249786 0.000848397
22 -0.00743866 0.00171661 0.228695 -1.38554 0.000190738 -0.495346 0.232509 1.36494 0.00133516 0.498398 -0.19894 -0.0185016 0.000572213 0.389296 -0.249748 -0.00167288 -0.194362 0.0169757 0.000190738 0.394255 -0.249786 0.000848397
22 -0.00743866 0.00171661 0.228313 -1.38478 0.000190738 -0.495346 0.231746 1.3638 0.00133516 0.498398 -0.19894 -0.0185016 0.000572213 0.389296 -0.249748 -0.00167288 -0.194362 0.0169757 0.000190738 0.394255 -0.249786 0.000848397
22 -0.00743866 0.00171661 0.22755 -1.38402 0.000190738 -0.495346 0.231365 1.36189 0.000953689 0.498398 -0.19894 -0.0185016 0.000572213 0.389296 -0.249748 -0.00167288 -0.194362 0.0169757 0.000190738 0.394255 -0.249786 0.000848397
22 -0.00743866 0.00171661 0.227169 -1.38325 0.000190738 -0.495346 0.230983 1.36075 0.000953689 0.498398 -0.19894 -0.0185016 0.000572213 0.389296 -0.249748 -0.00167288 -0.194362 0.0169757 0.000190738 0.394255 -0.249786 0.000848397
22 -0.00743866 0.00171661 0.226406 -1.38211 0.000190738 -0.495346 0.230602 1.35922 0.000953689 0.498398 -0.19894 -0.0185016 0.000572213 0.389296 -0.249748 -0.00167288 -0.194362 0.0169757 0.000190738 0.394255 -0.249786 0.000848397
22 -0.00743866 0.00171661 0.225643 -1.38135 0.000190738 -0.495346 0.229839 1.35846 0.000953689 0.498398 -0.19894 -0.0185016 0.000572213 0.389296 -0.249748 -0.00167288 -0.194362 0.0169757 0.000190738 0.394255 -0.249786 0.000848397
22 -0.00743866 0.00171661 0.225261 -1.38058 0.000190738 -0.495346 0.229076 1.35655 0.000953689 0.498398 -0.19894 -0.0185016 0.000572213 0.389296 -0.249748 -0.00167288 -0.194362 0.0169757 0.000190738 0.394255 -0.249786 0.000848397
22 -0.00743866 0.00171661 0.22488 -1.37944 0.000190738 -0.495346 0.228313 1.35464 0.000953689 0.498398 -0.19894 -0.0185016 0.000572213 0.389296 -0.249748 -0.00167288 -0.194362 0.0169757 0.000190738 0.394255 -0.249786 0.000848397
22 -0.00743866 0.00171661 0.224117 -1.37829 0.000190738 -0.495346 0.22755 1.3535 0.000953689 0.498398 -0.19894 -0.0185016 0.000572213 0.389296 -0.249748 -0.00167288 -0.194362 0.0169757 0.000190738 0.394255 -0.249786 0.000848397
22 -0.00743866 0.00171661 0.223354 -1.37753 0.000190738 -0.495346 0.226787 1.35235 0.000953689 0.498398 -0.19894 -0.0185016 0.000572213 0.389296 -0.249748 -0.00167288 -0.194362 0.0169757 0.000190738 0.394255 -0.249786 0.000848397
22 -0.00743866 0.00171661 0.222972 -1.37677 0.000190738 -0.495346 0.226024 1.35007 0.000953689 0.498398 -0.19894 -0.0185016 0.000572213 0.389296 -0.249748 -0.00167288 -0.194362 0.0169757 0.000190738 0.394255 -0.249786 0.000848397
22 -0.00743866 0.00171661 0.22221 -1.37562 0.000190738 -0.495346 0.225261 1.34854 0.000953689 0.498398 -0.19894 -0.0185016 0.000572213 0.389296 -0.249748 -0.00167288 -0.194362 0.0169757 0.000190738 0.394255 -0.249786 0.000848397
22 -0.00743866 0.00171661 0.221447 -1.37448 0.000190738 -0.495346 0.224498 1.3474 0.000572213 0.498398 -0.19894 -0.0185016 0.000572213 0.389296 -0.249748 -0.00167288 -0.194362 0.0169757 0.000190738 0.394255 -0.249786 0.000848397
22 -0.00743866 0.00171661 0.221065 -1.37295 0.000190738 -0.495346 0.224117 1.34587 0.000572213 0.498779 -0.19894 -0.0185016 0.000572213 0.389296 -0.249748 -0.00167288 -0.194362 0.0169757 0.000190738 0.394255 -0.249786 0.000848397
22 -0.00743866 0.00171661 0.220302 -1.37181 0.000190738 -0.495346 0.223354 1.34396 0.000572213 0.498779 -0.19894 -0.0185016 0.000572213 0.389296 -0.249748 -0.00167288 -0.194362 0.0169757 0.000190738 0.394255 -0.249951 0.00124844
22 -0.00743866 0.00171661 0.219539 -1.37067 0.000190738 -0.495346 0.222972 1.34205 0.000572213 0.498779 -0.19894 -0.0185016 0.000572213 0.389296 -0.249748 -0.00167288 -0.194362 0.0169757 0.000190738 0.394255 -0.249951 0.001248
22 -0.00743866 0.00171661 0.219158 -1.36952 -0.000190738 -0.495346 0.22221 1.34053 0.000572213 0.498779 -0.19894 -0.0185016 0.000572213 0.389296 -0.249748 -0.00167288 -0.194362 0.0169757 0.000190738 0.394255 -0.249786 0.000848829
22 -0.00743866 0.00171661 0.218395 -1.36838 -0.000190738 -0.495346 0.221447 1.339 0.000190738 0.498779 -0.19894 -0.0185016 0.000572213 0.389296 -0.249748 -0.00167288 -0.194362 0.0169757 0.000190738 0.394255 -0.249951 0.00124844
22 -0.00743866 0.00171661 0.217632 -1.36723 -0.000190738 -0.495346 0.220302 1.33633 0.000190738 0.498779 -0.19894 -0.0185016 0.000572213 0.389296 -0.249748 -0.00167288 -0.194362 0.0169757 0.000190738 0.394255 -0.249786 0.00084883
22 -0.00743866 0.00171661 0.216869 -1.36571 -0.000190738 -0.495346 0.219539 1.33519 0.000190738 0.498779 -0.19894 -0.0185016 0.000572213 0.389296 -0.249748 -0.00167288 -0.194362 0.0169757 0.000190738 0.394255 -0.249786 0.000848397
22 -0.00743866 0.00171661 0.216106 -1.36456 -0.000190738 -0.495346 0.218776 1.33366 -0.000190738 0.498779 -0.19894 -0.0185016 0.000572213 0.389296 -0.249748 -0.00167288 -0.194362 0.0169757 0.000190738 0.394255 -0.249786 0.000848397
22 -0.00743866 0.00171661 0.215724 -1.36342 -0.000190738 -0.495346 0.218395 1.33137 -0.000190738 0.498779 -0.19894 -0.0185016 0.000572213 0.389296 -0.249748 -0.00167288 -0.194362 0.0169757 0.000190738 0.394255 -0.249786 0.000848397
22 -0.00743866 0.00171661 0.214961 -1.36189 -0.000190738 -0.495346 0.217632 1.32947 -0.000572213 0.498779 -0.19894 -0.0185016 0.000572213 0.389296 -0.249748 -0.00167288 -0.194362 0.0169757 0.000190738 0.394255 -0.249786 0.000848397
22 -0.00743866 0.00171661 0.213817 -1.36037 -0.000190738 -0.495346 0.216869 1.32794 -0.000572213 0.498779 -0.19894 -0.0185016 0.000572213 0.389296 -0.249748 -0.00167288 -0.194362 0.0169757 0.000190738 0.394255 -0.249786 0.000848397
22 -0.00743866 0.00171661 0.213054 -1.35922 -0.000190738 -0.495346 0.216106 1.32603 -0.000953689 0.498779 -0.19894 -0.0185016 0.000572213 0.389296 -0.249748 -0.00167288 -0.194362 0.0169757 0.000190738 0.394255 -0.249786 0.000848397
22 -0.00743866 0.00171661 0.212291 -1.3577 -0.000190738 -0.495346 0.215343 1.32374 -0.00133516 0.498779 -0.19894 -0.0185016 0.000572213 0.389296 -0.249748 -0.00167288 -0.194362 0.0169757 0.000190738 0.394255 -0.249786 0.000848397
22 -0.00743866 0.00171661 0.211528 -1.35617 -0.000190738 -0.495346 0.214199 1.32222 -0.00133516 0.498779 -0.19894 -0.0185016 0.000572213 0.389296 -0.249748 -0.00167288 -0.194362 0.0169757 0.000190738 0.394255 -0.249786 0.000848397
22 -0.00743866 0.00171661 0.210765 -1.35464 -0.000190738 -0.495346 0.213436 1.32031 -0.00171664 0.498779 -0.19894 -0.0185016 0.000572213 0.389296 -0.249748 -0.00167288 -0.194362 0.0169757 0.000190738 0.394255 -0.249786 0.000848397
22 -0.00743866 0.00171661 0.210002 -1.35312 -0.000190738 -0.495346 0.212673 1.31764 -0.00209812 0.498779 -0.19894 -0.0185016 0.000572213 0.389296 -0.249748 -0.00167288 -0.194362 0.0169757 0.000190738 0.394255 -0.249786 0.000848397
22 -0.00743866 0.00171661 0.209239 -1.35159 -0.000190738 -0.495346 0.21191 1.31611 -0.00286107 0.498779 -0.19894 -0.0185016 0.000572213 0.389296 -0.249748 -0.00167288 -0.194362 0.0169757 0.000190738 0.394255 -0.249786 0.000848397
22 -0.00743866 0.00171661 0.208476 -1.35007 -0.000190738 -0.495346 0.211147 1.31421 -0.00362402 0.498779 -0.19894 -0.0185016 0.000572213 0.389296 -0.249748 -0.00167288 -0.194362 0.0169757 0.000190738 0.394255 -0.249786 0.000848397
22 -0.00743866 0.00171661 0.207332 -1.34854 -0.000190738 -0.495727 0.210384 1.31154 -0.00438697 0.498779 -0.19894 -0.0185016 0.000572213 0.389296 -0.249748 -0.00167288 -0.194362 0.0169757 0.000190738 0.394255 -0.249786 0.000848397
22 -0.00743866 0.00171661 0.206569 -1.34701 -0.000190738 -0.495727 0.209621 1.31001 -0.00476844 0.498779 -0.19894 -0.0185016 0.000572213 0.389296 -0.249748 -0.00167288 -0.194362 0.0169757 0.000190738 0.394255 -0.249786 0.000848397
22 -0.00743866 0.00171661 0.205806 -1.34549 -0.000572213 -0.495727 0.208476 1.30848 -0.0055314 0.498779 -0.19894 -0.0185016 0.000572213 0.389296 -0.249748 -0.00167288 -0.194362 0.0169757 0.000190738 0.394255 -0.249951 0.00124844
22 -0.00743866 0.00171661 0.204662 -1.34396 -0.000572213 -0.495727 0.207713 1.30543 -0.00629435 0.498779 -0.19894 -0.0185016 0.000572213 0.389296 -0.249748 -0.00167288 -0.194362 0.0169757 0.000190738 0.394255 -0.249951 0.001248
22 -0.00743866 0.00171661 0.203899 -1.34205 -0.000572213 -0.495727 0.20695 1.30391 -0.0070573 0.498779 -0.19894 -0.0185016 0.000572213 0.389296 -0.249748 -0.00167288 -0.194362 0.0169757 0.000190738 0.394255 -0.249951 0.001248
22 -0.00743866 0.00171661 0.203517 -1.34015 -0.000572213 -0.496109 0.206188 1.302 -0.00782025 0.498779 -0.19894 -0.0185016 0.000572213 0.389296 -0.249748 -0.00167288 -0.194362 0.0169757 0.000190738 0.394255 -0.249951 0.001248
22 -0.00743866 0.00171661 0.202373 -1.33862 -0.000572213 -0.496109 0.205425 1.29895 -0.0085832 0.498779 -0.19894 -0.0185016 0.000572213 0.389296 -0.249748 -0.00167288 -0.194362 0.0169757 0.000190738 0.394255 -0.249951 0.001248
22 -0.00743866 0.00171661 0.201228 -1.3371 -0.000572213 -0.496109 0.204662 1.29742 -0.00934615 0.498779 -0.19894 -0.0185016 0.000572213 0.389296 -0.249748 -0.00167288 -0.194362 0.0169757 0.000190738 0.394255 -0.249951 0.001248
22 -0.00743866 0.00171661 0.200465 -1.33481 -0.000572213 -0.496109 0.203899 1.29551 -0.0101091 0.499161 -0.19894 -0.0185016 0.000572213 0.389296 -0.249748 -0.00167288 -0.194362 0.0169757 0.000190738 0.394255 -0.249786 0.000848829
22 -0.00743866 0.00171661 0.199321 -1.33328 -0.000572213 -0.49649 0.202754 1.29246 -0.0104906 0.499161 -0.19894 -0.0185016 0.000572213 0.389296 -0.249748 -0.00167288 -0.194362 0.0169757 0.000190738 0.394255 -0.249786 0.000848397
22 -0.00743866 0.00171661 0.198177 -1.33137 -0.000572213 -0.49649 0.201991 1.29056 -0.0112535 0.499161 -0.19894 -0.0185016 0.000572213 0.389296 -0.249748 -0.00167288 -0.194362 0.0169757 0.000190738 0.394255 -0.249786 0.000848397
22 -0.00743866 0.00171661 0.197414 -1.32947 -0.000572213 -0.49649 0.200847 1.28827 -0.011635 0.499161 -0.19894 -0.0185016 0.000572213 0.389296 -0.249748 -0.00167288 -0.194362 0.0169757 0.000190738 0.394255 -0.249786 0.000848397
22 -0.00743866 0.00171661 0.196269 -1.32794 -0.000953689 -0.49649 0.200084 1.28598 -0.012398 0.499161 -0.19894 -0.0185016 0.000572213 0.389296 -0.249748 -0.00167288 -0.194362 0.0169757 0.000190738 0.394255 -0.249786 0.000848397
22 -0.00743866 0.00171661 0.195506 -1.32603 -0.000953689 -0.49649 0.199321 1.28407 -0.0127794 0.499161 -0.19894 -0.0185016 0.000572213 0.389296 -0.249748 -0.00167288 -0.194362 0.0169757 0.000190738 0.394255 -0.249786 0.000848397
22 -0.00743866 0.00171661 0.194362 -1.32413 -0.000953689 -0.496872 0.198558 1.2814 -0.0135424 0.499161 -0.19894 -0.0185016 0.000572213 0.389296 -0.249748 -0.00167288 -0.194362 0.0169757 0.000190738 0.394255 -0.249786 0.000848397
22 -0.00743866 0.00171661 0.193599 -1.32184 -0.000953689 -0.496872 0.197795 1.27911 -0.0143053 0.499161 -0.19894 -0.0185016 0.000572213 0.389296 -0.249748 -0.00167288 -0.194362 0.0169757 0.000190738 0.394255 -0.249786 0.000848397
22 -0.00743866 0.00171661 0.192073 -1.32031 -0.00133516 -0.496872 0.197032 1.27682 -0.0150683 0.499161 -0.19894 -0.0185016 0.000572213 0.389296 -0.249748 -0.00167288 -0.194362 0.0169757 0.000190738 0.394255 -0.249786 0.000848397
22 -0.00743866 0.00171661 0.19131 -1.3184 -0.00133516 -0.497253 0.195888 1.27377 -0.0158312 0.499161 -0.19894 -0.0185016 0.000572213 0.389296 -0.249748 -0.00167288 -0.194362 0.0169757 0.000190738 0.394255 -0.249786 0.000848397
22 -0.00743866 0.00209808 0.190547 -1.31611 -0.00171664 -0.497253 0.194743 1.27186 -0.0165942 0.499161 -0.19894 -0.0185016 0.000572213 0.389296 -0.249748 -0.00167288 -0.194362 0.0169757 0.000190738 0.394255 -0.249786 0.000848397
22 -0.00743866 0.00171661 0.189021 -1.31421 -0.00171664 -0.497253 0.19398 1.26957 -0.0173571 0.499161 -0.19894 -0.0185016 0.000572213 0.389296 -0.249748 -0.00167288 -0.194362 0.0169757 0.000190738 0.394255 -0.249786 0.000848397
22 -0.00743866 0.00171661 0.187877 -1.3123 -0.00171664 -0.497253 0.193599 1.2669 -0.0177386 0.499542 -0.19894 -0.0185016 0.000572213 0.389296 -0.249748 -0.00167288 -0.194362 0.0169757 0.000190738 0.394255 -0.249786 0.000848397
22 -0.00743866 0.00171661 0.186732 -1.31001 -0.00209812 -0.497635 0.192454 1.26462 -0.018883 0.499542 -0.19894 -0.0185016 0.000572213 0.389296 -0.249748 -0.00167288 -0.194362 0.0169757 0.000190738 0.394255 -0.249786 0.000848397
22 -0.00743866 0.00171661 0.185588 -1.3081 -0.00209812 -0.497635 0.191691 1.26156 -0.0200275 0.499542 -0.19894 -0.0185016 0.000572213 0.389296 -0.249748 -0.00167288 -0.194362 0.0169757 0.000190738 0.394255 -0.249786 0.000848397
22 -0.00743866 0.00171661 0.184443 -1.3062 -0.00247959 -0.497635 0.190929 1.25927 -0.0207904 0.499924 -0.19894 -0.0185016 0.000572213 0.389296 -0.249748 -0.00167288 -0.194362 0.0169757 0.000190738 0.394255 -0.249786 0.000848397
22 -0.00743866 0.00171661 0.18368 -1.30391 -0.00286107 -0.497635 0.189784 1.25699 -0.0215534 0.499924 -0.19894 -0.0185016 0.000572213 0.389296 -0.249748 -0.00167288 -0.194362 0.0169757 0.000190738 0.394255 -0.249786 0.000848397
22 -0.00743866 0.00171661 0.182155 -1.302 -0.00286107 -0.497635 0.18864 1.25432 -0.0223163 0.499924 -0.19894 -0.0185016 0.000572213 0.389296 -0.249748 -0.00167288 -0.194362 0.0169757 0.000190738 0.394255 -0.249786 0.000848397
22 -0.00743866 0.00171661 0.18101 -1.30009 -0.00324254 -0.497635 0.187877 1.25203 -0.0230793 0.500305 -0.19894 -0.0185016 0.000572213 0.389296 -0.249748 -0.00167288 -0.194362 0.0169757 0.000190738 0.394255 -0.249786 0.000848397
22 -0.00743866 0.00171661 0.179866 -1.29742 -0.00362402 -0.497635 0.187114 1.24859 -0.0234607 0.500687 -0.19894 -0.0185016 0.000572213 0.389296 -0.249748 -0.00167288 -0.194362 0.0169757 0.000190738 0.394255 -0.249786 0.000848397
22 -0.00743866 0.00171661 0.178721 -1.2959 -0.00438697 -0.497635 0.186351 1.24669 -0.0242237 0.500687 -0.19894 -0.0185016 0.000572213 0.389296 -0.249748 -0.00167288 -0.194362 0.0169757 0.000190738 0.394255 -0.249786 0.000848397
22 -0.00743866 0.00171661 0.177577 -1.29361 -0.00476844 -0.497635 0.185588 1.24325 -0.0249866 0.501068 -0.19894 -0.0185016 0.000572213 0.389296 -0.249748 -0.00167288 -0.194362 0.0169757 0.000190738 0.394255 -0.249786 0.000848397
22 -0.00743866 0.00171661 0.176051 -1.29132 -0.00514992 -0.497635 0.184443 1.24096 -0.0257496 0.501068 -0.19894 -0.0185016 0.000572213 0.389296 -0.249748 -0.00167288 -0.194362 0.0169757 0.000190738 0.394255 -0.249786 0.000848397
22 -0.00743866 0.00171661 0.174907 -1.28941 -0.0055314 -0.497635 0.183299 1.23829 -0.0265126 0.50145 -0.19894 -0.0185016 0.000572213 0.389296 -0.249748 -0.00167288 -0.194362 0.0169757 0.000190738 0.394255 -0.249786 0.000848397
22 -0.00743866 0.00171661 0.173381 -1.28712 -0.00591287 -0.497635 0.182155 1.23562 -0.0272755 0.50145 -0.19894 -0.0185016 0.000572213 0.389296 -0.249748 -0.00167288 -0.194362 0.0169757 0.000190738 0.394255 -0.249786 0.000848397
22 -0.00743866 0.00171661 0.172236 -1.28483 -0.00629435 -0.497635 0.181392 1.23295 -0.0284199 0.501831 -0.19894 -0.0185016 0.000572213 0.389296 -0.249748 -0.00167288 -0.194362 0.0169757 0.000190738 0.394255 -0.249786 0.000848397
22 -0.00743866 0.00171661 0.171092 -1.28293 -0.00667582 -0.497635 0.180629 1.2299 -0.0291829 0.502213 -0.19894 -0.0185016 0.000572213 0.389296 -0.249748 -0.00167288 -0.194362 0.0169757 0.000190738 0.394255 -0.249786 0.000848397
22 -0.00743866 0.00171661 0.169947 -1.28064 -0.00743877 -0.497635 0.179484 1.22761 -0.0299458 0.502213 -0.19894 -0.0185016 0.000572213 0.389296 -0.249748 -0.00167288 -0.194362 0.0169757 0.000190738 0.394255 -0.249786 0.000848397
22 -0.00743866 0.00171661 0.168803 -1.27835 -0.00782025 -0.497635 0.178721 1.22418 -0.0307088 0.502594 -0.19894 -0.0185016 0.000572213 0.389296 -0.249748 -0.00167288 -0.194362 0.0169757 0.000190738 0.394255 -0.249786 0.000848397
22 -0.00743866 0.00171661 0.167277 -1.27606 -0.00820172 -0.497635 0.177577 1.22189 -0.0318532 0.502976 -0.19894 -0.0185016 0.000572213 0.389296 -0.249748 -0.00167288 -0.194362 0.0169757 0.000190738 0.394255 -0.249786 0.000848397
22 -0.00743866 0.00171661 0.166133 -1.27377 -0.0085832 -0.497635 0.176432 1.21846 -0.0326162 0.503357 -0.19894 -0.0185016 0.000572213 0.389296 -0.249748 -0.00167288 -0.194362 0.0169757 0.000190738 0.394255 -0.249951 0.00124844
22 -0.00743866 0.00171661 0.164988 -1.27148 -0.00934615 -0.497635 0.175288 1.21617 -0.0333791 0.503738 -0.19894 -0.0185016 0.000572213 0.389296 -0.249748 -0.00167288 -0.194362 0.0169757 0.000190738 0.394255 -0.249786 0.00084883
22 -0.00743866 0.00171661 0.163462 -1.26919 -0.0101091 -0.497635 0.174525 1.21273 -0.0345235 0.50412 -0.19894 -0.0185016 0.000572213 0.389296 -0.249748 -0.00167288 -0.194362 0.0169757 0.000190738 0.394255 -0.249786 0.000848397
22 -0.00743866 0.00171661 0.161936 -1.26652 -0.0108721 -0.497635 0.173381 1.21006 -0.035668 0.504501 -0.19894 -0.0185016 0.000572213 0.389296 -0.249748 -0.00167288 -0.194362 0.0169757 0.000190738 0.394255 -0.249786 0.000848397
22 -0.00743866 0.00171661 0.160792 -1.26423 -0.0112535 -0.497635 0.172236 1.20739 -0.0360494 0.504883 -0.19894 -0.0185016 0.000572213 0.389296 -0.249748 -0.00167288 -0.194362 0.0169757 0.000190738 0.394255 -0.249786 0.000848397
22 -0.00743866 0.00171661 0.159266 -1.26194 -0.0120165 -0.497635 0.171092 1.20434 -0.0368124 0.505264 -0.19894 -0.0185016 0.000572213 0.389296 -0.249748 -0.00167288 -0.194362 0.0169757 0.000190738 0.394255 -0.249786 0.000848397
22 -0.00743866 0.00171661 0.158122 -1.25966 -0.012398 -0.497635 0.169947 1.20167 -0.0375753 0.506027 -0.19894 -0.0185016 0.000572213 0.389296 -0.249748 -0.00167288 -0.194362 0.0169757 0.000190738 0.394255 -0.249786 0.000848397
22 -0.00743866 0.00171661 0.156596 -1.25737 -0.0127794 -0.497635 0.169184 1.19824 -0.0383383 0.507172 -0.19894 -0.0185016 0.000572213 0.389296 -0.249748 -0.00167288 -0.194362 0.0169757 0.000190738 0.394255 -0.249786 0.000848397
22 -0.00743866 0.00171661 0.15507 -1.2547 -0.0135424 -0.497635 0.16804 1.19595 -0.0391012 0.507935 -0.19894 -0.0185016 0.000572213 0.389296 -0.249748 -0.00167288 -0.194362 0.0169757 0.000190738 0.394255 -0.249786 0.000848397
22 -0.00743866 0.00171661 0.153925 -1.25241 -0.0139239 -0.497635 0.167277 1.19213 -0.0402457 0.508698 -0.19894 -0.0185016 0.000572213 0.389296 -0.249748 -0.00167288 -0.194362 0.0169757 0.000190738 0.394255 -0.249786 0.000848397
22 -0.00743866 0.00209808 0.152781 -1.25012 -0.0143053 -0.497635 0.166133 1.18985 -0.0413901 0.509079 -0.19894 -0.0185016 0.000572213 0.389296 -0.249748 -0.00167288 -0.194362 0.0169757 0.000190738 0.394255 -0.249786 0.000848397
22 -0.00743866 0.00171661 0.150874 -1.24707 -0.0150683 -0.497635 0.164607 1.18641 -0.042153 0.509842 -0.19894 -0.0185016 0.000572213 0.389296 -0.249748 -0.00167288 -0.194362 0.0169757 0.000190738 0.394255 -0.249786 0.000848397
22 -0.00743866 0.00171661 0.149729 -1.24478 -0.0154498 -0.497635 0.163462 1.18412 -0.042916 0.510224 -0.19894 -0.0185016 0.000572213 0.389296 -0.249748 -0.00167288 -0.194362 0.0169757 0.000190738 0.394255 -0.249786 0.000848397
22 -0.00743866 0.00171661 0.148203 -1.24249 -0.0162127 -0.497635 0.162699 1.18031 -0.0440604 0.510987 -0.19894 -0.0185016 0.000572213 0.389296 -0.249748 -0.00167288 -0.194362 0.0169757 0.000190738 0.394255 -0.249786 0.000848397
22 -0.00743866 0.00171661 0.146677 -1.23982 -0.0173571 -0.497635 0.161555 1.17802 -0.0452049 0.511368 -0.19894 -0.0185016 0.000572213 0.389296 -0.249748 -0.00167288 -0.194362 0.0169757 0.000190738 0.394255 -0.249786 0.000848397
22 -0.00743866 0.00171661 0.145151 -1.23753 -0.0177386 -0.497635 0.16041 1.17421 -0.0459678 0.511749 -0.19894 -0.0185016 0.000572213 0.389296 -0.249748 -0.00167288 -0.194362 0.0169757 0.000190738 0.394255 -0.249786 0.000848397
22 -0.00743866 0.00171661 0.143626 -1.23448 -0.0185016 -0.497635 0.159266 1.17192 -0.0471122 0.512512 -0.19894 -0.0185016 0.000572213 0.389296 -0.249748 -0.00167288 -0.194362 0.0169757 0.000190738 0.394255 -0.249786 0.000848397
22 -0.00743866 0.00171661 0.1421 -1.23219 -0.018883 -0.497635 0.15774 1.1681 -0.0482567 0.513275 -0.19894 -0.0185016 0.000572213 0.389296 -0.249748 -0.00167288 -0.194362 0.0169757 0.000190738 0.394255 -0.249786 0.000848397
22 -0.00743866 0.00171661 0.140955 -1.22914 -0.019646 -0.497635 0.156596 1.16581 -0.0486381 0.514038 -0.19894 -0.0185016 0.000572213 0.389296 -0.249748 -0.00167288 -0.194362 0.0169757 0.000190738 0.394255 -0.249786 0.000848397
22 -0.00743866 0.00171661 0.139048 -1.22685 -0.0204089 -0.497635 0.155833 1.162 -0.0497826 0.514801 -0.19894 -0.0185016 0.000572213 0.389296 -0.249748 -0.00167288 -0.194362 0.0169757 0.000190738 0.394255 -0.249786 0.000848397
22 -0.00743866 0.00171661 0.137903 -1.22456 -0.0211719 -0.497635 0.15507 1.15933 -0.0505455 0.515183 -0.19894 -0.0185016 0.000572213 0.389296 -0.249748 -0.00167288 -0.194362 0.0169757 0.000190738 0.394255 -0.249786 0.000848397
22 -0.00743866 0.00171661 0.136378 -1.22189 -0.0219348 -0.497635 0.153925 1.15589 -0.0513085 0.515946 -0.19894 -0.0185016 0.000572213 0.389296 -0.249748 -0.00167288 -0.194362 0.0169757 0.000190738 0.394255 -0.249786 0.000848397
22 -0.00743866 0.00171661 0.134852 -1.21922 -0.0226978 -0.497635 0.152781 1.15322 -0.0520714 0.516327 -0.19894 -0.0185016 0.000572213 0.389296 -0.249748 -0.00167288 -0.194362 0.0169757 0.000190738 0.394255 -0.249786 0.000848397
22 -0.00743866 0.00171661 0.133326 -1.21655 -0.0234607 -0.497635 0.151255 1.14979 -0.0532158 0.51709 -0.19894 -0.0185016 0.000572213 0.389296 -0.249748 -0.00167288 -0.194362 0.0169757 0.000190738 0.394255 -0.249786 0.000848397
22 -0.00743866 0.00171661 0.1318 -1.21388 -0.0242237 -0.497635 0.150492 1.14712 -0.0543603 0.517472 -0.19894 -0.0185016 0.000572213 0.389296 -0.249748 -0.00167288 -0.194362 0.0169757 0.000190738 0.394255 -0.249786 0.000848397
22 -0.00743866 0.00171661 0.129892 -1.21121 -0.0249866 -0.497635 0.149348 1.14331 -0.0551232 0.518235 -0.19894 -0.0185016 0.000572213 0.389296 -0.249748 -0.00167288 -0.194362 0.0169757 0.000190738 0.394255 -0.249786 0.000848397
22 -0.00743866 0.00171661 0.128748 -1.20892 -0.0257496 -0.497635 0.148203 1.14064 -0.0562676 0.519379 -0.19894 -0.0185016 0.000572213 0.389296 -0.249748 -0.00167288 -0.194362 0.0169757 0.000190738 0.394255 -0.249786 0.000848397
22 -0.00743866 0.00171661 0.126841 -1.20625 -0.0265126 -0.497635 0.14744 1.13682 -0.0574121 0.520523 -0.19894 -0.0185016 0.000572213 0.389296 -0.249748 -0.00167288 -0.194362 0.0169757 0.000190738 0.394255 -0.249786 0.000848397
22 -0.00743866 0.00171661 0.125315 -1.20358 -0.0272755 -0.497635 0.145914 1.13453 -0.058175 0.521286 -0.19894 -0.0185016 0.000572213 0.389296 -0.249748 -0.00167288 -0.194362 0.0169757 0.000190738 0.394255 -0.249786 0.000848397
22 -0.00743866 0.00171661 0.123789 -1.20091 -0.027657 -0.497635 0.14477 1.13072 -0.0593194 0.521668 -0.19894 -0.0185016 0.000572213 0.389296 -0.249748 -0.00167288 -0.194362 0.0169757 0.000190738 0.394255 -0.249786 0.000848397
22 -0.00743866 0.00171661 0.122263 -1.19786 -0.0288014 -0.497635 0.144007 1.12805 -0.0600824 0.522431 -0.19894 -0.0185016 0.000572213 0.389296 -0.249748 -0.00167288 -0.194362 0.0169757 0.000190738 0.394255 -0.249786 0.000848397
22 -0.00743866 0.00171661 0.120356 -1.19557 -0.0295644 -0.497635 0.143244 1.12423 -0.0608453 0.523194 -0.19894 -0.0185016 0.000572213 0.389296 -0.249748 -0.00167288 -0.194362 0.0169757 0.000190738 0.394255 -0.249786 0.000848397
22 -0.00743866 0.00171661 0.11883 -1.1929 -0.0303273 -0.497635 0.1421 1.12156 -0.0616083 0.523575 -0.19894 -0.0185016 0.000572213 0.389296 -0.249748 -0.00167288 -0.194362 0.0169757 0.000190738 0.394255 -0.249786 0.000848397
22 -0.00743866 0.00171661 0.117304 -1.19023 -0.0310903 -0.497635 0.141337 1.11775 -0.0627527 0.524338 -0.19894 -0.0185016 0.000572213 0.389296 -0.249748 -0.00167288 -0.194362 0.0169757 0.000190738 0.394255 -0.249786 0.000848397
22 -0.00743866 0.00171661 0.116159 -1.18756 -0.0318532 -0.497635 0.139811 1.11508 -0.0635157 0.52472 -0.19894 -0.0185016 0.000572213 0.389296 -0.249748 -0.00167288 -0.194362 0.0169757 0.000190738 0.394255 -0.249951 0.00124844
22 -0.00743866 0.00171661 0.11387 -1.18451 -0.0326162 -0.497635 0.138666 1.11126 -0.0642786 0.525483 -0.19894 -0.0185016 0.000572213 0.389296 -0.249748 -0.00167288 -0.194362 0.0169757 0.000190738 0.394255 -0.249786 0.00084883
22 -0.00743866 0.00171661 0.112345 -1.18183 -0.0333791 -0.497635 0.137522 1.10859 -0.0654231 0.526627 -0.19894 -0.0185016 0.000572213 0.389296 -0.249748 -0.00167288 -0.194362 0.0169757 0.000190738 0.394255 -0.249786 0.000848397
22 -0.00743866 0.00171661 0.110819 -1.17878 -0.0341421 -0.497635 0.136759 1.10478 -0.0665675 0.52739 -0.19894 -0.0185016 0.000572213 0.389296 -0.249748 -0.00167288 -0.194362 0.0169757 0.000190738 0.394255 -0.249786 0.000848397
22 -0.00743866 0.00171661 0.109293 -1.17649 -0.0352865 -0.497635 0.135615 1.10172 -0.0673304 0.527771 -0.19894 -0.0185016 0.000572213 0.389296 -0.249748 -0.00167288 -0.194362 0.0169757 0.000190738 0.394255 -0.249786 0.000848397
22 -0.00743866 0.00171661 0.107385 -1.17344 -0.0360494 -0.497635 0.13447 1.09829 -0.0680934 0.528534 -0.19894 -0.0185016 0.000572213 0.389296 -0.249748 -0.00167288 -0.194362 0.0169757 0.000190738 0.394255 -0.249786 0.000848397
22 -0.00743866 0.00171661 0.105478 -1.17077 -0.0368124 -0.497635 0.133326 1.09486 -0.0692378 0.529297 -0.19894 -0.0185016 0.000572213 0.389296 -0.249748 -0.00167288 -0.194362 0.0169757 0.000190738 0.394255 -0.249786 0.000848397
22 -0.00743866 0.00171661 0.103952 -1.16772 -0.0375753 -0.497635 0.132181 1.09143 -0.0703822 0.53006 -0.19894 -0.0185016 0.000572213 0.389296 -0.249748 -0.00167288 -0.194362 0.0169757 0.000190738 0.394255 -0.249786 0.000848397
22 -0.00743866 0.00171661 0.102426 -1.16505 -0.0383383 -0.497635 0.131418 1.08761 -0.0715267 0.530442 -0.19894 -0.0185016 0.000572213 0.389296 -0.249748 -0.00167288 -0.194362 0.0169757 0.000190738 0.394255 -0.249786 0.000848397
22 -0.00743866 0.00171661 0.100519 -1.16238 -0.0391012 -0.497635 0.130274 1.08494 -0.0726711 0.531205 -0.19894 -0.0185016 0.000572213 0.389296 -0.249748 -0.00167288 -0.194362 0.0169757 0.000190738 0.394255 -0.249786 0.000848397
22 -0.00743866 0.00171661 0.0989929 -1.15933 -0.0394827 -0.497635 0.129511 1.08113 -0.073434 0.532349 -0.19894 -0.0185016 0.000572213 0.389296 -0.249748 -0.00167288 -0.194362 0.0169757 0.000190738 0.394255 -0.249786 0.000848397
22 -0.00743866 0.00171661 0.0970855 -1.15628 -0.0402457 -0.497635 0.128367 1.07845 -0.074197 0.533112 -0.19894 -0.0185016 0.000572213 0.389296 -0.249748 -0.00167288 -0.194362 0.0169757 0.000190738 0.394255 -0.249786 0.000848397
22 -0.00743866 0.00171661 0.0955596 -1.15322 -0.0413901 -0.497635 0.126841 1.07426 -0.0749599 0.533875 -0.19894 -0.0185016 0.000572213 0.389296 -0.249748 -0.00167288 -0.194362 0.0169757 0.000190738 0.394255 -0.249786 0.000848397
22 -0.00743866 0.00171661 0.0936522 -1.15055 -0.042153 -0.497635 0.125696 1.07159 -0.0761044 0.534638 -0.19894 -0.0185016 0.000572213 0.389296 -0.249748 -0.00167288 -0.194362 0.0169757 0.000190738 0.394255 -0.249786 0.000848397
22 -0.00743866 0.00171661 0.0917449 -1.14712 -0.042916 -0.497635 0.124933 1.06777 -0.0768673 0.535401 -0.19894 -0.0185016 0.000572213 0.389296 -0.249748 -0.00167288 -0.194362 0.0169757 0.000190738 0.394255 -0.249786 0.000848397
22 -0.00782013 0.00171661 0.090219 -1.14445 -0.043679 -0.497635 0.123789 1.0651 -0.0780118 0.536164 -0.19894 -0.0185016 0.000572213 0.389296 -0.249748 -0.00167288 -0.194362 0.0169757 0.000190738 0.394255 -0.249786 0.000848397
22 -0.00743866 0.00171661 0.0883116 -1.1414 -0.0444419 -0.497635 0.123026 1.06129 -0.0791562 0.536545 -0.19894 -0.0185016 0.000572213 0.389296 -0.249748 -0.00167288 -0.194362 0.0169757 0.000190738 0.394255 -0.249786 0.000848397
22 -0.00743866 0.00171661 0.0864042 -1.13873 -0.0452049 -0.497635 0.1215 1.05786 -0.0799191 0.537308 -0.19894 -0.0185016 0.000572213 0.389296 -0.249748 -0.00167288 -0.194362 0.0169757 0.000190738 0.394255 -0.249786 0.000848397
22 -0.00743866 0.00171661 0.0848783 -1.13529 -0.0459678 -0.497635 0.120356 1.05442 -0.0810636 0.538071 -0.19894 -0.0185016 0.000572213 0.389296 -0.249748 -0.00167288 -0.194362 0.0169757 0.000190738 0.394255 -0.249786 0.000848397
22 -0.00743866 0.00171661 0.0833524 -1.13262 -0.0467308 -0.497635 0.119211 1.05061 -0.082208 0.538834 -0.19894 -0.0185016 0.000572213 0.389296 -0.249748 -0.00167288 -0.194362 0.0169757 0.000190738 0.394255 -0.249786 0.000848397
22 -0.00743866 0.00171661 0.081445 -1.12919 -0.0478752 -0.497635 0.118448 1.04756 -0.0833524 0.539597 -0.19894 -0.0185016 0.000572213 0.389296 -0.249748 -0.00167288 -0.194362 0.0169757 0.000190738 0.394255 -0.249786 0.000848397
22 -0.00743866 0.00209808 0.0795377 -1.12652 -0.0486381 -0.497635 0.117304 1.04374 -0.0844968 0.54036 -0.19894 -0.0185016 0.000572213 0.389296 -0.249748 -0.00167288 -0.194362 0.0169757 0.000190738 0.394255 -0.249786 0.000848397
22 -0.00743866 0.00171661 0.0780118 -1.12309 -0.0494011 -0.497635 0.116541 1.04069 -0.0856413 0.540742 -0.19894 -0.0185016 0.000572213 0.389296 -0.249748 -0.00167288 -0.194362 0.0169757 0.000190738 0.394255 -0.249786 0.000848397
22 -0.00743866 0.00171661 0.0761044 -1.12042 -0.0497826 -0.497635 0.115015 1.03687 -0.0864042 0.541505 -0.19894 -0.0185016 0.000572213 0.389296 -0.249748 -0.00167288 -0.194362 0.0169757 0.000190738 0.394255 -0.249786 0.000848397
22 -0.00743866 0.00171661 0.074197 -1.11698 -0.0505455 -0.497635 0.11387 1.03382 -0.0875486 0.542268 -0.19894 -0.0185016 0.000572213 0.389296 -0.249748 -0.00167288 -0.194362 0.0169757 0.000190738 0.394255 -0.249786 0.000848397
22 -0.00743866 0.00171661 0.0726711 -1.11431 -0.0513085 -0.497635 0.112726 1.03001 -0.0886931 0.54303 -0.19894 -0.0185016 0.000572213 0.389296 -0.249748 -0.00167288 -0.194362 0.0169757 0.000190738 0.394255 -0.249786 0.000848397
22 -0.00743866 0.00171661 0.0707637 -1.11088 -0.0520714 -0.497635 0.111963 1.02657 -0.0898375 0.543793 -0.19894 -0.0185016 0.000572213 0.389296 -0.249748 -0.00167288 -0.194362 0.0169757 0.000190738 0.394255 -0.249786 0.000848397
22 -0.00743866 0.00171661 0.0688563 -1.10783 -0.0524529 -0.497635 0.110819 1.02314 -0.0909819 0.544938 -0.19894 -0.0185016 0.000572213 0.389296 -0.249748 -0.00167288 -0.194362 0.0169757 0.000190738 0.394255 -0.249786 0.000848397
22 -0.00743866 0.00171661 0.066949 -1.1044 -0.0532158 -0.497635 0.109674 1.01933 -0.0921263 0.545701 -0.19894 -0.0185016 0.000572213 0.389296 -0.249748 -0.00167288 -0.194362 0.0169757 0.000190738 0.394255 -0.249786 0.000848397
22 -0.00743866 0.00171661 0.0654231 -1.10172 -0.0543603 -0.497635 0.10853 1.01627 -0.0932708 0.546464 -0.19894 -0.0185016 0.000572213 0.389296 -0.249748 -0.00167288 -0.194362 0.0169757 0.000190738 0.394255 -0.249786 0.000848397
22 -0.00743866 0.00171661 0.0635157 -1.09829 -0.0551232 -0.497635 0.107385 1.01208 -0.0944152 0.547227 -0.19894 -0.0185016 0.000572213 0.389296 -0.249748 -0.00167288 -0.194362 0.0169757 0.000190738 0.394255 -0.249786 0.000848397
22 -0.00743866 0.00171661 0.0616083 -1.09524 -0.0555047 -0.497635 0.106622 1.00941 -0.0955596 0.547608 -0.19894 -0.0185016 0.000572213 0.389296 -0.249748 -0.00167288 -0.194362 0.0169757 0.000190738 0.394255 -0.249786 0.000848397
22 -0.00743866 0.00171661 0.0597009 -1.09181 -0.0562676 -0.497635 0.105859 1.00559 -0.0967041 0.548371 -0.19894 -0.0185016 0.000572213 0.389296 -0.249748 -0.00167288 -0.194362 0.0169757 0.000190738 0.394255 -0.249786 0.000848397
22 -0.00743866 0.00171661 0.0577935 -1.08914 -0.0570306 -0.497635 0.104715 1.00254 -0.0978485 0.548753 -0.19894 -0.0185016 0.000572213 0.389296 -0.249748 -0.00167288 -0.194362 0.0169757 0.000190738 0.394255 -0.249786 0.000848397
22 -0.00743866 0.00171661 0.0558862 -1.0857 -0.0577935 -0.497635 0.103571 0.998727 -0.0989929 0.549516 -0.19894 -0.0185016 0.000572213 0.389296 -0.249748 -0.00167288 -0.194362 0.0169757 0.000190738 0.394255 -0.249786 0.000848397
22 -0.00743866 0.00171661 0.0539788 -1.08265 -0.0585565 -0.497635 0.102045 0.995293 -0.0997559 0.55066 -0.19894 -0.0185016 0.000572213 0.389296 -0.249748 -0.00167288 -0.194362 0.0169757 0.000190738 0.394255 -0.249786 0.000848397
22 -0.00743866 0.00171661 0.0520714 -1.07922 -0.0597009 -0.497635 0.1009 0.991479 -0.1009 0.551423 -0.19894 -0.0185016 0.000572213 0.389296 -0.249748 -0.00167288 -0.194362 0.0169757 0.000190738 0.394255 -0.249786 0.000848397
22 -0.00743866 0.00171661 0.0505455 -1.07617 -0.0604639 -0.497635 0.100137 0.987664 -0.102045 0.552186 -0.19894 -0.0185016 0.000572213 0.389296 -0.249748 -0.00167288 -0.194362 0.0169757 0.000190738 0.394255 -0.249786 0.000848397
22 -0.00743866 0.00171661 0.0482567 -1.07273 -0.0612268 -0.497635 0.0989929 0.984612 -0.103571 0.552567 -0.19894 -0.0185016 0.000572213 0.389296 -0.249748 -0.00167288 -0.194362 0.0169757 0.000190738 0.394255 -0.249786 0.000848397
22 -0.00743866 0.00171661 0.0467308 -1.06968 -0.0619898 -0.497635 0.09823 0.980797 -0.104715 0.55333 -0.19894 -0.0185016 0.000572213 0.389296 -0.249748 -0.00167288 -0.194362 0.0169757 0.000190738 0.394255 -0.249786 0.000848397
22 -0.00743866 0.00171661 0.0448234 -1.06625 -0.0627527 -0.497635 0.0967041 0.977745 -0.105859 0.554093 -0.19894 -0.0185016 0.000572213 0.389296 -0.249748 -0.00167288 -0.194362 0.0169757 0.000190738 0.394255 -0.249786 0.000848397
22 -0.00743866 0.00171661 0.0425345 -1.06358 -0.0635157 -0.497635 0.0951781 0.973931 -0.107004 0.554475 -0.19894 -0.0185016 0.000572213 0.389296 -0.249748 -0.00167288 -0.194362 0.0169757 0.000190738 0.394255 -0.249786 0.000848397
22 -0.00743866 0.00171661 0.0410086 -1.05976 -0.0638972 -0.497635 0.0944152 0.970497 -0.108148 0.555238 -0.19894 -0.0185016 0.000572213 0.389296 -0.249748 -0.00167288 -0.194362 0.0169757 0.000190738 0.394255 -0.249786 0.000848397
22 -0.00743866 0.00171661 0.0387198 -1.05671 -0.0646601 -0.497635 0.0936522 0.966683 -0.109674 0.556001 -0.19894 -0.0185016 0.000572213 0.389296 -0.249748 -0.00167288 -0.194362 0.0169757 0.000190738 0.394255 -0.249786 0.000848397
22 -0.00743866 0.00171661 0.0368124 -1.05328 -0.0654231 -0.497635 0.0925078 0.962868 -0.110819 0.557145 -0.19894 -0.0185016 0.000572213 0.389296 -0.249748 -0.00167288 -0.194362 0.0169757 0.000190738 0.394255 -0.249786 0.000848397
22 -0.00743866 0.00171661 0.034905 -1.04984 -0.066186 -0.497635 0.0913634 0.959816 -0.111582 0.558289 -0.19894 -0.0185016 0.000572213 0.389296 -0.249748 -0.00167288 -0.194362 0.0169757 0.000190738 0.394255 -0.249786 0.000848397
22 -0.00743866 0.00171661 0.0329976 -1.04679 -0.066949 -0.497635 0.090219 0.95562 -0.112726 0.559052 -0.19894 -0.0185016 0.000572213 0.389296 -0.249748 -0.00167288 -0.194362 0.0169757 0.000190738 0.394255 -0.249786 0.000848397
22 -0.00743866 0.00171661 0.0310903 -1.04336 -0.0677119 -0.497635 0.0890745 0.952568 -0.11387 0.559434 -0.19894 -0.0185016 0.000572213 0.389296 -0.249748 -0.00167288 -0.194362 0.0169757 0.000190738 0.394255 -0.249786 0.000848397
22 -0.00743866 0.00171661 0.0291829 -1.03954 -0.0684749 -0.497635 0.0879301 0.948753 -0.115015 0.560197 -0.19894 -0.0185016 0.000572213 0.389296 -0.249748 -0.00167288 -0.194362 0.0169757 0.000190738 0.394255 -0.249786 0.000848397
22 -0.00743866 0.00171661 0.0272755 -1.03611 -0.0692378 -0.497635 0.0871672 0.94532 -0.116159 0.560578 -0.19894 -0.0185016 0.000572213 0.389296 -0.249748 -0.00167288 -0.194362 0.0169757 0.000190738 0.394255 -0.249786 0.000848397
22 -0.00743866 0.00171661 0.0253681 -1.03268 -0.0700008 -0.497635 0.0860227 0.941505 -0.117304 0.561341 -0.19894 -0.0185016 0.000572213 0.389296 -0.249748 -0.00167288 -0.194362 0.0169757 0.000190738 0.394255 -0.249786 0.000848397
22 -0.00743866 0.00171661 0.0230793 -1.02924 -0.0707637 -0.497635 0.0852598 0.937309 -0.118448 0.561723 -0.19894 -0.0185016 0.000572213 0.389296 -0.249748 -0.00167288 -0.194362 0.0169757 0.000190738 0.394255 -0.249786 0.000848397
22 -0.00743866 0.00171661 0.0215534 -1.02619 -0.0715267 -0.497635 0.0837339 0.934639 -0.119974 0.562486 -0.19894 -0.0185016 0.000572213 0.389296 -0.249748 -0.00167288 -0.194362 0.0169757 0.000190738 0.394255 -0.249786 0.000848397
22 -0.00743866 0.00171661 0.019646 -1.02238 -0.0722896 -0.497635 0.082208 0.930442 -0.121118 0.56363 -0.19894 -0.0185016 0.000572213 0.389296 -0.249748 -0.00167288 -0.194362 0.0169757 0.000190738 0.394255 -0.249786 0.000848397
22 -0.00743866 0.00171661 0.0173571 -1.01933 -0.0730526 -0.497635 0.081445 0.926628 -0.122263 0.564393 -0.19894 -0.0185016 0.000572213 0.389296 -0.249748 -0.00167288 -0.194362 0.0169757 0.000190738 0.394255 -0.249786 0.000848397
22 -0.00743866 0.00171661 0.0154498 -1.01551 -0.0738155 -0.497635 0.0806821 0.923194 -0.123407 0.564775 -0.19894 -0.0185016 0.000572213 0.389296 -0.249748 -0.00167288 -0.194362 0.0169757 0.000190738 0.394255 -0.249786 0.000848397
22 -0.00743866 0.00171661 0.0135424 -1.01246 -0.0745785 -0.497635 0.0795377 0.918998 -0.12417 0.565538 -0.19894 -0.0185016 0.000572213 0.389296 -0.249748 -0.00167288 -0.194362 0.0169757 0.000190738 0.394255 -0.249786 0.000848397
22 -0.00743866 0.00171661 0.0112535 -1.00864 -0.0753414 -0.497635 0.0787747 0.915946 -0.125315 0.565919 -0.19894 -0.0185016 0.000572213 0.389296 -0.249748 -0.00167288 -0.194362 0.0169757 0.000190738 0.394255 -0.249786 0.000848397
22 -0.00743866 0.00171661 0.00972763 -1.00521 -0.0761044 -0.497635 0.0772488 0.912132 -0.126459 0.566682 -0.19894 -0.0185016 0.000572213 0.389296 -0.249748 -0.00167288 -0.194362 0.0169757 0.000190738 0.394255 -0.249786 0.000848397
22 -0.00743866 0.00171661 0.00743877 -1.00178 -0.0768673 -0.497635 0.0761044 0.908698 -0.127985 0.567445 -0.19894 -0.0185016 0.000572213 0.389296 -0.249748 -0.00167288 -0.194362 0.0169757 0.000190738 0.394255 -0.249786 0.000848397
22 -0.00743866 0.00171661 0.00514992 -0.997964 -0.0772488 -0.497635 0.0753414 0.904884 -0.129129 0.567826 -0.19894 -0.0185016 0.000572213 0.389296 -0.249748 -0.00167288 -0.194362 0.0169757 0.000190738 0.394255 -0.249786 0.000848397
22 -0.00743866 0.00209808 0.00362402 -0.994912 -0.0783932 -0.497635 0.074197 0.900687 -0.130274 0.568589 -0.19894 -0.0185016 0.000572213 0.389296 -0.249748 -0.00167288 -0.194362 0.0169757 0.000190738 0.394255 -0.249786 0.000848397
22 -0.00743866 0.00171661 0.00133516 -0.991097 -0.0795377 -0.497635 0.073434 0.897636 -0.131418 0.569734 -0.19894 -0.0185016 0.000572213 0.389296 -0.249748 -0.00167288 -0.194362 0.0169757 0.000190738 0.394255 -0.249786 0.000848397
22 -0.00743866 0.00171661 -0.000572213 -0.987664 -0.0803006 -0.497635 0.0726711 0.893439 -0.132944 0.570497 -0.19894 -0.0185016 0.000572213 0.389296 -0.249748 -0.00167288 -0.194362 0.0169757 0.000190738 0.394255 -0.249786 0.000848397
22 -0.00743866 0.00171661 -0.00247959 -0.983849 -0.0810636 -0.497635 0.0711452 0.890388 -0.134089 0.57126 -0.19894 -0.0185016 0.000572213 0.389296 -0.249748 -0.00167288 -0.194362 0.0169757 0.000190738 0.394255 -0.249786 0.000848397
22 -0.00743866 0.00171661 -0.00438697 -0.980416 -0.0818265 -0.497635 0.0700008 0.886573 -0.135233 0.571641 -0.19894 -0.0185016 0.000572213 0.389296 -0.249748 -0.00167288 -0.194362 0.0169757 0.000190738 0.394255 -0.249786 0.000848397
22 -0.00743866 0.00171661 -0.00667582 -0.976982 -0.0825895 -0.497635 0.0692378 0.882377 -0.136378 0.572404 -0.19894 -0.0185016 0.000572213 0.389296 -0.249748 -0.00167288 -0.194362 0.0169757 0.000190738 0.394255 -0.249951 0.00124844
22 -0.00743866 0.00171661 -0.00820172 -0.973168 -0.0833524 -0.497635 0.0688563 0.878943 -0.137522 0.572786 -0.19894 -0.0185016 0.000572213 0.389296 -0.249748 -0.00167288 -0.194362 0.0169757 0.000190738 0.394255 -0.249951 0.001248
22 -0.00743866 0.00171661 -0.0104906 -0.969734 -0.0844968 -0.497635 0.0677119 0.874747 -0.138666 0.573167 -0.19894 -0.0185016 0.000572213 0.389296 -0.249748 -0.00167288 -0.194362 0.0169757 0.000190738 0.394255 -0.249786 0.000848829
22 -0.00743866 0.00171661 -0.0127794 -0.966301 -0.0852598 -0.497635 0.066949 0.872077 -0.139811 0.57393 -0.19894 -0.0185016 0.000572213 0.389296 -0.249748 -0.00167288 -0.194362 0.0169757 0.000190738 0.394255 -0.249786 0.000848397
22 -0.00743866 0.00171661 -0.0146868 -0.962486 -0.0864042 -0.497635 0.0658045 0.867499 -0.141337 0.574311 -0.19894 -0.0185016 0.000572213 0.389296 -0.249748 -0.00167288 -0.194362 0.0169757 0.000190738 0.394255 -0.249786 0.000848397
22 -0.00743866 0.00171661 -0.0165942 -0.959053 -0.0871672 -0.497635 0.0646601 0.863303 -0.1421 0.574693 -0.19894 -0.0185016 0.000572213 0.389296 -0.249748 -0.00167288 -0.194362 0.0169757 0.000190738 0.394255 -0.249786 0.000848397
22 -0.00743866 0.00171661 -0.018883 -0.955238 -0.0879301 -0.497635 0.0638972 0.860251 -0.143626 0.575074 -0.19894 -0.0185016 0.000572213 0.389296 -0.249748 -0.00167288 -0.194362 0.0169757 0.000190738 0.394255 -0.249786 0.000848397
22 -0.00743866 0.00171661 -0.0207904 -0.951805 -0.0886931 -0.497635 0.0631342 0.856055 -0.145151 0.575837 -0.19894 -0.0185016 0.000572213 0.389296 -0.249748 -0.00167288 -0.194362 0.0169757 0.000190738 0.394255 -0.249786 0.000848397
22 -0.00743866 0.00171661 -0.0226978 -0.94799 -0.089456 -0.497635 0.0619898 0.852621 -0.146296 0.576219 -0.19894 -0.0185016 0.000572213 0.389296 -0.249748 -0.00167288 -0.194362 0.0169757 0.000190738 0.394255 -0.249786 0.000848397
22 -0.00743866 0.00171661 -0.0249866 -0.944557 -0.0906004 -0.497635 0.0612268 0.848425 -0.147822 0.5766 -0.19894 -0.0185016 0.000572213 0.389296 -0.249748 -0.00167288 -0.194362 0.0169757 0.000190738 0.394255 -0.249786 0.000848397
22 -0.00743866 0.00171661 -0.026894 -0.940742 -0.0913634 -0.497635 0.0600824 0.844229 -0.148585 0.577363 -0.19894 -0.0185016 0.000572213 0.389296 -0.249748 -0.00167288 -0.194362 0.0169757 0.000190738 0.394255 -0.249786 0.000848397
22 -0.00743866 0.00171661 -0.0288014 -0.936928 -0.0925078 -0.497635 0.058938 0.841177 -0.150111 0.577745 -0.19894 -0.0185016 0.000572213 0.389296 -0.249748 -0.00167288 -0.194362 0.0169757 0.000190738 0.394255 -0.249786 0.000848397
22 -0.00743866 0.00171661 -0.0310903 -0.933113 -0.0932708 -0.497635 0.0577935 0.836981 -0.151255 0.578126 -0.19894 -0.0185016 0.000572213 0.389296 -0.249748 -0.00167288 -0.194362 0.0169757 0.000190738 0.394255 -0.249786 0.000848397
22 -0.00743866 0.00171661 -0.0329976 -0.929298 -0.0940337 -0.497635 0.0570306 0.833166 -0.152399 0.578889 -0.19894 -0.0185016 0.000572213 0.389296 -0.249748 -0.00167288 -0.194362 0.0169757 0.000190738 0.394255 -0.249786 0.000848397
22 -0.00743866 0.00171661 -0.0352865 -0.925865 -0.0951781 -0.497635 0.0562676 0.829351 -0.153925 0.579271 -0.19894 -0.0185016 0.000572213 0.389296 -0.249748 -0.00167288 -0.194362 0.0169757 0.000190738 0.394255 -0.249786 0.000848397
22 -0.00743866 0.00171661 -0.0368124 -0.92205 -0.0959411 -0.497635 0.0555047 0.825155 -0.15507 0.580034 -0.19894 -0.0185016 0.000572213 0.389296 -0.249748 -0.00167288 -0.194362 0.0169757 0.000190738 0.394255 -0.249786 0.000848397
22 -0.00743866 0.00171661 -0.0391012 -0.918235 -0.0970855 -0.497635 0.0547417 0.822103 -0.156596 0.580415 -0.19894 -0.0185016 0.000572213 0.389296 -0.249748 -0.00167288 -0.194362 0.0169757 0.000190738 0.394255 -0.249786 0.000848397
22 -0.00743866 0.00171661 -0.0410086 -0.91442 -0.09823 -0.497635 0.0535973 0.817526 -0.15774 0.581178 -0.19894 -0.0185016 0.000572213 0.389296 -0.249748 -0.00167288 -0.194362 0.0169757 0.000190738 0.394255 -0.249786 0.000848397
22 -0.00743866 0.00171661 -0.042916 -0.910606 -0.0989929 -0.497635 0.0524529 0.813329 -0.159266 0.581941 -0.19894 -0.0185016 0.000572213 0.389296 -0.249748 -0.00167288 -0.194362 0.0169757 0.000190738 0.394255 -0.249786 0.000848397
22 -0.00743866 0.00171661 -0.0452049 -0.907172 -0.100137 -0.497635 0.0513085 0.810278 -0.16041 0.582704 -0.19894 -0.0185016 0.000572213 0.389296 -0.249748 -0.00167288 -0.194362 0.0169757 0.000190738 0.394255 -0.249786 0.000848397
22 -0.00743866 0.00171661 -0.0471122 -0.903358 -0.1009 -0.497635 0.0505455 0.8057 -0.161555 0.583467 -0.19894 -0.0185016 0.000572213 0.389296 -0.249748 -0.00167288 -0.194362 0.0169757 0.000190738 0.394255 -0.249786 0.000848397
22 -0.00743866 0.00171661 -0.0490196 -0.899543 -0.102045 -0.497635 0.0497826 0.802267 -0.163081 0.583848 -0.19894 -0.0185016 0.000572213 0.389296 -0.249748 -0.00167288 -0.194362 0.0169757 0.000190738 0.394255 -0.249786 0.000848397
22 -0.00743866 0.00171661 -0.0513085 -0.895728 -0.102808 -0.497635 0.0486381 0.798452 -0.164225 0.58423 -0.19894 -0.0185016 0.000572213 0.389296 -0.249748 -0.00167288 -0.194362 0.0169757 0.000190738 0.394255 -0.249786 0.000848397
22 -0.00743866 0.00171661 -0.0532158 -0.891913 -0.104334 -0.497635 0.0478752 0.793874 -0.165751 0.584993 -0.19894 -0.0185016 0.000572213 0.389296 -0.249748 -0.00167288 -0.194362 0.0169757 0.000190738 0.394255 -0.249786 0.000848397
22 -0.00743866 0.00171661 -0.0551232 -0.88848 -0.105097 -0.497635 0.0471122 0.790822 -0.167277 0.585374 -0.19894 -0.0185016 0.000572213 0.389296 -0.249748 -0.00167288 -0.194362 0.0169757 0.000190738 0.394255 -0.249786 0.000848397
22 -0.00743866 0.00171661 -0.0570306 -0.884284 -0.106241 -0.497635 0.0455863 0.786626 -0.168421 0.585756 -0.19894 -0.0185016 0.000572213 0.389296 -0.249748 -0.00167288 -0.194362 0.0169757 0.000190738 0.394255 -0.249786 0.000848397
22 -0.00743866 0.00171661 -0.058938 -0.880469 -0.107004 -0.497635 0.0448234 0.78243 -0.169947 0.586137 -0.19894 -0.0185016 0.000572213 0.389296 -0.249748 -0.00167288 -0.194362 0.0169757 0.000190738 0.394255 -0.249786 0.000848397
22 -0.00743866 0.00171661 -0.0612268 -0.876654 -0.108148 -0.497635 0.0440604 0.778997 -0.171473 0.586519 -0.19894 -0.0185016 0.000572213 0.389296 -0.249748 -0.00167288 -0.194362 0.0169757 0.000190738 0.394255 -0.249786 0.000848397
22 -0.00743866 0.00171661 -0.0631342 -0.87284 -0.109293 -0.497635 0.042916 0.7748 -0.172999 0.587282 -0.19894 -0.0185016 0.000572213 0.389296 -0.249748 -0.00167288 -0.194362 0.0169757 0.000190738 0.394255 -0.249786 0.000848397
22 -0.00743866 0.00171661 -0.0650416 -0.869025 -0.110819 -0.497635 0.042153 0.770986 -0.174144 0.587663 -0.19894 -0.0185016 0.000572213 0.389296 -0.249748 -0.00167288 -0.194362 0.0169757 0.000190738 0.394255 -0.249786 0.000848397
22 -0.00743866 0.00171661 -0.0673304 -0.864829 -0.111582 -0.497635 0.0413901 0.766789 -0.175288 0.588045 -0.19894 -0.0185016 0.000572213 0.389296 -0.249748 -0.00167288 -0.194362 0.0169757 0.000190738 0.394255 -0.249786 0.000848397
22 -0.00743866 0.00171661 -0.0696193 -0.861014 -0.112726 -0.497635 0.0402457 0.762593 -0.176432 0.588808 -0.19894 -0.0185016 0.000572213 0.389296 -0.249748 -0.00167288 -0.194362 0.0169757 0.000190738 0.394255 -0.249786 0.000848397
22 -0.00743866 0.00171661 -0.0711452 -0.857199 -0.113489 -0.497635 0.0387198 0.75916 -0.177958 0.589189 -0.19894 -0.0185016 0.000572213 0.389296 -0.249748 -0.00167288 -0.194362 0.0169757 0.000190738 0.394255 -0.249786 0.000848397
22 -0.00743866 0.00209808 -0.073434 -0.853003 -0.114633 -0.497635 0.0379568 0.754964 -0.179484 0.58957 -0.19894 -0.0185016 0.000572213 0.389296 -0.249748 -0.00167288 -0.194362 0.0169757 0.000190738 0.394255 -0.249786 0.000848397
22 -0.00743866 0.00171661 -0.0757229 -0.848807 -0.115778 -0.497635 0.0371939 0.750386 -0.18101 0.589952 -0.19894 -0.0185016 0.000572213 0.389296 -0.249748 -0.00167288 -0.194362 0.0169757 0.000190738 0.394255 -0.249786 0.000848397
22 -0.00743866 0.00171661 -0.0776303 -0.844992 -0.116922 -0.497635 0.0360494 0.747334 -0.182536 0.590333 -0.19894 -0.0185016 0.000572213 0.389296 -0.249748 -0.00167288 -0.194362 0.0169757 0.000190738 0.394255 -0.249786 0.000848397
22 -0.00743866 0.00171661 -0.0799191 -0.841177 -0.118067 -0.497635 0.0352865 0.742756 -0.184062 0.590715 -0.19894 -0.0185016 0.000572213 0.389296 -0.249748 -0.00167288 -0.194362 0.0169757 0.000190738 0.394255 -0.249951 0.00124844
22 -0.00743866 0.00171661 -0.0818265 -0.836981 -0.119211 -0.497635 0.0337606 0.738179 -0.185588 0.591096 -0.19894 -0.0185016 0.000572213 0.389296 -0.249748 -0.00167288 -0.194362 0.0169757 0.000190738 0.394255 -0.249786 0.00084883
22 -0.00743866 0.00171661 -0.0837339 -0.833166 -0.120356 -0.497635 0.0326162 0.735127 -0.186732 0.591478 -0.19894 -0.0185016 0.000572213 0.389296 -0.249748 -0.00167288 -0.194362 0.0169757 0.000190738 0.394255 -0.249951 0.00124844
22 -0.00743866 0.00171661 -0.0860227 -0.82897 -0.121118 -0.497635 0.0318532 0.730549 -0.188258 0.591859 -0.19894 -0.0185016 0.000572213 0.389296 -0.249748 -0.00167288 -0.194362 0.0169757 0.000190738 0.394255 -0.249786 0.00084883
22 -0.00743866 0.00171661 -0.0883116 -0.824774 -0.122644 -0.497635 0.0310903 0.726353 -0.189784 0.592622 -0.19894 -0.0185016 0.000572213 0.389296 -0.249748 -0.00167288 -0.194362 0.0169757 0.000190738 0.394255 -0.249951 0.00124844
22 -0.00743866 0.00171661 -0.090219 -0.820959 -0.123789 -0.497635 0.0299458 0.72292 -0.19131 0.593004 -0.19894 -0.0185016 0.000572213 0.389296 -0.249748 -0.00167288 -0.194362 0.0169757 0.000190738 0.394255 -0.249786 0.00084883
22 -0.00743866 0.00171661 -0.0925078 -0.816763 -0.124933 -0.497635 0.0291829 0.718342 -0.192454 0.593767 -0.19894 -0.0185016 0.000572213 0.389296 -0.249748 -0.00167288 -0.194362 0.0169757 0.000190738 0.394255 -0.249786 0.000848397
22 -0.00743866 0.00171661 -0.0944152 -0.812567 -0.126078 -0.497635 0.0280385 0.714527 -0.194362 0.59453 -0.19894 -0.0185016 0.000572213 0.389296 -0.249748 -0.00167288 -0.194362 0.0169757 0.000190738 0.394255 -0.249786 0.000848397
22 -0.00743866 0.00171661 -0.0963226 -0.80837 -0.126841 -0.497635 0.026894 0.710713 -0.195888 0.595293 -0.19894 -0.0185016 0.000572213 0.389296 -0.249748 -0.00167288 -0.194362 0.0169757 0.000190738 0.394255 -0.249786 0.000848397
22 -0.00743866 0.00171661 -0.0986114 -0.804174 -0.127985 -0.497635 0.0257496 0.706135 -0.197414 0.596056 -0.19894 -0.0185016 0.000572213 0.389296 -0.249748 -0.00167288 -0.194362 0.0169757 0.000190738 0.394255 -0.249786 0.000848397
22 -0.00743866 0.00171661 -0.1009 -0.799978 -0.129511 -0.497635 0.0249866 0.701939 -0.198558 0.596437 -0.19894 -0.0185016 0.000572213 0.389296 -0.249748 -0.00167288 -0.194362 0.0169757 0.000190738 0.394255 -0.249786 0.000848397
22 -0.00743866 0.00171661 -0.102426 -0.796163 -0.130274 -0.497635 0.0242237 0.698124 -0.200084 0.596819 -0.19894 -0.0185016 0.000572213 0.389296 -0.249748 -0.00167288 -0.194362 0.0169757 0.000190738 0.394255 -0.249786 0.000848397
22 -0.00743866 0.00171661 -0.104715 -0.791585 -0.1318 -0.497635 0.0230793 0.693546 -0.20161 0.5972 -0.19894 -0.0185016 0.000572213 0.389296 -0.249748 -0.00167288 -0.194362 0.0169757 0.000190738 0.394255 -0.249951 0.00124844
22 -0.00743866 0.00171661 -0.107004 -0.787389 -0.132563 -0.497635 0.0223163 0.689731 -0.203517 0.597581 -0.19894 -0.0185016 0.000572213 0.389296 -0.249748 -0.00167288 -0.194362 0.0169757 0.000190738 0.394255 -0.249951 0.001248
22 -0.00743866 0.00171661 -0.108911 -0.783193 -0.133707 -0.497635 0.0207904 0.685535 -0.204662 0.597963 -0.19894 -0.0185016 0.000572213 0.389296 -0.249748 -0.00167288 -0.194362 0.0169757 0.000190738 0.394255 -0.249951 0.001248
22 -0.00743866 0.00171661 -0.1112 -0.778997 -0.135233 -0.497635 0.019646 0.681339 -0.206188 0.598344 -0.19894 -0.0185016 0.000572213 0.389296 -0.249748 -0.00167288 -0.194362 0.0169757 0.000190738 0.394255 -0.249786 0.000848829
22 -0.00782013 0.00171661 -0.113108 -0.774419 -0.136378 -0.497635 0.0192645 0.677143 -0.207713 0.598726 -0.19894 -0.0185016 0.000572213 0.389296 -0.249748 -0.00167288 -0.194362 0.0169757 0.000190738 0.394255 -0.249786 0.000848397
22 -0.00743866 0.00171661 -0.115015 -0.770604 -0.137522 -0.497635 0.0181201 0.672946 -0.209621 0.599107 -0.19894 -0.0185016 0.000572213 0.389296 -0.249748 -0.00167288 -0.194362 0.0169757 0.000190738 0.394255 -0.249951 0.00124844
22 -0.00743866 0.00171661 -0.117304 -0.766408 -0.138666 -0.497635 0.0173571 0.668369 -0.210765 0.599489 -0.19894 -0.0185016 0.000572213 0.389296 -0.249748 -0.00167288 -0.194362 0.0169757 0.000190738 0.394255 -0.249951 0.001248
22 -0.00743866 0.00171661 -0.119593 -0.76183 -0.139429 -0.497635 0.0165942 0.664554 -0.212291 0.59987 -0.19894 -0.0185016 0.000572213 0.389296 -0.249748 -0.00167288 -0.194362 0.0169757 0.000190738 0.394255 -0.249786 0.000848829
22 -0.00743866 0.00171661 -0.1215 -0.757634 -0.140955 -0.497635 0.0150683 0.660739 -0.213817 0.600252 -0.19894 -0.0185016 0.000572213 0.389296 -0.249748 -0.00167288 -0.194362 0.0169757 0.000190738 0.394255 -0.249786 0.000848397
22 -0.00743866 0.00171661 -0.123789 -0.753056 -0.1421 -0.497635 0.0139239 0.656162 -0.215343 0.600633 -0.19894 -0.0185016 0.000572213 0.389296 -0.249748 -0.00167288 -0.194362 0.0169757 0.000190738 0.394255 -0.249786 0.000848397
22 -0.00743866 0.00171661 -0.125696 -0.74886 -0.143244 -0.497635 0.0131609 0.651202 -0.216869 0.601015 -0.19894 -0.0185016 0.000572213 0.389296 -0.249748 -0.00167288 -0.194362 0.0169757 0.000190738 0.394255 -0.249786 0.000848397
22 -0.00743866 0.00171661 -0.127985 -0.744664 -0.144388 -0.497635 0.012398 0.647769 -0.218395 0.601778 -0.19894 -0.0185016 0.000572213 0.389296 -0.249748 -0.00167288 -0.194362 0.0169757 0.000190738 0.394255 -0.249786 0.000848397
22 -0.00743866 0.00171661 -0.129892 -0.740086 -0.145533 -0.497635 0.011635 0.643191 -0.219921 0.602159 -0.19894 -0.0185016 0.000572213 0.389296 -0.249748 -0.00167288 -0.194362 0.0169757 0.000190738 0.394255 -0.249786 0.000848397
22 -0.00743866 0.00171661 -0.132181 -0.73589 -0.146677 -0.497635 0.0104906 0.638614 -0.221828 0.602159 -0.19894 -0.0185016 0.000572213 0.389296 -0.249748 -0.00167288 -0.194362 0.0169757 0.000190738 0.394255 -0.249786 0.000848397
22 -0.00743866 0.00171661 -0.134089 -0.731312 -0.148203 -0.497635 0.00972763 0.63518 -0.222972 0.602541 -0.19894 -0.0185016 0.000572213 0.389296 -0.249748 -0.00167288 -0.194362 0.0169757 0.000190738 0.394255 -0.249786 0.000848397
22 -0.00743866 0.00171661 -0.136378 -0.727116 -0.149348 -0.497635 0.0085832 0.630603 -0.224498 0.602922 -0.19894 -0.0185016 0.000572213 0.389296 -0.249748 -0.00167288 -0.194362 0.0169757 0.000190738 0.394255 -0.249786 0.000848397
22 -0.00743866 0.00171661 -0.138666 -0.722538 -0.150492 -0.497635 0.00743877 0.626025 -0.226024 0.603304 -0.19894 -0.0185016 0.000572213 0.389296 -0.249748 -0.00167288 -0.194362 0.0169757 0.000190738 0.394255 -0.249786 0.000848397
22 -0.00743866 0.00171661 -0.140574 -0.717961 -0.151255 -0.497635 0.00667582 0.622592 -0.22755 0.604067 -0.19894 -0.0185016 0.000572213 0.389296 -0.249748 -0.00167288 -0.194362 0.0169757 0.000190738 0.394255 -0.249951 0.00124844
22 -0.00743866 0.00171661 -0.142863 -0.713764 -0.152399 -0.497635 0.00591287 0.617633 -0.229076 0.604448 -0.19894 -0.0185016 0.000572213 0.389296 -0.249748 -0.00167288 -0.194362 0.0169757 0.000190738 0.394255 -0.249786 0.00084883
22 -0.00743866 0.00171661 -0.14477 -0.709187 -0.153544 -0.497635 0.00514992 0.613055 -0.230602 0.604829 -0.19894 -0.0185016 0.000572213 0.389296 -0.249748 -0.00167288 -0.194362 0.0169757 0.000190738 0.394255 -0.249786 0.000848397
22 -0.00743866 0.00171661 -0.146677 -0.704609 -0.154688 -0.497635 0.00438697 0.60924 -0.232128 0.605211 -0.19894 -0.0185016 0.000572213 0.389296 -0.249748 -0.00167288 -0.194362 0.0169757 0.000190738 0.394255 -0.249786 0.000848397
22 -0.00743866 0.00171661 -0.148966 -0.700413 -0.155833 -0.497635 0.00362402 0.604662 -0.234035 0.605592 -0.19894 -0.0185016 0.000572213 0.389296 -0.249748 -0.00167288 -0.194362 0.0169757 0.000190738 0.394255 -0.249786 0.000848397
22 -0.00782013 0.00171661 -0.151255 -0.695835 -0.156977 -0.497635 0.00247959 0.600085 -0.235561 0.606355 -0.19894 -0.0185016 0.000572213 0.389296 -0.249748 -0.00167288 -0.194362 0.0169757 0.000190738 0.394255 -0.249786 0.000848397
22 -0.00743866 0.00171661 -0.153162 -0.691257 -0.158122 -0.497635 0.00133516 0.595507 -0.236706 0.607118 -0.19894 -0.0185016 0.000572213 0.389296 -0.249748 -0.00167288 -0.194362 0.0169757 0.000190738 0.394255 -0.249786 0.000848397
22 -0.00743866 0.00171661 -0.155451 -0.68668 -0.159266 -0.497635 0.000572213 0.591692 -0.238231 0.607881 -0.19894 -0.0185016 0.000572213 0.389296 -0.249748 -0.00167288 -0.194362 0.0169757 0.000190738 0.394255 -0.249786 0.000848397
22 -0.00743866 0.00171661 -0.15774 -0.682483 -0.160792 -0.497635 -0.000190738 0.587114 -0.240139 0.608263 -0.19894 -0.0185016 0.000572213 0.389296 -0.249748 -0.00167288 -0.194362 0.0169757 0.000190738 0.394255 -0.249786 0.000848397
22 -0.00743866 0.00171661 -0.159648 -0.677906 -0.161936 -0.497635 -0.000953689 0.582155 -0.241665 0.608644 -0.19894 -0.0185016 0.000572213 0.389296 -0.249748 -0.00167288 -0.194362 0.0169757 0.000190738 0.394255 -0.249786 0.000848397
22 -0.00743866 0.00171661 -0.161936 -0.672946 -0.163081 -0.497635 -0.00209812 0.578341 -0.243191 0.609026 -0.19894 -0.0185016 0.000572213 0.389296 -0.249748 -0.00167288 -0.194362 0.0169757 0.000190738 0.394255 -0.249786 0.000848397
22 -0.00743866 0.00171661 -0.163844 -0.668369 -0.163844 -0.497635 -0.00286107 0.573763 -0.245098 0.609789 -0.19894 -0.0185016 0.000572213 0.389296 -0.249748 -0.00167288 -0.194362 0.0169757 0.000190738 0.394255 -0.249786 0.000848397
22 -0.00743866 0.00171661 -0.166133 -0.663791 -0.164988 -0.497635 -0.00400549 0.569185 -0.246624 0.61017 -0.19894 -0.0185016 0.000572213 0.389296 -0.249748 -0.00167288 -0.194362 0.0169757 0.000190738 0.394255 -0.249786 0.000848397
22 -0.00782013 0.00171661 -0.168421 -0.659213 -0.166133 -0.497635 -0.00514992 0.564607 -0.24815 0.610552 -0.19894 -0.0185016 0.000572213 0.389296 -0.249748 -0.00167288 -0.194362 0.0169757 0.000190738 0.394255 -0.249786 0.000848397
22 -0.00743866 0.00171661 -0.170329 -0.654636 -0.167277 -0.497635 -0.00591287 0.560411 -0.249676 0.610552 -0.19894 -0.0185016 0.000572213 0.389296 -0.249748 -0.00167288 -0.194362 0.0169757 0.000190738 0.394255 -0.249786 0.000848397
22 -0.00743866 0.00171661 -0.172618 -0.649676 -0.168803 -0.497635 -0.00667582 0.555833 -0.251202 0.610933 -0.19894 -0.0185016 0.000572213 0.389296 -0.249748 -0.00167288 -0.194362 0.0169757 0.000190738 0.394255 -0.249786 0.000848397
22 -0.00782013 0.00171661 -0.174907 -0.645099 -0.169947 -0.497635 -0.00743877 0.550874 -0.253109 0.611315 -0.19894 -0.0185016 0.000572213 0.389296 -0.249748 -0.00167288 -0.194362 0.0169757 0.000190738 0.394255 -0.249786 0.000848397
22 -0.00743866 0.00171661 -0.177195 -0.640521 -0.17071 -0.497635 -0.00820172 0.54706 -0.254635 0.611696 -0.19894 -0.0185016 0.000572213 0.389296 -0.249748 -0.00167288 -0.194362 0.0169757 0.000190738 0.394255 -0.249786 0.000848397
22 -0.00743866 0.00171661 -0.179103 -0.635562 -0.172236 -0.497635 -0.00972763 0.542482 -0.256542 0.611696 -0.19894 -0.0185016 0.000572213 0.389296 -0.249748 -0.00167288 -0.194362 0.0169757 0.000190738 0.394255 -0.249786 0.000848397
22 -0.00743866 0.00171661 -0.181392 -0.630603 -0.173381 -0.497635 -0.0108721 0.537904 -0.258068 0.612078 -0.19894 -0.0185016 0.000572213 0.389296 -0.249748 -0.00167288 -0.194362 0.0169757 0.000190738 0.394255 -0.249786 0.000848397
22 -0.00743866 0.00171661 -0.18368 -0.626025 -0.174907 -0.497635 -0.011635 0.532945 -0.259976 0.612459 -0.19894 -0.0185016 0.000572213 0.389296 -0.249748 -0.00167288 -0.194362 0.0169757 0.000190738 0.394255 -0.249786 0.000848397
22 -0.00743866 0.00171661 -0.185969 -0.621447 -0.176051 -0.497635 -0.012398 0.52913 -0.261501 0.613222 -0.19894 -0.0185016 0.000572213 0.389296 -0.249748 -0.00167288 -0.194362 0.0169757 0.000190738 0.394255 -0.249786 0.000848397
22 -0.00743866 0.00171661 -0.188258 -0.616488 -0.176814 -0.497635 -0.0135424 0.524171 -0.263027 0.613603 -0.19894 -0.0185016 0.000572213 0.389296 -0.249748 -0.00167288 -0.194362 0.0169757 0.000190738 0.394255 -0.249786 0.000848397
22 -0.00743866 0.00171661 -0.190547 -0.611529 -0.177958 -0.497635 -0.0143053 0.519212 -0.264553 0.613985 -0.19894 -0.0185016 0.000572213 0.389296 -0.249748 -0.00167288 -0.194362 0.0169757 0.000190738 0.394255 -0.249786 0.000848397
22 -0.00743866 0.00171661 -0.192836 -0.606951 -0.179484 -0.497635 -0.0158312 0.514634 -0.266461 0.614366 -0.19894 -0.0185016 0.000572213 0.389296 -0.249748 -0.00167288 -0.194362 0.0169757 0.000190738 0.394255 -0.249786 0.000848397
22 -0.00743866 0.00171661 -0.195125 -0.602373 -0.180629 -0.497635 -0.0169757 0.510819 -0.267987 0.614748 -0.19894 -0.0185016 0.000572213 0.389296 -0.249748 -0.00167288 -0.194362 0.0169757 0.000190738 0.394255 -0.249786 0.000848397
22 -0.00743866 0.00171661 -0.197414 -0.597414 -0.181773 -0.497635 -0.0177386 0.50586 -0.269894 0.615129 -0.19894 -0.0185016 0.000572213 0.389296 -0.249748 -0.00167288 -0.194362 0.0169757 0.000190738 0.394255 -0.249786 0.000848397
22 -0.00743866 0.00171661 -0.199702 -0.592455 -0.182918 -0.497635 -0.0185016 0.500901 -0.27142 0.615511 -0.19894 -0.0185016 0.000572213 0.389296 -0.249748 -0.00167288 -0.194362 0.0169757 0.000190738 0.394255 -0.249786 0.000848397
22 -0.00743866 0.00171661 -0.20161 -0.587496 -0.184062 -0.497635 -0.0192645 0.496705 -0.272946 0.615892 -0.19894 -0.0185016 0.000572213 0.389296 -0.249748 -0.00167288 -0.194362 0.0169757 0.000190738 0.394255 -0.249786 0.000848397
22 -0.00743866 0.00171661 -0.20428 -0.582918 -0.185588 -0.497635 -0.0204089 0.492127 -0.274472 0.616274 -0.19894 -0.0185016 0.000572213 0.389296 -0.249748 -0.00167288 -0.194362 0.0169757 0.000190738 0.394255 -0.249786 0.000848397
22 -0.00743866 0.00171661 -0.206569 -0.577578 -0.186732 -0.497635 -0.0215534 0.487168 -0.275998 0.616655 -0.19894 -0.0185016 0.000572213 0.389296 -0.249748 -0.00167288 -0.194362 0.0169757 0.000190738 0.394255 -0.249786 0.000848397
22 -0.00743866 0.00171661 -0.208858 -0.572618 -0.187877 -0.497635 -0.0226978 0.482209 -0.277905 0.617418 -0.19894 -0.0185016 0.000572213 0.389296 -0.249748 -0.00167288 -0.194362 0.0169757 0.000190738 0.394255 -0.249786 0.000848397
22 -0.00743866 0.00171661 -0.211147 -0.567659 -0.189021 -0.497635 -0.0238422 0.477631 -0.279431 0.6178 -0.19894 -0.0185016 0.000572213 0.389296 -0.249748 -0.00167288 -0.194362 0.0169757 0.000190738 0.394255 -0.249786 0.000848397
22 -0.00743866 0.00171661 -0.213436 -0.5627 -0.190166 -0.497635 -0.0246052 0.473435 -0.281338 0.618563 -0.19894 -0.0185016 0.000572213 0.389296 -0.249748 -0.00167288 -0.194362 0.0169757 0.000190738 0.394255 -0.249786 0.000848397
22 -0.00743866 0.00171661 -0.215724 -0.558122 -0.191691 -0.497635 -0.0253681 0.468476 -0.283246 0.619326 -0.19894 -0.0185016 0.000572213 0.389296 -0.249748 -0.00167288 -0.194362 0.0169757 0.000190738 0.394255 -0.249786 0.000848397
22 -0.00743866 0.00171661 -0.218013 -0.552782 -0.192836 -0.497635 -0.0265126 0.463516 -0.284772 0.620089 -0.19894 -0.0185016 0.000572213 0.389296 -0.249748 -0.00167288 -0.194362 0.0169757 0.000190738 0.394255 -0.249786 0.000848397
22 -0.00743866 0.00171661 -0.220302 -0.547822 -0.19398 -0.497635 -0.027657 0.45932 -0.286297 0.620851 -0.19894 -0.0185016 0.000572213 0.389296 -0.249748 -0.00167288 -0.194362 0.0169757 0.000190738 0.394255 -0.249786 0.000848397
22 -0.00743866 0.00171661 -0.222972 -0.542482 -0.195125 -0.498016 -0.0288014 0.454742 -0.287823 0.621233 -0.19894 -0.0185016 0.000572213 0.389296 -0.249748 -0.00167288 -0.194362 0.0169757 0.000190738 0.394255 -0.249786 0.000848397
22 -0.00743866 0.00171661 -0.225261 -0.537523 -0.196269 -0.498016 -0.0299458 0.449783 -0.289731 0.621614 -0.19894 -0.0185016 0.000572213 0.389296 -0.249748 -0.00167288 -0.194362 0.0169757 0.000190738 0.394255 -0.249786 0.000848397
22 -0.00743866 0.00171661 -0.22755 -0.532563 -0.197795 -0.498016 -0.0307088 0.444824 -0.291257 0.622377 -0.19894 -0.0185016 0.000572213 0.389296 -0.249748 -0.00167288 -0.194362 0.0169757 0.000190738 0.394255 -0.249786 0.000848397
22 -0.00743866 0.00171661 -0.229839 -0.527604 -0.19894 -0.498016 -0.0318532 0.440628 -0.293164 0.622759 -0.19894 -0.0185016 0.000572213 0.389296 -0.249748 -0.00167288 -0.194362 0.0169757 0.000190738 0.394255 -0.249786 0.000848397
22 -0.00743866 0.00171661 -0.232128 -0.522264 -0.200084 -0.498016 -0.0326162 0.43605 -0.29469 0.62314 -0.19894 -0.0185016 0.000572213 0.389296 -0.249748 -0.00167288 -0.194362 0.0169757 0.000190738 0.394255 -0.249786 0.000848397
22 -0.00743866 0.00171661 -0.234798 -0.517304 -0.201228 -0.498016 -0.0337606 0.431091 -0.296597 0.623903 -0.19894 -0.0185016 0.000572213 0.389296 -0.249748 -0.00167288 -0.194362 0.0169757 0.000190738 0.394255 -0.249786 0.000848397
22 -0.00743866 0.00171661 -0.237087 -0.511964 -0.202373 -0.498016 -0.0352865 0.426132 -0.298123 0.624285 -0.19894 -0.0185016 0.000572213 0.389296 -0.249748 -0.00167288 -0.194362 0.0169757 0.000190738 0.394255 -0.249951 0.00124844
22 -0.00743866 0.00171661 -0.239376 -0.506623 -0.203517 -0.498016 -0.0364309 0.421554 -0.299649 0.625048 -0.19894 -0.0185016 0.000572213 0.389296 -0.249748 -0.00167288 -0.194362 0.0169757 0.000190738 0.394255 -0.249951 0.001248
22 -0.00743866 0.00171661 -0.241665 -0.502045 -0.204662 -0.498016 -0.0371939 0.417358 -0.301175 0.625429 -0.19894 -0.0185016 0.000572213 0.389296 -0.249748 -0.00167288 -0.194362 0.0169757 0.000190738 0.394255 -0.249951 0.001248
22 -0.00743866 0.00171661 -0.244335 -0.496705 -0.205806 -0.498016 -0.0383383 0.412399 -0.303082 0.626192 -0.19894 -0.0185016 0.000572213 0.389296 -0.249748 -0.00167288 -0.194362 0.0169757 0.000190738 0.394255 -0.249786 0.000848829
22 -0.00743866 0.00171661 -0.246624 -0.491364 -0.207332 -0.498016 -0.0394827 0.407058 -0.304608 0.626574 -0.19894 -0.0185016 0.000572213 0.389296 -0.249748 -0.00167288 -0.194362 0.0169757 0.000190738 0.394255 -0.249786 0.000848397
22 -0.00743866 0.00171661 -0.248913 -0.486405 -0.208095 -0.498398 -0.0406271 0.40248 -0.306516 0.626955 -0.19894 -0.0185016 0.000572213 0.389296 -0.249748 -0.00167288 -0.194362 0.0169757 0.000190738 0.394255 -0.249951 0.00124844
22 -0.00743866 0.00171661 -0.251202 -0.480683 -0.209621 -0.498398 -0.042153 0.398284 -0.308423 0.627337 -0.19894 -0.0185016 0.000572213 0.389296 -0.249748 -0.00167288 -0.194362 0.0169757 0.000190738 0.394255 -0.249951 0.001248
22 -0.00743866 0.00171661 -0.253872 -0.475724 -0.210765 -0.498398 -0.042916 0.393325 -0.309949 0.6281 -0.19894 -0.0185016 0.000572213 0.389296 -0.249748 -0.00167288 -0.194362 0.0169757 0.000190738 0.394255 -0.249786 0.000848829
22 -0.00743866 0.00171661 -0.256161 -0.470764 -0.21191 -0.498398 -0.0440604 0.388366 -0.311475 0.628481 -0.19894 -0.0185016 0.000572213 0.389296 -0.249748 -0.00167288 -0.194362 0.0169757 0.000190738 0.394255 -0.249786 0.000848397
22 -0.00743866 0.00171661 -0.25845 -0.465424 -0.213054 -0.498398 -0.0452049 0.383407 -0.313382 0.629244 -0.19894 -0.0185016 0.000572213 0.389296 -0.249748 -0.00167288 -0.194362 0.0169757 0.000190738 0.394255 -0.249786 0.000848397
22 -0.00743866 0.00171661 -0.260739 -0.460083 -0.213817 -0.498398 -0.0463493 0.378829 -0.314908 0.629625 -0.19894 -0.0185016 0.000572213 0.389296 -0.249748 -0.00167288 -0.194362 0.0169757 0.000190738 0.394255 -0.249951 0.00124844
22 -0.00743866 0.00171661 -0.263409 -0.454742 -0.215343 -0.498779 -0.0478752 0.37387 -0.316434 0.630388 -0.19894 -0.0185016 0.000572213 0.389296 -0.249748 -0.00167288 -0.194362 0.0169757 0.000190738 0.394255 -0.249786 0.00084883
22 -0.00743866 0.00171661 -0.265698 -0.449402 -0.216487 -0.498779 -0.0490196 0.36891 -0.318341 0.631151 -0.19894 -0.0185016 0.000572213 0.389296 -0.249748 -0.00167288 -0.194362 0.0169757 0.000190738 0.394255 -0.249786 0.000848397
22 -0.00743866 0.00171661 -0.267987 -0.444061 -0.217632 -0.498779 -0.0497826 0.363951 -0.320249 0.632296 -0.19894 -0.0185016 0.000572213 0.389296 -0.249748 -0.00167288 -0.194362 0.0169757 0.000190738 0.394255 -0.249786 0.000848397
22 -0.00743866 0.00171661 -0.270275 -0.43872 -0.218776 -0.499161 -0.050927 0.359374 -0.322156 0.633059 -0.19894 -0.0185016 0.000572213 0.389296 -0.249748 -0.00167288 -0.194362 0.0169757 0.000190738 0.394255 -0.249786 0.000848397
22 -0.00743866 0.00171661 -0.272946 -0.433761 -0.219921 -0.499161 -0.0520714 0.354796 -0.323301 0.633822 -0.19894 -0.0185016 0.000572213 0.389296 -0.249748 -0.00167288 -0.194362 0.0169757 0.000190738 0.394255 -0.249786 0.000848397
22 -0.00743866 0.00171661 -0.275235 -0.428039 -0.221065 -0.499542 -0.0535973 0.349837 -0.325208 0.634203 -0.19894 -0.0185016 0.000572213 0.389296 -0.249748 -0.00167288 -0.194362 0.0169757 0.000190738 0.394255 -0.249786 0.000848397
22 -0.00743866 0.00171661 -0.277523 -0.422698 -0.222591 -0.499542 -0.0551232 0.344496 -0.327115 0.634966 -0.19894 -0.0185016 0.000572213 0.389296 -0.249748 -0.00167288 -0.194362 0.0169757 0.000190738 0.394255 -0.249786 0.000848397
22 -0.00743866 0.00171661 -0.280194 -0.417358 -0.223735 -0.499924 -0.0558862 0.339537 -0.328641 0.635348 -0.19894 -0.0185016 0.000572213 0.389296 -0.249748 -0.00167288 -0.194362 0.0169757 0.000190738 0.394255 -0.249786 0.000848397
22 -0.00743866 0.00171661 -0.282483 -0.412017 -0.224498 -0.499924 -0.0570306 0.335341 -0.330549 0.635729 -0.19894 -0.0185016 0.000572213 0.389296 -0.249748 -0.00167288 -0.194362 0.0169757 0.000190738 0.394255 -0.249786 0.000848397
22 -0.00743866 0.00171661 -0.285153 -0.406295 -0.225643 -0.500305 -0.058175 0.330381 -0.332456 0.636492 -0.19894 -0.0185016 0.000572213 0.389296 -0.249748 -0.00167288 -0.194362 0.0169757 0.000190738 0.394255 -0.249786 0.000848397
22 -0.00743866 0.00171661 -0.287442 -0.401336 -0.226787 -0.500687 -0.0593194 0.325041 -0.333982 0.636873 -0.19894 -0.0185016 0.000572213 0.389296 -0.249748 -0.00167288 -0.194362 0.0169757 0.000190738 0.394255 -0.249786 0.000848397
22 -0.00743866 0.00171661 -0.289731 -0.395995 -0.227932 -0.501068 -0.0608453 0.3197 -0.335508 0.637636 -0.19894 -0.0185016 0.000572213 0.389296 -0.249748 -0.00167288 -0.194362 0.0169757 0.000190738 0.394255 -0.249786 0.000848397
22 -0.00743866 0.00171661 -0.29202 -0.390655 -0.229076 -0.50145 -0.0619898 0.314741 -0.337415 0.638399 -0.19894 -0.0185016 0.000572213 0.389296 -0.249748 -0.00167288 -0.194362 0.0169757 0.000190738 0.394255 -0.249786 0.000848397
22 -0.00743866 0.00171661 -0.29469 -0.384932 -0.23022 -0.50145 -0.0631342 0.310545 -0.339323 0.639162 -0.19894 -0.0185016 0.000572213 0.389296 -0.249748 -0.00167288 -0.194362 0.0169757 0.000190738 0.394255 -0.249786 0.000848397
22 -0.00743866 0.00171661 -0.29736 -0.379592 -0.231365 -0.502213 -0.0642786 0.305586 -0.34123 0.639544 -0.19894 -0.0185016 0.000572213 0.389296 -0.249748 -0.00167288 -0.194362 0.0169757 0.000190738 0.394255 -0.249786 0.000848397
22 -0.00743866 0.00171661 -0.299649 -0.374251 -0.232509 -0.502594 -0.0658045 0.300245 -0.342756 0.640307 -0.19894 -0.0185016 0.000572213 0.389296 -0.249748 -0.00167288 -0.194362 0.0169757 0.000190738 0.394255 -0.249786 0.000848397
22 -0.00743866 0.00171661 -0.302319 -0.368529 -0.233272 -0.502976 -0.0673304 0.294904 -0.344663 0.640688 -0.19894 -0.0185016 0.000572213 0.389296 -0.249748 -0.00167288 -0.194362 0.0169757 0.000190738 0.394255 -0.249786 0.000848397
22 -0.00743866 0.00171661 -0.304608 -0.363188 -0.234798 -0.503738 -0.0680934 0.289945 -0.346571 0.641451 -0.19894 -0.0185016 0.000572213 0.389296 -0.249748 -0.00167288 -0.194362 0.0169757 0.000190738 0.394255 -0.249786 0.000848397
22 -0.00743866 0.00171661 -0.307279 -0.357848 -0.235943 -0.50412 -0.0692378 0.285749 -0.348478 0.641833 -0.19894 -0.0185016 0.000572213 0.389296 -0.249748 -0.00167288 -0.194362 0.0169757 0.000190738 0.394255 -0.249786 0.000848397
22 -0.00743866 0.00171661 -0.309567 -0.352507 -0.237087 -0.504501 -0.0707637 0.28079 -0.350004 0.642596 -0.19894 -0.0185016 0.000572213 0.389296 -0.249748 -0.00167288 -0.194362 0.0169757 0.000190738 0.394255 -0.249786 0.000848397
22 -0.00743866 0.00171661 -0.312238 -0.347166 -0.238231 -0.504883 -0.0722896 0.275449 -0.35153 0.64374 -0.19894 -0.0185016 0.000572213 0.389296 -0.249748 -0.00167288 -0.194362 0.0169757 0.000190738 0.394255 -0.249786 0.000848397
22 -0.00743866 0.00171661 -0.314527 -0.341444 -0.239376 -0.505646 -0.0738155 0.270108 -0.353819 0.644884 -0.19894 -0.0185016 0.000572213 0.389296 -0.249748 -0.00167288 -0.194362 0.0169757 0.000190738 0.394255 -0.249786 0.000848397
22 -0.00743866 0.00171661 -0.317197 -0.336104 -0.24052 -0.506027 -0.0749599 0.265149 -0.355726 0.645647 -0.19894 -0.0185016 0.000572213 0.389296 -0.249748 -0.00167288 -0.194362 0.0169757 0.000190738 0.394255 -0.249786 0.000848397
22 -0.00743866 0.00171661 -0.319486 -0.330381 -0.241665 -0.506409 -0.0761044 0.260953 -0.357633 0.64641 -0.19894 -0.0185016 0.000572213 0.389296 -0.249748 -0.00167288 -0.194362 0.0169757 0.000190738 0.394255 -0.249786 0.000848397
22 -0.00743866 0.00171661 -0.322156 -0.324659 -0.242809 -0.507172 -0.0776303 0.255612 -0.359541 0.647173 -0.19894 -0.0185016 0.000572213 0.389296 -0.249748 -0.00167288 -0.194362 0.0169757 0.000190738 0.394255 -0.249786 0.000848397
22 -0.00743866 0.00171661 -0.324445 -0.319319 -0.243954 -0.507935 -0.0795377 0.250653 -0.361067 0.647555 -0.19894 -0.0185016 0.000572213 0.389296 -0.249748 -0.00167288 -0.194362 0.0169757 0.000190738 0.394255 -0.249786 0.000848397
22 -0.00743866 0.00171661 -0.327115 -0.313978 -0.245098 -0.508698 -0.0803006 0.244931 -0.362974 0.648318 -0.19894 -0.0185016 0.000572213 0.389296 -0.249748 -0.00167288 -0.194362 0.0169757 0.000190738 0.394255 -0.249786 0.000848397
22 -0.00743866 0.00171661 -0.329404 -0.308637 -0.245861 -0.509842 -0.0818265 0.239972 -0.364881 0.649081 -0.19894 -0.0185016 0.000572213 0.389296 -0.249748 -0.00167288 -0.194362 0.0169757 0.000190738 0.394255 -0.249786 0.000848397
22 -0.00743866 0.00171661 -0.332074 -0.303297 -0.247387 -0.510605 -0.0829709 0.236157 -0.366789 0.649844 -0.19894 -0.0185016 0.000572213 0.389296 -0.249748 -0.00167288 -0.194362 0.0169757 0.000190738 0.394255 -0.249786 0.000848397
22 -0.00743866 0.00171661 -0.334745 -0.297575 -0.248531 -0.511368 -0.0844968 0.230435 -0.368696 0.650988 -0.19894 -0.0185016 0.000572213 0.389296 -0.249748 -0.00167288 -0.194362 0.0169757 0.000190738 0.394255 -0.249786 0.000848397
22 -0.00743866 0.00171661 -0.337034 -0.292234 -0.249676 -0.512131 -0.0860227 0.225094 -0.370604 0.651751 -0.19894 -0.0185016 0.000572213 0.389296 -0.249748 -0.00167288 -0.194362 0.0169757 0.000190738 0.394255 -0.249786 0.000848397
22 -0.00743866 0.00171661 -0.339323 -0.286512 -0.25082 -0.512894 -0.0871672 0.219754 -0.372511 0.652514 -0.19894 -0.0185016 0.000572213 0.389296 -0.249748 -0.00167288 -0.194362 0.0169757 0.000190738 0.394255 -0.249786 0.000848397
22 -0.00743866 0.00171661 -0.341611 -0.28079 -0.251583 -0.513657 -0.0886931 0.214413 -0.374037 0.652895 -0.19894 -0.0185016 0.000572213 0.389296 -0.249748 -0.00167288 -0.194362 0.0169757 0.000190738 0.394255 -0.249786 0.000848397
22 -0.00743866 0.00171661 -0.344282 -0.275449 -0.253109 -0.51442 -0.0898375 0.209835 -0.375944 0.653658 -0.19894 -0.0185016 0.000572213 0.389296 -0.249748 -0.00167288 -0.194362 0.0169757 0.000190738 0.394255 -0.249786 0.000848397
22 -0.00743866 0.00171661 -0.346952 -0.270108 -0.254253 -0.515183 -0.0917449 0.205257 -0.378233 0.654421 -0.19894 -0.0185016 0.000572213 0.389296 -0.249748 -0.00167288 -0.194362 0.0169757 0.000190738 0.394255 -0.249786 0.000848397
22 -0.00743866 0.00171661 -0.349241 -0.264386 -0.255398 -0.516327 -0.0928893 0.199917 -0.379759 0.655184 -0.19894 -0.0185016 0.000572213 0.389296 -0.249748 -0.00167288 -0.194362 0.0169757 0.000190738 0.394255 -0.249786 0.000848397
22 -0.00743866 0.00171661 -0.35153 -0.259046 -0.256924 -0.51709 -0.0940337 0.194576 -0.381666 0.656329 -0.19894 -0.0185016 0.000572213 0.389296 -0.249748 -0.00167288 -0.194362 0.0169757 0.000190738 0.394255 -0.249786 0.000848397
22 -0.00743866 0.00171661 -0.3542 -0.253323 -0.257687 -0.517853 -0.0955596 0.189235 -0.383955 0.657473 -0.19894 -0.0185016 0.000572213 0.389296 -0.249748 -0.00167288 -0.194362 0.0169757 0.000190738 0.394255 -0.249786 0.000848397
22 -0.00743866 0.00171661 -0.356489 -0.247601 -0.259213 -0.518616 -0.0970855 0.184276 -0.385481 0.658236 -0.19894 -0.0185016 0.000572213 0.389296 -0.249748 -0.00167288 -0.194362 0.0169757 0.000190738 0.394255 -0.249786 0.000848397
22 -0.00743866 0.00171661 -0.358778 -0.242261 -0.260357 -0.51976 -0.0986114 0.179699 -0.387388 0.658999 -0.19894 -0.0185016 0.000572213 0.389296 -0.249748 -0.00167288 -0.194362 0.0169757 0.000190738 0.394255 -0.249786 0.000848397
22 -0.00743866 0.00171661 -0.361448 -0.23692 -0.261501 -0.520905 -0.0997559 0.174358 -0.389296 0.659762 -0.19894 -0.0185016 0.000572213 0.389296 -0.249748 -0.00167288 -0.194362 0.0169757 0.000190738 0.394255 -0.249951 0.00124844
22 -0.00743866 0.00171661 -0.363737 -0.231198 -0.262646 -0.522049 -0.1009 0.169017 -0.391203 0.660525 -0.19894 -0.0185016 0.000572213 0.389296 -0.249748 -0.00167288 -0.194362 0.0169757 0.000190738 0.394255 -0.249786 0.00084883
22 -0.00743866 0.00171661 -0.366026 -0.225857 -0.26379 -0.523194 -0.102426 0.163677 -0.393111 0.661288 -0.19894 -0.0185016 0.000572213 0.389296 -0.249748 -0.00167288 -0.194362 0.0169757 0.000190738 0.394255 -0.249786 0.000848397
22 -0.00743866 0.00171661 -0.368315 -0.220516 -0.264935 -0.523957 -0.104334 0.158717 -0.395018 0.662051 -0.19894 -0.0185016 0.000572213 0.389296 -0.249748 -0.00167288 -0.194362 0.0169757 0.000190738 0.394255 -0.249786 0.000848397
22 -0.00743866 0.00171661 -0.370604 -0.215176 -0.266079 -0.525101 -0.105478 0.153758 -0.397307 0.662814 -0.19894 -0.0185016 0.000572213 0.389296 -0.249748 -0.00167288 -0.194362 0.0169757 0.000190738 0.394255 -0.249786 0.000848397
22 -0.00743866 0.00171661 -0.373274 -0.209835 -0.267224 -0.526246 -0.106622 0.148799 -0.398833 0.663958 -0.19894 -0.0185016 0.000572213 0.389296 -0.249748 -0.00167288 -0.194362 0.0169757 0.000190738 0.394255 -0.249786 0.000848397
22 -0.00743866 0.00171661 -0.375563 -0.204495 -0.268368 -0.52739 -0.107767 0.143458 -0.40074 0.664721 -0.19894 -0.0185016 0.000572213 0.389296 -0.249748 -0.00167288 -0.194362 0.0169757 0.000190738 0.394255 -0.249786 0.000848397
22 -0.00743866 0.00171661 -0.377852 -0.199154 -0.269512 -0.528534 -0.109674 0.138118 -0.402647 0.665484 -0.19894 -0.0185016 0.000572213 0.389296 -0.249748 -0.00167288 -0.194362 0.0169757 0.000190738 0.394255 -0.249786 0.000848397
22 -0.00743866 0.00171661 -0.38014 -0.193432 -0.270657 -0.529297 -0.110819 0.132777 -0.404173 0.666247 -0.19894 -0.0185016 0.000572213 0.389296 -0.249748 -0.00167288 -0.194362 0.0169757 0.000190738 0.394255 -0.249951 0.00124844
22 -0.00743866 0.00171661 -0.382048 -0.188091 -0.272183 -0.53006 -0.112345 0.127436 -0.406462 0.66701 -0.19894 -0.0185016 0.000572213 0.389296 -0.249748 -0.00167288 -0.194362 0.0169757 0.000190738 0.394255 -0.249786 0.00084883
22 -0.00743866 0.00171661 -0.384718 -0.18275 -0.273327 -0.531205 -0.113489 0.122859 -0.40837 0.667773 -0.19894 -0.0185016 0.000572213 0.389296 -0.249748 -0.00167288 -0.194362 0.0169757 0.000190738 0.394255 -0.249786 0.000848397
22 -0.00743866 0.00171661 -0.386625 -0.17741 -0.274472 -0.532349 -0.115015 0.1179 -0.410277 0.668917 -0.19894 -0.0185016 0.000572213 0.389296 -0.249748 -0.00167288 -0.194362 0.0169757 0.000190738 0.394255 -0.249786 0.000848397
22 -0.00743866 0.00171661 -0.388914 -0.172069 -0.275616 -0.533875 -0.116922 0.112559 -0.411803 0.670062 -0.19894 -0.0185016 0.000572213 0.389296 -0.249748 -0.00167288 -0.194362 0.0169757 0.000190738 0.394255 -0.249786 0.000848397
22 -0.00743866 0.00171661 -0.391203 -0.166347 -0.276379 -0.535019 -0.118067 0.107218 -0.41371 0.670825 -0.19894 -0.0185016 0.000572213 0.389296 -0.249748 -0.00167288 -0.194362 0.0169757 0.000190738 0.394255 -0.249786 0.000848397
22 -0.00743866 0.00171661 -0.393492 -0.161006 -0.277905 -0.536164 -0.119211 0.101878 -0.415999 0.671588 -0.19894 -0.0185016 0.000572213 0.389296 -0.249748 -0.00167288 -0.194362 0.0169757 0.000190738 0.394255 -0.249786 0.000848397
22 -0.00743866 0.00171661 -0.395399 -0.155284 -0.279049 -0.537308 -0.120356 0.0969184 -0.417525 0.672351 -0.19894 -0.0185016 0.000572213 0.389296 -0.249748 -0.00167288 -0.194362 0.0169757 0.000190738 0.394255 -0.249786 0.000848397
22 -0.00743866 0.00171661 -0.397688 -0.149944 -0.280194 -0.538453 -0.121881 0.0923407 -0.419814 0.673114 -0.19894 -0.0185016 0.000572213 0.389296 -0.249748 -0.00167288 -0.194362 0.0169757 0.000190738 0.394255 -0.249786 0.000848397
22 -0.00743866 0.00171661 -0.399977 -0.144603 -0.281338 -0.539597 -0.123407 0.0873815 -0.421721 0.673877 -0.19894 -0.0185016 0.000572213 0.389296 -0.249748 -0.00167288 -0.194362 0.0169757 0.000190738 0.394255 -0.249786 0.000848397
22 -0.00743866 0.00171661 -0.401884 -0.139262 -0.282483 -0.541123 -0.124552 0.0820408 -0.423629 0.675021 -0.19894 -0.0185016 0.000572213 0.389296 -0.249748 -0.00167288 -0.194362 0.0169757 0.000190738 0.394255 -0.249786 0.000848397
22 -0.00743866 0.00171661 -0.404173 -0.133922 -0.283246 -0.541886 -0.126078 0.0767002 -0.425536 0.676165 -0.19894 -0.0185016 0.000572213 0.389296 -0.249748 -0.00167288 -0.194362 0.0169757 0.000190738 0.394255 -0.249786 0.000848397
22 -0.00743866 0.00171661 -0.406081 -0.128581 -0.284772 -0.54303 -0.127222 0.0713595 -0.427443 0.676928 -0.19894 -0.0185016 0.000572213 0.389296 -0.249748 -0.00167288 -0.194362 0.0169757 0.000190738 0.394255 -0.249786 0.000848397
22 -0.00743866 0.00171661 -0.407988 -0.12324 -0.285916 -0.544175 -0.129129 0.0664003 -0.429351 0.677691 -0.19894 -0.0185016 0.000572213 0.389296 -0.249748 -0.00167288 -0.194362 0.0169757 0.000190738 0.394255 -0.249786 0.000848397
22 -0.00743866 0.00171661 -0.410277 -0.1179 -0.28706 -0.545319 -0.130274 0.0618227 -0.431258 0.678454 -0.19894 -0.0185016 0.000572213 0.389296 -0.249748 -0.00167288 -0.194362 0.0169757 0.000190738 0.394255 -0.249786 0.000848397
22 -0.00743866 0.00171661 -0.412184 -0.112559 -0.288205 -0.546845 -0.131418 0.056482 -0.433547 0.679217 -0.19894 -0.0185016 0.000572213 0.389296 -0.249748 -0.00167288 -0.194362 0.0169757 0.000190738 0.394255 -0.249786 0.000848397
22 -0.00743866 0.00171661 -0.414092 -0.107218 -0.289349 -0.54799 -0.132563 0.0511413 -0.435073 0.67998 -0.19894 -0.0185016 0.000572213 0.389296 -0.249748 -0.00167288 -0.194362 0.0169757 0.000190738 0.394255 -0.249786 0.000848397
22 -0.00743866 0.00171661 -0.415999 -0.101878 -0.290875 -0.549134 -0.134089 0.0458007 -0.437362 0.680743 -0.19894 -0.0185016 0.000572213 0.389296 -0.249748 -0.00167288 -0.194362 0.0169757 0.000190738 0.394255 -0.249786 0.000848397
22 -0.00743866 0.00171661 -0.417906 -0.0969184 -0.29202 -0.55066 -0.135615 0.04046 -0.439269 0.682269 -0.19894 -0.0185016 0.000572213 0.389296 -0.249748 -0.00167288 -0.194362 0.0169757 0.000190738 0.394255 -0.249786 0.000848397
22 -0.00743866 0.00171661 -0.419814 -0.0911963 -0.293164 -0.551804 -0.136759 0.0362638 -0.441176 0.683413 -0.19894 -0.0185016 0.000572213 0.389296 -0.249748 -0.00167288 -0.194362 0.0169757 0.000190738 0.394255 -0.249786 0.000848397
22 -0.00743866 0.00171661 -0.422103 -0.0858556 -0.294308 -0.55333 -0.138285 0.0313046 -0.443465 0.684176 -0.19894 -0.0185016 0.000572213 0.389296 -0.249748 -0.00167288 -0.194362 0.0169757 0.000190738 0.394255 -0.249786 0.000848397
22 -0.00743866 0.00171661 -0.423629 -0.0805149 -0.295453 -0.554475 -0.139429 0.0259639 -0.445373 0.684939 -0.19894 -0.0185016 0.000572213 0.389296 -0.249748 -0.00167288 -0.194362 0.0169757 0.000190738 0.394255 -0.249786 0.000848397
22 -0.00743866 0.00171661 -0.425536 -0.0751743 -0.296979 -0.555619 -0.141337 0.0206233 -0.44728 0.685702 -0.19894 -0.0185016 0.000572213 0.389296 -0.249748 -0.00167288 -0.194362 0.0169757 0.000190738 0.394255 -0.249786 0.000848397
22 -0.00743866 0.00171661 -0.427443 -0.0698336 -0.298123 -0.556764 -0.142481 0.0152826 -0.449187 0.686084 -0.19894 -0.0185016 0.000572213 0.389296 -0.249748 -0.00167288 -0.194362 0.0169757 0.000190738 0.394255 -0.249786 0.000848397
22 -0.00743866 0.00171661 -0.428969 -0.0648744 -0.299649 -0.557908 -0.143626 0.0107049 -0.451095 0.687228 -0.19894 -0.0185016 0.000572213 0.389296 -0.249748 -0.00167288 -0.194362 0.0169757 0.000190738 0.394255 -0.249786 0.000848397
22 -0.00743866 0.00171661 -0.430877 -0.0595338 -0.300793 -0.559815 -0.14477 0.00574571 -0.453384 0.688373 -0.19894 -0.0185016 0.000572213 0.389296 -0.249748 -0.00167288 -0.194362 0.0169757 0.000190738 0.394255 -0.249786 0.000848397
22 -0.00743866 0.00171661 -0.432403 -0.0545746 -0.301938 -0.560578 -0.146296 0.000405073 -0.455291 0.689136 -0.19894 -0.0185016 0.000572213 0.389296 -0.249748 -0.00167288 -0.194362 0.0169757 0.000190738 0.394255 -0.249786 0.000848397
22 -0.00743866 0.00171661 -0.43431 -0.0492339 -0.303082 -0.562104 -0.147822 -0.00493556 -0.45758 0.689899 -0.19894 -0.0185016 0.000572213 0.389296 -0.249748 -0.00167288 -0.194362 0.0169757 0.000190738 0.394255 -0.249786 0.000848397
22 -0.00743866 0.00171661 -0.436217 -0.0438933 -0.304608 -0.563249 -0.148966 -0.0102763 -0.459487 0.690661 -0.19894 -0.0185016 0.000572213 0.389296 -0.249748 -0.00167288 -0.194362 0.0169757 0.000190738 0.394255 -0.249786 0.000848397
22 -0.00743866 0.00209808 -0.437743 -0.0385526 -0.305753 -0.564775 -0.150111 -0.014854 -0.461395 0.691424 -0.19894 -0.0185016 0.000572213 0.389296 -0.249748 -0.00167288 -0.194362 0.0169757 0.000190738 0.394255 -0.249786 0.000848397
22 -0.00743866 0.00171661 -0.439269 -0.0339749 -0.306897 -0.5663 -0.151255 -0.0201946 -0.463302 0.692187 -0.19894 -0.0185016 0.000572213 0.389296 -0.249748 -0.00167288 -0.194362 0.0169757 0.000190738 0.394255 -0.249786 0.000848397
22 -0.00743866 0.00171661 -0.440795 -0.0286343 -0.308042 -0.567063 -0.152781 -0.0251538 -0.465591 0.69295 -0.19894 -0.0185016 0.000572213 0.389296 -0.249748 -0.00167288 -0.194362 0.0169757 0.000190738 0.394255 -0.249786 0.000848397
22 -0.00743866 0.00171661 -0.442321 -0.0236751 -0.309567 -0.568208 -0.154307 -0.0304945 -0.467498 0.694095 -0.19894 -0.0185016 0.000572213 0.389296 -0.249748 -0.00167288 -0.194362 0.0169757 0.000190738 0.394255 -0.249786 0.000848397
22 -0.00743866 0.00171661 -0.444228 -0.0187159 -0.311093 -0.569734 -0.155451 -0.0358351 -0.469787 0.695621 -0.19894 -0.0185016 0.000572213 0.389296 -0.249748 -0.00167288 -0.194362 0.0169757 0.000190738 0.394255 -0.249786 0.000848397
22 -0.00743866 0.00171661 -0.445373 -0.0133752 -0.312238 -0.57126 -0.156596 -0.0407943 -0.472076 0.696384 -0.19894 -0.0185016 0.000572213 0.389296 -0.249748 -0.00167288 -0.194362 0.0169757 0.000190738 0.394255 -0.249786 0.000848397
22 -0.00743866 0.00171661 -0.44728 -0.00841606 -0.313382 -0.572786 -0.15774 -0.0457535 -0.473983 0.697147 -0.19894 -0.0185016 0.000572213 0.389296 -0.249748 -0.00167288 -0.194362 0.0169757 0.000190738 0.394255 -0.249786 0.000848397
22 -0.00743866 0.00171661 -0.448425 -0.00345689 -0.314908 -0.573548 -0.159266 -0.0503312 -0.475891 0.69791 -0.19894 -0.0185016 0.000572213 0.389296 -0.249748 -0.00167288 -0.194362 0.0169757 0.000190738 0.394255 -0.249786 0.000848397
22 -0.00743866 0.00171661 -0.44995 0.00150228 -0.316434 -0.574693 -0.160792 -0.0556718 -0.47818 0.698291 -0.19894 -0.0185016 0.000572213 0.389296 -0.249748 -0.00167288 -0.194362 0.0169757 0.000190738 0.394255 -0.249786 0.000848397
22 -0.00743866 0.00171661 -0.451095 0.0064615 -0.31796 -0.576219 -0.161936 -0.0610125 -0.480087 0.699054 -0.19894 -0.0185016 0.000572213 0.389296 -0.249748 -0.00167288 -0.194362 0.0169757 0.000190738 0.394255 -0.249951 0.00124844
22 -0.00743866 0.00171661 -0.452621 0.0114207 -0.319104 -0.577745 -0.163081 -0.0659717 -0.482376 0.700198 -0.19894 -0.0185016 0.000572213 0.389296 -0.249748 -0.00167288 -0.194362 0.0169757 0.000190738 0.394255 -0.249951 0.001248
22 -0.00743866 0.00209808 -0.454147 0.0163798 -0.320249 -0.578889 -0.164225 -0.0713123 -0.484665 0.701343 -0.19894 -0.0185016 0.000572213 0.389296 -0.249748 -0.00167288 -0.194362 0.0169757 0.000190738 0.394255 -0.249786 0.000848829
22 -0.00743866 0.00171661 -0.455673 0.0213391 -0.322156 -0.580034 -0.165751 -0.0755085 -0.486572 0.702106 -0.19894 -0.0185016 0.000572213 0.389296 -0.249748 -0.00167288 -0.194362 0.0169757 0.000190738 0.394255 -0.249786 0.000848397
22 -0.00743866 0.00171661 -0.456817 0.0262982 -0.323682 -0.581178 -0.167277 -0.0808492 -0.488479 0.702869 -0.19894 -0.0185016 0.000572213 0.389296 -0.249748 -0.00167288 -0.194362 0.0169757 0.000190738 0.394255 -0.249786 0.000848397
22 -0.00743866 0.00171661 -0.457961 0.0312574 -0.324826 -0.582322 -0.16804 -0.0858084 -0.490768 0.704013 -0.19894 -0.0185016 0.000572213 0.389296 -0.249748 -0.00167288 -0.194362 0.0169757 0.000190738 0.394255 -0.249786 0.000848397
22 -0.00743866 0.00171661 -0.459487 0.0362166 -0.326352 -0.583848 -0.169566 -0.091149 -0.492676 0.704776 -0.19894 -0.0185016 0.000572213 0.389296 -0.249748 -0.00167288 -0.194362 0.0169757 0.000190738 0.394255 -0.249786 0.000848397
22 -0.00743866 0.00171661 -0.460632 0.0407943 -0.327878 -0.585374 -0.170329 -0.0961083 -0.495346 0.705539 -0.19894 -0.0185016 0.000572213 0.389296 -0.249748 -0.00167288 -0.194362 0.0169757 0.000190738 0.394255 -0.249786 0.000848397
22 -0.00743866 0.00171661 -0.461776 0.0457535 -0.329404 -0.586519 -0.171855 -0.100304 -0.497253 0.706683 -0.19894 -0.0185016 0.000572213 0.389296 -0.249748 -0.00167288 -0.194362 0.0169757 0.000190738 0.394255 -0.249786 0.000848397
22 -0.00743866 0.00171661 -0.462921 0.0503312 -0.33093 -0.587663 -0.173381 -0.105645 -0.499161 0.707828 -0.19894 -0.0185016 0.000572213 0.389296 -0.249748 -0.00167288 -0.194362 0.0169757 0.000190738 0.394255 -0.249786 0.000848397
22 -0.00743866 0.00171661 -0.464065 0.0556718 -0.332456 -0.588808 -0.174525 -0.110604 -0.50145 0.708591 -0.19894 -0.0185016 0.000572213 0.389296 -0.249748 -0.00167288 -0.194362 0.0169757 0.000190738 0.394255 -0.249951 0.00124844
22 -0.00743866 0.00171661 -0.464828 0.0602495 -0.333982 -0.590333 -0.175669 -0.115945 -0.503738 0.709735 -0.19894 -0.0185016 0.000572213 0.389296 -0.249748 -0.00167288 -0.194362 0.0169757 0.000190738 0.394255 -0.249786 0.00084883
22 -0.00743866 0.00171661 -0.465972 0.0648273 -0.335889 -0.591478 -0.176814 -0.120904 -0.506027 0.710498 -0.19894 -0.0185016 0.000572213 0.389296 -0.249748 -0.00167288 -0.194362 0.0169757 0.000190738 0.394255 -0.249786 0.000848397
22 -0.00743866 0.00171661 -0.467117 0.069405 -0.337415 -0.592622 -0.17834 -0.1251 -0.508316 0.71088 -0.19894 -0.0185016 0.000572213 0.389296 -0.249748 -0.00167288 -0.194362 0.0169757 0.000190738 0.394255 -0.249786 0.000848397
22 -0.00743866 0.00171661 -0.468261 0.0743641 -0.33856 -0.593385 -0.179484 -0.130441 -0.510224 0.712024 -0.19894 -0.0185016 0.000572213 0.389296 -0.249748 -0.00167288 -0.194362 0.0169757 0.000190738 0.394255 -0.249786 0.000848397
22 -0.00743866 0.00171661 -0.469024 0.0789418 -0.340085 -0.59453 -0.180629 -0.1354 -0.512512 0.712787 -0.19894 -0.0185016 0.000572213 0.389296 -0.249748 -0.00167288 -0.194362 0.0169757 0.000190738 0.394255 -0.249786 0.000848397
22 -0.00743866 0.00171661 -0.470169 0.0835195 -0.341993 -0.596056 -0.181392 -0.140359 -0.514801 0.713932 -0.19894 -0.0185016 0.000572213 0.389296 -0.249748 -0.00167288 -0.194362 0.0169757 0.000190738 0.394255 -0.249786 0.000848397
22 -0.00743866 0.00171661 -0.470932 0.0880973 -0.343519 -0.597581 -0.182536 -0.144937 -0.516709 0.714694 -0.19894 -0.0185016 0.000572213 0.389296 -0.249748 -0.00167288 -0.194362 0.0169757 0.000190738 0.394255 -0.249786 0.000848397
22 -0.00743866 0.00171661 -0.472076 0.0930564 -0.345045 -0.598344 -0.184062 -0.149896 -0.519379 0.715457 -0.19894 -0.0185016 0.000572213 0.389296 -0.249748 -0.00167288 -0.194362 0.0169757 0.000190738 0.394255 -0.249786 0.000848397
22 -0.00743866 0.00209808 -0.472839 0.0976341 -0.346952 -0.599489 -0.185206 -0.154855 -0.521668 0.71622 -0.19894 -0.0185016 0.000572213 0.389296 -0.249748 -0.00167288 -0.194362 0.0169757 0.000190738 0.394255 -0.249786 0.000848397
22 -0.00743866 0.00171661 -0.473983 0.10183 -0.348478 -0.600633 -0.186351 -0.159815 -0.523575 0.716983 -0.19894 -0.0185016 0.000572213 0.389296 -0.249748 -0.00167288 -0.194362 0.0169757 0.000190738 0.394255 -0.249786 0.000848397
22 -0.00743866 0.00171661 -0.474746 0.106408 -0.350385 -0.601778 -0.187114 -0.164392 -0.525483 0.717746 -0.19894 -0.0185016 0.000572213 0.389296 -0.249748 -0.00167288 -0.194362 0.0169757 0.000190738 0.394255 -0.249786 0.000848397
22 -0.00743866 0.00171661 -0.475509 0.111367 -0.351911 -0.603304 -0.188258 -0.16897 -0.528153 0.719272 -0.19894 -0.0185016 0.000572213 0.389296 -0.249748 -0.00167288 -0.194362 0.0169757 0.000190738 0.394255 -0.249786 0.000848397
22 -0.00743866 0.00171661 -0.476272 0.115564 -0.353819 -0.604067 -0.189403 -0.173929 -0.530442 0.720035 -0.19894 -0.0185016 0.000572213 0.389296 -0.249748 -0.00167288 -0.194362 0.0169757 0.000190738 0.394255 -0.249786 0.000848397
22 -0.00743866 0.00171661 -0.477035 0.120141 -0.355344 -0.605211 -0.190929 -0.17927 -0.532731 0.720798 -0.19894 -0.0185016 0.000572213 0.389296 -0.249748 -0.00167288 -0.194362 0.0169757 0.000190738 0.394255 -0.249786 0.000848397
22 -0.00743866 0.00171661 -0.47818 0.124719 -0.357252 -0.606355 -0.192073 -0.184229 -0.534638 0.721561 -0.19894 -0.0185016 0.000572213 0.389296 -0.249913 -0.00207305 -0.194362 0.0169757 0.000190738 0.394255 -0.249951 0.00124844
22 -0.00743866 0.00171661 -0.478943 0.129297 -0.359159 -0.607118 -0.192836 -0.188044 -0.536927 0.722324 -0.19894 -0.0185016 0.000572213 0.389296 -0.249913 -0.00207261 -0.194362 0.0169757 0.000190738 0.394255 -0.249786 0.00084883
22 -0.00743866 0.00171661 -0.479324 0.133874 -0.361067 -0.608263 -0.19398 -0.193385 -0.539216 0.723087 -0.19894 -0.0185016 0.000572213 0.389296 -0.249913 -0.00207261 -0.194362 0.0169757 0.000190738 0.394255 -0.249786 0.000848397
22 -0.00743866 0.00171661 -0.480087 0.138071 -0.362593 -0.609789 -0.194743 -0.198344 -0.541505 0.72385 -0.19894 -0.0185016 0.000572213 0.389296 -0.249748 -0.00167331 -0.194362 0.0169757 0.000190738 0.394255 -0.249786 0.000848397
22 -0.00743866 0.00171661 -0.48085 0.142648 -0.364118 -0.610552 -0.195888 -0.203303 -0.543793 0.724613 -0.19894 -0.0185016 0.000572213 0.389296 -0.249748 -0.00167288 -0.194362 0.0169757 0.000190738 0.394255 -0.249786 0.000848397
22 -0.00743866 0.00171661 -0.481613 0.146845 -0.366407 -0.611696 -0.197032 -0.207881 -0.546082 0.725757 -0.19894 -0.0185016 0.000572213 0.389296 -0.249748 -0.00167288 -0.194362 0.0169757 0.000190738 0.394255 -0.249786 0.000848397
22 -0.00743866 0.00171661 -0.481994 0.151422 -0.368315 -0.612459 -0.198177 -0.212458 -0.548371 0.72652 -0.19894 -0.0185016 0.000572213 0.389296 -0.249748 -0.00167288 -0.194362 0.0169757 0.000190738 0.394255 -0.249786 0.000848397
22 -0.00743866 0.00171661 -0.482376 0.155618 -0.369841 -0.613603 -0.19894 -0.217417 -0.550278 0.727283 -0.19894 -0.0185016 0.000572213 0.389296 -0.249748 -0.00167288 -0.194362 0.0169757 0.000190738 0.394255 -0.249786 0.000848397
22 -0.00743866 0.00171661 -0.483139 0.160196 -0.372129 -0.614366 -0.200084 -0.222377 -0.552949 0.728046 -0.19894 -0.0185016 0.000572213 0.389296 -0.249913 -0.00207305 -0.194362 0.0169757 0.000190738 0.394255 -0.249786 0.000848397
22 -0.00743866 0.00171661 -0.48352 0.164392 -0.374037 -0.615511 -0.200847 -0.227336 -0.555238 0.728809 -0.19894 -0.0185016 0.000572213 0.389296 -0.249913 -0.00207261 -0.194362 0.0169757 0.000190738 0.394255 -0.249786 0.000848397
22 -0.00743866 0.00171661 -0.484283 0.168589 -0.375944 -0.616274 -0.201991 -0.231532 -0.557527 0.729572 -0.19894 -0.0185016 0.000572213 0.389296 -0.249913 -0.00207261 -0.194362 0.0169757 0.000190738 0.394255 -0.249786 0.000848397
22 -0.00743866 0.00171661 -0.485046 0.173166 -0.377852 -0.617418 -0.203517 -0.236491 -0.559815 0.730335 -0.19894 -0.0185016 0.000572213 0.389296 -0.249913 -0.00207261 -0.194362 0.0169757 0.000190738 0.394255 -0.249786 0.000848397
22 -0.00743866 0.00171661 -0.485428 0.176981 -0.379759 -0.618181 -0.204662 -0.24145 -0.561723 0.731479 -0.19894 -0.0185016 0.000572213 0.389296 -0.249913 -0.00207261 -0.194362 0.0169757 0.000190738 0.394255 -0.249786 0.000848397
22 -0.00743866 0.00171661 -0.485809 0.181559 -0.381666 -0.618944 -0.205043 -0.24641 -0.564393 0.732624 -0.19894 -0.0185016 0.000572213 0.389296 -0.249913 -0.00207261 -0.194362 0.0169757 0.000190738 0.394255 -0.249786 0.000848397
22 -0.00743866 0.00171661 -0.486191 0.186136 -0.383574 -0.619707 -0.206188 -0.250224 -0.5663 0.733387 -0.19894 -0.0185016 0.000572213 0.389296 -0.249913 -0.00207261 -0.194362 0.0169757 0.000190738 0.394255 -0.249786 0.000848397
22 -0.00743866 0.00171661 -0.486572 0.190333 -0.385481 -0.620851 -0.20695 -0.255184 -0.568971 0.73415 -0.19894 -0.0185016 0.000572213 0.389296 -0.249913 -0.00207261 -0.194362 0.0169757 0.000190738 0.394255 -0.249786 0.000848397
22 -0.00743866 0.00171661 -0.486954 0.194529 -0.387388 -0.621996 -0.207713 -0.260143 -0.57126 0.734531 -0.19894 -0.0185016 0.000572213 0.389296 -0.249748 -0.00167331 -0.194362 0.0169757 0.000190738 0.394255 -0.249786 0.000848397
22 -0.00743866 0.00171661 -0.487335 0.199107 -0.389296 -0.622759 -0.209239 -0.26472 -0.573167 0.735294 -0.19894 -0.0185016 0.000572213 0.389296 -0.249748 -0.00167288 -0.194362 0.0169757 0.000190738 0.394255 -0.249786 0.000848397
22 -0.00743866 0.00209808 -0.487716 0.202921 -0.391585 -0.623522 -0.210002 -0.268917 -0.575456 0.735676 -0.19894 -0.0185016 0.000572213 0.389296 -0.249748 -0.00167288 -0.194362 0.0169757 0.000190738 0.394255 -0.249786 0.000848397
22 -0.00743866 0.00171661 -0.488098 0.207499 -0.393492 -0.624285 -0.211147 -0.273876 -0.577745 0.736439 -0.19894 -0.0185016 0.000572213 0.389296 -0.249748 -0.00167288 -0.194362 0.0169757 0.000190738 0.394255 -0.249786 0.000848397
22 -0.00743866 0.00171661 -0.488098 0.211695 -0.395399 -0.625048 -0.21191 -0.278835 -0.580034 0.737202 -0.19894 -0.0185016 0.000572213 0.389296 -0.249748 -0.00167288 -0.194362 0.0169757 0.000190738 0.394255 -0.249786 0.000848397
22 -0.00743866 0.00171661 -0.488479 0.215892 -0.397688 -0.625811 -0.212673 -0.283413 -0.582704 0.737964 -0.19894 -0.0185016 0.000572213 0.389296 -0.249913 -0.00207305 -0.194362 0.0169757 0.000190738 0.394255 -0.249786 0.000848397
22 -0.00743866 0.00171661 -0.488861 0.220088 -0.399596 -0.626192 -0.213436 -0.287609 -0.584611 0.738727 -0.19894 -0.0185016 0.000572213 0.389296 -0.249748 -0.00167331 -0.194362 0.0169757 0.000190738 0.394255 -0.249786 0.000848397
22 -0.00743866 0.00171661 -0.488861 0.224284 -0.401503 -0.627337 -0.21458 -0.292568 -0.5869 0.73949 -0.19894 -0.0185016 0.000572213 0.389296 -0.249748 -0.00167288 -0.194362 0.0169757 0.000190738 0.394255 -0.249786 0.000848397
22 -0.00743866 0.00171661 -0.489242 0.228862 -0.403792 -0.6281 -0.215724 -0.297527 -0.58957 0.739872 -0.19894 -0.0185016 0.000572213 0.389296 -0.249748 -0.00167288 -0.194362 0.0169757 0.000190738 0.394255 -0.249786 0.000848397
22 -0.00743866 0.00171661 -0.489624 0.233058 -0.405699 -0.628481 -0.216487 -0.302486 -0.591478 0.740635 -0.19894 -0.0185016 0.000572213 0.389296 -0.249913 -0.00207305 -0.194362 0.0169757 0.000190738 0.394255 -0.249786 0.000848397
22 -0.00743866 0.00171661 -0.489624 0.237254 -0.407607 -0.629244 -0.21725 -0.306301 -0.594148 0.741016 -0.19894 -0.0185016 0.000572213 0.389296 -0.249913 -0.00207261 -0.194362 0.0169757 0.000190738 0.394255 -0.249786 0.000848397
22 -0.00743866 0.00171661 -0.490005 0.241832 -0.410277 -0.629625 -0.218013 -0.31126 -0.596437 0.741779 -0.19894 -0.0185016 0.000572213 0.389296 -0.249913 -0.00207261 -0.194362 0.0169757 0.000190738 0.394255 -0.249786 0.000848397
22 -0.00743866 0.00171661 -0.490005 0.245265 -0.412184 -0.630007 -0.218776 -0.315838 -0.598344 0.742542 -0.19894 -0.0185016 0.000572213 0.389296 -0.249913 -0.00207261 -0.194362 0.0169757 0.000190738 0.394255 -0.249786 0.000848397
22 -0.00743866 0.00171661 -0.490387 0.249843 -0.414473 -0.630388 -0.219539 -0.320797 -0.600633 0.743305 -0.19894 -0.0185016 0.000572213 0.389296 -0.249913 -0.00207261 -0.194362 0.0169757 0.000190738 0.394255 -0.249786 0.000848397
22 -0.00743866 0.00171661 -0.490387 0.254421 -0.416762 -0.631151 -0.220302 -0.324612 -0.602922 0.744068 -0.19894 -0.0185016 0.000572213 0.389296 -0.249913 -0.00207261 -0.194362 0.0169757 0.000190738 0.394255 -0.249786 0.000848397
22 -0.00743866 0.00171661 -0.490768 0.258235 -0.418669 -0.631533 -0.221447 -0.329571 -0.605592 0.744831 -0.19894 -0.0185016 0.000572213 0.389296 -0.249913 -0.00207261 -0.194362 0.0169757 0.000190738 0.394255 -0.249786 0.000848397
22 -0.00743866 0.00171661 -0.490768 0.262432 -0.420958 -0.631914 -0.22221 -0.33453 -0.607881 0.745594 -0.19894 -0.0185016 0.000572213 0.389296 -0.249913 -0.00207261 -0.194362 0.0169757 0.000190738 0.394255 -0.249786 0.000848397
22 -0.00743866 0.00171661 -0.490768 0.266628 -0.423247 -0.632296 -0.223354 -0.338345 -0.609789 0.745975 -0.19894 -0.0185016 0.000572213 0.389296 -0.249748 -0.00167331 -0.194362 0.0169757 0.000190738 0.394255 -0.249786 0.000848397
22 -0.00743866 0.00171661 -0.49115 0.270443 -0.425536 -0.633059 -0.223735 -0.342923 -0.612459 0.746738 -0.19894 -0.0185016 0.000572213 0.389296 -0.249748 -0.00167288 -0.194362 0.0169757 0.000190738 0.394255 -0.249786 0.000848397
22 -0.00743866 0.00171661 -0.49115 0.274639 -0.427443 -0.633822 -0.224498 -0.347882 -0.614748 0.74712 -0.19894 -0.0185016 0.000572213 0.389296 -0.249748 -0.00167288 -0.194362 0.0169757 0.000190738 0.394255 -0.249786 0.000848397
22 -0.00743866 0.00171661 -0.49115 0.279217 -0.430114 -0.634203 -0.225261 -0.35246 -0.617037 0.747501 -0.19894 -0.0185016 0.000572213 0.389296 -0.249748 -0.00167288 -0.194362 0.0169757 0.000190738 0.394255 -0.249786 0.000848397
22 -0.00743866 0.00171661 -0.491531 0.283031 -0.432021 -0.634585 -0.226024 -0.356656 -0.619326 0.747883 -0.19894 -0.0185016 0.000572213 0.389296 -0.249913 -0.00207305 -0.194362 0.0169757 0.000190738 0.394255 -0.249951 0.00124844
22 -0.00743866 0.00171661 -0.491531 0.287228 -0.434691 -0.634966 -0.226787 -0.361234 -0.621614 0.748264 -0.19894 -0.0185016 0.000572213 0.389296 -0.249913 -0.00207261 -0.194362 0.0169757 0.000190738 0.394255 -0.249786 0.00084883
22 -0.00743866 0.00171661 -0.491531 0.291805 -0.43698 -0.635348 -0.227932 -0.366193 -0.623903 0.748646 -0.19894 -0.0185016 0.000572213 0.389296 -0.249913 -0.00207261 -0.194362 0.0169757 0.000190738 0.394255 -0.249786 0.000848397
22 -0.00743866 0.00171661 -0.491913 0.295238 -0.438888 -0.635729 -0.228695 -0.370771 -0.626192 0.749027 -0.19894 -0.0185016 0.000572213 0.389296 -0.249913 -0.00207261 -0.194362 0.0169757 0.000190738 0.394255 -0.249786 0.000848397
22 -0.00743866 0.00171661 -0.491913 0.299816 -0.441558 -0.63611 -0.229458 -0.374585 -0.628481 0.749409 -0.19894 -0.0185016 0.000572213 0.389296 -0.249748 -0.00167331 -0.194362 0.0169757 0.000190738 0.394255 -0.249786 0.000848397
22 -0.00743866 0.00171661 -0.491913 0.304012 -0.443847 -0.63611 -0.229839 -0.379545 -0.631151 0.74979 -0.19894 -0.0185016 0.000572213 0.389296 -0.249913 -0.00207305 -0.194362 0.0169757 0.000190738 0.394255 -0.249786 0.000848397
22 -0.00743866 0.00171661 -0.492294 0.308209 -0.446517 -0.636492 -0.23022 -0.384504 -0.63344 0.750172 -0.19894 -0.0185016 0.000572213 0.389296 -0.249913 -0.00207261 -0.194362 0.0169757 0.000190738 0.394255 -0.249786 0.000848397
22 -0.00743866 0.00171661 -0.492294 0.312405 -0.448806 -0.636492 -0.230983 -0.3887 -0.635348 0.750553 -0.19894 -0.0185016 0.000572213 0.389296 -0.249748 -0.00167331 -0.194362 0.0169757 0.000190738 0.394255 -0.249786 0.000848397
22 -0.00743866 0.00171661 -0.492294 0.316601 -0.451476 -0.636873 -0.231746 -0.392896 -0.637636 0.750935 -0.19894 -0.0185016 0.000572213 0.389296 -0.249748 -0.00167288 -0.194362 0.0169757 0.000190738 0.394255 -0.249786 0.000848397
22 -0.00743866 0.00171661 -0.492676 0.320416 -0.454147 -0.636873 -0.232509 -0.397855 -0.640307 0.751316 -0.19894 -0.0185016 0.000572213 0.389296 -0.249748 -0.00167288 -0.194362 0.0169757 0.000190738 0.394255 -0.249786 0.000848397
22 -0.00743866 0.00171661 -0.492676 0.324994 -0.456436 -0.637255 -0.232891 -0.402815 -0.642596 0.751316 -0.19894 -0.0185016 0.000572213 0.389296 -0.249748 -0.00167288 -0.194362 0.0169757 0.000190738 0.394255 -0.249786 0.000848397
22 -0.00743866 0.00171661 -0.492676 0.32919 -0.459106 -0.637255 -0.233654 -0.406629 -0.645266 0.751698 -0.19894 -0.0185016 0.000572213 0.389296 -0.249748 -0.00167288 -0.194362 0.0169757 0.000190738 0.394255 -0.249786 0.000848397
22 -0.00743866 0.00171661 -0.492676 0.333005 -0.461776 -0.637255 -0.234417 -0.411207 -0.647173 0.752079 -0.19894 -0.0185016 0.000572213 0.389296 -0.249748 -0.00167288 -0.194362 0.0169757 0.000190738 0.394255 -0.249786 0.000848397
22 -0.00743866 0.00171661 -0.492676 0.337201 -0.464065 -0.637255 -0.23518 -0.415785 -0.649462 0.752461 -0.19894 -0.0185016 0.000572213 0.389296 -0.249748 -0.00167288 -0.194362 0.0169757 0.000190738 0.394255 -0.249786 0.000848397
22 -0.00743866 0.00171661 -0.492676 0.341779 -0.467117 -0.637255 -0.235561 -0.420362 -0.652132 0.752842 -0.19894 -0.0185016 0.000572213 0.389296 -0.249913 -0.00207305 -0.194362 0.0169757 0.000190738 0.394255 -0.249786 0.000848397
22 -0.00743866 0.00171661 -0.493057 0.345212 -0.469787 -0.637255 -0.236324 -0.424177 -0.654421 0.753223 -0.19894 -0.0185016 0.000572213 0.389296 -0.249913 -0.00207261 -0.194362 0.0169757 0.000190738 0.394255 -0.249786 0.000848397
22 -0.00743866 0.00171661 -0.493057 0.349408 -0.472457 -0.637255 -0.236706 -0.429136 -0.65671 0.753605 -0.19894 -0.0185016 0.000572213 0.389296 -0.249913 -0.00207261 -0.194362 0.0169757 0.000190738 0.394255 -0.249786 0.000848397
22 -0.00743866 0.00171661 -0.493057 0.353986 -0.475509 -0.637255 -0.237469 -0.433714 -0.658999 0.753986 -0.19894 -0.0185016 0.000572213 0.389296 -0.249913 -0.00207261 -0.194362 0.0169757 0.000190738 0.394255 -0.249786 0.000848397
22 -0.00743866 0.00171661 -0.493057 0.3578 -0.47818 -0.637255 -0.23785 -0.437529 -0.661288 0.754368 -0.19894 -0.0185016 0.000572213 0.389296 -0.249913 -0.00207261 -0.194362 0.0169757 0.000190738 0.394255 -0.249786 0.000848397
22 -0.00743866 0.00171661 -0.493057 0.361997 -0.48085 -0.637255 -0.238613 -0.442107 -0.663577 0.754749 -0.19894 -0.0185016 0.000572213 0.389296 -0.249913 -0.00207261 -0.194362 0.0169757 0.000190738 0.394255 -0.249786 0.000848397
22 -0.00743866 0.00171661 -0.493439 0.366193 -0.483902 -0.637255 -0.239376 -0.446684 -0.665866 0.755131 -0.19894 -0.0185016 0.000572213 0.389296 -0.249748 -0.00167331 -0.194362 0.0169757 0.000190738 0.394255 -0.249786 0.000848397
22 -0.00743866 0.00171661 -0.493439 0.370008 -0.486572 -0.637255 -0.240139 -0.45088 -0.668536 0.755512 -0.19894 -0.0185016 0.000572213 0.389296 -0.249748 -0.00167288 -0.194362 0.0169757 0.000190738 0.394255 -0.249786 0.000848397
22 -0.00743866 0.00171661 -0.493439 0.374204 -0.489242 -0.637255 -0.240902 -0.455077 -0.670825 0.755894 -0.19894 -0.0185016 0.000572213 0.389296 -0.249748 -0.00167288 -0.194362 0.0169757 0.000190738 0.394255 -0.249786 0.000848397
22 -0.00743866 0.00171661 -0.493439 0.3784 -0.492294 -0.637255 -0.241283 -0.459654 -0.672732 0.756275 -0.19894 -0.0185016 0.000572213 0.389296 -0.249748 -0.00167288 -0.194362 0.0169757 0.000190738 0.394255 -0.249786 0.000848397
22 -0.00743866 0.00171661 -0.493439 0.382596 -0.494965 -0.637255 -0.242046 -0.464614 -0.675021 0.756275 -0.19894 -0.0185016 0.000572213 0.389296 -0.249748 -0.00167288 -0.194362 0.0169757 0.000190738 0.394255 -0.249786 0.000848397
22 -0.00743866 0.00171661 -0.49382 0.386793 -0.498398 -0.637255 -0.242046 -0.468428 -0.67731 0.756657 -0.19894 -0.0185016 0.000572213 0.389296 -0.249748 -0.00167288 -0.194362 0.0169757 0.000190738 0.394255 -0.249786 0.000848397
22 -0.00743866 0.00171661 -0.49382 0.390989 -0.501068 -0.637255 -0.242428 -0.473006 -0.679599 0.757038 -0.19894 -0.0185016 0.000572213 0.389296 -0.249913 -0.00207305 -0.194362 0.0169757 0.000190738 0.394255 -0.249786 0.000848397
22 -0.00743866 0.00171661 -0.49382 0.394804 -0.50412 -0.637255 -0.242809 -0.477584 -0.681888 0.75742 -0.19894 -0.0185016 0.000572213 0.389296 -0.249913 -0.00207261 -0.194362 0.0169757 0.000190738 0.394255 -0.249786 0.000848397
22 -0.00743866 0.00171661 -0.49382 0.399 -0.50679 -0.637255 -0.243572 -0.482162 -0.684176 0.75742 -0.19894 -0.0185016 0.000572213 0.389296 -0.249913 -0.00207261 -0.194362 0.0169757 0.000190738 0.394255 -0.249786 0.000848397
22 -0.00743866 0.00171661 -0.49382 0.403196 -0.510224 -0.637255 -0.243954 -0.485976 -0.686465 0.757801 -0.19894 -0.0185016 0.000572213 0.389296 -0.249913 -0.00207261 -0.194362 0.0169757 0.000190738 0.394255 -0.249786 0.000848397
22 -0.00743866 0.00171661 -0.49382 0.407392 -0.513275 -0.637255 -0.244717 -0.490554 -0.688754 0.757801 -0.19894 -0.0185016 0.000572213 0.389296 -0.249913 -0.00207261 -0.194362 0.0169757 0.000190738 0.394255 -0.249786 0.000848397
22 -0.00743866 0.00171661 -0.49382 0.411588 -0.516327 -0.637255 -0.245098 -0.495513 -0.690661 0.757801 -0.19894 -0.0185016 0.000572213 0.389296 -0.249913 -0.00207261 -0.194362 0.0169757 0.000190738 0.394255 -0.249786 0.000848397
22 -0.00743866 0.00171661 -0.49382 0.415785 -0.519379 -0.637255 -0.245861 -0.498946 -0.693332 0.757801 -0.19894 -0.0185016 0.000572213 0.389296 -0.249748 -0.00167331 -0.194362 0.0169757 0.000190738 0.394255 -0.249786 0.000848397
22 -0.00743866 0.00171661 -0.49382 0.419599 -0.522431 -0.637255 -0.246624 -0.503906 -0.695621 0.757801 -0.19894 -0.0185016 0.000572213 0.389296 -0.249748 -0.00167288 -0.194362 0.0169757 0.000190738 0.394255 -0.249786 0.000848397
22 -0.00743866 0.00171661 -0.49382 0.423796 -0.525483 -0.637255 -0.247005 -0.508483 -0.697528 0.757801 -0.19894 -0.0185016 0.000572213 0.389296 -0.249748 -0.00167288 -0.194362 0.0169757 0.000190738 0.394255 -0.249786 0.000848397
22 -0.00743866 0.00171661 -0.49382 0.427992 -0.528534 -0.637255 -0.247768 -0.512298 -0.699817 0.757801 -0.19894 -0.0185016 0.000572213 0.389296 -0.249748 -0.00167288 -0.194362 0.0169757 0.000190738 0.394255 -0.249786 0.000848397
22 -0.00743866 0.00171661 -0.49382 0.432188 -0.531586 -0.637255 -0.24815 -0.516876 -0.702106 0.757801 -0.19894 -0.0185016 0.000572213 0.389296 -0.249748 -0.00167288 -0.194362 0.0169757 0.000190738 0.394255 -0.249786 0.000848397
22 -0.00743866 0.00171661 -0.49382 0.436384 -0.535019 -0.637255 -0.248531 -0.521453 -0.704395 0.757801 -0.19894 -0.0185016 0.000572213 0.389296 -0.249748 -0.00167288 -0.194362 0.0169757 0.000190738 0.394255 -0.249786 0.000848397
22 -0.00743866 0.00171661 -0.49382 0.440581 -0.53769 -0.637255 -0.248531 -0.526031 -0.706683 0.757801 -0.19894 -0.0185016 0.000572213 0.389296 -0.249748 -0.00167288 -0.194362 0.0169757 0.000190738 0.394255 -0.249786 0.000848397
22 -0.00743866 0.00171661 -0.49382 0.444395 -0.541123 -0.637255 -0.248913 -0.529846 -0.708972 0.757801 -0.19894 -0.0185016 0.000572213 0.389296 -0.249913 -0.00207305 -0.194362 0.0169757 0.000190738 0.394255 -0.249786 0.000848397
22 -0.00743866 0.00171661 -0.49382 0.448592 -0.543793 -0.637255 -0.249294 -0.534805 -0.711261 0.757801 -0.19894 -0.0185016 0.000572213 0.389296 -0.249913 -0.00207261 -0.194362 0.0169757 0.000190738 0.394255 -0.249786 0.000848397
22 -0.00743866 0.00171661 -0.49382 0.452788 -0.547227 -0.637255 -0.249676 -0.539383 -0.71355 0.757801 -0.19894 -0.0185016 0.000572213 0.389296 -0.249748 -0.00167331 -0.194362 0.0169757 0.000190738 0.394255 -0.249786 0.000848397
22 -0.00743866 0.00171661 -0.49382 0.456603 -0.55066 -0.637255 -0.250057 -0.543198 -0.715457 0.75742 -0.19894 -0.0185016 0.000572213 0.389296 -0.249748 -0.00167288 -0.194362 0.0169757 0.000190738 0.394255 -0.249786 0.000848397
22 -0.00743866 0.00171661 -0.49382 0.460799 -0.553712 -0.637255 -0.250439 -0.547775 -0.718128 0.75742 -0.19894 -0.0185016 0.000572213 0.389296 -0.249748 -0.00167288 -0.194362 0.0169757 0.000190738 0.394255 -0.249786 0.000848397
22 -0.00743866 0.00171661 -0.49382 0.464614 -0.556764 -0.637255 -0.25082 -0.552353 -0.720417 0.75742 -0.19894 -0.0185016 0.000572213 0.389296 -0.249748 -0.00167288 -0.194362 0.0169757 0.000190738 0.394255 -0.249786 0.000848397
22 -0.00743866 0.00171661 -0.49382 0.46881 -0.559815 -0.637255 -0.251202 -0.556168 -0.722324 0.75742 -0.19894 -0.0185016 0.000572213 0.389296 -0.249748 -0.00167288 -0.194362 0.0169757 0.000190738 0.394255 -0.249786 0.000848397
22 -0.00743866 0.00171661 -0.49382 0.473006 -0.563249 -0.637255 -0.251583 -0.560745 -0.724613 0.75742 -0.19894 -0.0185016 0.000572213 0.389296 -0.249913 -0.00207305 -0.194362 0.0169757 0.000190738 0.394255 -0.249786 0.000848397
22 -0.00743866 0.00171661 -0.49382 0.476821 -0.5663 -0.637255 -0.252346 -0.565323 -0.727283 0.75742 -0.19894 -0.0185016 0.000572213 0.389296 -0.249913 -0.00207261 -0.194362 0.0169757 0.000190738 0.394255 -0.249786 0.000848397
22 -0.00743866 0.00171661 -0.49382 0.481017 -0.569734 -0.637255 -0.252728 -0.569901 -0.729191 0.75742 -0.19894 -0.0185016 0.000572213 0.389296 -0.249748 -0.00167331 -0.194362 0.0169757 0.000190738 0.394255 -0.249786 0.000848397
22 -0.00743866 0.00171661 -0.49382 0.485595 -0.573167 -0.637255 -0.253491 -0.573716 -0.731479 0.75742 -0.19894 -0.0185016 0.000572213 0.389296 -0.249748 -0.00167288 -0.194362 0.0169757 0.000190738 0.394255 -0.249786 0.000848397
22 -0.00743866 0.00171661 -0.49382 0.48941 -0.576219 -0.637255 -0.253872 -0.578293 -0.733768 0.75742 -0.19894 -0.0185016 0.000572213 0.389296 -0.249748 -0.00167288 -0.194362 0.0169757 0.000190738 0.394255 -0.249786 0.000848397
22 -0.00743866 0.00171661 -0.49382 0.493606 -0.579652 -0.637255 -0.254253 -0.582871 -0.736057 0.75742 -0.19894 -0.0185016 0.000572213 0.389296 -0.249748 -0.00167288 -0.194362 0.0169757 0.000190738 0.394255 -0.249786 0.000848397
22 -0.00743866 0.00171661 -0.49382 0.498183 -0.582704 -0.637255 -0.254253 -0.586304 -0.737964 0.75742 -0.19894 -0.0185016 0.000572213 0.389296 -0.249748 -0.00167288 -0.194362 0.0169757 0.000190738 0.394255 -0.249786 0.000848397
22 -0.00743866 0.00171661 -0.493439 0.501998 -0.586137 -0.637255 -0.254635 -0.590882 -0.740635 0.75742 -0.19894 -0.0185016 0.000572213 0.389296 -0.249748 -0.00167288 -0.194362 0.0169757 0.000190738 0.394255 -0.249786 0.000848397
22 -0.00743866 0.00171661 -0.493439 0.506194 -0.58957 -0.636873 -0.255016 -0.595841 -0.742924 0.75742 -0.19894 -0.0185016 0.000572213 0.389296 -0.249748 -0.00167288 -0.194362 0.0169757 0.000190738 0.394255 -0.249786 0.000848397
22 -0.00743866 0.00171661 -0.493439 0.510391 -0.593004 -0.636873 -0.255016 -0.599275 -0.745212 0.75742 -0.19894 -0.0185016 0.000572213 0.389296 -0.249748 -0.00167288 -0.194362 0.0169757 0.000190738 0.394255 -0.249786 0.000848397
22 -0.00743866 0.00171661 -0.493439 0.514205 -0.596437 -0.636873 -0.255398 -0.603852 -0.74712 0.75742 -0.19894 -0.0185016 0.000572213 0.389296 -0.249748 -0.00167288 -0.194362 0.0169757 0.000190738 0.394255 -0.249786 0.000848397
22 -0.00743866 0.00171661 -0.493439 0.518402 -0.599489 -0.636873 -0.255398 -0.60843 -0.749409 0.75742 -0.19894 -0.0185016 0.000572213 0.389296 -0.249748 -0.00167288 -0.194362 0.0169757 0.000190738 0.394255 -0.249786 0.000848397
22 -0.00743866 0.00171661 -0.493439 0.522979 -0.602922 -0.636873 -0.255779 -0.611863 -0.752079 0.75742 -0.19894 -0.0185016 0.000572213 0.389296 -0.249748 -0.00167288 -0.194362 0.0169757 0.000190738 0.394255 -0.249786 0.000848397
22 -0.00743866 0.00171661 -0.493439 0.526794 -0.606355 -0.636873 -0.256161 -0.616441 -0.753986 0.75742 -0.19894 -0.0185016 0.000572213 0.389296 -0.249913 -0.00207305 -0.194362 0.0169757 0.000190738 0.394255 -0.249786 0.000848397
22 -0.00743866 0.00171661 -0.493439 0.53099 -0.609789 -0.636873 -0.256542 -0.621019 -0.756657 0.75742 -0.19894 -0.0185016 0.000572213 0.389296 -0.249748 -0.00167331 -0.194362 0.0169757 0.000190738 0.394255 -0.249786 0.000848397
22 -0.00743866 0.00171661 -0.493439 0.535187 -0.61284 -0.636873 -0.256542 -0.624833 -0.758946 0.75742 -0.19894 -0.0185016 0.000572213 0.389296 -0.249748 -0.00167288 -0.194362 0.0169757 0.000190738 0.394255 -0.249786 0.000848397
22 -0.00743866 0.00171661 -0.493439 0.539383 -0.616274 -0.636873 -0.256924 -0.629411 -0.761234 0.75742 -0.19894 -0.0185016 0.000572213 0.389296 -0.249748 -0.00167288 -0.194362 0.0169757 0.000190738 0.394255 -0.249786 0.000848397
22 -0.00743866 0.00171661 -0.493439 0.543579 -0.619707 -0.636873 -0.256924 -0.633989 -0.763523 0.75742 -0.19894 -0.0185016 0.000572213 0.389296 -0.249748 -0.00167288 -0.194362 0.0169757 0.000190738 0.394255 -0.249786 0.000848397
22 -0.00743866 0.00171661 -0.493439 0.547775 -0.62314 -0.636873 -0.257305 -0.637804 -0.765812 0.75742 -0.19894 -0.0185016 0.000572213 0.389296 -0.249913 -0.00207305 -0.194362 0.0169757 0.000190738 0.394255 -0.249786 0.000848397
22 -0.00743866 0.00171661 -0.493439 0.55159 -0.626574 -0.636873 -0.257305 -0.642 -0.768101 0.75742 -0.19894 -0.0185016 0.000572213 0.389296 -0.249913 -0.00207261 -0.194362 0.0169757 0.000190738 0.394255 -0.249786 0.000848397
22 -0.00743866 0.00171661 -0.493439 0.556168 -0.630007 -0.636873 -0.257687 -0.646577 -0.77039 0.75742 -0.19894 -0.0185016 0.000572213 0.389296 -0.249913 -0.00207261 -0.194362 0.0169757 0.000190738 0.394255 -0.249786 0.000848397
22 -0.00743866 0.00171661 -0.493439 0.560364 -0.63344 -0.636873 -0.258068 -0.650774 -0.772679 0.75742 -0.19894 -0.0185016 0.000572213 0.389296 -0.249913 -0.00207261 -0.194362 0.0169757 0.000190738 0.394255 -0.249786 0.000848397
22 -0.00743866 0.00171661 -0.493439 0.564179 -0.636873 -0.636873 -0.25845 -0.654588 -0.774968 0.75742 -0.19894 -0.0185016 0.000572213 0.389296 -0.249748 -0.00167331 -0.194362 0.0169757 0.000190738 0.394255 -0.249786 0.000848397
22 -0.00743866 0.00171661 -0.493439 0.568375 -0.640307 -0.636873 -0.258831 -0.659166 -0.777638 0.757038 -0.19894 -0.0185016 0.000572213 0.389296 -0.249748 -0.00167288 -0.194362 0.0169757 0.000190738 0.394255 -0.249786 0.000848397
22 -0.00743866 0.00171661 -0.493439 0.572571 -0.64374 -0.636873 -0.258831 -0.662981 -0.779927 0.757038 -0.19894 -0.0185016 0.000572213 0.389296 -0.249748 -0.00167288 -0.194362 0.0169757 0.000190738 0.394255 -0.249786 0.000848397
22 -0.00743866 0.00171661 -0.493439 0.576386 -0.647173 -0.636873 -0.259213 -0.667177 -0.782216 0.757038 -0.19894 -0.0185016 0.000572213 0.389296 -0.249748 -0.00167288 -0.194362 0.0169757 0.000190738 0.394255 -0.249786 0.000848397
22 -0.00743866 0.00171661 -0.493439 0.580964 -0.650607 -0.636873 -0.259594 -0.671373 -0.784504 0.757038 -0.19894 -0.0185016 0.000572213 0.389296 -0.249748 -0.00167288 -0.194362 0.0169757 0.000190738 0.394255 -0.249786 0.000848397
22 -0.00743866 0.00171661 -0.493057 0.58516 -0.65404 -0.636873 -0.259594 -0.675951 -0.786793 0.757038 -0.19894 -0.0185016 0.000572213 0.389296 -0.249748 -0.00167288 -0.194362 0.0169757 0.000190738 0.394255 -0.249786 0.000848397
22 -0.00743866 0.00171661 -0.493057 0.588975 -0.657473 -0.636873 -0.259976 -0.679384 -0.789464 0.757038 -0.19894 -0.0185016 0.000572213 0.389296 -0.249748 -0.00167288 -0.194362 0.0169757 0.000190738 0.394255 -0.249786 0.000848397
22 -0.00743866 0.00171661 -0.493057 0.593171 -0.661288 -0.636873 -0.260357 -0.683962 -0.791753 0.757038 -0.19894 -0.0185016 0.000572213 0.389296 -0.249748 -0.00167288 -0.194362 0.0169757 0.000190738 0.394255 -0.249786 0.000848397
22 -0.00743866 0.00171661 -0.493057 0.597749 -0.664721 -0.636873 -0.260357 -0.68854 -0.794423 0.757038 -0.19894 -0.0185016 0.000572213 0.389296 -0.249748 -0.00167288 -0.194362 0.0169757 0.000190738 0.394255 -0.249786 0.000848397
22 -0.00743866 0.00171661 -0.492676 0.601563 -0.668536 -0.636873 -0.260357 -0.692355 -0.796712 0.757038 -0.19894 -0.0185016 0.000572213 0.389296 -0.249748 -0.00167288 -0.194362 0.0169757 0.000190738 0.394255 -0.249786 0.000848397
22 -0.00743866 0.00171661 -0.492676 0.606141 -0.671969 -0.636873 -0.260739 -0.696932 -0.799001 0.757038 -0.19894 -0.0185016 0.000572213 0.389296 -0.249748 -0.00167288 -0.194362 0.0169757 0.000190738 0.394255 -0.249786 0.000848397
22 -0.00743866 0.00171661 -0.492676 0.610337 -0.675402 -0.636492 -0.260739 -0.701128 -0.801671 0.757038 -0.19894 -0.0185016 0.000572213 0.389296 -0.249913 -0.00207305 -0.194362 0.0169757 0.000190738 0.394255 -0.249786 0.000848397
22 -0.00743866 0.00171661 -0.492294 0.614534 -0.679217 -0.636492 -0.26112 -0.704562 -0.80396 0.757038 -0.19894 -0.0185016 0.000572213 0.389296 -0.249748 -0.00167331 -0.194362 0.0169757 0.000190738 0.394255 -0.249786 0.000848397
22 -0.00743866 0.00171661 -0.492294 0.61873 -0.682269 -0.636492 -0.26112 -0.709139 -0.80663 0.757038 -0.19894 -0.0185016 0.000572213 0.389296 -0.249748 -0.00167288 -0.194362 0.0169757 0.000190738 0.394255 -0.249786 0.000848397
22 -0.00743866 0.00171661 -0.491913 0.622926 -0.686465 -0.636492 -0.26112 -0.713336 -0.808919 0.757038 -0.19894 -0.0185016 0.000572213 0.389296 -0.249748 -0.00167288 -0.194362 0.0169757 0.000190738 0.394255 -0.249786 0.000848397
22 -0.00743866 0.00171661 -0.491913 0.627122 -0.689899 -0.63611 -0.261501 -0.71715 -0.811208 0.757038 -0.19894 -0.0185016 0.000572213 0.389296 -0.249748 -0.00167288 -0.194362 0.0169757 0.000190738 0.394255 -0.249786 0.000848397
22 -0.00743866 0.00171661 -0.491531 0.631318 -0.693332 -0.63611 -0.261501 -0.721728 -0.813878 0.757038 -0.19894 -0.0185016 0.000572213 0.389296 -0.249748 -0.00167288 -0.194362 0.0169757 0.000190738 0.394255 -0.249786 0.000848397
22 -0.00743866 0.00171661 -0.491531 0.635515 -0.697147 -0.63611 -0.261501 -0.726306 -0.816167 0.757038 -0.19894 -0.0185016 0.000572213 0.389296 -0.249748 -0.00167288 -0.194362 0.0169757 0.000190738 0.394255 -0.249786 0.000848397
22 -0.00743866 0.00171661 -0.49115 0.640092 -0.70058 -0.635729 -0.261501 -0.729358 -0.818837 0.757038 -0.19894 -0.0185016 0.000572213 0.389296 -0.249748 -0.00167288 -0.194362 0.0169757 0.000190738 0.394255 -0.249786 0.000848397
22 -0.00743866 0.00171661 -0.490768 0.643907 -0.704395 -0.635729 -0.261501 -0.733935 -0.821126 0.757038 -0.19894 -0.0185016 0.000572213 0.389296 -0.249748 -0.00167288 -0.194362 0.0169757 0.000190738 0.394255 -0.249786 0.000848397
22 -0.00743866 0.00171661 -0.490768 0.648103 -0.707828 -0.635348 -0.261883 -0.738513 -0.823415 0.757038 -0.19894 -0.0185016 0.000572213 0.389296 -0.249913 -0.00207305 -0.194362 0.0169757 0.000190738 0.394255 -0.249786 0.000848397
22 -0.00743866 0.00171661 -0.490387 0.652681 -0.711643 -0.635348 -0.261883 -0.741946 -0.826085 0.757038 -0.19894 -0.0185016 0.000572213 0.389296 -0.249748 -0.00167331 -0.194362 0.0169757 0.000190738 0.394255 -0.249786 0.000848397
22 -0.00743866 0.00171661 -0.490005 0.656496 -0.715457 -0.634966 -0.261883 -0.746524 -0.828374 0.757038 -0.19894 -0.0185016 0.000572213 0.389296 -0.249748 -0.00167288 -0.194362 0.0169757 0.000190738 0.394255 -0.249786 0.000848397
22 -0.00743866 0.00171661 -0.489624 0.660692 -0.718891 -0.634966 -0.261883 -0.75072 -0.831044 0.757038 -0.19894 -0.0185016 0.000572213 0.389296 -0.249748 -0.00167288 -0.194362 0.0169757 0.000190738 0.394255 -0.249786 0.000848397
22 -0.00743866 0.00171661 -0.489242 0.664888 -0.722705 -0.634585 -0.261883 -0.754154 -0.833333 0.757038 -0.19894 -0.0185016 0.000572213 0.389296 -0.249913 -0.00207305 -0.194362 0.0169757 0.000190738 0.394255 -0.249786 0.000848397
22 -0.00743866 0.00171661 -0.488479 0.669085 -0.726139 -0.634585 -0.261883 -0.758731 -0.836004 0.757038 -0.19894 -0.0185016 0.000572213 0.389296 -0.249913 -0.00207261 -0.194362 0.0169757 0.000190738 0.394255 -0.249786 0.000848397
22 -0.00743866 0.00171661 -0.488098 0.673281 -0.729953 -0.634203 -0.261883 -0.762546 -0.838293 0.757038 -0.19894 -0.0185016 0.000572213 0.389296 -0.249913 -0.00207261 -0.194362 0.0169757 0.000190738 0.394255 -0.249951 0.00124844
22 -0.00743866 0.00171661 -0.487716 0.677858 -0.733768 -0.633822 -0.261883 -0.766742 -0.840581 0.756657 -0.19894 -0.0185016 0.000572213 0.389296 -0.249913 -0.00207261 -0.194362 0.0169757 0.000190738 0.394255 -0.249951 0.001248
22 -0.00743866 0.00171661 -0.487335 0.681673 -0.737202 -0.63344 -0.261883 -0.770939 -0.843252 0.756657 -0.19894 -0.0185016 0.000572213 0.389296 -0.249913 -0.00207261 -0.194362 0.0169757 0.000190738 0.394255 -0.249786 0.000848829
22 -0.00743866 0.00171661 -0.486954 0.685869 -0.741016 -0.63344 -0.261883 -0.774753 -0.845922 0.756657 -0.19894 -0.0185016 0.000572213 0.389296 -0.249748 -0.00167331 -0.194362 0.0169757 0.000190738 0.394255 -0.249951 0.00124844
22 -0.00743866 0.00171661 -0.486572 0.690066 -0.74445 -0.633059 -0.261883 -0.778949 -0.848211 0.756657 -0.19894 -0.0185016 0.000572213 0.389296 -0.249748 -0.00167288 -0.194362 0.0169757 0.000190738 0.394255 -0.249951 0.001248
22 -0.00743866 0.00171661 -0.485809 0.694262 -0.748264 -0.632677 -0.261883 -0.783146 -0.850881 0.756657 -0.19894 -0.0185016 0.000572213 0.389296 -0.249748 -0.00167288 -0.194362 0.0169757 0.000190738 0.394255 -0.249786 0.000848829
22 -0.00743866 0.00171661 -0.485428 0.698458 -0.751698 -0.632677 -0.261501 -0.786579 -0.85317 0.756657 -0.19894 -0.0185016 0.000572213 0.389296 -0.249748 -0.00167288 -0.194362 0.0169757 0.000190738 0.394255 -0.249786 0.000848397
22 -0.00743866 0.00171661 -0.484665 0.702654 -0.755512 -0.632677 -0.261501 -0.790775 -0.85584 0.756657 -0.19894 -0.0185016 0.000572213 0.389296 -0.249748 -0.00167288 -0.194362 0.0169757 0.000190738 0.394255 -0.249786 0.000848397
22 -0.00743866 0.00171661 -0.484283 0.706851 -0.759327 -0.632296 -0.261501 -0.795353 -0.858129 0.756657 -0.19894 -0.0185016 0.000572213 0.389296 -0.249748 -0.00167288 -0.194362 0.0169757 0.000190738 0.394255 -0.249786 0.000848397
22 -0.00743866 0.00171661 -0.48352 0.710665 -0.76276 -0.632296 -0.261501 -0.798405 -0.860418 0.756657 -0.19894 -0.0185016 0.000572213 0.389296 -0.249748 -0.00167288 -0.194362 0.0169757 0.000190738 0.394255 -0.249786 0.000848397
22 -0.00743866 0.00171661 -0.482757 0.715243 -0.766575 -0.632296 -0.261501 -0.802982 -0.863088 0.756275 -0.19894 -0.0185016 0.000572213 0.389296 -0.249748 -0.00167288 -0.194362 0.0169757 0.000190738 0.394255 -0.249786 0.000848397
22 -0.00743866 0.00171661 -0.481994 0.719058 -0.770008 -0.632296 -0.261501 -0.80756 -0.865759 0.756275 -0.19894 -0.0185016 0.000572213 0.389296 -0.249748 -0.00167288 -0.194362 0.0169757 0.000190738 0.394255 -0.249786 0.000848397
22 -0.00743866 0.00171661 -0.481613 0.723254 -0.773442 -0.632296 -0.261501 -0.810612 -0.868048 0.756275 -0.19894 -0.0185016 0.000572213 0.389296 -0.249748 -0.00167288 -0.194362 0.0169757 0.000190738 0.394255 -0.249786 0.000848397
22 -0.00743866 0.00171661 -0.481231 0.72745 -0.777256 -0.632296 -0.261501 -0.81519 -0.870718 0.756275 -0.19894 -0.0185016 0.000572213 0.389296 -0.249748 -0.00167288 -0.194362 0.0169757 0.000190738 0.394255 -0.249786 0.000848397
22 -0.00743866 0.00171661 -0.480468 0.731647 -0.78069 -0.632296 -0.261501 -0.819386 -0.873007 0.756275 -0.19894 -0.0185016 0.000572213 0.389296 -0.249748 -0.00167288 -0.194362 0.0169757 0.000190738 0.394255 -0.249786 0.000848397
22 -0.00743866 0.00171661 -0.479706 0.735461 -0.784123 -0.632296 -0.261501 -0.822819 -0.875296 0.755894 -0.19894 -0.0185016 0.000572213 0.389296 -0.249748 -0.00167288 -0.194362 0.0169757 0.000190738 0.394255 -0.249786 0.000848397
22 -0.00743866 0.00171661 -0.478943 0.739658 -0.787556 -0.632296 -0.261501 -0.827397 -0.877966 0.755894 -0.19894 -0.0185016 0.000572213 0.389296 -0.249748 -0.00167288 -0.194362 0.0169757 0.000190738 0.394255 -0.249786 0.000848397
22 -0.00743866 0.00171661 -0.47818 0.743854 -0.79099 -0.632296 -0.26112 -0.831212 -0.880255 0.755894 -0.19894 -0.0185016 0.000572213 0.389296 -0.249748 -0.00167288 -0.194362 0.0169757 0.000190738 0.394255 -0.249951 0.00124844
22 -0.00743866 0.00171661 -0.477417 0.747669 -0.794423 -0.632296 -0.26112 -0.835026 -0.882925 0.755512 -0.19894 -0.0185016 0.000572213 0.389296 -0.249748 -0.00167288 -0.194362 0.0169757 0.000190738 0.394255 -0.249951 0.001248
22 -0.00743866 0.00171661 -0.476654 0.751865 -0.798238 -0.632296 -0.26112 -0.839223 -0.885214 0.755512 -0.19894 -0.0185016 0.000572213 0.389296 -0.249748 -0.00167288 -0.194362 0.0169757 0.000190738 0.394255 -0.249786 0.000848829
22 -0.00743866 0.00171661 -0.475509 0.755679 -0.801289 -0.632296 -0.26112 -0.843037 -0.887503 0.755131 -0.19894 -0.0185016 0.000572213 0.389296 -0.249748 -0.00167288 -0.194362 0.0169757 0.000190738 0.394255 -0.249786 0.000848397
22 -0.00743866 0.00171661 -0.474746 0.759876 -0.804723 -0.632677 -0.26112 -0.847234 -0.890173 0.755131 -0.19894 -0.0185016 0.000572213 0.389296 -0.249748 -0.00167288 -0.194362 0.0169757 0.000190738 0.394255 -0.249951 0.00124844
22 -0.00743866 0.00171661 -0.473983 0.764072 -0.808156 -0.632677 -0.26112 -0.851811 -0.892462 0.754749 -0.19894 -0.0185016 0.000572213 0.389296 -0.249748 -0.00167288 -0.194362 0.0169757 0.000190738 0.394255 -0.249786 0.00084883
22 -0.00743866 0.00171661 -0.472839 0.767887 -0.811589 -0.632677 -0.260739 -0.854863 -0.894751 0.754749 -0.19894 -0.0185016 0.000572213 0.389296 -0.249748 -0.00167288 -0.194362 0.0169757 0.000190738 0.394255 -0.249786 0.000848397
22 -0.00743866 0.00171661 -0.472076 0.772083 -0.815404 -0.632296 -0.260739 -0.859441 -0.89704 0.754749 -0.19894 -0.0185016 0.000572213 0.389296 -0.249748 -0.00167288 -0.194362 0.0169757 0.000190738 0.394255 -0.249786 0.000848397
22 -0.00743866 0.00171661 -0.470932 0.775898 -0.818456 -0.632677 -0.260739 -0.863637 -0.899329 0.754368 -0.19894 -0.0185016 0.000572213 0.389296 -0.249748 -0.00167288 -0.194362 0.0169757 0.000190738 0.394255 -0.249786 0.000848397
22 -0.00743866 0.00171661 -0.469787 0.780094 -0.821889 -0.632296 -0.260739 -0.86707 -0.901999 0.754368 -0.19894 -0.0185016 0.000572213 0.389296 -0.249748 -0.00167288 -0.194362 0.0169757 0.000190738 0.394255 -0.249786 0.000848397
22 -0.00743866 0.00171661 -0.469024 0.78429 -0.825322 -0.632296 -0.260739 -0.871267 -0.904288 0.754368 -0.19894 -0.0185016 0.000572213 0.389296 -0.249748 -0.00167288 -0.194362 0.0169757 0.000190738 0.394255 -0.249786 0.000848397
22 -0.00743866 0.00171661 -0.46788 0.788105 -0.828756 -0.632296 -0.260357 -0.875844 -0.906577 0.753986 -0.19894 -0.0185016 0.000572213 0.389296 -0.249748 -0.00167288 -0.194362 0.0169757 0.000190738 0.394255 -0.249786 0.000848397
22 -0.00743866 0.00171661 -0.466735 0.792301 -0.831807 -0.632296 -0.260357 -0.879278 -0.908866 0.753986 -0.19894 -0.0185016 0.000572213 0.389296 -0.249748 -0.00167288 -0.194362 0.0169757 0.000190738 0.394255 -0.249786 0.000848397
22 -0.00743866 0.00171661 -0.465972 0.796879 -0.835622 -0.632296 -0.260357 -0.883474 -0.911154 0.753986 -0.19894 -0.0185016 0.000572213 0.389296 -0.249748 -0.00167288 -0.194362 0.0169757 0.000190738 0.394255 -0.249786 0.000848397
22 -0.00743866 0.00209808 -0.464828 0.800312 -0.838674 -0.632296 -0.260357 -0.88767 -0.913443 0.753986 -0.19894 -0.0185016 0.000572213 0.389296 -0.249748 -0.00167288 -0.194362 0.0169757 0.000190738 0.394255 -0.249786 0.000848397
22 -0.00743866 0.00171661 -0.463684 0.804508 -0.842489 -0.632296 -0.259976 -0.891485 -0.915351 0.753986 -0.19894 -0.0185016 0.000572213 0.389296 -0.249748 -0.00167288 -0.194362 0.0169757 0.000190738 0.394255 -0.249786 0.000848397
22 -0.00743866 0.00171661 -0.462921 0.808705 -0.845541 -0.632296 -0.259976 -0.895681 -0.918021 0.753986 -0.19894 -0.0185016 0.000572213 0.389296 -0.249748 -0.00167288 -0.194362 0.0169757 0.000190738 0.394255 -0.249786 0.000848397
22 -0.00743866 0.00171661 -0.461776 0.812519 -0.848974 -0.632296 -0.259976 -0.899877 -0.92031 0.753605 -0.19894 -0.0185016 0.000572213 0.389296 -0.249748 -0.00167288 -0.194362 0.0169757 0.000190738 0.394255 -0.249786 0.000848397
22 -0.00743866 0.00171661 -0.460632 0.816716 -0.852407 -0.632296 -0.259594 -0.903692 -0.922217 0.753605 -0.19894 -0.0185016 0.000572213 0.389296 -0.249748 -0.00167288 -0.194362 0.0169757 0.000190738 0.394255 -0.249786 0.000848397
22 -0.00743866 0.00171661 -0.459487 0.82053 -0.855459 -0.632296 -0.259594 -0.907888 -0.924506 0.753605 -0.19894 -0.0185016 0.000572213 0.389296 -0.249748 -0.00167288 -0.194362 0.0169757 0.000190738 0.394255 -0.249786 0.000848397
22 -0.00743866 0.00171661 -0.458343 0.824345 -0.858892 -0.632296 -0.259213 -0.911322 -0.926795 0.753605 -0.19894 -0.0185016 0.000572213 0.389296 -0.249748 -0.00167288 -0.194362 0.0169757 0.000190738 0.394255 -0.249786 0.000848397
22 -0.00743866 0.00171661 -0.457198 0.828541 -0.861944 -0.632296 -0.259213 -0.915518 -0.929084 0.753605 -0.19894 -0.0185016 0.000572213 0.389296 -0.249748 -0.00167288 -0.194362 0.0169757 0.000190738 0.394255 -0.249786 0.000848397
22 -0.00743866 0.00171661 -0.456054 0.832356 -0.865377 -0.632296 -0.258831 -0.920095 -0.931373 0.753986 -0.19894 -0.0185016 0.000572213 0.389296 -0.249748 -0.00167288 -0.194362 0.0169757 0.000190738 0.394255 -0.249786 0.000848397
22 -0.00743866 0.00171661 -0.45491 0.836171 -0.868429 -0.632296 -0.258831 -0.923147 -0.933661 0.753986 -0.19894 -0.0185016 0.000572213 0.389296 -0.249748 -0.00167288 -0.194362 0.0169757 0.000190738 0.394255 -0.249786 0.000848397
22 -0.00743866 0.00171661 -0.453765 0.840367 -0.871862 -0.632296 -0.25845 -0.927725 -0.935569 0.753986 -0.19894 -0.0185016 0.000572213 0.389296 -0.249748 -0.00167288 -0.194362 0.0169757 0.000190738 0.394255 -0.249786 0.000848397
22 -0.00743866 0.00171661 -0.452239 0.8438 -0.874914 -0.632296 -0.25845 -0.932303 -0.937858 0.753986 -0.19894 -0.0185016 0.000572213 0.389296 -0.249748 -0.00167288 -0.194362 0.0169757 0.000190738 0.394255 -0.249786 0.000848397
22 -0.00743866 0.00171661 -0.451095 0.847997 -0.878347 -0.632296 -0.258068 -0.935354 -0.939765 0.753986 -0.19894 -0.0185016 0.000572213 0.389296 -0.249748 -0.00167288 -0.194362 0.0169757 0.000190738 0.394255 -0.249786 0.000848397
22 -0.00743866 0.00171661 -0.450332 0.852193 -0.881399 -0.632296 -0.258068 -0.939932 -0.942054 0.753986 -0.19894 -0.0185016 0.000572213 0.389296 -0.249748 -0.00167288 -0.194362 0.0169757 0.000190738 0.394255 -0.249786 0.000848397
22 -0.00743866 0.00171661 -0.448806 0.855626 -0.884833 -0.632296 -0.257687 -0.944128 -0.944343 0.753986 -0.19894 -0.0185016 0.000572213 0.389296 -0.249748 -0.00167288 -0.194362 0.0169757 0.000190738 0.394255 -0.249951 0.00124844
22 -0.00743866 0.00171661 -0.447662 0.859822 -0.887503 -0.632296 -0.257305 -0.947562 -0.94625 0.753986 -0.19894 -0.0185016 0.000572213 0.389296 -0.249748 -0.00167288 -0.194362 0.0169757 0.000190738 0.394255 -0.249786 0.00084883
22 -0.00743866 0.00171661 -0.446517 0.863637 -0.890936 -0.632296 -0.257305 -0.951758 -0.948539 0.753986 -0.19894 -0.0185016 0.000572213 0.389296 -0.249748 -0.00167288 -0.194362 0.0169757 0.000190738 0.394255 -0.249786 0.000848397
22 -0.00743866 0.00171661 -0.444991 0.867833 -0.893606 -0.632296 -0.256924 -0.955954 -0.950446 0.753986 -0.19894 -0.0185016 0.000572213 0.389296 -0.249748 -0.00167288 -0.194362 0.0169757 0.000190738 0.394255 -0.249786 0.000848397
22 -0.00743866 0.00171661 -0.443847 0.87203 -0.89704 -0.632296 -0.256924 -0.959387 -0.952354 0.753986 -0.19894 -0.0185016 0.000572213 0.389296 -0.249748 -0.00167288 -0.194362 0.0169757 0.000190738 0.394255 -0.249786 0.000848397
22 -0.00743866 0.00171661 -0.442321 0.875463 -0.89971 -0.632296 -0.256542 -0.963965 -0.954643 0.753986 -0.19894 -0.0185016 0.000572213 0.389296 -0.249748 -0.00167288 -0.194362 0.0169757 0.000190738 0.394255 -0.249786 0.000848397
22 -0.00743866 0.00171661 -0.441176 0.879659 -0.902762 -0.632296 -0.256161 -0.967398 -0.956931 0.753986 -0.19894 -0.0185016 0.000572213 0.389296 -0.249748 -0.00167288 -0.194362 0.0169757 0.000190738 0.394255 -0.249988 0.000423189
22 -0.00743866 0.00171661 -0.439651 0.883855 -0.905814 -0.632296 -0.255779 -0.971595 -0.958839 0.753986 -0.19894 -0.0185016 0.000572213 0.389296 -0.249748 -0.00167288 -0.194362 0.0169757 0.000190738 0.394255 -0.250153 0.000823362
22 -0.00743866 0.00171661 -0.438506 0.88767 -0.908866 -0.632296 -0.255398 -0.975791 -0.960746 0.753986 -0.19894 -0.0185016 0.000572213 0.389296 -0.249748 -0.00167288 -0.194362 0.0169757 0.000190738 0.394255 -0.249786 0.000848282
22 -0.00743866 0.00171661 -0.437362 0.891485 -0.911536 -0.632296 -0.255398 -0.979224 -0.963035 0.753986 -0.19894 -0.0185016 0.000572213 0.389296 -0.249748 -0.00167288 -0.194362 0.0169757 0.000190738 0.394255 -0.249786 0.000848397
22 -0.00743866 0.00171661 -0.435836 0.895681 -0.914588 -0.632296 -0.255016 -0.98342 -0.964942 0.753986 -0.19894 -0.0185016 0.000572213 0.389296 -0.249748 -0.00167288 -0.194362 0.0169757 0.000190738 0.394255 -0.249786 0.000848397
22 -0.00743866 0.00171661 -0.434691 0.899496 -0.917639 -0.632296 -0.254635 -0.987617 -0.967231 0.753986 -0.19894 -0.0185016 0.000572213 0.389296 -0.249748 -0.00167288 -0.194362 0.0169757 0.000190738 0.394255 -0.249786 0.000848397
22 -0.00743866 0.00171661 -0.432784 0.903692 -0.920691 -0.632296 -0.254635 -0.991431 -0.969139 0.753986 -0.19894 -0.0185016 0.000572213 0.389296 -0.249748 -0.00167288 -0.194362 0.0169757 0.000190738 0.394255 -0.249786 0.000848397
22 -0.00743866 0.00171661 -0.43164 0.907125 -0.923362 -0.632296 -0.254253 -0.995628 -0.971046 0.753986 -0.19894 -0.0185016 0.000572213 0.389296 -0.249748 -0.00167288 -0.194362 0.0169757 0.000190738 0.394255 -0.249786 0.000848397
22 -0.00743866 0.00171661 -0.430114 0.911322 -0.926032 -0.632296 -0.253872 -0.999442 -0.972953 0.753986 -0.19894 -0.0185016 0.000572213 0.389296 -0.249748 -0.00167288 -0.194362 0.0169757 0.000190738 0.394255 -0.249951 0.00124844
22 -0.00743866 0.00171661 -0.428969 0.915518 -0.928702 -0.632296 -0.253491 -1.00326 -0.974861 0.753986 -0.19894 -0.0185016 0.000572213 0.389296 -0.249748 -0.00167288 -0.194362 0.0169757 0.000190738 0.394255 -0.249951 0.001248
22 -0.00743866 0.00171661 -0.427443 0.918951 -0.930991 -0.632296 -0.253109 -1.00745 -0.97715 0.753986 -0.19894 -0.0185016 0.000572213 0.389296 -0.249748 -0.00167288 -0.194362 0.0169757 0.000190738 0.394255 -0.249786 0.000848829
22 -0.00743866 0.00171661 -0.426299 0.923147 -0.934043 -0.632296 -0.252728 -1.01089 -0.979057 0.753605 -0.19894 -0.0185016 0.000572213 0.389296 -0.249748 -0.00167288 -0.194362 0.0169757 0.000190738 0.394255 -0.249786 0.000848397
22 -0.00743866 0.00171661 -0.424773 0.926962 -0.936713 -0.632296 -0.252346 -1.01508 -0.981346 0.753986 -0.19894 -0.0185016 0.000572213 0.389296 -0.249748 -0.00167288 -0.194362 0.0169757 0.000190738 0.394255 -0.249786 0.000848397
22 -0.00743866 0.00171661 -0.423247 0.930777 -0.939765 -0.632296 -0.251965 -1.01966 -0.983253 0.753986 -0.19894 -0.0185016 0.000572213 0.389296 -0.249748 -0.00167288 -0.194362 0.0169757 0.000190738 0.394255 -0.249786 0.000848397
22 -0.00743866 0.00171661 -0.422103 0.934973 -0.942054 -0.632296 -0.251583 -1.02271 -0.985161 0.753986 -0.19894 -0.0185016 0.000572213 0.389296 -0.249748 -0.00167288 -0.194362 0.0169757 0.000190738 0.394255 -0.249786 0.000848397
22 -0.00743866 0.00171661 -0.420195 0.938788 -0.944724 -0.632296 -0.251202 -1.02691 -0.987068 0.753986 -0.19894 -0.0185016 0.000572213 0.389296 -0.249748 -0.00167288 -0.194362 0.0169757 0.000190738 0.394255 -0.249786 0.000848397
22 -0.00743866 0.00171661 -0.419051 0.942603 -0.947395 -0.632296 -0.251202 -1.0311 -0.989357 0.753605 -0.19894 -0.0185016 0.000572213 0.389296 -0.249748 -0.00167288 -0.194362 0.0169757 0.000190738 0.394255 -0.249786 0.000848397
22 -0.00743866 0.00171661 -0.417525 0.946799 -0.949683 -0.632296 -0.25082 -1.03454 -0.991646 0.753986 -0.19894 -0.0185016 0.000572213 0.389296 -0.249748 -0.00167288 -0.194362 0.0169757 0.000190738 0.394255 -0.249786 0.000848397
22 -0.00743866 0.00171661 -0.416381 0.950232 -0.952354 -0.632296 -0.25082 -1.03912 -0.993553 0.753605 -0.19894 -0.0185016 0.000572213 0.389296 -0.249748 -0.00167288 -0.194362 0.0169757 0.000190738 0.394255 -0.249988 0.000423189
22 -0.00743866 0.00171661 -0.414855 0.954428 -0.955024 -0.632296 -0.250439 -1.04255 -0.995842 0.753605 -0.19894 -0.0185016 0.000572213 0.389296 -0.249748 -0.00167288 -0.194362 0.0169757 0.000190738 0.394255 -0.249786 0.000848257
22 -0.00743866 0.00171661 -0.413329 0.958624 -0.957313 -0.632296 -0.250057 -1.04636 -0.997749 0.753605 -0.19894 -0.0185016 0.000572213 0.389296 -0.249748 -0.00167288 -0.194362 0.0169757 0.000190738 0.394255 -0.249786 0.000848397
22 -0.00743866 0.00171661 -0.411803 0.962058 -0.959983 -0.632296 -0.250057 -1.05094 -0.999657 0.753605 -0.19894 -0.0185016 0.000572213 0.389296 -0.249748 -0.00167288 -0.194362 0.0169757 0.000190738 0.394255 -0.249786 0.000848397
22 -0.00743866 0.00171661 -0.410277 0.966254 -0.962272 -0.632296 -0.249676 -1.05437 -1.00195 0.753605 -0.19894 -0.0185016 0.000572213 0.389296 -0.249748 -0.00167288 -0.194362 0.0169757 0.000190738 0.394255 -0.249786 0.000848397
22 -0.00743866 0.00171661 -0.408751 0.97045 -0.964561 -0.632296 -0.249294 -1.05857 -1.00423 0.753605 -0.19894 -0.0185016 0.000572213 0.389296 -0.249748 -0.00167288 -0.194362 0.0169757 0.000190738 0.394255 -0.249786 0.000848397
22 -0.00743866 0.00171661 -0.407225 0.974265 -0.96685 -0.632296 -0.249294 -1.06239 -1.00614 0.753605 -0.19894 -0.0185016 0.000572213 0.389296 -0.249748 -0.00167288 -0.194362 0.0169757 0.000190738 0.394255 -0.249786 0.000848397
22 -0.00743866 0.00171661 -0.405699 0.97808 -0.96952 -0.632296 -0.248913 -1.0662 -1.00843 0.753605 -0.19894 -0.0185016 0.000572213 0.389296 -0.249748 -0.00167288 -0.194362 0.0169757 0.000190738 0.394255 -0.249786 0.000848397
22 -0.00743866 0.00171661 -0.404173 0.981894 -0.971809 -0.632296 -0.248531 -1.0704 -1.01034 0.753605 -0.19894 -0.0185016 0.000572213 0.389296 -0.249748 -0.00167288 -0.194362 0.0169757 0.000190738 0.394255 -0.249951 0.00124844
22 -0.00743866 0.00171661 -0.402647 0.986091 -0.974098 -0.632296 -0.24815 -1.07421 -1.01225 0.753605 -0.19894 -0.0185016 0.000572213 0.389296 -0.249748 -0.00167288 -0.194362 0.0169757 0.000190738 0.394255 -0.249786 0.00084883
22 -0.00743866 0.00171661 -0.401122 0.990287 -0.976387 -0.632296 -0.247768 -1.07803 -1.01453 0.753605 -0.19894 -0.0185016 0.000572213 0.389296 -0.249748 -0.00167288 -0.194362 0.0169757 0.000190738 0.394255 -0.249786 0.000848397
22 -0.00743866 0.00171661 -0.399596 0.99372 -0.978676 -0.632296 -0.247005 -1.0826 -1.01682 0.753605 -0.19894 -0.0185016 0.000572213 0.389296 -0.249748 -0.00167288 -0.194362 0.0169757 0.000190738 0.394255 -0.249951 0.00124844
22 -0.00743866 0.00171661 -0.39807 0.997535 -0.980964 -0.632296 -0.246624 -1.08566 -1.01911 0.753605 -0.19894 -0.0185016 0.000572213 0.389296 -0.249748 -0.00167288 -0.194362 0.0169757 0.000190738 0.394255 -0.249786 0.00084883
22 -0.00743866 0.00171661 -0.396544 1.00173 -0.983635 -0.632296 -0.245861 -1.08985 -1.02102 0.753605 -0.19894 -0.0185016 0.000572213 0.389296 -0.249748 -0.00167288 -0.194362 0.0169757 0.000190738 0.394255 -0.249786 0.000848397
22 -0.00743866 0.00171661 -0.394636 1.00555 -0.985542 -0.632296 -0.24548 -1.09443 -1.02331 0.753605 -0.19894 -0.0185016 0.000572213 0.389296 -0.249748 -0.00167288 -0.194362 0.0169757 0.000190738 0.394255 -0.249786 0.000848397
22 -0.00743866 0.00171661 -0.393111 1.00936 -0.987449 -0.632296 -0.245098 -1.09748 -1.02522 0.753605 -0.19894 -0.0185016 0.000572213 0.389296 -0.249748 -0.00167288 -0.194362 0.0169757 0.000190738 0.394255 -0.249786 0.000848397
22 -0.00743866 0.00209808 -0.391585 1.01279 -0.99012 -0.632296 -0.244717 -1.10206 -1.0275 0.753605 -0.19894 -0.0185016 0.000572213 0.389296 -0.249748 -0.00167288 -0.194362 0.0169757 0.000190738 0.394255 -0.249786 0.000848397
22 -0.00743866 0.00171661 -0.390059 1.01699 -0.992027 -0.632296 -0.244335 -1.10626 -1.02979 0.753605 -0.19894 -0.0185016 0.000572213 0.389296 -0.249748 -0.00167288 -0.194362 0.0169757 0.000190738 0.394255 -0.249786 0.000848397
22 -0.00743866 0.00171661 -0.388533 1.02081 -0.993935 -0.632296 -0.243954 -1.10969 -1.03208 0.753605 -0.19894 -0.0185016 0.000572213 0.389296 -0.249748 -0.00167288 -0.194362 0.0169757 0.000190738 0.394255 -0.249951 0.00124844
22 -0.00743866 0.00171661 -0.387007 1.02462 -0.996223 -0.632296 -0.243572 -1.11389 -1.03361 0.753605 -0.19894 -0.0185016 0.000572213 0.389296 -0.249748 -0.00167288 -0.194362 0.0169757 0.000190738 0.394255 -0.249786 0.00084883
22 -0.00743866 0.00171661 -0.385481 1.02805 -0.998512 -0.632296 -0.243572 -1.11732 -1.0359 0.753605 -0.19894 -0.0185016 0.000572213 0.389296 -0.249748 -0.00167288 -0.194362 0.0169757 0.000190738 0.394255 -0.249786 0.000848397
22 -0.00743866 0.00171661 -0.383574 1.03187 -1.00042 -0.632296 -0.243191 -1.12113 -1.03819 0.753605 -0.19894 -0.0185016 0.000572213 0.389296 -0.249748 -0.00167288 -0.194362 0.0169757 0.000190738 0.394255 -0.249786 0.000848397
22 -0.00743866 0.00171661 -0.382048 1.03568 -1.00233 -0.632296 -0.242809 -1.12571 -1.04047 0.753605 -0.19894 -0.0185016 0.000572213 0.389296 -0.249748 -0.00167288 -0.194362 0.0169757 0.000190738 0.394255 -0.249988 0.000423189
22 -0.00743866 0.00171661 -0.380522 1.03988 -1.00462 -0.632296 -0.242809 -1.12876 -1.04276 0.753605 -0.19894 -0.0185016 0.000572213 0.389296 -0.249748 -0.00167288 -0.194362 0.0169757 0.000190738 0.394255 -0.249786 0.000848257
22 -0.00743866 0.00171661 -0.378614 1.04331 -1.00614 -0.632296 -0.242428 -1.13296 -1.04505 0.753605 -0.19894 -0.0185016 0.000572213 0.389296 -0.249748 -0.00167288 -0.194362 0.0169757 0.000190738 0.394255 -0.249988 0.000423189
22 -0.00743866 0.00171661 -0.377089 1.04713 -1.00843 -0.632296 -0.242428 -1.13716 -1.04696 0.753605 -0.19894 -0.0185016 0.000572213 0.389296 -0.249748 -0.00167288 -0.194362 0.0169757 0.000190738 0.394255 -0.250153 0.000823362
22 -0.00743866 0.00171661 -0.375563 1.05056 -1.01034 -0.632296 -0.242046 -1.14059 -1.04887 0.753605 -0.19894 -0.0185016 0.000572213 0.389296 -0.249748 -0.00167288 -0.194362 0.0169757 0.000190738 0.394255 -0.249951 0.00124786
22 -0.00743866 0.00171661 -0.373655 1.05437 -1.01225 -0.632296 -0.241665 -1.14478 -1.05116 0.753605 -0.19894 -0.0185016 0.000572213 0.389296 -0.249748 -0.00167288 -0.194362 0.0169757 0.000190738 0.394255 -0.249951 0.001248
22 -0.00743866 0.00171661 -0.372129 1.05857 -1.01453 -0.632296 -0.241283 -1.14822 -1.05306 0.753605 -0.19894 -0.0185016 0.000572213 0.389296 -0.249748 -0.00167288 -0.194362 0.0169757 0.000190738 0.394255 -0.249951 0.001248
22 -0.00743866 0.00171661 -0.370222 1.062 -1.01606 -0.632296 -0.240902 -1.15241 -1.05535 0.753605 -0.19894 -0.0185016 0.000572213 0.389296 -0.249748 -0.00167288 -0.194362 0.0169757 0.000190738 0.394255 -0.249951 0.001248
22 -0.00743866 0.00171661 -0.368696 1.06582 -1.01797 -0.632296 -0.24052 -1.15661 -1.05764 0.753605 -0.19894 -0.0185016 0.000572213 0.389296 -0.249748 -0.00167288 -0.194362 0.0169757 0.000190738 0.394255 -0.249951 0.001248
22 -0.00743866 0.00171661 -0.366789 1.06925 -1.01987 -0.632296 -0.240139 -1.15966 -1.05917 0.753605 -0.19894 -0.0185016 0.000572213 0.389296 -0.249748 -0.00167288 -0.194362 0.0169757 0.000190738 0.394255 -0.249951 0.001248
22 -0.00743866 0.00171661 -0.365263 1.07307 -1.02178 -0.632296 -0.239376 -1.16424 -1.06146 0.753605 -0.19894 -0.0185016 0.000572213 0.389296 -0.249748 -0.00167288 -0.194362 0.0169757 0.000190738 0.394255 -0.249951 0.001248
22 -0.00743866 0.00171661 -0.363737 1.07688 -1.02369 -0.632296 -0.238994 -1.16805 -1.06336 0.753605 -0.19894 -0.0185016 0.000572213 0.389296 -0.249748 -0.00167288 -0.194362 0.0169757 0.000190738 0.394255 -0.249951 0.001248
22 -0.00743866 0.00171661 -0.36183 1.08032 -1.02522 -0.632296 -0.238613 -1.17149 -1.06527 0.753605 -0.19894 -0.0185016 0.000572213 0.389296 -0.249748 -0.00167288 -0.194362 0.0169757 0.000190738 0.394255 -0.249786 0.000848829
22 -0.00743866 0.00171661 -0.360304 1.08413 -1.0275 -0.632296 -0.238613 -1.17568 -1.06756 0.753223 -0.19894 -0.0185016 0.000572213 0.389296 -0.249748 -0.00167288 -0.194362 0.0169757 0.000190738 0.394255 -0.249786 0.000848397
22 -0.00743866 0.00171661 -0.358396 1.08756 -1.02903 -0.632296 -0.238231 -1.17874 -1.06947 0.753223 -0.19894 -0.0185016 0.000572213 0.389296 -0.249748 -0.00167288 -0.194362 0.0169757 0.000190738 0.394255 -0.249786 0.000848397
22 -0.00743866 0.00209808 -0.35687 1.09138 -1.03056 -0.632296 -0.23785 -1.18293 -1.07137 0.753223 -0.19894 -0.0185016 0.000572213 0.389296 -0.249748 -0.00167288 -0.194362 0.0169757 0.000190738 0.394255 -0.249786 0.000848397
22 -0.00743866 0.00171661 -0.355344 1.09519 -1.03246 -0.632296 -0.237469 -1.18675 -1.07328 0.753223 -0.19894 -0.0185016 0.000572213 0.389296 -0.249748 -0.00167288 -0.194362 0.0169757 0.000190738 0.394255 -0.249786 0.000848397
22 -0.00743866 0.00171661 -0.353819 1.09863 -1.03437 -0.632296 -0.237469 -1.19018 -1.07557 0.753223 -0.19894 -0.0185016 0.000572213 0.389296 -0.249748 -0.00167288 -0.194362 0.0169757 0.000190738 0.394255 -0.249786 0.000848397
22 -0.00743866 0.00171661 -0.352293 1.10244 -1.0359 -0.632296 -0.237087 -1.19438 -1.07748 0.752842 -0.19894 -0.0185016 0.000572213 0.389296 -0.249748 -0.00167288 -0.194362 0.0169757 0.000190738 0.394255 -0.249786 0.000848397
22 -0.00743866 0.00171661 -0.350767 1.10587 -1.03742 -0.632296 -0.236706 -1.19743 -1.07939 0.752842 -0.19894 -0.0185016 0.000572213 0.389296 -0.249748 -0.00167288 -0.194362 0.0169757 0.000190738 0.394255 -0.249786 0.000848397
22 -0.00743866 0.00171661 -0.348859 1.10969 -1.03933 -0.632296 -0.236324 -1.20162 -1.08167 0.752842 -0.19894 -0.0185016 0.000572213 0.389296 -0.249748 -0.00167288 -0.194362 0.0169757 0.000190738 0.394255 -0.249786 0.000848397
22 -0.00743866 0.00171661 -0.347715 1.11312 -1.04124 -0.632296 -0.236324 -1.20544 -1.08358 0.752461 -0.19894 -0.0185016 0.000572213 0.389296 -0.249748 -0.00167288 -0.194362 0.0169757 0.000190738 0.394255 -0.249786 0.000848397
22 -0.00743866 0.00171661 -0.345808 1.11656 -1.04276 -0.632296 -0.235943 -1.20887 -1.08511 0.752461 -0.19894 -0.0185016 0.000572213 0.389296 -0.249748 -0.00167288 -0.194362 0.0169757 0.000190738 0.394255 -0.249786 0.000848397
22 -0.00743866 0.00171661 -0.344282 1.12037 -1.04467 -0.632296 -0.235561 -1.21307 -1.08701 0.752461 -0.19894 -0.0185016 0.000572213 0.389296 -0.249748 -0.00167288 -0.194362 0.0169757 0.000190738 0.394255 -0.249988 0.000423189
22 -0.00743866 0.00171661 -0.342756 1.1238 -1.04658 -0.632296 -0.23518 -1.21612 -1.0893 0.752461 -0.19894 -0.0185016 0.000572213 0.389296 -0.249748 -0.00167288 -0.194362 0.0169757 0.000190738 0.394255 -0.249786 0.000848257
22 -0.00743866 0.00171661 -0.34123 1.12762 -1.0481 -0.632296 -0.234798 -1.21994 -1.09121 0.752079 -0.19894 -0.0185016 0.000572213 0.389296 -0.249748 -0.00167288 -0.194362 0.0169757 0.000190738 0.394255 -0.249786 0.000848397
22 -0.00743866 0.00171661 -0.339704 1.13067 -1.04963 -0.632296 -0.234417 -1.22337 -1.09312 0.752079 -0.19894 -0.0185016 0.000572213 0.389296 -0.249748 -0.00167288 -0.194362 0.0169757 0.000190738 0.394255 -0.249786 0.000848397
22 -0.00743866 0.00171661 -0.338178 1.1341 -1.05116 -0.632296 -0.234035 -1.22718 -1.09503 0.752079 -0.19894 -0.0185016 0.000572213 0.389296 -0.249748 -0.00167288 -0.194362 0.0169757 0.000190738 0.394255 -0.249786 0.000848397
22 -0.00743866 0.00171661 -0.336652 1.13754 -1.05306 -0.632296 -0.233654 -1.23138 -1.09693 0.752079 -0.19894 -0.0185016 0.000572213 0.389296 -0.249748 -0.00167288 -0.194362 0.0169757 0.000190738 0.394255 -0.249951 0.00124844
22 -0.00743866 0.00171661 -0.335508 1.14135 -1.05459 -0.632296 -0.232891 -1.23443 -1.09884 0.752079 -0.19894 -0.0185016 0.000572213 0.389296 -0.249748 -0.00167288 -0.194362 0.0169757 0.000190738 0.394255 -0.249951 0.001248
22 -0.00743866 0.00171661 -0.3336 1.14478 -1.05612 -0.632296 -0.232509 -1.23825 -1.10075 0.751698 -0.19894 -0.0185016 0.000572213 0.389296 -0.249748 -0.00167288 -0.194362 0.0169757 0.000190738 0.394255 -0.249951 0.001248
22 -0.00743866 0.00171661 -0.332074 1.14822 -1.05802 -0.632296 -0.232128 -1.2413 -1.10266 0.751698 -0.19894 -0.0185016 0.000572213 0.389296 -0.249748 -0.00167288 -0.194362 0.0169757 0.000190738 0.394255 -0.249951 0.001248
22 -0.00743866 0.00171661 -0.330549 1.15203 -1.05955 -0.632296 -0.232128 -1.24511 -1.10456 0.751698 -0.19894 -0.0185016 0.000572213 0.389296 -0.249748 -0.00167288 -0.194362 0.0169757 0.000190738 0.394255 -0.249786 0.000848829
22 -0.00743866 0.00171661 -0.329023 1.15508 -1.06107 -0.632296 -0.231746 -1.24855 -1.10685 0.751698 -0.19894 -0.0185016 0.000572213 0.389296 -0.249748 -0.00167288 -0.194362 0.0169757 0.000190738 0.394255 -0.249951 0.00124844
22 -0.00743866 0.00171661 -0.327878 1.15852 -1.06222 -0.632296 -0.231365 -1.25236 -1.10838 0.751316 -0.19894 -0.0185016 0.000572213 0.389296 -0.249748 -0.00167288 -0.194362 0.0169757 0.000190738 0.394255 -0.249786 0.00084883
22 -0.00743866 0.00171661 -0.326352 1.16195 -1.06413 -0.632296 -0.230983 -1.25618 -1.11028 0.751316 -0.19894 -0.0185016 0.000572213 0.389296 -0.249748 -0.00167288 -0.194362 0.0169757 0.000190738 0.394255 -0.249951 0.00124844
22 -0.00743866 0.00171661 -0.324826 1.16538 -1.06565 -0.632296 -0.230602 -1.25923 -1.11219 0.751316 -0.19894 -0.0185016 0.000572213 0.389296 -0.249748 -0.00167288 -0.194362 0.0169757 0.000190738 0.394255 -0.249951 0.001248
22 -0.00743866 0.00171661 -0.323301 1.16844 -1.06718 -0.632296 -0.23022 -1.26304 -1.1141 0.750935 -0.19894 -0.0185016 0.000572213 0.389296 -0.249748 -0.00167288 -0.194362 0.0169757 0.000190738 0.394255 -0.249951 0.001248
22 -0.00743866 0.00171661 -0.322156 1.17225 -1.0687 -0.632296 -0.23022 -1.26609 -1.11601 0.750935 -0.19894 -0.0185016 0.000572213 0.389296 -0.249748 -0.00167288 -0.194362 0.0169757 0.000190738 0.394255 -0.249951 0.001248
22 -0.00743866 0.00171661 -0.320249 1.1753 -1.07061 -0.632296 -0.229839 -1.26991 -1.11791 0.750553 -0.19894 -0.0185016 0.000572213 0.389296 -0.249748 -0.00167288 -0.194362 0.0169757 0.000190738 0.394255 -0.249951 0.001248
22 -0.00743866 0.00171661 -0.319486 1.17874 -1.07176 -0.632296 -0.229458 -1.27296 -1.1202 0.750172 -0.19894 -0.0185016 0.000572213 0.389296 -0.249748 -0.00167288 -0.194362 0.0169757 0.000190738 0.394255 -0.249951 0.001248
22 -0.00743866 0.00171661 -0.31796 1.18255 -1.07328 -0.632296 -0.229458 -1.27678 -1.12173 0.750172 -0.19894 -0.0185016 0.000572213 0.389296 -0.249748 -0.00167288 -0.194362 0.0169757 0.000190738 0.394255 -0.249951 0.001248
22 -0.00743866 0.00171661 -0.316434 1.1856 -1.07481 -0.632296 -0.229076 -1.28059 -1.12364 0.74979 -0.19894 -0.0185016 0.000572213 0.389296 -0.249748 -0.00167288 -0.194362 0.0169757 0.000190738 0.394255 -0.249951 0.001248
22 -0.00743866 0.00171661 -0.314908 1.18904 -1.07633 -0.632296 -0.228695 -1.28364 -1.12554 0.749027 -0.19894 -0.0185016 0.000572213 0.389296 -0.249748 -0.00167288 -0.194362 0.0169757 0.000190738 0.394255 -0.249786 0.000848829
22 -0.00743866 0.00171661 -0.313764 1.19209 -1.07748 -0.632296 -0.227932 -1.28746 -1.12745 0.748646 -0.19894 -0.0185016 0.000572213 0.389296 -0.249748 -0.00167288 -0.194362 0.0169757 0.000190738 0.394255 -0.249786 0.000848397
22 -0.00743866 0.00171661 -0.312238 1.1959 -1.079 -0.632296 -0.22755 -1.29051 -1.12936 0.748264 -0.19894 -0.0185016 0.000572213 0.389296 -0.249748 -0.00167288 -0.194362 0.0169757 0.000190738 0.394255 -0.249786 0.000848397
22 -0.00743866 0.00171661 -0.311093 1.19895 -1.08053 -0.632296 -0.227169 -1.29432 -1.13165 0.747883 -0.19894 -0.0185016 0.000572213 0.389296 -0.249748 -0.00167288 -0.194362 0.0169757 0.000190738 0.394255 -0.249786 0.000848397
22 -0.00743866 0.00171661 -0.309567 1.20201 -1.08206 -0.632296 -0.226406 -1.29699 -1.13317 0.747501 -0.19894 -0.0185016 0.000572213 0.389296 -0.249748 -0.00167288 -0.194362 0.0169757 0.000190738 0.394255 -0.249951 0.00124844
22 -0.00743866 0.00171661 -0.30766 1.20506 -1.08358 -0.632296 -0.226024 -1.30081 -1.13508 0.74712 -0.19894 -0.0185016 0.000572213 0.389296 -0.249748 -0.00167288 -0.194362 0.0169757 0.000190738 0.394255 -0.249951 0.001248
22 -0.00743866 0.00171661 -0.306897 1.20849 -1.08473 -0.632296 -0.225643 -1.30386 -1.13699 0.746357 -0.19894 -0.0185016 0.000572213 0.389296 -0.249748 -0.00167288 -0.194362 0.0169757 0.000190738 0.394255 -0.249951 0.001248
22 -0.00743866 0.00171661 -0.305371 1.21154 -1.08587 -0.632296 -0.225261 -1.30767 -1.1389 0.745594 -0.19894 -0.0185016 0.000572213 0.389296 -0.249748 -0.00167288 -0.194362 0.0169757 0.000190738 0.394255 -0.249951 0.001248
22 -0.00743866 0.00171661 -0.303845 1.21498 -1.0874 -0.632296 -0.22488 -1.31034 -1.1408 0.744831 -0.19894 -0.0185016 0.000572213 0.389296 -0.249748 -0.00167288 -0.194362 0.0169757 0.000190738 0.394255 -0.249951 0.001248
22 -0.00743866 0.00171661 -0.302701 1.21765 -1.08892 -0.632296 -0.224498 -1.31416 -1.14271 0.744068 -0.19894 -0.0185016 0.000572213 0.389296 -0.249748 -0.00167288 -0.194362 0.0169757 0.000190738 0.394255 -0.249951 0.001248
22 -0.00743866 0.00171661 -0.301175 1.22108 -1.09007 -0.632296 -0.224117 -1.31797 -1.14462 0.742924 -0.19894 -0.0185016 0.000572213 0.389296 -0.249748 -0.00167288 -0.194362 0.0169757 0.000190738 0.394255 -0.249951 0.001248
22 -0.00743866 0.00171661 -0.300031 1.22375 -1.09159 -0.632296 -0.223735 -1.32064 -1.14614 0.741779 -0.19894 -0.0185016 0.000572213 0.389296 -0.249748 -0.00167288 -0.194362 0.0169757 0.000190738 0.394255 -0.249951 0.001248
22 -0.00743866 0.00171661 -0.298505 1.2268 -1.09274 -0.632296 -0.223354 -1.32408 -1.14805 0.741016 -0.19894 -0.0185016 0.000572213 0.389296 -0.249748 -0.00167288 -0.194362 0.0169757 0.000190738 0.394255 -0.249786 0.000848829
22 -0.00743866 0.00171661 -0.29736 1.22985 -1.09388 -0.632296 -0.222591 -1.32713 -1.14996 0.740253 -0.19894 -0.0185016 0.000572213 0.389296 -0.249748 -0.00167288 -0.194362 0.0169757 0.000190738 0.394255 -0.249786 0.000848397
22 -0.00743866 0.00171661 -0.295834 1.23291 -1.09541 -0.632296 -0.22221 -1.33094 -1.15148 0.739109 -0.19894 -0.0185016 0.000572213 0.389296 -0.249748 -0.00167288 -0.194362 0.0169757 0.000190738 0.394255 -0.249786 0.000848397
22 -0.00743866 0.00171661 -0.29469 1.23596 -1.09655 -0.632296 -0.221447 -1.33361 -1.15339 0.738346 -0.19894 -0.0185016 0.000572213 0.389296 -0.249748 -0.00167288 -0.194362 0.0169757 0.000190738 0.394255 -0.249786 0.000848397
22 -0.00743866 0.00171661 -0.293164 1.23901 -1.0977 -0.632296 -0.221065 -1.33705 -1.1553 0.737202 -0.19894 -0.0185016 0.000572213 0.389296 -0.249748 -0.00167288 -0.194362 0.0169757 0.000190738 0.394255 -0.249988 0.000423189
22 -0.00743866 0.00171661 -0.29202 1.24168 -1.09884 -0.632296 -0.220302 -1.3401 -1.15721 0.736057 -0.19894 -0.0185016 0.000572213 0.389296 -0.249748 -0.00167288 -0.194362 0.0169757 0.000190738 0.394255 -0.249988 0.000423329
22 -0.00743866 0.00171661 -0.290875 1.24473 -1.09998 -0.632296 -0.219921 -1.34353 -1.15873 0.735294 -0.19894 -0.0185016 0.000572213 0.389296 -0.249748 -0.00167288 -0.194362 0.0169757 0.000190738 0.394255 -0.250153 0.000823362
22 -0.00743866 0.00171661 -0.289349 1.24778 -1.10151 -0.632296 -0.219539 -1.34582 -1.16026 0.73415 -0.19894 -0.0185016 0.000572213 0.389296 -0.249748 -0.00167288 -0.194362 0.0169757 0.000190738 0.394255 -0.250153 0.000822928
22 -0.00743866 0.00171661 -0.288586 1.25045 -1.10266 -0.632296 -0.218776 -1.34964 -1.16217 0.733387 -0.19894 -0.0185016 0.000572213 0.389296 -0.249748 -0.00167288 -0.194362 0.0169757 0.000190738 0.394255 -0.249951 0.00124786
22 -0.00743866 0.00171661 -0.28706 1.2535 -1.1038 -0.632296 -0.218395 -1.35231 -1.16369 0.732242 -0.19894 -0.0185016 0.000572213 0.389296 -0.249748 -0.00167288 -0.194362 0.0169757 0.000190738 0.394255 -0.249951 0.001248
22 -0.00743866 0.00171661 -0.285916 1.25618 -1.10494 -0.632296 -0.218013 -1.35574 -1.1656 0.730716 -0.19894 -0.0185016 0.000572213 0.389296 -0.249748 -0.00167288 -0.194362 0.0169757 0.000190738 0.394255 -0.249786 0.000848829
22 -0.00743866 0.00171661 -0.284772 1.25885 -1.10609 -0.632296 -0.217632 -1.35841 -1.16712 0.729572 -0.19894 -0.0185016 0.000572213 0.389296 -0.249748 -0.00167288 -0.194362 0.0169757 0.000190738 0.394255 -0.249951 0.00124844
22 -0.00743866 0.00171661 -0.283627 1.26152 -1.10761 -0.632296 -0.216869 -1.36146 -1.16903 0.728428 -0.19894 -0.0185016 0.000572213 0.389296 -0.249748 -0.00167288 -0.194362 0.0169757 0.000190738 0.394255 -0.249951 0.001248
22 -0.00743866 0.00171661 -0.282483 1.26457 -1.10876 -0.632296 -0.216487 -1.36413 -1.17056 0.727283 -0.19894 -0.0185016 0.000572213 0.389296 -0.249748 -0.00167288 -0.194362 0.0169757 0.000190738 0.394255 -0.249951 0.001248
22 -0.00743866 0.00171661 -0.281338 1.26724 -1.1099 -0.632296 -0.215724 -1.36757 -1.17208 0.726139 -0.19894 -0.0185016 0.000572213 0.389296 -0.249748 -0.00167288 -0.194362 0.0169757 0.000190738 0.394255 -0.249786 0.000848829
22 -0.00743866 0.00171661 -0.280194 1.27029 -1.11105 -0.632296 -0.214961 -1.37024 -1.17361 0.724613 -0.19894 -0.0185016 0.000572213 0.389296 -0.249748 -0.00167288 -0.194362 0.0169757 0.000190738 0.394255 -0.249786 0.000848397
22 -0.00743866 0.00171661 -0.279049 1.27258 -1.11181 -0.632296 -0.21458 -1.37291 -1.17552 0.723087 -0.19894 -0.0185016 0.000572213 0.389296 -0.249748 -0.00167288 -0.194362 0.0169757 0.000190738 0.394255 -0.249786 0.000848397
22 -0.00743866 0.00171661 -0.277905 1.27487 -1.11295 -0.632296 -0.213817 -1.37596 -1.17666 0.722324 -0.19894 -0.0185016 0.000572213 0.389296 -0.249748 -0.00167288 -0.194362 0.0169757 0.000190738 0.394255 -0.249951 0.00124844
22 -0.00743866 0.00171661 -0.276761 1.27754 -1.11448 -0.632677 -0.213436 -1.37825 -1.17857 0.72118 -0.19894 -0.0185016 0.000572213 0.389296 -0.249748 -0.00167288 -0.194362 0.0169757 0.000190738 0.394255 -0.249951 0.001248
22 -0.00743866 0.00171661 -0.275998 1.28021 -1.11563 -0.632677 -0.213054 -1.38168 -1.18009 0.719654 -0.19894 -0.0185016 0.000572213 0.389296 -0.249748 -0.00167288 -0.194362 0.0169757 0.000190738 0.394255 -0.249951 0.001248
22 -0.00743866 0.00171661 -0.274853 1.28288 -1.11677 -0.632677 -0.212673 -1.38397 -1.18162 0.718128 -0.19894 -0.0185016 0.000572213 0.389296 -0.249748 -0.00167288 -0.194362 0.0169757 0.000190738 0.394255 -0.249951 0.001248
22 -0.00743866 0.00171661 -0.273709 1.28517 -1.11753 -0.632677 -0.21191 -1.3874 -1.18315 0.716602 -0.19894 -0.0185016 0.000572213 0.389296 -0.249748 -0.00167288 -0.194362 0.0169757 0.000190738 0.394255 -0.249951 0.001248
22 -0.00743866 0.00171661 -0.272564 1.28746 -1.11868 -0.632677 -0.211528 -1.38931 -1.18467 0.715457 -0.19894 -0.0185016 0.000572213 0.389296 -0.249748 -0.00167288 -0.194362 0.0169757 0.000190738 0.394255 -0.249951 0.001248
22 -0.00743866 0.00171661 -0.27142 1.28975 -1.1202 -0.632677 -0.211147 -1.39236 -1.18582 0.714313 -0.19894 -0.0185016 0.000572213 0.389296 -0.249748 -0.00167288 -0.194362 0.0169757 0.000190738 0.394255 -0.249951 0.001248
22 -0.00743866 0.00171661 -0.270275 1.29203 -1.12135 -0.632677 -0.210384 -1.39465 -1.18734 0.712787 -0.19894 -0.0185016 0.000572213 0.389296 -0.249748 -0.00167288 -0.194362 0.0169757 0.000190738 0.394255 -0.249786 0.000848829
22 -0.00743866 0.00171661 -0.269894 1.29432 -1.12249 -0.632677 -0.209621 -1.39656 -1.18887 0.711261 -0.19894 -0.0185016 0.000572213 0.389296 -0.249748 -0.00167288 -0.194362 0.0169757 0.000190738 0.394255 -0.249786 0.000848397
22 -0.00743866 0.00171661 -0.26875 1.29661 -1.12364 -0.632677 -0.209239 -1.39999 -1.19039 0.710117 -0.19894 -0.0185016 0.000572213 0.389296 -0.249748 -0.00167288 -0.194362 0.0169757 0.000190738 0.394255 -0.249786 0.000848397
22 -0.00743866 0.00171661 -0.267605 1.29852 -1.12478 -0.632677 -0.208476 -1.4019 -1.19192 0.708591 -0.19894 -0.0185016 0.000572213 0.389296 -0.249748 -0.00167288 -0.194362 0.0169757 0.000190738 0.394255 -0.249786 0.000848397
22 -0.00743866 0.00171661 -0.266842 1.30081 -1.12593 -0.632677 -0.207713 -1.40457 -1.19345 0.707446 -0.19894 -0.0185016 0.000572213 0.389296 -0.249748 -0.00167288 -0.194362 0.0169757 0.000190738 0.394255 -0.249786 0.000848397
22 -0.00743866 0.00171661 -0.265698 1.30272 -1.12745 -0.632677 -0.207332 -1.40686 -1.19459 0.705539 -0.19894 -0.0185016 0.000572213 0.389296 -0.249748 -0.00167288 -0.194362 0.0169757 0.000190738 0.394255 -0.249786 0.000848397
22 -0.00743866 0.00171661 -0.264935 1.30462 -1.1286 -0.633059 -0.206569 -1.40877 -1.19574 0.704395 -0.19894 -0.0185016 0.000572213 0.389296 -0.249748 -0.00167288 -0.194362 0.0169757 0.000190738 0.394255 -0.249786 0.000848397
22 -0.00743866 0.00171661 -0.264172 1.30653 -1.12974 -0.633059 -0.206188 -1.41144 -1.19726 0.702869 -0.19894 -0.0185016 0.000572213 0.389296 -0.249748 -0.00167288 -0.194362 0.0169757 0.000190738 0.394255 -0.249786 0.000848397
22 -0.00743866 0.00171661 -0.263409 1.30844 -1.13088 -0.633059 -0.205806 -1.41372 -1.19841 0.701724 -0.19894 -0.0185016 0.000572213 0.389296 -0.249748 -0.00167288 -0.194362 0.0169757 0.000190738 0.394255 -0.249786 0.000848397
22 -0.00743866 0.00171661 -0.262264 1.31034 -1.13203 -0.633059 -0.205043 -1.41525 -1.19993 0.700198 -0.19894 -0.0185016 0.000572213 0.389296 -0.249748 -0.00167288 -0.194362 0.0169757 0.000190738 0.394255 -0.249786 0.000848397
22 -0.00743866 0.00171661 -0.261501 1.31187 -1.13355 -0.633059 -0.204662 -1.4183 -1.20108 0.698672 -0.19894 -0.0185016 0.000572213 0.389296 -0.249748 -0.00167288 -0.194362 0.0169757 0.000190738 0.394255 -0.249786 0.000848397
22 -0.00743866 0.00171661 -0.260739 1.31378 -1.1347 -0.633059 -0.20428 -1.41983 -1.2026 0.697528 -0.19894 -0.0185016 0.000572213 0.389296 -0.249748 -0.00167288 -0.194362 0.0169757 0.000190738 0.394255 -0.249786 0.000848397
22 -0.00743866 0.00171661 -0.259976 1.31492 -1.13584 -0.633059 -0.203517 -1.42135 -1.20413 0.696384 -0.19894 -0.0185016 0.000572213 0.389296 -0.249748 -0.00167288 -0.194362 0.0169757 0.000190738 0.394255 -0.249786 0.000848397
22 -0.00743866 0.00171661 -0.258831 1.31645 -1.13699 -0.63344 -0.202754 -1.42326 -1.20527 0.694858 -0.19894 -0.0185016 0.000572213 0.389296 -0.249748 -0.00167288 -0.194362 0.0169757 0.000190738 0.394255 -0.249786 0.000848397
22 -0.00743866 0.00171661 -0.258068 1.31759 -1.13851 -0.63344 -0.20161 -1.42555 -1.2068 0.69295 -0.19894 -0.0185016 0.000572213 0.389296 -0.249748 -0.00167288 -0.194362 0.0169757 0.000190738 0.394255 -0.249786 0.000848397
22 -0.00743866 0.00171661 -0.257305 1.3195 -1.13966 -0.633822 -0.201228 -1.42669 -1.20756 0.691806 -0.19894 -0.0185016 0.000572213 0.389296 -0.249748 -0.00167288 -0.194362 0.0169757 0.000190738 0.394255 -0.249786 0.000848397
22 -0.00743866 0.00171661 -0.256542 1.32064 -1.1408 -0.633822 -0.200847 -1.42784 -1.20871 0.690661 -0.19894 -0.0185016 0.000572213 0.389296 -0.249748 -0.00167288 -0.194362 0.0169757 0.000190738 0.394255 -0.249786 0.000848397
22 -0.00743866 0.00171661 -0.255779 1.32179 -1.14233 -0.634203 -0.200084 -1.43013 -1.21023 0.689517 -0.19894 -0.0185016 0.000572213 0.389296 -0.249748 -0.00167288 -0.194362 0.0169757 0.000190738 0.394255 -0.249786 0.000848397
22 -0.00743866 0.00171661 -0.255016 1.32293 -1.14347 -0.634203 -0.199702 -1.43127 -1.21138 0.68761 -0.19894 -0.0185016 0.000572213 0.389296 -0.249748 -0.00167288 -0.194362 0.0169757 0.000190738 0.394255 -0.249786 0.000848397
22 -0.00743866 0.00209808 -0.254253 1.3237 -1.145 -0.634203 -0.19894 -1.43242 -1.2129 0.686084 -0.19894 -0.0185016 0.000572213 0.389296 -0.249748 -0.00167288 -0.194362 0.0169757 0.000190738 0.394255 -0.249786 0.000848397
22 -0.00743866 0.00171661 -0.253491 1.32484 -1.14614 -0.634585 -0.198558 -1.43356 -1.21405 0.685321 -0.19894 -0.0185016 0.000572213 0.389296 -0.249748 -0.00167288 -0.194362 0.0169757 0.000190738 0.394255 -0.249786 0.000848397
22 -0.00743866 0.00171661 -0.252728 1.32599 -1.14729 -0.634585 -0.198177 -1.43432 -1.21519 0.684176 -0.19894 -0.0185016 0.000572213 0.389296 -0.249748 -0.00167288 -0.194362 0.0169757 0.000190738 0.394255 -0.249786 0.000848397
22 -0.00743866 0.00171661 -0.251965 1.32675 -1.14881 -0.634966 -0.197414 -1.43547 -1.21633 0.683032 -0.19894 -0.0185016 0.000572213 0.389296 -0.249748 -0.00167288 -0.194362 0.0169757 0.000190738 0.394255 -0.249786 0.000848397
22 -0.00743866 0.00171661 -0.251202 1.32751 -1.14996 -0.634966 -0.196651 -1.43699 -1.21748 0.681506 -0.19894 -0.0185016 0.000572213 0.389296 -0.249748 -0.00167288 -0.194362 0.0169757 0.000190738 0.394255 -0.249951 0.00124844
22 -0.00743866 0.00171661 -0.250439 1.32827 -1.15148 -0.634966 -0.195888 -1.43776 -1.21901 0.67998 -0.19894 -0.0185016 0.000572213 0.389296 -0.249748 -0.00167288 -0.194362 0.0169757 0.000190738 0.394255 -0.249951 0.001248
22 -0.00743866 0.00171661 -0.249676 1.32904 -1.15263 -0.635348 -0.195125 -1.43814 -1.21977 0.679217 -0.19894 -0.0185016 0.000572213 0.389296 -0.249748 -0.00167288 -0.194362 0.0169757 0.000190738 0.394255 -0.249951 0.001248
22 -0.00743866 0.00171661 -0.248913 1.32942 -1.15377 -0.635348 -0.194743 -1.4389 -1.22091 0.678073 -0.19894 -0.0185016 0.000572213 0.389296 -0.249748 -0.00167288 -0.194362 0.0169757 0.000190738 0.394255 -0.249786 0.000848829
22 -0.00743866 0.00171661 -0.248531 1.3298 -1.15492 -0.635729 -0.19398 -1.43928 -1.22168 0.676928 -0.19894 -0.0185016 0.000572213 0.389296 -0.249748 -0.00167288 -0.194362 0.0169757 0.000190738 0.394255 -0.249786 0.000848397
22 -0.00743866 0.00171661 -0.247768 1.33018 -1.15606 -0.635729 -0.193599 -1.43967 -1.22282 0.675784 -0.19894 -0.0185016 0.000572213 0.389296 -0.249748 -0.00167288 -0.194362 0.0169757 0.000190738 0.394255 -0.249786 0.000848397
22 -0.00743866 0.00171661 -0.247005 1.33018 -1.15759 -0.635729 -0.192836 -1.44005 -1.22358 0.67464 -0.19894 -0.0185016 0.000572213 0.389296 -0.249748 -0.00167288 -0.194362 0.0169757 0.000190738 0.394255 -0.249786 0.000848397
22 -0.00743866 0.00171661 -0.246242 1.33018 -1.15873 -0.63611 -0.192454 -1.44005 -1.22473 0.673877 -0.19894 -0.0185016 0.000572213 0.389296 -0.249748 -0.00167288 -0.194362 0.0169757 0.000190738 0.394255 -0.249786 0.000848397
22 -0.00743866 0.00171661 -0.24548 1.33018 -1.15988 -0.63611 -0.192073 -1.44043 -1.22587 0.673114 -0.19894 -0.0185016 0.000572213 0.389296 -0.249748 -0.00167288 -0.194362 0.0169757 0.000190738 0.394255 -0.249786 0.000848397
22 -0.00743866 0.00171661 -0.245098 1.3298 -1.16064 -0.63611 -0.191691 -1.44043 -1.22663 0.671969 -0.19894 -0.0185016 0.000572213 0.389296 -0.249748 -0.00167288 -0.194362 0.0169757 0.000190738 0.394255 -0.249786 0.000848397
22 -0.00743866 0.00171661 -0.244335 1.32942 -1.16178 -0.63611 -0.190929 -1.44043 -1.22778 0.671206 -0.19894 -0.0185016 0.000572213 0.389296 -0.249748 -0.00167288 -0.194362 0.0169757 0.000190738 0.394255 -0.249786 0.000848397
22 -0.00743866 0.00171661 -0.243572 1.32904 -1.16293 -0.63611 -0.190166 -1.44043 -1.22892 0.670443 -0.19894 -0.0185016 0.000572213 0.389296 -0.249748 -0.00167288 -0.194362 0.0169757 0.000190738 0.394255 -0.249951 0.00124844
22 -0.00743866 0.00171661 -0.242809 1.32866 -1.16407 -0.63611 -0.189403 -1.44005 -1.22969 0.66968 -0.19894 -0.0185016 0.000572213 0.389296 -0.249748 -0.00167288 -0.194362 0.0169757 0.000190738 0.394255 -0.249786 0.00084883
22 -0.00743866 0.00171661 -0.242428 1.32789 -1.16522 -0.63611 -0.189021 -1.44005 -1.23045 0.668536 -0.19894 -0.0185016 0.000572213 0.389296 -0.249748 -0.00167288 -0.194362 0.0169757 0.000190738 0.394255 -0.249951 0.00124844
22 -0.00743866 0.00171661 -0.241665 1.32713 -1.16636 -0.63611 -0.188258 -1.43967 -1.23159 0.667391 -0.19894 -0.0185016 0.000572213 0.389296 -0.249748 -0.00167288 -0.194362 0.0169757 0.000190738 0.394255 -0.249786 0.00084883
22 -0.00743866 0.00171661 -0.241283 1.32637 -1.16712 -0.63611 -0.187877 -1.43928 -1.23236 0.666629 -0.19894 -0.0185016 0.000572213 0.389296 -0.249748 -0.00167288 -0.194362 0.0169757 0.000190738 0.394255 -0.249786 0.000848397
22 -0.00743866 0.00171661 -0.24052 1.32522 -1.16827 -0.63611 -0.187495 -1.43852 -1.23312 0.665866 -0.19894 -0.0185016 0.000572213 0.389296 -0.249748 -0.00167288 -0.194362 0.0169757 0.000190738 0.394255 -0.249951 0.00124844
22 -0.00743866 0.00171661 -0.240139 1.32408 -1.16941 -0.63611 -0.187114 -1.43814 -1.2335 0.665103 -0.19894 -0.0185016 0.000572213 0.389296 -0.249748 -0.00167288 -0.194362 0.0169757 0.000190738 0.394255 -0.249786 0.00084883
22 -0.00743866 0.00171661 -0.239757 1.32293 -1.17056 -0.63611 -0.186732 -1.43699 -1.23426 0.664721 -0.19894 -0.0185016 0.000572213 0.389296 -0.249748 -0.00167288 -0.194362 0.0169757 0.000190738 0.394255 -0.249786 0.000848397
22 -0.00743866 0.00171661 -0.238994 1.32179 -1.17132 -0.63611 -0.186351 -1.43585 -1.23503 0.663958 -0.19894 -0.0185016 0.000572213 0.389296 -0.249748 -0.00167288 -0.194362 0.0169757 0.000190738 0.394255 -0.249951 0.00124844
22 -0.00743866 0.00171661 -0.238613 1.32064 -1.17247 -0.63611 -0.185969 -1.43394 -1.23579 0.663195 -0.19894 -0.0185016 0.000572213 0.389296 -0.249748 -0.00167288 -0.194362 0.0169757 0.000190738 0.394255 -0.249786 0.00084883
22 -0.00743866 0.00171661 -0.238231 1.31874 -1.17323 -0.63611 -0.185969 -1.43318 -1.23617 0.662051 -0.19894 -0.0185016 0.000572213 0.389296 -0.249748 -0.00167288 -0.194362 0.0169757 0.000190738 0.394255 -0.249951 0.00124844
22 -0.00743866 0.00171661 -0.238231 1.31721 -1.17399 -0.63611 -0.185588 -1.43204 -1.23693 0.661288 -0.19894 -0.0185016 0.000572213 0.389296 -0.249748 -0.00167288 -0.194362 0.0169757 0.000190738 0.394255 -0.249786 0.00084883
22 -0.00743866 0.00209808 -0.23785 1.31569 -1.17475 -0.63611 -0.185206 -1.43051 -1.23732 0.660906 -0.19894 -0.0185016 0.000572213 0.389296 -0.249748 -0.00167288 -0.194362 0.0169757 0.000190738 0.394255 -0.249786 0.000848397
22 -0.00743866 0.00171661 -0.237469 1.31416 -1.1759 -0.63611 -0.184825 -1.42822 -1.23808 0.660143 -0.19894 -0.0185016 0.000572213 0.389296 -0.249748 -0.00167288 -0.194362 0.0169757 0.000190738 0.394255 -0.249951 0.00124844
22 -0.00743866 0.00209808 -0.237087 1.31187 -1.17666 -0.63611 -0.184443 -1.42669 -1.23846 0.659762 -0.19894 -0.0185016 0.000572213 0.389296 -0.249748 -0.00167288 -0.194362 0.0169757 0.000190738 0.394255 -0.249786 0.00084883
22 -0.00743866 0.00171661 -0.237087 1.30996 -1.17742 -0.63611 -0.184062 -1.42517 -1.23884 0.658999 -0.19894 -0.0185016 0.000572213 0.389296 -0.249748 -0.00167288 -0.194362 0.0169757 0.000190738 0.394255 -0.249786 0.000848397
22 -0.00743866 0.00209808 -0.237087 1.30844 -1.17857 -0.63611 -0.18368 -1.42288 -1.23922 0.658618 -0.19894 -0.0185016 0.000572213 0.389296 -0.249748 -0.00167288 -0.194362 0.0169757 0.000190738 0.394255 -0.249786 0.000848397
22 -0.00743866 0.00209808 -0.236706 1.30577 -1.17933 -0.63611 -0.183299 -1.42097 -1.2396 0.657855 -0.19894 -0.0185016 0.000572213 0.389296 -0.249748 -0.00167288 -0.194362 0.0169757 0.000190738 0.394255 -0.249786 0.000848397
22 -0.00743866 0.00209808 -0.236706 1.30386 -1.18009 -0.63611 -0.182918 -1.41907 -1.24037 0.657092 -0.19894 -0.0185016 0.000572213 0.389296 -0.249748 -0.00167288 -0.194362 0.0169757 0.000190738 0.394255 -0.249786 0.000848397
22 -0.00743866 0.00171661 -0.236706 1.30157 -1.18048 -0.63611 -0.182918 -1.41716 -1.24075 0.655947 -0.19894 -0.0185016 0.000572213 0.389296 -0.249748 -0.00167288 -0.194362 0.0169757 0.000190738 0.394255 -0.249786 0.000848397
22 -0.00743866 0.00171661 -0.236706 1.2989 -1.18124 -0.63611 -0.182536 -1.41449 -1.24151 0.655184 -0.19894 -0.0185016 0.000572213 0.389296 -0.249748 -0.00167288 -0.194362 0.0169757 0.000190738 0.394255 -0.249786 0.000848397
22 -0.00743866 0.00171661 -0.236706 1.29661 -1.18238 -0.63611 -0.182536 -1.41258 -1.24189 0.654803 -0.19894 -0.0185016 0.000572213 0.389296 -0.249748 -0.00167288 -0.194362 0.0169757 0.000190738 0.394255 -0.249786 0.000848397
22 -0.00743866 0.00209808 -0.236324 1.29432 -1.18315 -0.63611 -0.182536 -1.40991 -1.24228 0.65404 -0.19894 -0.0185016 0.000572213 0.389296 -0.249748 -0.00167288 -0.194362 0.0169757 0.000190738 0.394255 -0.249786 0.000848397
22 -0.00743866 0.00171661 -0.236324 1.29165 -1.18353 -0.63611 -0.182536 -1.40762 -1.24228 0.653658 -0.19894 -0.0185016 0.000572213 0.389296 -0.249748 -0.00167288 -0.194362 0.0169757 0.000190738 0.394255 -0.249786 0.000848397
22 -0.00743866 0.00171661 -0.236324 1.28936 -1.18429 -0.63611 -0.182155 -1.40571 -1.24266 0.652895 -0.19894 -0.0185016 0.000572213 0.389296 -0.249748 -0.00167288 -0.194362 0.0169757 0.000190738 0.394255 -0.249786 0.000848397
22 -0.00743866 0.00171661 -0.236324 1.28631 -1.18467 -0.63611 -0.182155 -1.40266 -1.24266 0.652514 -0.19894 -0.0185016 0.000572213 0.389296 -0.249748 -0.00167288 -0.194362 0.0169757 0.000190738 0.394255 -0.249786 0.000848397
22 -0.00743866 0.00171661 -0.236324 1.28364 -1.18544 -0.63611 -0.182155 -1.40037 -1.24304 0.652132 -0.19894 -0.0185016 0.000572213 0.389296 -0.249748 -0.00167288 -0.194362 0.0169757 0.000190738 0.394255 -0.249786 0.000848397
22 -0.00743866 0.00171661 -0.236324 1.28059 -1.18582 -0.63611 -0.182155 -1.39694 -1.24304 0.651751 -0.19894 -0.0185016 0.000572213 0.389296 -0.249748 -0.00167288 -0.194362 0.0169757 0.000190738 0.394255 -0.249786 0.000848397
22 -0.00743866 0.00171661 -0.236324 1.27792 -1.1862 -0.63611 -0.182155 -1.39465 -1.24304 0.650988 -0.19894 -0.0185016 0.000572213 0.389296 -0.249748 -0.00167288 -0.194362 0.0169757 0.000190738 0.394255 -0.249786 0.000848397
22 -0.00743866 0.00171661 -0.236706 1.27487 -1.18658 -0.63611 -0.182536 -1.39122 -1.24266 0.650607 -0.19894 -0.0185016 0.000572213 0.389296 -0.249748 -0.00167288 -0.194362 0.0169757 0.000190738 0.394255 -0.249786 0.000848397
22 -0.00743866 0.00171661 -0.236706 1.27182 -1.18734 -0.63611 -0.182536 -1.38855 -1.24266 0.649844 -0.19894 -0.0185016 0.000572213 0.389296 -0.249748 -0.00167288 -0.194362 0.0169757 0.000190738 0.394255 -0.249786 0.000848397
22 -0.00743866 0.00171661 -0.236706 1.26876 -1.18811 -0.63611 -0.182536 -1.38511 -1.24266 0.649462 -0.19894 -0.0185016 0.000572213 0.389296 -0.249748 -0.00167288 -0.194362 0.0169757 0.000190738 0.394255 -0.249786 0.000848397
22 -0.00743866 0.00209808 -0.236706 1.26571 -1.18849 -0.63611 -0.182536 -1.38206 -1.24266 0.649081 -0.19894 -0.0185016 0.000572213 0.389296 -0.249748 -0.00167288 -0.194362 0.0169757 0.000190738 0.394255 -0.249786 0.000848397
22 -0.00743866 0.00209808 -0.236706 1.26228 -1.18925 -0.63611 -0.182536 -1.37863 -1.24266 0.648699 -0.19894 -0.0185016 0.000572213 0.389296 -0.249748 -0.00167288 -0.194362 0.0169757 0.000190738 0.394255 -0.249786 0.000848397
22 -0.00743866 0.00171661 -0.236706 1.25923 -1.18963 -0.63611 -0.182536 -1.37596 -1.24266 0.648699 -0.19894 -0.0185016 0.000572213 0.389296 -0.249748 -0.00167288 -0.194362 0.0169757 0.000190738 0.394255 -0.249786 0.000848397
22 -0.00743866 0.00209808 -0.236706 1.25579 -1.19001 -0.63611 -0.182536 -1.37176 -1.24228 0.648318 -0.19894 -0.0185016 0.000572213 0.389296 -0.249748 -0.00167288 -0.194362 0.0169757 0.000190738 0.394255 -0.249786 0.000848397
22 -0.00743866 0.00171661 -0.236706 1.25236 -1.19039 -0.63611 -0.182918 -1.36909 -1.24228 0.647936 -0.19894 -0.0185016 0.000572213 0.389296 -0.249748 -0.00167288 -0.194362 0.0169757 0.000190738 0.394255 -0.249786 0.000848397
22 -0.00743866 0.00171661 -0.236706 1.24893 -1.19116 -0.63611 -0.182918 -1.36528 -1.24228 0.647555 -0.19894 -0.0185016 0.000572213 0.389296 -0.249748 -0.00167288 -0.194362 0.0169757 0.000190738 0.394255 -0.249786 0.000848397
22 -0.00743866 0.00209808 -0.236706 1.24549 -1.19154 -0.63611 -0.182918 -1.36184 -1.24228 0.647555 -0.19894 -0.0185016 0.000572213 0.389296 -0.249748 -0.00167288 -0.194362 0.0169757 0.000190738 0.394255 -0.249786 0.000848397
22 -0.00743866 0.00171661 -0.236706 1.24168 -1.19192 -0.63611 -0.182918 -1.35841 -1.24228 0.647173 -0.19894 -0.0185016 0.000572213 0.389296 -0.249748 -0.00167288 -0.194362 0.0169757 0.000190738 0.394255 -0.249786 0.000848397
22 -0.00743866 0.00209808 -0.236706 1.23825 -1.1923 -0.63611 -0.183299 -1.3546 -1.24228 0.646792 -0.19894 -0.0185016 0.000572213 0.389296 -0.249748 -0.00167288 -0.194362 0.0169757 0.000190738 0.394255 -0.249951 0.00124844
22 -0.00743866 0.00171661 -0.236706 1.23443 -1.19268 -0.63611 -0.183299 -1.35116 -1.24228 0.64641 -0.19894 -0.0185016 0.000572213 0.389296 -0.249748 -0.00167288 -0.194362 0.0169757 0.000190738 0.394255 -0.249951 0.001248
22 -0.00743866 0.00171661 -0.237087 1.231 -1.19306 -0.63611 -0.183299 -1.34659 -1.24228 0.646029 -0.19894 -0.0185016 0.000572213 0.389296 -0.249748 -0.00167288 -0.194362 0.0169757 0.000190738 0.394255 -0.249951 0.001248
22 -0.00743866 0.00171661 -0.237087 1.22718 -1.19345 -0.63611 -0.18368 -1.34353 -1.24228 0.645647 -0.19894 -0.0185016 0.000572213 0.389296 -0.249748 -0.00167288 -0.194362 0.0169757 0.000190738 0.394255 -0.249951 0.001248
22 -0.00743866 0.00209808 -0.237087 1.22337 -1.19383 -0.63611 -0.18368 -1.33934 -1.24228 0.644884 -0.19894 -0.0185016 0.000572213 0.389296 -0.249748 -0.00167288 -0.194362 0.0169757 0.000190738 0.394255 -0.249951 0.001248
22 -0.00743866 0.00171661 -0.237087 1.21955 -1.19421 -0.63611 -0.184062 -1.33514 -1.24228 0.644503 -0.19894 -0.0185016 0.000572213 0.389296 -0.249748 -0.00167288 -0.194362 0.0169757 0.000190738 0.394255 -0.249786 0.000848829
22 -0.00743866 0.00171661 -0.237087 1.21574 -1.19459 -0.63611 -0.184062 -1.33171 -1.24228 0.64374 -0.19894 -0.0185016 0.000572213 0.389296 -0.249748 -0.00167288 -0.194362 0.0169757 0.000190738 0.394255 -0.249786 0.000848397
22 -0.00743866 0.00171661 -0.237087 1.21154 -1.19497 -0.63611 -0.184443 -1.32713 -1.24228 0.643359 -0.19894 -0.0185016 0.000572213 0.389296 -0.249748 -0.00167288 -0.194362 0.0169757 0.000190738 0.394255 -0.249786 0.000848397
22 -0.00743866 0.00171661 -0.237087 1.20811 -1.19535 -0.63611 -0.184443 -1.32293 -1.24228 0.642596 -0.19894 -0.0185016 0.000572213 0.389296 -0.249748 -0.00167288 -0.194362 0.0169757 0.000190738 0.394255 -0.249786 0.000848397
22 -0.00743866 0.00171661 -0.237087 1.20391 -1.19535 -0.63611 -0.184443 -1.3195 -1.24228 0.642596 -0.19894 -0.0185016 0.000572213 0.389296 -0.249748 -0.00167288 -0.194362 0.0169757 0.000190738 0.394255 -0.249786 0.000848397
22 -0.00743866 0.00171661 -0.237087 1.19972 -1.19574 -0.63611 -0.184825 -1.31492 -1.24228 0.642214 -0.19894 -0.0185016 0.000572213 0.389296 -0.249748 -0.00167288 -0.194362 0.0169757 0.000190738 0.394255 -0.249786 0.000848397
22 -0.00743866 0.00171661 -0.237087 1.19628 -1.19574 -0.63611 -0.184825 -1.31034 -1.24228 0.641833 -0.19894 -0.0185016 0.000572213 0.389296 -0.249748 -0.00167288 -0.194362 0.0169757 0.000190738 0.394255 -0.249786 0.000848397
22 -0.00743866 0.00171661 -0.237087 1.19209 -1.19612 -0.63611 -0.185206 -1.30691 -1.24228 0.641833 -0.19894 -0.0185016 0.000572213 0.389296 -0.249748 -0.00167288 -0.194362 0.0169757 0.000190738 0.394255 -0.249786 0.000848397
22 -0.00743866 0.00171661 -0.237087 1.18789 -1.19612 -0.63611 -0.185206 -1.30195 -1.24228 0.641451 -0.19894 -0.0185016 0.000572213 0.389296 -0.249748 -0.00167288 -0.194362 0.0169757 0.000190738 0.394255 -0.249786 0.000848397
22 -0.00743866 0.00171661 -0.237087 1.18408 -1.19612 -0.63611 -0.185588 -1.29737 -1.24228 0.641451 -0.19894 -0.0185016 0.000572213 0.389296 -0.249748 -0.00167288 -0.194362 0.0169757 0.000190738 0.394255 -0.249786 0.000848397
22 -0.00743866 0.00171661 -0.237087 1.17988 -1.1965 -0.63611 -0.185588 -1.29356 -1.24228 0.641451 -0.19894 -0.0185016 0.000572213 0.389296 -0.249748 -0.00167288 -0.194362 0.0169757 0.000190738 0.394255 -0.249786 0.000848397
22 -0.00743866 0.00171661 -0.237087 1.17568 -1.1965 -0.63611 -0.185969 -1.28898 -1.24228 0.64107 -0.19894 -0.0185016 0.000572213 0.389296 -0.249748 -0.00167288 -0.194362 0.0169757 0.000190738 0.394255 -0.249786 0.000848397
22 -0.00743866 0.00171661 -0.237087 1.17149 -1.1965 -0.63611 -0.185969 -1.28402 -1.24228 0.64107 -0.19894 -0.0185016 0.000572213 0.389296 -0.249748 -0.00167288 -0.194362 0.0169757 0.000190738 0.394255 -0.249786 0.000848397
22 -0.00743866 0.00209808 -0.237087 1.16729 -1.1965 -0.63611 -0.186351 -1.27983 -1.24228 0.64107 -0.19894 -0.0185016 0.000572213 0.389296 -0.249748 -0.00167288 -0.194362 0.0169757 0.000190738 0.394255 -0.249786 0.000848397
22 -0.00743866 0.00171661 -0.237087 1.1631 -1.1965 -0.63611 -0.186351 -1.27563 -1.24228 0.64107 -0.19894 -0.0185016 0.000572213 0.389296 -0.249748 -0.00167288 -0.194362 0.0169757 0.000190738 0.394255 -0.249786 0.000848397
22 -0.00743866 0.00171661 -0.237087 1.1589 -1.19688 -0.63611 -0.186732 -1.27029 -1.24228 0.64107 -0.19894 -0.0185016 0.000572213 0.389296 -0.249748 -0.00167288 -0.194362 0.0169757 0.000190738 0.394255 -0.249786 0.000848397
22 -0.00743866 0.00171661 -0.237087 1.1547 -1.19688 -0.63611 -0.187114 -1.26571 -1.24228 0.64107 -0.19894 -0.0185016 0.000572213 0.389296 -0.249748 -0.00167288 -0.194362 0.0169757 0.000190738 0.394255 -0.249786 0.000848397
22 -0.00743866 0.00171661 -0.237087 1.15051 -1.19688 -0.63611 -0.187114 -1.26075 -1.24228 0.64107 -0.19894 -0.0185016 0.000572213 0.389296 -0.249748 -0.00167288 -0.194362 0.0169757 0.000190738 0.394255 -0.249786 0.000848397
22 -0.00743866 0.00171661 -0.237087 1.14631 -1.19688 -0.63611 -0.187495 -1.25656 -1.24228 0.64107 -0.19894 -0.0185016 0.000572213 0.389296 -0.249748 -0.00167288 -0.194362 0.0169757 0.000190738 0.394255 -0.249786 0.000848397
22 -0.00743866 0.00171661 -0.237087 1.14173 -1.19688 -0.63611 -0.187877 -1.2516 -1.24228 0.64107 -0.19894 -0.0185016 0.000572213 0.389296 -0.249748 -0.00167288 -0.194362 0.0169757 0.000190738 0.394255 -0.249786 0.000848397
22 -0.00743866 0.00171661 -0.237087 1.13754 -1.19726 -0.63611 -0.188258 -1.24664 -1.24228 0.64107 -0.19894 -0.0185016 0.000572213 0.389296 -0.249748 -0.00167288 -0.194362 0.0169757 0.000190738 0.394255 -0.249786 0.000848397
22 -0.00743866 0.00171661 -0.237087 1.13372 -1.19726 -0.63611 -0.188258 -1.24168 -1.24228 0.641451 -0.19894 -0.0185016 0.000572213 0.389296 -0.249748 -0.00167288 -0.194362 0.0169757 0.000190738 0.394255 -0.249951 0.00124844
22 -0.00743866 0.00171661 -0.237087 1.12914 -1.19726 -0.63611 -0.18864 -1.2371 -1.24228 0.641451 -0.19894 -0.0185016 0.000572213 0.389296 -0.249748 -0.00167288 -0.194362 0.0169757 0.000190738 0.394255 -0.249951 0.001248
22 -0.00743866 0.00171661 -0.237087 1.12457 -1.19726 -0.63611 -0.189021 -1.23252 -1.24228 0.641451 -0.19894 -0.0185016 0.000572213 0.389296 -0.249748 -0.00167288 -0.194362 0.0169757 0.000190738 0.394255 -0.249951 0.001248
22 -0.00743866 0.00171661 -0.237087 1.12075 -1.19726 -0.63611 -0.189403 -1.22756 -1.24228 0.641451 -0.19894 -0.0185016 0.000572213 0.389296 -0.249748 -0.00167288 -0.194362 0.0169757 0.000190738 0.394255 -0.249951 0.001248
22 -0.00743866 0.00171661 -0.237087 1.11617 -1.19764 -0.63611 -0.189784 -1.22222 -1.24228 0.641451 -0.19894 -0.0185016 0.000572213 0.389296 -0.249748 -0.00167288 -0.194362 0.0169757 0.000190738 0.394255 -0.249786 0.000848829
22 -0.00743866 0.00171661 -0.237087 1.11198 -1.19764 -0.63611 -0.190166 -1.21765 -1.24228 0.641451 -0.19894 -0.0185016 0.000572213 0.389296 -0.249748 -0.00167288 -0.194362 0.0169757 0.000190738 0.394255 -0.249951 0.00124844
22 -0.00743866 0.00171661 -0.237087 1.10778 -1.19764 -0.63611 -0.190547 -1.21307 -1.24228 0.641451 -0.19894 -0.0185016 0.000572213 0.389296 -0.249748 -0.00167288 -0.194362 0.0169757 0.000190738 0.394255 -0.249951 0.001248
22 -0.00743866 0.00171661 -0.237087 1.1032 -1.19764 -0.63611 -0.19131 -1.20773 -1.24228 0.641451 -0.19894 -0.0185016 0.000572213 0.389296 -0.249748 -0.00167288 -0.194362 0.0169757 0.000190738 0.394255 -0.249786 0.000848829
22 -0.00743866 0.00171661 -0.237087 1.09901 -1.19764 -0.63611 -0.191691 -1.20277 -1.24228 0.641451 -0.19894 -0.0185016 0.000572213 0.389296 -0.249748 -0.00167288 -0.194362 0.0169757 0.000190738 0.394255 -0.249786 0.000848397
22 -0.00743866 0.00171661 -0.237087 1.09481 -1.19764 -0.63611 -0.191691 -1.19743 -1.24228 0.641451 -0.19894 -0.0185016 0.000572213 0.389296 -0.249748 -0.00167288 -0.194362 0.0169757 0.000190738 0.394255 -0.249786 0.000848397
22 -0.00743866 0.00171661 -0.237087 1.09062 -1.19764 -0.63611 -0.192073 -1.19323 -1.24228 0.641451 -0.19894 -0.0185016 0.000572213 0.389296 -0.249748 -0.00167288 -0.194362 0.0169757 0.000190738 0.394255 -0.249786 0.000848397
22 -0.00743866 0.00171661 -0.237087 1.08642 -1.19764 -0.63611 -0.192454 -1.18827 -1.24228 0.641451 -0.19894 -0.0185016 0.000572213 0.389296 -0.249748 -0.00167288 -0.194362 0.0169757 0.000190738 0.394255 -0.249786 0.000848397
22 -0.00743866 0.00171661 -0.237469 1.08184 -1.19764 -0.63611 -0.192836 -1.18293 -1.24228 0.641451 -0.19894 -0.0185016 0.000572213 0.389296 -0.249748 -0.00167288 -0.194362 0.0169757 0.000190738 0.394255 -0.249786 0.000848397
22 -0.00743866 0.00171661 -0.237469 1.07803 -1.19764 -0.63611 -0.193217 -1.17797 -1.24189 0.641451 -0.19894 -0.0185016 0.000572213 0.389296 -0.249748 -0.00167288 -0.194362 0.0169757 0.000190738 0.394255 -0.249786 0.000848397
22 -0.00743866 0.00171661 -0.237469 1.07345 -1.19764 -0.63611 -0.193599 -1.17225 -1.24189 0.641451 -0.19894 -0.0185016 0.000572213 0.389296 -0.249748 -0.00167288 -0.194362 0.0169757 0.000190738 0.394255 -0.249786 0.000848397
22 -0.00743866 0.00171661 -0.237469 1.06925 -1.19764 -0.63611 -0.19398 -1.16844 -1.24189 0.641451 -0.19894 -0.0185016 0.000572213 0.389296 -0.249748 -0.00167288 -0.194362 0.0169757 0.000190738 0.394255 -0.249786 0.000848397
22 -0.00743866 0.00171661 -0.237469 1.06506 -1.19764 -0.63611 -0.194743 -1.1631 -1.24189 0.641451 -0.19894 -0.0185016 0.000572213 0.389296 -0.249748 -0.00167288 -0.194362 0.0169757 0.000190738 0.394255 -0.249786 0.000848397
22 -0.00743866 0.00171661 -0.237469 1.06086 -1.19764 -0.63611 -0.195125 -1.15814 -1.24189 0.641451 -0.19894 -0.0185016 0.000572213 0.389296 -0.249748 -0.00167288 -0.194362 0.0169757 0.000190738 0.394255 -0.249786 0.000848397
22 -0.00743866 0.00171661 -0.237469 1.05666 -1.19764 -0.63611 -0.195506 -1.1528 -1.24189 0.641451 -0.19894 -0.0185016 0.000572213 0.389296 -0.249748 -0.00167288 -0.194362 0.0169757 0.000190738 0.394255 -0.249786 0.000848397
22 -0.00743866 0.00171661 -0.237469 1.05247 -1.19764 -0.63611 -0.195888 -1.14745 -1.24189 0.641451 -0.19894 -0.0185016 0.000572213 0.389296 -0.249748 -0.00167288 -0.194362 0.0169757 0.000190738 0.394255 -0.249786 0.000848397
22 -0.00782013 0.00171661 -0.237469 1.04827 -1.19764 -0.63611 -0.196651 -1.14326 -1.24189 0.641451 -0.19894 -0.0185016 0.000572213 0.389296 -0.249748 -0.00167288 -0.194362 0.0169757 0.000190738 0.394255 -0.249786 0.000848397
22 -0.00743866 0.00171661 -0.23785 1.04408 -1.19764 -0.63611 -0.197032 -1.1383 -1.24189 0.641451 -0.19894 -0.0185016 0.000572213 0.389296 -0.249748 -0.00167288 -0.194362 0.0169757 0.000190738 0.394255 -0.249786 0.000848397
22 -0.00743866 0.00171661 -0.23785 1.04026 -1.19764 -0.63611 -0.197414 -1.13334 -1.24189 0.641451 -0.19894 -0.0185016 0.000572213 0.389296 -0.249748 -0.00167288 -0.194362 0.0169757 0.000190738 0.394255 -0.249786 0.000848397
22 -0.00743866 0.00171661 -0.23785 1.03606 -1.19764 -0.63611 -0.198177 -1.12838 -1.24189 0.641451 -0.19894 -0.0185016 0.000572213 0.389296 -0.249748 -0.00167288 -0.194362 0.0169757 0.000190738 0.394255 -0.249786 0.000848397
22 -0.00743866 0.00171661 -0.23785 1.03187 -1.19764 -0.63611 -0.198558 -1.12304 -1.24189 0.641451 -0.19894 -0.0185016 0.000572213 0.389296 -0.249748 -0.00167288 -0.194362 0.0169757 0.000190738 0.394255 -0.249786 0.000848397
22 -0.00743866 0.00171661 -0.237469 1.02805 -1.19764 -0.63611 -0.19894 -1.11923 -1.24189 0.641451 -0.19894 -0.0185016 0.000572213 0.389296 -0.249748 -0.00167288 -0.194362 0.0169757 0.000190738 0.394255 -0.249786 0.000848397
22 -0.00743866 0.00171661 -0.237469 1.02424 -1.19764 -0.63611 -0.199321 -1.11389 -1.24189 0.641451 -0.19894 -0.0185016 0.000572213 0.389296 -0.249748 -0.00167288 -0.194362 0.0169757 0.000190738 0.394255 -0.249786 0.000848397
22 -0.00743866 0.00171661 -0.23785 1.02004 -1.19764 -0.63611 -0.199702 -1.10893 -1.24189 0.641451 -0.19894 -0.0185016 0.000572213 0.389296 -0.249748 -0.00167288 -0.194362 0.0169757 0.000190738 0.394255 -0.249786 0.000848397
22 -0.00743866 0.00171661 -0.23785 1.01585 -1.19764 -0.63611 -0.200084 -1.10359 -1.24189 0.641451 -0.19894 -0.0185016 0.000572213 0.389296 -0.249748 -0.00167288 -0.194362 0.0169757 0.000190738 0.394255 -0.249786 0.000848397
22 -0.00743866 0.00171661 -0.23785 1.01203 -1.19764 -0.63611 -0.200465 -1.09939 -1.24189 0.641451 -0.19894 -0.0185016 0.000572213 0.389296 -0.249748 -0.00167288 -0.194362 0.0169757 0.000190738 0.394255 -0.249786 0.000848397
22 -0.00743866 0.00171661 -0.23785 1.0086 -1.19764 -0.63611 -0.201228 -1.09481 -1.24189 0.641451 -0.19894 -0.0185016 0.000572213 0.389296 -0.249748 -0.00167288 -0.194362 0.0169757 0.000190738 0.394255 -0.249786 0.000848397
22 -0.00743866 0.00171661 -0.237469 1.0044 -1.19764 -0.63611 -0.20161 -1.08985 -1.24189 0.641451 -0.19894 -0.0185016 0.000572213 0.389296 -0.249748 -0.00167288 -0.194362 0.0169757 0.000190738 0.394255 -0.249786 0.000848397
22 -0.00743866 0.00171661 -0.237469 1.00059 -1.19764 -0.63611 -0.201991 -1.08489 -1.24189 0.641451 -0.19894 -0.0185016 0.000572213 0.389296 -0.249748 -0.00167288 -0.194362 0.0169757 0.000190738 0.394255 -0.249786 0.000848397
22 -0.00743866 0.00171661 -0.23785 0.997154 -1.19764 -0.63611 -0.202373 -1.08032 -1.24189 0.641451 -0.19894 -0.0185016 0.000572213 0.389296 -0.249748 -0.00167288 -0.194362 0.0169757 0.000190738 0.394255 -0.249951 0.00124844
22 -0.00743866 0.00171661 -0.237469 0.992957 -1.19764 -0.63611 -0.203136 -1.07612 -1.24189 0.641451 -0.19894 -0.0185016 0.000572213 0.389296 -0.249748 -0.00167288 -0.194362 0.0169757 0.000190738 0.394255 -0.249786 0.00084883
22 -0.00743866 0.00171661 -0.237469 0.989905 -1.19764 -0.63611 -0.203517 -1.07116 -1.24151 0.641451 -0.19894 -0.0185016 0.000572213 0.389296 -0.249748 -0.00167288 -0.194362 0.0169757 0.000190738 0.394255 -0.249786 0.000848397
22 -0.00743866 0.00171661 -0.237469 0.986091 -1.19764 -0.63611 -0.203899 -1.06658 -1.24151 0.641451 -0.19894 -0.0185016 0.000572213 0.389296 -0.249748 -0.00167288 -0.194362 0.0169757 0.000190738 0.394255 -0.249786 0.000848397
22 -0.00743866 0.00171661 -0.237469 0.982276 -1.19764 -0.63611 -0.20428 -1.062 -1.24151 0.641451 -0.19894 -0.0185016 0.000572213 0.389296 -0.249748 -0.00167288 -0.194362 0.0169757 0.000190738 0.394255 -0.249786 0.000848397
22 -0.00743866 0.00171661 -0.237469 0.978843 -1.19764 -0.63611 -0.204662 -1.05781 -1.24151 0.641451 -0.19894 -0.0185016 0.000572213 0.389296 -0.249748 -0.00167288 -0.194362 0.0169757 0.000190738 0.394255 -0.249786 0.000848397
22 -0.00743866 0.00171661 -0.237469 0.975028 -1.19764 -0.63611 -0.204662 -1.05323 -1.24151 0.641451 -0.19894 -0.0185016 0.000572213 0.389296 -0.249748 -0.00167288 -0.194362 0.0169757 0.000190738 0.394255 -0.249786 0.000848397
22 -0.00743866 0.00171661 -0.237469 0.971976 -1.19764 -0.635729 -0.205043 -1.04865 -1.24151 0.641451 -0.19894 -0.0185016 0.000572213 0.389296 -0.249748 -0.00167288 -0.194362 0.0169757 0.000190738 0.394255 -0.249786 0.000848397
22 -0.00743866 0.00171661 -0.237469 0.968161 -1.19764 -0.635729 -0.205425 -1.04484 -1.24151 0.641451 -0.19894 -0.0185016 0.000572213 0.389296 -0.249748 -0.00167288 -0.194362 0.0169757 0.000190738 0.394255 -0.249786 0.000848397
22 -0.00743866 0.00171661 -0.237469 0.96511 -1.19764 -0.635729 -0.205425 -1.04026 -1.24151 0.641451 -0.19894 -0.0185016 0.000572213 0.389296 -0.249748 -0.00167288 -0.194362 0.0169757 0.000190738 0.394255 -0.249786 0.000848397
22 -0.00743866 0.00171661 -0.237469 0.961676 -1.19764 -0.635729 -0.205806 -1.03568 -1.24151 0.641451 -0.19894 -0.0185016 0.000572213 0.389296 -0.249748 -0.00167288 -0.194362 0.0169757 0.000190738 0.394255 -0.249786 0.000848397
22 -0.00743866 0.00171661 -0.237469 0.958624 -1.19764 -0.635729 -0.206188 -1.03225 -1.24151 0.641451 -0.19894 -0.0185016 0.000572213 0.389296 -0.249748 -0.00167288 -0.194362 0.0169757 0.000190738 0.394255 -0.249786 0.000848397
22 -0.00743866 0.00171661 -0.237469 0.955191 -1.19764 -0.635729 -0.206569 -1.02767 -1.24151 0.641451 -0.19894 -0.0185016 0.000572213 0.389296 -0.249748 -0.00167288 -0.194362 0.0169757 0.000190738 0.394255 -0.249951 0.00124844
22 -0.00743866 0.00171661 -0.237469 0.952139 -1.19764 -0.635729 -0.20695 -1.02348 -1.24113 0.641451 -0.19894 -0.0185016 0.000572213 0.389296 -0.249748 -0.00167288 -0.194362 0.0169757 0.000190738 0.394255 -0.249786 0.00084883
22 -0.00743866 0.00171661 -0.237469 0.948706 -1.19764 -0.635729 -0.20695 -1.02004 -1.24113 0.641451 -0.19894 -0.0185016 0.000572213 0.389296 -0.249748 -0.00167288 -0.194362 0.0169757 0.000190738 0.394255 -0.249786 0.000848397
22 -0.00743866 0.00171661 -0.237469 0.946036 -1.19764 -0.635729 -0.207332 -1.01546 -1.24113 0.641451 -0.19894 -0.0185016 0.000572213 0.389296 -0.249748 -0.00167288 -0.194362 0.0169757 0.000190738 0.394255 -0.249786 0.000848397
22 -0.00743866 0.00171661 -0.237469 0.942603 -1.19764 -0.635729 -0.207332 -1.01165 -1.24113 0.641451 -0.19894 -0.0185016 0.000572213 0.389296 -0.249748 -0.00167288 -0.194362 0.0169757 0.000190738 0.394255 -0.249786 0.000848397
22 -0.00743866 0.00171661 -0.237469 0.939932 -1.19764 -0.635729 -0.207713 -1.00783 -1.24113 0.641451 -0.19894 -0.0185016 0.000572213 0.389296 -0.249748 -0.00167288 -0.194362 0.0169757 0.000190738 0.394255 -0.249951 0.00124844
22 -0.00743866 0.00171661 -0.237469 0.93688 -1.19764 -0.635729 -0.208095 -1.00364 -1.24075 0.641451 -0.19894 -0.0185016 0.000572213 0.389296 -0.249748 -0.00167288 -0.194362 0.0169757 0.000190738 0.394255 -0.249786 0.00084883
22 -0.00743866 0.00171661 -0.237469 0.933829 -1.19764 -0.635729 -0.208095 -1.00059 -1.24075 0.641451 -0.19894 -0.0185016 0.000572213 0.389296 -0.249748 -0.00167288 -0.194362 0.0169757 0.000190738 0.394255 -0.249786 0.000848397
22 -0.00743866 0.00171661 -0.237469 0.930777 -1.19764 -0.635729 -0.208476 -0.996391 -1.24075 0.641451 -0.19894 -0.0185016 0.000572213 0.389296 -0.249748 -0.00167288 -0.194362 0.0169757 0.000190738 0.394255 -0.249786 0.000848397
22 -0.00743866 0.00171661 -0.237469 0.928106 -1.19764 -0.635729 -0.208858 -0.992957 -1.24075 0.641451 -0.19894 -0.0185016 0.000572213 0.389296 -0.249748 -0.00167288 -0.194362 0.0169757 0.000190738 0.394255 -0.249786 0.000848397
22 -0.00743866 0.00171661 -0.237469 0.925055 -1.19764 -0.635729 -0.209239 -0.989524 -1.24037 0.641451 -0.19894 -0.0185016 0.000572213 0.389296 -0.249748 -0.00167288 -0.194362 0.0169757 0.000190738 0.394255 -0.249786 0.000848397
22 -0.00743866 0.00171661 -0.237087 0.922384 -1.19764 -0.635729 -0.209239 -0.985328 -1.24037 0.641451 -0.19894 -0.0185016 0.000572213 0.389296 -0.249748 -0.00167288 -0.194362 0.0169757 0.000190738 0.394255 -0.249786 0.000848397
22 -0.00743866 0.00171661 -0.237087 0.920095 -1.19764 -0.635348 -0.209621 -0.982657 -1.24037 0.641451 -0.19894 -0.0185016 0.000572213 0.389296 -0.249748 -0.00167288 -0.194362 0.0169757 0.000190738 0.394255 -0.249786 0.000848397
22 -0.00743866 0.00171661 -0.237087 0.917425 -1.19764 -0.635348 -0.209621 -0.978461 -1.24037 0.641451 -0.19894 -0.0185016 0.000572213 0.389296 -0.249748 -0.00167288 -0.194362 0.0169757 0.000190738 0.394255 -0.249786 0.000848397
22 -0.00743866 0.00171661 -0.237087 0.915136 -1.19764 -0.635348 -0.209621 -0.975791 -1.24037 0.641451 -0.19894 -0.0185016 0.000572213 0.389296 -0.249748 -0.00167288 -0.194362 0.0169757 0.000190738 0.394255 -0.249786 0.000848397
22 -0.00743866 0.00171661 -0.237087 0.912466 -1.19764 -0.635348 -0.210002 -0.971976 -1.24037 0.641451 -0.19894 -0.0185016 0.000572213 0.389296 -0.249748 -0.00167288 -0.194362 0.0169757 0.000190738 0.394255 -0.249786 0.000848397
22 -0.00743866 0.00171661 -0.236706 0.910177 -1.19764 -0.635348 -0.210002 -0.969687 -1.24037 0.641451 -0.19894 -0.0185016 0.000572213 0.389296 -0.249748 -0.00167288 -0.194362 0.0169757 0.000190738 0.394255 -0.249786 0.000848397
22 -0.00782013 0.00171661 -0.236706 0.907507 -1.19764 -0.635348 -0.210002 -0.965873 -1.24037 0.641451 -0.19894 -0.0185016 0.000572213 0.389296 -0.249748 -0.00167288 -0.194362 0.0169757 0.000190738 0.394255 -0.249786 0.000848397
22 -0.00743866 0.00171661 -0.236706 0.905218 -1.19764 -0.635348 -0.210384 -0.963202 -1.24037 0.641451 -0.19894 -0.0185016 0.000572213 0.389296 -0.249748 -0.00167288 -0.194362 0.0169757 0.000190738 0.394255 -0.249786 0.000848397
22 -0.00743866 0.00171661 -0.236324 0.903311 -1.19726 -0.635348 -0.210384 -0.959769 -1.24037 0.641451 -0.19894 -0.0185016 0.000572213 0.389296 -0.249748 -0.00167288 -0.194362 0.0169757 0.000190738 0.394255 -0.249786 0.000848397
22 -0.00743866 0.00171661 -0.236324 0.90064 -1.19726 -0.635348 -0.210384 -0.95748 -1.24037 0.641451 -0.19894 -0.0185016 0.000572213 0.389296 -0.249748 -0.00167288 -0.194362 0.0169757 0.000190738 0.394255 -0.249786 0.000848397
22 -0.00743866 0.00171661 -0.236324 0.899114 -1.19726 -0.635348 -0.210384 -0.954047 -1.24037 0.641451 -0.19894 -0.0185016 0.000572213 0.389296 -0.249748 -0.00167288 -0.194362 0.0169757 0.000190738 0.394255 -0.249951 0.00124844
22 -0.00743866 0.00171661 -0.236324 0.896825 -1.19726 -0.635348 -0.210384 -0.951758 -1.24037 0.641451 -0.19894 -0.0185016 0.000572213 0.389296 -0.249748 -0.00167288 -0.194362 0.0169757 0.000190738 0.394255 -0.249951 0.001248
22 -0.00743866 0.00171661 -0.236324 0.894537 -1.19726 -0.635348 -0.210384 -0.948325 -1.24037 0.641451 -0.19894 -0.0185016 0.000572213 0.389296 -0.249748 -0.00167288 -0.194362 0.0169757 0.000190738 0.394255 -0.249786 0.000848829
22 -0.00743866 0.00171661 -0.236324 0.892629 -1.19726 -0.634966 -0.210384 -0.946036 -1.24037 0.641451 -0.19894 -0.0185016 0.000572213 0.389296 -0.249748 -0.00167288 -0.194362 0.0169757 0.000190738 0.394255 -0.249786 0.000848397
22 -0.00743866 0.00171661 -0.235943 0.891103 -1.19726 -0.634966 -0.210384 -0.943747 -1.24037 0.641451 -0.19894 -0.0185016 0.000572213 0.389296 -0.249748 -0.00167288 -0.194362 0.0169757 0.000190738 0.394255 -0.249786 0.000848397
22 -0.00743866 0.00171661 -0.235943 0.889196 -1.19726 -0.634966 -0.210384 -0.941077 -1.24037 0.641451 -0.19894 -0.0185016 0.000572213 0.389296 -0.249748 -0.00167288 -0.194362 0.0169757 0.000190738 0.394255 -0.249786 0.000848397
22 -0.00743866 0.00171661 -0.235943 0.887289 -1.19726 -0.634966 -0.210384 -0.939169 -1.24037 0.641451 -0.19894 -0.0185016 0.000572213 0.389296 -0.249748 -0.00167288 -0.194362 0.0169757 0.000190738 0.394255 -0.249786 0.000848397
22 -0.00743866 0.00171661 -0.235943 0.885763 -1.19726 -0.634966 -0.210384 -0.936117 -1.24037 0.641451 -0.19894 -0.0185016 0.000572213 0.389296 -0.249748 -0.00167288 -0.194362 0.0169757 0.000190738 0.394255 -0.249786 0.000848397
22 -0.00743866 0.00171661 -0.235943 0.884237 -1.19726 -0.634966 -0.210384 -0.93421 -1.24037 0.641451 -0.19894 -0.0185016 0.000572213 0.389296 -0.249748 -0.00167288 -0.194362 0.0169757 0.000190738 0.394255 -0.249786 0.000848397
22 -0.00743866 0.00171661 -0.235561 0.882711 -1.19726 -0.634966 -0.210384 -0.932684 -1.24037 0.641451 -0.19894 -0.0185016 0.000572213 0.389296 -0.249748 -0.00167288 -0.194362 0.0169757 0.000190738 0.394255 -0.249786 0.000848397
22 -0.00743866 0.00171661 -0.235561 0.880803 -1.19726 -0.634966 -0.210384 -0.930014 -1.24037 0.641451 -0.19894 -0.0185016 0.000572213 0.389296 -0.249748 -0.00167288 -0.194362 0.0169757 0.000190738 0.394255 -0.249786 0.000848397
22 -0.00743866 0.00171661 -0.235561 0.879278 -1.19726 -0.634966 -0.210384 -0.928106 -1.24037 0.641451 -0.19894 -0.0185016 0.000572213 0.389296 -0.249748 -0.00167288 -0.194362 0.0169757 0.000190738 0.394255 -0.249786 0.000848397
22 -0.00743866 0.00171661 -0.23518 0.878133 -1.19726 -0.634966 -0.210384 -0.926581 -1.24037 0.641451 -0.19894 -0.0185016 0.000572213 0.389296 -0.249748 -0.00167288 -0.194362 0.0169757 0.000190738 0.394255 -0.249786 0.000848397
22 -0.00743866 0.00171661 -0.23518 0.876607 -1.19726 -0.634966 -0.210384 -0.924292 -1.24037 0.641451 -0.19894 -0.0185016 0.000572213 0.389296 -0.249748 -0.00167288 -0.194362 0.0169757 0.000190738 0.394255 -0.249786 0.000848397
22 -0.00743866 0.00171661 -0.234798 0.875081 -1.19726 -0.634966 -0.210384 -0.922384 -1.24037 0.641451 -0.19894 -0.0185016 0.000572213 0.389296 -0.249748 -0.00167288 -0.194362 0.0169757 0.000190738 0.394255 -0.249951 0.00124844
22 -0.00743866 0.00171661 -0.234798 0.874318 -1.19726 -0.634966 -0.210384 -0.92124 -1.24037 0.641451 -0.19894 -0.0185016 0.000572213 0.389296 -0.249748 -0.00167288 -0.194362 0.0169757 0.000190738 0.394255 -0.249951 0.001248
22 -0.00743866 0.00171661 -0.234417 0.873174 -1.19726 -0.634966 -0.210002 -0.920095 -1.23999 0.641451 -0.19894 -0.0185016 0.000572213 0.389296 -0.249748 -0.00167288 -0.194362 0.0169757 0.000190738 0.394255 -0.249786 0.000848829
22 -0.00743866 0.00171661 -0.234035 0.87203 -1.19726 -0.634966 -0.210002 -0.91857 -1.23999 0.641451 -0.19894 -0.0185016 0.000572213 0.389296 -0.249748 -0.00167288 -0.194362 0.0169757 0.000190738 0.394255 -0.249951 0.00124844
22 -0.00743866 0.00171661 -0.233654 0.871267 -1.19726 -0.634966 -0.210002 -0.916662 -1.23999 0.641451 -0.19894 -0.0185016 0.000572213 0.389296 -0.249748 -0.00167288 -0.194362 0.0169757 0.000190738 0.394255 -0.249951 0.001248
22 -0.00743866 0.00171661 -0.233272 0.870122 -1.19726 -0.634966 -0.210002 -0.915518 -1.23999 0.641451 -0.19894 -0.0185016 0.000572213 0.389296 -0.249748 -0.00167288 -0.194362 0.0169757 0.000190738 0.394255 -0.249951 0.001248
22 -0.00743866 0.00171661 -0.232891 0.868978 -1.19726 -0.634966 -0.210002 -0.914755 -1.23999 0.641451 -0.19894 -0.0185016 0.000572213 0.389296 -0.249748 -0.00167288 -0.194362 0.0169757 0.000190738 0.394255 -0.249951 0.001248
22 -0.00743866 0.00171661 -0.232891 0.868215 -1.19726 -0.634966 -0.210002 -0.91361 -1.23999 0.641451 -0.19894 -0.0185016 0.000572213 0.389296 -0.249748 -0.00167288 -0.194362 0.0169757 0.000190738 0.394255 -0.249951 0.001248
22 -0.00743866 0.00171661 -0.232509 0.867452 -1.19726 -0.634585 -0.210002 -0.912466 -1.23999 0.641451 -0.19894 -0.0185016 0.000572213 0.389296 -0.249748 -0.00167288 -0.194362 0.0169757 0.000190738 0.394255 -0.249786 0.000848829
22 -0.00743866 0.00209808 -0.232509 0.86707 -1.19726 -0.634585 -0.210002 -0.91094 -1.23999 0.641451 -0.19894 -0.0185016 0.000572213 0.389296 -0.249748 -0.00167288 -0.194362 0.0169757 0.000190738 0.394255 -0.249786 0.000848397
22 -0.00743866 0.00171661 -0.232128 0.866689 -1.19726 -0.634585 -0.209621 -0.910177 -1.23999 0.641451 -0.19894 -0.0185016 0.000572213 0.389296 -0.249748 -0.00167288 -0.194362 0.0169757 0.000190738 0.394255 -0.249786 0.000848397
22 -0.00743866 0.00171661 -0.231746 0.866307 -1.19726 -0.634585 -0.209621 -0.909796 -1.23999 0.641451 -0.19894 -0.0185016 0.000572213 0.389296 -0.249748 -0.00167288 -0.194362 0.0169757 0.000190738 0.394255 -0.249786 0.000848397
22 -0.00743866 0.00171661 -0.230983 0.865926 -1.19688 -0.634585 -0.209621 -0.909414 -1.23999 0.641451 -0.19894 -0.0185016 0.000572213 0.389296 -0.249748 -0.00167288 -0.194362 0.0169757 0.000190738 0.394255 -0.249786 0.000848397
22 -0.00743866 0.00171661 -0.230602 0.865544 -1.19688 -0.634585 -0.209621 -0.909033 -1.23999 0.641451 -0.19894 -0.0185016 0.000572213 0.389296 -0.249748 -0.00167288 -0.194362 0.0169757 0.000190738 0.394255 -0.249786 0.000848397
22 -0.00743866 0.00171661 -0.229839 0.865544 -1.19688 -0.634585 -0.209621 -0.90827 -1.23999 0.641451 -0.19894 -0.0185016 0.000572213 0.389296 -0.249748 -0.00167288 -0.194362 0.0169757 0.000190738 0.394255 -0.249786 0.000848397
22 -0.00743866 0.00171661 -0.229458 0.865163 -1.1965 -0.634203 -0.209621 -0.90827 -1.23999 0.641451 -0.19894 -0.0185016 0.000572213 0.389296 -0.249748 -0.00167288 -0.194362 0.0169757 0.000190738 0.394255 -0.249786 0.000848397
22 -0.00743866 0.00171661 -0.228695 0.865163 -1.1965 -0.634203 -0.209621 -0.907888 -1.23999 0.641451 -0.19894 -0.0185016 0.000572213 0.389296 -0.249748 -0.00167288 -0.194362 0.0169757 0.000190738 0.394255 -0.249786 0.000848397
22 -0.00743866 0.00171661 -0.227932 0.864781 -1.19612 -0.634203 -0.209621 -0.907507 -1.23999 0.641451 -0.19894 -0.0185016 0.000572213 0.389296 -0.249748 -0.00167288 -0.194362 0.0169757 0.000190738 0.394255 -0.249786 0.000848397
22 -0.00743866 0.00171661 -0.227169 0.865163 -1.19612 -0.633822 -0.209239 -0.907507 -1.23999 0.641451 -0.19894 -0.0185016 0.000572213 0.389296 -0.249748 -0.00167288 -0.194362 0.0169757 0.000190738 0.394255 -0.249786 0.000848397
22 -0.00743866 0.00171661 -0.226406 0.865163 -1.19574 -0.633822 -0.209239 -0.907507 -1.23999 0.641451 -0.19894 -0.0185016 0.000572213 0.389296 -0.249748 -0.00167288 -0.194362 0.0169757 0.000190738 0.394255 -0.249786 0.000848397
22 -0.00743866 0.00171661 -0.226024 0.865163 -1.19574 -0.63344 -0.209239 -0.907507 -1.23999 0.641451 -0.19894 -0.0185016 0.000572213 0.389296 -0.249748 -0.00167288 -0.194362 0.0169757 0.000190738 0.394255 -0.249951 0.00124844
22 -0.00743866 0.00209808 -0.225261 0.865544 -1.19535 -0.63344 -0.209239 -0.907507 -1.23999 0.641451 -0.19894 -0.0185016 0.000572213 0.389296 -0.249748 -0.00167288 -0.194362 0.0169757 0.000190738 0.394255 -0.249951 0.001248
22 -0.00743866 0.00209808 -0.224498 0.865544 -1.19497 -0.633059 -0.209239 -0.907507 -1.23999 0.641451 -0.19894 -0.0185016 0.000572213 0.389296 -0.249748 -0.00167288 -0.194362 0.0169757 0.000190738 0.394255 -0.249786 0.000848829
22 -0.00743866 0.00171661 -0.223735 0.865926 -1.19421 -0.633059 -0.209239 -0.907507 -1.23999 0.641451 -0.19894 -0.0185016 0.000572213 0.389296 -0.249748 -0.00167288 -0.194362 0.0169757 0.000190738 0.394255 -0.249786 0.000848397
22 -0.00743866 0.00171661 -0.222972 0.866307 -1.19383 -0.632677 -0.208858 -0.907888 -1.23999 0.641451 -0.19894 -0.0185016 0.000572213 0.389296 -0.249748 -0.00167288 -0.194362 0.0169757 0.000190738 0.394255 -0.249786 0.000848397
22 -0.00743866 0.00171661 -0.22221 0.866689 -1.19345 -0.632677 -0.208858 -0.90827 -1.23999 0.641451 -0.19894 -0.0185016 0.000572213 0.389296 -0.249748 -0.00167288 -0.194362 0.0169757 0.000190738 0.394255 -0.249786 0.000848397
22 -0.00743866 0.00209808 -0.221065 0.86707 -1.19306 -0.632296 -0.208858 -0.908651 -1.23999 0.641451 -0.19894 -0.0185016 0.000572213 0.389296 -0.249748 -0.00167288 -0.194362 0.0169757 0.000190738 0.394255 -0.249786 0.000848397
22 -0.00743866 0.00209808 -0.220302 0.867452 -1.19268 -0.632296 -0.208858 -0.909033 -1.23999 0.641451 -0.19894 -0.0185016 0.000572213 0.389296 -0.249748 -0.00167288 -0.194362 0.0169757 0.000190738 0.394255 -0.249786 0.000848397
22 -0.00743866 0.00209808 -0.219921 0.868215 -1.1923 -0.632296 -0.208476 -0.909796 -1.23999 0.641451 -0.19894 -0.0185016 0.000572213 0.389296 -0.249748 -0.00167288 -0.194362 0.0169757 0.000190738 0.394255 -0.249786 0.000848397
22 -0.00743866 0.00209808 -0.218776 0.868978 -1.19192 -0.632296 -0.208476 -0.910177 -1.23999 0.641451 -0.19894 -0.0185016 0.000572213 0.389296 -0.249748 -0.00167288 -0.194362 0.0169757 0.000190738 0.394255 -0.249786 0.000848397
22 -0.00743866 0.00171661 -0.218013 0.869741 -1.19154 -0.632296 -0.208476 -0.91094 -1.23999 0.641451 -0.19894 -0.0185016 0.000572213 0.389296 -0.249748 -0.00167288 -0.194362 0.0169757 0.000190738 0.394255 -0.249786 0.000848397
22 -0.00743866 0.00209808 -0.21725 0.870885 -1.19116 -0.632296 -0.208095 -0.912084 -1.23999 0.641451 -0.19894 -0.0185016 0.000572213 0.389296 -0.249748 -0.00167288 -0.194362 0.0169757 0.000190738 0.394255 -0.249786 0.000848397
22 -0.00743866 0.00209808 -0.216487 0.87203 -1.19039 -0.632296 -0.208095 -0.91361 -1.23999 0.641451 -0.19894 -0.0185016 0.000572213 0.389296 -0.249748 -0.00167288 -0.194362 0.0169757 0.000190738 0.394255 -0.249786 0.000848397
22 -0.00743866 0.00171661 -0.215724 0.872411 -1.19001 -0.632296 -0.208095 -0.914373 -1.23999 0.641451 -0.19894 -0.0185016 0.000572213 0.389296 -0.249748 -0.00167288 -0.194362 0.0169757 0.000190738 0.394255 -0.249786 0.000848397
22 -0.00743866 0.00171661 -0.214961 0.873555 -1.18963 -0.632296 -0.207713 -0.915518 -1.23999 0.641451 -0.19894 -0.0185016 0.000572213 0.389296 -0.249748 -0.00167288 -0.194362 0.0169757 0.000190738 0.394255 -0.249786 0.000848397
22 -0.00743866 0.00171661 -0.214199 0.874318 -1.18963 -0.632296 -0.207713 -0.916281 -1.23999 0.641451 -0.19894 -0.0185016 0.000572213 0.389296 -0.249748 -0.00167288 -0.194362 0.0169757 0.000190738 0.394255 -0.249786 0.000848397
22 -0.00743866 0.00209808 -0.213436 0.875081 -1.18925 -0.632296 -0.207713 -0.917807 -1.23999 0.641451 -0.19894 -0.0185016 0.000572213 0.389296 -0.249748 -0.00167288 -0.194362 0.0169757 0.000190738 0.394255 -0.249786 0.000848397
22 -0.00743866 0.00171661 -0.212291 0.876226 -1.18887 -0.632296 -0.207332 -0.919714 -1.23999 0.641451 -0.19894 -0.0185016 0.000572213 0.389296 -0.249748 -0.00167288 -0.194362 0.0169757 0.000190738 0.394255 -0.249786 0.000848397
22 -0.00743866 0.00171661 -0.211528 0.87737 -1.18849 -0.632296 -0.207332 -0.920858 -1.23999 0.641451 -0.19894 -0.0185016 0.000572213 0.389296 -0.249748 -0.00167288 -0.194362 0.0169757 0.000190738 0.394255 -0.249786 0.000848397
22 -0.00743866 0.00171661 -0.210765 0.878515 -1.18811 -0.632296 -0.207332 -0.922384 -1.23999 0.641451 -0.19894 -0.0185016 0.000572213 0.389296 -0.249748 -0.00167288 -0.194362 0.0169757 0.000190738 0.394255 -0.249951 0.00124844
22 -0.00743866 0.00171661 -0.210384 0.879659 -1.18811 -0.632296 -0.20695 -0.923529 -1.23999 0.641451 -0.19894 -0.0185016 0.000572213 0.389296 -0.249748 -0.00167288 -0.194362 0.0169757 0.000190738 0.394255 -0.249786 0.00084883
22 -0.00743866 0.00171661 -0.209239 0.881185 -1.18772 -0.632296 -0.20695 -0.926199 -1.23999 0.641451 -0.19894 -0.0185016 0.000572213 0.389296 -0.249748 -0.00167288 -0.194362 0.0169757 0.000190738 0.394255 -0.249786 0.000848397
22 -0.00743866 0.00171661 -0.208095 0.882711 -1.18734 -0.632296 -0.206569 -0.927725 -1.23999 0.641451 -0.19894 -0.0181201 0.000572213 0.389296 -0.249748 -0.00167288 -0.194362 0.0169757 0.000190738 0.394255 -0.249786 0.000848397
22 -0.00743866 0.00171661 -0.207713 0.884237 -1.18734 -0.632296 -0.206188 -0.929632 -1.23999 0.641451 -0.19894 -0.0181201 0.000572213 0.389296 -0.249748 -0.00167288 -0.194362 0.0169757 0.000190738 0.394255 -0.249786 0.000848397
22 -0.00743866 0.00171661 -0.20695 0.885381 -1.18734 -0.632296 -0.206188 -0.932684 -1.23999 0.641451 -0.19894 -0.0185016 0.000572213 0.389296 -0.249748 -0.00167288 -0.194362 0.0169757 0.000190738 0.394255 -0.249786 0.000848397
22 -0.00743866 0.00209808 -0.206188 0.886907 -1.18696 -0.632296 -0.205806 -0.93421 -1.23999 0.641451 -0.19894 -0.0185016 0.000572213 0.389296 -0.249748 -0.00167288 -0.194362 0.0169757 0.000190738 0.394255 -0.249786 0.000848397
22 -0.00743866 0.00171661 -0.205425 0.888433 -1.18696 -0.632296 -0.205425 -0.936499 -1.23999 0.641451 -0.19894 -0.0185016 0.000572213 0.389296 -0.249748 -0.00167288 -0.194362 0.0169757 0.000190738 0.394255 -0.249786 0.000848397
22 -0.00743866 0.00209808 -0.204662 0.89034 -1.18696 -0.632296 -0.205043 -0.939551 -1.23999 0.641451 -0.19894 -0.0185016 0.000572213 0.389296 -0.249748 -0.00167288 -0.194362 0.0169757 0.000190738 0.394255 -0.249786 0.000848397
22 -0.00743866 0.00171661 -0.203899 0.892248 -1.18696 -0.632296 -0.205043 -0.941458 -1.23999 0.641451 -0.19894 -0.0185016 0.000572213 0.389296 -0.249748 -0.00167288 -0.194362 0.0169757 0.000190738 0.394255 -0.249786 0.000848397
22 -0.00743866 0.00171661 -0.203136 0.893774 -1.18696 -0.632296 -0.204662 -0.944891 -1.23999 0.641451 -0.19894 -0.0185016 0.000572213 0.389296 -0.249748 -0.00167288 -0.194362 0.0169757 0.000190738 0.394255 -0.249951 0.00124844
22 -0.00743866 0.00209808 -0.202373 0.896444 -1.18696 -0.632296 -0.20428 -0.94718 -1.23999 0.641451 -0.19894 -0.0181201 0.000572213 0.389296 -0.249748 -0.00167288 -0.194362 0.0169757 0.000190738 0.394255 -0.249951 0.001248
22 -0.00743866 0.00171661 -0.20161 0.89797 -1.18696 -0.632296 -0.203899 -0.950232 -1.23999 0.641451 -0.19894 -0.0181201 0.000572213 0.389296 -0.249748 -0.00167288 -0.194362 0.0169757 0.000190738 0.394255 -0.249951 0.001248
22 -0.00743866 0.00171661 -0.200847 0.900259 -1.18696 -0.632296 -0.203517 -0.952902 -1.23999 0.641451 -0.19894 -0.0185016 0.000572213 0.389296 -0.249748 -0.00167288 -0.194362 0.0169757 0.000190738 0.394255 -0.249951 0.001248
22 -0.00743866 0.00171661 -0.200084 0.902548 -1.18696 -0.632296 -0.202754 -0.956336 -1.23999 0.641451 -0.19894 -0.0185016 0.000572213 0.389296 -0.249748 -0.00167288 -0.194362 0.0169757 0.000190738 0.394255 -0.249786 0.000848829
22 -0.00743866 0.00171661 -0.19894 0.904836 -1.18696 -0.632296 -0.201991 -0.959006 -1.23999 0.641451 -0.19894 -0.0185016 0.000572213 0.389296 -0.249748 -0.00167288 -0.194362 0.0169757 0.000190738 0.394255 -0.249786 0.000848397
22 -0.00743866 0.00171661 -0.198558 0.907125 -1.18696 -0.632296 -0.20161 -0.961676 -1.23999 0.641451 -0.19894 -0.0185016 0.000572213 0.389296 -0.249748 -0.00167288 -0.194362 0.0169757 0.000190738 0.394255 -0.249786 0.000848397
22 -0.00743866 0.00171661 -0.197795 0.909796 -1.18696 -0.632296 -0.201228 -0.96511 -1.23999 0.641451 -0.19894 -0.0185016 0.000572213 0.389296 -0.249748 -0.00167288 -0.194362 0.0169757 0.000190738 0.394255 -0.249786 0.000848397
22 -0.00743866 0.00171661 -0.196651 0.912466 -1.18696 -0.632296 -0.200847 -0.968543 -1.23999 0.641451 -0.19894 -0.0185016 0.000572213 0.389296 -0.249748 -0.00167288 -0.194362 0.0169757 0.000190738 0.394255 -0.249951 0.00124844
22 -0.00743866 0.00171661 -0.195888 0.915136 -1.18696 -0.632296 -0.200465 -0.971595 -1.23999 0.641451 -0.19894 -0.0185016 0.000572213 0.389296 -0.249748 -0.00167288 -0.194362 0.0169757 0.000190738 0.394255 -0.249786 0.00084883
22 -0.00743866 0.00171661 -0.195125 0.917807 -1.18696 -0.632296 -0.200084 -0.975028 -1.23999 0.641451 -0.19894 -0.0185016 0.000572213 0.389296 -0.249748 -0.00167288 -0.194362 0.0169757 0.000190738 0.394255 -0.249951 0.00124844
22 -0.00743866 0.00171661 -0.194743 0.920858 -1.18696 -0.632296 -0.199321 -0.97808 -1.23999 0.641451 -0.19894 -0.0185016 0.000572213 0.389296 -0.249748 -0.00167288 -0.194362 0.0169757 0.000190738 0.394255 -0.249951 0.001248
22 -0.00743866 0.00171661 -0.19398 0.923529 -1.18696 -0.632296 -0.19894 -0.982276 -1.23999 0.641451 -0.19894 -0.0185016 0.000572213 0.389296 -0.249748 -0.00167288 -0.194362 0.0169757 0.000190738 0.394255 -0.249786 0.000848829
22 -0.00743866 0.00171661 -0.193217 0.926581 -1.18696 -0.632296 -0.198558 -0.984946 -1.23999 0.641451 -0.19894 -0.0185016 0.000572213 0.389296 -0.249748 -0.00167288 -0.194362 0.0169757 0.000190738 0.394255 -0.249786 0.000848397
22 -0.00743866 0.00171661 -0.192454 0.929251 -1.18696 -0.632296 -0.198177 -0.989143 -1.24037 0.641451 -0.19894 -0.0185016 0.000572213 0.389296 -0.249748 -0.00167288 -0.194362 0.0169757 0.000190738 0.394255 -0.249786 0.000848397
22 -0.00743866 0.00171661 -0.191691 0.932303 -1.18696 -0.632296 -0.197795 -0.992576 -1.24037 0.641451 -0.19894 -0.0185016 0.000572213 0.389296 -0.249748 -0.00167288 -0.194362 0.0169757 0.000190738 0.394255 -0.249786 0.000848397
22 -0.00743866 0.00171661 -0.190929 0.935354 -1.18696 -0.632296 -0.197032 -0.996391 -1.24037 0.641833 -0.19894 -0.0185016 0.000572213 0.389296 -0.249748 -0.00167288 -0.194362 0.0169757 0.000190738 0.394255 -0.249786 0.000848397
22 -0.00743866 0.00171661 -0.190166 0.938788 -1.18696 -0.632296 -0.196651 -1.00021 -1.24037 0.641833 -0.19894 -0.0185016 0.000572213 0.389296 -0.249748 -0.00167288 -0.194362 0.0169757 0.000190738 0.394255 -0.249786 0.000848397
22 -0.00782013 0.00171661 -0.189403 0.94184 -1.18696 -0.632296 -0.195888 -1.00364 -1.24037 0.641833 -0.19894 -0.0185016 0.000572213 0.389296 -0.249748 -0.00167288 -0.194362 0.0169757 0.000190738 0.394255 -0.249786 0.000848397
22 -0.00743866 0.00171661 -0.189021 0.945273 -1.18696 -0.632296 -0.195506 -1.00783 -1.24037 0.641833 -0.19894 -0.0185016 0.000572213 0.389296 -0.249748 -0.00167288 -0.194362 0.0169757 0.000190738 0.394255 -0.249786 0.000848397
22 -0.00743866 0.00171661 -0.188258 0.948325 -1.18696 -0.632296 -0.195125 -1.01127 -1.24075 0.641833 -0.19894 -0.0185016 0.000572213 0.389296 -0.249748 -0.00167288 -0.194362 0.0169757 0.000190738 0.394255 -0.249786 0.000848397
22 -0.00743866 0.00171661 -0.187495 0.952139 -1.18696 -0.632677 -0.194743 -1.01546 -1.24075 0.641833 -0.19894 -0.0185016 0.000572213 0.389296 -0.249748 -0.00167288 -0.194362 0.0169757 0.000190738 0.394255 -0.249786 0.000848397
22 -0.00743866 0.00171661 -0.186732 0.955573 -1.18734 -0.632677 -0.194362 -1.02004 -1.24075 0.641833 -0.19894 -0.0185016 0.000572213 0.389296 -0.249748 -0.00167288 -0.194362 0.0169757 0.000190738 0.394255 -0.249786 0.000848397
22 -0.00743866 0.00171661 -0.186351 0.959006 -1.18734 -0.632677 -0.193599 -1.02309 -1.24075 0.641833 -0.19894 -0.0185016 0.000572213 0.389296 -0.249748 -0.00167288 -0.194362 0.0169757 0.000190738 0.394255 -0.249786 0.000848397
22 -0.00743866 0.00171661 -0.185588 0.962439 -1.18734 -0.632677 -0.193599 -1.02767 -1.24113 0.641833 -0.19894 -0.0185016 0.000572213 0.389296 -0.249748 -0.00167288 -0.194362 0.0169757 0.000190738 0.394255 -0.249786 0.000848397
22 -0.00782013 0.00171661 -0.185206 0.966254 -1.18734 -0.632677 -0.193217 -1.03225 -1.24113 0.641833 -0.19894 -0.0185016 0.000572213 0.389296 -0.249748 -0.00167288 -0.194362 0.0169757 0.000190738 0.394255 -0.249786 0.000848397
22 -0.00743866 0.00171661 -0.184443 0.97045 -1.18734 -0.632677 -0.192836 -1.03568 -1.24151 0.641833 -0.19894 -0.0185016 0.000572213 0.389296 -0.249748 -0.00167288 -0.194362 0.0169757 0.000190738 0.394255 -0.249786 0.000848397
22 -0.00743866 0.00171661 -0.184062 0.973884 -1.18734 -0.632677 -0.192836 -1.04026 -1.24151 0.641833 -0.19894 -0.0185016 0.000572213 0.389296 -0.249748 -0.00167288 -0.194362 0.0169757 0.000190738 0.394255 -0.249786 0.000848397
22 -0.00743866 0.00171661 -0.183299 0.97808 -1.18734 -0.632677 -0.192454 -1.04484 -1.24189 0.641833 -0.19894 -0.0185016 0.000572213 0.389296 -0.249748 -0.00167288 -0.194362 0.0169757 0.000190738 0.394255 -0.249786 0.000848397
22 -0.00743866 0.00171661 -0.182918 0.981894 -1.18734 -0.633059 -0.192073 -1.04865 -1.24189 0.641833 -0.19894 -0.0185016 0.000572213 0.389296 -0.249748 -0.00167288 -0.194362 0.0169757 0.000190738 0.394255 -0.249786 0.000848397
22 -0.00743866 0.00171661 -0.182536 0.985709 -1.18772 -0.633059 -0.192073 -1.05323 -1.24228 0.642214 -0.19894 -0.0185016 0.000572213 0.389296 -0.249748 -0.00167288 -0.194362 0.0169757 0.000190738 0.394255 -0.249786 0.000848397
22 -0.00743866 0.00171661 -0.182155 0.989905 -1.18772 -0.633059 -0.191691 -1.05781 -1.24228 0.642214 -0.19894 -0.0185016 0.000572213 0.389296 -0.249748 -0.00167288 -0.194362 0.0169757 0.000190738 0.394255 -0.249786 0.000848397
22 -0.00743866 0.00171661 -0.181773 0.99372 -1.18772 -0.633059 -0.19131 -1.062 -1.24228 0.642214 -0.19894 -0.0185016 0.000572213 0.389296 -0.249748 -0.00167288 -0.194362 0.0169757 0.000190738 0.394255 -0.249786 0.000848397
22 -0.00743866 0.00171661 -0.181392 0.997916 -1.18772 -0.633059 -0.190929 -1.0662 -1.24266 0.642214 -0.19894 -0.0185016 0.000572213 0.389296 -0.249748 -0.00167288 -0.194362 0.0169757 0.000190738 0.394255 -0.249786 0.000848397
22 -0.00743866 0.00171661 -0.18101 1.00249 -1.18772 -0.633059 -0.190547 -1.07116 -1.24266 0.642214 -0.19894 -0.0185016 0.000572213 0.389296 -0.249748 -0.00167288 -0.194362 0.0169757 0.000190738 0.394255 -0.249786 0.000848397
22 -0.00743866 0.00171661 -0.180629 1.00631 -1.18811 -0.633059 -0.190166 -1.07612 -1.24304 0.642596 -0.19894 -0.0185016 0.000572213 0.389296 -0.249748 -0.00167288 -0.194362 0.0169757 0.000190738 0.394255 -0.249786 0.000848397
22 -0.00743866 0.00171661 -0.180247 1.01051 -1.18811 -0.633059 -0.189784 -1.0807 -1.24304 0.642596 -0.19894 -0.0185016 0.000572213 0.389296 -0.249748 -0.00167288 -0.194362 0.0169757 0.000190738 0.394255 -0.249786 0.000848397
22 -0.00743866 0.00171661 -0.180247 1.01508 -1.18811 -0.633059 -0.189403 -1.08489 -1.24342 0.642596 -0.19894 -0.0185016 0.000572213 0.389296 -0.249748 -0.00167288 -0.194362 0.0169757 0.000190738 0.394255 -0.249786 0.000848397
22 -0.00743866 0.00171661 -0.179866 1.01928 -1.18811 -0.633059 -0.189021 -1.08985 -1.24342 0.642596 -0.19894 -0.0185016 0.000572213 0.389296 -0.249748 -0.00167288 -0.194362 0.0169757 0.000190738 0.394255 -0.249786 0.000848397
22 -0.00743866 0.00171661 -0.179484 1.02348 -1.18849 -0.633059 -0.18864 -1.09481 -1.2438 0.642977 -0.19894 -0.0185016 0.000572213 0.389296 -0.249748 -0.00167288 -0.194362 0.0169757 0.000190738 0.394255 -0.249786 0.000848397
22 -0.00743866 0.00171661 -0.179103 1.02805 -1.18849 -0.633059 -0.18864 -1.09977 -1.2438 0.642977 -0.19894 -0.0185016 0.000572213 0.389296 -0.249748 -0.00167288 -0.194362 0.0169757 0.000190738 0.394255 -0.249786 0.000848397
22 -0.00743866 0.00171661 -0.179103 1.03225 -1.18887 -0.633059 -0.188258 -1.10397 -1.24418 0.642977 -0.19894 -0.0185016 0.000572213 0.389296 -0.249748 -0.00167288 -0.194362 0.0169757 0.000190738 0.394255 -0.249951 0.00124844
22 -0.00743866 0.00171661 -0.178721 1.03683 -1.18887 -0.633059 -0.188258 -1.10893 -1.24418 0.642977 -0.19894 -0.0185016 0.000572213 0.389296 -0.249748 -0.00167288 -0.194362 0.0169757 0.000190738 0.394255 -0.249951 0.001248
22 -0.00743866 0.00171661 -0.17834 1.04102 -1.18887 -0.633059 -0.187877 -1.11389 -1.24456 0.642977 -0.19894 -0.0185016 0.000572213 0.389296 -0.249748 -0.00167288 -0.194362 0.0169757 0.000190738 0.394255 -0.249951 0.001248
22 -0.00743866 0.00171661 -0.17834 1.04598 -1.18925 -0.633059 -0.187877 -1.11923 -1.24456 0.643359 -0.19894 -0.0185016 0.000572213 0.389296 -0.249748 -0.00167288 -0.194362 0.0169757 0.000190738 0.394255 -0.249786 0.000848829
22 -0.00743866 0.00171661 -0.177958 1.05018 -1.18925 -0.633059 -0.187495 -1.12342 -1.24495 0.643359 -0.19894 -0.0185016 0.000572213 0.389296 -0.249748 -0.00167288 -0.194362 0.0169757 0.000190738 0.394255 -0.249786 0.000848397
22 -0.00743866 0.00171661 -0.177958 1.05514 -1.18963 -0.63344 -0.187495 -1.12838 -1.24495 0.643359 -0.19894 -0.0185016 0.000572213 0.389296 -0.249748 -0.00167288 -0.194362 0.0169757 0.000190738 0.394255 -0.249786 0.000848397
22 -0.00743866 0.00171661 -0.177577 1.05933 -1.18963 -0.63344 -0.187495 -1.13334 -1.24533 0.643359 -0.19894 -0.0185016 0.000572213 0.389296 -0.249748 -0.00167288 -0.194362 0.0169757 0.000190738 0.394255 -0.249786 0.000848397
22 -0.00743866 0.00171661 -0.177195 1.06467 -1.19001 -0.63344 -0.187114 -1.13868 -1.24533 0.643359 -0.19894 -0.0185016 0.000572213 0.389296 -0.249748 -0.00167288 -0.194362 0.0169757 0.000190738 0.394255 -0.249786 0.000848397
22 -0.00743866 0.00171661 -0.177195 1.06887 -1.19039 -0.63344 -0.187114 -1.14364 -1.24571 0.643359 -0.19894 -0.0185016 0.000572213 0.389296 -0.249748 -0.00167288 -0.194362 0.0169757 0.000190738 0.394255 -0.249786 0.000848397
22 -0.00743866 0.00171661 -0.177195 1.07383 -1.19078 -0.63344 -0.187114 -1.14784 -1.24609 0.643359 -0.19894 -0.0185016 0.000572213 0.389296 -0.249748 -0.00167288 -0.194362 0.0169757 0.000190738 0.394255 -0.249786 0.000848397
22 -0.00743866 0.00171661 -0.176814 1.07841 -1.19116 -0.63344 -0.186732 -1.15318 -1.24647 0.642977 -0.19894 -0.0185016 0.000572213 0.389296 -0.249748 -0.00167288 -0.194362 0.0169757 0.000190738 0.394255 -0.249786 0.000848397
22 -0.00743866 0.00171661 -0.176814 1.08337 -1.19154 -0.63344 -0.186732 -1.15814 -1.24685 0.642977 -0.19894 -0.0185016 0.000572213 0.389296 -0.249748 -0.00167288 -0.194362 0.0169757 0.000190738 0.394255 -0.249786 0.000848397
22 -0.00743866 0.00171661 -0.176432 1.08794 -1.19192 -0.63344 -0.186732 -1.16348 -1.24723 0.642977 -0.19894 -0.0185016 0.000572213 0.389296 -0.249748 -0.00167288 -0.194362 0.0169757 0.000190738 0.394255 -0.249786 0.000848397
22 -0.00743866 0.00171661 -0.176432 1.09252 -1.1923 -0.63344 -0.186351 -1.16805 -1.24762 0.642977 -0.19894 -0.0185016 0.000572213 0.389296 -0.249748 -0.00167288 -0.194362 0.0169757 0.000190738 0.394255 -0.249786 0.000848397
22 -0.00743866 0.00171661 -0.176051 1.0971 -1.19268 -0.63344 -0.186351 -1.17225 -1.248 0.642977 -0.19894 -0.0185016 0.000572213 0.389296 -0.249748 -0.00167288 -0.194362 0.0169757 0.000190738 0.394255 -0.249951 0.00124844
22 -0.00743866 0.00171661 -0.176051 1.10206 -1.19345 -0.63344 -0.186351 -1.17759 -1.24876 0.642977 -0.19894 -0.0185016 0.000572213 0.389296 -0.249748 -0.00167288 -0.194362 0.0169757 0.000190738 0.394255 -0.249951 0.001248
22 -0.00743866 0.00171661 -0.176051 1.10664 -1.19383 -0.63344 -0.185969 -1.18255 -1.24952 0.642977 -0.19894 -0.0185016 0.000572213 0.389296 -0.249748 -0.00167288 -0.194362 0.0169757 0.000190738 0.394255 -0.249951 0.001248
22 -0.00743866 0.00171661 -0.176051 1.1116 -1.19459 -0.63344 -0.185969 -1.18789 -1.25029 0.642977 -0.19894 -0.0185016 0.000572213 0.389296 -0.249748 -0.00167288 -0.194362 0.0169757 0.000190738 0.394255 -0.249951 0.001248
22 -0.00743866 0.00171661 -0.175669 1.11617 -1.19497 -0.63344 -0.185969 -1.19247 -1.25067 0.642977 -0.19894 -0.0185016 0.000572213 0.389296 -0.249748 -0.00167288 -0.194362 0.0169757 0.000190738 0.394255 -0.249951 0.001248
22 -0.00743866 0.00171661 -0.175669 1.12113 -1.19574 -0.63344 -0.185969 -1.19705 -1.25143 0.642977 -0.19894 -0.0185016 0.000572213 0.389296 -0.249748 -0.00167288 -0.194362 0.0169757 0.000190738 0.394255 -0.249951 0.001248
22 -0.00743866 0.00171661 -0.175669 1.12571 -1.19612 -0.63344 -0.185588 -1.20201 -1.25181 0.642977 -0.19894 -0.0185016 0.000572213 0.389296 -0.249748 -0.00167288 -0.194362 0.0169757 0.000190738 0.394255 -0.249786 0.000848829
22 -0.00743866 0.00171661 -0.175669 1.13029 -1.1965 -0.63344 -0.185588 -1.20697 -1.25257 0.642977 -0.19894 -0.0185016 0.000572213 0.389296 -0.249748 -0.00167288 -0.194362 0.0169757 0.000190738 0.394255 -0.249786 0.000848397
22 -0.00743866 0.00171661 -0.175669 1.13487 -1.19688 -0.63344 -0.185206 -1.21192 -1.25334 0.642977 -0.19894 -0.0185016 0.000572213 0.389296 -0.249748 -0.00167288 -0.194362 0.0169757 0.000190738 0.394255 -0.249786 0.000848397
22 -0.00743866 0.00171661 -0.175669 1.13983 -1.19764 -0.63344 -0.185206 -1.21612 -1.2541 0.642977 -0.19894 -0.0185016 0.000572213 0.389296 -0.249748 -0.00167288 -0.194362 0.0169757 0.000190738 0.394255 -0.249786 0.000848397
22 -0.00743866 0.00171661 -0.176051 1.1444 -1.19802 -0.63344 -0.184825 -1.22108 -1.25486 0.642977 -0.19894 -0.0185016 0.000572213 0.389296 -0.249748 -0.00167288 -0.194362 0.0169757 0.000190738 0.394255 -0.249786 0.000848397
22 -0.00743866 0.00171661 -0.176051 1.1486 -1.19841 -0.63344 -0.184443 -1.22642 -1.25563 0.642977 -0.19894 -0.0185016 0.000572213 0.389296 -0.249748 -0.00167288 -0.194362 0.0169757 0.000190738 0.394255 -0.249786 0.000848397
22 -0.00743866 0.00171661 -0.176051 1.15318 -1.19917 -0.63344 -0.184443 -1.23138 -1.25639 0.642977 -0.19894 -0.0185016 0.000572213 0.389296 -0.249748 -0.00167288 -0.194362 0.0169757 0.000190738 0.394255 -0.249786 0.000848397
22 -0.00743866 0.00171661 -0.176051 1.15814 -1.19955 -0.63344 -0.184062 -1.23519 -1.25715 0.642977 -0.19894 -0.0185016 0.000572213 0.389296 -0.249748 -0.00167288 -0.194362 0.0169757 0.000190738 0.394255 -0.249786 0.000848397
22 -0.00743866 0.00171661 -0.176051 1.16233 -1.20069 -0.63344 -0.18368 -1.24015 -1.25792 0.642977 -0.19894 -0.0185016 0.000572213 0.389296 -0.249748 -0.00167288 -0.194362 0.0169757 0.000190738 0.394255 -0.249786 0.000848397
22 -0.00743866 0.00171661 -0.176051 1.16691 -1.20146 -0.63344 -0.183299 -1.24511 -1.25868 0.642977 -0.19894 -0.0185016 0.000572213 0.389296 -0.249748 -0.00167288 -0.194362 0.0169757 0.000190738 0.394255 -0.249786 0.000848397
22 -0.00743866 0.00171661 -0.176051 1.17149 -1.20222 -0.63344 -0.183299 -1.25045 -1.25906 0.642977 -0.19894 -0.0185016 0.000572213 0.389296 -0.249748 -0.00167288 -0.194362 0.0169757 0.000190738 0.394255 -0.249786 0.000848397
22 -0.00743866 0.00171661 -0.176051 1.17607 -1.2026 -0.63344 -0.182918 -1.25465 -1.25982 0.642977 -0.19894 -0.0185016 0.000572213 0.389296 -0.249748 -0.00167288 -0.194362 0.0169757 0.000190738 0.394255 -0.249786 0.000848397
22 -0.00743866 0.00171661 -0.176051 1.18026 -1.20336 -0.63344 -0.182918 -1.25923 -1.26059 0.642977 -0.19894 -0.0185016 0.000572213 0.389296 -0.249748 -0.00167288 -0.194362 0.0169757 0.000190738 0.394255 -0.249786 0.000848397
22 -0.00743866 0.00171661 -0.176051 1.18484 -1.20413 -0.63344 -0.182536 -1.26419 -1.26173 0.642977 -0.19894 -0.0185016 0.000572213 0.389296 -0.249748 -0.00167288 -0.194362 0.0169757 0.000190738 0.394255 -0.249786 0.000848397
22 -0.00743866 0.00171661 -0.176051 1.18942 -1.20489 -0.63344 -0.182536 -1.26915 -1.26249 0.642977 -0.19894 -0.0185016 0.000572213 0.389296 -0.249748 -0.00167288 -0.194362 0.0169757 0.000190738 0.394255 -0.249786 0.000848397
22 -0.00743866 0.00209808 -0.176432 1.19323 -1.20527 -0.63344 -0.182155 -1.27296 -1.26364 0.642977 -0.19894 -0.0185016 0.000572213 0.389296 -0.249748 -0.00167288 -0.194362 0.0169757 0.000190738 0.394255 -0.249786 0.000848397
22 -0.00782013 0.00171661 -0.176432 1.19781 -1.20642 -0.63344 -0.182155 -1.27754 -1.2644 0.642977 -0.19894 -0.0185016 0.000572213 0.389296 -0.249748 -0.00167288 -0.194362 0.0169757 0.000190738 0.394255 -0.249786 0.000848397
22 -0.00743866 0.00171661 -0.176432 1.20239 -1.20718 -0.63344 -0.181773 -1.28212 -1.26516 0.642977 -0.19894 -0.0185016 0.000572213 0.389296 -0.249748 -0.00167288 -0.194362 0.0169757 0.000190738 0.394255 -0.249786 0.000848397
22 -0.00743866 0.00171661 -0.176432 1.2062 -1.20794 -0.63344 -0.181773 -1.28707 -1.26631 0.642977 -0.19894 -0.0185016 0.000572213 0.389296 -0.249748 -0.00167288 -0.194362 0.0169757 0.000190738 0.394255 -0.249951 0.00124844
22 -0.00743866 0.00171661 -0.176432 1.21078 -1.20871 -0.63344 -0.181392 -1.29089 -1.26707 0.642977 -0.19894 -0.0185016 0.000572213 0.389296 -0.249748 -0.00167288 -0.194362 0.0169757 0.000190738 0.394255 -0.249786 0.00084883
22 -0.00743866 0.00171661 -0.176814 1.21498 -1.20947 -0.63344 -0.181392 -1.29547 -1.26783 0.642977 -0.19894 -0.0185016 0.000572213 0.389296 -0.249748 -0.00167288 -0.194362 0.0169757 0.000190738 0.394255 -0.249786 0.000848397
22 -0.00743866 0.00171661 -0.176814 1.21879 -1.21023 -0.63344 -0.18101 -1.30043 -1.26898 0.642977 -0.19894 -0.0185016 0.000572213 0.389296 -0.249748 -0.00167288 -0.194362 0.0169757 0.000190738 0.394255 -0.249951 0.00124844
22 -0.00743866 0.00171661 -0.176814 1.22299 -1.21099 -0.63344 -0.18101 -1.30424 -1.26974 0.642977 -0.19894 -0.0185016 0.000572213 0.389296 -0.249748 -0.00167288 -0.194362 0.0169757 0.000190738 0.394255 -0.249951 0.001248
22 -0.00743866 0.00171661 -0.177195 1.22718 -1.21138 -0.63344 -0.18101 -1.30844 -1.2705 0.642977 -0.19894 -0.0185016 0.000572213 0.389296 -0.249748 -0.00167288 -0.194362 0.0169757 0.000190738 0.394255 -0.249786 0.000848829
22 -0.00743866 0.00171661 -0.177195 1.231 -1.21252 -0.63344 -0.180629 -1.31302 -1.27127 0.642977 -0.19894 -0.0185016 0.000572213 0.389296 -0.249748 -0.00167288 -0.194362 0.0169757 0.000190738 0.394255 -0.249786 0.000848397
22 -0.00743866 0.00171661 -0.177195 1.23481 -1.21328 -0.63344 -0.180629 -1.31683 -1.27203 0.642977 -0.19894 -0.0185016 0.000572213 0.389296 -0.249748 -0.00167288 -0.194362 0.0169757 0.000190738 0.394255 -0.249786 0.000848397
22 -0.00743866 0.00171661 -0.177195 1.23901 -1.21443 -0.63344 -0.180629 -1.32103 -1.27279 0.642977 -0.19894 -0.0185016 0.000572213 0.389296 -0.249748 -0.00167288 -0.194362 0.0169757 0.000190738 0.394255 -0.249951 0.00124844
22 -0.00743866 0.00171661 -0.177577 1.24244 -1.21519 -0.63344 -0.180629 -1.3256 -1.27356 0.642977 -0.19894 -0.0185016 0.000572213 0.389296 -0.249748 -0.00167288 -0.194362 0.0169757 0.000190738 0.394255 -0.249786 0.00084883
22 -0.00782013 0.00171661 -0.177577 1.24664 -1.21595 -0.63344 -0.180629 -1.32904 -1.2747 0.642977 -0.19894 -0.0185016 0.000572213 0.389296 -0.249748 -0.00167288 -0.194362 0.0169757 0.000190738 0.394255 -0.249786 0.000848397
22 -0.00743866 0.00171661 -0.177577 1.25007 -1.2171 -0.63344 -0.180247 -1.33323 -1.27546 0.642977 -0.19894 -0.0185016 0.000572213 0.389296 -0.249748 -0.00167288 -0.194362 0.0169757 0.000190738 0.394255 -0.249786 0.000848397
22 -0.00743866 0.00171661 -0.177958 1.25389 -1.21748 -0.63344 -0.180247 -1.33743 -1.27623 0.642977 -0.19894 -0.0185016 0.000572213 0.389296 -0.249748 -0.00167288 -0.194362 0.0169757 0.000190738 0.394255 -0.249786 0.000848397
22 -0.00743866 0.00171661 -0.177958 1.2577 -1.21862 -0.63344 -0.180247 -1.34086 -1.27737 0.642977 -0.19894 -0.0185016 0.000572213 0.389296 -0.249748 -0.00167288 -0.194362 0.0169757 0.000190738 0.394255 -0.249786 0.000848397
22 -0.00743866 0.00171661 -0.177958 1.26113 -1.21977 -0.63344 -0.180247 -1.34468 -1.27852 0.642977 -0.19894 -0.0185016 0.000572213 0.389296 -0.249748 -0.00167288 -0.194362 0.0169757 0.000190738 0.394255 -0.249786 0.000848397
22 -0.00743866 0.00171661 -0.177958 1.26495 -1.22053 -0.63344 -0.179866 -1.34887 -1.27928 0.642977 -0.19894 -0.0185016 0.000572213 0.389296 -0.249748 -0.00167288 -0.194362 0.0169757 0.000190738 0.394255 -0.249786 0.000848397
22 -0.00743866 0.00171661 -0.177958 1.26838 -1.22129 -0.63344 -0.179866 -1.35231 -1.28042 0.642977 -0.19894 -0.0185016 0.000572213 0.389296 -0.249748 -0.00167288 -0.194362 0.0169757 0.000190738 0.394255 -0.249786 0.000848397
22 -0.00743866 0.00171661 -0.177958 1.27182 -1.22244 -0.63344 -0.179866 -1.3565 -1.28119 0.642977 -0.19894 -0.0185016 0.000572213 0.389296 -0.249748 -0.00167288 -0.194362 0.0169757 0.000190738 0.394255 -0.249786 0.000848397
22 -0.00743866 0.00171661 -0.17834 1.27525 -1.2232 -0.63344 -0.179866 -1.35917 -1.28233 0.642977 -0.19894 -0.0185016 0.000572213 0.389296 -0.249748 -0.00167288 -0.194362 0.0169757 0.000190738 0.394255 -0.249786 0.000848397
22 -0.00743866 0.00171661 -0.17834 1.27868 -1.22358 -0.63344 -0.179866 -1.36337 -1.28271 0.642977 -0.19894 -0.0185016 0.000572213 0.389296 -0.249748 -0.00167288 -0.194362 0.0169757 0.000190738 0.394255 -0.249951 0.00124844
22 -0.00743866 0.00171661 -0.17834 1.28212 -1.22435 -0.63344 -0.179484 -1.3668 -1.28386 0.642977 -0.19894 -0.0185016 0.000572213 0.389296 -0.249748 -0.00167288 -0.194362 0.0169757 0.000190738 0.394255 -0.249951 0.001248
22 -0.00743866 0.00171661 -0.17834 1.28517 -1.22549 -0.63344 -0.179484 -1.37024 -1.28462 0.642977 -0.19894 -0.0185016 0.000572213 0.389296 -0.249748 -0.00167288 -0.194362 0.0169757 0.000190738 0.394255 -0.249951 0.001248
22 -0.00743866 0.00171661 -0.17834 1.28822 -1.22663 -0.63344 -0.179484 -1.37367 -1.28538 0.642977 -0.19894 -0.0185016 0.000572213 0.389296 -0.249748 -0.00167288 -0.194362 0.0169757 0.000190738 0.394255 -0.249951 0.001248
22 -0.00743866 0.00171661 -0.17834 1.29127 -1.2274 -0.63344 -0.179484 -1.37672 -1.28653 0.642977 -0.19894 -0.0185016 0.000572213 0.389296 -0.249748 -0.00167288 -0.194362 0.0169757 0.000190738 0.394255 -0.249786 0.000848829
22 -0.00743866 0.00171661 -0.17834 1.29432 -1.22816 -0.633822 -0.179484 -1.38015 -1.28767 0.642977 -0.19894 -0.0185016 0.000572213 0.389296 -0.249748 -0.00167288 -0.194362 0.0169757 0.000190738 0.394255 -0.249786 0.000848397
22 -0.00743866 0.00171661 -0.178721 1.29737 -1.2293 -0.633822 -0.179484 -1.38283 -1.28843 0.642977 -0.19894 -0.0185016 0.000572213 0.389296 -0.249748 -0.00167288 -0.194362 0.0169757 0.000190738 0.394255 -0.249786 0.000848397
22 -0.00743866 0.00171661 -0.178721 1.30005 -1.23007 -0.633822 -0.179103 -1.38626 -1.2892 0.642977 -0.19894 -0.0185016 0.000572213 0.389296 -0.249748 -0.00167288 -0.194362 0.0169757 0.000190738 0.394255 -0.249786 0.000848397
22 -0.00743866 0.00171661 -0.178721 1.3031 -1.23083 -0.633822 -0.179103 -1.38893 -1.29034 0.642977 -0.19894 -0.0185016 0.000572213 0.389296 -0.249748 -0.00167288 -0.194362 0.0169757 0.000190738 0.394255 -0.249786 0.000848397
22 -0.00743866 0.00171661 -0.178721 1.30577 -1.23236 -0.633822 -0.179103 -1.39198 -1.29149 0.642977 -0.19894 -0.0185016 0.000572213 0.389296 -0.249748 -0.00167288 -0.194362 0.0169757 0.000190738 0.394255 -0.249786 0.000848397
22 -0.00743866 0.00171661 -0.178721 1.30844 -1.23312 -0.633822 -0.179103 -1.39465 -1.29225 0.642977 -0.19894 -0.0185016 0.000572213 0.389296 -0.249748 -0.00167288 -0.194362 0.0169757 0.000190738 0.394255 -0.249786 0.000848397
22 -0.00743866 0.00171661 -0.178721 1.31111 -1.23426 -0.633822 -0.179103 -1.39694 -1.29339 0.642977 -0.19894 -0.0185016 0.000572213 0.389296 -0.249748 -0.00167288 -0.194362 0.0169757 0.000190738 0.394255 -0.249951 0.00124844
22 -0.00743866 0.00171661 -0.178721 1.31378 -1.23503 -0.634203 -0.179103 -1.40037 -1.29416 0.642977 -0.19894 -0.0185016 0.000572213 0.389296 -0.249748 -0.00167288 -0.194362 0.0169757 0.000190738 0.394255 -0.249786 0.00084883
22 -0.00743866 0.00171661 -0.178721 1.31607 -1.23579 -0.634203 -0.179103 -1.40228 -1.29492 0.642977 -0.19894 -0.0185016 0.000572213 0.389296 -0.249748 -0.00167288 -0.194362 0.0169757 0.000190738 0.394255 -0.249951 0.00124844
22 -0.00743866 0.00171661 -0.178721 1.31797 -1.23655 -0.634203 -0.179103 -1.40533 -1.29568 0.642977 -0.19894 -0.0185016 0.000572213 0.389296 -0.249748 -0.00167288 -0.194362 0.0169757 0.000190738 0.394255 -0.249951 0.001248
22 -0.00743866 0.00171661 -0.178721 1.32064 -1.23732 -0.634203 -0.179103 -1.40724 -1.29683 0.642977 -0.19894 -0.0185016 0.000572213 0.389296 -0.249748 -0.00167288 -0.194362 0.0169757 0.000190738 0.394255 -0.249951 0.001248
22 -0.00743866 0.00171661 -0.178721 1.32255 -1.23846 -0.634203 -0.179103 -1.40915 -1.29759 0.642977 -0.19894 -0.0185016 0.000572213 0.389296 -0.249748 -0.00167288 -0.194362 0.0169757 0.000190738 0.394255 -0.249951 0.001248
22 -0.00743866 0.00171661 -0.178721 1.32484 -1.2396 -0.634585 -0.179103 -1.4122 -1.29835 0.642977 -0.19894 -0.0185016 0.000572213 0.389296 -0.249748 -0.00167288 -0.194362 0.0169757 0.000190738 0.394255 -0.249951 0.001248
22 -0.00743866 0.00171661 -0.178721 1.32675 -1.24037 -0.634585 -0.179103 -1.41411 -1.2995 0.642977 -0.19894 -0.0185016 0.000572213 0.389296 -0.249748 -0.00167288 -0.194362 0.0169757 0.000190738 0.394255 -0.249786 0.000848829
22 -0.00743866 0.00171661 -0.178721 1.32866 -1.24113 -0.634585 -0.179103 -1.41601 -1.30026 0.642977 -0.19894 -0.0185016 0.000572213 0.389296 -0.249748 -0.00167288 -0.194362 0.0169757 0.000190738 0.394255 -0.249786 0.000848397
22 -0.00743866 0.00171661 -0.178721 1.33056 -1.24189 -0.634585 -0.179103 -1.41868 -1.30102 0.642977 -0.19894 -0.0185016 0.000572213 0.389296 -0.249748 -0.00167288 -0.194362 0.0169757 0.000190738 0.394255 -0.249786 0.000848397
22 -0.00743866 0.00171661 -0.178721 1.33247 -1.24304 -0.634585 -0.179103 -1.41983 -1.30179 0.642977 -0.19894 -0.0185016 0.000572213 0.389296 -0.249748 -0.00167288 -0.194362 0.0169757 0.000190738 0.394255 -0.249786 0.000848397
22 -0.00743866 0.00171661 -0.178721 1.334 -1.2438 -0.634966 -0.179103 -1.42135 -1.30293 0.642977 -0.19894 -0.0185016 0.000572213 0.389296 -0.249748 -0.00167288 -0.194362 0.0169757 0.000190738 0.394255 -0.249786 0.000848397
22 -0.00743866 0.00171661 -0.178721 1.3359 -1.24533 -0.634966 -0.179103 -1.42326 -1.30407 0.642977 -0.19894 -0.0185016 0.000572213 0.389296 -0.249748 -0.00167288 -0.194362 0.0169757 0.000190738 0.394255 -0.249786 0.000848397
22 -0.00743866 0.00171661 -0.178721 1.33705 -1.24609 -0.634966 -0.179103 -1.42517 -1.30484 0.642977 -0.19894 -0.0185016 0.000572213 0.389296 -0.249748 -0.00167288 -0.194362 0.0169757 0.000190738 0.394255 -0.249786 0.000848397
22 -0.00743866 0.00171661 -0.178721 1.33896 -1.24685 -0.634966 -0.179103 -1.42631 -1.3056 0.642977 -0.19894 -0.0185016 0.000572213 0.389296 -0.249748 -0.00167288 -0.194362 0.0169757 0.000190738 0.394255 -0.249786 0.000848397
22 -0.00743866 0.00171661 -0.178721 1.3401 -1.248 -0.635348 -0.179103 -1.42746 -1.30674 0.642977 -0.19894 -0.0185016 0.000572213 0.389296 -0.249748 -0.00167288 -0.194362 0.0169757 0.000190738 0.394255 -0.249951 0.00124844
22 -0.00743866 0.00171661 -0.178721 1.34124 -1.24876 -0.635348 -0.179103 -1.4286 -1.30751 0.642977 -0.19894 -0.0185016 0.000572213 0.389296 -0.249748 -0.00167288 -0.194362 0.0169757 0.000190738 0.394255 -0.249786 0.00084883
22 -0.00743866 0.00171661 -0.178721 1.34239 -1.2499 -0.635348 -0.179103 -1.43051 -1.30827 0.642977 -0.19894 -0.0185016 0.000572213 0.389296 -0.249748 -0.00167288 -0.194362 0.0169757 0.000190738 0.394255 -0.249951 0.00124844
22 -0.00743866 0.00171661 -0.178721 1.34353 -1.25105 -0.635729 -0.179103 -1.43127 -1.30903 0.642977 -0.19894 -0.0185016 0.000572213 0.389296 -0.249748 -0.00167288 -0.194362 0.0169757 0.000190738 0.394255 -0.249786 0.00084883
22 -0.00743866 0.00171661 -0.178721 1.34506 -1.25181 -0.635729 -0.179103 -1.43204 -1.3098 0.642977 -0.19894 -0.0185016 0.000572213 0.389296 -0.249748 -0.00167288 -0.194362 0.0169757 0.000190738 0.394255 -0.249786 0.000848397
22 -0.00743866 0.00171661 -0.178721 1.34582 -1.25257 -0.635729 -0.179103 -1.4328 -1.31056 0.642977 -0.19894 -0.0185016 0.000572213 0.389296 -0.249748 -0.00167288 -0.194362 0.0169757 0.000190738 0.394255 -0.249786 0.000848397
22 -0.00743866 0.00171661 -0.178721 1.34659 -1.25372 -0.63611 -0.179103 -1.43356 -1.31132 0.642977 -0.19894 -0.0185016 0.000572213 0.389296 -0.249748 -0.00167288 -0.194362 0.0169757 0.000190738 0.394255 -0.249786 0.000848397
22 -0.00743866 0.00171661 -0.178721 1.34773 -1.25486 -0.63611 -0.179103 -1.43394 -1.31209 0.642977 -0.19894 -0.0185016 0.000572213 0.389296 -0.249748 -0.00167288 -0.194362 0.0169757 0.000190738 0.394255 -0.249786 0.000848397
22 -0.00743866 0.00171661 -0.178721 1.34849 -1.25563 -0.63611 -0.179103 -1.43432 -1.31323 0.642977 -0.19894 -0.0185016 0.000572213 0.389296 -0.249748 -0.00167288 -0.194362 0.0169757 0.000190738 0.394255 -0.249786 0.000848397
22 -0.00743866 0.00171661 -0.178721 1.34887 -1.25677 -0.63611 -0.179103 -1.43471 -1.31399 0.642977 -0.19894 -0.0185016 0.000572213 0.389296 -0.249748 -0.00167288 -0.194362 0.0169757 0.000190738 0.394255 -0.249786 0.000848397
22 -0.00743866 0.00171661 -0.178721 1.34964 -1.25792 -0.636492 -0.179103 -1.43509 -1.31476 0.642977 -0.19894 -0.0185016 0.000572213 0.389296 -0.249748 -0.00167288 -0.194362 0.0169757 0.000190738 0.394255 -0.249786 0.000848397
22 -0.00743866 0.00171661 -0.178721 1.35002 -1.25868 -0.636492 -0.179103 -1.43509 -1.3159 0.642977 -0.19894 -0.0185016 0.000572213 0.389296 -0.249748 -0.00167288 -0.194362 0.0169757 0.000190738 0.394255 -0.249786 0.000848397
22 -0.00743866 0.00171661 -0.178721 1.35002 -1.25982 -0.63611 -0.179103 -1.43547 -1.31666 0.642977 -0.19894 -0.0185016 0.000572213 0.389296 -0.249748 -0.00167288 -0.194362 0.0169757 0.000190738 0.394255 -0.249786 0.000848397
22 -0.00743866 0.00171661 -0.178721 1.35002 -1.26059 -0.63611 -0.179103 -1.43509 -1.31743 0.642977 -0.19894 -0.0185016 0.000572213 0.389296 -0.249748 -0.00167288 -0.194362 0.0169757 0.000190738 0.394255 -0.249786 0.000848397
22 -0.00743866 0.00171661 -0.178721 1.35002 -1.26135 -0.63611 -0.179103 -1.43471 -1.31819 0.642977 -0.19894 -0.0185016 0.000572213 0.389296 -0.249748 -0.00167288 -0.194362 0.0169757 0.000190738 0.394255 -0.249786 0.000848397
22 -0.00743866 0.00171661 -0.178721 1.34964 -1.26249 -0.63611 -0.179103 -1.43471 -1.31895 0.642977 -0.19894 -0.0185016 0.000572213 0.389296 -0.249748 -0.00167288 -0.194362 0.0169757 0.000190738 0.394255 -0.249786 0.000848397
22 -0.00743866 0.00171661 -0.178721 1.34926 -1.26364 -0.63611 -0.179103 -1.43432 -1.31933 0.642977 -0.19894 -0.0185016 0.000572213 0.389296 -0.249748 -0.00167288 -0.194362 0.0169757 0.000190738 0.394255 -0.249786 0.000848397
22 -0.00743866 0.00171661 -0.178721 1.34887 -1.2644 -0.63611 -0.179103 -1.43394 -1.3201 0.642977 -0.19894 -0.0185016 0.000572213 0.389296 -0.249748 -0.00167288 -0.194362 0.0169757 0.000190738 0.394255 -0.249786 0.000848397
22 -0.00743866 0.00171661 -0.178721 1.34849 -1.26555 -0.63611 -0.179103 -1.43356 -1.32048 0.642977 -0.19894 -0.0185016 0.000572213 0.389296 -0.249748 -0.00167288 -0.194362 0.0169757 0.000190738 0.394255 -0.249786 0.000848397
22 -0.00743866 0.00171661 -0.178721 1.34773 -1.26631 -0.63611 -0.179103 -1.43356 -1.32124 0.642977 -0.19894 -0.0185016 0.000572213 0.389296 -0.249748 -0.00167288 -0.194362 0.0169757 0.000190738 0.394255 -0.249951 0.00124844
22 -0.00743866 0.00171661 -0.178721 1.34735 -1.26745 -0.63611 -0.179103 -1.4328 -1.322 0.642977 -0.19894 -0.0185016 0.000572213 0.389296 -0.249748 -0.00167288 -0.194362 0.0169757 0.000190738 0.394255 -0.249951 0.001248
22 -0.00743866 0.00171661 -0.178721 1.34659 -1.26822 -0.63611 -0.179103 -1.43204 -1.32238 0.642977 -0.19894 -0.0185016 0.000572213 0.389296 -0.249748 -0.00167288 -0.194362 0.0169757 0.000190738 0.394255 -0.249951 0.001248
22 -0.00743866 0.00171661 -0.178721 1.34582 -1.26936 -0.63611 -0.179103 -1.43127 -1.32315 0.642977 -0.19894 -0.0185016 0.000572213 0.389296 -0.249748 -0.00167288 -0.194362 0.0169757 0.000190738 0.394255 -0.249951 0.001248
22 -0.00743866 0.00171661 -0.178721 1.34468 -1.2705 -0.63611 -0.179103 -1.43013 -1.32353 0.642977 -0.19894 -0.0185016 0.000572213 0.389296 -0.249748 -0.00167288 -0.194362 0.0169757 0.000190738 0.394255 -0.249786 0.000848829
22 -0.00743866 0.00171661 -0.179103 1.34315 -1.27127 -0.63611 -0.179103 -1.42822 -1.32429 0.642977 -0.19894 -0.0185016 0.000572213 0.389296 -0.249748 -0.00167288 -0.194362 0.0169757 0.000190738 0.394255 -0.249786 0.000848397
22 -0.00743866 0.00171661 -0.179103 1.34201 -1.27203 -0.63611 -0.179103 -1.42708 -1.32506 0.642977 -0.19894 -0.0185016 0.000572213 0.389296 -0.249748 -0.00167288 -0.194362 0.0169757 0.000190738 0.394255 -0.249786 0.000848397
22 -0.00743866 0.00171661 -0.179103 1.34086 -1.27279 -0.63611 -0.179103 -1.42593 -1.32544 0.642977 -0.19894 -0.0185016 0.000572213 0.389296 -0.249748 -0.00167288 -0.194362 0.0169757 0.000190738 0.394255 -0.249786 0.000848397
22 -0.00743866 0.00171661 -0.179103 1.33972 -1.27356 -0.63611 -0.179103 -1.42441 -1.32582 0.642977 -0.19894 -0.0185016 0.000572213 0.389296 -0.249748 -0.00167288 -0.194362 0.0169757 0.000190738 0.394255 -0.249786 0.000848397
22 -0.00743866 0.00171661 -0.179484 1.33819 -1.27432 -0.63611 -0.179103 -1.42212 -1.32658 0.642596 -0.19894 -0.0185016 0.000572213 0.389296 -0.249748 -0.00167288 -0.194362 0.0169757 0.000190738 0.394255 -0.249786 0.000848397
22 -0.00743866 0.00171661 -0.179484 1.33667 -1.27508 -0.63611 -0.179103 -1.42059 -1.32696 0.642596 -0.19894 -0.0185016 0.000572213 0.389296 -0.249748 -0.00167288 -0.194362 0.0169757 0.000190738 0.394255 -0.249786 0.000848397
22 -0.00743866 0.00171661 -0.179484 1.33514 -1.27623 -0.63611 -0.179103 -1.41907 -1.32773 0.642596 -0.19894 -0.0185016 0.000572213 0.389296 -0.249748 -0.00167288 -0.194362 0.0169757 0.000190738 0.394255 -0.249786 0.000848397
22 -0.00743866 0.00209808 -0.179484 1.33361 -1.27699 -0.63611 -0.179103 -1.4164 -1.32811 0.642596 -0.19894 -0.0185016 0.000572213 0.389296 -0.249748 -0.00167288 -0.194362 0.0169757 0.000190738 0.394255 -0.249786 0.000848397
22 -0.00743866 0.00171661 -0.179484 1.33171 -1.27737 -0.63611 -0.179103 -1.41449 -1.32887 0.642596 -0.19894 -0.0185016 0.000572213 0.389296 -0.249748 -0.00167288 -0.194362 0.0169757 0.000190738 0.394255 -0.249786 0.000848397
22 -0.00743866 0.00171661 -0.179866 1.3298 -1.27813 -0.63611 -0.179103 -1.41258 -1.32925 0.642596 -0.19894 -0.0185016 0.000572213 0.389296 -0.249748 -0.00167288 -0.194362 0.0169757 0.000190738 0.394255 -0.249786 0.000848397
22 -0.00743866 0.00171661 -0.179866 1.32789 -1.2789 -0.63611 -0.179103 -1.40953 -1.32963 0.642596 -0.19894 -0.0185016 0.000572213 0.389296 -0.249748 -0.00167288 -0.194362 0.0169757 0.000190738 0.394255 -0.249786 0.000848397
22 -0.00743866 0.00171661 -0.179866 1.32637 -1.27966 -0.63611 -0.179103 -1.40762 -1.33001 0.642596 -0.19894 -0.0185016 0.000572213 0.389296 -0.249748 -0.00167288 -0.194362 0.0169757 0.000190738 0.394255 -0.249786 0.000848397
22 -0.00743866 0.00171661 -0.179866 1.32408 -1.28042 -0.63611 -0.179103 -1.40571 -1.3304 0.642596 -0.19894 -0.0185016 0.000572213 0.389296 -0.249748 -0.00167288 -0.194362 0.0169757 0.000190738 0.394255 -0.249951 0.00124844
22 -0.00743866 0.00171661 -0.179866 1.32217 -1.28157 -0.63611 -0.179103 -1.40266 -1.3304 0.642596 -0.19894 -0.0185016 0.000572213 0.389296 -0.249748 -0.00167288 -0.194362 0.0169757 0.000190738 0.394255 -0.249786 0.00084883
22 -0.00743866 0.00171661 -0.180247 1.32026 -1.28233 -0.63611 -0.179103 -1.40037 -1.33078 0.642596 -0.19894 -0.0185016 0.000572213 0.389296 -0.249748 -0.00167288 -0.194362 0.0169757 0.000190738 0.394255 -0.249786 0.000848397
22 -0.00743866 0.00171661 -0.180247 1.31759 -1.28309 -0.63611 -0.179103 -1.39694 -1.33078 0.642596 -0.19894 -0.0185016 0.000572213 0.389296 -0.249748 -0.00167288 -0.194362 0.0169757 0.000190738 0.394255 -0.249786 0.000848397
22 -0.00743866 0.00171661 -0.180247 1.31569 -1.28386 -0.63611 -0.179103 -1.39465 -1.33078 0.642596 -0.19894 -0.0185016 0.000572213 0.389296 -0.249748 -0.00167288 -0.194362 0.0169757 0.000190738 0.394255 -0.249786 0.000848397
22 -0.00743866 0.00171661 -0.180247 1.3134 -1.28424 -0.63611 -0.179103 -1.3916 -1.33078 0.642596 -0.19894 -0.0185016 0.000572213 0.389296 -0.249748 -0.00167288 -0.194362 0.0169757 0.000190738 0.394255 -0.249786 0.000848397
22 -0.00743866 0.00171661 -0.180247 1.31111 -1.285 -0.63611 -0.179484 -1.38893 -1.33078 0.642596 -0.19894 -0.0185016 0.000572213 0.389296 -0.249748 -0.00167288 -0.194362 0.0169757 0.000190738 0.394255 -0.249786 0.000848397
22 -0.00743866 0.00171661 -0.180629 1.30844 -1.28576 -0.63611 -0.179484 -1.38588 -1.33078 0.642596 -0.19894 -0.0185016 0.000572213 0.389296 -0.249748 -0.00167288 -0.194362 0.0169757 0.000190738 0.394255 -0.249786 0.000848397
22 -0.00743866 0.00171661 -0.180629 1.30577 -1.28614 -0.63611 -0.179484 -1.38283 -1.33078 0.642596 -0.19894 -0.0185016 0.000572213 0.389296 -0.249748 -0.00167288 -0.194362 0.0169757 0.000190738 0.394255 -0.249786 0.000848397
22 -0.00743866 0.00171661 -0.180629 1.30348 -1.28653 -0.63611 -0.179484 -1.37977 -1.33078 0.642596 -0.19894 -0.0185016 0.000572213 0.389296 -0.249748 -0.00167288 -0.194362 0.0169757 0.000190738 0.394255 -0.249951 0.00124844
22 -0.00743866 0.00171661 -0.180629 1.30081 -1.28729 -0.63611 -0.179484 -1.37634 -1.33078 0.642596 -0.19894 -0.0185016 0.000572213 0.389296 -0.249748 -0.00167288 -0.194362 0.0169757 0.000190738 0.394255 -0.249786 0.00084883
22 -0.00743866 0.00171661 -0.180629 1.29814 -1.28805 -0.63611 -0.179484 -1.37291 -1.33078 0.642596 -0.19894 -0.0185016 0.000572213 0.389296 -0.249748 -0.00167288 -0.194362 0.0169757 0.000190738 0.394255 -0.249786 0.000848397
22 -0.00743866 0.00171661 -0.18101 1.29547 -1.28882 -0.63611 -0.179484 -1.36986 -1.33078 0.642596 -0.19894 -0.0185016 0.000572213 0.389296 -0.249748 -0.00167288 -0.194362 0.0169757 0.000190738 0.394255 -0.249786 0.000848397
22 -0.00743866 0.00171661 -0.18101 1.29242 -1.2892 -0.63611 -0.179484 -1.36604 -1.33078 0.642977 -0.19894 -0.0185016 0.000572213 0.389296 -0.249748 -0.00167288 -0.194362 0.0169757 0.000190738 0.394255 -0.249786 0.000848397
22 -0.00743866 0.00171661 -0.18101 1.29013 -1.28996 -0.63611 -0.179484 -1.36299 -1.33078 0.642977 -0.19894 -0.0185016 0.000572213 0.389296 -0.249748 -0.00167288 -0.194362 0.0169757 0.000190738 0.394255 -0.249786 0.000848397
22 -0.00743866 0.00171661 -0.18101 1.28707 -1.29034 -0.63611 -0.179484 -1.35917 -1.33078 0.642977 -0.19894 -0.0185016 0.000572213 0.389296 -0.249748 -0.00167288 -0.194362 0.0169757 0.000190738 0.394255 -0.249786 0.000848397
22 -0.00743866 0.00171661 -0.181392 1.2844 -1.2911 -0.63611 -0.179484 -1.35612 -1.33078 0.642977 -0.19894 -0.0185016 0.000572213 0.389296 -0.249748 -0.00167288 -0.194362 0.0169757 0.000190738 0.394255 -0.249786 0.000848397
22 -0.00743866 0.00171661 -0.181392 1.28135 -1.29149 -0.63611 -0.179484 -1.35193 -1.33078 0.642977 -0.19894 -0.0185016 0.000572213 0.389296 -0.249748 -0.00167288 -0.194362 0.0169757 0.000190738 0.394255 -0.249786 0.000848397
22 -0.00743866 0.00171661 -0.181392 1.2783 -1.29225 -0.63611 -0.179484 -1.34811 -1.33078 0.642977 -0.19894 -0.0185016 0.000572213 0.389296 -0.249748 -0.00167288 -0.194362 0.0169757 0.000190738 0.394255 -0.249786 0.000848397
22 -0.00743866 0.00171661 -0.181392 1.27525 -1.29263 -0.63611 -0.179484 -1.34468 -1.33078 0.642977 -0.19894 -0.0185016 0.000572213 0.389296 -0.249748 -0.00167288 -0.194362 0.0169757 0.000190738 0.394255 -0.249786 0.000848397
22 -0.00743866 0.00171661 -0.181773 1.2722 -1.29301 -0.63611 -0.179484 -1.34048 -1.33078 0.642977 -0.19894 -0.0185016 0.000572213 0.389296 -0.249748 -0.00167288 -0.194362 0.0169757 0.000190738 0.394255 -0.249786 0.000848397
22 -0.00743866 0.00171661 -0.181773 1.26915 -1.29377 -0.63611 -0.179484 -1.33667 -1.33078 0.642977 -0.19894 -0.0185016 0.000572213 0.389296 -0.249748 -0.00167288 -0.194362 0.0169757 0.000190738 0.394255 -0.249786 0.000848397
22 -0.00743866 0.00171661 -0.181773 1.26609 -1.29416 -0.63611 -0.179484 -1.33247 -1.33078 0.642977 -0.19894 -0.0185016 0.000572213 0.389296 -0.249748 -0.00167288 -0.194362 0.0169757 0.000190738 0.394255 -0.249786 0.000848397
22 -0.00743866 0.00171661 -0.181773 1.26266 -1.29492 -0.635729 -0.179484 -1.32789 -1.33078 0.642977 -0.19894 -0.0185016 0.000572213 0.389296 -0.249748 -0.00167288 -0.194362 0.0169757 0.000190738 0.394255 -0.249786 0.000848397
22 -0.00743866 0.00171661 -0.182155 1.25961 -1.2953 -0.635729 -0.179484 -1.32446 -1.33078 0.642977 -0.19894 -0.0185016 0.000572213 0.389296 -0.249748 -0.00167288 -0.194362 0.0169757 0.000190738 0.394255 -0.249786 0.000848397
22 -0.00743866 0.00171661 -0.182155 1.25618 -1.29568 -0.635729 -0.179484 -1.31988 -1.33078 0.642977 -0.19894 -0.0185016 0.000572213 0.389296 -0.249748 -0.00167288 -0.194362 0.0169757 0.000190738 0.394255 -0.249951 0.00124844
22 -0.00743866 0.00171661 -0.182155 1.25312 -1.29606 -0.63611 -0.179484 -1.3153 -1.33078 0.642977 -0.19894 -0.0185016 0.000572213 0.389296 -0.249748 -0.00167288 -0.194362 0.0169757 0.000190738 0.394255 -0.249951 0.001248
22 -0.00743866 0.00209808 -0.182536 1.24931 -1.29644 -0.63611 -0.179484 -1.31111 -1.33078 0.642977 -0.19894 -0.0185016 0.000572213 0.389296 -0.249748 -0.00167288 -0.194362 0.0169757 0.000190738 0.394255 -0.249951 0.001248
22 -0.00743866 0.00171661 -0.182536 1.24626 -1.29683 -0.635729 -0.179484 -1.30691 -1.33078 0.642977 -0.19894 -0.0185016 0.000572213 0.389296 -0.249748 -0.00167288 -0.194362 0.0169757 0.000190738 0.394255 -0.249951 0.001248
22 -0.00743866 0.00171661 -0.182536 1.24282 -1.29683 -0.63611 -0.179484 -1.30233 -1.33078 0.642977 -0.19894 -0.0185016 0.000572213 0.389296 -0.249748 -0.00167288 -0.194362 0.0169757 0.000190738 0.394255 -0.249951 0.001248
22 -0.00743866 0.00171661 -0.182536 1.23977 -1.29721 -0.635729 -0.179484 -1.29776 -1.33078 0.642977 -0.19894 -0.0185016 0.000572213 0.389296 -0.249748 -0.00167288 -0.194362 0.0169757 0.000190738 0.394255 -0.249951 0.001248
22 -0.00743866 0.00171661 -0.182918 1.23596 -1.29759 -0.63611 -0.179484 -1.29394 -1.33078 0.642977 -0.19894 -0.0185016 0.000572213 0.389296 -0.249748 -0.00167288 -0.194362 0.0169757 0.000190738 0.394255 -0.249951 0.001248
22 -0.00782013 0.00171661 -0.182918 1.23252 -1.29759 -0.635729 -0.179484 -1.28898 -1.33078 0.642977 -0.19894 -0.0185016 0.000572213 0.389296 -0.249748 -0.00167288 -0.194362 0.0169757 0.000190738 0.394255 -0.249786 0.000848829
22 -0.00743866 0.00171661 -0.182918 1.22871 -1.29797 -0.635729 -0.179866 -1.28402 -1.33078 0.642977 -0.19894 -0.0185016 0.000572213 0.389296 -0.249748 -0.00167288 -0.194362 0.0169757 0.000190738 0.394255 -0.249786 0.000848397
22 -0.00743866 0.00171661 -0.183299 1.22489 -1.29835 -0.63611 -0.179866 -1.27983 -1.33078 0.642977 -0.19894 -0.0185016 0.000572213 0.389296 -0.249748 -0.00167288 -0.194362 0.0169757 0.000190738 0.394255 -0.249786 0.000848397
22 -0.00743866 0.00171661 -0.183299 1.22146 -1.29835 -0.63611 -0.179866 -1.27525 -1.33078 0.642977 -0.19894 -0.0185016 0.000572213 0.389296 -0.249748 -0.00167288 -0.194362 0.0169757 0.000190738 0.394255 -0.249786 0.000848397
22 -0.00743866 0.00171661 -0.18368 1.21765 -1.29873 -0.63611 -0.179866 -1.27029 -1.33078 0.642977 -0.19894 -0.0185016 0.000572213 0.389296 -0.249748 -0.00167288 -0.194362 0.0169757 0.000190738 0.394255 -0.249786 0.000848397
22 -0.00743866 0.00171661 -0.18368 1.21459 -1.29873 -0.63611 -0.179866 -1.26533 -1.33078 0.642977 -0.19894 -0.0185016 0.000572213 0.389296 -0.249748 -0.00167288 -0.194362 0.0169757 0.000190738 0.394255 -0.249786 0.000848397
22 -0.00743866 0.00171661 -0.184062 1.2104 -1.29911 -0.635729 -0.179866 -1.26075 -1.33078 0.642977 -0.19894 -0.0185016 0.000572213 0.389296 -0.249748 -0.00167288 -0.194362 0.0169757 0.000190738 0.394255 -0.249786 0.000848397
22 -0.00743866 0.00171661 -0.184062 1.20658 -1.2995 -0.63611 -0.179866 -1.25656 -1.33078 0.642977 -0.19894 -0.0185016 0.000572213 0.389296 -0.249748 -0.00167288 -0.194362 0.0169757 0.000190738 0.394255 -0.249786 0.000848397
22 -0.00743866 0.00171661 -0.184443 1.20315 -1.29988 -0.63611 -0.179866 -1.2516 -1.33078 0.642977 -0.19894 -0.0185016 0.000572213 0.389296 -0.249748 -0.00167288 -0.194362 0.0169757 0.000190738 0.394255 -0.249786 0.000848397
22 -0.00743866 0.00171661 -0.184443 1.19934 -1.30026 -0.63611 -0.179866 -1.24626 -1.33078 0.642977 -0.19894 -0.0185016 0.000572213 0.389296 -0.249748 -0.00167288 -0.194362 0.0169757 0.000190738 0.394255 -0.249786 0.000848397
22 -0.00743866 0.00171661 -0.184443 1.1959 -1.30064 -0.635729 -0.179866 -1.2413 -1.33078 0.642977 -0.19894 -0.0185016 0.000572213 0.389296 -0.249748 -0.00167288 -0.194362 0.0169757 0.000190738 0.394255 -0.249786 0.000848397
22 -0.00743866 0.00171661 -0.184825 1.19171 -1.30102 -0.635729 -0.179866 -1.23672 -1.33078 0.642977 -0.19894 -0.0185016 0.000572213 0.389296 -0.249748 -0.00167288 -0.194362 0.0169757 0.000190738 0.394255 -0.249786 0.000848397
22 -0.00743866 0.00171661 -0.184825 1.18789 -1.30102 -0.635729 -0.179866 -1.23214 -1.33078 0.642977 -0.19894 -0.0185016 0.000572213 0.389296 -0.249748 -0.00167288 -0.194362 0.0169757 0.000190738 0.394255 -0.249786 0.000848397
22 -0.00743866 0.00171661 -0.185206 1.18408 -1.3014 -0.635729 -0.179866 -1.2268 -1.3304 0.642977 -0.19894 -0.0185016 0.000572213 0.389296 -0.249748 -0.00167288 -0.194362 0.0169757 0.000190738 0.394255 -0.249786 0.000848397
22 -0.00743866 0.00171661 -0.185206 1.18026 -1.30179 -0.635729 -0.179866 -1.22146 -1.3304 0.642977 -0.19894 -0.0185016 0.000572213 0.389296 -0.249748 -0.00167288 -0.194362 0.0169757 0.000190738 0.394255 -0.249786 0.000848397
22 -0.00743866 0.00171661 -0.185588 1.17645 -1.30217 -0.635729 -0.179866 -1.2165 -1.3304 0.642977 -0.19894 -0.0185016 0.000572213 0.389296 -0.249748 -0.00167288 -0.194362 0.0169757 0.000190738 0.394255 -0.249786 0.000848397
22 -0.00743866 0.00171661 -0.185588 1.17263 -1.30217 -0.635729 -0.179866 -1.21192 -1.3304 0.642977 -0.19894 -0.0185016 0.000572213 0.389296 -0.249748 -0.00167288 -0.194362 0.0169757 0.000190738 0.394255 -0.249786 0.000848397
22 -0.00743866 0.00171661 -0.185588 1.16844 -1.30255 -0.635729 -0.179866 -1.20697 -1.3304 0.642977 -0.19894 -0.0185016 0.000572213 0.389296 -0.249748 -0.00167288 -0.194362 0.0169757 0.000190738 0.394255 -0.249786 0.000848397
22 -0.00743866 0.00171661 -0.185969 1.165 -1.30293 -0.635729 -0.179866 -1.20162 -1.3304 0.642977 -0.19894 -0.0185016 0.000572213 0.389296 -0.249748 -0.00167288 -0.194362 0.0169757 0.000190738 0.394255 -0.249786 0.000848397
22 -0.00743866 0.00171661 -0.185969 1.16119 -1.30331 -0.635729 -0.179866 -1.19667 -1.3304 0.642977 -0.19894 -0.0185016 0.000572213 0.389296 -0.249748 -0.00167288 -0.194362 0.0169757 0.000190738 0.394255 -0.249786 0.000848397
22 -0.00743866 0.00171661 -0.185969 1.15699 -1.30369 -0.635729 -0.179866 -1.19132 -1.3304 0.642977 -0.19894 -0.0185016 0.000572213 0.389296 -0.249748 -0.00167288 -0.194362 0.0169757 0.000190738 0.394255 -0.249786 0.000848397
22 -0.00743866 0.00171661 -0.186351 1.15318 -1.30407 -0.635729 -0.179866 -1.18637 -1.3304 0.642977 -0.19894 -0.0185016 0.000572213 0.389296 -0.249748 -0.00167288 -0.194362 0.0169757 0.000190738 0.394255 -0.249786 0.000848397
22 -0.00743866 0.00171661 -0.186351 1.14898 -1.30407 -0.635729 -0.179866 -1.18179 -1.3304 0.642977 -0.19894 -0.0185016 0.000572213 0.389296 -0.249748 -0.00167288 -0.194362 0.0169757 0.000190738 0.394255 -0.249786 0.000848397
22 -0.00743866 0.00171661 -0.186351 1.14555 -1.30446 -0.635729 -0.179866 -1.17683 -1.3304 0.642977 -0.19894 -0.0185016 0.000572213 0.389296 -0.249748 -0.00167288 -0.194362 0.0169757 0.000190738 0.394255 -0.249786 0.000848397
22 -0.00743866 0.00171661 -0.186732 1.14135 -1.30484 -0.635729 -0.179866 -1.17149 -1.3304 0.642977 -0.19894 -0.0185016 0.000572213 0.389296 -0.249748 -0.00167288 -0.194362 0.0169757 0.000190738 0.394255 -0.249786 0.000848397
22 -0.00743866 0.00171661 -0.186732 1.13754 -1.30484 -0.635729 -0.179866 -1.16615 -1.3304 0.642977 -0.19894 -0.0185016 0.000572213 0.389296 -0.249748 -0.00167288 -0.194362 0.0169757 0.000190738 0.394255 -0.249786 0.000848397
22 -0.00743866 0.00171661 -0.186732 1.13372 -1.30522 -0.635729 -0.179866 -1.16119 -1.33001 0.642977 -0.19894 -0.0185016 0.000572213 0.389296 -0.249748 -0.00167288 -0.194362 0.0169757 0.000190738 0.394255 -0.249786 0.000848397
22 -0.00743866 0.00171661 -0.187114 1.12991 -1.30522 -0.635729 -0.179484 -1.15699 -1.33001 0.642977 -0.19894 -0.0185016 0.000572213 0.389296 -0.249748 -0.00167288 -0.194362 0.0169757 0.000190738 0.394255 -0.249786 0.000848397
22 -0.00743866 0.00171661 -0.187114 1.12609 -1.3056 -0.635729 -0.179484 -1.15165 -1.33001 0.642977 -0.19894 -0.0185016 0.000572213 0.389296 -0.249748 -0.00167288 -0.194362 0.0169757 0.000190738 0.394255 -0.249786 0.000848397
22 -0.00743866 0.00171661 -0.187114 1.1219 -1.3056 -0.635729 -0.179484 -1.14631 -1.33001 0.642977 -0.19894 -0.0185016 0.000572213 0.389296 -0.249748 -0.00167288 -0.194362 0.0169757 0.000190738 0.394255 -0.249786 0.000848397
22 -0.00743866 0.00171661 -0.187495 1.11808 -1.30598 -0.635729 -0.179484 -1.14135 -1.33001 0.642977 -0.19894 -0.0185016 0.000572213 0.389296 -0.249748 -0.00167288 -0.194362 0.0169757 0.000190738 0.394255 -0.249786 0.000848397
22 -0.00743866 0.00171661 -0.187495 1.11465 -1.30636 -0.635729 -0.179484 -1.13639 -1.33001 0.642977 -0.19894 -0.0185016 0.000572213 0.389296 -0.249748 -0.00167288 -0.194362 0.0169757 0.000190738 0.394255 -0.249786 0.000848397
22 -0.00743866 0.00171661 -0.187495 1.11045 -1.30636 -0.635729 -0.179484 -1.1322 -1.32963 0.642977 -0.19894 -0.0185016 0.000572213 0.389296 -0.249748 -0.00167288 -0.194362 0.0169757 0.000190738 0.394255 -0.249786 0.000848397
22 -0.00743866 0.00171661 -0.187877 1.10664 -1.30674 -0.635729 -0.179484 -1.12686 -1.32963 0.642977 -0.19894 -0.0185016 0.000572213 0.389296 -0.249748 -0.00167288 -0.194362 0.0169757 0.000190738 0.394255 -0.249786 0.000848397
22 -0.00743866 0.00171661 -0.187877 1.10282 -1.30674 -0.635729 -0.179484 -1.12151 -1.32963 0.642977 -0.19894 -0.0185016 0.000572213 0.389296 -0.249748 -0.00167288 -0.194362 0.0169757 0.000190738 0.394255 -0.249786 0.000848397
22 -0.00743866 0.00171661 -0.187877 1.09901 -1.30713 -0.635729 -0.179484 -1.11694 -1.32963 0.642977 -0.19894 -0.0185016 0.000572213 0.389296 -0.249748 -0.00167288 -0.194362 0.0169757 0.000190738 0.394255 -0.249786 0.000848397
22 -0.00743866 0.00171661 -0.188258 1.09557 -1.30713 -0.635729 -0.179866 -1.11236 -1.32925 0.642977 -0.19894 -0.0185016 0.000572213 0.389296 -0.249748 -0.00167288 -0.194362 0.0169757 0.000190738 0.394255 -0.249786 0.000848397
22 -0.00743866 0.00171661 -0.188258 1.09138 -1.30751 -0.635729 -0.179866 -1.1074 -1.32925 0.642977 -0.19894 -0.0185016 0.000572213 0.389296 -0.249748 -0.00167288 -0.194362 0.0169757 0.000190738 0.394255 -0.249786 0.000848397
22 -0.00743866 0.00171661 -0.188258 1.08756 -1.30751 -0.635729 -0.179866 -1.10244 -1.32925 0.642977 -0.19894 -0.0185016 0.000572213 0.389296 -0.249748 -0.00167288 -0.194362 0.0169757 0.000190738 0.394255 -0.249786 0.000848397
22 -0.00743866 0.00171661 -0.188258 1.08413 -1.30751 -0.635729 -0.179866 -1.09748 -1.32925 0.642977 -0.19894 -0.0185016 0.000572213 0.389296 -0.249748 -0.00167288 -0.194362 0.0169757 0.000190738 0.394255 -0.249951 0.00124844
22 -0.00743866 0.00171661 -0.188258 1.08032 -1.30751 -0.635729 -0.179866 -1.09329 -1.32887 0.642977 -0.19894 -0.0185016 0.000572213 0.389296 -0.249748 -0.00167288 -0.194362 0.0169757 0.000190738 0.394255 -0.249786 0.00084883
22 -0.00743866 0.00171661 -0.18864 1.0765 -1.30751 -0.635729 -0.179866 -1.08871 -1.32887 0.642977 -0.19894 -0.0185016 0.000572213 0.389296 -0.249748 -0.00167288 -0.194362 0.0169757 0.000190738 0.394255 -0.249786 0.000848397
22 -0.00743866 0.00171661 -0.18864 1.07269 -1.30751 -0.635729 -0.179866 -1.08375 -1.32887 0.642977 -0.19894 -0.0185016 0.000572213 0.389296 -0.249748 -0.00167288 -0.194362 0.0169757 0.000190738 0.394255 -0.249786 0.000848397
22 -0.00743866 0.00171661 -0.18864 1.06887 -1.30751 -0.635729 -0.179866 -1.07879 -1.32887 0.642977 -0.19894 -0.0185016 0.000572213 0.389296 -0.249748 -0.00167288 -0.194362 0.0169757 0.000190738 0.394255 -0.249786 0.000848397
22 -0.00743866 0.00171661 -0.18864 1.06544 -1.30751 -0.635729 -0.179866 -1.07421 -1.32887 0.642977 -0.19894 -0.0185016 0.000572213 0.389296 -0.249748 -0.00167288 -0.194362 0.0169757 0.000190738 0.394255 -0.249786 0.000848397
22 -0.00743866 0.00171661 -0.18864 1.062 -1.30751 -0.635729 -0.179866 -1.07002 -1.32887 0.642977 -0.19894 -0.0185016 0.000572213 0.389296 -0.249748 -0.00167288 -0.194362 0.0169757 0.000190738 0.394255 -0.249786 0.000848397
22 -0.00743866 0.00171661 -0.189021 1.05857 -1.30751 -0.635729 -0.179866 -1.06506 -1.32887 0.642977 -0.19894 -0.0185016 0.000572213 0.389296 -0.249748 -0.00167288 -0.194362 0.0169757 0.000190738 0.394255 -0.249786 0.000848397
22 -0.00743866 0.00171661 -0.189021 1.05476 -1.30751 -0.635729 -0.179866 -1.0601 -1.32887 0.642977 -0.19894 -0.0185016 0.000572213 0.389296 -0.249748 -0.00167288 -0.194362 0.0169757 0.000190738 0.394255 -0.249786 0.000848397
22 -0.00743866 0.00171661 -0.189021 1.05094 -1.30713 -0.635729 -0.179866 -1.05666 -1.32887 0.642977 -0.19894 -0.0185016 0.000572213 0.389296 -0.249748 -0.00167288 -0.194362 0.0169757 0.000190738 0.394255 -0.249786 0.000848397
22 -0.00743866 0.00171661 -0.189021 1.04751 -1.30751 -0.635729 -0.179866 -1.05209 -1.32887 0.642977 -0.19894 -0.0185016 0.000572213 0.389296 -0.249748 -0.00167288 -0.194362 0.0169757 0.000190738 0.394255 -0.249786 0.000848397
22 -0.00743866 0.00171661 -0.189021 1.04408 -1.30713 -0.635729 -0.179866 -1.04713 -1.32887 0.642977 -0.19894 -0.0185016 0.000572213 0.389296 -0.249748 -0.00167288 -0.194362 0.0169757 0.000190738 0.394255 -0.249951 0.00124844
22 -0.00743866 0.00171661 -0.189021 1.04064 -1.30713 -0.635348 -0.179866 -1.04331 -1.32887 0.642977 -0.19894 -0.0185016 0.000572213 0.389296 -0.249748 -0.00167288 -0.194362 0.0169757 0.000190738 0.394255 -0.249951 0.001248
22 -0.00743866 0.00171661 -0.189021 1.03721 -1.30713 -0.635348 -0.180247 -1.03912 -1.32887 0.642977 -0.19894 -0.0185016 0.000572213 0.389296 -0.249748 -0.00167288 -0.194362 0.0169757 0.000190738 0.394255 -0.249951 0.001248
22 -0.00743866 0.00171661 -0.189021 1.03378 -1.30713 -0.635348 -0.180247 -1.03454 -1.32887 0.642977 -0.19894 -0.0185016 0.000572213 0.389296 -0.249748 -0.00167288 -0.194362 0.0169757 0.000190738 0.394255 -0.249951 0.001248
22 -0.00743866 0.00171661 -0.189021 1.02996 -1.30713 -0.635348 -0.180247 -1.03034 -1.32887 0.642977 -0.19894 -0.0185016 0.000572213 0.389296 -0.249748 -0.00167288 -0.194362 0.0169757 0.000190738 0.394255 -0.249951 0.001248
22 -0.00743866 0.00171661 -0.189021 1.02691 -1.30713 -0.635348 -0.180247 -1.02653 -1.32887 0.642977 -0.19894 -0.0185016 0.000572213 0.389296 -0.249748 -0.00167288 -0.194362 0.0169757 0.000190738 0.394255 -0.249951 0.001248
22 -0.00743866 0.00171661 -0.189021 1.02386 -1.30713 -0.635348 -0.180247 -1.02195 -1.32887 0.642977 -0.19894 -0.0185016 0.000572213 0.389296 -0.249748 -0.00167288 -0.194362 0.0169757 0.000190738 0.394255 -0.249951 0.001248
22 -0.00743866 0.00171661 -0.189021 1.02042 -1.30713 -0.635348 -0.180629 -1.01813 -1.32887 0.642977 -0.19894 -0.0185016 0.000572213 0.389296 -0.249748 -0.00167288 -0.194362 0.0169757 0.000190738 0.394255 -0.249786 0.000848829
22 -0.00743866 0.00171661 -0.189021 1.01699 -1.30713 -0.635348 -0.180629 -1.01394 -1.32887 0.642977 -0.19894 -0.0185016 0.000572213 0.389296 -0.249748 -0.00167288 -0.194362 0.0169757 0.000190738 0.394255 -0.249786 0.000848397
22 -0.00743866 0.00171661 -0.189021 1.01356 -1.30674 -0.635348 -0.180629 -1.00974 -1.32887 0.642977 -0.19894 -0.0185016 0.000572213 0.389296 -0.249748 -0.00167288 -0.194362 0.0169757 0.000190738 0.394255 -0.249786 0.000848397
22 -0.00743866 0.00171661 -0.189021 1.01051 -1.30674 -0.635348 -0.180629 -1.00669 -1.32887 0.642977 -0.19894 -0.0185016 0.000572213 0.389296 -0.249748 -0.00167288 -0.194362 0.0169757 0.000190738 0.394255 -0.249786 0.000848397
22 -0.00743866 0.00171661 -0.189021 1.00745 -1.30674 -0.634966 -0.180629 -1.00211 -1.32887 0.642977 -0.19894 -0.0185016 0.000572213 0.389296 -0.249748 -0.00167288 -0.194362 0.0169757 0.000190738 0.394255 -0.249786 0.000848397
22 -0.00743866 0.00171661 -0.189021 1.0044 -1.30636 -0.634966 -0.18101 -0.997916 -1.32887 0.642977 -0.19894 -0.0185016 0.000572213 0.389296 -0.249748 -0.00167288 -0.194362 0.0169757 0.000190738 0.394255 -0.249786 0.000848397
22 -0.00743866 0.00171661 -0.18864 1.00097 -1.30636 -0.634966 -0.18101 -0.994865 -1.32887 0.642977 -0.19894 -0.0185016 0.000572213 0.389296 -0.249748 -0.00167288 -0.194362 0.0169757 0.000190738 0.394255 -0.249786 0.000848397
22 -0.00743866 0.00171661 -0.18864 0.997916 -1.30598 -0.634966 -0.18101 -0.99105 -1.32887 0.642977 -0.19894 -0.0185016 0.000572213 0.389296 -0.249748 -0.00167288 -0.194362 0.0169757 0.000190738 0.394255 -0.249786 0.000848397
22 -0.00743866 0.00171661 -0.18864 0.994865 -1.30598 -0.634966 -0.181392 -0.987998 -1.32887 0.642977 -0.19894 -0.0185016 0.000572213 0.389296 -0.249748 -0.00167288 -0.194362 0.0169757 0.000190738 0.394255 -0.249786 0.000848397
22 -0.00743866 0.00171661 -0.18864 0.992194 -1.30598 -0.634966 -0.181392 -0.984183 -1.32887 0.642977 -0.19894 -0.0185016 0.000572213 0.389296 -0.249748 -0.00167288 -0.194362 0.0169757 0.000190738 0.394255 -0.249786 0.000848397
22 -0.00743866 0.00171661 -0.18864 0.989143 -1.3056 -0.634966 -0.181392 -0.98075 -1.32887 0.642977 -0.19894 -0.0185016 0.000572213 0.389296 -0.249748 -0.00167288 -0.194362 0.0169757 0.000190738 0.394255 -0.249786 0.000848397
22 -0.00743866 0.00171661 -0.18864 0.986091 -1.3056 -0.634966 -0.181392 -0.977317 -1.32887 0.642977 -0.19894 -0.0185016 0.000572213 0.389296 -0.249748 -0.00167288 -0.194362 0.0169757 0.000190738 0.394255 -0.249786 0.000848397
22 -0.00743866 0.00171661 -0.18864 0.98342 -1.3056 -0.634966 -0.181773 -0.973502 -1.32887 0.642977 -0.19894 -0.0185016 0.000572213 0.389296 -0.249748 -0.00167288 -0.194362 0.0169757 0.000190738 0.394255 -0.249786 0.000848397
22 -0.00743866 0.00171661 -0.18864 0.980369 -1.30522 -0.634966 -0.181773 -0.970832 -1.32887 0.642977 -0.19894 -0.0185016 0.000572213 0.389296 -0.249748 -0.00167288 -0.194362 0.0169757 0.000190738 0.394255 -0.249786 0.000848397
22 -0.00743866 0.00171661 -0.18864 0.977698 -1.30522 -0.634966 -0.181773 -0.967398 -1.32887 0.642977 -0.19894 -0.0185016 0.000572213 0.389296 -0.249748 -0.00167288 -0.194362 0.0169757 0.000190738 0.394255 -0.249786 0.000848397
22 -0.00743866 0.00171661 -0.188258 0.974646 -1.30484 -0.634966 -0.182155 -0.964728 -1.32887 0.642977 -0.19894 -0.0185016 0.000572213 0.389296 -0.249748 -0.00167288 -0.194362 0.0169757 0.000190738 0.394255 -0.249786 0.000848397
22 -0.00743866 0.00171661 -0.188258 0.971976 -1.30484 -0.634585 -0.182155 -0.961295 -1.32887 0.642977 -0.19894 -0.0185016 0.000572213 0.389296 -0.249748 -0.00167288 -0.194362 0.0169757 0.000190738 0.394255 -0.249786 0.000848397
22 -0.00743866 0.00171661 -0.188258 0.969306 -1.30446 -0.634585 -0.182155 -0.959006 -1.32887 0.642977 -0.19894 -0.0185016 0.000572213 0.389296 -0.249748 -0.00167288 -0.194362 0.0169757 0.000190738 0.394255 -0.249786 0.000848397
22 -0.00743866 0.00171661 -0.188258 0.966635 -1.30446 -0.634585 -0.182155 -0.956336 -1.32887 0.642977 -0.19894 -0.0185016 0.000572213 0.389296 -0.249748 -0.00167288 -0.194362 0.0169757 0.000190738 0.394255 -0.249786 0.000848397
22 -0.00743866 0.00171661 -0.187877 0.964347 -1.30407 -0.634585 -0.182155 -0.953284 -1.32887 0.642977 -0.19894 -0.0185016 0.000572213 0.389296 -0.249748 -0.00167288 -0.194362 0.0169757 0.000190738 0.394255 -0.249786 0.000848397
22 -0.00743866 0.00171661 -0.187877 0.961676 -1.30369 -0.634585 -0.182536 -0.951376 -1.32887 0.642977 -0.19894 -0.0185016 0.000572213 0.389296 -0.249748 -0.00167288 -0.194362 0.0169757 0.000190738 0.394255 -0.249786 0.000848397
22 -0.00743866 0.00171661 -0.187877 0.959387 -1.30331 -0.634585 -0.182536 -0.947943 -1.32887 0.642977 -0.19894 -0.0185016 0.000572213 0.389296 -0.249748 -0.00167288 -0.194362 0.0169757 0.000190738 0.394255 -0.249786 0.000848397
22 -0.00743866 0.00171661 -0.187495 0.956717 -1.30293 -0.634585 -0.182536 -0.946036 -1.32887 0.642977 -0.19894 -0.0185016 0.000572213 0.389296 -0.249748 -0.00167288 -0.194362 0.0169757 0.000190738 0.394255 -0.249786 0.000848397
22 -0.00743866 0.00171661 -0.187495 0.954428 -1.30293 -0.634203 -0.182536 -0.943747 -1.32887 0.642977 -0.19894 -0.0185016 0.000572213 0.389296 -0.249748 -0.00167288 -0.194362 0.0169757 0.000190738 0.394255 -0.249786 0.000848397
22 -0.00743866 0.00171661 -0.187495 0.952521 -1.30255 -0.634203 -0.182536 -0.941077 -1.32887 0.642977 -0.19894 -0.0185016 0.000572213 0.389296 -0.249748 -0.00167288 -0.194362 0.0169757 0.000190738 0.394255 -0.249951 0.00124844
22 -0.00743866 0.00171661 -0.187114 0.949851 -1.30217 -0.634203 -0.182536 -0.939169 -1.32887 0.642977 -0.19894 -0.0185016 0.000572213 0.389296 -0.249748 -0.00167288 -0.194362 0.0169757 0.000190738 0.394255 -0.249786 0.00084883
22 -0.00743866 0.00171661 -0.187114 0.947943 -1.30179 -0.634203 -0.182536 -0.93688 -1.32887 0.642977 -0.19894 -0.0185016 0.000572213 0.389296 -0.249748 -0.00167288 -0.194362 0.0169757 0.000190738 0.394255 -0.249951 0.00124844
22 -0.00743866 0.00171661 -0.186732 0.946036 -1.3014 -0.633822 -0.182536 -0.934973 -1.32849 0.642977 -0.19894 -0.0185016 0.000572213 0.389296 -0.249748 -0.00167288 -0.194362 0.0169757 0.000190738 0.394255 -0.249951 0.001248
22 -0.00743866 0.00171661 -0.186732 0.943747 -1.30102 -0.633822 -0.182918 -0.933066 -1.32849 0.642977 -0.19894 -0.0185016 0.000572213 0.389296 -0.249748 -0.00167288 -0.194362 0.0169757 0.000190738 0.394255 -0.249951 0.001248
22 -0.00743866 0.00171661 -0.186351 0.94184 -1.30064 -0.63344 -0.182918 -0.93154 -1.32849 0.642977 -0.19894 -0.0185016 0.000572213 0.389296 -0.249748 -0.00167288 -0.194362 0.0169757 0.000190738 0.394255 -0.249951 0.001248
22 -0.00743866 0.00171661 -0.186351 0.939932 -1.30026 -0.63344 -0.182918 -0.929251 -1.32849 0.642977 -0.19894 -0.0185016 0.000572213 0.389296 -0.249748 -0.00167288 -0.194362 0.0169757 0.000190738 0.394255 -0.249786 0.000848829
22 -0.00743866 0.00171661 -0.185969 0.937643 -1.29988 -0.63344 -0.182918 -0.927725 -1.32849 0.642977 -0.19894 -0.0185016 0.000572213 0.389296 -0.249748 -0.00167288 -0.194362 0.0169757 0.000190738 0.394255 -0.249951 0.00124844
22 -0.00743866 0.00171661 -0.185969 0.936117 -1.2995 -0.63344 -0.182918 -0.926581 -1.32849 0.642977 -0.19894 -0.0185016 0.000572213 0.389296 -0.249748 -0.00167288 -0.194362 0.0169757 0.000190738 0.394255 -0.249786 0.00084883
22 -0.00743866 0.00171661 -0.185588 0.934592 -1.29911 -0.633059 -0.182918 -0.925055 -1.32849 0.642977 -0.19894 -0.0185016 0.000572213 0.389296 -0.249748 -0.00167288 -0.194362 0.0169757 0.000190738 0.394255 -0.249786 0.000848397
22 -0.00743866 0.00171661 -0.185588 0.932303 -1.29873 -0.633059 -0.182918 -0.923147 -1.32849 0.642977 -0.19894 -0.0185016 0.000572213 0.389296 -0.249748 -0.00167288 -0.194362 0.0169757 0.000190738 0.394255 -0.249786 0.000848397
22 -0.00743866 0.00171661 -0.185206 0.930777 -1.29873 -0.633059 -0.182918 -0.922003 -1.32849 0.642977 -0.19894 -0.0185016 0.000572213 0.389296 -0.249748 -0.00167288 -0.194362 0.0169757 0.000190738 0.394255 -0.249786 0.000848397
22 -0.00743866 0.00171661 -0.184825 0.929251 -1.29835 -0.633059 -0.182918 -0.92124 -1.32811 0.642977 -0.19894 -0.0185016 0.000572213 0.389296 -0.249748 -0.00167288 -0.194362 0.0169757 0.000190738 0.394255 -0.249786 0.000848397
22 -0.00743866 0.00171661 -0.184062 0.927725 -1.29797 -0.632677 -0.182918 -0.920477 -1.32811 0.642977 -0.19894 -0.0185016 0.000572213 0.389296 -0.249748 -0.00167288 -0.194362 0.0169757 0.000190738 0.394255 -0.249786 0.000848397
22 -0.00743866 0.00171661 -0.18368 0.925818 -1.29759 -0.632677 -0.182918 -0.919333 -1.32811 0.642977 -0.19894 -0.0185016 0.000572213 0.389296 -0.249748 -0.00167288 -0.194362 0.0169757 0.000190738 0.394255 -0.249786 0.000848397
22 -0.00743866 0.00171661 -0.183299 0.924673 -1.29721 -0.632677 -0.182918 -0.918188 -1.32811 0.642977 -0.19894 -0.0185016 0.000572213 0.389296 -0.249748 -0.00167288 -0.194362 0.0169757 0.000190738 0.394255 -0.249786 0.000848397
22 -0.00743866 0.00171661 -0.182918 0.923529 -1.29683 -0.632677 -0.182918 -0.917044 -1.32811 0.642977 -0.19894 -0.0185016 0.000572213 0.389296 -0.249748 -0.00167288 -0.194362 0.0169757 0.000190738 0.394255 -0.249786 0.000848397
22 -0.00743866 0.00171661 -0.182155 0.922384 -1.29644 -0.632677 -0.182918 -0.916281 -1.32811 0.642977 -0.19894 -0.0185016 0.000572213 0.389296 -0.249748 -0.00167288 -0.194362 0.0169757 0.000190738 0.394255 -0.249786 0.000848397
22 -0.00743866 0.00171661 -0.181773 0.92124 -1.29606 -0.632677 -0.182918 -0.915899 -1.32773 0.642977 -0.19894 -0.0185016 0.000572213 0.389296 -0.249748 -0.00167288 -0.194362 0.0169757 0.000190738 0.394255 -0.249786 0.000848397
22 -0.00743866 0.00171661 -0.18101 0.919714 -1.29568 -0.632677 -0.182918 -0.915518 -1.32773 0.642977 -0.19894 -0.0185016 0.000572213 0.389296 -0.249748 -0.00167288 -0.194362 0.0169757 0.000190738 0.394255 -0.249988 0.000423189
22 -0.00743866 0.00171661 -0.180629 0.91857 -1.2953 -0.632677 -0.182918 -0.915136 -1.32773 0.643359 -0.19894 -0.0185016 0.000572213 0.389296 -0.249748 -0.00167288 -0.194362 0.0169757 0.000190738 0.394255 -0.249988 0.000423329
22 -0.00743866 0.00171661 -0.179866 0.917425 -1.29454 -0.632677 -0.182536 -0.914755 -1.32773 0.643359 -0.19894 -0.0185016 0.000572213 0.389296 -0.249748 -0.00167288 -0.194362 0.0169757 0.000190738 0.394255 -0.249988 0.000423329
22 -0.00743866 0.00171661 -0.179484 0.916662 -1.29416 -0.633059 -0.182536 -0.914755 -1.32773 0.643359 -0.19894 -0.0185016 0.000572213 0.389296 -0.249748 -0.00167288 -0.194362 0.0169757 0.000190738 0.394255 -0.249988 0.000423329
22 -0.00743866 0.00171661 -0.178721 0.915899 -1.29339 -0.633059 -0.182536 -0.914755 -1.32773 0.643359 -0.19894 -0.0185016 0.000572213 0.389296 -0.249748 -0.00167288 -0.194362 0.0169757 0.000190738 0.394255 -0.249988 0.000423329
22 -0.00743866 0.00171661 -0.177958 0.915136 -1.29263 -0.633059 -0.182536 -0.914755 -1.32734 0.643359 -0.19894 -0.0185016 0.000572213 0.389296 -0.249748 -0.00167288 -0.194362 0.0169757 0.000190738 0.394255 -0.249988 0.000423329
22 -0.00743866 0.00171661 -0.177195 0.914373 -1.29225 -0.633059 -0.182536 -0.914755 -1.32734 0.643359 -0.19894 -0.0185016 0.000572213 0.389296 -0.249748 -0.00167288 -0.194362 0.0169757 0.000190738 0.394255 -0.249988 0.000423329
22 -0.00743866 0.00171661 -0.176814 0.91361 -1.29149 -0.633059 -0.182536 -0.914755 -1.32734 0.643359 -0.19894 -0.0185016 0.000572213 0.389296 -0.249748 -0.00167288 -0.194362 0.0169757 0.000190738 0.394255 -0.250153 0.000823362
22 -0.00743866 0.00171661 -0.176051 0.913229 -1.2911 -0.633059 -0.182536 -0.915136 -1.32734 0.64374 -0.19894 -0.0185016 0.000572213 0.389296 -0.249748 -0.00167288 -0.194362 0.0169757 0.000190738 0.394255 -0.249951 0.00124786
22 -0.00743866 0.00171661 -0.174907 0.912847 -1.29034 -0.633059 -0.182536 -0.915136 -1.32734 0.64374 -0.19894 -0.0185016 0.000572213 0.389296 -0.249748 -0.00167288 -0.194362 0.0169757 0.000190738 0.394255 -0.249951 0.001248
22 -0.00743866 0.00171661 -0.174144 0.912466 -1.28996 -0.633059 -0.182536 -0.915518 -1.32734 0.64374 -0.19894 -0.0185016 0.000572213 0.389296 -0.249748 -0.00167288 -0.194362 0.0169757 0.000190738 0.394255 -0.250153 0.000822788
22 -0.00743866 0.00171661 -0.173381 0.912084 -1.2892 -0.633059 -0.182536 -0.915899 -1.32734 0.64374 -0.19894 -0.0185016 0.000572213 0.389296 -0.249748 -0.00167288 -0.194362 0.0169757 0.000190738 0.394255 -0.250153 0.000822928
22 -0.00743866 0.00171661 -0.172618 0.911703 -1.28882 -0.633059 -0.182155 -0.916281 -1.32734 0.64374 -0.19894 -0.0185016 0.000572213 0.389296 -0.249748 -0.00167288 -0.194362 0.0169757 0.000190738 0.394255 -0.250153 0.000822928
22 -0.00743866 0.00171661 -0.171855 0.911703 -1.28767 -0.633059 -0.182155 -0.917044 -1.32734 0.64374 -0.19894 -0.0185016 0.000572213 0.389296 -0.249748 -0.00167288 -0.194362 0.0169757 0.000190738 0.394255 -0.250153 0.000822928
22 -0.00743866 0.00171661 -0.17071 0.911322 -1.28691 -0.633059 -0.182155 -0.918188 -1.32734 0.64374 -0.19894 -0.0185016 0.000572213 0.389296 -0.249748 -0.00167288 -0.194362 0.0169757 0.000190738 0.394255 -0.250153 0.000822928
22 -0.00743866 0.00171661 -0.170329 0.911322 -1.28653 -0.633059 -0.182155 -0.919333 -1.32734 0.64374 -0.19894 -0.0185016 0.000572213 0.389296 -0.249748 -0.00167288 -0.194362 0.0169757 0.000190738 0.394255 -0.249786 0.000848282
22 -0.00782013 0.00171661 -0.169566 0.911322 -1.28576 -0.633059 -0.182155 -0.920095 -1.32734 0.64374 -0.19894 -0.0185016 0.000572213 0.389296 -0.249748 -0.00167288 -0.194362 0.0169757 0.000190738 0.394255 -0.249988 0.000423189
22 -0.00743866 0.00171661 -0.168803 0.911322 -1.28538 -0.633059 -0.182155 -0.920477 -1.32734 0.64374 -0.19894 -0.0185016 0.000572213 0.389296 -0.249748 -0.00167288 -0.194362 0.0169757 0.000190738 0.394255 -0.249786 0.000848257
22 -0.00743866 0.00171661 -0.167659 0.911322 -1.28462 -0.633059 -0.182155 -0.921621 -1.32734 0.64374 -0.19894 -0.0185016 0.000572213 0.389296 -0.249748 -0.00167288 -0.194362 0.0169757 0.000190738 0.394255 -0.249988 0.000423189
22 -0.00743866 0.00171661 -0.166896 0.911322 -1.28386 -0.633059 -0.182155 -0.922384 -1.32734 0.64374 -0.19894 -0.0185016 0.000572213 0.389296 -0.249748 -0.00167288 -0.194362 0.0169757 0.000190738 0.394255 -0.249988 0.000423329
22 -0.00743866 0.00171661 -0.166133 0.911322 -1.28309 -0.633059 -0.182155 -0.923147 -1.32734 0.64374 -0.19894 -0.0185016 0.000572213 0.389296 -0.249748 -0.00167288 -0.194362 0.0169757 0.000190738 0.394255 -0.249988 0.000423329
22 -0.00743866 0.00171661 -0.16537 0.911703 -1.28233 -0.633059 -0.181773 -0.925055 -1.32696 0.64374 -0.19894 -0.0185016 0.000572213 0.389296 -0.249748 -0.00167288 -0.194362 0.0169757 0.000190738 0.394255 -0.249988 0.000423329
22 -0.00743866 0.00171661 -0.164988 0.911703 -1.28157 -0.633059 -0.181773 -0.926581 -1.32696 0.64374 -0.19894 -0.0185016 0.000572213 0.389296 -0.249748 -0.00167288 -0.194362 0.0169757 0.000190738 0.394255 -0.249951 0.00124871
22 -0.00743866 0.00171661 -0.164225 0.912084 -1.28042 -0.633059 -0.181773 -0.927725 -1.32696 0.64374 -0.19894 -0.0185016 0.000572213 0.389296 -0.249748 -0.00167288 -0.194362 0.0169757 0.000190738 0.394255 -0.249951 0.001248
22 -0.00743866 0.00171661 -0.163462 0.912084 -1.27966 -0.633059 -0.181773 -0.928869 -1.32696 0.64374 -0.19894 -0.0185016 0.000572213 0.389296 -0.249748 -0.00167288 -0.194362 0.0169757 0.000190738 0.394255 -0.249951 0.001248
22 -0.00743866 0.00171661 -0.163081 0.912466 -1.2789 -0.633059 -0.181773 -0.93154 -1.32696 0.64374 -0.19894 -0.0185016 0.000572213 0.389296 -0.249748 -0.00167288 -0.194362 0.0169757 0.000190738 0.394255 -0.250153 0.000822788
22 -0.00743866 0.00209808 -0.162318 0.912847 -1.27813 -0.633059 -0.181773 -0.933066 -1.32696 0.64374 -0.19894 -0.0185016 0.000572213 0.389296 -0.249748 -0.00167288 -0.194362 0.0169757 0.000190738 0.394255 -0.250153 0.000822928
22 -0.00743866 0.00171661 -0.161555 0.91361 -1.27737 -0.633059 -0.181773 -0.934973 -1.32696 0.64374 -0.19894 -0.0185016 0.000572213 0.389296 -0.249748 -0.00167288 -0.194362 0.0169757 0.000190738 0.394255 -0.250153 0.000822928
22 -0.00743866 0.00171661 -0.161173 0.914373 -1.27661 -0.633059 -0.181773 -0.937262 -1.32696 0.64374 -0.19894 -0.0185016 0.000572213 0.389296 -0.249748 -0.00167288 -0.194362 0.0169757 0.000190738 0.394255 -0.249988 0.000423761
22 -0.00743866 0.00171661 -0.160792 0.915136 -1.27623 -0.633059 -0.181773 -0.939551 -1.32696 0.64374 -0.19894 -0.0185016 0.000572213 0.389296 -0.249748 -0.00167288 -0.194362 0.0169757 0.000190738 0.394255 -0.249988 0.000423329
22 -0.00743866 0.00171661 -0.16041 0.915899 -1.27508 -0.633059 -0.181392 -0.941458 -1.32696 0.64374 -0.19894 -0.0185016 0.000572213 0.389296 -0.249748 -0.00167288 -0.194362 0.0169757 0.000190738 0.394255 -0.249988 0.000423329
22 -0.00743866 0.00171661 -0.159648 0.916281 -1.27432 -0.633059 -0.181392 -0.94451 -1.32696 0.64374 -0.19894 -0.0185016 0.000572213 0.389296 -0.249748 -0.00167288 -0.194362 0.0169757 0.000190738 0.394255 -0.249988 0.000423329
22 -0.00743866 0.00171661 -0.158885 0.917425 -1.27356 -0.633059 -0.181392 -0.946417 -1.32696 0.64374 -0.19894 -0.0185016 0.000572213 0.389296 -0.249748 -0.00167288 -0.194362 0.0169757 0.000190738 0.394255 -0.249988 0.000423329
22 -0.00743866 0.00171661 -0.158503 0.91857 -1.27317 -0.633059 -0.181392 -0.949088 -1.32696 0.64374 -0.19894 -0.0185016 0.000572213 0.389296 -0.249748 -0.00167288 -0.194362 0.0169757 0.000190738 0.394255 -0.249988 0.000423329
22 -0.00743866 0.00171661 -0.158122 0.919714 -1.27241 -0.632677 -0.18101 -0.952139 -1.32696 0.64374 -0.19894 -0.0185016 0.000572213 0.389296 -0.249748 -0.00167288 -0.194362 0.0169757 0.000190738 0.394255 -0.249988 0.000423329
22 -0.00743866 0.00171661 -0.15774 0.92124 -1.27203 -0.632677 -0.18101 -0.954047 -1.32696 0.64374 -0.19894 -0.0185016 0.000572213 0.389296 -0.249748 -0.00167288 -0.194362 0.0169757 0.000190738 0.394255 -0.249988 0.000423329
22 -0.00743866 0.00171661 -0.15774 0.922003 -1.27165 -0.632677 -0.180629 -0.95748 -1.32696 0.64374 -0.19894 -0.0185016 0.000572213 0.389296 -0.249748 -0.00167288 -0.194362 0.0169757 0.000190738 0.394255 -0.249988 0.000423329
22 -0.00743866 0.00171661 -0.157359 0.923147 -1.27089 -0.632677 -0.180629 -0.959769 -1.32696 0.64374 -0.19894 -0.0185016 0.000572213 0.389296 -0.249748 -0.00167288 -0.194362 0.0169757 0.000190738 0.394255 -0.249988 0.000423329
22 -0.00743866 0.00171661 -0.156977 0.924673 -1.2705 -0.632677 -0.180629 -0.962821 -1.32696 0.64374 -0.19894 -0.0185016 0.000572213 0.389296 -0.249748 -0.00167288 -0.194362 0.0169757 0.000190738 0.394255 -0.250153 0.000823362
22 -0.00743866 0.00171661 -0.156596 0.925818 -1.26974 -0.632677 -0.180247 -0.965491 -1.32696 0.64374 -0.19894 -0.0185016 0.000572213 0.389296 -0.249748 -0.00167288 -0.194362 0.0169757 0.000190738 0.394255 -0.250153 0.000822928
22 -0.00743866 0.00171661 -0.156214 0.927725 -1.26936 -0.632677 -0.180247 -0.968924 -1.32696 0.64374 -0.19894 -0.0185016 0.000572213 0.389296 -0.249748 -0.00167288 -0.194362 0.0169757 0.000190738 0.394255 -0.250153 0.000822928
22 -0.00743866 0.00171661 -0.155833 0.928869 -1.2686 -0.632677 -0.179866 -0.971213 -1.32696 0.64374 -0.19894 -0.0185016 0.000572213 0.389296 -0.249748 -0.00167288 -0.194362 0.0169757 0.000190738 0.394255 -0.249988 0.000423761
22 -0.00743866 0.00171661 -0.155451 0.930395 -1.26783 -0.632677 -0.179866 -0.974265 -1.32696 0.64374 -0.19894 -0.0185016 0.000572213 0.389296 -0.249748 -0.00167288 -0.194362 0.0169757 0.000190738 0.394255 -0.250153 0.000823362
22 -0.00743866 0.00171661 -0.15507 0.931921 -1.26745 -0.632677 -0.179484 -0.977698 -1.32696 0.64374 -0.19894 -0.0185016 0.000572213 0.389296 -0.249748 -0.00167288 -0.194362 0.0169757 0.000190738 0.394255 -0.250153 0.000822928
22 -0.00743866 0.00171661 -0.154688 0.933829 -1.26707 -0.632677 -0.179484 -0.981132 -1.32696 0.64374 -0.19894 -0.0185016 0.000572213 0.389296 -0.249748 -0.00167288 -0.194362 0.0169757 0.000190738 0.394255 -0.250153 0.000822928
22 -0.00743866 0.00171661 -0.154307 0.935354 -1.26669 -0.632677 -0.179103 -0.983802 -1.32696 0.64374 -0.19894 -0.0185016 0.000572213 0.389296 -0.249748 -0.00167288 -0.194362 0.0169757 0.000190738 0.394255 -0.250153 0.000822928
22 -0.00743866 0.00171661 -0.154307 0.937262 -1.26631 -0.632677 -0.178721 -0.987617 -1.32696 0.64374 -0.19894 -0.0185016 0.000572213 0.389296 -0.249748 -0.00167288 -0.194362 0.0169757 0.000190738 0.394255 -0.249988 0.000423761
22 -0.00743866 0.00171661 -0.153925 0.939169 -1.26593 -0.632677 -0.17834 -0.990668 -1.32696 0.64374 -0.19894 -0.0185016 0.000572213 0.389296 -0.249748 -0.00167288 -0.194362 0.0169757 0.000190738 0.394255 -0.249988 0.000423329
22 -0.00743866 0.00171661 -0.153162 0.941077 -1.26555 -0.632677 -0.177958 -0.994483 -1.32696 0.64374 -0.19894 -0.0185016 0.000572213 0.389296 -0.249748 -0.00167288 -0.194362 0.0169757 0.000190738 0.394255 -0.249988 0.000423329
22 -0.00743866 0.00171661 -0.153162 0.942984 -1.26516 -0.632677 -0.177577 -0.997154 -1.32696 0.64374 -0.19894 -0.0185016 0.000572213 0.389296 -0.249748 -0.00167288 -0.194362 0.0169757 0.000190738 0.394255 -0.249988 0.000423329
22 -0.00743866 0.00171661 -0.152781 0.945273 -1.26478 -0.632677 -0.176814 -1.00135 -1.32696 0.64374 -0.19894 -0.0185016 0.000572213 0.389296 -0.249748 -0.00167288 -0.194362 0.0169757 0.000190738 0.394255 -0.249988 0.000423329
22 -0.00743866 0.00171661 -0.152399 0.947562 -1.2644 -0.632677 -0.176432 -1.0044 -1.32696 0.64374 -0.19894 -0.0185016 0.000572213 0.389296 -0.249748 -0.00167288 -0.194362 0.0169757 0.000190738 0.394255 -0.249988 0.000423329
22 -0.00743866 0.00171661 -0.152018 0.949851 -1.26402 -0.632677 -0.176051 -1.0086 -1.32696 0.64374 -0.19894 -0.0185016 0.000572213 0.389296 -0.249748 -0.00167288 -0.194362 0.0169757 0.000190738 0.394255 -0.249988 0.000423329
22 -0.00743866 0.00171661 -0.151637 0.952521 -1.26402 -0.632677 -0.175669 -1.01203 -1.32696 0.64374 -0.19894 -0.0185016 0.000572213 0.389296 -0.249748 -0.00167288 -0.194362 0.0169757 0.000190738 0.394255 -0.250153 0.000823362
22 -0.00743866 0.00209808 -0.151255 0.95481 -1.26402 -0.632677 -0.175288 -1.01585 -1.32696 0.64374 -0.19894 -0.0185016 0.000572213 0.389296 -0.249748 -0.00167288 -0.194362 0.0169757 0.000190738 0.394255 -0.250153 0.000822928
22 -0.00743866 0.00171661 -0.151255 0.957099 -1.26364 -0.632677 -0.174907 -1.02004 -1.32696 0.64374 -0.19894 -0.0185016 0.000572213 0.389296 -0.249748 -0.00167288 -0.194362 0.0169757 0.000190738 0.394255 -0.250153 0.000822928
22 -0.00743866 0.00171661 -0.150874 0.959769 -1.26364 -0.632677 -0.174525 -1.02348 -1.32696 0.64374 -0.19894 -0.0185016 0.000572213 0.389296 -0.249748 -0.00167288 -0.194362 0.0169757 0.000190738 0.394255 -0.250153 0.000822928
22 -0.00743866 0.00171661 -0.150492 0.962439 -1.26326 -0.632677 -0.173762 -1.02767 -1.32696 0.64374 -0.19894 -0.0185016 0.000572213 0.389296 -0.249748 -0.00167288 -0.194362 0.0169757 0.000190738 0.394255 -0.250153 0.000822928
22 -0.00743866 0.00209808 -0.150111 0.965491 -1.26326 -0.632677 -0.173381 -1.03187 -1.32696 0.64374 -0.19894 -0.0185016 0.000572213 0.389296 -0.249748 -0.00167288 -0.194362 0.0169757 0.000190738 0.394255 -0.250153 0.000822928
22 -0.00743866 0.00209808 -0.150111 0.96778 -1.26326 -0.632677 -0.172999 -1.0353 -1.32696 0.64374 -0.19894 -0.0185016 0.000572213 0.389296 -0.249748 -0.00167288 -0.194362 0.0169757 0.000190738 0.394255 -0.250153 0.000822928
22 -0.00743866 0.00171661 -0.149729 0.970832 -1.26326 -0.632677 -0.172618 -1.03988 -1.32696 0.64374 -0.19894 -0.0185016 0.000572213 0.389296 -0.249748 -0.00167288 -0.194362 0.0169757 0.000190738 0.394255 -0.249988 0.000423761
22 -0.00743866 0.00171661 -0.149348 0.973502 -1.26326 -0.632677 -0.171855 -1.04446 -1.32696 0.64374 -0.19894 -0.0185016 0.000572213 0.389296 -0.249748 -0.00167288 -0.194362 0.0169757 0.000190738 0.394255 -0.249988 0.000423329
22 -0.00743866 0.00171661 -0.149348 0.976172 -1.26326 -0.632677 -0.171473 -1.04751 -1.32696 0.64374 -0.19894 -0.0185016 0.000572213 0.389296 -0.249748 -0.00167288 -0.194362 0.0169757 0.000190738 0.394255 -0.250153 0.000823362
22 -0.00743866 0.00171661 -0.148966 0.978843 -1.26326 -0.632677 -0.17071 -1.05247 -1.32658 0.64374 -0.19894 -0.0185016 0.000572213 0.389296 -0.249748 -0.00167288 -0.194362 0.0169757 0.000190738 0.394255 -0.249988 0.000423762
22 -0.00743866 0.00171661 -0.148966 0.981894 -1.26326 -0.632677 -0.170329 -1.05705 -1.32696 0.64374 -0.19894 -0.0185016 0.000572213 0.389296 -0.249748 -0.00167288 -0.194362 0.0169757 0.000190738 0.394255 -0.249988 0.000423329
22 -0.00743866 0.00171661 -0.148966 0.984946 -1.26326 -0.632677 -0.169947 -1.06048 -1.32696 0.64374 -0.19894 -0.0185016 0.000572213 0.389296 -0.249748 -0.00167288 -0.194362 0.0169757 0.000190738 0.394255 -0.250153 0.000823362
22 -0.00743866 0.00171661 -0.148966 0.987617 -1.26326 -0.632677 -0.169566 -1.06506 -1.32696 0.64374 -0.19894 -0.0185016 0.000572213 0.389296 -0.249748 -0.00167288 -0.194362 0.0169757 0.000190738 0.394255 -0.249988 0.000423762
22 -0.00743866 0.00171661 -0.148966 0.99105 -1.26326 -0.632677 -0.169184 -1.07002 -1.32696 0.64374 -0.19894 -0.0185016 0.000572213 0.389296 -0.249748 -0.00167288 -0.194362 0.0169757 0.000190738 0.394255 -0.250153 0.000823362
22 -0.00743866 0.00171661 -0.148966 0.99372 -1.26326 -0.632677 -0.168803 -1.07421 -1.32696 0.64374 -0.19894 -0.0185016 0.000572213 0.389296 -0.249748 -0.00167288 -0.194362 0.0169757 0.000190738 0.394255 -0.250153 0.000822928
22 -0.00743866 0.00171661 -0.148966 0.997154 -1.26364 -0.632677 -0.16804 -1.07841 -1.32696 0.64374 -0.19894 -0.0185016 0.000572213 0.389296 -0.249748 -0.00167288 -0.194362 0.0169757 0.000190738 0.394255 -0.250153 0.000822928
22 -0.00743866 0.00171661 -0.148966 1.00021 -1.26364 -0.632677 -0.167659 -1.08337 -1.32696 0.64374 -0.19894 -0.0185016 0.000572213 0.389296 -0.249748 -0.00167288 -0.194362 0.0169757 0.000190738 0.394255 -0.250153 0.000822928
22 -0.00743866 0.00171661 -0.148966 1.00364 -1.26364 -0.632677 -0.167277 -1.08794 -1.32696 0.64374 -0.19894 -0.0185016 0.000572213 0.389296 -0.249748 -0.00167288 -0.194362 0.0169757 0.000190738 0.394255 -0.250153 0.000822928
22 -0.00743866 0.00171661 -0.148966 1.00707 -1.26364 -0.632677 -0.166514 -1.09214 -1.32696 0.64374 -0.19894 -0.0185016 0.000572213 0.389296 -0.249748 -0.00167288 -0.194362 0.0169757 0.000190738 0.394255 -0.250153 0.000822928
22 -0.00743866 0.00171661 -0.149348 1.01051 -1.26364 -0.632677 -0.166133 -1.09672 -1.32696 0.64374 -0.19894 -0.0185016 0.000572213 0.389296 -0.249748 -0.00167288 -0.194362 0.0169757 0.000190738 0.394255 -0.249988 0.000423761
22 -0.00743866 0.00171661 -0.149348 1.01356 -1.26364 -0.632677 -0.16537 -1.10168 -1.32696 0.64374 -0.19894 -0.0185016 0.000572213 0.389296 -0.249748 -0.00167288 -0.194362 0.0169757 0.000190738 0.394255 -0.249988 0.000423329
22 -0.00743866 0.00171661 -0.149348 1.01737 -1.26364 -0.632677 -0.164607 -1.10626 -1.32696 0.64374 -0.19894 -0.0185016 0.000572213 0.389296 -0.249748 -0.00167288 -0.194362 0.0169757 0.000190738 0.394255 -0.250153 0.000823362
22 -0.00743866 0.00171661 -0.149348 1.02081 -1.26364 -0.632677 -0.163844 -1.11045 -1.32696 0.64374 -0.19894 -0.0185016 0.000572213 0.389296 -0.249748 -0.00167288 -0.194362 0.0169757 0.000190738 0.394255 -0.249988 0.000423762
22 -0.00743866 0.00171661 -0.149348 1.02424 -1.26364 -0.632677 -0.163462 -1.11541 -1.32696 0.64374 -0.19894 -0.0185016 0.000572213 0.389296 -0.249748 -0.00167288 -0.194362 0.0169757 0.000190738 0.394255 -0.249988 0.000423329
22 -0.00743866 0.00171661 -0.149348 1.02805 -1.26364 -0.632677 -0.163081 -1.11999 -1.32696 0.64374 -0.19894 -0.0185016 0.000572213 0.389296 -0.249748 -0.00167288 -0.194362 0.0169757 0.000190738 0.394255 -0.250153 0.000823362
22 -0.00743866 0.00209808 -0.149729 1.03149 -1.26364 -0.632677 -0.162318 -1.12533 -1.32658 0.64374 -0.19894 -0.0185016 0.000572213 0.389296 -0.249748 -0.00167288 -0.194362 0.0169757 0.000190738 0.394255 -0.250153 0.000822928
22 -0.00743866 0.00171661 -0.149729 1.0353 -1.26364 -0.632677 -0.161936 -1.12953 -1.32658 0.64374 -0.19894 -0.0185016 0.000572213 0.389296 -0.249748 -0.00167288 -0.194362 0.0169757 0.000190738 0.394255 -0.250153 0.000822928
22 -0.00743866 0.00209808 -0.149729 1.0395 -1.26364 -0.632677 -0.161555 -1.1341 -1.32658 0.64374 -0.19894 -0.0185016 0.000572213 0.389296 -0.249748 -0.00167288 -0.194362 0.0169757 0.000190738 0.394255 -0.250153 0.000822928
22 -0.00743866 0.00171661 -0.149729 1.04293 -1.26364 -0.632677 -0.160792 -1.13906 -1.32696 0.64374 -0.19894 -0.0185016 0.000572213 0.389296 -0.249748 -0.00167288 -0.194362 0.0169757 0.000190738 0.394255 -0.250153 0.000822928
22 -0.00743866 0.00171661 -0.149729 1.04675 -1.26364 -0.632677 -0.16041 -1.1444 -1.32696 0.64374 -0.19894 -0.0185016 0.000572213 0.389296 -0.249748 -0.00167288 -0.194362 0.0169757 0.000190738 0.394255 -0.250153 0.000822928
22 -0.00743866 0.00209808 -0.149729 1.05056 -1.26364 -0.632677 -0.159648 -1.1486 -1.32696 0.64374 -0.19894 -0.0185016 0.000572213 0.389296 -0.249748 -0.00167288 -0.194362 0.0169757 0.000190738 0.394255 -0.250153 0.000822928
22 -0.00743866 0.00171661 -0.149729 1.05476 -1.26364 -0.632677 -0.158503 -1.15356 -1.32696 0.64374 -0.19894 -0.0185016 0.000572213 0.389296 -0.249748 -0.00167288 -0.194362 0.0169757 0.000190738 0.394255 -0.250153 0.000822928
22 -0.00743866 0.00171661 -0.149729 1.05895 -1.26364 -0.632677 -0.158122 -1.15852 -1.32658 0.64374 -0.19894 -0.0185016 0.000572213 0.389296 -0.249748 -0.00167288 -0.194362 0.0169757 0.000190738 0.394255 -0.250153 0.000822928
22 -0.00743866 0.00171661 -0.149729 1.06277 -1.26364 -0.632677 -0.157359 -1.16386 -1.32696 0.64374 -0.19894 -0.0185016 0.000572213 0.389296 -0.249748 -0.00167288 -0.194362 0.0169757 0.000190738 0.394255 -0.250153 0.000822928
22 -0.00743866 0.00171661 -0.149729 1.06696 -1.26364 -0.632677 -0.156977 -1.16882 -1.32696 0.64374 -0.19894 -0.0185016 0.000572213 0.389296 -0.249748 -0.00167288 -0.194362 0.0169757 0.000190738 0.394255 -0.250153 0.000822928
22 -0.00743866 0.00171661 -0.149729 1.07116 -1.26364 -0.632677 -0.156596 -1.17301 -1.32696 0.64374 -0.19894 -0.0185016 0.000572213 0.389296 -0.249748 -0.00167288 -0.194362 0.0169757 0.000190738 0.394255 -0.250153 0.000822928
22 -0.00743866 0.00171661 -0.149729 1.07497 -1.26364 -0.632677 -0.155833 -1.17797 -1.32696 0.64374 -0.19894 -0.0185016 0.000572213 0.389296 -0.249748 -0.00167288 -0.194362 0.0169757 0.000190738 0.394255 -0.249988 0.000423761
22 -0.00743866 0.00171661 -0.149729 1.07955 -1.26364 -0.632677 -0.155451 -1.18331 -1.32696 0.64374 -0.19894 -0.0185016 0.000572213 0.389296 -0.249748 -0.00167288 -0.194362 0.0169757 0.000190738 0.394255 -0.249988 0.000423329
22 -0.00782013 0.00209808 -0.149729 1.08375 -1.26364 -0.633059 -0.15507 -1.18827 -1.32696 0.64374 -0.19894 -0.0185016 0.000572213 0.389296 -0.249748 -0.00167288 -0.194362 0.0169757 0.000190738 0.394255 -0.249988 0.000423329
22 -0.00743866 0.00171661 -0.149729 1.08794 -1.26364 -0.633059 -0.154688 -1.19323 -1.32696 0.64374 -0.19894 -0.0185016 0.000572213 0.389296 -0.249748 -0.00167288 -0.194362 0.0169757 0.000190738 0.394255 -0.249988 0.000423329
22 -0.00743866 0.00171661 -0.149729 1.09214 -1.26364 -0.633059 -0.153925 -1.19743 -1.32696 0.64374 -0.19894 -0.0185016 0.000572213 0.389296 -0.249748 -0.00167288 -0.194362 0.0169757 0.000190738 0.394255 -0.249988 0.000423329
22 -0.00743866 0.00171661 -0.149729 1.09634 -1.26364 -0.633059 -0.153162 -1.20239 -1.32696 0.64374 -0.19894 -0.0185016 0.000572213 0.389296 -0.249748 -0.00167288 -0.194362 0.0169757 0.000190738 0.394255 -0.250153 0.000823362
22 -0.00743866 0.00171661 -0.149729 1.10053 -1.26364 -0.633059 -0.152018 -1.20773 -1.32696 0.64374 -0.19894 -0.0185016 0.000572213 0.389296 -0.249748 -0.00167288 -0.194362 0.0169757 0.000190738 0.394255 -0.250153 0.000822928
22 -0.00743866 0.00171661 -0.149729 1.10511 -1.26364 -0.633059 -0.151637 -1.21269 -1.32696 0.64374 -0.19894 -0.0185016 0.000572213 0.389296 -0.249748 -0.00167288 -0.194362 0.0169757 0.000190738 0.394255 -0.250153 0.000822928
22 -0.00743866 0.00171661 -0.149729 1.10931 -1.26364 -0.633059 -0.150874 -1.21726 -1.32696 0.64374 -0.19894 -0.0185016 0.000572213 0.389296 -0.249748 -0.00167288 -0.194362 0.0169757 0.000190738 0.394255 -0.250153 0.000822928
22 -0.00743866 0.00171661 -0.149729 1.11389 -1.26364 -0.633059 -0.150492 -1.22184 -1.32696 0.64374 -0.19894 -0.0185016 0.000572213 0.389296 -0.249748 -0.00167288 -0.194362 0.0169757 0.000190738 0.394255 -0.250153 0.000822928
22 -0.00743866 0.00171661 -0.149729 1.1177 -1.26364 -0.633059 -0.150111 -1.2268 -1.32696 0.64374 -0.19894 -0.0185016 0.000572213 0.389296 -0.249748 -0.00167288 -0.194362 0.0169757 0.000190738 0.394255 -0.250153 0.000822928
22 -0.00743866 0.00171661 -0.149729 1.12228 -1.26364 -0.633059 -0.149729 -1.23214 -1.32696 0.64374 -0.19894 -0.0185016 0.000572213 0.389296 -0.249748 -0.00167288 -0.194362 0.0169757 0.000190738 0.394255 -0.250153 0.000822928
22 -0.00743866 0.00171661 -0.149729 1.12686 -1.26364 -0.633059 -0.148966 -1.23634 -1.32696 0.64374 -0.19894 -0.0185016 0.000572213 0.389296 -0.249748 -0.00167288 -0.194362 0.0169757 0.000190738 0.394255 -0.250153 0.000822928
22 -0.00743866 0.00171661 -0.149729 1.13067 -1.26364 -0.633059 -0.148585 -1.24092 -1.32696 0.64374 -0.19894 -0.0185016 0.000572213 0.389296 -0.249748 -0.00167288 -0.194362 0.0169757 0.000190738 0.394255 -0.250356 0.000397514
22 -0.00743866 0.00171661 -0.149729 1.13525 -1.26364 -0.633059 -0.148203 -1.24588 -1.32696 0.64374 -0.19894 -0.0185016 0.000572213 0.389296 -0.249748 -0.00167288 -0.194362 0.0169757 0.000190738 0.394255 -0.250355 0.000397654
22 -0.00743866 0.00171661 -0.149729 1.13983 -1.26364 -0.633059 -0.14744 -1.25083 -1.32696 0.64374 -0.19894 -0.0185016 0.000572213 0.389296 -0.249748 -0.00167288 -0.194362 0.0169757 0.000190738 0.394255 -0.250355 0.000397654
22 -0.00782013 0.00171661 -0.149729 1.14364 -1.26364 -0.633059 -0.146677 -1.25541 -1.32696 0.64374 -0.19894 -0.0185016 0.000572213 0.389296 -0.249748 -0.00167288 -0.194362 0.0169757 0.000190738 0.394255 -0.250355 0.000397654
22 -0.00743866 0.00171661 -0.149729 1.14784 -1.26364 -0.633059 -0.145914 -1.25961 -1.32696 0.64374 -0.19894 -0.0185016 0.000572213 0.389296 -0.249748 -0.00167288 -0.194362 0.0169757 0.000190738 0.394255 -0.250355 0.000397654
22 -0.00743866 0.00171661 -0.149729 1.15241 -1.26364 -0.633059 -0.145151 -1.26457 -1.32696 0.64374 -0.19894 -0.0185016 0.000572213 0.389296 -0.249748 -0.00167288 -0.194362 0.0169757 0.000190738 0.394255 -0.250355 0.000397654
22 -0.00743866 0.00171661 -0.149729 1.15661 -1.26364 -0.633059 -0.14477 -1.26953 -1.32696 0.64374 -0.19894 -0.0185016 0.000572213 0.389296 -0.249748 -0.00167288 -0.194362 0.0169757 0.000190738 0.394255 -0.250355 0.000397654
22 -0.00743866 0.00171661 -0.149729 1.16081 -1.26364 -0.633059 -0.144007 -1.27372 -1.32696 0.64374 -0.19894 -0.0185016 0.000572213 0.389296 -0.249748 -0.00167288 -0.194362 0.0169757 0.000190738 0.394255 -0.250355 0.000397654
22 -0.00743866 0.00171661 -0.149729 1.165 -1.26364 -0.633059 -0.143626 -1.27792 -1.32696 0.64374 -0.19894 -0.0185016 0.000572213 0.389296 -0.249748 -0.00167288 -0.194362 0.0169757 0.000190738 0.394255 -0.250355 0.000397654
22 -0.00743866 0.00171661 -0.150111 1.1692 -1.26364 -0.633059 -0.143244 -1.2825 -1.32696 0.64374 -0.19894 -0.0185016 0.000572213 0.389296 -0.249748 -0.00167288 -0.194362 0.0169757 0.000190738 0.394255 -0.250355 0.000397654
22 -0.00743866 0.00171661 -0.150111 1.1734 -1.26364 -0.633059 -0.142863 -1.28746 -1.32696 0.64374 -0.19894 -0.0185016 0.000572213 0.389296 -0.249748 -0.00167288 -0.194362 0.0169757 0.000190738 0.394255 -0.250355 0.000397654
22 -0.00743866 0.00171661 -0.150111 1.17759 -1.26364 -0.633059 -0.142481 -1.29127 -1.32696 0.64374 -0.19894 -0.0185016 0.000572213 0.389296 -0.249748 -0.00167288 -0.194362 0.0169757 0.000190738 0.394255 -0.250355 0.000397654
22 -0.00743866 0.00171661 -0.150111 1.18179 -1.26364 -0.633059 -0.141718 -1.29547 -1.32658 0.64374 -0.19894 -0.0185016 0.000572213 0.389296 -0.249748 -0.00167288 -0.194362 0.0169757 0.000190738 0.394255 -0.250355 0.000397654
22 -0.00743866 0.00171661 -0.150111 1.18598 -1.26364 -0.633059 -0.141337 -1.30043 -1.32696 0.64374 -0.19894 -0.0185016 0.000572213 0.389296 -0.249748 -0.00167288 -0.194362 0.0169757 0.000190738 0.394255 -0.250355 0.000397654
22 -0.00743866 0.00171661 -0.150111 1.19018 -1.26364 -0.633059 -0.140574 -1.30424 -1.32696 0.64374 -0.19894 -0.0185016 0.000572213 0.389296 -0.249748 -0.00167288 -0.194362 0.0169757 0.000190738 0.394255 -0.250355 0.000397654
22 -0.00743866 0.00171661 -0.150111 1.19399 -1.26364 -0.633059 -0.139429 -1.30844 -1.32658 0.64374 -0.19894 -0.0185016 0.000572213 0.389296 -0.249748 -0.00167288 -0.194362 0.0169757 0.000190738 0.394255 -0.250558 -2.79599e-05
22 -0.00743866 0.00171661 -0.150111 1.19819 -1.26364 -0.633059 -0.139048 -1.31302 -1.32696 0.64374 -0.19894 -0.0185016 0.000572213 0.389296 -0.249748 -0.00167288 -0.194362 0.0169757 0.000190738 0.394255 -0.250558 -2.78198e-05
22 -0.00743866 0.00171661 -0.150111 1.20239 -1.26364 -0.633059 -0.138666 -1.31683 -1.32696 0.64374 -0.19894 -0.0185016 0.000572213 0.389296 -0.249748 -0.00167288 -0.194362 0.0169757 0.000190738 0.394255 -0.250558 -2.78198e-05
22 -0.00782013 0.00171661 -0.150111 1.2062 -1.26364 -0.633059 -0.137903 -1.32064 -1.32696 0.64374 -0.19894 -0.0185016 0.000572213 0.389296 -0.249748 -0.00167288 -0.194362 0.0169757 0.000190738 0.394255 -0.250558 -2.78198e-05
22 -0.00743866 0.00171661 -0.150111 1.2104 -1.26364 -0.633059 -0.137522 -1.32522 -1.32696 0.64374 -0.19894 -0.0185016 0.000572213 0.389296 -0.249748 -0.00167288 -0.194362 0.0169757 0.000190738 0.394255 -0.250558 -2.78198e-05
22 -0.00743866 0.00171661 -0.150111 1.21459 -1.26364 -0.633059 -0.13714 -1.32866 -1.32696 0.64374 -0.19894 -0.0185016 0.000572213 0.389296 -0.249748 -0.00167288 -0.194362 0.0169757 0.000190738 0.394255 -0.250558 -2.78198e-05
22 -0.00743866 0.00171661 -0.150111 1.21803 -1.26364 -0.633059 -0.136759 -1.33285 -1.32696 0.64374 -0.19894 -0.0185016 0.000572213 0.389296 -0.249748 -0.00167288 -0.194362 0.0169757 0.000190738 0.394255 -0.250558 -2.78198e-05
22 -0.00743866 0.00171661 -0.150111 1.22222 -1.26364 -0.633059 -0.136378 -1.33705 -1.32696 0.64374 -0.19894 -0.0185016 0.000572213 0.389296 -0.249748 -0.00167288 -0.194362 0.0169757 0.000190738 0.394255 -0.250558 -2.78198e-05
22 -0.00743866 0.00171661 -0.150111 1.22604 -1.26364 -0.633059 -0.135996 -1.34048 -1.32696 0.64374 -0.19894 -0.0185016 0.000572213 0.389296 -0.249748 -0.00167288 -0.194362 0.0169757 0.000190738 0.394255 -0.250558 -2.78198e-05
22 -0.00743866 0.00171661 -0.150111 1.22985 -1.26364 -0.633059 -0.135615 -1.3443 -1.32696 0.64374 -0.19894 -0.0185016 0.000572213 0.389296 -0.249748 -0.00167288 -0.194362 0.0169757 0.000190738 0.394255 -0.250558 -2.78198e-05
22 -0.00743866 0.00171661 -0.150111 1.23367 -1.26364 -0.633059 -0.135233 -1.34773 -1.32696 0.64374 -0.19894 -0.0185016 0.000572213 0.389296 -0.249748 -0.00167288 -0.194362 0.0169757 0.000190738 0.394255 -0.250558 -2.78198e-05
22 -0.00743866 0.00171661 -0.150111 1.23748 -1.26364 -0.633059 -0.134852 -1.35154 -1.32696 0.64374 -0.19894 -0.0185016 0.000572213 0.389296 -0.249748 -0.00167288 -0.194362 0.0169757 0.000190738 0.394255 -0.250558 -2.78198e-05
22 -0.00743866 0.00171661 -0.150111 1.24092 -1.26364 -0.633059 -0.13447 -1.35574 -1.32696 0.64374 -0.19894 -0.0185016 0.000572213 0.389296 -0.249748 -0.00167288 -0.194362 0.0169757 0.000190738 0.394255 -0.250558 -2.78198e-05
22 -0.00743866 0.00171661 -0.150111 1.24473 -1.26364 -0.633059 -0.134089 -1.35879 -1.32696 0.64374 -0.19894 -0.0185016 0.000572213 0.389296 -0.249748 -0.00167288 -0.194362 0.0169757 0.000190738 0.394255 -0.250558 -2.78198e-05
22 -0.00743866 0.00171661 -0.150111 1.24816 -1.26402 -0.633059 -0.133326 -1.36261 -1.32696 0.64374 -0.19894 -0.0185016 0.000572213 0.389296 -0.249748 -0.00167288 -0.194362 0.0169757 0.000190738 0.394255 -0.250558 -2.78198e-05
22 -0.00743866 0.00171661 -0.150111 1.25198 -1.26402 -0.633059 -0.132944 -1.36528 -1.32696 0.64374 -0.19894 -0.0185016 0.000572213 0.389296 -0.249748 -0.00167288 -0.194362 0.0169757 0.000190738 0.394255 -0.250558 -2.78198e-05
22 -0.00743866 0.00171661 -0.150111 1.25503 -1.26402 -0.633059 -0.132944 -1.36909 -1.32696 0.64374 -0.19894 -0.0185016 0.000572213 0.389296 -0.249748 -0.00167288 -0.194362 0.0169757 0.000190738 0.394255 -0.250558 -2.78198e-05
22 -0.00743866 0.00171661 -0.150111 1.25846 -1.26402 -0.633059 -0.132563 -1.37176 -1.32696 0.64374 -0.19894 -0.0185016 0.000572213 0.389296 -0.249748 -0.00167288 -0.194362 0.0169757 0.000190738 0.394255 -0.250558 -2.78198e-05
22 -0.00743866 0.00171661 -0.150111 1.2619 -1.26402 -0.633059 -0.132181 -1.37558 -1.32696 0.64374 -0.19894 -0.0185016 0.000572213 0.389296 -0.249748 -0.00167288 -0.194362 0.0169757 0.000190738 0.394255 -0.250558 -2.78198e-05
22 -0.00743866 0.00171661 -0.150111 1.26533 -1.2644 -0.633059 -0.132181 -1.37825 -1.32696 0.64374 -0.19894 -0.0185016 0.000572213 0.389296 -0.249748 -0.00167288 -0.194362 0.0169757 0.000190738 0.394255 -0.250558 -2.78198e-05
22 -0.00743866 0.00171661 -0.150111 1.26838 -1.2644 -0.633059 -0.1318 -1.38168 -1.32696 0.64374 -0.19894 -0.0185016 0.000572213 0.389296 -0.249748 -0.00167288 -0.194362 0.0169757 0.000190738 0.394255 -0.250558 -2.78198e-05
22 -0.00743866 0.00171661 -0.150111 1.27143 -1.2644 -0.633059 -0.131418 -1.38435 -1.32696 0.64374 -0.19894 -0.0185016 0.000572213 0.389296 -0.249748 -0.00167288 -0.194362 0.0169757 0.000190738 0.394255 -0.250558 -2.78198e-05
22 -0.00743866 0.00171661 -0.150111 1.27449 -1.26478 -0.633059 -0.131037 -1.38778 -1.32696 0.64374 -0.19894 -0.0185016 0.000572213 0.389296 -0.249748 -0.00167288 -0.194362 0.0169757 0.000190738 0.394255 -0.250558 -2.78198e-05
22 -0.00743866 0.00171661 -0.150111 1.27792 -1.26478 -0.633059 -0.130655 -1.39007 -1.32696 0.64374 -0.19894 -0.0185016 0.000572213 0.389296 -0.249748 -0.00167288 -0.194362 0.0169757 0.000190738 0.394255 -0.250558 -2.78198e-05
22 -0.00743866 0.00171661 -0.150111 1.28059 -1.26516 -0.633059 -0.130655 -1.39389 -1.32696 0.64374 -0.19894 -0.0185016 0.000572213 0.389296 -0.249748 -0.00167288 -0.194362 0.0169757 0.000190738 0.394255 -0.250558 -2.78198e-05
22 -0.00743866 0.00171661 -0.150111 1.28364 -1.26516 -0.633059 -0.130274 -1.3958 -1.32696 0.64374 -0.19894 -0.0185016 0.000572213 0.389296 -0.249748 -0.00167288 -0.194362 0.0169757 0.000190738 0.394255 -0.250558 -2.78198e-05
22 -0.00743866 0.00171661 -0.150111 1.28631 -1.26555 -0.633059 -0.130274 -1.39885 -1.32696 0.64374 -0.19894 -0.0185016 0.000572213 0.389296 -0.249748 -0.00167288 -0.194362 0.0169757 0.000190738 0.394255 -0.250558 -2.78198e-05
22 -0.00743866 0.00171661 -0.150111 1.28936 -1.26555 -0.63344 -0.130274 -1.40114 -1.32696 0.64374 -0.19894 -0.0185016 0.000572213 0.389296 -0.249748 -0.00167288 -0.194362 0.0169757 0.000190738 0.394255 -0.250558 -2.78198e-05
22 -0.00743866 0.00171661 -0.150111 1.29165 -1.26593 -0.63344 -0.129892 -1.40342 -1.32696 0.64374 -0.19894 -0.0185016 0.000572213 0.389296 -0.249748 -0.00167288 -0.194362 0.0169757 0.000190738 0.394255 -0.250558 -2.78198e-05
22 -0.00743866 0.00171661 -0.150111 1.2947 -1.26593 -0.63344 -0.129892 -1.40648 -1.32696 0.64374 -0.19894 -0.0185016 0.000572213 0.389296 -0.249748 -0.00167288 -0.194362 0.0169757 0.000190738 0.394255 -0.250558 -2.78198e-05
22 -0.00743866 0.00171661 -0.150111 1.29699 -1.26593 -0.63344 -0.129892 -1.40838 -1.32696 0.64374 -0.19894 -0.0185016 0.000572213 0.389296 -0.249748 -0.00167288 -0.194362 0.0169757 0.000190738 0.394255 -0.250558 -2.78198e-05
22 -0.00743866 0.00171661 -0.150111 1.29928 -1.26631 -0.63344 -0.129892 -1.41029 -1.32696 0.64374 -0.19894 -0.0185016 0.000572213 0.389296 -0.249748 -0.00167288 -0.194362 0.0169757 0.000190738 0.394255 -0.250558 -2.78198e-05
22 -0.00743866 0.00171661 -0.150111 1.30195 -1.26631 -0.63344 -0.129892 -1.41296 -1.32696 0.64374 -0.19894 -0.0185016 0.000572213 0.389296 -0.249748 -0.00167288 -0.194362 0.0169757 0.000190738 0.394255 -0.250558 -2.78198e-05
22 -0.00743866 0.00171661 -0.150111 1.30386 -1.26669 -0.63344 -0.129892 -1.41487 -1.32696 0.64374 -0.19894 -0.0185016 0.000572213 0.389296 -0.249748 -0.00167288 -0.194362 0.0169757 0.000190738 0.394255 -0.250558 -2.78198e-05
22 -0.00743866 0.00171661 -0.150111 1.30615 -1.26669 -0.63344 -0.130274 -1.41716 -1.32696 0.64374 -0.19894 -0.0185016 0.000572213 0.389296 -0.249748 -0.00167288 -0.194362 0.0169757 0.000190738 0.394255 -0.250558 -2.78198e-05
22 -0.00743866 0.00171661 -0.150111 1.30844 -1.26669 -0.63344 -0.130274 -1.41907 -1.32696 0.64374 -0.19894 -0.0185016 0.000572213 0.389296 -0.249748 -0.00167288 -0.194362 0.0169757 0.000190738 0.394255 -0.250558 -2.78198e-05
22 -0.00743866 0.00171661 -0.150111 1.31034 -1.26707 -0.633822 -0.130274 -1.42097 -1.32696 0.64374 -0.19894 -0.0185016 0.000572213 0.389296 -0.249748 -0.00167288 -0.194362 0.0169757 0.000190738 0.394255 -0.250558 -2.78198e-05
22 -0.00743866 0.00171661 -0.150111 1.31225 -1.26707 -0.633822 -0.130274 -1.4225 -1.32696 0.64374 -0.19894 -0.0185016 0.000572213 0.389296 -0.249748 -0.00167288 -0.194362 0.0169757 0.000190738 0.394255 -0.250558 -2.78198e-05
22 -0.00743866 0.00171661 -0.150111 1.31454 -1.26707 -0.633822 -0.130274 -1.42479 -1.32696 0.64374 -0.19894 -0.0185016 0.000572213 0.389296 -0.249748 -0.00167288 -0.194362 0.0169757 0.000190738 0.394255 -0.250558 -2.78198e-05
22 -0.00743866 0.00171661 -0.150111 1.31607 -1.26707 -0.633822 -0.130274 -1.42593 -1.32696 0.64374 -0.19894 -0.0185016 0.000572213 0.389296 -0.249748 -0.00167288 -0.194362 0.0169757 0.000190738 0.394255 -0.250558 -2.78198e-05
22 -0.00743866 0.00171661 -0.150111 1.31759 -1.26745 -0.633822 -0.130274 -1.42708 -1.32696 0.64374 -0.19894 -0.0185016 0.000572213 0.389296 -0.249748 -0.00167288 -0.194362 0.0169757 0.000190738 0.394255 -0.250558 -2.78198e-05
22 -0.00743866 0.00171661 -0.150111 1.31988 -1.26745 -0.633822 -0.130274 -1.42822 -1.32696 0.64374 -0.19894 -0.0185016 0.000572213 0.389296 -0.249748 -0.00167288 -0.194362 0.0169757 0.000190738 0.394255 -0.250558 -2.78198e-05
22 -0.00743866 0.00171661 -0.149729 1.32103 -1.26745 -0.633822 -0.130274 -1.43051 -1.32696 0.64374 -0.19894 -0.0185016 0.000572213 0.389296 -0.249748 -0.00167288 -0.194362 0.0169757 0.000190738 0.394255 -0.250558 -2.78198e-05
22 -0.00743866 0.00171661 -0.149729 1.32255 -1.26745 -0.633822 -0.130274 -1.43127 -1.32696 0.64374 -0.19894 -0.0185016 0.000572213 0.389296 -0.249748 -0.00167288 -0.194362 0.0169757 0.000190738 0.394255 -0.250558 -2.78198e-05
22 -0.00743866 0.00171661 -0.149729 1.3237 -1.26745 -0.634203 -0.130274 -1.43242 -1.32696 0.64374 -0.19894 -0.0185016 0.000572213 0.389296 -0.249748 -0.00167288 -0.194362 0.0169757 0.000190738 0.394255 -0.250558 -2.78198e-05
22 -0.00743866 0.00171661 -0.149729 1.32522 -1.26745 -0.634203 -0.130655 -1.43318 -1.32696 0.64374 -0.19894 -0.0185016 0.000572213 0.389296 -0.249748 -0.00167288 -0.194362 0.0169757 0.000190738 0.394255 -0.250558 -2.78198e-05
22 -0.00782013 0.00171661 -0.149729 1.32675 -1.26745 -0.634203 -0.130655 -1.43356 -1.32734 0.64374 -0.19894 -0.0185016 0.000572213 0.389296 -0.249748 -0.00167288 -0.194362 0.0169757 0.000190738 0.394255 -0.250558 -2.78198e-05
22 -0.00743866 0.00171661 -0.149729 1.32751 -1.26745 -0.634203 -0.130655 -1.43432 -1.32734 0.64374 -0.19894 -0.0185016 0.000572213 0.389296 -0.249748 -0.00167288 -0.194362 0.0169757 0.000190738 0.394255 -0.250558 -2.78198e-05
22 -0.00743866 0.00171661 -0.149729 1.32866 -1.26745 -0.634203 -0.130655 -1.43509 -1.32734 0.64374 -0.19894 -0.0185016 0.000572213 0.389296 -0.249748 -0.00167288 -0.194362 0.0169757 0.000190738 0.394255 -0.250558 -2.78198e-05
22 -0.00743866 0.00171661 -0.149729 1.32942 -1.26745 -0.634203 -0.130655 -1.43585 -1.32734 0.64374 -0.19894 -0.0185016 0.000572213 0.389296 -0.249748 -0.00167288 -0.194362 0.0169757 0.000190738 0.394255 -0.250558 -2.78198e-05
22 -0.00743866 0.00171661 -0.149729 1.33056 -1.26745 -0.634585 -0.131037 -1.43661 -1.32734 0.64374 -0.19894 -0.0185016 0.000572213 0.389296 -0.249748 -0.00167288 -0.194362 0.0169757 0.000190738 0.394255 -0.250558 -2.78198e-05
22 -0.00743866 0.00171661 -0.149348 1.33133 -1.26745 -0.634585 -0.131037 -1.43699 -1.32734 0.64374 -0.19894 -0.0185016 0.000572213 0.389296 -0.249748 -0.00167288 -0.194362 0.0169757 0.000190738 0.394255 -0.250558 -2.78198e-05
22 -0.00743866 0.00171661 -0.149348 1.33209 -1.26745 -0.634585 -0.131037 -1.43699 -1.32734 0.64374 -0.19894 -0.0185016 0.000572213 0.389296 -0.249748 -0.00167288 -0.194362 0.0169757 0.000190738 0.394255 -0.250558 -2.78198e-05
22 -0.00743866 0.00171661 -0.149348 1.33285 -1.26745 -0.634585 -0.131037 -1.43699 -1.32734 0.64374 -0.19894 -0.0185016 0.000572213 0.389296 -0.249748 -0.00167288 -0.194362 0.0169757 0.000190738 0.394255 -0.250558 -2.78198e-05
22 -0.00743866 0.00171661 -0.149348 1.33323 -1.26745 -0.634585 -0.131418 -1.43699 -1.32734 0.64374 -0.19894 -0.0185016 0.000572213 0.389296 -0.249748 -0.00167288 -0.194362 0.0169757 0.000190738 0.394255 -0.250558 -2.78198e-05
22 -0.00743866 0.00171661 -0.149348 1.33361 -1.26745 -0.634585 -0.131418 -1.43699 -1.32734 0.64374 -0.19894 -0.0185016 0.000572213 0.389296 -0.249748 -0.00167288 -0.194362 0.0169757 0.000190738 0.394255 -0.250558 -2.78198e-05
22 -0.00743866 0.00171661 -0.148966 1.33361 -1.26745 -0.634585 -0.131418 -1.43699 -1.32734 0.64374 -0.19894 -0.0185016 0.000572213 0.389296 -0.249748 -0.00167288 -0.194362 0.0169757 0.000190738 0.394255 -0.250558 -2.78198e-05
22 -0.00743866 0.00171661 -0.148966 1.33361 -1.26745 -0.634966 -0.1318 -1.43661 -1.32734 0.64374 -0.19894 -0.0185016 0.000572213 0.389296 -0.249748 -0.00167288 -0.194362 0.0169757 0.000190738 0.394255 -0.250558 -2.78198e-05
22 -0.00743866 0.00171661 -0.148966 1.33361 -1.26745 -0.634966 -0.1318 -1.43623 -1.32734 0.64374 -0.19894 -0.0185016 0.000572213 0.389296 -0.249748 -0.00167288 -0.194362 0.0169757 0.000190738 0.394255 -0.250558 -2.78198e-05
22 -0.00743866 0.00171661 -0.148966 1.33323 -1.26745 -0.634966 -0.1318 -1.43547 -1.32734 0.64374 -0.19894 -0.0185016 0.000572213 0.389296 -0.249748 -0.00167288 -0.194362 0.0169757 0.000190738 0.394255 -0.250558 -2.78198e-05
22 -0.00743866 0.00171661 -0.148585 1.33285 -1.26745 -0.634966 -0.1318 -1.43471 -1.32734 0.64374 -0.19894 -0.0185016 0.000572213 0.389296 -0.249748 -0.00167288 -0.194362 0.0169757 0.000190738 0.394255 -0.250558 -2.78198e-05
22 -0.00743866 0.00171661 -0.148585 1.33247 -1.26745 -0.634966 -0.132181 -1.43432 -1.32734 0.64374 -0.19894 -0.0185016 0.000572213 0.389296 -0.249748 -0.00167288 -0.194362 0.0169757 0.000190738 0.394255 -0.250558 -2.78198e-05
22 -0.00743866 0.00171661 -0.148585 1.33171 -1.26745 -0.634966 -0.132181 -1.43356 -1.32773 0.64374 -0.19894 -0.0185016 0.000572213 0.389296 -0.249748 -0.00167288 -0.194362 0.0169757 0.000190738 0.394255 -0.250558 -2.78198e-05
22 -0.00743866 0.00171661 -0.148585 1.33133 -1.26783 -0.634966 -0.132181 -1.43318 -1.32773 0.64374 -0.19894 -0.0185016 0.000572213 0.389296 -0.249748 -0.00167288 -0.194362 0.0169757 0.000190738 0.394255 -0.250558 -2.78198e-05
22 -0.00743866 0.00171661 -0.148203 1.33018 -1.26783 -0.634966 -0.132563 -1.43242 -1.32773 0.64374 -0.19894 -0.0185016 0.000572213 0.389296 -0.249748 -0.00167288 -0.194362 0.0169757 0.000190738 0.394255 -0.250558 -2.78198e-05
22 -0.00743866 0.00171661 -0.148203 1.3298 -1.26783 -0.634966 -0.132563 -1.43127 -1.32773 0.643359 -0.19894 -0.0185016 0.000572213 0.389296 -0.249748 -0.00167288 -0.194362 0.0169757 0.000190738 0.394255 -0.250558 -2.78198e-05
22 -0.00743866 0.00171661 -0.148203 1.32866 -1.26783 -0.634966 -0.132563 -1.42975 -1.32773 0.643359 -0.19894 -0.0185016 0.000572213 0.389296 -0.249748 -0.00167288 -0.194362 0.0169757 0.000190738 0.394255 -0.250558 -2.78198e-05
22 -0.00743866 0.00171661 -0.148203 1.32789 -1.26783 -0.634966 -0.132944 -1.42784 -1.32773 0.643359 -0.19894 -0.0185016 0.000572213 0.389296 -0.249748 -0.00167288 -0.194362 0.0169757 0.000190738 0.394255 -0.250558 -2.78198e-05
22 -0.00743866 0.00171661 -0.147822 1.32713 -1.26783 -0.634966 -0.132944 -1.42669 -1.32773 0.642977 -0.19894 -0.0185016 0.000572213 0.389296 -0.249748 -0.00167288 -0.194362 0.0169757 0.000190738 0.394255 -0.250558 -2.78198e-05
22 -0.00743866 0.00171661 -0.147822 1.32599 -1.26783 -0.634966 -0.132944 -1.42555 -1.32773 0.642977 -0.19894 -0.0185016 0.000572213 0.389296 -0.249748 -0.00167288 -0.194362 0.0169757 0.000190738 0.394255 -0.250558 -2.78198e-05
22 -0.00743866 0.00171661 -0.147822 1.32446 -1.26783 -0.634966 -0.132944 -1.42326 -1.32773 0.642977 -0.19894 -0.0185016 0.000572213 0.389296 -0.249748 -0.00167288 -0.194362 0.0169757 0.000190738 0.394255 -0.250558 -2.78198e-05
22 -0.00743866 0.00171661 -0.14744 1.32293 -1.26783 -0.634966 -0.132944 -1.42097 -1.32773 0.642977 -0.19894 -0.0185016 0.000572213 0.389296 -0.249748 -0.00167288 -0.194362 0.0169757 0.000190738 0.394255 -0.250558 -2.78198e-05
22 -0.00743866 0.00171661 -0.14744 1.32179 -1.26783 -0.634966 -0.132944 -1.41945 -1.32773 0.642596 -0.19894 -0.0185016 0.000572213 0.389296 -0.249748 -0.00167288 -0.194362 0.0169757 0.000190738 0.394255 -0.250558 -2.78198e-05
22 -0.00743866 0.00171661 -0.147059 1.32026 -1.26783 -0.634966 -0.133326 -1.41754 -1.32773 0.642596 -0.19894 -0.0185016 0.000572213 0.389296 -0.249748 -0.00167288 -0.194362 0.0169757 0.000190738 0.394255 -0.250558 -2.78198e-05
22 -0.00743866 0.00171661 -0.147059 1.31836 -1.26783 -0.634966 -0.133326 -1.41487 -1.32773 0.642596 -0.19894 -0.0185016 0.000572213 0.389296 -0.249748 -0.00167288 -0.194362 0.0169757 0.000190738 0.394255 -0.250558 -2.78198e-05
22 -0.00743866 0.00171661 -0.146677 1.31683 -1.26783 -0.634966 -0.133326 -1.41296 -1.32773 0.642596 -0.19894 -0.0185016 0.000572213 0.389296 -0.249748 -0.00167288 -0.194362 0.0169757 0.000190738 0.394255 -0.250558 -2.78198e-05
22 -0.00743866 0.00171661 -0.146677 1.3153 -1.26783 -0.634966 -0.133326 -1.41067 -1.32773 0.642596 -0.19894 -0.0185016 0.000572213 0.389296 -0.249748 -0.00167288 -0.194362 0.0169757 0.000190738 0.394255 -0.250558 -2.78198e-05
22 -0.00743866 0.00171661 -0.146677 1.3134 -1.26783 -0.634966 -0.133326 -1.40838 -1.32773 0.642596 -0.19894 -0.0185016 0.000572213 0.389296 -0.249748 -0.00167288 -0.194362 0.0169757 0.000190738 0.394255 -0.250558 -2.78198e-05
22 -0.00743866 0.00209808 -0.146296 1.31149 -1.26783 -0.634966 -0.133326 -1.40648 -1.32773 0.642596 -0.19894 -0.0185016 0.000572213 0.389296 -0.249748 -0.00167288 -0.194362 0.0169757 0.000190738 0.394255 -0.250558 -2.78198e-05
22 -0.00743866 0.00171661 -0.146296 1.30958 -1.26783 -0.634966 -0.133326 -1.40304 -1.32773 0.642596 -0.19894 -0.0185016 0.000572213 0.389296 -0.249748 -0.00167288 -0.194362 0.0169757 0.000190738 0.394255 -0.250558 -2.78198e-05
22 -0.00743866 0.00171661 -0.146296 1.30767 -1.26783 -0.634966 -0.133326 -1.40075 -1.32773 0.642596 -0.19894 -0.0185016 0.000572213 0.389296 -0.249748 -0.00167288 -0.194362 0.0169757 0.000190738 0.394255 -0.250558 -2.78198e-05
22 -0.00743866 0.00171661 -0.146296 1.30539 -1.26783 -0.634966 -0.133326 -1.3977 -1.32773 0.642596 -0.19894 -0.0185016 0.000572213 0.389296 -0.249748 -0.00167288 -0.194362 0.0169757 0.000190738 0.394255 -0.250558 -2.78198e-05
22 -0.00743866 0.00171661 -0.146296 1.3031 -1.26783 -0.634966 -0.133707 -1.39503 -1.32773 0.642596 -0.19894 -0.0185016 0.000572213 0.389296 -0.249748 -0.00167288 -0.194362 0.0169757 0.000190738 0.394255 -0.250558 -2.78198e-05
22 -0.00743866 0.00171661 -0.145914 1.30119 -1.26783 -0.634966 -0.133707 -1.39274 -1.32773 0.642596 -0.19894 -0.0185016 0.000572213 0.389296 -0.249748 -0.00167288 -0.194362 0.0169757 0.000190738 0.394255 -0.250558 -2.78198e-05
22 -0.00743866 0.00171661 -0.145914 1.29852 -1.26783 -0.634966 -0.133707 -1.38931 -1.32773 0.642596 -0.19894 -0.0185016 0.000572213 0.389296 -0.249748 -0.00167288 -0.194362 0.0169757 0.000190738 0.394255 -0.250558 -2.78198e-05
22 -0.00743866 0.00171661 -0.145914 1.29623 -1.26822 -0.634966 -0.133707 -1.38664 -1.32773 0.642596 -0.19894 -0.0185016 0.000572213 0.389296 -0.249748 -0.00167288 -0.194362 0.0169757 0.000190738 0.394255 -0.250558 -2.78198e-05
22 -0.00743866 0.00171661 -0.145914 1.29356 -1.26822 -0.634966 -0.133707 -1.38321 -1.32773 0.642596 -0.19894 -0.0185016 0.000572213 0.389296 -0.249748 -0.00167288 -0.194362 0.0169757 0.000190738 0.394255 -0.250558 -2.78198e-05
22 -0.00743866 0.00171661 -0.145914 1.29089 -1.26822 -0.634966 -0.133707 -1.38054 -1.32773 0.642596 -0.19894 -0.0185016 0.000572213 0.389296 -0.249748 -0.00167288 -0.194362 0.0169757 0.000190738 0.394255 -0.250558 -2.78198e-05
22 -0.00743866 0.00171661 -0.145914 1.28822 -1.26822 -0.634966 -0.133707 -1.37672 -1.32773 0.642596 -0.19894 -0.0185016 0.000572213 0.389296 -0.249748 -0.00167288 -0.194362 0.0169757 0.000190738 0.394255 -0.250558 -2.78198e-05
22 -0.00743866 0.00171661 -0.145914 1.28555 -1.26822 -0.634966 -0.134089 -1.37367 -1.32773 0.642596 -0.19894 -0.0185016 0.000572213 0.389296 -0.249748 -0.00167288 -0.194362 0.0169757 0.000190738 0.394255 -0.250558 -2.78198e-05
22 -0.00743866 0.00171661 -0.145914 1.28288 -1.26822 -0.634966 -0.134089 -1.37024 -1.32773 0.642596 -0.19894 -0.0185016 0.000572213 0.389296 -0.249748 -0.00167288 -0.194362 0.0169757 0.000190738 0.394255 -0.250558 -2.78198e-05
22 -0.00743866 0.00171661 -0.145914 1.27983 -1.26822 -0.634966 -0.134089 -1.3668 -1.32773 0.642596 -0.19894 -0.0185016 0.000572213 0.389296 -0.249748 -0.00167288 -0.194362 0.0169757 0.000190738 0.394255 -0.250558 -2.78198e-05
22 -0.00743866 0.00171661 -0.145914 1.27716 -1.26822 -0.634966 -0.134089 -1.36337 -1.32773 0.642596 -0.19894 -0.0185016 0.000572213 0.389296 -0.249748 -0.00167288 -0.194362 0.0169757 0.000190738 0.394255 -0.250558 -2.78198e-05
22 -0.00743866 0.00171661 -0.145914 1.2741 -1.26822 -0.634966 -0.134089 -1.35956 -1.32773 0.642596 -0.19894 -0.0185016 0.000572213 0.389296 -0.249748 -0.00167288 -0.194362 0.0169757 0.000190738 0.394255 -0.250558 -2.78198e-05
22 -0.00743866 0.00171661 -0.145914 1.27105 -1.26822 -0.634966 -0.134089 -1.3565 -1.32773 0.642596 -0.19894 -0.0185016 0.000572213 0.389296 -0.249748 -0.00167288 -0.194362 0.0169757 0.000190738 0.394255 -0.250558 -2.78198e-05
22 -0.00743866 0.00171661 -0.145914 1.268 -1.26822 -0.634966 -0.134089 -1.35231 -1.32773 0.642596 -0.19894 -0.0185016 0.000572213 0.389296 -0.249748 -0.00167288 -0.194362 0.0169757 0.000190738 0.394255 -0.250558 -2.78198e-05
22 -0.00743866 0.00171661 -0.145914 1.26495 -1.26822 -0.634966 -0.134089 -1.34849 -1.32773 0.642596 -0.19894 -0.0185016 0.000572213 0.389296 -0.249748 -0.00167288 -0.194362 0.0169757 0.000190738 0.394255 -0.250558 -2.78198e-05
22 -0.00743866 0.00171661 -0.145914 1.2619 -1.26822 -0.634966 -0.134089 -1.34468 -1.32773 0.642596 -0.19894 -0.0185016 0.000572213 0.389296 -0.249748 -0.00167288 -0.194362 0.0169757 0.000190738 0.394255 -0.250558 -2.78198e-05
22 -0.00743866 0.00171661 -0.145914 1.25885 -1.26822 -0.634966 -0.134089 -1.34086 -1.32773 0.642596 -0.19894 -0.0185016 0.000572213 0.389296 -0.249748 -0.00167288 -0.194362 0.0169757 0.000190738 0.394255 -0.250558 -2.78198e-05
22 -0.00743866 0.00171661 -0.145914 1.25541 -1.26822 -0.634966 -0.134089 -1.33743 -1.32773 0.642596 -0.19894 -0.0185016 0.000572213 0.389296 -0.249748 -0.00167288 -0.194362 0.0169757 0.000190738 0.394255 -0.250558 -2.78198e-05
22 -0.00743866 0.00209808 -0.145914 1.25236 -1.26822 -0.634966 -0.134089 -1.33285 -1.32773 0.642596 -0.19894 -0.0185016 0.000572213 0.389296 -0.249748 -0.00167288 -0.194362 0.0169757 0.000190738 0.394255 -0.250558 -2.78198e-05
22 -0.00743866 0.00171661 -0.145914 1.24893 -1.26822 -0.634966 -0.134089 -1.32866 -1.32773 0.642596 -0.19894 -0.0185016 0.000572213 0.389296 -0.249748 -0.00167288 -0.194362 0.0169757 0.000190738 0.394255 -0.250558 -2.78198e-05
22 -0.00743866 0.00171661 -0.145914 1.24588 -1.26822 -0.634966 -0.134089 -1.32522 -1.32773 0.642596 -0.19894 -0.0185016 0.000572213 0.389296 -0.249748 -0.00167288 -0.194362 0.0169757 0.000190738 0.394255 -0.250558 -2.78198e-05
22 -0.00743866 0.00171661 -0.145914 1.24206 -1.26822 -0.634966 -0.134089 -1.32064 -1.32773 0.642596 -0.19894 -0.0185016 0.000572213 0.389296 -0.249748 -0.00167288 -0.194362 0.0169757 0.000190738 0.394255 -0.250558 -2.78198e-05
22 -0.00743866 0.00171661 -0.145914 1.23863 -1.26822 -0.634966 -0.134089 -1.31607 -1.32773 0.642596 -0.19894 -0.0185016 0.000572213 0.389296 -0.249748 -0.00167288 -0.194362 0.0169757 0.000190738 0.394255 -0.250558 -2.78198e-05
22 -0.00743866 0.00171661 -0.145914 1.23519 -1.26822 -0.634966 -0.134089 -1.31225 -1.32773 0.642596 -0.19894 -0.0185016 0.000572213 0.389296 -0.249748 -0.00167288 -0.194362 0.0169757 0.000190738 0.394255 -0.250558 -2.78198e-05
22 -0.00743866 0.00171661 -0.145914 1.23176 -1.26822 -0.634966 -0.134089 -1.30806 -1.32773 0.642596 -0.19894 -0.0185016 0.000572213 0.389296 -0.249748 -0.00167288 -0.194362 0.0169757 0.000190738 0.394255 -0.250558 -2.78198e-05
22 -0.00743866 0.00171661 -0.145914 1.22795 -1.26822 -0.634966 -0.134089 -1.3031 -1.32773 0.642596 -0.19894 -0.0185016 0.000572213 0.389296 -0.249748 -0.00167288 -0.194362 0.0169757 0.000190738 0.394255 -0.250558 -2.78198e-05
22 -0.00743866 0.00171661 -0.145914 1.22413 -1.26822 -0.634966 -0.134089 -1.29966 -1.32773 0.642596 -0.19894 -0.0185016 0.000572213 0.389296 -0.249748 -0.00167288 -0.194362 0.0169757 0.000190738 0.394255 -0.250558 -2.78198e-05
22 -0.00743866 0.00171661 -0.145914 1.2207 -1.26822 -0.634966 -0.134089 -1.2947 -1.32773 0.642596 -0.19894 -0.0185016 0.000572213 0.389296 -0.249748 -0.00167288 -0.194362 0.0169757 0.000190738 0.394255 -0.250558 -2.78198e-05
22 -0.00743866 0.00171661 -0.145914 1.2165 -1.26822 -0.634966 -0.134089 -1.29013 -1.32773 0.642596 -0.19894 -0.0185016 0.000572213 0.389296 -0.249748 -0.00167288 -0.194362 0.0169757 0.000190738 0.394255 -0.250558 -2.78198e-05
22 -0.00743866 0.00171661 -0.145914 1.21269 -1.26783 -0.634966 -0.134089 -1.28555 -1.32773 0.642596 -0.19894 -0.0185016 0.000572213 0.389296 -0.249748 -0.00167288 -0.194362 0.0169757 0.000190738 0.394255 -0.250558 -2.78198e-05
22 -0.00743866 0.00171661 -0.145914 1.20887 -1.26783 -0.634966 -0.134089 -1.28173 -1.32773 0.642596 -0.19894 -0.0185016 0.000572213 0.389296 -0.249748 -0.00167288 -0.194362 0.0169757 0.000190738 0.394255 -0.250558 -2.78198e-05
22 -0.00743866 0.00171661 -0.145914 1.20506 -1.26783 -0.634966 -0.134089 -1.27678 -1.32734 0.642596 -0.19894 -0.0185016 0.000572213 0.389296 -0.249748 -0.00167288 -0.194362 0.0169757 0.000190738 0.394255 -0.250558 -2.78198e-05
22 -0.00743866 0.00171661 -0.145914 1.20124 -1.26783 -0.634966 -0.134089 -1.27182 -1.32773 0.642596 -0.19894 -0.0185016 0.000572213 0.389296 -0.249748 -0.00167288 -0.194362 0.0169757 0.000190738 0.394255 -0.250558 -2.78198e-05
22 -0.00743866 0.00171661 -0.145914 1.19705 -1.26783 -0.634966 -0.134089 -1.26762 -1.32773 0.642596 -0.19894 -0.0185016 0.000572213 0.389296 -0.249748 -0.00167288 -0.194362 0.0169757 0.000190738 0.394255 -0.250558 -2.78198e-05
22 -0.00743866 0.00171661 -0.145914 1.19285 -1.26783 -0.634966 -0.134089 -1.26304 -1.32734 0.642596 -0.19894 -0.0185016 0.000572213 0.389296 -0.249748 -0.00167288 -0.194362 0.0169757 0.000190738 0.394255 -0.250558 -2.78198e-05
22 -0.00743866 0.00171661 -0.145914 1.18904 -1.26783 -0.634966 -0.134089 -1.25808 -1.32773 0.642596 -0.19894 -0.0185016 0.000572213 0.389296 -0.249748 -0.00167288 -0.194362 0.0169757 0.000190738 0.394255 -0.250558 -2.78198e-05
22 -0.00782013 0.00209808 -0.145914 1.18522 -1.26783 -0.634966 -0.134089 -1.25312 -1.32773 0.642596 -0.19894 -0.0185016 0.000572213 0.389296 -0.249748 -0.00167288 -0.194362 0.0169757 0.000190738 0.394255 -0.250558 -2.78198e-05
22 -0.00743866 0.00171661 -0.145914 1.18102 -1.26783 -0.634966 -0.134089 -1.24893 -1.32734 0.642596 -0.19894 -0.0185016 0.000572213 0.389296 -0.249748 -0.00167288 -0.194362 0.0169757 0.000190738 0.394255 -0.250558 -2.78198e-05
22 -0.00743866 0.00171661 -0.145914 1.17721 -1.26783 -0.634966 -0.134089 -1.24435 -1.32734 0.642596 -0.19894 -0.0185016 0.000572213 0.389296 -0.249748 -0.00167288 -0.194362 0.0169757 0.000190738 0.394255 -0.250558 -2.78198e-05
22 -0.00743866 0.00171661 -0.145533 1.17301 -1.26783 -0.634966 -0.134089 -1.23939 -1.32734 0.642596 -0.19894 -0.0185016 0.000572213 0.389296 -0.249748 -0.00167288 -0.194362 0.0169757 0.000190738 0.394255 -0.250558 -2.78198e-05
22 -0.00743866 0.00209808 -0.145533 1.16844 -1.26783 -0.634966 -0.134089 -1.23443 -1.32734 0.642596 -0.19894 -0.0185016 0.000572213 0.389296 -0.249748 -0.00167288 -0.194362 0.0169757 0.000190738 0.394255 -0.250558 -2.78198e-05
22 -0.00743866 0.00171661 -0.145533 1.165 -1.26783 -0.634966 -0.134089 -1.22985 -1.32734 0.642596 -0.19894 -0.0185016 0.000572213 0.389296 -0.249748 -0.00167288 -0.194362 0.0169757 0.000190738 0.394255 -0.250558 -2.78198e-05
22 -0.00743866 0.00171661 -0.145533 1.16043 -1.26783 -0.634966 -0.134089 -1.22528 -1.32734 0.642596 -0.19894 -0.0185016 0.000572213 0.389296 -0.249748 -0.00167288 -0.194362 0.0169757 0.000190738 0.394255 -0.250558 -2.78198e-05
22 -0.00743866 0.00171661 -0.145533 1.15623 -1.26783 -0.634966 -0.13447 -1.22032 -1.32734 0.642596 -0.19894 -0.0185016 0.000572213 0.389296 -0.249748 -0.00167288 -0.194362 0.0169757 0.000190738 0.394255 -0.250558 -2.78198e-05
22 -0.00743866 0.00171661 -0.145533 1.15241 -1.26783 -0.634966 -0.13447 -1.21536 -1.32734 0.642596 -0.19894 -0.0185016 0.000572213 0.389296 -0.249748 -0.00167288 -0.194362 0.0169757 0.000190738 0.394255 -0.250558 -2.78198e-05
22 -0.00743866 0.00171661 -0.145533 1.14784 -1.26783 -0.634966 -0.13447 -1.21002 -1.32734 0.642596 -0.19894 -0.0185016 0.000572213 0.389296 -0.249748 -0.00167288 -0.194362 0.0169757 0.000190738 0.394255 -0.250558 -2.78198e-05
22 -0.00743866 0.00171661 -0.145151 1.14364 -1.26783 -0.634966 -0.13447 -1.20582 -1.32734 0.642596 -0.19894 -0.0185016 0.000572213 0.389296 -0.249748 -0.00167288 -0.194362 0.0169757 0.000190738 0.394255 -0.250558 -2.78198e-05
22 -0.00743866 0.00171661 -0.145151 1.13983 -1.26783 -0.634966 -0.13447 -1.20086 -1.32734 0.642596 -0.19894 -0.0185016 0.000572213 0.389296 -0.249748 -0.00167288 -0.194362 0.0169757 0.000190738 0.394255 -0.250558 -2.78198e-05
22 -0.00743866 0.00171661 -0.145151 1.13525 -1.26783 -0.634966 -0.13447 -1.1959 -1.32734 0.642596 -0.19894 -0.0185016 0.000572213 0.389296 -0.249748 -0.00167288 -0.194362 0.0169757 0.000190738 0.394255 -0.250558 -2.78198e-05
22 -0.00743866 0.00171661 -0.145151 1.13067 -1.26783 -0.634966 -0.13447 -1.19056 -1.32734 0.642596 -0.19894 -0.0185016 0.000572213 0.389296 -0.249748 -0.00167288 -0.194362 0.0169757 0.000190738 0.394255 -0.250558 -2.78198e-05
22 -0.00782013 0.00171661 -0.145151 1.12686 -1.26783 -0.634966 -0.13447 -1.18598 -1.32734 0.642596 -0.19894 -0.0185016 0.000572213 0.389296 -0.249748 -0.00167288 -0.194362 0.0169757 0.000190738 0.394255 -0.250558 -2.78198e-05
22 -0.00743866 0.00171661 -0.145151 1.12228 -1.26783 -0.634966 -0.13447 -1.18179 -1.32734 0.642596 -0.19894 -0.0185016 0.000572213 0.389296 -0.249748 -0.00167288 -0.194362 0.0169757 0.000190738 0.394255 -0.250558 -2.78198e-05
22 -0.00743866 0.00171661 -0.14477 1.11808 -1.26783 -0.634966 -0.13447 -1.17645 -1.32734 0.642596 -0.19894 -0.0185016 0.000572213 0.389296 -0.249748 -0.00167288 -0.194362 0.0169757 0.000190738 0.394255 -0.250558 -2.78198e-05
22 -0.00743866 0.00171661 -0.14477 1.11427 -1.26783 -0.634966 -0.13447 -1.17149 -1.32734 0.642977 -0.19894 -0.0185016 0.000572213 0.389296 -0.249748 -0.00167288 -0.194362 0.0169757 0.000190738 0.394255 -0.250558 -2.78198e-05
22 -0.00743866 0.00171661 -0.14477 1.10969 -1.26783 -0.634966 -0.13447 -1.16615 -1.32734 0.642977 -0.19894 -0.0185016 0.000572213 0.389296 -0.249748 -0.00167288 -0.194362 0.0169757 0.000190738 0.394255 -0.250558 -2.78198e-05
22 -0.00743866 0.00171661 -0.14477 1.10549 -1.26783 -0.634966 -0.13447 -1.16157 -1.32734 0.642977 -0.19894 -0.0185016 0.000572213 0.389296 -0.249748 -0.00167288 -0.194362 0.0169757 0.000190738 0.394255 -0.250558 -2.78198e-05
22 -0.00743866 0.00171661 -0.14477 1.1013 -1.26783 -0.634966 -0.13447 -1.15699 -1.32734 0.642977 -0.19894 -0.0185016 0.000572213 0.389296 -0.249748 -0.00167288 -0.194362 0.0169757 0.000190738 0.394255 -0.250558 -2.78198e-05
22 -0.00743866 0.00171661 -0.144388 1.0971 -1.26783 -0.634966 -0.13447 -1.15203 -1.32734 0.642977 -0.19894 -0.0185016 0.000572213 0.389296 -0.249748 -0.00167288 -0.194362 0.0169757 0.000190738 0.394255 -0.250558 -2.78198e-05
22 -0.00743866 0.00171661 -0.144388 1.0929 -1.26783 -0.634966 -0.13447 -1.14669 -1.32734 0.642977 -0.19894 -0.0185016 0.000572213 0.389296 -0.249748 -0.00167288 -0.194362 0.0169757 0.000190738 0.394255 -0.250558 -2.78198e-05
22 -0.00743866 0.00171661 -0.144388 1.08833 -1.26783 -0.634966 -0.13447 -1.1425 -1.32734 0.642977 -0.19894 -0.0185016 0.000572213 0.389296 -0.249748 -0.00167288 -0.194362 0.0169757 0.000190738 0.394255 -0.250558 -2.78198e-05
22 -0.00743866 0.00171661 -0.144388 1.08413 -1.26783 -0.634966 -0.13447 -1.13792 -1.32734 0.642977 -0.19894 -0.0185016 0.000572213 0.389296 -0.249748 -0.00167288 -0.194362 0.0169757 0.000190738 0.394255 -0.250558 -2.78198e-05
22 -0.00743866 0.00171661 -0.144388 1.07993 -1.26783 -0.634585 -0.13447 -1.13296 -1.32734 0.642977 -0.19894 -0.0185016 0.000572213 0.389296 -0.249748 -0.00167288 -0.194362 0.0169757 0.000190738 0.394255 -0.250356 0.000397514
22 -0.00743866 0.00171661 -0.144388 1.07574 -1.26783 -0.634585 -0.13447 -1.128 -1.32734 0.642977 -0.19894 -0.0185016 0.000572213 0.389296 -0.249748 -0.00167288 -0.194362 0.0169757 0.000190738 0.394255 -0.250355 0.000397654
22 -0.00743866 0.00171661 -0.144388 1.07154 -1.26783 -0.634585 -0.13447 -1.12304 -1.32734 0.642977 -0.19894 -0.0185016 0.000572213 0.389296 -0.249748 -0.00167288 -0.194362 0.0169757 0.000190738 0.394255 -0.250355 0.000397654
22 -0.00743866 0.00171661 -0.144007 1.06735 -1.26783 -0.634585 -0.134852 -1.11884 -1.32734 0.642977 -0.19894 -0.0185016 0.000572213 0.389296 -0.249748 -0.00167288 -0.194362 0.0169757 0.000190738 0.394255 -0.250355 0.000397654
22 -0.00743866 0.00171661 -0.144007 1.06315 -1.26783 -0.634585 -0.134852 -1.11389 -1.32734 0.642977 -0.19894 -0.0185016 0.000572213 0.389296 -0.249748 -0.00167288 -0.194362 0.0169757 0.000190738 0.394255 -0.250355 0.000397654
22 -0.00743866 0.00171661 -0.144007 1.05895 -1.26783 -0.634585 -0.134852 -1.10931 -1.32734 0.642977 -0.19894 -0.0185016 0.000572213 0.389296 -0.249748 -0.00167288 -0.194362 0.0169757 0.000190738 0.394255 -0.250355 0.000397654
22 -0.00743866 0.00171661 -0.144007 1.05514 -1.26783 -0.634585 -0.134852 -1.10435 -1.32734 0.642977 -0.19894 -0.0185016 0.000572213 0.389296 -0.249748 -0.00167288 -0.194362 0.0169757 0.000190738 0.394255 -0.250355 0.000397654
22 -0.00743866 0.00171661 -0.144007 1.05094 -1.26783 -0.634585 -0.134852 -1.10015 -1.32734 0.642977 -0.19894 -0.0185016 0.000572213 0.389296 -0.249748 -0.00167288 -0.194362 0.0169757 0.000190738 0.394255 -0.250355 0.000397654
22 -0.00743866 0.00171661 -0.144007 1.04675 -1.26783 -0.634585 -0.134852 -1.09557 -1.32734 0.642977 -0.19894 -0.0185016 0.000572213 0.389296 -0.249748 -0.00167288 -0.194362 0.0169757 0.000190738 0.394255 -0.250355 0.000397654
22 -0.00743866 0.00171661 -0.144007 1.04293 -1.26783 -0.634585 -0.134852 -1.09062 -1.32734 0.642977 -0.19894 -0.0185016 0.000572213 0.389296 -0.249748 -0.00167288 -0.194362 0.0169757 0.000190738 0.394255 -0.250355 0.000397654
22 -0.00743866 0.00171661 -0.144007 1.03873 -1.26783 -0.634585 -0.134852 -1.08604 -1.32734 0.642977 -0.19894 -0.0185016 0.000572213 0.389296 -0.249748 -0.00167288 -0.194362 0.0169757 0.000190738 0.394255 -0.250355 0.000397654
22 -0.00743866 0.00171661 -0.144007 1.03492 -1.26783 -0.634585 -0.134852 -1.08222 -1.32734 0.642977 -0.19894 -0.0185016 0.000572213 0.389296 -0.249748 -0.00167288 -0.194362 0.0169757 0.000190738 0.394255 -0.250355 0.000397654
22 -0.00743866 0.00171661 -0.144007 1.03072 -1.26783 -0.634585 -0.134852 -1.07726 -1.32734 0.642977 -0.19894 -0.0185016 0.000572213 0.389296 -0.249748 -0.00167288 -0.194362 0.0169757 0.000190738 0.394255 -0.250355 0.000397654
22 -0.00743866 0.00171661 -0.144007 1.02691 -1.26783 -0.634585 -0.134852 -1.07269 -1.32734 0.642977 -0.19894 -0.0185016 0.000572213 0.389296 -0.249748 -0.00167288 -0.194362 0.0169757 0.000190738 0.394255 -0.250355 0.000397654
22 -0.00743866 0.00171661 -0.144007 1.02309 -1.26783 -0.634585 -0.134852 -1.06887 -1.32734 0.642977 -0.19894 -0.0185016 0.000572213 0.389296 -0.249748 -0.00167288 -0.194362 0.0169757 0.000190738 0.394255 -0.250355 0.000397654
22 -0.00743866 0.00171661 -0.144007 1.0189 -1.26783 -0.634585 -0.134852 -1.06429 -1.32734 0.642977 -0.19894 -0.0185016 0.000572213 0.389296 -0.249748 -0.00167288 -0.194362 0.0169757 0.000190738 0.394255 -0.250355 0.000397654
22 -0.00743866 0.00171661 -0.144007 1.01546 -1.26783 -0.634585 -0.134852 -1.05972 -1.32734 0.642977 -0.19894 -0.0185016 0.000572213 0.389296 -0.249748 -0.00167288 -0.194362 0.0169757 0.000190738 0.394255 -0.250355 0.000397654
22 -0.00743866 0.00171661 -0.144007 1.01165 -1.26783 -0.634585 -0.134852 -1.05628 -1.32734 0.642977 -0.19894 -0.0185016 0.000572213 0.389296 -0.249748 -0.00167288 -0.194362 0.0169757 0.000190738 0.394255 -0.250355 0.000397654
22 -0.00743866 0.00171661 -0.144007 1.00783 -1.26783 -0.634585 -0.134852 -1.0517 -1.32734 0.642977 -0.19894 -0.0185016 0.000572213 0.389296 -0.249748 -0.00167288 -0.194362 0.0169757 0.000190738 0.394255 -0.250355 0.000397654
22 -0.00743866 0.00171661 -0.144007 1.00402 -1.26783 -0.634585 -0.134852 -1.04713 -1.32734 0.642977 -0.19894 -0.0185016 0.000572213 0.389296 -0.249748 -0.00167288 -0.194362 0.0169757 0.000190738 0.394255 -0.250355 0.000397654
22 -0.00743866 0.00171661 -0.144007 0.999824 -1.26783 -0.634585 -0.134852 -1.04331 -1.32734 0.642977 -0.19894 -0.0185016 0.000572213 0.389296 -0.249748 -0.00167288 -0.194362 0.0169757 0.000190738 0.394255 -0.250355 0.000397654
22 -0.00743866 0.00171661 -0.144007 0.996772 -1.26783 -0.634585 -0.134852 -1.03912 -1.32734 0.642977 -0.19894 -0.0185016 0.000572213 0.389296 -0.249748 -0.00167288 -0.194362 0.0169757 0.000190738 0.394255 -0.250355 0.000397654
22 -0.00743866 0.00171661 -0.144388 0.992957 -1.26783 -0.634585 -0.134852 -1.03492 -1.32734 0.642977 -0.19894 -0.0185016 0.000572213 0.389296 -0.249748 -0.00167288 -0.194362 0.0169757 0.000190738 0.394255 -0.250355 0.000397654
22 -0.00743866 0.00171661 -0.144388 0.989524 -1.26783 -0.634585 -0.134852 -1.0311 -1.32734 0.642977 -0.19894 -0.0185016 0.000572213 0.389296 -0.249748 -0.00167288 -0.194362 0.0169757 0.000190738 0.394255 -0.250355 0.000397654
22 -0.00743866 0.00171661 -0.144388 0.986091 -1.26783 -0.634585 -0.134852 -1.02729 -1.32734 0.642977 -0.19894 -0.0185016 0.000572213 0.389296 -0.249748 -0.00167288 -0.194362 0.0169757 0.000190738 0.394255 -0.250558 -2.79599e-05
22 -0.00743866 0.00171661 -0.144388 0.982657 -1.26783 -0.634966 -0.134852 -1.02271 -1.32734 0.642977 -0.19894 -0.0185016 0.000572213 0.389296 -0.249748 -0.00167288 -0.194362 0.0169757 0.000190738 0.394255 -0.250558 -2.78198e-05
22 -0.00743866 0.00171661 -0.144388 0.978843 -1.26783 -0.634966 -0.134852 -1.02004 -1.32734 0.643359 -0.19894 -0.0185016 0.000572213 0.389296 -0.249748 -0.00167288 -0.194362 0.0169757 0.000190738 0.394255 -0.250558 -2.78198e-05
22 -0.00743866 0.00171661 -0.144388 0.975409 -1.26783 -0.634585 -0.134852 -1.01546 -1.32734 0.643359 -0.19894 -0.0185016 0.000572213 0.389296 -0.249748 -0.00167288 -0.194362 0.0169757 0.000190738 0.394255 -0.250558 -2.78198e-05
22 -0.00743866 0.00171661 -0.144388 0.972358 -1.26783 -0.634585 -0.134852 -1.01203 -1.32734 0.643359 -0.19894 -0.0185016 0.000572213 0.389296 -0.249748 -0.00167288 -0.194362 0.0169757 0.000190738 0.394255 -0.250558 -2.78198e-05
22 -0.00743866 0.00171661 -0.144388 0.968924 -1.26783 -0.634585 -0.134852 -1.0086 -1.32734 0.643359 -0.19894 -0.0185016 0.000572213 0.389296 -0.249748 -0.00167288 -0.194362 0.0169757 0.000190738 0.394255 -0.250356 0.000397514
22 -0.00743866 0.00171661 -0.144388 0.966254 -1.26783 -0.634585 -0.134852 -1.00516 -1.32734 0.64374 -0.19894 -0.0185016 0.000572213 0.389296 -0.249748 -0.00167288 -0.194362 0.0169757 0.000190738 0.394255 -0.250355 0.000397654
22 -0.00743866 0.00171661 -0.144388 0.962821 -1.26783 -0.634585 -0.134852 -1.00173 -1.32734 0.64374 -0.19894 -0.0185016 0.000572213 0.389296 -0.249748 -0.00167288 -0.194362 0.0169757 0.000190738 0.394255 -0.250355 0.000397654
22 -0.00743866 0.00171661 -0.144388 0.959769 -1.26783 -0.634585 -0.134852 -0.997916 -1.32734 0.64374 -0.19894 -0.0185016 0.000572213 0.389296 -0.249748 -0.00167288 -0.194362 0.0169757 0.000190738 0.394255 -0.250355 0.000397654
22 -0.00743866 0.00171661 -0.144388 0.956717 -1.26783 -0.634585 -0.134852 -0.995246 -1.32734 0.64374 -0.19894 -0.0185016 0.000572213 0.389296 -0.249748 -0.00167288 -0.194362 0.0169757 0.000190738 0.394255 -0.250355 0.000397654
22 -0.00743866 0.00171661 -0.144388 0.954047 -1.26783 -0.634585 -0.134852 -0.991431 -1.32734 0.64374 -0.19894 -0.0185016 0.000572213 0.389296 -0.249748 -0.00167288 -0.194362 0.0169757 0.000190738 0.394255 -0.250355 0.000397654
22 -0.00743866 0.00209808 -0.144388 0.950995 -1.26783 -0.634585 -0.134852 -0.988761 -1.32734 0.64374 -0.19894 -0.0185016 0.000572213 0.389296 -0.249748 -0.00167288 -0.194362 0.0169757 0.000190738 0.394255 -0.250355 0.000397654
22 -0.00743866 0.00171661 -0.144388 0.948325 -1.26783 -0.634585 -0.134852 -0.984946 -1.32734 0.64374 -0.19894 -0.0185016 0.000572213 0.389296 -0.249748 -0.00167288 -0.194362 0.0169757 0.000190738 0.394255 -0.250355 0.000397654
22 -0.00743866 0.00171661 -0.144388 0.946036 -1.26783 -0.634585 -0.134852 -0.982657 -1.32734 0.64374 -0.19894 -0.0185016 0.000572213 0.389296 -0.249748 -0.00167288 -0.194362 0.0169757 0.000190738 0.394255 -0.250355 0.000397654
22 -0.00743866 0.00171661 -0.144388 0.942984 -1.26783 -0.634585 -0.134852 -0.978843 -1.32734 0.64374 -0.19894 -0.0185016 0.000572213 0.389296 -0.249748 -0.00167288 -0.194362 0.0169757 0.000190738 0.394255 -0.250355 0.000397654
22 -0.00743866 0.00171661 -0.144388 0.940695 -1.26783 -0.634585 -0.134852 -0.976554 -1.32734 0.64374 -0.19894 -0.0185016 0.000572213 0.389296 -0.249748 -0.00167288 -0.194362 0.0169757 0.000190738 0.394255 -0.250355 0.000397654
22 -0.00743866 0.00171661 -0.144388 0.938025 -1.26783 -0.634585 -0.134852 -0.973121 -1.32734 0.64374 -0.19894 -0.0185016 0.000572213 0.389296 -0.249748 -0.00167288 -0.194362 0.0169757 0.000190738 0.394255 -0.250355 0.000397654
22 -0.00743866 0.00171661 -0.144388 0.935736 -1.26783 -0.634585 -0.134852 -0.970832 -1.32734 0.64374 -0.19894 -0.0185016 0.000572213 0.389296 -0.249748 -0.00167288 -0.194362 0.0169757 0.000190738 0.394255 -0.250355 0.000397654
22 -0.00743866 0.00171661 -0.144388 0.933829 -1.26783 -0.634585 -0.134852 -0.968161 -1.32734 0.64374 -0.19894 -0.0185016 0.000572213 0.389296 -0.249748 -0.00167288 -0.194362 0.0169757 0.000190738 0.394255 -0.250355 0.000397654
22 -0.00743866 0.00171661 -0.144388 0.931158 -1.26783 -0.634585 -0.134852 -0.965491 -1.32734 0.64374 -0.19894 -0.0185016 0.000572213 0.389296 -0.249748 -0.00167288 -0.194362 0.0169757 0.000190738 0.394255 -0.250355 0.000397654
22 -0.00743866 0.00171661 -0.144388 0.928869 -1.26783 -0.634585 -0.134852 -0.963202 -1.32734 0.64374 -0.19894 -0.0185016 0.000572213 0.389296 -0.249748 -0.00167288 -0.194362 0.0169757 0.000190738 0.394255 -0.250355 0.000397654
22 -0.00743866 0.00171661 -0.144388 0.926962 -1.26783 -0.634585 -0.134852 -0.96015 -1.32734 0.64374 -0.19894 -0.0185016 0.000572213 0.389296 -0.249748 -0.00167288 -0.194362 0.0169757 0.000190738 0.394255 -0.250355 0.000397654
22 -0.00743866 0.00171661 -0.144388 0.924673 -1.26783 -0.634585 -0.134852 -0.958243 -1.32734 0.64374 -0.19894 -0.0185016 0.000572213 0.389296 -0.249748 -0.00167288 -0.194362 0.0169757 0.000190738 0.394255 -0.250355 0.000397654
22 -0.00743866 0.00171661 -0.144388 0.922766 -1.26783 -0.634585 -0.134852 -0.956336 -1.32734 0.64374 -0.19894 -0.0185016 0.000572213 0.389296 -0.249748 -0.00167288 -0.194362 0.0169757 0.000190738 0.394255 -0.250355 0.000397654
22 -0.00743866 0.00171661 -0.144388 0.920858 -1.26783 -0.634585 -0.134852 -0.953665 -1.32734 0.64374 -0.19894 -0.0185016 0.000572213 0.389296 -0.249748 -0.00167288 -0.194362 0.0169757 0.000190738 0.394255 -0.250355 0.000397654
22 -0.00743866 0.00171661 -0.144388 0.918951 -1.26783 -0.634585 -0.134852 -0.952139 -1.32734 0.64374 -0.19894 -0.0185016 0.000572213 0.389296 -0.249748 -0.00167288 -0.194362 0.0169757 0.000190738 0.394255 -0.250355 0.000397654
22 -0.00743866 0.00171661 -0.144388 0.917044 -1.26783 -0.634585 -0.134852 -0.949851 -1.32734 0.64374 -0.19894 -0.0185016 0.000572213 0.389296 -0.249748 -0.00167288 -0.194362 0.0169757 0.000190738 0.394255 -0.250355 0.000397654
22 -0.00743866 0.00171661 -0.144388 0.915518 -1.26783 -0.634585 -0.134852 -0.947562 -1.32734 0.64374 -0.19894 -0.0185016 0.000572213 0.389296 -0.249748 -0.00167288 -0.194362 0.0169757 0.000190738 0.394255 -0.250355 0.000397654
22 -0.00743866 0.00171661 -0.144388 0.91361 -1.26783 -0.634585 -0.134852 -0.946036 -1.32734 0.64374 -0.19894 -0.0185016 0.000572213 0.389296 -0.249748 -0.00167288 -0.194362 0.0169757 0.000190738 0.394255 -0.250355 0.000397654
22 -0.00743866 0.00171661 -0.144388 0.912084 -1.26783 -0.634585 -0.134852 -0.94451 -1.32734 0.64374 -0.19894 -0.0185016 0.000572213 0.389296 -0.249748 -0.00167288 -0.194362 0.0169757 0.000190738 0.394255 -0.250355 0.000397654
22 -0.00743866 0.00171661 -0.144388 0.910177 -1.26783 -0.634585 -0.134852 -0.942603 -1.32734 0.64374 -0.19894 -0.0185016 0.000572213 0.389296 -0.249748 -0.00167288 -0.194362 0.0169757 0.000190738 0.394255 -0.250355 0.000397654
22 -0.00743866 0.00171661 -0.144388 0.909033 -1.26783 -0.634585 -0.134852 -0.941077 -1.32734 0.64374 -0.19894 -0.0185016 0.000572213 0.389296 -0.249748 -0.00167288 -0.194362 0.0169757 0.000190738 0.394255 -0.250355 0.000397654
22 -0.00743866 0.00171661 -0.144388 0.907125 -1.26783 -0.634585 -0.134852 -0.939932 -1.32734 0.64374 -0.19894 -0.0185016 0.000572213 0.389296 -0.249748 -0.00167288 -0.194362 0.0169757 0.000190738 0.394255 -0.250355 0.000397654
22 -0.00743866 0.00171661 -0.144388 0.905981 -1.26783 -0.634585 -0.134852 -0.938406 -1.32734 0.64374 -0.19894 -0.0185016 0.000572213 0.389296 -0.249748 -0.00167288 -0.194362 0.0169757 0.000190738 0.394255 -0.250355 0.000397654
22 -0.00743866 0.00171661 -0.144388 0.904836 -1.26783 -0.634585 -0.134852 -0.93688 -1.32734 0.64374 -0.19894 -0.0185016 0.000572213 0.389296 -0.249748 -0.00167288 -0.194362 0.0169757 0.000190738 0.394255 -0.250355 0.000397654
22 -0.00743866 0.00171661 -0.144388 0.903692 -1.26783 -0.634585 -0.134852 -0.935354 -1.32734 0.64374 -0.19894 -0.0185016 0.000572213 0.389296 -0.249748 -0.00167288 -0.194362 0.0169757 0.000190738 0.394255 -0.250355 0.000397654
22 -0.00743866 0.00171661 -0.144388 0.902548 -1.26783 -0.634585 -0.134852 -0.934592 -1.32734 0.64374 -0.19894 -0.0185016 0.000572213 0.389296 -0.249748 -0.00167288 -0.194362 0.0169757 0.000190738 0.394255 -0.250355 0.000397654
22 -0.00743866 0.00171661 -0.144388 0.901022 -1.26783 -0.634585 -0.134852 -0.933829 -1.32734 0.64374 -0.19894 -0.0185016 0.000572213 0.389296 -0.249748 -0.00167288 -0.194362 0.0169757 0.000190738 0.394255 -0.250355 0.000397654
22 -0.00782013 0.00171661 -0.144388 0.899877 -1.26783 -0.634585 -0.134852 -0.933066 -1.32734 0.64374 -0.19894 -0.0185016 0.000572213 0.389296 -0.249748 -0.00167288 -0.194362 0.0169757 0.000190738 0.394255 -0.250355 0.000397654
22 -0.00743866 0.00171661 -0.144388 0.899114 -1.26745 -0.634203 -0.134852 -0.932303 -1.32734 0.64374 -0.19894 -0.0185016 0.000572213 0.389296 -0.249748 -0.00167288 -0.194362 0.0169757 0.000190738 0.394255 -0.250355 0.000397654
22 -0.00743866 0.00171661 -0.144388 0.898351 -1.26745 -0.634203 -0.134852 -0.93154 -1.32734 0.64374 -0.19894 -0.0185016 0.000572213 0.389296 -0.249748 -0.00167288 -0.194362 0.0169757 0.000190738 0.394255 -0.250355 0.000397654
22 -0.00743866 0.00171661 -0.144388 0.897207 -1.26745 -0.634203 -0.134852 -0.930395 -1.32734 0.64374 -0.19894 -0.0185016 0.000572213 0.389296 -0.249748 -0.00167288 -0.194362 0.0169757 0.000190738 0.394255 -0.250355 0.000397654
22 -0.00743866 0.00171661 -0.144388 0.896444 -1.26745 -0.634203 -0.134852 -0.929632 -1.32734 0.64374 -0.19894 -0.0185016 0.000572213 0.389296 -0.249748 -0.00167288 -0.194362 0.0169757 0.000190738 0.394255 -0.250355 0.000397654
22 -0.00743866 0.00171661 -0.144388 0.895681 -1.26745 -0.633822 -0.134852 -0.929251 -1.32734 0.64374 -0.19894 -0.0185016 0.000572213 0.389296 -0.249748 -0.00167288 -0.194362 0.0169757 0.000190738 0.394255 -0.250355 0.000397654
22 -0.00743866 0.00171661 -0.144388 0.894918 -1.26745 -0.633822 -0.134852 -0.928869 -1.32734 0.64374 -0.19894 -0.0185016 0.000572213 0.389296 -0.249748 -0.00167288 -0.194362 0.0169757 0.000190738 0.394255 -0.250355 0.000397654
22 -0.00743866 0.00171661 -0.144388 0.894155 -1.26745 -0.633822 -0.134852 -0.928488 -1.32734 0.64374 -0.19894 -0.0185016 0.000572213 0.389296 -0.249748 -0.00167288 -0.194362 0.0169757 0.000190738 0.394255 -0.250355 0.000397654
22 -0.00743866 0.00209808 -0.144388 0.893774 -1.26745 -0.633822 -0.134852 -0.928488 -1.32734 0.64374 -0.19894 -0.0185016 0.000572213 0.389296 -0.249748 -0.00167288 -0.194362 0.0169757 0.000190738 0.394255 -0.250355 0.000397654
22 -0.00743866 0.00171661 -0.144388 0.893392 -1.26745 -0.63344 -0.134852 -0.928488 -1.32734 0.64374 -0.19894 -0.0185016 0.000572213 0.389296 -0.249748 -0.00167288 -0.194362 0.0169757 0.000190738 0.394255 -0.250355 0.000397654
22 -0.00743866 0.00171661 -0.144388 0.893011 -1.26745 -0.63344 -0.134852 -0.928488 -1.32734 0.64374 -0.19894 -0.0185016 0.000572213 0.389296 -0.249748 -0.00167288 -0.194362 0.0169757 0.000190738 0.394255 -0.250355 0.000397654
22 -0.00743866 0.00209808 -0.144388 0.892629 -1.26745 -0.63344 -0.134852 -0.928488 -1.32734 0.64374 -0.19894 -0.0185016 0.000572213 0.389296 -0.249748 -0.00167288 -0.194362 0.0169757 0.000190738 0.394255 -0.250355 0.000397654
22 -0.00743866 0.00171661 -0.144388 0.892629 -1.26745 -0.63344 -0.134852 -0.928488 -1.32734 0.64374 -0.19894 -0.0185016 0.000572213 0.389296 -0.249748 -0.00167288 -0.194362 0.0169757 0.000190738 0.394255 -0.250355 0.000397654
22 -0.00743866 0.00171661 -0.144388 0.892629 -1.26707 -0.633059 -0.134852 -0.928488 -1.32734 0.64374 -0.19894 -0.0185016 0.000572213 0.389296 -0.249748 -0.00167288 -0.194362 0.0169757 0.000190738 0.394255 -0.250355 0.000397654
22 -0.00743866 0.00171661 -0.144388 0.892629 -1.26707 -0.633059 -0.134852 -0.928869 -1.32734 0.64374 -0.19894 -0.0185016 0.000572213 0.389296 -0.249748 -0.00167288 -0.194362 0.0169757 0.000190738 0.394255 -0.250355 0.000397654
22 -0.00743866 0.00171661 -0.144388 0.892629 -1.26707 -0.633059 -0.134852 -0.928869 -1.32734 0.64374 -0.19894 -0.0185016 0.000572213 0.389296 -0.249748 -0.00167288 -0.194362 0.0169757 0.000190738 0.394255 -0.250355 0.000397654
22 -0.00743866 0.00171661 -0.144388 0.892629 -1.26707 -0.632677 -0.134852 -0.929251 -1.32734 0.64374 -0.19894 -0.0185016 0.000572213 0.389296 -0.249748 -0.00167288 -0.194362 0.0169757 0.000190738 0.394255 -0.250355 0.000397654
22 -0.00743866 0.00171661 -0.144388 0.892629 -1.26707 -0.632677 -0.134852 -0.929632 -1.32734 0.64374 -0.19894 -0.0185016 0.000572213 0.389296 -0.249748 -0.00167288 -0.194362 0.0169757 0.000190738 0.394255 -0.250355 0.000397654
22 -0.00743866 0.00171661 -0.144388 0.892629 -1.26707 -0.632677 -0.134852 -0.930395 -1.32734 0.64374 -0.19894 -0.0185016 0.000572213 0.389296 -0.249748 -0.00167288 -0.194362 0.0169757 0.000190738 0.394255 -0.250355 0.000397654
22 -0.00743866 0.00171661 -0.144388 0.892629 -1.26707 -0.632677 -0.134852 -0.931158 -1.32734 0.64374 -0.19894 -0.0185016 0.000572213 0.389296 -0.249748 -0.00167288 -0.194362 0.0169757 0.000190738 0.394255 -0.250355 0.000397654
22 -0.00743866 0.00171661 -0.144388 0.893011 -1.26707 -0.632677 -0.134852 -0.931921 -1.32734 0.64374 -0.19894 -0.0185016 0.000572213 0.389296 -0.249748 -0.00167288 -0.194362 0.0169757 0.000190738 0.394255 -0.250355 0.000397654
22 -0.00743866 0.00171661 -0.144388 0.893392 -1.26707 -0.632677 -0.134852 -0.932684 -1.32734 0.64374 -0.19894 -0.0185016 0.000572213 0.389296 -0.249748 -0.00167288 -0.194362 0.0169757 0.000190738 0.394255 -0.250355 0.000397654
22 -0.00743866 0.00209808 -0.144388 0.893392 -1.26707 -0.632677 -0.134852 -0.933066 -1.32734 0.64374 -0.19894 -0.0185016 0.000572213 0.389296 -0.249748 -0.00167288 -0.194362 0.0169757 0.000190738 0.394255 -0.250355 0.000397654
22 -0.00743866 0.00171661 -0.144388 0.894155 -1.26707 -0.632677 -0.134852 -0.933829 -1.32734 0.64374 -0.19894 -0.0185016 0.000572213 0.389296 -0.249748 -0.00167288 -0.194362 0.0169757 0.000190738 0.394255 -0.250355 0.000397654
22 -0.00743866 0.00171661 -0.144388 0.894537 -1.26707 -0.632677 -0.134852 -0.934592 -1.32734 0.64374 -0.19894 -0.0185016 0.000572213 0.389296 -0.249748 -0.00167288 -0.194362 0.0169757 0.000190738 0.394255 -0.250355 0.000397654
22 -0.00743866 0.00171661 -0.144388 0.8953 -1.26745 -0.632677 -0.134852 -0.935354 -1.32734 0.64374 -0.19894 -0.0185016 0.000572213 0.389296 -0.249748 -0.00167288 -0.194362 0.0169757 0.000190738 0.394255 -0.250355 0.000397654
22 -0.00743866 0.00171661 -0.144388 0.896062 -1.26745 -0.632677 -0.134852 -0.936117 -1.32734 0.64374 -0.19894 -0.0185016 0.000572213 0.389296 -0.249748 -0.00167288 -0.194362 0.0169757 0.000190738 0.394255 -0.250355 0.000397654
22 -0.00743866 0.00171661 -0.144388 0.896825 -1.26745 -0.632677 -0.134852 -0.938025 -1.32734 0.64374 -0.19894 -0.0185016 0.000572213 0.389296 -0.249748 -0.00167288 -0.194362 0.0169757 0.000190738 0.394255 -0.250355 0.000397654
22 -0.00743866 0.00171661 -0.144388 0.897207 -1.26745 -0.632677 -0.134852 -0.939169 -1.32734 0.64374 -0.19894 -0.0185016 0.000572213 0.389296 -0.249748 -0.00167288 -0.194362 0.0169757 0.000190738 0.394255 -0.250355 0.000397654
22 -0.00743866 0.00171661 -0.144388 0.89797 -1.26745 -0.632677 -0.134852 -0.940314 -1.32734 0.64374 -0.19894 -0.0185016 0.000572213 0.389296 -0.249748 -0.00167288 -0.194362 0.0169757 0.000190738 0.394255 -0.250153 0.000822789
22 -0.00743866 0.00171661 -0.144388 0.898733 -1.26707 -0.632677 -0.134852 -0.941458 -1.32734 0.64374 -0.19894 -0.0185016 0.000572213 0.389296 -0.249748 -0.00167288 -0.194362 0.0169757 0.000190738 0.394255 -0.250153 0.000822928
22 -0.00743866 0.00171661 -0.144388 0.899496 -1.26707 -0.632677 -0.134852 -0.943365 -1.32734 0.64374 -0.19894 -0.0185016 0.000572213 0.389296 -0.249748 -0.00167288 -0.194362 0.0169757 0.000190738 0.394255 -0.250153 0.000822928
22 -0.00743866 0.00171661 -0.144388 0.900259 -1.26745 -0.632677 -0.134852 -0.945273 -1.32734 0.64374 -0.19894 -0.0185016 0.000572213 0.389296 -0.249748 -0.00167288 -0.194362 0.0169757 0.000190738 0.394255 -0.250153 0.000822928
22 -0.00743866 0.00171661 -0.144388 0.901022 -1.26745 -0.632677 -0.134852 -0.946417 -1.32734 0.64374 -0.19894 -0.0185016 0.000572213 0.389296 -0.249748 -0.00167288 -0.194362 0.0169757 0.000190738 0.394255 -0.250153 0.000822928
22 -0.00743866 0.00171661 -0.144388 0.902166 -1.26745 -0.632677 -0.134852 -0.947943 -1.32734 0.64374 -0.19894 -0.0185016 0.000572213 0.389296 -0.249748 -0.00167288 -0.194362 0.0169757 0.000190738 0.394255 -0.250153 0.000822928
22 -0.00743866 0.00171661 -0.144388 0.903311 -1.26745 -0.632677 -0.134852 -0.950613 -1.32734 0.64374 -0.19894 -0.0185016 0.000572213 0.389296 -0.249748 -0.00167288 -0.194362 0.0169757 0.000190738 0.394255 -0.250153 0.000822928
22 -0.00743866 0.00171661 -0.144388 0.904455 -1.26745 -0.632677 -0.134852 -0.952521 -1.32734 0.64374 -0.19894 -0.0185016 0.000572213 0.389296 -0.249748 -0.00167288 -0.194362 0.0169757 0.000190738 0.394255 -0.250153 0.000822928
22 -0.00743866 0.00171661 -0.144388 0.905599 -1.26745 -0.632677 -0.134852 -0.954047 -1.32734 0.64374 -0.19894 -0.0185016 0.000572213 0.389296 -0.249748 -0.00167288 -0.194362 0.0169757 0.000190738 0.394255 -0.250153 0.000822928
22 -0.00743866 0.00209808 -0.144388 0.906744 -1.26745 -0.632677 -0.134852 -0.956717 -1.32734 0.64374 -0.19894 -0.0185016 0.000572213 0.389296 -0.249748 -0.00167288 -0.194362 0.0169757 0.000190738 0.394255 -0.250153 0.000822928
22 -0.00743866 0.00171661 -0.144388 0.90827 -1.26745 -0.632677 -0.134852 -0.958624 -1.32734 0.64374 -0.19894 -0.0185016 0.000572213 0.389296 -0.249748 -0.00167288 -0.194362 0.0169757 0.000190738 0.394255 -0.250153 0.000822928
22 -0.00743866 0.00171661 -0.144388 0.909796 -1.26745 -0.632677 -0.134852 -0.960532 -1.32734 0.64374 -0.19894 -0.0185016 0.000572213 0.389296 -0.249748 -0.00167288 -0.194362 0.0169757 0.000190738 0.394255 -0.250153 0.000822928
22 -0.00743866 0.00171661 -0.144388 0.91094 -1.26745 -0.632677 -0.134852 -0.963584 -1.32734 0.64374 -0.19894 -0.0185016 0.000572213 0.389296 -0.249748 -0.00167288 -0.194362 0.0169757 0.000190738 0.394255 -0.250153 0.000822928
22 -0.00743866 0.00171661 -0.144388 0.912466 -1.26745 -0.632677 -0.135233 -0.965873 -1.32734 0.64374 -0.19894 -0.0185016 0.000572213 0.389296 -0.249748 -0.00167288 -0.194362 0.0169757 0.000190738 0.394255 -0.250153 0.000822928
22 -0.00743866 0.00171661 -0.144388 0.913992 -1.26745 -0.632677 -0.135233 -0.968924 -1.32734 0.64374 -0.19894 -0.0185016 0.000572213 0.389296 -0.249748 -0.00167288 -0.194362 0.0169757 0.000190738 0.394255 -0.250153 0.000822928
22 -0.00743866 0.00171661 -0.144388 0.915518 -1.26745 -0.632677 -0.135233 -0.970832 -1.32734 0.64374 -0.19894 -0.0185016 0.000572213 0.389296 -0.249748 -0.00167288 -0.194362 0.0169757 0.000190738 0.394255 -0.250153 0.000822928
22 -0.00743866 0.00171661 -0.144388 0.917044 -1.26745 -0.632677 -0.135233 -0.973121 -1.32734 0.64374 -0.19894 -0.0185016 0.000572213 0.389296 -0.249748 -0.00167288 -0.194362 0.0169757 0.000190738 0.394255 -0.250153 0.000822928
22 -0.00743866 0.00171661 -0.144388 0.918951 -1.26745 -0.632677 -0.135233 -0.976554 -1.32734 0.64374 -0.19894 -0.0185016 0.000572213 0.389296 -0.249748 -0.00167288 -0.194362 0.0169757 0.000190738 0.394255 -0.250153 0.000822928
22 -0.00743866 0.00171661 -0.144388 0.920858 -1.26745 -0.632677 -0.135233 -0.978843 -1.32734 0.64374 -0.19894 -0.0185016 0.000572213 0.389296 -0.249748 -0.00167288 -0.194362 0.0169757 0.000190738 0.394255 -0.250153 0.000822928
22 -0.00743866 0.00171661 -0.144388 0.922766 -1.26745 -0.632677 -0.135233 -0.982276 -1.32734 0.64374 -0.19894 -0.0185016 0.000572213 0.389296 -0.249748 -0.00167288 -0.194362 0.0169757 0.000190738 0.394255 -0.250153 0.000822928
22 -0.00743866 0.00171661 -0.144388 0.924673 -1.26745 -0.632677 -0.135233 -0.984946 -1.32734 0.64374 -0.19894 -0.0185016 0.000572213 0.389296 -0.249748 -0.00167288 -0.194362 0.0169757 0.000190738 0.394255 -0.249951 0.00124786
22 -0.00743866 0.00209808 -0.144388 0.926962 -1.26745 -0.632677 -0.135233 -0.98838 -1.32734 0.64374 -0.19894 -0.0185016 0.000572213 0.389296 -0.249748 -0.00167288 -0.194362 0.0169757 0.000190738 0.394255 -0.249951 0.001248
22 -0.00743866 0.00171661 -0.144388 0.929251 -1.26745 -0.632677 -0.135233 -0.99105 -1.32734 0.64374 -0.19894 -0.0185016 0.000572213 0.389296 -0.249748 -0.00167288 -0.194362 0.0169757 0.000190738 0.394255 -0.249951 0.001248
22 -0.00743866 0.00171661 -0.144388 0.931158 -1.26745 -0.632677 -0.135233 -0.994865 -1.32734 0.64374 -0.19894 -0.0185016 0.000572213 0.389296 -0.249748 -0.00167288 -0.194362 0.0169757 0.000190738 0.394255 -0.249951 0.001248
22 -0.00743866 0.00171661 -0.144388 0.933829 -1.26745 -0.632677 -0.135233 -0.997535 -1.32734 0.64374 -0.19894 -0.0185016 0.000572213 0.389296 -0.249748 -0.00167288 -0.194362 0.0169757 0.000190738 0.394255 -0.249951 0.001248
22 -0.00743866 0.00171661 -0.144388 0.936499 -1.26745 -0.632677 -0.135233 -1.00135 -1.32734 0.64374 -0.19894 -0.0185016 0.000572213 0.389296 -0.249748 -0.00167288 -0.194362 0.0169757 0.000190738 0.394255 -0.249951 0.001248
22 -0.00743866 0.00171661 -0.144388 0.938788 -1.26745 -0.632677 -0.135233 -1.0044 -1.32734 0.64374 -0.19894 -0.0185016 0.000572213 0.389296 -0.249748 -0.00167288 -0.194362 0.0169757 0.000190738 0.394255 -0.249951 0.001248
22 -0.00743866 0.00171661 -0.144388 0.941458 -1.26745 -0.632677 -0.135233 -1.00822 -1.32734 0.64374 -0.19894 -0.0185016 0.000572213 0.389296 -0.249748 -0.00167288 -0.194362 0.0169757 0.000190738 0.394255 -0.249951 0.001248
22 -0.00743866 0.00171661 -0.144388 0.943747 -1.26745 -0.632677 -0.135233 -1.01165 -1.32734 0.64374 -0.19894 -0.0185016 0.000572213 0.389296 -0.249748 -0.00167288 -0.194362 0.0169757 0.000190738 0.394255 -0.249951 0.001248
22 -0.00743866 0.00171661 -0.144388 0.946799 -1.26745 -0.632677 -0.135233 -1.01546 -1.32734 0.64374 -0.19894 -0.0185016 0.000572213 0.389296 -0.249748 -0.00167288 -0.194362 0.0169757 0.000190738 0.394255 -0.249951 0.001248
22 -0.00743866 0.00171661 -0.144388 0.949469 -1.26745 -0.632677 -0.135233 -1.01966 -1.32734 0.64374 -0.19894 -0.0185016 0.000572213 0.389296 -0.249748 -0.00167288 -0.194362 0.0169757 0.000190738 0.394255 -0.249951 0.001248
22 -0.00743866 0.00171661 -0.144388 0.952902 -1.26745 -0.632677 -0.135233 -1.02309 -1.32734 0.64374 -0.19894 -0.0185016 0.000572213 0.389296 -0.249748 -0.00167288 -0.194362 0.0169757 0.000190738 0.394255 -0.249786 0.000848829
22 -0.00743866 0.00171661 -0.144388 0.955573 -1.26745 -0.632677 -0.135233 -1.02691 -1.32734 0.64374 -0.19894 -0.0185016 0.000572213 0.389296 -0.249748 -0.00167288 -0.194362 0.0169757 0.000190738 0.394255 -0.249786 0.000848397
22 -0.00743866 0.00171661 -0.144388 0.958624 -1.26745 -0.632677 -0.135233 -1.0311 -1.32734 0.64374 -0.19894 -0.0185016 0.000572213 0.389296 -0.249748 -0.00167288 -0.194362 0.0169757 0.000190738 0.394255 -0.249786 0.000848397
22 -0.00743866 0.00171661 -0.144388 0.961676 -1.26745 -0.632677 -0.135233 -1.03454 -1.32734 0.64374 -0.19894 -0.0185016 0.000572213 0.389296 -0.249748 -0.00167288 -0.194362 0.0169757 0.000190738 0.394255 -0.249786 0.000848397
22 -0.00743866 0.00171661 -0.144388 0.964728 -1.26745 -0.632677 -0.135233 -1.03912 -1.32734 0.64374 -0.19894 -0.0185016 0.000572213 0.389296 -0.249748 -0.00167288 -0.194362 0.0169757 0.000190738 0.394255 -0.249786 0.000848397
22 -0.00743866 0.00209808 -0.144388 0.96778 -1.26745 -0.632677 -0.135233 -1.04331 -1.32734 0.64374 -0.19894 -0.0185016 0.000572213 0.389296 -0.249748 -0.00167288 -0.194362 0.0169757 0.000190738 0.394255 -0.249786 0.000848397
22 -0.00743866 0.00209808 -0.144388 0.971213 -1.26745 -0.632677 -0.135233 -1.04713 -1.32734 0.64374 -0.19894 -0.0185016 0.000572213 0.389296 -0.249748 -0.00167288 -0.194362 0.0169757 0.000190738 0.394255 -0.249786 0.000848397
22 -0.00743866 0.00171661 -0.14477 0.974265 -1.26745 -0.632677 -0.135233 -1.0517 -1.32734 0.64374 -0.19894 -0.0185016 0.000572213 0.389296 -0.249748 -0.00167288 -0.194362 0.0169757 0.000190738 0.394255 -0.249786 0.000848397
22 -0.00743866 0.00171661 -0.14477 0.97808 -1.26745 -0.632677 -0.135233 -1.05628 -1.32734 0.64374 -0.19894 -0.0185016 0.000572213 0.389296 -0.249748 -0.00167288 -0.194362 0.0169757 0.000190738 0.394255 -0.249951 0.00124844
22 -0.00743866 0.00171661 -0.14477 0.981513 -1.26745 -0.632677 -0.135233 -1.05972 -1.32734 0.64374 -0.19894 -0.0185016 0.000572213 0.389296 -0.249748 -0.00167288 -0.194362 0.0169757 0.000190738 0.394255 -0.249951 0.001248
22 -0.00743866 0.00171661 -0.14477 0.984946 -1.26745 -0.632677 -0.135233 -1.06467 -1.32734 0.64374 -0.19894 -0.0185016 0.000572213 0.389296 -0.249748 -0.00167288 -0.194362 0.0169757 0.000190738 0.394255 -0.249951 0.001248
22 -0.00743866 0.00171661 -0.145151 0.988761 -1.26745 -0.632677 -0.135233 -1.06963 -1.32734 0.64374 -0.19894 -0.0185016 0.000572213 0.389296 -0.249748 -0.00167288 -0.194362 0.0169757 0.000190738 0.394255 -0.249951 0.001248
22 -0.00743866 0.00209808 -0.145151 0.992194 -1.26745 -0.632677 -0.135233 -1.07345 -1.32734 0.64374 -0.19894 -0.0185016 0.000572213 0.389296 -0.249748 -0.00167288 -0.194362 0.0169757 0.000190738 0.394255 -0.249951 0.001248
22 -0.00743866 0.00171661 -0.145151 0.996391 -1.26745 -0.632677 -0.135233 -1.07803 -1.32734 0.64374 -0.19894 -0.0185016 0.000572213 0.389296 -0.249748 -0.00167288 -0.194362 0.0169757 0.000190738 0.394255 -0.249951 0.001248
22 -0.00743866 0.00171661 -0.145151 0.999824 -1.26745 -0.632677 -0.135233 -1.08299 -1.32734 0.64374 -0.19894 -0.0185016 0.000572213 0.389296 -0.249748 -0.00167288 -0.194362 0.0169757 0.000190738 0.394255 -0.249951 0.001248
22 -0.00743866 0.00171661 -0.145533 1.00402 -1.26745 -0.632677 -0.135233 -1.08794 -1.32773 0.64374 -0.19894 -0.0185016 0.000572213 0.389296 -0.249748 -0.00167288 -0.194362 0.0169757 0.000190738 0.394255 -0.249951 0.001248
22 -0.00743866 0.00171661 -0.145533 1.00783 -1.26745 -0.632677 -0.135233 -1.09214 -1.32773 0.64374 -0.19894 -0.0185016 0.000572213 0.389296 -0.249748 -0.00167288 -0.194362 0.0169757 0.000190738 0.394255 -0.249951 0.001248
22 -0.00743866 0.00171661 -0.145533 1.01165 -1.26745 -0.632677 -0.135233 -1.09672 -1.32773 0.64374 -0.19894 -0.0185016 0.000572213 0.389296 -0.249748 -0.00167288 -0.194362 0.0169757 0.000190738 0.394255 -0.249951 0.001248
22 -0.00743866 0.00171661 -0.145914 1.01585 -1.26745 -0.632296 -0.135615 -1.10168 -1.32773 0.64374 -0.19894 -0.0185016 0.000572213 0.389296 -0.249748 -0.00167288 -0.194362 0.0169757 0.000190738 0.394255 -0.249786 0.000848829
22 -0.00743866 0.00171661 -0.145914 1.01966 -1.26745 -0.632296 -0.135615 -1.10702 -1.32773 0.64374 -0.19894 -0.0185016 0.000572213 0.389296 -0.249748 -0.00167288 -0.194362 0.0169757 0.000190738 0.394255 -0.249786 0.000848397
22 -0.00743866 0.00171661 -0.146296 1.02386 -1.26745 -0.632296 -0.135615 -1.11121 -1.32773 0.64374 -0.19894 -0.0185016 0.000572213 0.389296 -0.249748 -0.00167288 -0.194362 0.0169757 0.000190738 0.394255 -0.249786 0.000848397
22 -0.00743866 0.00171661 -0.146296 1.02805 -1.26745 -0.632296 -0.135615 -1.11617 -1.32773 0.64374 -0.19894 -0.0185016 0.000572213 0.389296 -0.249748 -0.00167288 -0.194362 0.0169757 0.000190738 0.394255 -0.249786 0.000848397
22 -0.00743866 0.00171661 -0.146677 1.03187 -1.26745 -0.632296 -0.135615 -1.12113 -1.32773 0.64374 -0.19894 -0.0185016 0.000572213 0.389296 -0.249748 -0.00167288 -0.194362 0.0169757 0.000190738 0.394255 -0.249786 0.000848397
22 -0.00743866 0.00171661 -0.146677 1.03645 -1.26745 -0.632296 -0.135615 -1.12647 -1.32773 0.64374 -0.19894 -0.0185016 0.000572213 0.389296 -0.249748 -0.00167288 -0.194362 0.0169757 0.000190738 0.394255 -0.249786 0.000848397
22 -0.00743866 0.00171661 -0.147059 1.04064 -1.26745 -0.632296 -0.135996 -1.13181 -1.32773 0.64374 -0.19894 -0.0185016 0.000572213 0.389296 -0.249748 -0.00167288 -0.194362 0.0169757 0.000190738 0.394255 -0.249786 0.000848397
22 -0.00743866 0.00171661 -0.147059 1.04484 -1.26745 -0.632296 -0.135996 -1.13601 -1.32773 0.64374 -0.19894 -0.0185016 0.000572213 0.389296 -0.249748 -0.00167288 -0.194362 0.0169757 0.000190738 0.394255 -0.249786 0.000848397
22 -0.00743866 0.00171661 -0.14744 1.04903 -1.26745 -0.632296 -0.135996 -1.14097 -1.32773 0.64374 -0.19894 -0.0185016 0.000572213 0.389296 -0.249748 -0.00167288 -0.194362 0.0169757 0.000190738 0.394255 -0.249951 0.00124844
22 -0.00743866 0.00171661 -0.14744 1.05323 -1.26745 -0.632296 -0.135996 -1.14631 -1.32773 0.64374 -0.19894 -0.0185016 0.000572213 0.389296 -0.249748 -0.00167288 -0.194362 0.0169757 0.000190738 0.394255 -0.249951 0.001248
22 -0.00743866 0.00171661 -0.147822 1.05819 -1.26745 -0.632296 -0.135996 -1.15165 -1.32773 0.64374 -0.19894 -0.0185016 0.000572213 0.389296 -0.249748 -0.00167288 -0.194362 0.0169757 0.000190738 0.394255 -0.249786 0.000848829
22 -0.00743866 0.00171661 -0.147822 1.06239 -1.26745 -0.632296 -0.135996 -1.15699 -1.32773 0.64374 -0.19894 -0.0185016 0.000572213 0.389296 -0.249748 -0.00167288 -0.194362 0.0169757 0.000190738 0.394255 -0.249786 0.000848397
22 -0.00743866 0.00171661 -0.148203 1.06696 -1.26745 -0.632296 -0.135996 -1.16233 -1.32773 0.64374 -0.19894 -0.0185016 0.000572213 0.389296 -0.249748 -0.00167288 -0.194362 0.0169757 0.000190738 0.394255 -0.249786 0.000848397
22 -0.00743866 0.00171661 -0.148203 1.07154 -1.26745 -0.632296 -0.135996 -1.16729 -1.32773 0.64374 -0.19894 -0.0185016 0.000572213 0.389296 -0.249748 -0.00167288 -0.194362 0.0169757 0.000190738 0.394255 -0.249951 0.00124844
22 -0.00743866 0.00171661 -0.148203 1.07612 -1.26745 -0.632296 -0.135996 -1.17225 -1.32773 0.64374 -0.19894 -0.0185016 0.000572213 0.389296 -0.249748 -0.00167288 -0.194362 0.0169757 0.000190738 0.394255 -0.249951 0.001248
22 -0.00743866 0.00171661 -0.148203 1.0807 -1.26745 -0.632296 -0.135996 -1.17759 -1.32773 0.64374 -0.19894 -0.0185016 0.000572213 0.389296 -0.249748 -0.00167288 -0.194362 0.0169757 0.000190738 0.394255 -0.249951 0.001248
22 -0.00743866 0.00171661 -0.148585 1.08566 -1.26745 -0.632296 -0.135996 -1.18331 -1.32773 0.64374 -0.19894 -0.0185016 0.000572213 0.389296 -0.249748 -0.00167288 -0.194362 0.0169757 0.000190738 0.394255 -0.249786 0.000848829
22 -0.00782013 0.00171661 -0.148585 1.09023 -1.26745 -0.632296 -0.136378 -1.18865 -1.32773 0.64374 -0.19894 -0.0185016 0.000572213 0.389296 -0.249748 -0.00167288 -0.194362 0.0169757 0.000190738 0.394255 -0.249786 0.000848397
22 -0.00743866 0.00171661 -0.148585 1.09519 -1.26745 -0.632296 -0.136378 -1.19399 -1.32773 0.64374 -0.19894 -0.0185016 0.000572213 0.389296 -0.249748 -0.00167288 -0.194362 0.0169757 0.000190738 0.394255 -0.249786 0.000848397
22 -0.00743866 0.00171661 -0.148966 1.09977 -1.26745 -0.632296 -0.136378 -1.19895 -1.32773 0.64374 -0.19894 -0.0185016 0.000572213 0.389296 -0.249748 -0.00167288 -0.194362 0.0169757 0.000190738 0.394255 -0.249786 0.000848397
22 -0.00743866 0.00171661 -0.148966 1.10473 -1.26745 -0.632296 -0.136378 -1.20391 -1.32773 0.64374 -0.19894 -0.0185016 0.000572213 0.389296 -0.249748 -0.00167288 -0.194362 0.0169757 0.000190738 0.394255 -0.249786 0.000848397
22 -0.00743866 0.00171661 -0.149348 1.10969 -1.26745 -0.632296 -0.136378 -1.20925 -1.32773 0.64374 -0.19894 -0.0185016 0.000572213 0.389296 -0.249748 -0.00167288 -0.194362 0.0169757 0.000190738 0.394255 -0.249786 0.000848397
22 -0.00743866 0.00171661 -0.149348 1.11465 -1.26745 -0.632296 -0.136378 -1.21498 -1.32773 0.64374 -0.19894 -0.0185016 0.000572213 0.389296 -0.249748 -0.00167288 -0.194362 0.0169757 0.000190738 0.394255 -0.249951 0.00124844
22 -0.00743866 0.00171661 -0.149729 1.11923 -1.26745 -0.632296 -0.136378 -1.22032 -1.32773 0.64374 -0.19894 -0.0185016 0.000572213 0.389296 -0.249748 -0.00167288 -0.194362 0.0169757 0.000190738 0.394255 -0.249951 0.001248
22 -0.00743866 0.00171661 -0.149729 1.1238 -1.26745 -0.632296 -0.135996 -1.22566 -1.32773 0.64374 -0.19894 -0.0185016 0.000572213 0.389296 -0.249748 -0.00167288 -0.194362 0.0169757 0.000190738 0.394255 -0.249951 0.001248
22 -0.00743866 0.00171661 -0.150111 1.12914 -1.26745 -0.632296 -0.135996 -1.23138 -1.32773 0.64374 -0.19894 -0.0185016 0.000572213 0.389296 -0.249748 -0.00167288 -0.194362 0.0169757 0.000190738 0.394255 -0.249951 0.001248
22 -0.00743866 0.00171661 -0.150492 1.13372 -1.26745 -0.632296 -0.135996 -1.23596 -1.32773 0.64374 -0.19894 -0.0185016 0.000572213 0.389296 -0.249748 -0.00167288 -0.194362 0.0169757 0.000190738 0.394255 -0.249951 0.001248
22 -0.00743866 0.00171661 -0.150492 1.13868 -1.26745 -0.632296 -0.135996 -1.2413 -1.32773 0.64374 -0.19894 -0.0185016 0.000572213 0.389296 -0.249748 -0.00167288 -0.194362 0.0169757 0.000190738 0.394255 -0.249786 0.000848829
22 -0.00743866 0.00171661 -0.150874 1.14326 -1.26745 -0.632296 -0.135996 -1.24664 -1.32773 0.64374 -0.19894 -0.0185016 0.000572213 0.389296 -0.249748 -0.00167288 -0.194362 0.0169757 0.000190738 0.394255 -0.249951 0.00124844
22 -0.00743866 0.00171661 -0.150874 1.14822 -1.26745 -0.632296 -0.135996 -1.25198 -1.32773 0.64374 -0.19894 -0.0185016 0.000572213 0.389296 -0.249748 -0.00167288 -0.194362 0.0169757 0.000190738 0.394255 -0.249786 0.00084883
22 -0.00782013 0.00171661 -0.151255 1.15318 -1.26745 -0.632296 -0.135996 -1.25732 -1.32773 0.64374 -0.19894 -0.0185016 0.000572213 0.389296 -0.249748 -0.00167288 -0.194362 0.0169757 0.000190738 0.394255 -0.249951 0.00124844
22 -0.00743866 0.00171661 -0.151255 1.15814 -1.26745 -0.632296 -0.135996 -1.26266 -1.32773 0.64374 -0.19894 -0.0185016 0.000572213 0.389296 -0.249748 -0.00167288 -0.194362 0.0169757 0.000190738 0.394255 -0.249951 0.001248
22 -0.00743866 0.00171661 -0.151637 1.1631 -1.26745 -0.632296 -0.135996 -1.26838 -1.32773 0.64374 -0.19894 -0.0185016 0.000572213 0.389296 -0.249748 -0.00167288 -0.194362 0.0169757 0.000190738 0.394255 -0.249951 0.001248
22 -0.00743866 0.00171661 -0.151637 1.16767 -1.26745 -0.632296 -0.135996 -1.27258 -1.32773 0.64374 -0.19894 -0.0185016 0.000572213 0.389296 -0.249748 -0.00167288 -0.194362 0.0169757 0.000190738 0.394255 -0.249951 0.001248
22 -0.00743866 0.00171661 -0.152018 1.17263 -1.26745 -0.632296 -0.135996 -1.27792 -1.32773 0.64374 -0.19894 -0.0185016 0.000572213 0.389296 -0.249748 -0.00167288 -0.194362 0.0169757 0.000190738 0.394255 -0.249786 0.000848829
22 -0.00743866 0.00171661 -0.152018 1.17759 -1.26745 -0.632296 -0.135615 -1.28326 -1.32773 0.64374 -0.19894 -0.0185016 0.000572213 0.389296 -0.249748 -0.00167288 -0.194362 0.0169757 0.000190738 0.394255 -0.249786 0.000848397
22 -0.00743866 0.00171661 -0.152399 1.18255 -1.26745 -0.632296 -0.135615 -1.2886 -1.32773 0.64374 -0.19894 -0.0185016 0.000572213 0.389296 -0.249748 -0.00167288 -0.194362 0.0169757 0.000190738 0.394255 -0.249786 0.000848397
22 -0.00743866 0.00171661 -0.152399 1.18675 -1.26745 -0.632296 -0.135615 -1.29394 -1.32773 0.64374 -0.19894 -0.0185016 0.000572213 0.389296 -0.249748 -0.00167288 -0.194362 0.0169757 0.000190738 0.394255 -0.249951 0.00124844
22 -0.00743866 0.00171661 -0.152781 1.19171 -1.26745 -0.632296 -0.135615 -1.29852 -1.32773 0.64374 -0.19894 -0.0185016 0.000572213 0.389296 -0.249748 -0.00167288 -0.194362 0.0169757 0.000190738 0.394255 -0.249951 0.001248
22 -0.00782013 0.00171661 -0.152781 1.19667 -1.26745 -0.632296 -0.135615 -1.30348 -1.32773 0.64374 -0.19894 -0.0185016 0.000572213 0.389296 -0.249748 -0.00167288 -0.194362 0.0169757 0.000190738 0.394255 -0.249951 0.001248
22 -0.00743866 0.00171661 -0.152781 1.20162 -1.26745 -0.632296 -0.135615 -1.30844 -1.32773 0.64374 -0.19894 -0.0185016 0.000572213 0.389296 -0.249748 -0.00167288 -0.194362 0.0169757 0.000190738 0.394255 -0.249786 0.000848829
22 -0.00743866 0.00171661 -0.153162 1.20582 -1.26745 -0.632296 -0.135233 -1.31378 -1.32773 0.64374 -0.19894 -0.0185016 0.000572213 0.389296 -0.249748 -0.00167288 -0.194362 0.0169757 0.000190738 0.394255 -0.249951 0.00124844
22 -0.00743866 0.00171661 -0.153162 1.21078 -1.26745 -0.632296 -0.135233 -1.31912 -1.32773 0.64374 -0.19894 -0.0185016 0.000572213 0.389296 -0.249748 -0.00167288 -0.194362 0.0169757 0.000190738 0.394255 -0.249951 0.001248
22 -0.00782013 0.00171661 -0.153544 1.21536 -1.26745 -0.632296 -0.135233 -1.32332 -1.32773 0.64374 -0.19894 -0.0185016 0.000572213 0.389296 -0.249748 -0.00167288 -0.194362 0.0169757 0.000190738 0.394255 -0.249951 0.001248
22 -0.00743866 0.00171661 -0.153544 1.21994 -1.26745 -0.632296 -0.135233 -1.32789 -1.32773 0.64374 -0.19894 -0.0185016 0.000572213 0.389296 -0.249748 -0.00167288 -0.194362 0.0169757 0.000190738 0.394255 -0.249951 0.001248
22 -0.00782013 0.00171661 -0.153925 1.22413 -1.26745 -0.632296 -0.135233 -1.33285 -1.32773 0.64374 -0.19894 -0.0185016 0.000572213 0.389296 -0.249748 -0.00167288 -0.194362 0.0169757 0.000190738 0.394255 -0.249951 0.001248
22 -0.00743866 0.00171661 -0.153925 1.22909 -1.26745 -0.632296 -0.135233 -1.33781 -1.32773 0.64374 -0.19894 -0.0185016 0.000572213 0.389296 -0.249748 -0.00167288 -0.194362 0.0169757 0.000190738 0.394255 -0.249951 0.001248
22 -0.00743866 0.00171661 -0.153925 1.23367 -1.26745 -0.632296 -0.134852 -1.34239 -1.32773 0.64374 -0.19894 -0.0185016 0.000572213 0.389296 -0.249748 -0.00167288 -0.194362 0.0169757 0.000190738 0.394255 -0.249951 0.001248
22 -0.00743866 0.00171661 -0.154307 1.23786 -1.26745 -0.632296 -0.134852 -1.34659 -1.32773 0.64374 -0.19894 -0.0185016 0.000572213 0.389296 -0.249748 -0.00167288 -0.194362 0.0169757 0.000190738 0.394255 -0.249951 0.001248
22 -0.00743866 0.00171661 -0.154307 1.24206 -1.26745 -0.632296 -0.134852 -1.35154 -1.32773 0.64374 -0.19894 -0.0185016 0.000572213 0.389296 -0.249748 -0.00167288 -0.194362 0.0169757 0.000190738 0.394255 -0.249951 0.001248
22 -0.00743866 0.00171661 -0.154307 1.24664 -1.26745 -0.632677 -0.134852 -1.3565 -1.32773 0.64374 -0.19894 -0.0185016 0.000572213 0.389296 -0.249748 -0.00167288 -0.194362 0.0169757 0.000190738 0.394255 -0.249951 0.001248
22 -0.00743866 0.00171661 -0.154307 1.25083 -1.26745 -0.632677 -0.134852 -1.35994 -1.32773 0.64374 -0.19894 -0.0185016 0.000572213 0.389296 -0.249748 -0.00167288 -0.194362 0.0169757 0.000190738 0.394255 -0.249951 0.001248
22 -0.00743866 0.00171661 -0.154307 1.25503 -1.26745 -0.632677 -0.134852 -1.36451 -1.32773 0.64374 -0.19894 -0.0185016 0.000572213 0.389296 -0.249748 -0.00167288 -0.194362 0.0169757 0.000190738 0.394255 -0.249786 0.000848829
22 -0.00743866 0.00171661 -0.154688 1.25923 -1.26745 -0.632677 -0.134852 -1.36947 -1.32773 0.64374 -0.19894 -0.0185016 0.000572213 0.389296 -0.249748 -0.00167288 -0.194362 0.0169757 0.000190738 0.394255 -0.249786 0.000848397
22 -0.00743866 0.00171661 -0.154688 1.26342 -1.26745 -0.632677 -0.134852 -1.37329 -1.32773 0.64374 -0.19894 -0.0185016 0.000572213 0.389296 -0.249748 -0.00167288 -0.194362 0.0169757 0.000190738 0.394255 -0.249786 0.000848397
22 -0.00743866 0.00171661 -0.154688 1.26762 -1.26745 -0.632677 -0.134852 -1.3771 -1.32773 0.64374 -0.19894 -0.0185016 0.000572213 0.389296 -0.249748 -0.00167288 -0.194362 0.0169757 0.000190738 0.394255 -0.249786 0.000848397
22 -0.00743866 0.00171661 -0.154688 1.27143 -1.26745 -0.632677 -0.134852 -1.38168 -1.32773 0.64374 -0.19894 -0.0185016 0.000572213 0.389296 -0.249748 -0.00167288 -0.194362 0.0169757 0.000190738 0.394255 -0.249786 0.000848397
22 -0.00743866 0.00171661 -0.154688 1.27563 -1.26745 -0.632677 -0.134852 -1.3855 -1.32773 0.64374 -0.19894 -0.0185016 0.000572213 0.389296 -0.249748 -0.00167288 -0.194362 0.0169757 0.000190738 0.394255 -0.249786 0.000848397
22 -0.00743866 0.00171661 -0.154688 1.27945 -1.26745 -0.632677 -0.134852 -1.38969 -1.32773 0.64374 -0.19894 -0.0185016 0.000572213 0.389296 -0.249748 -0.00167288 -0.194362 0.0169757 0.000190738 0.394255 -0.249951 0.00124844
22 -0.00743866 0.00171661 -0.154688 1.28326 -1.26745 -0.632677 -0.134852 -1.39389 -1.32773 0.64374 -0.19894 -0.0185016 0.000572213 0.389296 -0.249748 -0.00167288 -0.194362 0.0169757 0.000190738 0.394255 -0.249951 0.001248
22 -0.00743866 0.00171661 -0.154688 1.28707 -1.26745 -0.632677 -0.134852 -1.39694 -1.32773 0.64374 -0.19894 -0.0185016 0.000572213 0.389296 -0.249748 -0.00167288 -0.194362 0.0169757 0.000190738 0.394255 -0.249951 0.001248
22 -0.00743866 0.00171661 -0.154688 1.29051 -1.26745 -0.632677 -0.134852 -1.40114 -1.32773 0.64374 -0.19894 -0.0185016 0.000572213 0.389296 -0.249748 -0.00167288 -0.194362 0.0169757 0.000190738 0.394255 -0.249786 0.000848829
22 -0.00743866 0.00171661 -0.154688 1.29432 -1.26745 -0.632677 -0.134852 -1.40457 -1.32773 0.64374 -0.19894 -0.0185016 0.000572213 0.389296 -0.249748 -0.00167288 -0.194362 0.0169757 0.000190738 0.394255 -0.249786 0.000848397
22 -0.00743866 0.00171661 -0.154688 1.29776 -1.26745 -0.632677 -0.134852 -1.408 -1.32773 0.64374 -0.19894 -0.0185016 0.000572213 0.389296 -0.249748 -0.00167288 -0.194362 0.0169757 0.000190738 0.394255 -0.249786 0.000848397
22 -0.00743866 0.00171661 -0.154688 1.30157 -1.26745 -0.632677 -0.134852 -1.41182 -1.32773 0.64374 -0.19894 -0.0185016 0.000572213 0.389296 -0.249748 -0.00167288 -0.194362 0.0169757 0.000190738 0.394255 -0.249786 0.000848397
22 -0.00743866 0.00171661 -0.154688 1.30462 -1.26745 -0.632677 -0.135233 -1.41487 -1.32773 0.64374 -0.19894 -0.0185016 0.000572213 0.389296 -0.249748 -0.00167288 -0.194362 0.0169757 0.000190738 0.394255 -0.249786 0.000848397
22 -0.00743866 0.00171661 -0.154307 1.30806 -1.26745 -0.632677 -0.135233 -1.41868 -1.32773 0.64374 -0.19894 -0.0185016 0.000572213 0.389296 -0.249748 -0.00167288 -0.194362 0.0169757 0.000190738 0.394255 -0.249786 0.000848397
22 -0.00743866 0.00171661 -0.154307 1.31111 -1.26745 -0.632677 -0.135233 -1.42097 -1.32773 0.64374 -0.19894 -0.0185016 0.000572213 0.389296 -0.249748 -0.00167288 -0.194362 0.0169757 0.000190738 0.394255 -0.249951 0.00124844
22 -0.00743866 0.00171661 -0.154307 1.31454 -1.26745 -0.632677 -0.135233 -1.42479 -1.32773 0.64374 -0.19894 -0.0185016 0.000572213 0.389296 -0.249748 -0.00167288 -0.194362 0.0169757 0.000190738 0.394255 -0.249951 0.001248
22 -0.00743866 0.00171661 -0.154307 1.31721 -1.26745 -0.633059 -0.135233 -1.42708 -1.32773 0.64374 -0.19894 -0.0185016 0.000572213 0.389296 -0.249748 -0.00167288 -0.194362 0.0169757 0.000190738 0.394255 -0.249951 0.001248
22 -0.00743866 0.00171661 -0.154307 1.32064 -1.26745 -0.633059 -0.135233 -1.43013 -1.32773 0.64374 -0.19894 -0.0185016 0.000572213 0.389296 -0.249748 -0.00167288 -0.194362 0.0169757 0.000190738 0.394255 -0.249951 0.001248
22 -0.00743866 0.00171661 -0.154307 1.32332 -1.26745 -0.633059 -0.135233 -1.43242 -1.32773 0.64374 -0.19894 -0.0185016 0.000572213 0.389296 -0.249748 -0.00167288 -0.194362 0.0169757 0.000190738 0.394255 -0.249951 0.001248
22 -0.00743866 0.00171661 -0.154307 1.32599 -1.26745 -0.633059 -0.135233 -1.43471 -1.32773 0.64374 -0.19894 -0.0185016 0.000572213 0.389296 -0.249748 -0.00167288 -0.194362 0.0169757 0.000190738 0.394255 -0.249951 0.001248
22 -0.00743866 0.00171661 -0.154307 1.32866 -1.26745 -0.633059 -0.135233 -1.43776 -1.32773 0.64374 -0.19894 -0.0185016 0.000572213 0.389296 -0.249748 -0.00167288 -0.194362 0.0169757 0.000190738 0.394255 -0.249951 0.001248
22 -0.00743866 0.00171661 -0.154307 1.33133 -1.26745 -0.63344 -0.135233 -1.43967 -1.32773 0.64374 -0.19894 -0.0185016 0.000572213 0.389296 -0.249748 -0.00167288 -0.194362 0.0169757 0.000190738 0.394255 -0.249951 0.001248
22 -0.00743866 0.00171661 -0.154307 1.334 -1.26745 -0.63344 -0.135233 -1.44234 -1.32773 0.64374 -0.19894 -0.0185016 0.000572213 0.389296 -0.249748 -0.00167288 -0.194362 0.0169757 0.000190738 0.394255 -0.249951 0.001248
22 -0.00743866 0.00171661 -0.153925 1.33629 -1.26745 -0.63344 -0.135233 -1.44424 -1.32773 0.64374 -0.19894 -0.0185016 0.000572213 0.389296 -0.249748 -0.00167288 -0.194362 0.0169757 0.000190738 0.394255 -0.249786 0.000848829
22 -0.00743866 0.00171661 -0.153925 1.33896 -1.26745 -0.63344 -0.135233 -1.44615 -1.32773 0.64374 -0.19894 -0.0185016 0.000572213 0.389296 -0.249748 -0.00167288 -0.194362 0.0169757 0.000190738 0.394255 -0.249951 0.00124844
22 -0.00743866 0.00171661 -0.153925 1.34086 -1.26745 -0.63344 -0.135233 -1.44806 -1.32773 0.64374 -0.19894 -0.0185016 0.000572213 0.389296 -0.249748 -0.00167288 -0.194362 0.0169757 0.000190738 0.394255 -0.249951 0.001248
22 -0.00743866 0.00171661 -0.153925 1.34315 -1.26745 -0.633822 -0.135233 -1.44997 -1.32773 0.64374 -0.19894 -0.0185016 0.000572213 0.389296 -0.249748 -0.00167288 -0.194362 0.0169757 0.000190738 0.394255 -0.249951 0.001248
22 -0.00743866 0.00171661 -0.153925 1.34544 -1.26745 -0.633822 -0.135233 -1.45149 -1.32773 0.64374 -0.19894 -0.0185016 0.000572213 0.389296 -0.249748 -0.00167288 -0.194362 0.0169757 0.000190738 0.394255 -0.249786 0.000848829
22 -0.00743866 0.00171661 -0.153544 1.34735 -1.26745 -0.633822 -0.135233 -1.45264 -1.32773 0.64374 -0.19894 -0.0185016 0.000572213 0.389296 -0.249748 -0.00167288 -0.194362 0.0169757 0.000190738 0.394255 -0.249786 0.000848397
22 -0.00743866 0.00171661 -0.153544 1.34926 -1.26745 -0.633822 -0.135233 -1.45416 -1.32773 0.64374 -0.19894 -0.0185016 0.000572213 0.389296 -0.249748 -0.00167288 -0.194362 0.0169757 0.000190738 0.394255 -0.249786 0.000848397
22 -0.00743866 0.00171661 -0.153544 1.35116 -1.26745 -0.633822 -0.135233 -1.45607 -1.32773 0.64374 -0.19894 -0.0185016 0.000572213 0.389296 -0.249748 -0.00167288 -0.194362 0.0169757 0.000190738 0.394255 -0.249786 0.000848397
22 -0.00743866 0.00171661 -0.153162 1.35269 -1.26745 -0.634203 -0.135233 -1.45645 -1.32773 0.64374 -0.19894 -0.0185016 0.000572213 0.389296 -0.249748 -0.00167288 -0.194362 0.0169757 0.000190738 0.394255 -0.249786 0.000848397
22 -0.00743866 0.00171661 -0.153162 1.35421 -1.26745 -0.634203 -0.135233 -1.45759 -1.32773 0.64374 -0.19894 -0.0185016 0.000572213 0.389296 -0.249748 -0.00167288 -0.194362 0.0169757 0.000190738 0.394255 -0.249786 0.000848397
22 -0.00743866 0.00171661 -0.153162 1.35574 -1.26745 -0.634203 -0.134852 -1.45836 -1.32773 0.64374 -0.19894 -0.0185016 0.000572213 0.389296 -0.249748 -0.00167288 -0.194362 0.0169757 0.000190738 0.394255 -0.249786 0.000848397
22 -0.00743866 0.00171661 -0.153162 1.35765 -1.26745 -0.634203 -0.134852 -1.45874 -1.32773 0.64374 -0.19894 -0.0185016 0.000572213 0.389296 -0.249748 -0.00167288 -0.194362 0.0169757 0.000190738 0.394255 -0.249786 0.000848397
22 -0.00743866 0.00171661 -0.153162 1.35879 -1.26745 -0.634203 -0.134852 -1.45912 -1.32773 0.64374 -0.19894 -0.0185016 0.000572213 0.389296 -0.249748 -0.00167288 -0.194362 0.0169757 0.000190738 0.394255 -0.249786 0.000848397
22 -0.00743866 0.00171661 -0.152781 1.35994 -1.26745 -0.634203 -0.134852 -1.4595 -1.32773 0.64374 -0.19894 -0.0185016 0.000572213 0.389296 -0.249748 -0.00167288 -0.194362 0.0169757 0.000190738 0.394255 -0.249786 0.000848397
22 -0.00743866 0.00171661 -0.152781 1.36108 -1.26745 -0.634585 -0.134852 -1.45988 -1.32773 0.64374 -0.19894 -0.0185016 0.000572213 0.389296 -0.249748 -0.00167288 -0.194362 0.0169757 0.000190738 0.394255 -0.249786 0.000848397
22 -0.00743866 0.00171661 -0.152781 1.36184 -1.26745 -0.634585 -0.134852 -1.45988 -1.32773 0.64374 -0.19894 -0.0185016 0.000572213 0.389296 -0.249748 -0.00167288 -0.194362 0.0169757 0.000190738 0.394255 -0.249786 0.000848397
22 -0.00743866 0.00171661 -0.152399 1.36337 -1.26745 -0.634585 -0.135233 -1.45988 -1.32773 0.64374 -0.19894 -0.0185016 0.000572213 0.389296 -0.249748 -0.00167288 -0.194362 0.0169757 0.000190738 0.394255 -0.249786 0.000848397
22 -0.00743866 0.00171661 -0.152399 1.36413 -1.26745 -0.634585 -0.135233 -1.45988 -1.32773 0.64374 -0.19894 -0.0185016 0.000572213 0.389296 -0.249748 -0.00167288 -0.194362 0.0169757 0.000190738 0.394255 -0.249786 0.000848397
22 -0.00743866 0.00171661 -0.152399 1.3649 -1.26745 -0.634966 -0.135233 -1.4595 -1.32773 0.64374 -0.19894 -0.0185016 0.000572213 0.389296 -0.249748 -0.00167288 -0.194362 0.0169757 0.000190738 0.394255 -0.249786 0.000848397
22 -0.00743866 0.00171661 -0.152018 1.36566 -1.26745 -0.634966 -0.135233 -1.45912 -1.32773 0.64374 -0.19894 -0.0185016 0.000572213 0.389296 -0.249748 -0.00167288 -0.194362 0.0169757 0.000190738 0.394255 -0.249786 0.000848397
22 -0.00743866 0.00171661 -0.152018 1.36604 -1.26745 -0.634966 -0.135233 -1.45912 -1.32773 0.64374 -0.19894 -0.0185016 0.000572213 0.389296 -0.249748 -0.00167288 -0.194362 0.0169757 0.000190738 0.394255 -0.249786 0.000848397
22 -0.00743866 0.00209808 -0.152018 1.36642 -1.26745 -0.634966 -0.134852 -1.45874 -1.32773 0.64374 -0.19894 -0.0185016 0.000572213 0.389296 -0.249748 -0.00167288 -0.194362 0.0169757 0.000190738 0.394255 -0.249786 0.000848397
22 -0.00743866 0.00171661 -0.152018 1.3668 -1.26745 -0.634966 -0.134852 -1.45836 -1.32773 0.64374 -0.19894 -0.0185016 0.000572213 0.389296 -0.249748 -0.00167288 -0.194362 0.0169757 0.000190738 0.394255 -0.249786 0.000848397
22 -0.00743866 0.00171661 -0.151637 1.36642 -1.26745 -0.634966 -0.134852 -1.45759 -1.32773 0.64374 -0.19894 -0.0185016 0.000572213 0.389296 -0.249748 -0.00167288 -0.194362 0.0169757 0.000190738 0.394255 -0.249786 0.000848397
22 -0.00743866 0.00171661 -0.151637 1.36642 -1.26745 -0.634966 -0.134852 -1.45683 -1.32773 0.64374 -0.19894 -0.0185016 0.000572213 0.389296 -0.249748 -0.00167288 -0.194362 0.0169757 0.000190738 0.394255 -0.249786 0.000848397
22 -0.00743866 0.00171661 -0.151637 1.36604 -1.26745 -0.634966 -0.134852 -1.45645 -1.32773 0.64374 -0.19894 -0.0185016 0.000572213 0.389296 -0.249748 -0.00167288 -0.194362 0.0169757 0.000190738 0.394255 -0.249786 0.000848397
22 -0.00743866 0.00171661 -0.151637 1.36566 -1.26745 -0.634966 -0.134852 -1.45531 -1.32773 0.64374 -0.19894 -0.0185016 0.000572213 0.389296 -0.249748 -0.00167288 -0.194362 0.0169757 0.000190738 0.394255 -0.249786 0.000848397
22 -0.00743866 0.00171661 -0.151637 1.36528 -1.26745 -0.634966 -0.134852 -1.4534 -1.32773 0.64374 -0.19894 -0.0185016 0.000572213 0.389296 -0.249748 -0.00167288 -0.194362 0.0169757 0.000190738 0.394255 -0.249786 0.000848397
22 -0.00743866 0.00171661 -0.151637 1.36451 -1.26745 -0.634966 -0.134852 -1.45225 -1.32773 0.64374 -0.19894 -0.0185016 0.000572213 0.389296 -0.249748 -0.00167288 -0.194362 0.0169757 0.000190738 0.394255 -0.249786 0.000848397
22 -0.00743866 0.00171661 -0.151637 1.36375 -1.26745 -0.634966 -0.134852 -1.45073 -1.32773 0.643359 -0.19894 -0.0185016 0.000572213 0.389296 -0.249748 -0.00167288 -0.194362 0.0169757 0.000190738 0.394255 -0.249786 0.000848397
22 -0.00743866 0.00171661 -0.151637 1.36261 -1.26745 -0.634966 -0.134852 -1.4492 -1.32773 0.643359 -0.19894 -0.0185016 0.000572213 0.389296 -0.249748 -0.00167288 -0.194362 0.0169757 0.000190738 0.394255 -0.249786 0.000848397
22 -0.00743866 0.00171661 -0.151637 1.36146 -1.26745 -0.634966 -0.135233 -1.44691 -1.32773 0.643359 -0.19894 -0.0185016 0.000572213 0.389296 -0.249748 -0.00167288 -0.194362 0.0169757 0.000190738 0.394255 -0.249786 0.000848397
22 -0.00743866 0.00209808 -0.151637 1.3607 -1.26745 -0.634966 -0.135233 -1.44539 -1.32773 0.643359 -0.19894 -0.0185016 0.000572213 0.389296 -0.249748 -0.00167288 -0.194362 0.0169757 0.000190738 0.394255 -0.249786 0.000848397
22 -0.00743866 0.00171661 -0.151637 1.35994 -1.26745 -0.634966 -0.135233 -1.44348 -1.32773 0.642977 -0.19894 -0.0185016 0.000572213 0.389296 -0.249748 -0.00167288 -0.194362 0.0169757 0.000190738 0.394255 -0.249786 0.000848397
22 -0.00743866 0.00171661 -0.151637 1.35841 -1.26745 -0.634966 -0.135233 -1.44081 -1.32773 0.642977 -0.19894 -0.0185016 0.000572213 0.389296 -0.249748 -0.00167288 -0.194362 0.0169757 0.000190738 0.394255 -0.249786 0.000848397
22 -0.00743866 0.00171661 -0.151637 1.35765 -1.26745 -0.634966 -0.135233 -1.4389 -1.32773 0.642977 -0.19894 -0.0185016 0.000572213 0.389296 -0.249748 -0.00167288 -0.194362 0.0169757 0.000190738 0.394255 -0.249786 0.000848397
22 -0.00743866 0.00171661 -0.151637 1.35574 -1.26745 -0.634966 -0.135233 -1.43661 -1.32773 0.642977 -0.19894 -0.0185016 0.000572213 0.389296 -0.249748 -0.00167288 -0.194362 0.0169757 0.000190738 0.394255 -0.249786 0.000848397
22 -0.00743866 0.00209808 -0.151637 1.35421 -1.26745 -0.634966 -0.135233 -1.43356 -1.32773 0.642977 -0.19894 -0.0185016 0.000572213 0.389296 -0.249748 -0.00167288 -0.194362 0.0169757 0.000190738 0.394255 -0.249786 0.000848397
22 -0.00743866 0.00171661 -0.151637 1.35269 -1.26745 -0.634966 -0.135615 -1.43165 -1.32773 0.642977 -0.19894 -0.0185016 0.000572213 0.389296 -0.249748 -0.00167288 -0.194362 0.0169757 0.000190738 0.394255 -0.249786 0.000848397
22 -0.00743866 0.00171661 -0.151637 1.35154 -1.26745 -0.634966 -0.135615 -1.42898 -1.32773 0.642977 -0.19894 -0.0185016 0.000572213 0.389296 -0.249748 -0.00167288 -0.194362 0.0169757 0.000190738 0.394255 -0.249786 0.000848397
22 -0.00743866 0.00171661 -0.151637 1.34926 -1.26745 -0.634966 -0.135615 -1.42669 -1.32773 0.642977 -0.19894 -0.0185016 0.000572213 0.389296 -0.249748 -0.00167288 -0.194362 0.0169757 0.000190738 0.394255 -0.249786 0.000848397
22 -0.00743866 0.00171661 -0.151637 1.34773 -1.26745 -0.634966 -0.135615 -1.42402 -1.32773 0.642977 -0.19894 -0.0185016 0.000572213 0.389296 -0.249748 -0.00167288 -0.194362 0.0169757 0.000190738 0.394255 -0.249786 0.000848397
22 -0.00743866 0.00171661 -0.151637 1.3462 -1.26745 -0.634966 -0.135615 -1.42097 -1.32773 0.642977 -0.19894 -0.0185016 0.000572213 0.389296 -0.249748 -0.00167288 -0.194362 0.0169757 0.000190738 0.394255 -0.249786 0.000848397
22 -0.00743866 0.00171661 -0.151637 1.3443 -1.26745 -0.634966 -0.135996 -1.41868 -1.32773 0.642977 -0.19894 -0.0185016 0.000572213 0.389296 -0.249748 -0.00167288 -0.194362 0.0169757 0.000190738 0.394255 -0.249786 0.000848397
22 -0.00743866 0.00171661 -0.151637 1.34201 -1.26745 -0.634966 -0.135996 -1.41487 -1.32773 0.642977 -0.19894 -0.0185016 0.000572213 0.389296 -0.249748 -0.00167288 -0.194362 0.0169757 0.000190738 0.394255 -0.249786 0.000848397
22 -0.00743866 0.00171661 -0.151637 1.3401 -1.26745 -0.634966 -0.135996 -1.4122 -1.32773 0.642977 -0.19894 -0.0185016 0.000572213 0.389296 -0.249748 -0.00167288 -0.194362 0.0169757 0.000190738 0.394255 -0.249786 0.000848397
22 -0.00743866 0.00171661 -0.151637 1.33781 -1.26745 -0.634966 -0.135996 -1.40877 -1.32773 0.642977 -0.19894 -0.0185016 0.000572213 0.389296 -0.249748 -0.00167288 -0.194362 0.0169757 0.000190738 0.394255 -0.249786 0.000848397
22 -0.00743866 0.00171661 -0.151637 1.3359 -1.26745 -0.634966 -0.136378 -1.4061 -1.32773 0.642977 -0.19894 -0.0185016 0.000572213 0.389296 -0.249748 -0.00167288 -0.194362 0.0169757 0.000190738 0.394255 -0.249786 0.000848397
22 -0.00743866 0.00171661 -0.151637 1.33361 -1.26745 -0.634966 -0.136378 -1.40228 -1.32773 0.642977 -0.19894 -0.0185016 0.000572213 0.389296 -0.249748 -0.00167288 -0.194362 0.0169757 0.000190738 0.394255 -0.249786 0.000848397
22 -0.00743866 0.00171661 -0.151637 1.33094 -1.26745 -0.634966 -0.136378 -1.39961 -1.32773 0.642977 -0.19894 -0.0185016 0.000572213 0.389296 -0.249748 -0.00167288 -0.194362 0.0169757 0.000190738 0.394255 -0.249786 0.000848397
22 -0.00743866 0.00171661 -0.151637 1.32866 -1.26745 -0.634966 -0.136378 -1.3958 -1.32773 0.642977 -0.19894 -0.0185016 0.000572213 0.389296 -0.249748 -0.00167288 -0.194362 0.0169757 0.000190738 0.394255 -0.249786 0.000848397
22 -0.00782013 0.00171661 -0.151637 1.32637 -1.26745 -0.634966 -0.136378 -1.39274 -1.32773 0.642977 -0.19894 -0.0185016 0.000572213 0.389296 -0.249748 -0.00167288 -0.194362 0.0169757 0.000190738 0.394255 -0.249951 0.00124844
22 -0.00743866 0.00171661 -0.151637 1.32332 -1.26745 -0.634966 -0.136378 -1.38893 -1.32773 0.642977 -0.19894 -0.0181201 0.000572213 0.389296 -0.249748 -0.00167288 -0.194362 0.0169757 0.000190738 0.394255 -0.249786 0.00084883
22 -0.00743866 0.00171661 -0.151637 1.32103 -1.26745 -0.634966 -0.136759 -1.38473 -1.32773 0.642977 -0.19894 -0.0181201 0.000572213 0.389296 -0.249748 -0.00167288 -0.194362 0.0169757 0.000190738 0.394255 -0.249786 0.000848397
22 -0.00743866 0.00171661 -0.151637 1.31836 -1.26745 -0.634966 -0.136759 -1.38168 -1.32773 0.642977 -0.19894 -0.0181201 0.000572213 0.389296 -0.249748 -0.00167288 -0.194362 0.0169757 0.000190738 0.394255 -0.249786 0.000848397
22 -0.00743866 0.00171661 -0.151637 1.31569 -1.26745 -0.634966 -0.136759 -1.37748 -1.32773 0.642977 -0.19894 -0.0181201 0.000572213 0.389296 -0.249748 -0.00167288 -0.194362 0.0169757 0.000190738 0.394255 -0.249786 0.000848397
22 -0.00743866 0.00171661 -0.151637 1.31263 -1.26745 -0.634966 -0.136759 -1.37443 -1.32773 0.642977 -0.19894 -0.0181201 0.000572213 0.389296 -0.249748 -0.00167288 -0.194362 0.0169757 0.000190738 0.394255 -0.249786 0.000848397
22 -0.00743866 0.00171661 -0.151637 1.30996 -1.26745 -0.634966 -0.136759 -1.37024 -1.32773 0.642977 -0.19894 -0.0181201 0.000572213 0.389296 -0.249748 -0.00167288 -0.194362 0.0169757 0.000190738 0.394255 -0.249786 0.000848397
22 -0.00743866 0.00171661 -0.151637 1.30729 -1.26745 -0.634966 -0.136759 -1.36642 -1.32773 0.642977 -0.19894 -0.0181201 0.000572213 0.389296 -0.249748 -0.00167288 -0.194362 0.0169757 0.000190738 0.394255 -0.249786 0.000848397
22 -0.00743866 0.00209808 -0.151637 1.30424 -1.26745 -0.634966 -0.13714 -1.36261 -1.32773 0.642977 -0.19894 -0.0181201 0.000572213 0.389296 -0.249748 -0.00167288 -0.194362 0.0169757 0.000190738 0.394255 -0.249786 0.000848397
22 -0.00743866 0.00171661 -0.151637 1.30119 -1.26745 -0.634966 -0.13714 -1.35841 -1.32773 0.642977 -0.19894 -0.0181201 0.000572213 0.389296 -0.249748 -0.00167288 -0.194362 0.0169757 0.000190738 0.394255 -0.249786 0.000848397
22 -0.00743866 0.00171661 -0.151637 1.29814 -1.26745 -0.634966 -0.13714 -1.3546 -1.32773 0.642977 -0.19894 -0.0181201 0.000572213 0.389296 -0.249748 -0.00167288 -0.194362 0.0169757 0.000190738 0.394255 -0.249786 0.000848397
22 -0.00743866 0.00171661 -0.151637 1.29547 -1.26745 -0.634966 -0.13714 -1.35078 -1.32773 0.642977 -0.19894 -0.0181201 0.000572213 0.389296 -0.249748 -0.00167288 -0.194362 0.0169757 0.000190738 0.394255 -0.249786 0.000848397
22 -0.00782013 0.00171661 -0.151637 1.29203 -1.26745 -0.634966 -0.13714 -1.34582 -1.32773 0.642977 -0.19894 -0.0181201 0.000572213 0.389296 -0.249748 -0.00167288 -0.194362 0.0169757 0.000190738 0.394255 -0.249786 0.000848397
22 -0.00743866 0.00171661 -0.151637 1.28936 -1.26745 -0.634966 -0.137522 -1.34201 -1.32773 0.642977 -0.19894 -0.0181201 0.000572213 0.389296 -0.249748 -0.00167288 -0.194362 0.0169757 0.000190738 0.394255 -0.249786 0.000848397
22 -0.00743866 0.00171661 -0.151637 1.28593 -1.26745 -0.634966 -0.137522 -1.33781 -1.32773 0.642977 -0.19894 -0.0181201 0.000572213 0.389296 -0.249748 -0.00167288 -0.194362 0.0169757 0.000190738 0.394255 -0.249786 0.000848397
22 -0.00743866 0.00171661 -0.151637 1.28288 -1.26745 -0.634966 -0.137522 -1.33323 -1.32773 0.642977 -0.19894 -0.0181201 0.000572213 0.389296 -0.249748 -0.00167288 -0.194362 0.0169757 0.000190738 0.394255 -0.249951 0.00124844
22 -0.00743866 0.00171661 -0.151637 1.27945 -1.26745 -0.634966 -0.137522 -1.32866 -1.32773 0.642977 -0.19894 -0.0181201 0.000572213 0.389296 -0.249748 -0.00167288 -0.194362 0.0169757 0.000190738 0.394255 -0.249786 0.00084883
22 -0.00743866 0.00171661 -0.151637 1.27639 -1.26745 -0.634966 -0.137903 -1.32484 -1.32773 0.642977 -0.19894 -0.0181201 0.000572213 0.389296 -0.249748 -0.00167288 -0.194362 0.0169757 0.000190738 0.394255 -0.249786 0.000848397
22 -0.00743866 0.00171661 -0.151637 1.27296 -1.26745 -0.634966 -0.137903 -1.31988 -1.32773 0.642977 -0.19894 -0.0181201 0.000572213 0.389296 -0.249748 -0.00167288 -0.194362 0.0169757 0.000190738 0.394255 -0.249786 0.000848397
22 -0.00743866 0.00171661 -0.151637 1.26991 -1.26745 -0.634966 -0.137903 -1.3153 -1.32773 0.642977 -0.19894 -0.0181201 0.000572213 0.389296 -0.249748 -0.00167288 -0.194362 0.0169757 0.000190738 0.394255 -0.249786 0.000848397
22 -0.00743866 0.00171661 -0.151637 1.26648 -1.26745 -0.634966 -0.137903 -1.31073 -1.32773 0.642977 -0.19894 -0.0181201 0.000572213 0.389296 -0.249748 -0.00167288 -0.194362 0.0169757 0.000190738 0.394255 -0.249786 0.000848397
22 -0.00743866 0.00171661 -0.151637 1.26304 -1.26745 -0.634966 -0.138285 -1.30653 -1.32773 0.642977 -0.19894 -0.0181201 0.000572213 0.389296 -0.249748 -0.00167288 -0.194362 0.0169757 0.000190738 0.394255 -0.249786 0.000848397
22 -0.00743866 0.00171661 -0.151637 1.25999 -1.26745 -0.634966 -0.138285 -1.30195 -1.32773 0.642977 -0.19894 -0.0181201 0.000572213 0.389296 -0.249748 -0.00167288 -0.194362 0.0169757 0.000190738 0.394255 -0.249786 0.000848397
22 -0.00743866 0.00171661 -0.151637 1.25618 -1.26745 -0.634966 -0.138285 -1.29661 -1.32773 0.642977 -0.19894 -0.0181201 0.000572213 0.389296 -0.249748 -0.00167288 -0.194362 0.0169757 0.000190738 0.394255 -0.249951 0.00124844
22 -0.00743866 0.00171661 -0.151637 1.25312 -1.26745 -0.634966 -0.138285 -1.2928 -1.32773 0.642977 -0.19894 -0.0181201 0.000572213 0.389296 -0.249748 -0.00167288 -0.194362 0.0169757 0.000190738 0.394255 -0.249786 0.00084883
22 -0.00782013 0.00171661 -0.151637 1.24931 -1.26745 -0.634966 -0.138666 -1.28822 -1.32773 0.642977 -0.19894 -0.0181201 0.000572213 0.389296 -0.249748 -0.00167288 -0.194362 0.0169757 0.000190738 0.394255 -0.249951 0.00124844
22 -0.00743866 0.00171661 -0.151637 1.24626 -1.26745 -0.634966 -0.138666 -1.28288 -1.32773 0.642977 -0.19894 -0.0181201 0.000572213 0.389296 -0.249748 -0.00167288 -0.194362 0.0169757 0.000190738 0.394255 -0.249951 0.001248
22 -0.00743866 0.00171661 -0.151637 1.24244 -1.26745 -0.634966 -0.138666 -1.27792 -1.32773 0.642977 -0.19894 -0.0181201 0.000572213 0.389296 -0.249748 -0.00167288 -0.194362 0.0169757 0.000190738 0.394255 -0.249951 0.001248
22 -0.00743866 0.00171661 -0.151637 1.23939 -1.26745 -0.634966 -0.138666 -1.27334 -1.32773 0.642977 -0.19894 -0.0181201 0.000572213 0.389296 -0.249748 -0.00167288 -0.194362 0.0169757 0.000190738 0.394255 -0.249951 0.001248
22 -0.00743866 0.00171661 -0.151637 1.23558 -1.26745 -0.634966 -0.139048 -1.26915 -1.32773 0.642977 -0.19894 -0.0181201 0.000572213 0.389296 -0.249748 -0.00167288 -0.194362 0.0169757 0.000190738 0.394255 -0.249951 0.001248
22 -0.00743866 0.00171661 -0.151637 1.23214 -1.26745 -0.634966 -0.139048 -1.26419 -1.32773 0.642977 -0.19894 -0.0181201 0.000572213 0.389296 -0.249748 -0.00167288 -0.194362 0.0169757 0.000190738 0.394255 -0.249951 0.001248
22 -0.00743866 0.00171661 -0.151637 1.22833 -1.26745 -0.634966 -0.139048 -1.25885 -1.32773 0.642977 -0.19894 -0.0181201 0.000572213 0.389296 -0.249748 -0.00167288 -0.194362 0.0169757 0.000190738 0.394255 -0.249786 0.000848829
22 -0.00743866 0.00171661 -0.151637 1.22451 -1.26745 -0.634966 -0.139429 -1.25427 -1.32773 0.642977 -0.19894 -0.0185016 0.000572213 0.389296 -0.249748 -0.00167288 -0.194362 0.0169757 0.000190738 0.394255 -0.249951 0.00124844
22 -0.00743866 0.00171661 -0.151637 1.22108 -1.26745 -0.634966 -0.139429 -1.25007 -1.32773 0.642977 -0.19894 -0.0185016 0.000572213 0.389296 -0.249748 -0.00167288 -0.194362 0.0169757 0.000190738 0.394255 -0.249786 0.00084883
22 -0.00743866 0.00171661 -0.151637 1.21726 -1.26745 -0.634966 -0.139429 -1.24473 -1.32773 0.642977 -0.19894 -0.0185016 0.000572213 0.389296 -0.249748 -0.00167288 -0.194362 0.0169757 0.000190738 0.394255 -0.249786 0.000848397
22 -0.00743866 0.00171661 -0.151637 1.21421 -1.26745 -0.634966 -0.139811 -1.23977 -1.32773 0.642977 -0.19894 -0.0185016 0.000572213 0.389296 -0.249748 -0.00167288 -0.194362 0.0169757 0.000190738 0.394255 -0.249786 0.000848397
22 -0.00743866 0.00171661 -0.151637 1.2104 -1.26745 -0.634966 -0.140192 -1.23481 -1.32773 0.642977 -0.19894 -0.0185016 0.000572213 0.389296 -0.249748 -0.00167288 -0.194362 0.0169757 0.000190738 0.394255 -0.249786 0.000848397
22 -0.00743866 0.00171661 -0.151637 1.20697 -1.26745 -0.634966 -0.140192 -1.23062 -1.32773 0.642977 -0.19894 -0.0185016 0.000572213 0.389296 -0.249748 -0.00167288 -0.194362 0.0169757 0.000190738 0.394255 -0.249786 0.000848397
22 -0.00743866 0.00171661 -0.151637 1.20353 -1.26745 -0.634966 -0.140574 -1.22566 -1.32773 0.642977 -0.19894 -0.0185016 0.000572213 0.389296 -0.249748 -0.00167288 -0.194362 0.0169757 0.000190738 0.394255 -0.249786 0.000848397
22 -0.00743866 0.00171661 -0.151637 1.19972 -1.26745 -0.634966 -0.140574 -1.2207 -1.32773 0.642977 -0.19894 -0.0185016 0.000572213 0.389296 -0.249748 -0.00167288 -0.194362 0.0169757 0.000190738 0.394255 -0.249951 0.00124844
22 -0.00743866 0.00171661 -0.151637 1.19667 -1.26745 -0.634966 -0.140955 -1.21574 -1.32773 0.642977 -0.19894 -0.0185016 0.000572213 0.389296 -0.249748 -0.00167288 -0.194362 0.0169757 0.000190738 0.394255 -0.249786 0.00084883
22 -0.00743866 0.00171661 -0.151637 1.19285 -1.26745 -0.634966 -0.140955 -1.21078 -1.32773 0.642977 -0.19894 -0.0185016 0.000572213 0.389296 -0.249748 -0.00167288 -0.194362 0.0169757 0.000190738 0.394255 -0.249786 0.000848397
22 -0.00743866 0.00171661 -0.151637 1.18942 -1.26745 -0.634966 -0.141337 -1.20658 -1.32773 0.642977 -0.19894 -0.0185016 0.000572213 0.389296 -0.249748 -0.00167288 -0.194362 0.0169757 0.000190738 0.394255 -0.249951 0.00124844
22 -0.00743866 0.00171661 -0.151637 1.1856 -1.26745 -0.634966 -0.141718 -1.20162 -1.32773 0.642977 -0.19894 -0.0185016 0.000572213 0.389296 -0.249748 -0.00167288 -0.194362 0.0169757 0.000190738 0.394255 -0.249786 0.00084883
22 -0.00743866 0.00171661 -0.151637 1.18217 -1.26745 -0.634966 -0.141718 -1.19667 -1.32773 0.642977 -0.19894 -0.0185016 0.000572213 0.389296 -0.249748 -0.00167288 -0.194362 0.0169757 0.000190738 0.394255 -0.249786 0.000848397
22 -0.00743866 0.00171661 -0.151637 1.17874 -1.26745 -0.634966 -0.1421 -1.19171 -1.32773 0.642977 -0.19894 -0.0185016 0.000572213 0.389296 -0.249748 -0.00167288 -0.194362 0.0169757 0.000190738 0.394255 -0.249786 0.000848397
22 -0.00743866 0.00171661 -0.151637 1.17492 -1.26745 -0.634966 -0.1421 -1.18713 -1.32773 0.642977 -0.19894 -0.0185016 0.000572213 0.389296 -0.249748 -0.00167288 -0.194362 0.0169757 0.000190738 0.394255 -0.249786 0.000848397
22 -0.00743866 0.00171661 -0.151637 1.17149 -1.26745 -0.634966 -0.142481 -1.18255 -1.32773 0.642977 -0.19894 -0.0185016 0.000572213 0.389296 -0.249748 -0.00167288 -0.194362 0.0169757 0.000190738 0.394255 -0.249951 0.00124844
22 -0.00782013 0.00171661 -0.151637 1.16805 -1.26745 -0.634966 -0.142481 -1.17759 -1.32773 0.642977 -0.19894 -0.0185016 0.000572213 0.389296 -0.249748 -0.00167288 -0.194362 0.0169757 0.000190738 0.394255 -0.249786 0.00084883
22 -0.00743866 0.00171661 -0.151637 1.16462 -1.26745 -0.634966 -0.142863 -1.17225 -1.32773 0.642977 -0.19894 -0.0185016 0.000572213 0.389296 -0.249748 -0.00167288 -0.194362 0.0169757 0.000190738 0.394255 -0.249951 0.00124844
22 -0.00743866 0.00171661 -0.151637 1.16119 -1.26745 -0.634966 -0.142863 -1.16844 -1.32773 0.642977 -0.19894 -0.0185016 0.000572213 0.389296 -0.249748 -0.00167288 -0.194362 0.0169757 0.000190738 0.394255 -0.249786 0.00084883
22 -0.00743866 0.00171661 -0.152018 1.15775 -1.26745 -0.634966 -0.143244 -1.16386 -1.32773 0.642977 -0.19894 -0.0185016 0.000572213 0.389296 -0.249748 -0.00167288 -0.194362 0.0169757 0.000190738 0.394255 -0.249951 0.00124844
22 -0.00743866 0.00171661 -0.152018 1.15432 -1.26745 -0.634966 -0.143244 -1.1589 -1.32773 0.642977 -0.19894 -0.0185016 0.000572213 0.389296 -0.249748 -0.00167288 -0.194362 0.0169757 0.000190738 0.394255 -0.249786 0.00084883
22 -0.00743866 0.00171661 -0.152018 1.15089 -1.26745 -0.634966 -0.143626 -1.15394 -1.32773 0.642977 -0.19894 -0.0185016 0.000572213 0.389296 -0.249748 -0.00167288 -0.194362 0.0169757 0.000190738 0.394255 -0.249786 0.000848397
22 -0.00743866 0.00171661 -0.152018 1.14745 -1.26745 -0.634966 -0.144007 -1.15013 -1.32773 0.643359 -0.19894 -0.0185016 0.000572213 0.389296 -0.249748 -0.00167288 -0.194362 0.0169757 0.000190738 0.394255 -0.249786 0.000848397
22 -0.00782013 0.00171661 -0.152018 1.14402 -1.26745 -0.634966 -0.144007 -1.14555 -1.32773 0.643359 -0.19894 -0.0185016 0.000572213 0.389296 -0.249748 -0.00167288 -0.194362 0.0169757 0.000190738 0.394255 -0.249786 0.000848397
22 -0.00743866 0.00171661 -0.152018 1.14059 -1.26745 -0.634966 -0.144388 -1.14059 -1.32773 0.643359 -0.19894 -0.0185016 0.000572213 0.389296 -0.249748 -0.00167288 -0.194362 0.0169757 0.000190738 0.394255 -0.249786 0.000848397
22 -0.00743866 0.00171661 -0.152018 1.13716 -1.26745 -0.634966 -0.14477 -1.13639 -1.32773 0.643359 -0.19894 -0.0185016 0.000572213 0.389296 -0.249748 -0.00167288 -0.194362 0.0169757 0.000190738 0.394255 -0.249951 0.00124844
22 -0.00743866 0.00171661 -0.152018 1.1341 -1.26745 -0.634966 -0.145151 -1.13258 -1.32773 0.643359 -0.19894 -0.0185016 0.000572213 0.389296 -0.249748 -0.00167288 -0.194362 0.0169757 0.000190738 0.394255 -0.249951 0.001248
22 -0.00782013 0.00171661 -0.152018 1.13067 -1.26745 -0.634966 -0.145151 -1.128 -1.32773 0.643359 -0.19894 -0.0185016 0.000572213 0.389296 -0.249748 -0.00167288 -0.194362 0.0169757 0.000190738 0.394255 -0.249951 0.001248
22 -0.00743866 0.00171661 -0.152018 1.12762 -1.26745 -0.634966 -0.145533 -1.12342 -1.32773 0.643359 -0.19894 -0.0185016 0.000572213 0.389296 -0.249748 -0.00167288 -0.194362 0.0169757 0.000190738 0.394255 -0.249951 0.001248
22 -0.00743866 0.00171661 -0.152018 1.12418 -1.26745 -0.634966 -0.145914 -1.11961 -1.32773 0.643359 -0.19894 -0.0185016 0.000572213 0.389296 -0.249748 -0.00167288 -0.194362 0.0169757 0.000190738 0.394255 -0.249951 0.001248
22 -0.00743866 0.00171661 -0.152018 1.12151 -1.26745 -0.634966 -0.146296 -1.11503 -1.32773 0.643359 -0.19894 -0.0185016 0.000572213 0.389296 -0.249748 -0.00167288 -0.194362 0.0169757 0.000190738 0.394255 -0.249951 0.001248
22 -0.00743866 0.00171661 -0.152018 1.11808 -1.26745 -0.634966 -0.146677 -1.11083 -1.32773 0.643359 -0.19894 -0.0185016 0.000572213 0.389296 -0.249748 -0.00167288 -0.194362 0.0169757 0.000190738 0.394255 -0.249951 0.001248
22 -0.00743866 0.00171661 -0.152018 1.11541 -1.26745 -0.634966 -0.146677 -1.1074 -1.32773 0.643359 -0.19894 -0.0185016 0.000572213 0.389296 -0.249748 -0.00167288 -0.194362 0.0169757 0.000190738 0.394255 -0.249786 0.000848829
22 -0.00743866 0.00171661 -0.152018 1.11198 -1.26745 -0.634966 -0.147059 -1.10282 -1.32773 0.643359 -0.19894 -0.0185016 0.000572213 0.389296 -0.249748 -0.00167288 -0.194362 0.0169757 0.000190738 0.394255 -0.249951 0.00124844
22 -0.00743866 0.00171661 -0.152018 1.10931 -1.26745 -0.634966 -0.14744 -1.09901 -1.32773 0.643359 -0.19894 -0.0185016 0.000572213 0.389296 -0.249748 -0.00167288 -0.194362 0.0169757 0.000190738 0.394255 -0.249951 0.001248
22 -0.00743866 0.00171661 -0.152018 1.10626 -1.26745 -0.634966 -0.147822 -1.09519 -1.32773 0.643359 -0.19894 -0.0185016 0.000572213 0.389296 -0.249748 -0.00167288 -0.194362 0.0169757 0.000190738 0.394255 -0.249786 0.000848829
22 -0.00743866 0.00171661 -0.152018 1.10359 -1.26745 -0.634966 -0.148203 -1.091 -1.32773 0.643359 -0.19894 -0.0185016 0.000572213 0.389296 -0.249748 -0.00167288 -0.194362 0.0169757 0.000190738 0.394255 -0.249951 0.00124844
22 -0.00743866 0.00171661 -0.152018 1.10053 -1.26745 -0.634966 -0.148203 -1.08794 -1.32773 0.643359 -0.19894 -0.0185016 0.000572213 0.389296 -0.249748 -0.00167288 -0.194362 0.0169757 0.000190738 0.394255 -0.249951 0.001248
22 -0.00743866 0.00171661 -0.152018 1.09786 -1.26745 -0.634966 -0.148585 -1.08375 -1.32773 0.643359 -0.19894 -0.0185016 0.000572213 0.389296 -0.249748 -0.00167288 -0.194362 0.0169757 0.000190738 0.394255 -0.249951 0.001248
22 -0.00743866 0.00171661 -0.152018 1.09519 -1.26745 -0.634966 -0.148966 -1.07993 -1.32773 0.643359 -0.19894 -0.0185016 0.000572213 0.389296 -0.249748 -0.00167288 -0.194362 0.0169757 0.000190738 0.394255 -0.249786 0.000848829
22 -0.00743866 0.00171661 -0.152399 1.09214 -1.26745 -0.634966 -0.148966 -1.07688 -1.32773 0.643359 -0.19894 -0.0185016 0.000572213 0.389296 -0.249748 -0.00167288 -0.194362 0.0169757 0.000190738 0.394255 -0.249786 0.000848397
22 -0.00743866 0.00171661 -0.152399 1.08985 -1.26745 -0.634585 -0.149348 -1.07269 -1.32773 0.643359 -0.19894 -0.0185016 0.000572213 0.389296 -0.249748 -0.00167288 -0.194362 0.0169757 0.000190738 0.394255 -0.249786 0.000848397
22 -0.00743866 0.00171661 -0.152399 1.0868 -1.26745 -0.634585 -0.149729 -1.07002 -1.32773 0.643359 -0.19894 -0.0185016 0.000572213 0.389296 -0.249748 -0.00167288 -0.194362 0.0169757 0.000190738 0.394255 -0.249786 0.000848397
22 -0.00743866 0.00171661 -0.152399 1.08451 -1.26745 -0.634585 -0.149729 -1.06582 -1.32773 0.643359 -0.19894 -0.0185016 0.000572213 0.389296 -0.249748 -0.00167288 -0.194362 0.0169757 0.000190738 0.394255 -0.249786 0.000848397
22 -0.00743866 0.00171661 -0.152399 1.08184 -1.26745 -0.634585 -0.150111 -1.06315 -1.32773 0.643359 -0.19894 -0.0185016 0.000572213 0.389296 -0.249748 -0.00167288 -0.194362 0.0169757 0.000190738 0.394255 -0.249786 0.000848397
22 -0.00743866 0.00171661 -0.152399 1.07955 -1.26745 -0.634585 -0.150492 -1.05933 -1.32773 0.643359 -0.19894 -0.0185016 0.000572213 0.389296 -0.249748 -0.00167288 -0.194362 0.0169757 0.000190738 0.394255 -0.249786 0.000848397
22 -0.00743866 0.00171661 -0.152399 1.07688 -1.26745 -0.634585 -0.150492 -1.05705 -1.32773 0.643359 -0.19894 -0.0185016 0.000572213 0.389296 -0.249748 -0.00167288 -0.194362 0.0169757 0.000190738 0.394255 -0.249786 0.000848397
22 -0.00743866 0.00171661 -0.152399 1.07459 -1.26745 -0.634585 -0.150874 -1.05323 -1.32773 0.643359 -0.19894 -0.0185016 0.000572213 0.389296 -0.249748 -0.00167288 -0.194362 0.0169757 0.000190738 0.394255 -0.249951 0.00124844
22 -0.00743866 0.00171661 -0.152399 1.0723 -1.26745 -0.634585 -0.151255 -1.05056 -1.32773 0.643359 -0.19894 -0.0185016 0.000572213 0.389296 -0.249748 -0.00167288 -0.194362 0.0169757 0.000190738 0.394255 -0.249951 0.001248
22 -0.00743866 0.00171661 -0.152399 1.07002 -1.26745 -0.634585 -0.151255 -1.04713 -1.32773 0.643359 -0.19894 -0.0185016 0.000572213 0.389296 -0.249748 -0.00167288 -0.194362 0.0169757 0.000190738 0.394255 -0.249951 0.001248
22 -0.00743866 0.00171661 -0.152399 1.06735 -1.26745 -0.634585 -0.151637 -1.04484 -1.32773 0.643359 -0.19894 -0.0185016 0.000572213 0.389296 -0.249748 -0.00167288 -0.194362 0.0169757 0.000190738 0.394255 -0.249951 0.001248
22 -0.00743866 0.00171661 -0.152399 1.06544 -1.26745 -0.634585 -0.152018 -1.0414 -1.32773 0.643359 -0.19894 -0.0185016 0.000572213 0.389296 -0.249748 -0.00167288 -0.194362 0.0169757 0.000190738 0.394255 -0.249951 0.001248
22 -0.00743866 0.00171661 -0.152399 1.06315 -1.26745 -0.634585 -0.152399 -1.03912 -1.32773 0.643359 -0.19894 -0.0185016 0.000572213 0.389296 -0.249748 -0.00167288 -0.194362 0.0169757 0.000190738 0.394255 -0.249951 0.001248
22 -0.00743866 0.00171661 -0.152399 1.06086 -1.26745 -0.634585 -0.152781 -1.03568 -1.32773 0.643359 -0.19894 -0.0185016 0.000572213 0.389296 -0.249748 -0.00167288 -0.194362 0.0169757 0.000190738 0.394255 -0.249786 0.000848829
22 -0.00743866 0.00171661 -0.152399 1.05895 -1.26745 -0.634585 -0.153162 -1.03339 -1.32773 0.643359 -0.19894 -0.0185016 0.000572213 0.389296 -0.249748 -0.00167288 -0.194362 0.0169757 0.000190738 0.394255 -0.249951 0.00124844
22 -0.00743866 0.00171661 -0.152399 1.05705 -1.26745 -0.634585 -0.153162 -1.0311 -1.32773 0.643359 -0.19894 -0.0185016 0.000572213 0.389296 -0.249748 -0.00167288 -0.194362 0.0169757 0.000190738 0.394255 -0.249951 0.001248
22 -0.00743866 0.00171661 -0.152399 1.05476 -1.26745 -0.634585 -0.153544 -1.02805 -1.32773 0.643359 -0.19894 -0.0185016 0.000572213 0.389296 -0.249748 -0.00167288 -0.194362 0.0169757 0.000190738 0.394255 -0.249951 0.001248
22 -0.00743866 0.00171661 -0.152399 1.05285 -1.26745 -0.634585 -0.153925 -1.02615 -1.32773 0.643359 -0.19894 -0.0185016 0.000572213 0.389296 -0.249748 -0.00167288 -0.194362 0.0169757 0.000190738 0.394255 -0.249786 0.000848829
22 -0.00743866 0.00171661 -0.152399 1.05094 -1.26745 -0.634585 -0.153925 -1.02309 -1.32773 0.643359 -0.19894 -0.0185016 0.000572213 0.389296 -0.249748 -0.00167288 -0.194362 0.0169757 0.000190738 0.394255 -0.249786 0.000848397
22 -0.00743866 0.00171661 -0.152399 1.04903 -1.26745 -0.634585 -0.154307 -1.02119 -1.32773 0.643359 -0.19894 -0.0185016 0.000572213 0.389296 -0.249748 -0.00167288 -0.194362 0.0169757 0.000190738 0.394255 -0.249951 0.00124844
22 -0.00743866 0.00171661 -0.152399 1.04713 -1.26745 -0.634585 -0.154688 -1.01928 -1.32773 0.643359 -0.19894 -0.0185016 0.000572213 0.389296 -0.249748 -0.00167288 -0.194362 0.0169757 0.000190738 0.394255 -0.249951 0.001248
22 -0.00743866 0.00171661 -0.152399 1.04598 -1.26745 -0.634585 -0.154688 -1.01623 -1.32773 0.643359 -0.19894 -0.0185016 0.000572213 0.389296 -0.249748 -0.00167288 -0.194362 0.0169757 0.000190738 0.394255 -0.249951 0.001248
22 -0.00743866 0.00209808 -0.152399 1.04369 -1.26745 -0.634585 -0.15507 -1.01432 -1.32773 0.643359 -0.19894 -0.0185016 0.000572213 0.389296 -0.249748 -0.00167288 -0.194362 0.0169757 0.000190738 0.394255 -0.249951 0.001248
22 -0.00743866 0.00171661 -0.152399 1.04217 -1.26745 -0.634585 -0.15507 -1.01241 -1.32773 0.643359 -0.19894 -0.0185016 0.000572213 0.389296 -0.249748 -0.00167288 -0.194362 0.0169757 0.000190738 0.394255 -0.249951 0.001248
22 -0.00743866 0.00171661 -0.152399 1.04064 -1.26745 -0.634585 -0.155451 -1.01012 -1.32773 0.643359 -0.19894 -0.0185016 0.000572213 0.389296 -0.249748 -0.00167288 -0.194362 0.0169757 0.000190738 0.394255 -0.249951 0.001248
22 -0.00743866 0.00171661 -0.152399 1.03912 -1.26745 -0.634585 -0.155451 -1.0086 -1.32773 0.643359 -0.19894 -0.0185016 0.000572213 0.389296 -0.249748 -0.00167288 -0.194362 0.0169757 0.000190738 0.394255 -0.249951 0.001248
22 -0.00743866 0.00171661 -0.152399 1.03759 -1.26745 -0.634585 -0.155833 -1.00707 -1.32773 0.643359 -0.19894 -0.0185016 0.000572213 0.389296 -0.249748 -0.00167288 -0.194362 0.0169757 0.000190738 0.394255 -0.249786 0.000848829
22 -0.00743866 0.00171661 -0.152399 1.03645 -1.26745 -0.634585 -0.156214 -1.0044 -1.32773 0.643359 -0.19894 -0.0185016 0.000572213 0.389296 -0.249748 -0.00167288 -0.194362 0.0169757 0.000190738 0.394255 -0.249786 0.000848397
22 -0.00743866 0.00171661 -0.152399 1.03492 -1.26745 -0.634203 -0.156596 -1.00288 -1.32773 0.643359 -0.19894 -0.0185016 0.000572213 0.389296 -0.249748 -0.00167288 -0.194362 0.0169757 0.000190738 0.394255 -0.249951 0.00124844
22 -0.00743866 0.00171661 -0.152399 1.03378 -1.26745 -0.634203 -0.156596 -1.00135 -1.32773 0.643359 -0.19894 -0.0185016 0.000572213 0.389296 -0.249748 -0.00167288 -0.194362 0.0169757 0.000190738 0.394255 -0.249951 0.001248
22 -0.00743866 0.00171661 -0.152399 1.03187 -1.26745 -0.634203 -0.156977 -0.999824 -1.32773 0.643359 -0.19894 -0.0185016 0.000572213 0.389296 -0.249748 -0.00167288 -0.194362 0.0169757 0.000190738 0.394255 -0.249786 0.000848829
22 -0.00743866 0.00171661 -0.152399 1.03072 -1.26745 -0.634203 -0.157359 -0.997535 -1.32773 0.643359 -0.19894 -0.0185016 0.000572213 0.389296 -0.249748 -0.00167288 -0.194362 0.0169757 0.000190738 0.394255 -0.249786 0.000848397
22 -0.00743866 0.00171661 -0.152399 1.02958 -1.26745 -0.634203 -0.157359 -0.996391 -1.32773 0.643359 -0.19894 -0.0185016 0.000572213 0.389296 -0.249748 -0.00167288 -0.194362 0.0169757 0.000190738 0.394255 -0.249951 0.00124844
22 -0.00743866 0.00171661 -0.152399 1.02843 -1.26745 -0.633822 -0.15774 -0.995246 -1.32773 0.643359 -0.19894 -0.0185016 0.000572213 0.389296 -0.249748 -0.00167288 -0.194362 0.0169757 0.000190738 0.394255 -0.249951 0.001248
22 -0.00743866 0.00171661 -0.152399 1.02729 -1.26745 -0.633822 -0.158122 -0.994483 -1.32773 0.643359 -0.19894 -0.0185016 0.000572213 0.389296 -0.249748 -0.00167288 -0.194362 0.0169757 0.000190738 0.394255 -0.249951 0.001248
22 -0.00743866 0.00171661 -0.152399 1.02615 -1.26745 -0.633822 -0.158122 -0.992576 -1.32773 0.643359 -0.19894 -0.0185016 0.000572213 0.389296 -0.249748 -0.00167288 -0.194362 0.0169757 0.000190738 0.394255 -0.249951 0.001248
22 -0.00743866 0.00171661 -0.152399 1.025 -1.26745 -0.633822 -0.158503 -0.99105 -1.32773 0.643359 -0.19894 -0.0185016 0.000572213 0.389296 -0.249748 -0.00167288 -0.194362 0.0169757 0.000190738 0.394255 -0.249951 0.001248
22 -0.00743866 0.00171661 -0.152399 1.02462 -1.26745 -0.63344 -0.158503 -0.990287 -1.32773 0.643359 -0.19894 -0.0185016 0.000572213 0.389296 -0.249748 -0.00167288 -0.194362 0.0169757 0.000190738 0.394255 -0.249951 0.001248
22 -0.00743866 0.00171661 -0.152399 1.02348 -1.26745 -0.63344 -0.158885 -0.989524 -1.32773 0.643359 -0.19894 -0.0185016 0.000572213 0.389296 -0.249748 -0.00167288 -0.194362 0.0169757 0.000190738 0.394255 -0.249951 0.001248
22 -0.00743866 0.00171661 -0.152399 1.02233 -1.26745 -0.63344 -0.158885 -0.98838 -1.32773 0.643359 -0.19894 -0.0185016 0.000572213 0.389296 -0.249748 -0.00167288 -0.194362 0.0169757 0.000190738 0.394255 -0.249951 0.001248
22 -0.00743866 0.00171661 -0.152018 1.02157 -1.26745 -0.633059 -0.159266 -0.986854 -1.32773 0.643359 -0.19894 -0.0185016 0.000572213 0.389296 -0.249748 -0.00167288 -0.194362 0.0169757 0.000190738 0.394255 -0.249951 0.001248
22 -0.00743866 0.00171661 -0.152018 1.02081 -1.26745 -0.633059 -0.159266 -0.985709 -1.32773 0.643359 -0.19894 -0.0185016 0.000572213 0.389296 -0.249748 -0.00167288 -0.194362 0.0169757 0.000190738 0.394255 -0.249951 0.001248
22 -0.00743866 0.00171661 -0.152018 1.01966 -1.26745 -0.633059 -0.159648 -0.984946 -1.32773 0.643359 -0.19894 -0.0185016 0.000572213 0.389296 -0.249748 -0.00167288 -0.194362 0.0169757 0.000190738 0.394255 -0.249951 0.001248
22 -0.00743866 0.00209808 -0.152018 1.0189 -1.26745 -0.632677 -0.159648 -0.984565 -1.32773 0.643359 -0.19894 -0.0185016 0.000572213 0.389296 -0.249748 -0.00167288 -0.194362 0.0169757 0.000190738 0.394255 -0.249951 0.001248
22 -0.00743866 0.00171661 -0.152018 1.01813 -1.26745 -0.632677 -0.159648 -0.983802 -1.32773 0.643359 -0.19894 -0.0185016 0.000572213 0.389296 -0.249748 -0.00167288 -0.194362 0.0169757 0.000190738 0.394255 -0.249951 0.001248
22 -0.00743866 0.00171661 -0.152018 1.01775 -1.26745 -0.632677 -0.159648 -0.98342 -1.32773 0.643359 -0.19894 -0.0185016 0.000572213 0.389296 -0.249748 -0.00167288 -0.194362 0.0169757 0.000190738 0.394255 -0.249951 0.001248
22 -0.00743866 0.00171661 -0.152018 1.01737 -1.26745 -0.632677 -0.160029 -0.982657 -1.32773 0.643359 -0.19894 -0.0185016 0.000572213 0.389296 -0.249748 -0.00167288 -0.194362 0.0169757 0.000190738 0.394255 -0.249951 0.001248
22 -0.00743866 0.00171661 -0.152018 1.01699 -1.26745 -0.632677 -0.160029 -0.982276 -1.32773 0.643359 -0.19894 -0.0185016 0.000572213 0.389296 -0.249748 -0.00167288 -0.194362 0.0169757 0.000190738 0.394255 -0.249951 0.001248
22 -0.00743866 0.00171661 -0.151637 1.01661 -1.26745 -0.632677 -0.160029 -0.981894 -1.32773 0.643359 -0.19894 -0.0185016 0.000572213 0.389296 -0.249748 -0.00167288 -0.194362 0.0169757 0.000190738 0.394255 -0.249951 0.001248
22 -0.00743866 0.00171661 -0.151637 1.01623 -1.26745 -0.632677 -0.160029 -0.981132 -1.32773 0.643359 -0.19894 -0.0185016 0.000572213 0.389296 -0.249748 -0.00167288 -0.194362 0.0169757 0.000190738 0.394255 -0.249951 0.001248
22 -0.00743866 0.00171661 -0.151637 1.01585 -1.26745 -0.632677 -0.160029 -0.98075 -1.32773 0.643359 -0.19894 -0.0185016 0.000572213 0.389296 -0.249748 -0.00167288 -0.194362 0.0169757 0.000190738 0.394255 -0.249951 0.001248
22 -0.00743866 0.00171661 -0.151637 1.01585 -1.26745 -0.632677 -0.160029 -0.980369 -1.32773 0.643359 -0.19894 -0.0185016 0.000572213 0.389296 -0.249748 -0.00167288 -0.194362 0.0169757 0.000190738 0.394255 -0.249951 0.001248
22 -0.00743866 0.00171661 -0.151637 1.01546 -1.26707 -0.632677 -0.160029 -0.979987 -1.32773 0.643359 -0.19894 -0.0185016 0.000572213 0.389296 -0.249748 -0.00167288 -0.194362 0.0169757 0.000190738 0.394255 -0.249951 0.001248
22 -0.00743866 0.00171661 -0.151637 1.01546 -1.26745 -0.632677 -0.160029 -0.979987 -1.32734 0.643359 -0.19894 -0.0185016 0.000572213 0.389296 -0.249748 -0.00167288 -0.194362 0.0169757 0.000190738 0.394255 -0.249786 0.000848829
22 -0.00743866 0.00171661 -0.151255 1.01546 -1.26707 -0.632677 -0.160029 -0.979606 -1.32734 0.643359 -0.19894 -0.0185016 0.000572213 0.389296 -0.249748 -0.00167288 -0.194362 0.0169757 0.000190738 0.394255 -0.249786 0.000848397
22 -0.00743866 0.00171661 -0.151255 1.01546 -1.26707 -0.632677 -0.160029 -0.979606 -1.32734 0.643359 -0.19894 -0.0185016 0.000572213 0.389296 -0.249748 -0.00167288 -0.194362 0.0169757 0.000190738 0.394255 -0.249951 0.00124844
22 -0.00743866 0.00171661 -0.151255 1.01546 -1.26707 -0.632677 -0.160029 -0.979987 -1.32734 0.643359 -0.19894 -0.0185016 0.000572213 0.389296 -0.249748 -0.00167288 -0.194362 0.0169757 0.000190738 0.394255 -0.249786 0.00084883
22 -0.00743866 0.00171661 -0.151255 1.01546 -1.26707 -0.632677 -0.159648 -0.979987 -1.32734 0.643359 -0.19894 -0.0185016 0.000572213 0.389296 -0.249748 -0.00167288 -0.194362 0.0169757 0.000190738 0.394255 -0.249951 0.00124844
22 -0.00743866 0.00171661 -0.150874 1.01585 -1.26707 -0.632677 -0.159648 -0.980369 -1.32734 0.643359 -0.19894 -0.0185016 0.000572213 0.389296 -0.249748 -0.00167288 -0.194362 0.0169757 0.000190738 0.394255 -0.249951 0.001248
22 -0.00743866 0.00171661 -0.150874 1.01585 -1.26707 -0.632677 -0.159648 -0.980369 -1.32734 0.643359 -0.19894 -0.0185016 0.000572213 0.389296 -0.249748 -0.00167288 -0.194362 0.0169757 0.000190738 0.394255 -0.249951 0.001248
22 -0.00743866 0.00171661 -0.150874 1.01585 -1.26707 -0.632677 -0.159648 -0.98075 -1.32734 0.643359 -0.19894 -0.0185016 0.000572213 0.389296 -0.249748 -0.00167288 -0.194362 0.0169757 0.000190738 0.394255 -0.249786 0.000848829
22 -0.00743866 0.00171661 -0.150492 1.01623 -1.26707 -0.632677 -0.159648 -0.981132 -1.32734 0.643359 -0.19894 -0.0185016 0.000572213 0.389296 -0.249748 -0.00167288 -0.194362 0.0169757 0.000190738 0.394255 -0.249951 0.00124844
22 -0.00743866 0.00171661 -0.150492 1.01661 -1.26707 -0.632677 -0.159648 -0.981513 -1.32734 0.643359 -0.19894 -0.0185016 0.000572213 0.389296 -0.249748 -0.00167288 -0.194362 0.0169757 0.000190738 0.394255 -0.249951 0.001248
22 -0.00743866 0.00171661 -0.150111 1.01699 -1.26707 -0.632677 -0.159648 -0.981894 -1.32734 0.643359 -0.19894 -0.0185016 0.000572213 0.389296 -0.249748 -0.00167288 -0.194362 0.0169757 0.000190738 0.394255 -0.249786 0.000848829
22 -0.00743866 0.00171661 -0.150111 1.01737 -1.26707 -0.632677 -0.159648 -0.982276 -1.32734 0.643359 -0.19894 -0.0185016 0.000572213 0.389296 -0.249748 -0.00167288 -0.194362 0.0169757 0.000190738 0.394255 -0.249951 0.00124844
22 -0.00743866 0.00171661 -0.149729 1.01813 -1.26707 -0.632677 -0.159648 -0.982657 -1.32734 0.643359 -0.19894 -0.0185016 0.000572213 0.389296 -0.249748 -0.00167288 -0.194362 0.0169757 0.000190738 0.394255 -0.249951 0.001248
22 -0.00743866 0.00171661 -0.149348 1.01852 -1.26707 -0.632677 -0.159648 -0.983039 -1.32696 0.643359 -0.19894 -0.0185016 0.000572213 0.389296 -0.249748 -0.00167288 -0.194362 0.0169757 0.000190738 0.394255 -0.249951 0.001248
22 -0.00743866 0.00171661 -0.149348 1.01928 -1.26707 -0.632677 -0.159648 -0.98342 -1.32696 0.643359 -0.19894 -0.0185016 0.000572213 0.389296 -0.249748 -0.00167288 -0.194362 0.0169757 0.000190738 0.394255 -0.249951 0.001248
22 -0.00743866 0.00171661 -0.148966 1.02004 -1.26707 -0.632677 -0.159266 -0.984183 -1.32696 0.643359 -0.19894 -0.0185016 0.000572213 0.389296 -0.249748 -0.00167288 -0.194362 0.0169757 0.000190738 0.394255 -0.249951 0.001248
22 -0.00743866 0.00171661 -0.148966 1.02081 -1.26707 -0.632677 -0.159648 -0.984946 -1.32696 0.643359 -0.19894 -0.0185016 0.000572213 0.389296 -0.249748 -0.00167288 -0.194362 0.0169757 0.000190738 0.394255 -0.249951 0.001248
22 -0.00743866 0.00171661 -0.148585 1.02157 -1.26707 -0.632677 -0.159648 -0.985328 -1.32696 0.643359 -0.19894 -0.0185016 0.000572213 0.389296 -0.249748 -0.00167288 -0.194362 0.0169757 0.000190738 0.394255 -0.249951 0.001248
22 -0.00743866 0.00171661 -0.148203 1.02233 -1.26669 -0.632677 -0.159266 -0.986854 -1.32696 0.643359 -0.19894 -0.0185016 0.000572213 0.389296 -0.249748 -0.00167288 -0.194362 0.0169757 0.000190738 0.394255 -0.249951 0.001248
22 -0.00743866 0.00171661 -0.148203 1.02309 -1.26669 -0.632677 -0.159266 -0.98838 -1.32696 0.643359 -0.19894 -0.0185016 0.000572213 0.389296 -0.249748 -0.00167288 -0.194362 0.0169757 0.000190738 0.394255 -0.249951 0.001248
22 -0.00743866 0.00171661 -0.147822 1.02424 -1.26669 -0.632677 -0.159266 -0.989524 -1.32696 0.643359 -0.19894 -0.0185016 0.000572213 0.389296 -0.249748 -0.00167288 -0.194362 0.0169757 0.000190738 0.394255 -0.249951 0.001248
22 -0.00743866 0.00171661 -0.14744 1.025 -1.26669 -0.632677 -0.159266 -0.990287 -1.32696 0.643359 -0.19894 -0.0185016 0.000572213 0.389296 -0.249748 -0.00167288 -0.194362 0.0169757 0.000190738 0.394255 -0.249951 0.001248
22 -0.00743866 0.00171661 -0.147059 1.02576 -1.26669 -0.632677 -0.159266 -0.991431 -1.32696 0.643359 -0.19894 -0.0185016 0.000572213 0.389296 -0.249748 -0.00167288 -0.194362 0.0169757 0.000190738 0.394255 -0.249951 0.001248
22 -0.00743866 0.00171661 -0.146677 1.02691 -1.26669 -0.632677 -0.159266 -0.993339 -1.32696 0.643359 -0.19894 -0.0185016 0.000572213 0.389296 -0.249748 -0.00167288 -0.194362 0.0169757 0.000190738 0.394255 -0.249951 0.001248
22 -0.00743866 0.00171661 -0.146296 1.02805 -1.26669 -0.632677 -0.159266 -0.994865 -1.32696 0.643359 -0.19894 -0.0185016 0.000572213 0.389296 -0.249748 -0.00167288 -0.194362 0.0169757 0.000190738 0.394255 -0.249951 0.001248
22 -0.00743866 0.00171661 -0.145914 1.0292 -1.26669 -0.632677 -0.158885 -0.996009 -1.32696 0.643359 -0.19894 -0.0185016 0.000572213 0.389296 -0.249748 -0.00167288 -0.194362 0.0169757 0.000190738 0.394255 -0.249951 0.001248
22 -0.00743866 0.00171661 -0.145533 1.03034 -1.26631 -0.632677 -0.158885 -0.997535 -1.32696 0.643359 -0.19894 -0.0185016 0.000572213 0.389296 -0.249748 -0.00167288 -0.194362 0.0169757 0.000190738 0.394255 -0.249951 0.001248
22 -0.00743866 0.00171661 -0.145533 1.03149 -1.26631 -0.632677 -0.158885 -0.999061 -1.32696 0.643359 -0.19894 -0.0185016 0.000572213 0.389296 -0.249748 -0.00167288 -0.194362 0.0169757 0.000190738 0.394255 -0.249951 0.001248
22 -0.00743866 0.00171661 -0.145151 1.03301 -1.26631 -0.632677 -0.158885 -1.00135 -1.32696 0.643359 -0.19894 -0.0185016 0.000572213 0.389296 -0.249748 -0.00167288 -0.194362 0.0169757 0.000190738 0.394255 -0.249951 0.001248
22 -0.00743866 0.00171661 -0.14477 1.03454 -1.26631 -0.632677 -0.158885 -1.00288 -1.32696 0.643359 -0.19894 -0.0185016 0.000572213 0.389296 -0.249748 -0.00167288 -0.194362 0.0169757 0.000190738 0.394255 -0.249951 0.001248
22 -0.00743866 0.00171661 -0.14477 1.03606 -1.26631 -0.632677 -0.158885 -1.0044 -1.32696 0.643359 -0.19894 -0.0185016 0.000572213 0.389296 -0.249748 -0.00167288 -0.194362 0.0169757 0.000190738 0.394255 -0.249951 0.001248
22 -0.00743866 0.00171661 -0.144388 1.03759 -1.26631 -0.632677 -0.158503 -1.00707 -1.32696 0.643359 -0.19894 -0.0185016 0.000572213 0.389296 -0.249748 -0.00167288 -0.194362 0.0169757 0.000190738 0.394255 -0.249951 0.001248
22 -0.00743866 0.00171661 -0.144007 1.0395 -1.26631 -0.632677 -0.158503 -1.0086 -1.32696 0.643359 -0.19894 -0.0185016 0.000572213 0.389296 -0.249748 -0.00167288 -0.194362 0.0169757 0.000190738 0.394255 -0.249951 0.001248
22 -0.00743866 0.00171661 -0.143626 1.0414 -1.26631 -0.632677 -0.158503 -1.01012 -1.32696 0.643359 -0.19894 -0.0185016 0.000572213 0.389296 -0.249748 -0.00167288 -0.194362 0.0169757 0.000190738 0.394255 -0.249951 0.001248
22 -0.00743866 0.00209808 -0.143626 1.04293 -1.26631 -0.632677 -0.158503 -1.01279 -1.32696 0.643359 -0.19894 -0.0185016 0.000572213 0.389296 -0.249748 -0.00167288 -0.194362 0.0169757 0.000190738 0.394255 -0.249951 0.001248
22 -0.00743866 0.00171661 -0.143244 1.04522 -1.26631 -0.632677 -0.158503 -1.0147 -1.32696 0.643359 -0.19894 -0.0185016 0.000572213 0.389296 -0.249748 -0.00167288 -0.194362 0.0169757 0.000190738 0.394255 -0.249786 0.000848829
22 -0.00743866 0.00171661 -0.142863 1.04713 -1.26631 -0.632677 -0.158503 -1.01661 -1.32696 0.643359 -0.19894 -0.0185016 0.000572213 0.389296 -0.249748 -0.00167288 -0.194362 0.0169757 0.000190738 0.394255 -0.249951 0.00124844
22 -0.00743866 0.00171661 -0.142481 1.04942 -1.26631 -0.632677 -0.158122 -1.01966 -1.32696 0.643359 -0.19894 -0.0185016 0.000572213 0.389296 -0.249748 -0.00167288 -0.194362 0.0169757 0.000190738 0.394255 -0.249951 0.001248
22 -0.00743866 0.00171661 -0.142481 1.0517 -1.26631 -0.632677 -0.158122 -1.02157 -1.32696 0.643359 -0.19894 -0.0185016 0.000572213 0.389296 -0.249748 -0.00167288 -0.194362 0.0169757 0.000190738 0.394255 -0.249951 0.001248
22 -0.00743866 0.00171661 -0.1421 1.05399 -1.26631 -0.632677 -0.158122 -1.02386 -1.32696 0.643359 -0.19894 -0.0185016 0.000572213 0.389296 -0.249748 -0.00167288 -0.194362 0.0169757 0.000190738 0.394255 -0.249951 0.001248
22 -0.00743866 0.00171661 -0.1421 1.05628 -1.26631 -0.632677 -0.158122 -1.02653 -1.32696 0.643359 -0.19894 -0.0185016 0.000572213 0.389296 -0.249748 -0.00167288 -0.194362 0.0169757 0.000190738 0.394255 -0.249951 0.001248
22 -0.00743866 0.00171661 -0.141718 1.05895 -1.26631 -0.632677 -0.15774 -1.02843 -1.32696 0.643359 -0.19894 -0.0185016 0.000572213 0.389296 -0.249748 -0.00167288 -0.194362 0.0169757 0.000190738 0.394255 -0.249951 0.001248
22 -0.00743866 0.00171661 -0.141337 1.06124 -1.26631 -0.632677 -0.15774 -1.03187 -1.32696 0.643359 -0.19894 -0.0185016 0.000572213 0.389296 -0.249748 -0.00167288 -0.194362 0.0169757 0.000190738 0.394255 -0.249951 0.001248
22 -0.00743866 0.00171661 -0.140955 1.06391 -1.26631 -0.632677 -0.15774 -1.03378 -1.32696 0.643359 -0.19894 -0.0185016 0.000572213 0.389296 -0.249748 -0.00167288 -0.194362 0.0169757 0.000190738 0.394255 -0.249951 0.001248
22 -0.00743866 0.00171661 -0.140574 1.0662 -1.26631 -0.632677 -0.157359 -1.03645 -1.32696 0.643359 -0.19894 -0.0185016 0.000572213 0.389296 -0.249748 -0.00167288 -0.194362 0.0169757 0.000190738 0.394255 -0.249951 0.001248
22 -0.00743866 0.00171661 -0.140574 1.06849 -1.26631 -0.632677 -0.157359 -1.0395 -1.32696 0.643359 -0.19894 -0.0185016 0.000572213 0.389296 -0.249748 -0.00167288 -0.194362 0.0169757 0.000190738 0.394255 -0.249951 0.001248
22 -0.00743866 0.00171661 -0.140192 1.07154 -1.26631 -0.632677 -0.157359 -1.04179 -1.32696 0.643359 -0.19894 -0.0185016 0.000572213 0.389296 -0.249748 -0.00167288 -0.194362 0.0169757 0.000190738 0.394255 -0.249951 0.001248
22 -0.00743866 0.00171661 -0.139811 1.07421 -1.26631 -0.632677 -0.157359 -1.04522 -1.32696 0.643359 -0.19894 -0.0185016 0.000572213 0.389296 -0.249748 -0.00167288 -0.194362 0.0169757 0.000190738 0.394255 -0.249951 0.001248
22 -0.00743866 0.00171661 -0.139429 1.07688 -1.26631 -0.632677 -0.156977 -1.04751 -1.32696 0.643359 -0.19894 -0.0185016 0.000572213 0.389296 -0.249748 -0.00167288 -0.194362 0.0169757 0.000190738 0.394255 -0.249951 0.001248
22 -0.00743866 0.00171661 -0.139429 1.07955 -1.26631 -0.632677 -0.156977 -1.05094 -1.32696 0.643359 -0.19894 -0.0185016 0.000572213 0.389296 -0.249748 -0.00167288 -0.194362 0.0169757 0.000190738 0.394255 -0.249951 0.001248
22 -0.00743866 0.00171661 -0.139048 1.0826 -1.26631 -0.632677 -0.156977 -1.05361 -1.32696 0.643359 -0.19894 -0.0185016 0.000572213 0.389296 -0.249748 -0.00167288 -0.194362 0.0169757 0.000190738 0.394255 -0.249951 0.001248
22 -0.00743866 0.00171661 -0.138666 1.08527 -1.26631 -0.632677 -0.156596 -1.05705 -1.32734 0.643359 -0.19894 -0.0185016 0.000572213 0.389296 -0.249748 -0.00167288 -0.194362 0.0169757 0.000190738 0.394255 -0.249951 0.001248
22 -0.00743866 0.00171661 -0.138666 1.08833 -1.26631 -0.632677 -0.156596 -1.05972 -1.32734 0.643359 -0.19894 -0.0185016 0.000572213 0.389296 -0.249748 -0.00167288 -0.194362 0.0169757 0.000190738 0.394255 -0.249951 0.001248
22 -0.00743866 0.00171661 -0.138285 1.09138 -1.26631 -0.632677 -0.156596 -1.06315 -1.32734 0.643359 -0.19894 -0.0185016 0.000572213 0.389296 -0.249748 -0.00167288 -0.194362 0.0169757 0.000190738 0.394255 -0.249951 0.001248
22 -0.00743866 0.00171661 -0.137903 1.09443 -1.26631 -0.632677 -0.156596 -1.06582 -1.32734 0.643359 -0.19894 -0.0185016 0.000572213 0.389296 -0.249748 -0.00167288 -0.194362 0.0169757 0.000190738 0.394255 -0.249951 0.001248
22 -0.00743866 0.00171661 -0.137903 1.0971 -1.26631 -0.632677 -0.156214 -1.06963 -1.32734 0.643359 -0.19894 -0.0185016 0.000572213 0.389296 -0.249748 -0.00167288 -0.194362 0.0169757 0.000190738 0.394255 -0.249951 0.001248
22 -0.00743866 0.00171661 -0.137522 1.10053 -1.26631 -0.632677 -0.156214 -1.0723 -1.32734 0.643359 -0.19894 -0.0185016 0.000572213 0.389296 -0.249748 -0.00167288 -0.194362 0.0169757 0.000190738 0.394255 -0.249951 0.001248
22 -0.00743866 0.00171661 -0.13714 1.10359 -1.26631 -0.632677 -0.156214 -1.07612 -1.32734 0.643359 -0.19894 -0.0185016 0.000572213 0.389296 -0.249748 -0.00167288 -0.194362 0.0169757 0.000190738 0.394255 -0.249951 0.001248
22 -0.00743866 0.00171661 -0.13714 1.10702 -1.26631 -0.632677 -0.156214 -1.07879 -1.32734 0.643359 -0.19894 -0.0185016 0.000572213 0.389296 -0.249748 -0.00167288 -0.194362 0.0169757 0.000190738 0.394255 -0.249951 0.001248
22 -0.00743866 0.00209808 -0.136759 1.11045 -1.26631 -0.632677 -0.155833 -1.0826 -1.32734 0.643359 -0.19894 -0.0185016 0.000572213 0.389296 -0.249748 -0.00167288 -0.194362 0.0169757 0.000190738 0.394255 -0.249951 0.001248
22 -0.00743866 0.00171661 -0.136759 1.1135 -1.26631 -0.632677 -0.155833 -1.08566 -1.32734 0.643359 -0.19894 -0.0185016 0.000572213 0.389296 -0.249748 -0.00167288 -0.194362 0.0169757 0.000190738 0.394255 -0.249951 0.001248
22 -0.00743866 0.00171661 -0.136759 1.11694 -1.26631 -0.633059 -0.155833 -1.08947 -1.32734 0.643359 -0.19894 -0.0185016 0.000572213 0.389296 -0.249748 -0.00167288 -0.194362 0.0169757 0.000190738 0.394255 -0.249951 0.001248
22 -0.00743866 0.00171661 -0.136378 1.12075 -1.26631 -0.633059 -0.155833 -1.09329 -1.32734 0.643359 -0.19894 -0.0185016 0.000572213 0.389296 -0.249748 -0.00167288 -0.194362 0.0169757 0.000190738 0.394255 -0.249951 0.001248
22 -0.00743866 0.00171661 -0.136378 1.1238 -1.26631 -0.633059 -0.155451 -1.09672 -1.32734 0.643359 -0.19894 -0.0185016 0.000572213 0.389296 -0.249748 -0.00167288 -0.194362 0.0169757 0.000190738 0.394255 -0.249951 0.001248
22 -0.00743866 0.00171661 -0.136378 1.12762 -1.26631 -0.633059 -0.155451 -1.10053 -1.32734 0.643359 -0.19894 -0.0185016 0.000572213 0.389296 -0.249748 -0.00167288 -0.194362 0.0169757 0.000190738 0.394255 -0.249951 0.001248
22 -0.00743866 0.00171661 -0.135996 1.13067 -1.26631 -0.633059 -0.155451 -1.10359 -1.32734 0.643359 -0.19894 -0.0185016 0.000572213 0.389296 -0.249748 -0.00167288 -0.194362 0.0169757 0.000190738 0.394255 -0.249951 0.001248
22 -0.00743866 0.00171661 -0.135996 1.13448 -1.26631 -0.633059 -0.155451 -1.10778 -1.32734 0.643359 -0.19894 -0.0185016 0.000572213 0.389296 -0.249748 -0.00167288 -0.194362 0.0169757 0.000190738 0.394255 -0.249951 0.001248
22 -0.00743866 0.00171661 -0.135996 1.13792 -1.26631 -0.633059 -0.15507 -1.11121 -1.32734 0.643359 -0.19894 -0.0185016 0.000572213 0.389296 -0.249748 -0.00167288 -0.194362 0.0169757 0.000190738 0.394255 -0.249951 0.001248
22 -0.00743866 0.00171661 -0.135615 1.14135 -1.26631 -0.633059 -0.15507 -1.11503 -1.32734 0.643359 -0.19894 -0.0185016 0.000572213 0.389296 -0.249748 -0.00167288 -0.194362 0.0169757 0.000190738 0.394255 -0.249951 0.001248
22 -0.00743866 0.00171661 -0.135615 1.14555 -1.26631 -0.633059 -0.15507 -1.11923 -1.32734 0.643359 -0.19894 -0.0185016 0.000572213 0.389296 -0.249748 -0.00167288 -0.194362 0.0169757 0.000190738 0.394255 -0.249951 0.001248
22 -0.00743866 0.00171661 -0.135615 1.1486 -1.26631 -0.633059 -0.154688 -1.12228 -1.32734 0.643359 -0.19894 -0.0185016 0.000572213 0.389296 -0.249748 -0.00167288 -0.194362 0.0169757 0.000190738 0.394255 -0.249951 0.001248
22 -0.00743866 0.00171661 -0.135615 1.15241 -1.26631 -0.633059 -0.154688 -1.12647 -1.32734 0.643359 -0.19894 -0.0185016 0.000572213 0.389296 -0.249748 -0.00167288 -0.194362 0.0169757 0.000190738 0.394255 -0.249951 0.001248
22 -0.00743866 0.00171661 -0.135615 1.15623 -1.26631 -0.633059 -0.154307 -1.13029 -1.32734 0.643359 -0.19894 -0.0185016 0.000572213 0.389296 -0.249748 -0.00167288 -0.194362 0.0169757 0.000190738 0.394255 -0.249951 0.001248
22 -0.00743866 0.00171661 -0.135615 1.16004 -1.26631 -0.633059 -0.154307 -1.13372 -1.32734 0.643359 -0.19894 -0.0185016 0.000572213 0.389296 -0.249748 -0.00167288 -0.194362 0.0169757 0.000190738 0.394255 -0.249951 0.001248
22 -0.00743866 0.00171661 -0.135615 1.16386 -1.26631 -0.633059 -0.153925 -1.13792 -1.32734 0.643359 -0.19894 -0.0185016 0.000572213 0.389296 -0.249748 -0.00167288 -0.194362 0.0169757 0.000190738 0.394255 -0.249951 0.001248
22 -0.00743866 0.00171661 -0.135996 1.16729 -1.26631 -0.633059 -0.153544 -1.14135 -1.32734 0.643359 -0.19894 -0.0185016 0.000572213 0.389296 -0.249748 -0.00167288 -0.194362 0.0169757 0.000190738 0.394255 -0.249951 0.001248
22 -0.00743866 0.00171661 -0.135996 1.17149 -1.26631 -0.633059 -0.153162 -1.14555 -1.32734 0.643359 -0.19894 -0.0185016 0.000572213 0.389296 -0.249748 -0.00167288 -0.194362 0.0169757 0.000190738 0.394255 -0.249951 0.001248
22 -0.00743866 0.00171661 -0.135996 1.17492 -1.26631 -0.633059 -0.152781 -1.14974 -1.32734 0.643359 -0.19894 -0.0185016 0.000572213 0.389296 -0.249748 -0.00167288 -0.194362 0.0169757 0.000190738 0.394255 -0.249951 0.001248
22 -0.00743866 0.00171661 -0.135996 1.17912 -1.26631 -0.633059 -0.152399 -1.15318 -1.32734 0.643359 -0.19894 -0.0185016 0.000572213 0.389296 -0.249748 -0.00167288 -0.194362 0.0169757 0.000190738 0.394255 -0.249951 0.001248
22 -0.00743866 0.00171661 -0.136378 1.18331 -1.26631 -0.633059 -0.152018 -1.15737 -1.32734 0.643359 -0.19894 -0.0185016 0.000572213 0.389296 -0.249748 -0.00167288 -0.194362 0.0169757 0.000190738 0.394255 -0.249951 0.001248
22 -0.00743866 0.00209808 -0.136378 1.18675 -1.26631 -0.633059 -0.152018 -1.16119 -1.32734 0.643359 -0.19894 -0.0185016 0.000572213 0.389296 -0.249748 -0.00167288 -0.194362 0.0169757 0.000190738 0.394255 -0.249951 0.001248
22 -0.00743866 0.00171661 -0.136378 1.19056 -1.26631 -0.633059 -0.151637 -1.16538 -1.32734 0.643359 -0.19894 -0.0185016 0.000572213 0.389296 -0.249748 -0.00167288 -0.194362 0.0169757 0.000190738 0.394255 -0.249951 0.001248
22 -0.00743866 0.00171661 -0.136378 1.19476 -1.26669 -0.633059 -0.151637 -1.16958 -1.32734 0.643359 -0.19894 -0.0185016 0.000572213 0.389296 -0.249748 -0.00167288 -0.194362 0.0169757 0.000190738 0.394255 -0.249951 0.001248
22 -0.00743866 0.00171661 -0.136759 1.19857 -1.26669 -0.633059 -0.151255 -1.17301 -1.32734 0.643359 -0.19894 -0.0185016 0.000572213 0.389296 -0.249748 -0.00167288 -0.194362 0.0169757 0.000190738 0.394255 -0.249951 0.001248
22 -0.00743866 0.00171661 -0.136759 1.20239 -1.26669 -0.633059 -0.151255 -1.17721 -1.32734 0.643359 -0.19894 -0.0185016 0.000572213 0.389296 -0.249748 -0.00167288 -0.194362 0.0169757 0.000190738 0.394255 -0.249951 0.001248
22 -0.00743866 0.00171661 -0.13714 1.2062 -1.26669 -0.633059 -0.150874 -1.18179 -1.32734 0.643359 -0.19894 -0.0185016 0.000572213 0.389296 -0.249748 -0.00167288 -0.194362 0.0169757 0.000190738 0.394255 -0.249951 0.001248
22 -0.00743866 0.00171661 -0.13714 1.2104 -1.26669 -0.63344 -0.150874 -1.18484 -1.32734 0.643359 -0.19894 -0.0185016 0.000572213 0.389296 -0.249748 -0.00167288 -0.194362 0.0169757 0.000190738 0.394255 -0.249951 0.001248
22 -0.00743866 0.00171661 -0.137522 1.21459 -1.26669 -0.63344 -0.150492 -1.18942 -1.32734 0.643359 -0.19894 -0.0185016 0.000572213 0.389296 -0.249748 -0.00167288 -0.194362 0.0169757 0.000190738 0.394255 -0.249951 0.001248
22 -0.00743866 0.00171661 -0.137522 1.21841 -1.26669 -0.63344 -0.150492 -1.19399 -1.32734 0.643359 -0.19894 -0.0185016 0.000572213 0.389296 -0.249748 -0.00167288 -0.194362 0.0169757 0.000190738 0.394255 -0.249951 0.001248
22 -0.00743866 0.00171661 -0.137903 1.22222 -1.26669 -0.63344 -0.150111 -1.19705 -1.32773 0.643359 -0.19894 -0.0185016 0.000572213 0.389296 -0.249748 -0.00167288 -0.194362 0.0169757 0.000190738 0.394255 -0.249951 0.001248
22 -0.00743866 0.00171661 -0.137903 1.22642 -1.26669 -0.63344 -0.150111 -1.20162 -1.32773 0.643359 -0.19894 -0.0185016 0.000572213 0.389296 -0.249748 -0.00167288 -0.194362 0.0169757 0.000190738 0.394255 -0.249951 0.001248
22 -0.00743866 0.00171661 -0.138285 1.23023 -1.26669 -0.63344 -0.149729 -1.20582 -1.32773 0.643359 -0.19894 -0.0185016 0.000572213 0.389296 -0.249748 -0.00167288 -0.194362 0.0169757 0.000190738 0.394255 -0.249951 0.001248
22 -0.00743866 0.00171661 -0.138285 1.23405 -1.26669 -0.63344 -0.149729 -1.20925 -1.32773 0.643359 -0.19894 -0.0185016 0.000572213 0.389296 -0.249748 -0.00167288 -0.194362 0.0169757 0.000190738 0.394255 -0.249951 0.001248
22 -0.00743866 0.00171661 -0.138285 1.23825 -1.26669 -0.63344 -0.149729 -1.21383 -1.32773 0.643359 -0.19894 -0.0185016 0.000572213 0.389296 -0.249748 -0.00167288 -0.194362 0.0169757 0.000190738 0.394255 -0.249951 0.001248
22 -0.00743866 0.00171661 -0.138666 1.24206 -1.26669 -0.63344 -0.149348 -1.21803 -1.32773 0.643359 -0.19894 -0.0185016 0.000572213 0.389296 -0.249748 -0.00167288 -0.194362 0.0169757 0.000190738 0.394255 -0.249951 0.001248
22 -0.00743866 0.00171661 -0.138666 1.24626 -1.26669 -0.63344 -0.149348 -1.22184 -1.32773 0.643359 -0.19894 -0.0185016 0.000572213 0.389296 -0.249748 -0.00167288 -0.194362 0.0169757 0.000190738 0.394255 -0.249951 0.001248
22 -0.00743866 0.00171661 -0.138666 1.25007 -1.26669 -0.63344 -0.148966 -1.22604 -1.32773 0.643359 -0.19894 -0.0185016 0.000572213 0.389296 -0.249748 -0.00167288 -0.194362 0.0169757 0.000190738 0.394255 -0.249951 0.001248
22 -0.00743866 0.00171661 -0.139048 1.25427 -1.26669 -0.63344 -0.148966 -1.23023 -1.32773 0.643359 -0.19894 -0.0185016 0.000572213 0.389296 -0.249748 -0.00167288 -0.194362 0.0169757 0.000190738 0.394255 -0.249951 0.001248
22 -0.00743866 0.00171661 -0.139048 1.25846 -1.26669 -0.63344 -0.148585 -1.23405 -1.32773 0.643359 -0.19894 -0.0185016 0.000572213 0.389296 -0.249748 -0.00167288 -0.194362 0.0169757 0.000190738 0.394255 -0.249951 0.001248
22 -0.00743866 0.00171661 -0.139048 1.2619 -1.26669 -0.63344 -0.148585 -1.23825 -1.32773 0.643359 -0.19894 -0.0185016 0.000572213 0.389296 -0.249748 -0.00167288 -0.194362 0.0169757 0.000190738 0.394255 -0.249951 0.001248
22 -0.00743866 0.00171661 -0.139048 1.26609 -1.26669 -0.63344 -0.148203 -1.24244 -1.32773 0.643359 -0.19894 -0.0185016 0.000572213 0.389296 -0.249748 -0.00167288 -0.194362 0.0169757 0.000190738 0.394255 -0.249951 0.001248
22 -0.00743866 0.00171661 -0.139429 1.27029 -1.26669 -0.63344 -0.147822 -1.24626 -1.32773 0.643359 -0.19894 -0.0185016 0.000572213 0.389296 -0.249748 -0.00167288 -0.194362 0.0169757 0.000190738 0.394255 -0.249951 0.001248
22 -0.00743866 0.00171661 -0.139429 1.27372 -1.26669 -0.63344 -0.14744 -1.25083 -1.32773 0.643359 -0.19894 -0.0185016 0.000572213 0.389296 -0.249748 -0.00167288 -0.194362 0.0169757 0.000190738 0.394255 -0.249951 0.001248
22 -0.00743866 0.00171661 -0.139429 1.27792 -1.26669 -0.63344 -0.147059 -1.25427 -1.32773 0.643359 -0.19894 -0.0185016 0.000572213 0.389296 -0.249748 -0.00167288 -0.194362 0.0169757 0.000190738 0.394255 -0.249951 0.001248
22 -0.00743866 0.00171661 -0.139429 1.28173 -1.26669 -0.63344 -0.146677 -1.25846 -1.32773 0.643359 -0.19894 -0.0185016 0.000572213 0.389296 -0.249748 -0.00167288 -0.194362 0.0169757 0.000190738 0.394255 -0.249951 0.001248
22 -0.00743866 0.00171661 -0.139811 1.28593 -1.26669 -0.63344 -0.146296 -1.26304 -1.32773 0.643359 -0.19894 -0.0185016 0.000572213 0.389296 -0.249748 -0.00167288 -0.194362 0.0169757 0.000190738 0.394255 -0.249951 0.001248
22 -0.00743866 0.00171661 -0.139811 1.28975 -1.26669 -0.63344 -0.146296 -1.26648 -1.32773 0.643359 -0.19894 -0.0185016 0.000572213 0.389296 -0.249748 -0.00167288 -0.194362 0.0169757 0.000190738 0.394255 -0.249951 0.001248
22 -0.00743866 0.00171661 -0.139811 1.29356 -1.26669 -0.63344 -0.145914 -1.27067 -1.32773 0.643359 -0.19894 -0.0185016 0.000572213 0.389296 -0.249748 -0.00167288 -0.194362 0.0169757 0.000190738 0.394255 -0.249951 0.001248
22 -0.00743866 0.00171661 -0.139811 1.29737 -1.26669 -0.63344 -0.145533 -1.27487 -1.32773 0.643359 -0.19894 -0.0185016 0.000572213 0.389296 -0.249748 -0.00167288 -0.194362 0.0169757 0.000190738 0.394255 -0.249951 0.001248
22 -0.00743866 0.00171661 -0.139811 1.30157 -1.26669 -0.63344 -0.145533 -1.2783 -1.32773 0.643359 -0.19894 -0.0185016 0.000572213 0.389296 -0.249748 -0.00167288 -0.194362 0.0169757 0.000190738 0.394255 -0.249951 0.001248
22 -0.00743866 0.00171661 -0.140192 1.305 -1.26669 -0.63344 -0.145533 -1.2825 -1.32773 0.643359 -0.19894 -0.0185016 0.000572213 0.389296 -0.249748 -0.00167288 -0.194362 0.0169757 0.000190738 0.394255 -0.249951 0.001248
22 -0.00743866 0.00171661 -0.140192 1.30882 -1.26669 -0.63344 -0.145151 -1.28631 -1.32773 0.643359 -0.19894 -0.0185016 0.000572213 0.389296 -0.249748 -0.00167288 -0.194362 0.0169757 0.000190738 0.394255 -0.249951 0.001248
22 -0.00743866 0.00171661 -0.140192 1.31263 -1.26669 -0.63344 -0.145151 -1.29013 -1.32773 0.643359 -0.19894 -0.0185016 0.000572213 0.389296 -0.249748 -0.00167288 -0.194362 0.0169757 0.000190738 0.394255 -0.249951 0.001248
22 -0.00743866 0.00171661 -0.140192 1.31645 -1.26669 -0.63344 -0.145151 -1.29432 -1.32773 0.643359 -0.19894 -0.0185016 0.000572213 0.389296 -0.249748 -0.00167288 -0.194362 0.0169757 0.000190738 0.394255 -0.249951 0.001248
22 -0.00743866 0.00171661 -0.140192 1.32026 -1.26669 -0.63344 -0.145151 -1.29737 -1.32773 0.643359 -0.19894 -0.0185016 0.000572213 0.389296 -0.249748 -0.00167288 -0.194362 0.0169757 0.000190738 0.394255 -0.249951 0.001248
22 -0.00743866 0.00171661 -0.140192 1.3237 -1.26669 -0.63344 -0.14477 -1.30157 -1.32773 0.643359 -0.19894 -0.0185016 0.000572213 0.389296 -0.249748 -0.00167288 -0.194362 0.0169757 0.000190738 0.394255 -0.249951 0.001248
22 -0.00743866 0.00171661 -0.140192 1.32751 -1.26669 -0.63344 -0.14477 -1.30577 -1.32773 0.643359 -0.19894 -0.0185016 0.000572213 0.389296 -0.249748 -0.00167288 -0.194362 0.0169757 0.000190738 0.394255 -0.249951 0.001248
22 -0.00743866 0.00171661 -0.140574 1.33133 -1.26669 -0.63344 -0.14477 -1.30882 -1.32773 0.643359 -0.19894 -0.0185016 0.000572213 0.389296 -0.249748 -0.00167288 -0.194362 0.0169757 0.000190738 0.394255 -0.249951 0.001248
22 -0.00743866 0.00171661 -0.140574 1.33476 -1.26669 -0.63344 -0.14477 -1.31302 -1.32773 0.643359 -0.19894 -0.0185016 0.000572213 0.389296 -0.249748 -0.00167288 -0.194362 0.0169757 0.000190738 0.394255 -0.249951 0.001248
22 -0.00743866 0.00171661 -0.140574 1.33857 -1.26669 -0.63344 -0.14477 -1.31645 -1.32773 0.643359 -0.19894 -0.0185016 0.000572213 0.389296 -0.249748 -0.00167288 -0.194362 0.0169757 0.000190738 0.394255 -0.249951 0.001248
22 -0.00743866 0.00171661 -0.140574 1.34163 -1.26669 -0.63344 -0.14477 -1.32026 -1.32773 0.643359 -0.19894 -0.0185016 0.000572213 0.389296 -0.249748 -0.00167288 -0.194362 0.0169757 0.000190738 0.394255 -0.249951 0.001248
22 -0.00743866 0.00171661 -0.140574 1.34544 -1.26669 -0.63344 -0.14477 -1.3237 -1.32773 0.643359 -0.19894 -0.0185016 0.000572213 0.389296 -0.249748 -0.00167288 -0.194362 0.0169757 0.000190738 0.394255 -0.249951 0.001248
22 -0.00743866 0.00171661 -0.140574 1.34849 -1.26669 -0.63344 -0.14477 -1.32713 -1.32773 0.643359 -0.19894 -0.0185016 0.000572213 0.389296 -0.249748 -0.00167288 -0.194362 0.0169757 0.000190738 0.394255 -0.249951 0.001248
22 -0.00743866 0.00171661 -0.140574 1.35231 -1.26669 -0.63344 -0.14477 -1.33133 -1.32773 0.643359 -0.19894 -0.0185016 0.000572213 0.389296 -0.249748 -0.00167288 -0.194362 0.0169757 0.000190738 0.394255 -0.249951 0.001248
22 -0.00743866 0.00171661 -0.140574 1.35574 -1.26669 -0.63344 -0.14477 -1.334 -1.32773 0.643359 -0.19894 -0.0185016 0.000572213 0.389296 -0.249748 -0.00167288 -0.194362 0.0169757 0.000190738 0.394255 -0.249951 0.001248
22 -0.00743866 0.00171661 -0.140574 1.35879 -1.26669 -0.63344 -0.14477 -1.33819 -1.32773 0.643359 -0.19894 -0.0185016 0.000572213 0.389296 -0.249748 -0.00167288 -0.194362 0.0169757 0.000190738 0.394255 -0.249951 0.001248
22 -0.00743866 0.00171661 -0.140574 1.36184 -1.26669 -0.63344 -0.144388 -1.34124 -1.32773 0.643359 -0.19894 -0.0185016 0.000572213 0.389296 -0.249748 -0.00167288 -0.194362 0.0169757 0.000190738 0.394255 -0.249951 0.001248
22 -0.00743866 0.00171661 -0.140574 1.36528 -1.26669 -0.63344 -0.144388 -1.34506 -1.32773 0.643359 -0.19894 -0.0185016 0.000572213 0.389296 -0.249748 -0.00167288 -0.194362 0.0169757 0.000190738 0.394255 -0.249786 0.000848829
22 -0.00743866 0.00171661 -0.140574 1.36871 -1.26669 -0.63344 -0.144388 -1.34849 -1.32773 0.643359 -0.19894 -0.0185016 0.000572213 0.389296 -0.249748 -0.00167288 -0.194362 0.0169757 0.000190738 0.394255 -0.249951 0.00124844
22 -0.00743866 0.00171661 -0.140574 1.37176 -1.26669 -0.63344 -0.144388 -1.35193 -1.32773 0.643359 -0.19894 -0.0185016 0.000572213 0.389296 -0.249748 -0.00167288 -0.194362 0.0169757 0.000190738 0.394255 -0.249951 0.001248
22 -0.00743866 0.00171661 -0.140574 1.37481 -1.26669 -0.63344 -0.144388 -1.35536 -1.32773 0.643359 -0.19894 -0.0185016 0.000572213 0.389296 -0.249748 -0.00167288 -0.194362 0.0169757 0.000190738 0.394255 -0.249951 0.001248
22 -0.00743866 0.00171661 -0.140574 1.37787 -1.26669 -0.63344 -0.144388 -1.35841 -1.32773 0.643359 -0.19894 -0.0185016 0.000572213 0.389296 -0.249748 -0.00167288 -0.194362 0.0169757 0.000190738 0.394255 -0.249951 0.001248
22 -0.00743866 0.00171661 -0.140574 1.38054 -1.26669 -0.63344 -0.144388 -1.36184 -1.32773 0.643359 -0.19894 -0.0185016 0.000572213 0.389296 -0.249748 -0.00167288 -0.194362 0.0169757 0.000190738 0.394255 -0.249951 0.001248
22 -0.00743866 0.00171661 -0.140574 1.38397 -1.26669 -0.63344 -0.144388 -1.36451 -1.32773 0.643359 -0.19894 -0.0185016 0.000572213 0.389296 -0.249748 -0.00167288 -0.194362 0.0169757 0.000190738 0.394255 -0.249951 0.001248
22 -0.00743866 0.00171661 -0.140574 1.38664 -1.26669 -0.63344 -0.144388 -1.36871 -1.32773 0.643359 -0.19894 -0.0185016 0.000572213 0.389296 -0.249748 -0.00167288 -0.194362 0.0169757 0.000190738 0.394255 -0.249951 0.001248
22 -0.00743866 0.00171661 -0.140574 1.38969 -1.26669 -0.63344 -0.144388 -1.371 -1.32773 0.643359 -0.19894 -0.0185016 0.000572213 0.389296 -0.249748 -0.00167288 -0.194362 0.0169757 0.000190738 0.394255 -0.249951 0.001248
22 -0.00743866 0.00171661 -0.140574 1.39236 -1.26669 -0.63344 -0.144388 -1.37481 -1.32773 0.643359 -0.19894 -0.0185016 0.000572213 0.389296 -0.249748 -0.00167288 -0.194362 0.0169757 0.000190738 0.394255 -0.249951 0.001248
22 -0.00743866 0.00171661 -0.140574 1.39541 -1.26669 -0.63344 -0.144388 -1.3771 -1.32773 0.643359 -0.19894 -0.0185016 0.000572213 0.389296 -0.249748 -0.00167288 -0.194362 0.0169757 0.000190738 0.394255 -0.249951 0.001248
22 -0.00743866 0.00171661 -0.140574 1.3977 -1.26669 -0.63344 -0.144388 -1.38054 -1.32773 0.643359 -0.19894 -0.0185016 0.000572213 0.389296 -0.249748 -0.00167288 -0.194362 0.0169757 0.000190738 0.394255 -0.249951 0.001248
22 -0.00743866 0.00171661 -0.140574 1.40037 -1.26669 -0.633822 -0.144388 -1.38321 -1.32773 0.643359 -0.19894 -0.0185016 0.000572213 0.389296 -0.249748 -0.00167288 -0.194362 0.0169757 0.000190738 0.394255 -0.249951 0.001248
22 -0.00743866 0.00171661 -0.140574 1.40304 -1.26669 -0.633822 -0.144388 -1.38626 -1.32773 0.643359 -0.19894 -0.0185016 0.000572213 0.389296 -0.249748 -0.00167288 -0.194362 0.0169757 0.000190738 0.394255 -0.249951 0.001248
22 -0.00743866 0.00171661 -0.140574 1.40571 -1.26669 -0.633822 -0.144007 -1.38893 -1.32773 0.643359 -0.19894 -0.0185016 0.000572213 0.389296 -0.249748 -0.00167288 -0.194362 0.0169757 0.000190738 0.394255 -0.249951 0.001248
22 -0.00743866 0.00171661 -0.140574 1.408 -1.26669 -0.633822 -0.144007 -1.3916 -1.32773 0.643359 -0.19894 -0.0185016 0.000572213 0.389296 -0.249748 -0.00167288 -0.194362 0.0169757 0.000190738 0.394255 -0.249951 0.001248
22 -0.00743866 0.00171661 -0.140574 1.41029 -1.26669 -0.633822 -0.144007 -1.39465 -1.32773 0.643359 -0.19894 -0.0185016 0.000572213 0.389296 -0.249748 -0.00167288 -0.194362 0.0169757 0.000190738 0.394255 -0.249951 0.001248
22 -0.00743866 0.00171661 -0.140574 1.41258 -1.26669 -0.633822 -0.144007 -1.39694 -1.32773 0.643359 -0.19894 -0.0185016 0.000572213 0.389296 -0.249748 -0.00167288 -0.194362 0.0169757 0.000190738 0.394255 -0.249951 0.001248
22 -0.00743866 0.00171661 -0.140574 1.41487 -1.26669 -0.633822 -0.144007 -1.40037 -1.32773 0.643359 -0.19894 -0.0185016 0.000572213 0.389296 -0.249748 -0.00167288 -0.194362 0.0169757 0.000190738 0.394255 -0.249951 0.001248
22 -0.00743866 0.00171661 -0.140574 1.41716 -1.26669 -0.633822 -0.144007 -1.40228 -1.32773 0.643359 -0.19894 -0.0185016 0.000572213 0.389296 -0.249748 -0.00167288 -0.194362 0.0169757 0.000190738 0.394255 -0.249951 0.001248
22 -0.00743866 0.00171661 -0.140574 1.41945 -1.26669 -0.633822 -0.144007 -1.40571 -1.32773 0.643359 -0.19894 -0.0185016 0.000572213 0.389296 -0.249748 -0.00167288 -0.194362 0.0169757 0.000190738 0.394255 -0.249951 0.001248
22 -0.00743866 0.00171661 -0.140574 1.42135 -1.26669 -0.633822 -0.144007 -1.40762 -1.32773 0.643359 -0.19894 -0.0185016 0.000572213 0.389296 -0.249748 -0.00167288 -0.194362 0.0169757 0.000190738 0.394255 -0.249951 0.001248
22 -0.00743866 0.00171661 -0.140574 1.42326 -1.26669 -0.633822 -0.144007 -1.40953 -1.32773 0.643359 -0.19894 -0.0185016 0.000572213 0.389296 -0.249748 -0.00167288 -0.194362 0.0169757 0.000190738 0.394255 -0.249951 0.001248
22 -0.00743866 0.00171661 -0.140574 1.42517 -1.26669 -0.633822 -0.144007 -1.41258 -1.32773 0.643359 -0.19894 -0.0185016 0.000572213 0.389296 -0.249748 -0.00167288 -0.194362 0.0169757 0.000190738 0.394255 -0.249951 0.001248
22 -0.00743866 0.00171661 -0.140574 1.42708 -1.26669 -0.633822 -0.144007 -1.41487 -1.32773 0.643359 -0.19894 -0.0185016 0.000572213 0.389296 -0.249748 -0.00167288 -0.194362 0.0169757 0.000190738 0.394255 -0.250153 0.000822788
22 -0.00743866 0.00171661 -0.140574 1.42898 -1.26669 -0.633822 -0.144007 -1.41754 -1.32773 0.643359 -0.19894 -0.0185016 0.000572213 0.389296 -0.249748 -0.00167288 -0.194362 0.0169757 0.000190738 0.394255 -0.249951 0.00124786
22 -0.00743866 0.00171661 -0.140574 1.43051 -1.26669 -0.634203 -0.144007 -1.41983 -1.32773 0.64374 -0.19894 -0.0185016 0.000572213 0.389296 -0.249748 -0.00167288 -0.194362 0.0169757 0.000190738 0.394255 -0.249951 0.001248
22 -0.00743866 0.00171661 -0.140574 1.43242 -1.26669 -0.634203 -0.144007 -1.42135 -1.32773 0.64374 -0.19894 -0.0185016 0.000572213 0.389296 -0.249748 -0.00167288 -0.194362 0.0169757 0.000190738 0.394255 -0.250153 0.000822788
22 -0.00743866 0.00171661 -0.140574 1.43394 -1.26669 -0.634203 -0.144007 -1.42441 -1.32773 0.64374 -0.19894 -0.0185016 0.000572213 0.389296 -0.249748 -0.00167288 -0.194362 0.0169757 0.000190738 0.394255 -0.250153 0.000822928
22 -0.00743866 0.00171661 -0.140574 1.43547 -1.26669 -0.634203 -0.144007 -1.42631 -1.32773 0.64374 -0.19894 -0.0185016 0.000572213 0.389296 -0.249748 -0.00167288 -0.194362 0.0169757 0.000190738 0.394255 -0.250153 0.000822928
22 -0.00743866 0.00171661 -0.140574 1.43699 -1.26669 -0.634203 -0.144007 -1.42784 -1.32773 0.64374 -0.19894 -0.0185016 0.000572213 0.389296 -0.249748 -0.00167288 -0.194362 0.0169757 0.000190738 0.394255 -0.249951 0.00124786
22 -0.00743866 0.00171661 -0.140574 1.43852 -1.26669 -0.634203 -0.144007 -1.43051 -1.32773 0.64374 -0.19894 -0.0185016 0.000572213 0.389296 -0.249748 -0.00167288 -0.194362 0.0169757 0.000190738 0.394255 -0.249951 0.001248
22 -0.00743866 0.00171661 -0.140574 1.43967 -1.26669 -0.634203 -0.144007 -1.43242 -1.32773 0.64374 -0.19894 -0.0185016 0.000572213 0.389296 -0.249748 -0.00167288 -0.194362 0.0169757 0.000190738 0.394255 -0.249951 0.001248
22 -0.00743866 0.00171661 -0.140574 1.44081 -1.26669 -0.634203 -0.144007 -1.43394 -1.32773 0.64374 -0.19894 -0.0185016 0.000572213 0.389296 -0.249748 -0.00167288 -0.194362 0.0169757 0.000190738 0.394255 -0.249951 0.001248
22 -0.00743866 0.00171661 -0.140574 1.44234 -1.26669 -0.634203 -0.144007 -1.43585 -1.32773 0.64374 -0.19894 -0.0185016 0.000572213 0.389296 -0.249748 -0.00167288 -0.194362 0.0169757 0.000190738 0.394255 -0.249951 0.001248
22 -0.00743866 0.00209808 -0.140574 1.44348 -1.26669 -0.634203 -0.144007 -1.43776 -1.32773 0.64374 -0.19894 -0.0185016 0.000572213 0.389296 -0.249748 -0.00167288 -0.194362 0.0169757 0.000190738 0.394255 -0.249951 0.001248
22 -0.00743866 0.00171661 -0.140574 1.44462 -1.26669 -0.634203 -0.144007 -1.43928 -1.32773 0.64374 -0.19894 -0.0185016 0.000572213 0.389296 -0.249748 -0.00167288 -0.194362 0.0169757 0.000190738 0.394255 -0.249951 0.001248
22 -0.00743866 0.00171661 -0.140574 1.44577 -1.26669 -0.634203 -0.144007 -1.44081 -1.32773 0.644121 -0.19894 -0.0185016 0.000572213 0.389296 -0.249748 -0.00167288 -0.194362 0.0169757 0.000190738 0.394255 -0.249951 0.001248
22 -0.00743866 0.00171661 -0.140574 1.44653 -1.26669 -0.634203 -0.144007 -1.4431 -1.32773 0.644121 -0.19894 -0.0185016 0.000572213 0.389296 -0.249748 -0.00167288 -0.194362 0.0169757 0.000190738 0.394255 -0.249951 0.001248
22 -0.00743866 0.00171661 -0.140574 1.44729 -1.26669 -0.634203 -0.144007 -1.44424 -1.32773 0.644121 -0.19894 -0.0185016 0.000572213 0.389296 -0.249748 -0.00167288 -0.194362 0.0169757 0.000190738 0.394255 -0.249951 0.001248
22 -0.00743866 0.00171661 -0.140574 1.44806 -1.26669 -0.634203 -0.144007 -1.44539 -1.32773 0.644121 -0.19894 -0.0185016 0.000572213 0.389296 -0.249748 -0.00167288 -0.194362 0.0169757 0.000190738 0.394255 -0.249951 0.001248
22 -0.00743866 0.00171661 -0.140574 1.44844 -1.26669 -0.634203 -0.144007 -1.44653 -1.32773 0.644121 -0.19894 -0.0185016 0.000572213 0.389296 -0.249748 -0.00167288 -0.194362 0.0169757 0.000190738 0.394255 -0.249951 0.001248
22 -0.00743866 0.00171661 -0.140574 1.4492 -1.26669 -0.634203 -0.144007 -1.44806 -1.32773 0.644121 -0.19894 -0.0185016 0.000572213 0.389296 -0.249748 -0.00167288 -0.194362 0.0169757 0.000190738 0.394255 -0.249951 0.001248
22 -0.00743866 0.00209808 -0.140574 1.44997 -1.26669 -0.634585 -0.144007 -1.44958 -1.32773 0.644121 -0.19894 -0.0185016 0.000572213 0.389296 -0.249748 -0.00167288 -0.194362 0.0169757 0.000190738 0.394255 -0.249951 0.001248
22 -0.00743866 0.00171661 -0.140574 1.45035 -1.26669 -0.634585 -0.144007 -1.45035 -1.32773 0.644503 -0.19894 -0.0185016 0.000572213 0.389296 -0.249748 -0.00167288 -0.194362 0.0169757 0.000190738 0.394255 -0.249951 0.001248
22 -0.00743866 0.00171661 -0.140574 1.45111 -1.26669 -0.634585 -0.144007 -1.45111 -1.32773 0.644503 -0.19894 -0.0185016 0.000572213 0.389296 -0.249748 -0.00167288 -0.194362 0.0169757 0.000190738 0.394255 -0.249951 0.001248
22 -0.00743866 0.00171661 -0.140574 1.45149 -1.26669 -0.634585 -0.144007 -1.45187 -1.32773 0.644503 -0.19894 -0.0185016 0.000572213 0.389296 -0.249748 -0.00167288 -0.194362 0.0169757 0.000190738 0.394255 -0.249951 0.001248
22 -0.00743866 0.00171661 -0.140574 1.45149 -1.26669 -0.634585 -0.144007 -1.45264 -1.32773 0.644503 -0.19894 -0.0185016 0.000572213 0.389296 -0.249748 -0.00167288 -0.194362 0.0169757 0.000190738 0.394255 -0.249951 0.001248
22 -0.00743866 0.00171661 -0.140574 1.45187 -1.26669 -0.634585 -0.144007 -1.4534 -1.32773 0.644503 -0.19894 -0.0185016 0.000572213 0.389296 -0.249748 -0.00167288 -0.194362 0.0169757 0.000190738 0.394255 -0.249951 0.001248
22 -0.00743866 0.00209808 -0.140574 1.45187 -1.26669 -0.634966 -0.144007 -1.45454 -1.32773 0.644503 -0.19894 -0.0185016 0.000572213 0.389296 -0.249748 -0.00167288 -0.194362 0.0169757 0.000190738 0.394255 -0.249951 0.001248
22 -0.00743866 0.00171661 -0.140574 1.45187 -1.26669 -0.634966 -0.144007 -1.45531 -1.32773 0.644503 -0.19894 -0.0185016 0.000572213 0.389296 -0.249748 -0.00167288 -0.194362 0.0169757 0.000190738 0.394255 -0.249951 0.001248
22 -0.00782013 0.00171661 -0.140574 1.45149 -1.26669 -0.634966 -0.144007 -1.45569 -1.32773 0.644503 -0.19894 -0.0185016 0.000572213 0.389296 -0.249748 -0.00167288 -0.194362 0.0169757 0.000190738 0.394255 -0.249951 0.001248
22 -0.00743866 0.00171661 -0.140574 1.45149 -1.26669 -0.634966 -0.144007 -1.45607 -1.32773 0.644503 -0.19894 -0.0185016 0.000572213 0.389296 -0.249748 -0.00167288 -0.194362 0.0169757 0.000190738 0.394255 -0.250153 0.000822788
22 -0.00743866 0.00171661 -0.140574 1.45111 -1.26669 -0.634966 -0.144007 -1.45607 -1.32773 0.644503 -0.19894 -0.0185016 0.000572213 0.389296 -0.249748 -0.00167288 -0.194362 0.0169757 0.000190738 0.394255 -0.249988 0.000423761
22 -0.00743866 0.00171661 -0.140574 1.45035 -1.26669 -0.634966 -0.144007 -1.45645 -1.32773 0.644503 -0.19894 -0.0185016 0.000572213 0.389296 -0.249748 -0.00167288 -0.194362 0.0169757 0.000190738 0.394255 -0.249951 0.0012487
22 -0.00743866 0.00171661 -0.140574 1.44958 -1.26669 -0.634966 -0.144007 -1.45645 -1.32773 0.644503 -0.19894 -0.0185016 0.000572213 0.389296 -0.249748 -0.00167288 -0.194362 0.0169757 0.000190738 0.394255 -0.249951 0.001248
22 -0.00743866 0.00171661 -0.140574 1.44844 -1.26669 -0.634966 -0.144007 -1.45645 -1.32773 0.644503 -0.19894 -0.0185016 0.000572213 0.389296 -0.249748 -0.00167288 -0.194362 0.0169757 0.000190738 0.394255 -0.249951 0.001248
22 -0.00743866 0.00171661 -0.140574 1.44768 -1.26669 -0.634966 -0.144007 -1.45607 -1.32773 0.644503 -0.19894 -0.0185016 0.000572213 0.389296 -0.249748 -0.00167288 -0.194362 0.0169757 0.000190738 0.394255 -0.249951 0.001248
22 -0.00743866 0.00171661 -0.140574 1.44691 -1.26669 -0.634966 -0.144388 -1.45607 -1.32811 0.644503 -0.19894 -0.0185016 0.000572213 0.389296 -0.249748 -0.00167288 -0.194362 0.0169757 0.000190738 0.394255 -0.249951 0.001248
22 -0.00743866 0.00171661 -0.140574 1.44577 -1.26669 -0.634966 -0.144388 -1.45569 -1.32811 0.644503 -0.19894 -0.0185016 0.000572213 0.389296 -0.249748 -0.00167288 -0.194362 0.0169757 0.000190738 0.394255 -0.249951 0.001248
22 -0.00743866 0.00171661 -0.140574 1.44501 -1.26669 -0.634966 -0.144388 -1.45531 -1.32811 0.644503 -0.19894 -0.0185016 0.000572213 0.389296 -0.249748 -0.00167288 -0.194362 0.0169757 0.000190738 0.394255 -0.249951 0.001248
22 -0.00743866 0.00171661 -0.140574 1.44348 -1.26669 -0.634966 -0.144388 -1.45492 -1.32811 0.644503 -0.19894 -0.0185016 0.000572213 0.389296 -0.249748 -0.00167288 -0.194362 0.0169757 0.000190738 0.394255 -0.249951 0.001248
22 -0.00782013 0.00171661 -0.140574 1.44195 -1.26669 -0.634966 -0.144388 -1.45378 -1.32811 0.644503 -0.19894 -0.0185016 0.000572213 0.389296 -0.249748 -0.00167288 -0.194362 0.0169757 0.000190738 0.394255 -0.249951 0.001248
22 -0.00743866 0.00209808 -0.140574 1.44081 -1.26669 -0.634966 -0.144388 -1.45302 -1.32811 0.644503 -0.19894 -0.0185016 0.000572213 0.389296 -0.249748 -0.00167288 -0.194362 0.0169757 0.000190738 0.394255 -0.249951 0.001248
22 -0.00743866 0.00171661 -0.140574 1.43928 -1.26669 -0.634966 -0.144388 -1.45225 -1.32811 0.644503 -0.19894 -0.0185016 0.000572213 0.389296 -0.249748 -0.00167288 -0.194362 0.0169757 0.000190738 0.394255 -0.249951 0.001248
22 -0.00743866 0.00171661 -0.140574 1.43776 -1.26669 -0.634966 -0.144388 -1.45149 -1.32811 0.644503 -0.19894 -0.0185016 0.000572213 0.389296 -0.249748 -0.00167288 -0.194362 0.0169757 0.000190738 0.394255 -0.249951 0.001248
22 -0.00743866 0.00209808 -0.140574 1.43623 -1.26669 -0.634966 -0.144388 -1.45073 -1.32811 0.644503 -0.19894 -0.0185016 0.000572213 0.389296 -0.249748 -0.00167288 -0.194362 0.0169757 0.000190738 0.394255 -0.249951 0.001248
22 -0.00743866 0.00171661 -0.140574 1.43471 -1.26669 -0.634966 -0.144388 -1.44958 -1.32811 0.644503 -0.19894 -0.0185016 0.000572213 0.389296 -0.249748 -0.00167288 -0.194362 0.0169757 0.000190738 0.394255 -0.249951 0.001248
22 -0.00743866 0.00171661 -0.140574 1.4328 -1.26669 -0.634966 -0.144388 -1.44768 -1.32811 0.644503 -0.19894 -0.0185016 0.000572213 0.389296 -0.249748 -0.00167288 -0.194362 0.0169757 0.000190738 0.394255 -0.249951 0.001248
22 -0.00743866 0.00209808 -0.140574 1.43089 -1.26669 -0.634966 -0.144388 -1.44615 -1.32811 0.644503 -0.19894 -0.0185016 0.000572213 0.389296 -0.249748 -0.00167288 -0.194362 0.0169757 0.000190738 0.394255 -0.249951 0.001248
22 -0.00782013 0.00171661 -0.140574 1.42898 -1.26669 -0.634966 -0.144388 -1.44501 -1.32811 0.644503 -0.19894 -0.0185016 0.000572213 0.389296 -0.249748 -0.00167288 -0.194362 0.0169757 0.000190738 0.394255 -0.249951 0.001248
22 -0.00743866 0.00171661 -0.140574 1.42708 -1.26669 -0.634966 -0.144388 -1.44348 -1.32811 0.644121 -0.19894 -0.0185016 0.000572213 0.389296 -0.249748 -0.00167288 -0.194362 0.0169757 0.000190738 0.394255 -0.249988 0.00042403
22 -0.00743866 0.00171661 -0.140574 1.42441 -1.26669 -0.634966 -0.144388 -1.44081 -1.32811 0.644121 -0.19894 -0.0185016 0.000572213 0.389296 -0.249748 -0.00167288 -0.194362 0.0169757 0.000190738 0.394255 -0.249988 0.000423329
22 -0.00743866 0.00209808 -0.140574 1.4225 -1.26669 -0.634966 -0.14477 -1.43928 -1.32811 0.644121 -0.19894 -0.0185016 0.000572213 0.389296 -0.249748 -0.00167288 -0.194362 0.0169757 0.000190738 0.394255 -0.249786 0.000848257
22 -0.00743866 0.00171661 -0.140574 1.42021 -1.26669 -0.634966 -0.14477 -1.43738 -1.32811 0.644503 -0.19894 -0.0185016 0.000572213 0.389296 -0.249748 -0.00167288 -0.194362 0.0169757 0.000190738 0.394255 -0.249786 0.000848397
22 -0.00743866 0.00171661 -0.140955 1.41754 -1.26669 -0.634966 -0.14477 -1.43432 -1.32811 0.644503 -0.19894 -0.0185016 0.000572213 0.389296 -0.249748 -0.00167288 -0.194362 0.0169757 0.000190738 0.394255 -0.249786 0.000848397
22 -0.00743866 0.00171661 -0.140955 1.41525 -1.26669 -0.634966 -0.14477 -1.4328 -1.32811 0.644503 -0.19894 -0.0185016 0.000572213 0.389296 -0.249748 -0.00167288 -0.194362 0.0169757 0.000190738 0.394255 -0.249951 0.00124844
22 -0.00743866 0.00171661 -0.140955 1.41296 -1.26669 -0.634966 -0.14477 -1.43089 -1.32811 0.644503 -0.19894 -0.0185016 0.000572213 0.389296 -0.249748 -0.00167288 -0.194362 0.0169757 0.000190738 0.394255 -0.249951 0.001248
22 -0.00743866 0.00171661 -0.140955 1.41029 -1.26669 -0.634966 -0.14477 -1.42746 -1.32811 0.644503 -0.19894 -0.0185016 0.000572213 0.389296 -0.249748 -0.00167288 -0.194362 0.0169757 0.000190738 0.394255 -0.249951 0.001248
22 -0.00743866 0.00171661 -0.140955 1.40762 -1.26669 -0.634966 -0.145151 -1.42555 -1.32811 0.644503 -0.19894 -0.0185016 0.000572213 0.389296 -0.249748 -0.00167288 -0.194362 0.0169757 0.000190738 0.394255 -0.249951 0.001248
22 -0.00743866 0.00171661 -0.141337 1.40495 -1.26669 -0.634966 -0.145151 -1.4225 -1.32811 0.644503 -0.19894 -0.0185016 0.000572213 0.389296 -0.249748 -0.00167288 -0.194362 0.0169757 0.000190738 0.394255 -0.249951 0.001248
22 -0.00743866 0.00171661 -0.141337 1.40228 -1.26669 -0.634966 -0.145151 -1.42021 -1.32811 0.644503 -0.19894 -0.0185016 0.000572213 0.389296 -0.249748 -0.00167288 -0.194362 0.0169757 0.000190738 0.394255 -0.249951 0.001248
22 -0.00743866 0.00171661 -0.141337 1.39923 -1.26669 -0.634966 -0.145151 -1.41754 -1.32811 0.644503 -0.19894 -0.0185016 0.000572213 0.389296 -0.249748 -0.00167288 -0.194362 0.0169757 0.000190738 0.394255 -0.249951 0.001248
22 -0.00743866 0.00171661 -0.141337 1.39618 -1.26669 -0.634966 -0.145151 -1.41449 -1.32811 0.644503 -0.19894 -0.0185016 0.000572213 0.389296 -0.249748 -0.00167288 -0.194362 0.0169757 0.000190738 0.394255 -0.249951 0.001248
22 -0.00743866 0.00171661 -0.141718 1.39351 -1.26669 -0.634966 -0.145533 -1.41182 -1.32811 0.644121 -0.19894 -0.0185016 0.000572213 0.389296 -0.249748 -0.00167288 -0.194362 0.0169757 0.000190738 0.394255 -0.249786 0.000848829
22 -0.00782013 0.00171661 -0.141718 1.39045 -1.26669 -0.634966 -0.145533 -1.40838 -1.32811 0.644121 -0.19894 -0.0185016 0.000572213 0.389296 -0.249748 -0.00167288 -0.194362 0.0169757 0.000190738 0.394255 -0.249988 0.000423189
22 -0.00743866 0.00171661 -0.141718 1.3874 -1.26669 -0.634966 -0.145533 -1.40571 -1.32811 0.644121 -0.19894 -0.0185016 0.000572213 0.389296 -0.249748 -0.00167288 -0.194362 0.0169757 0.000190738 0.394255 -0.249988 0.000423329
22 -0.00743866 0.00171661 -0.141718 1.38435 -1.26669 -0.634966 -0.145914 -1.4019 -1.32811 0.644121 -0.19894 -0.0185016 0.000572213 0.389296 -0.249748 -0.00167288 -0.194362 0.0169757 0.000190738 0.394255 -0.249988 0.000423329
22 -0.00743866 0.00171661 -0.141718 1.3813 -1.26669 -0.634966 -0.145914 -1.39885 -1.32811 0.644121 -0.19894 -0.0185016 0.000572213 0.389296 -0.249748 -0.00167288 -0.194362 0.0169757 0.000190738 0.394255 -0.249988 0.000423329
22 -0.00743866 0.00171661 -0.1421 1.37825 -1.26669 -0.634966 -0.145914 -1.39541 -1.32811 0.644121 -0.19894 -0.0185016 0.000572213 0.389296 -0.249748 -0.00167288 -0.194362 0.0169757 0.000190738 0.394255 -0.249988 0.000423329
22 -0.00743866 0.00171661 -0.1421 1.37481 -1.26669 -0.634966 -0.146296 -1.39198 -1.32811 0.644121 -0.19894 -0.0185016 0.000572213 0.389296 -0.249748 -0.00167288 -0.194362 0.0169757 0.000190738 0.394255 -0.249988 0.000423329
22 -0.00743866 0.00171661 -0.1421 1.37138 -1.26669 -0.634966 -0.146296 -1.38855 -1.32811 0.644121 -0.19894 -0.0185016 0.000572213 0.389296 -0.249748 -0.00167288 -0.194362 0.0169757 0.000190738 0.394255 -0.249988 0.000423329
22 -0.00743866 0.00171661 -0.1421 1.36795 -1.26669 -0.634966 -0.146296 -1.38435 -1.32811 0.644121 -0.19894 -0.0185016 0.000572213 0.389296 -0.249748 -0.00167288 -0.194362 0.0169757 0.000190738 0.394255 -0.250153 0.000823362
22 -0.00743866 0.00171661 -0.142481 1.36451 -1.26669 -0.634966 -0.146677 -1.3813 -1.32811 0.644121 -0.19894 -0.0185016 0.000572213 0.389296 -0.249748 -0.00167288 -0.194362 0.0169757 0.000190738 0.394255 -0.249951 0.00124786
22 -0.00743866 0.00171661 -0.142481 1.36108 -1.26669 -0.634966 -0.146677 -1.3771 -1.32811 0.644121 -0.19894 -0.0185016 0.000572213 0.389296 -0.249748 -0.00167288 -0.194362 0.0169757 0.000190738 0.394255 -0.249951 0.001248
22 -0.00743866 0.00171661 -0.142481 1.35765 -1.26669 -0.634966 -0.147059 -1.37405 -1.32811 0.644121 -0.19894 -0.0185016 0.000572213 0.389296 -0.249748 -0.00167288 -0.194362 0.0169757 0.000190738 0.394255 -0.249951 0.001248
22 -0.00743866 0.00171661 -0.142481 1.35383 -1.26669 -0.634966 -0.147059 -1.36986 -1.32811 0.644121 -0.19894 -0.0185016 0.000572213 0.389296 -0.249748 -0.00167288 -0.194362 0.0169757 0.000190738 0.394255 -0.249951 0.001248
22 -0.00743866 0.00171661 -0.142863 1.35002 -1.26669 -0.634966 -0.147059 -1.36566 -1.32811 0.644121 -0.19894 -0.0185016 0.000572213 0.389296 -0.249748 -0.00167288 -0.194362 0.0169757 0.000190738 0.394255 -0.249951 0.001248
22 -0.00743866 0.00171661 -0.142863 1.34659 -1.26669 -0.634966 -0.14744 -1.36223 -1.32811 0.644121 -0.19894 -0.0185016 0.000572213 0.389296 -0.249748 -0.00167288 -0.194362 0.0169757 0.000190738 0.394255 -0.249951 0.001248
22 -0.00743866 0.00209808 -0.143244 1.34239 -1.26669 -0.634966 -0.14744 -1.35765 -1.32811 0.644121 -0.19894 -0.0185016 0.000572213 0.389296 -0.249748 -0.00167288 -0.194362 0.0169757 0.000190738 0.394255 -0.249951 0.001248
22 -0.00743866 0.00171661 -0.143244 1.33896 -1.26669 -0.634966 -0.14744 -1.35345 -1.32811 0.644121 -0.19894 -0.0185016 0.000572213 0.389296 -0.249748 -0.00167288 -0.194362 0.0169757 0.000190738 0.394255 -0.249786 0.000848829
22 -0.00743866 0.00171661 -0.143626 1.33476 -1.26669 -0.634966 -0.14744 -1.34964 -1.32811 0.644121 -0.19894 -0.0185016 0.000572213 0.389296 -0.249748 -0.00167288 -0.194362 0.0169757 0.000190738 0.394255 -0.249786 0.000848397
22 -0.00743866 0.00171661 -0.143626 1.33094 -1.26669 -0.634966 -0.147822 -1.34506 -1.32811 0.644121 -0.19894 -0.0185016 0.000572213 0.389296 -0.249748 -0.00167288 -0.194362 0.0169757 0.000190738 0.394255 -0.249786 0.000848397
22 -0.00743866 0.00171661 -0.144007 1.32713 -1.26669 -0.634966 -0.147822 -1.34048 -1.32811 0.644121 -0.19894 -0.0185016 0.000572213 0.389296 -0.249748 -0.00167288 -0.194362 0.0169757 0.000190738 0.394255 -0.249988 0.000423189
22 -0.00743866 0.00171661 -0.144007 1.32293 -1.26669 -0.634966 -0.147822 -1.33629 -1.32811 0.644121 -0.19894 -0.0185016 0.000572213 0.389296 -0.249748 -0.00167288 -0.194362 0.0169757 0.000190738 0.394255 -0.249988 0.000423329
22 -0.00743866 0.00171661 -0.144388 1.31912 -1.26669 -0.634966 -0.147822 -1.33209 -1.32811 0.644121 -0.19894 -0.0185016 0.000572213 0.389296 -0.249748 -0.00167288 -0.194362 0.0169757 0.000190738 0.394255 -0.249988 0.000423329
22 -0.00743866 0.00171661 -0.144388 1.31492 -1.26669 -0.634966 -0.147822 -1.32713 -1.32811 0.644121 -0.19894 -0.0185016 0.000572213 0.389296 -0.249748 -0.00167288 -0.194362 0.0169757 0.000190738 0.394255 -0.249988 0.000423329
22 -0.00743866 0.00171661 -0.14477 1.31073 -1.26669 -0.634966 -0.147822 -1.32217 -1.32811 0.644121 -0.19894 -0.0185016 0.000572213 0.389296 -0.249748 -0.00167288 -0.194362 0.0169757 0.000190738 0.394255 -0.249786 0.000848257
22 -0.00743866 0.00171661 -0.14477 1.30653 -1.26669 -0.634966 -0.148203 -1.31836 -1.32811 0.644121 -0.19894 -0.0185016 0.000572213 0.389296 -0.249748 -0.00167288 -0.194362 0.0169757 0.000190738 0.394255 -0.249786 0.000848397
22 -0.00743866 0.00171661 -0.145151 1.30233 -1.26669 -0.634966 -0.148203 -1.3134 -1.32811 0.644121 -0.19894 -0.0185016 0.000572213 0.389296 -0.249748 -0.00167288 -0.194362 0.0169757 0.000190738 0.394255 -0.249786 0.000848397
22 -0.00743866 0.00171661 -0.145151 1.29814 -1.26669 -0.634966 -0.148203 -1.30844 -1.32811 0.644121 -0.19894 -0.0185016 0.000572213 0.389296 -0.249748 -0.00167288 -0.194362 0.0169757 0.000190738 0.394255 -0.249951 0.00124844
22 -0.00743866 0.00171661 -0.145533 1.29394 -1.26669 -0.634966 -0.148203 -1.30348 -1.32811 0.644121 -0.19894 -0.0185016 0.000572213 0.389296 -0.249748 -0.00167288 -0.194362 0.0169757 0.000190738 0.394255 -0.249951 0.001248
22 -0.00743866 0.00171661 -0.145914 1.28975 -1.26669 -0.634966 -0.148203 -1.2989 -1.32811 0.64374 -0.19894 -0.0185016 0.000572213 0.389296 -0.249748 -0.00167288 -0.194362 0.0169757 0.000190738 0.394255 -0.249951 0.001248
22 -0.00743866 0.00171661 -0.145914 1.28517 -1.26669 -0.634966 -0.148203 -1.29432 -1.32811 0.64374 -0.19894 -0.0185016 0.000572213 0.389296 -0.249748 -0.00167288 -0.194362 0.0169757 0.000190738 0.394255 -0.249786 0.000848829
22 -0.00743866 0.00171661 -0.146677 1.28097 -1.26669 -0.634966 -0.148203 -1.28898 -1.32811 0.64374 -0.19894 -0.0185016 0.000572213 0.389296 -0.249748 -0.00167288 -0.194362 0.0169757 0.000190738 0.394255 -0.249786 0.000848397
22 -0.00782013 0.00171661 -0.147059 1.27678 -1.26669 -0.634966 -0.148203 -1.28364 -1.32811 0.64374 -0.19894 -0.0185016 0.000572213 0.389296 -0.249748 -0.00167288 -0.194362 0.0169757 0.000190738 0.394255 -0.249786 0.000848397
22 -0.00743866 0.00171661 -0.14744 1.2722 -1.26669 -0.634966 -0.148203 -1.27868 -1.32811 0.64374 -0.19894 -0.0185016 0.000572213 0.389296 -0.249748 -0.00167288 -0.194362 0.0169757 0.000190738 0.394255 -0.249786 0.000848397
22 -0.00743866 0.00171661 -0.147822 1.26762 -1.26669 -0.634966 -0.148203 -1.27372 -1.32811 0.643359 -0.19894 -0.0185016 0.000572213 0.389296 -0.249748 -0.00167288 -0.194362 0.0169757 0.000190738 0.394255 -0.249786 0.000848397
22 -0.00743866 0.00171661 -0.147822 1.26342 -1.26669 -0.634966 -0.148203 -1.26915 -1.32811 0.643359 -0.19894 -0.0185016 0.000572213 0.389296 -0.249748 -0.00167288 -0.194362 0.0169757 0.000190738 0.394255 -0.249786 0.000848397
22 -0.00743866 0.00171661 -0.148203 1.25885 -1.26669 -0.634966 -0.148203 -1.2638 -1.32811 0.643359 -0.19894 -0.0185016 0.000572213 0.389296 -0.249748 -0.00167288 -0.194362 0.0169757 0.000190738 0.394255 -0.249786 0.000848397
22 -0.00743866 0.00171661 -0.148585 1.25427 -1.26669 -0.634966 -0.148203 -1.25846 -1.32811 0.643359 -0.19894 -0.0185016 0.000572213 0.389296 -0.249748 -0.00167288 -0.194362 0.0169757 0.000190738 0.394255 -0.249786 0.000848397
22 -0.00743866 0.00171661 -0.148966 1.24969 -1.26669 -0.634966 -0.148203 -1.25312 -1.32811 0.643359 -0.19894 -0.0185016 0.000572213 0.389296 -0.249748 -0.00167288 -0.194362 0.0169757 0.000190738 0.394255 -0.249988 0.000423189
22 -0.00782013 0.00171661 -0.149348 1.24549 -1.26669 -0.634966 -0.148203 -1.2474 -1.32811 0.643359 -0.19894 -0.0185016 0.000572213 0.389296 -0.249748 -0.00167288 -0.194362 0.0169757 0.000190738 0.394255 -0.249786 0.000848257
22 -0.00743866 0.00171661 -0.149729 1.24053 -1.26669 -0.634966 -0.148585 -1.24321 -1.32811 0.643359 -0.19894 -0.0185016 0.000572213 0.389296 -0.249748 -0.00167288 -0.194362 0.0169757 0.000190738 0.394255 -0.249786 0.000848397
22 -0.00743866 0.00171661 -0.150111 1.23634 -1.26669 -0.634966 -0.148585 -1.23786 -1.32811 0.643359 -0.19894 -0.0185016 0.000572213 0.389296 -0.249748 -0.00167288 -0.194362 0.0169757 0.000190738 0.394255 -0.249786 0.000848397
22 -0.00743866 0.00171661 -0.150492 1.23176 -1.26669 -0.634966 -0.148585 -1.23252 -1.32811 0.643359 -0.19894 -0.0185016 0.000572213 0.389296 -0.249748 -0.00167288 -0.194362 0.0169757 0.000190738 0.394255 -0.249786 0.000848397
22 -0.00743866 0.00171661 -0.150874 1.22718 -1.26669 -0.634966 -0.148585 -1.22718 -1.32811 0.643359 -0.19894 -0.0185016 0.000572213 0.389296 -0.249748 -0.00167288 -0.194362 0.0169757 0.000190738 0.394255 -0.249786 0.000848397
22 -0.00743866 0.00171661 -0.151255 1.22222 -1.26669 -0.634966 -0.148585 -1.22146 -1.32811 0.643359 -0.19894 -0.0185016 0.000572213 0.389296 -0.249748 -0.00167288 -0.194362 0.0169757 0.000190738 0.394255 -0.249786 0.000848397
22 -0.00743866 0.00171661 -0.151637 1.21765 -1.26669 -0.634966 -0.148585 -1.21612 -1.32811 0.643359 -0.19894 -0.0185016 0.000572213 0.389296 -0.249748 -0.00167288 -0.194362 0.0169757 0.000190738 0.394255 -0.249786 0.000848397
22 -0.00743866 0.00171661 -0.152018 1.21307 -1.26669 -0.634966 -0.148585 -1.21078 -1.32811 0.643359 -0.19894 -0.0185016 0.000572213 0.389296 -0.249748 -0.00167288 -0.194362 0.0169757 0.000190738 0.394255 -0.249786 0.000848397
22 -0.00743866 0.00171661 -0.152399 1.20887 -1.26669 -0.634966 -0.148585 -1.2062 -1.32811 0.643359 -0.19894 -0.0185016 0.000572213 0.389296 -0.249748 -0.00167288 -0.194362 0.0169757 0.000190738 0.394255 -0.249786 0.000848397
22 -0.00743866 0.00171661 -0.152781 1.20391 -1.26669 -0.634966 -0.148585 -1.20086 -1.32811 0.643359 -0.19894 -0.0185016 0.000572213 0.389296 -0.249748 -0.00167288 -0.194362 0.0169757 0.000190738 0.394255 -0.249786 0.000848397
22 -0.00743866 0.00171661 -0.153162 1.19934 -1.26669 -0.634966 -0.148585 -1.19514 -1.32811 0.643359 -0.19894 -0.0185016 0.000572213 0.389296 -0.249748 -0.00167288 -0.194362 0.0169757 0.000190738 0.394255 -0.249988 0.000423189
22 -0.00743866 0.00171661 -0.153162 1.19514 -1.26669 -0.634966 -0.148585 -1.1898 -1.32811 0.643359 -0.19894 -0.0185016 0.000572213 0.389296 -0.249748 -0.00167288 -0.194362 0.0169757 0.000190738 0.394255 -0.249988 0.000423329
22 -0.00743866 0.00171661 -0.153544 1.19018 -1.26669 -0.634966 -0.148585 -1.18446 -1.32811 0.643359 -0.19894 -0.0185016 0.000572213 0.389296 -0.249748 -0.00167288 -0.194362 0.0169757 0.000190738 0.394255 -0.249786 0.000848257
22 -0.00743866 0.00171661 -0.153925 1.1856 -1.26669 -0.634966 -0.148966 -1.17874 -1.32811 0.643359 -0.19894 -0.0185016 0.000572213 0.389296 -0.249748 -0.00167288 -0.194362 0.0169757 0.000190738 0.394255 -0.249786 0.000848397
22 -0.00743866 0.00171661 -0.154307 1.18102 -1.26669 -0.634966 -0.148966 -1.1734 -1.32811 0.643359 -0.19894 -0.0185016 0.000572213 0.389296 -0.249748 -0.00167288 -0.194362 0.0169757 0.000190738 0.394255 -0.249786 0.000848397
22 -0.00743866 0.00171661 -0.154688 1.17683 -1.26669 -0.634966 -0.148966 -1.16882 -1.32811 0.643359 -0.19894 -0.0185016 0.000572213 0.389296 -0.249748 -0.00167288 -0.194362 0.0169757 0.000190738 0.394255 -0.249786 0.000848397
22 -0.00782013 0.00171661 -0.15507 1.17187 -1.26669 -0.634966 -0.148966 -1.16348 -1.32811 0.643359 -0.19894 -0.0185016 0.000572213 0.389296 -0.249748 -0.00167288 -0.194362 0.0169757 0.000190738 0.394255 -0.249786 0.000848397
22 -0.00743866 0.00171661 -0.15507 1.16729 -1.26669 -0.634966 -0.148966 -1.15775 -1.32811 0.643359 -0.19894 -0.0185016 0.000572213 0.389296 -0.249748 -0.00167288 -0.194362 0.0169757 0.000190738 0.394255 -0.249786 0.000848397
22 -0.00743866 0.00171661 -0.155451 1.1631 -1.26669 -0.634966 -0.148966 -1.15241 -1.32811 0.643359 -0.19894 -0.0185016 0.000572213 0.389296 -0.249748 -0.00167288 -0.194362 0.0169757 0.000190738 0.394255 -0.249786 0.000848397
22 -0.00743866 0.00171661 -0.155833 1.15852 -1.26669 -0.634966 -0.148966 -1.14669 -1.32811 0.643359 -0.19894 -0.0185016 0.000572213 0.389296 -0.249748 -0.00167288 -0.194362 0.0169757 0.000190738 0.394255 -0.249786 0.000848397
22 -0.00743866 0.00171661 -0.156214 1.15432 -1.26669 -0.634966 -0.148966 -1.14135 -1.32811 0.643359 -0.19894 -0.0185016 0.000572213 0.389296 -0.249748 -0.00167288 -0.194362 0.0169757 0.000190738 0.394255 -0.249786 0.000848397
22 -0.00743866 0.00171661 -0.156596 1.14936 -1.26669 -0.634966 -0.149348 -1.13601 -1.32811 0.643359 -0.19894 -0.0185016 0.000572213 0.389296 -0.249748 -0.00167288 -0.194362 0.0169757 0.000190738 0.394255 -0.249786 0.000848397
22 -0.00743866 0.00171661 -0.156977 1.14555 -1.26669 -0.634966 -0.149348 -1.13143 -1.32811 0.643359 -0.19894 -0.0185016 0.000572213 0.389296 -0.249748 -0.00167288 -0.194362 0.0169757 0.000190738 0.394255 -0.249786 0.000848397
22 -0.00743866 0.00171661 -0.156977 1.14097 -1.26669 -0.634966 -0.149348 -1.12609 -1.32811 0.643359 -0.19894 -0.0185016 0.000572213 0.389296 -0.249748 -0.00167288 -0.194362 0.0169757 0.000190738 0.394255 -0.249786 0.000848397
22 -0.00743866 0.00171661 -0.157359 1.13639 -1.26669 -0.634966 -0.149348 -1.12037 -1.32811 0.643359 -0.19894 -0.0185016 0.000572213 0.389296 -0.249748 -0.00167288 -0.194362 0.0169757 0.000190738 0.394255 -0.249786 0.000848397
22 -0.00743866 0.00171661 -0.15774 1.1322 -1.26669 -0.634966 -0.149348 -1.11541 -1.32811 0.643359 -0.19894 -0.0185016 0.000572213 0.389296 -0.249748 -0.00167288 -0.194362 0.0169757 0.000190738 0.394255 -0.249786 0.000848397
22 -0.00743866 0.00171661 -0.15774 1.12762 -1.26631 -0.634966 -0.149348 -1.10969 -1.32811 0.643359 -0.19894 -0.0185016 0.000572213 0.389296 -0.249748 -0.00167288 -0.194362 0.0169757 0.000190738 0.394255 -0.249786 0.000848397
22 -0.00743866 0.00171661 -0.15774 1.12342 -1.26631 -0.634966 -0.149348 -1.10511 -1.32811 0.643359 -0.19894 -0.0185016 0.000572213 0.389296 -0.249748 -0.00167288 -0.194362 0.0169757 0.000190738 0.394255 -0.249786 0.000848397
22 -0.00743866 0.00171661 -0.158122 1.11923 -1.26631 -0.634966 -0.149729 -1.10015 -1.32811 0.643359 -0.19894 -0.0185016 0.000572213 0.389296 -0.249748 -0.00167288 -0.194362 0.0169757 0.000190738 0.394255 -0.249786 0.000848397
22 -0.00743866 0.00171661 -0.158122 1.11503 -1.26631 -0.634966 -0.149729 -1.09519 -1.32811 0.643359 -0.19894 -0.0185016 0.000572213 0.389296 -0.249748 -0.00167288 -0.194362 0.0169757 0.000190738 0.394255 -0.249786 0.000848397
22 -0.00743866 0.00171661 -0.158503 1.11083 -1.26631 -0.634966 -0.149729 -1.08985 -1.32811 0.643359 -0.19894 -0.0185016 0.000572213 0.389296 -0.249748 -0.00167288 -0.194362 0.0169757 0.000190738 0.394255 -0.249786 0.000848397
22 -0.00743866 0.00171661 -0.158503 1.10626 -1.26631 -0.634966 -0.149729 -1.08451 -1.32811 0.643359 -0.19894 -0.0185016 0.000572213 0.389296 -0.249748 -0.00167288 -0.194362 0.0169757 0.000190738 0.394255 -0.249786 0.000848397
22 -0.00743866 0.00171661 -0.158885 1.10244 -1.26631 -0.634966 -0.149729 -1.07955 -1.32811 0.643359 -0.19894 -0.0185016 0.000572213 0.389296 -0.249748 -0.00167288 -0.194362 0.0169757 0.000190738 0.394255 -0.249988 0.000423189
22 -0.00743866 0.00171661 -0.158885 1.09824 -1.26631 -0.634966 -0.149729 -1.07497 -1.32811 0.643359 -0.19894 -0.0185016 0.000572213 0.389296 -0.249748 -0.00167288 -0.194362 0.0169757 0.000190738 0.394255 -0.249988 0.000423329
22 -0.00743866 0.00171661 -0.159266 1.09443 -1.26631 -0.634966 -0.149729 -1.07002 -1.32811 0.643359 -0.19894 -0.0185016 0.000572213 0.389296 -0.249748 -0.00167288 -0.194362 0.0169757 0.000190738 0.394255 -0.249988 0.000423329
22 -0.00743866 0.00171661 -0.159266 1.09023 -1.26631 -0.634966 -0.149729 -1.06506 -1.32811 0.643359 -0.19894 -0.0185016 0.000572213 0.389296 -0.249748 -0.00167288 -0.194362 0.0169757 0.000190738 0.394255 -0.249786 0.000848257
22 -0.00743866 0.00171661 -0.159648 1.08642 -1.26631 -0.634966 -0.149729 -1.0601 -1.32773 0.643359 -0.19894 -0.0185016 0.000572213 0.389296 -0.249748 -0.00167288 -0.194362 0.0169757 0.000190738 0.394255 -0.249786 0.000848397
22 -0.00743866 0.00171661 -0.159648 1.08222 -1.26631 -0.634966 -0.149729 -1.05552 -1.32773 0.643359 -0.19894 -0.0185016 0.000572213 0.389296 -0.249748 -0.00167288 -0.194362 0.0169757 0.000190738 0.394255 -0.249786 0.000848397
22 -0.00743866 0.00171661 -0.159648 1.07841 -1.26631 -0.634966 -0.150111 -1.05094 -1.32773 0.643359 -0.19894 -0.0185016 0.000572213 0.389296 -0.249748 -0.00167288 -0.194362 0.0169757 0.000190738 0.394255 -0.249786 0.000848397
22 -0.00743866 0.00171661 -0.159648 1.07459 -1.26631 -0.634966 -0.150111 -1.04598 -1.32773 0.643359 -0.19894 -0.0185016 0.000572213 0.389296 -0.249748 -0.00167288 -0.194362 0.0169757 0.000190738 0.394255 -0.249786 0.000848397
22 -0.00743866 0.00171661 -0.160029 1.07116 -1.26631 -0.634966 -0.150111 -1.0414 -1.32773 0.643359 -0.19894 -0.0185016 0.000572213 0.389296 -0.249748 -0.00167288 -0.194362 0.0169757 0.000190738 0.394255 -0.249786 0.000848397
22 -0.00743866 0.00171661 -0.160029 1.06696 -1.26631 -0.634966 -0.150111 -1.03721 -1.32773 0.643359 -0.19894 -0.0185016 0.000572213 0.389296 -0.249748 -0.00167288 -0.194362 0.0169757 0.000190738 0.394255 -0.249786 0.000848397
22 -0.00743866 0.00171661 -0.160029 1.06315 -1.26631 -0.634966 -0.150111 -1.03263 -1.32773 0.643359 -0.19894 -0.0185016 0.000572213 0.389296 -0.249748 -0.00167288 -0.194362 0.0169757 0.000190738 0.394255 -0.249786 0.000848397
22 -0.00743866 0.00171661 -0.160029 1.05933 -1.26593 -0.634966 -0.150111 -1.02805 -1.32773 0.643359 -0.19894 -0.0185016 0.000572213 0.389296 -0.249748 -0.00167288 -0.194362 0.0169757 0.000190738 0.394255 -0.249786 0.000848397
22 -0.00743866 0.00171661 -0.160029 1.0559 -1.26593 -0.634966 -0.150111 -1.02348 -1.32773 0.643359 -0.19894 -0.0185016 0.000572213 0.389296 -0.249748 -0.00167288 -0.194362 0.0169757 0.000190738 0.394255 -0.249786 0.000848397
22 -0.00743866 0.00171661 -0.160029 1.05247 -1.26593 -0.634966 -0.150111 -1.02004 -1.32773 0.643359 -0.19894 -0.0185016 0.000572213 0.389296 -0.249748 -0.00167288 -0.194362 0.0169757 0.000190738 0.394255 -0.249786 0.000848397
22 -0.00743866 0.00171661 -0.160029 1.04903 -1.26593 -0.634966 -0.150111 -1.01508 -1.32773 0.643359 -0.19894 -0.0185016 0.000572213 0.389296 -0.249748 -0.00167288 -0.194362 0.0169757 0.000190738 0.394255 -0.249786 0.000848397
22 -0.00743866 0.00171661 -0.160029 1.0456 -1.26555 -0.634966 -0.150111 -1.01089 -1.32773 0.643359 -0.19894 -0.0185016 0.000572213 0.389296 -0.249748 -0.00167288 -0.194362 0.0169757 0.000190738 0.394255 -0.249786 0.000848397
22 -0.00743866 0.00171661 -0.160029 1.04217 -1.26555 -0.634966 -0.150111 -1.00745 -1.32773 0.643359 -0.19894 -0.0185016 0.000572213 0.389296 -0.249748 -0.00167288 -0.194362 0.0169757 0.000190738 0.394255 -0.249786 0.000848397
22 -0.00743866 0.00171661 -0.160029 1.03873 -1.26555 -0.634966 -0.150111 -1.00288 -1.32773 0.643359 -0.19894 -0.0185016 0.000572213 0.389296 -0.249748 -0.00167288 -0.194362 0.0169757 0.000190738 0.394255 -0.249786 0.000848397
22 -0.00743866 0.00171661 -0.160029 1.0353 -1.26555 -0.634966 -0.150111 -0.998679 -1.32773 0.643359 -0.19894 -0.0185016 0.000572213 0.389296 -0.249748 -0.00167288 -0.194362 0.0169757 0.000190738 0.394255 -0.249786 0.000848397
22 -0.00743866 0.00171661 -0.160029 1.03187 -1.26516 -0.634966 -0.150111 -0.995246 -1.32773 0.643359 -0.19894 -0.0185016 0.000572213 0.389296 -0.249748 -0.00167288 -0.194362 0.0169757 0.000190738 0.394255 -0.249786 0.000848397
22 -0.00743866 0.00171661 -0.160029 1.02882 -1.26516 -0.634585 -0.150111 -0.99105 -1.32773 0.643359 -0.19894 -0.0185016 0.000572213 0.389296 -0.249748 -0.00167288 -0.194362 0.0169757 0.000190738 0.394255 -0.249786 0.000848397
22 -0.00743866 0.00171661 -0.160029 1.02576 -1.26516 -0.634585 -0.150111 -0.987617 -1.32773 0.643359 -0.19894 -0.0185016 0.000572213 0.389296 -0.249748 -0.00167288 -0.194362 0.0169757 0.000190738 0.394255 -0.249786 0.000848397
22 -0.00743866 0.00171661 -0.160029 1.02271 -1.26478 -0.634585 -0.150111 -0.983802 -1.32734 0.643359 -0.19894 -0.0185016 0.000572213 0.389296 -0.249748 -0.00167288 -0.194362 0.0169757 0.000190738 0.394255 -0.249786 0.000848397
22 -0.00743866 0.00171661 -0.160029 1.01966 -1.26478 -0.634585 -0.150111 -0.979987 -1.32734 0.643359 -0.19894 -0.0185016 0.000572213 0.389296 -0.249748 -0.00167288 -0.194362 0.0169757 0.000190738 0.394255 -0.249786 0.000848397
22 -0.00743866 0.00171661 -0.160029 1.01699 -1.26478 -0.634585 -0.150111 -0.976935 -1.32734 0.643359 -0.19894 -0.0185016 0.000572213 0.389296 -0.249748 -0.00167288 -0.194362 0.0169757 0.000190738 0.394255 -0.249786 0.000848397
22 -0.00743866 0.00171661 -0.160029 1.01394 -1.26478 -0.634585 -0.150111 -0.972739 -1.32734 0.643359 -0.19894 -0.0185016 0.000572213 0.389296 -0.249748 -0.00167288 -0.194362 0.0169757 0.000190738 0.394255 -0.249786 0.000848397
22 -0.00743866 0.00171661 -0.160029 1.01127 -1.26478 -0.634585 -0.150111 -0.970069 -1.32734 0.643359 -0.19894 -0.0185016 0.000572213 0.389296 -0.249748 -0.00167288 -0.194362 0.0169757 0.000190738 0.394255 -0.249786 0.000848397
22 -0.00743866 0.00171661 -0.160029 1.00898 -1.2644 -0.634585 -0.150111 -0.966254 -1.32734 0.643359 -0.19894 -0.0185016 0.000572213 0.389296 -0.249748 -0.00167288 -0.194362 0.0169757 0.000190738 0.394255 -0.249786 0.000848397
22 -0.00743866 0.00171661 -0.159648 1.00593 -1.2644 -0.634585 -0.150111 -0.963965 -1.32734 0.643359 -0.19894 -0.0185016 0.000572213 0.389296 -0.249748 -0.00167288 -0.194362 0.0169757 0.000190738 0.394255 -0.249786 0.000848397
22 -0.00743866 0.00171661 -0.159648 1.00326 -1.2644 -0.634585 -0.149729 -0.96015 -1.32734 0.643359 -0.19894 -0.0185016 0.000572213 0.389296 -0.249748 -0.00167288 -0.194362 0.0169757 0.000190738 0.394255 -0.249786 0.000848397
22 -0.00743866 0.00171661 -0.159648 1.00059 -1.2644 -0.634585 -0.149729 -0.957862 -1.32734 0.643359 -0.19894 -0.0185016 0.000572213 0.389296 -0.249748 -0.00167288 -0.194362 0.0169757 0.000190738 0.394255 -0.249786 0.000848397
22 -0.00743866 0.00171661 -0.159648 0.998298 -1.2644 -0.634585 -0.149729 -0.954428 -1.32734 0.643359 -0.19894 -0.0185016 0.000572213 0.389296 -0.249748 -0.00167288 -0.194362 0.0169757 0.000190738 0.394255 -0.249786 0.000848397
22 -0.00743866 0.00171661 -0.159648 0.996391 -1.2644 -0.634585 -0.149729 -0.952139 -1.32734 0.643359 -0.19894 -0.0185016 0.000572213 0.389296 -0.249748 -0.00167288 -0.194362 0.0169757 0.000190738 0.394255 -0.249786 0.000848397
22 -0.00743866 0.00171661 -0.159648 0.99372 -1.2644 -0.634585 -0.149729 -0.949088 -1.32734 0.643359 -0.19894 -0.0185016 0.000572213 0.389296 -0.249748 -0.00167288 -0.194362 0.0169757 0.000190738 0.394255 -0.249786 0.000848397
22 -0.00743866 0.00171661 -0.159648 0.991431 -1.2644 -0.634585 -0.149729 -0.946417 -1.32734 0.643359 -0.19894 -0.0185016 0.000572213 0.389296 -0.249748 -0.00167288 -0.194362 0.0169757 0.000190738 0.394255 -0.249786 0.000848397
22 -0.00743866 0.00171661 -0.159648 0.989524 -1.2644 -0.634585 -0.149729 -0.94451 -1.32696 0.643359 -0.19894 -0.0185016 0.000572213 0.389296 -0.249748 -0.00167288 -0.194362 0.0169757 0.000190738 0.394255 -0.249786 0.000848397
22 -0.00743866 0.00171661 -0.159648 0.987235 -1.2644 -0.634585 -0.149729 -0.941458 -1.32696 0.643359 -0.19894 -0.0185016 0.000572213 0.389296 -0.249748 -0.00167288 -0.194362 0.0169757 0.000190738 0.394255 -0.249786 0.000848397
22 -0.00743866 0.00171661 -0.159266 0.984946 -1.2644 -0.634585 -0.149729 -0.939551 -1.32696 0.643359 -0.19894 -0.0185016 0.000572213 0.389296 -0.249748 -0.00167288 -0.194362 0.0169757 0.000190738 0.394255 -0.249786 0.000848397
22 -0.00743866 0.00171661 -0.159266 0.98342 -1.2644 -0.634585 -0.149348 -0.93688 -1.32696 0.643359 -0.19894 -0.0185016 0.000572213 0.389296 -0.249748 -0.00167288 -0.194362 0.0169757 0.000190738 0.394255 -0.249786 0.000848397
22 -0.00743866 0.00171661 -0.159266 0.981132 -1.2644 -0.634585 -0.149348 -0.934973 -1.32696 0.643359 -0.19894 -0.0185016 0.000572213 0.389296 -0.249748 -0.00167288 -0.194362 0.0169757 0.000190738 0.394255 -0.249786 0.000848397
22 -0.00743866 0.00171661 -0.159266 0.979606 -1.2644 -0.634585 -0.149348 -0.933066 -1.32696 0.643359 -0.19894 -0.0185016 0.000572213 0.389296 -0.249748 -0.00167288 -0.194362 0.0169757 0.000190738 0.394255 -0.249786 0.000848397
22 -0.00743866 0.00171661 -0.159266 0.977698 -1.2644 -0.634585 -0.149348 -0.931158 -1.32696 0.64374 -0.19894 -0.0185016 0.000572213 0.389296 -0.249748 -0.00167288 -0.194362 0.0169757 0.000190738 0.394255 -0.249786 0.000848397
22 -0.00743866 0.00171661 -0.159266 0.975791 -1.2644 -0.634585 -0.149348 -0.928869 -1.32696 0.64374 -0.19894 -0.0185016 0.000572213 0.389296 -0.249748 -0.00167288 -0.194362 0.0169757 0.000190738 0.394255 -0.249786 0.000848397
22 -0.00743866 0.00171661 -0.159266 0.974265 -1.2644 -0.634585 -0.149348 -0.927343 -1.32696 0.64374 -0.19894 -0.0185016 0.000572213 0.389296 -0.249748 -0.00167288 -0.194362 0.0169757 0.000190738 0.394255 -0.249786 0.000848397
22 -0.00743866 0.00171661 -0.159266 0.972739 -1.2644 -0.634585 -0.148966 -0.925818 -1.32696 0.64374 -0.19894 -0.0185016 0.000572213 0.389296 -0.249748 -0.00167288 -0.194362 0.0169757 0.000190738 0.394255 -0.249786 0.000848397
22 -0.00743866 0.00171661 -0.159266 0.971595 -1.2644 -0.634585 -0.148966 -0.923529 -1.32696 0.64374 -0.19894 -0.0185016 0.000572213 0.389296 -0.249748 -0.00167288 -0.194362 0.0169757 0.000190738 0.394255 -0.249988 0.000423189
22 -0.00743866 0.00171661 -0.158885 0.970069 -1.2644 -0.634585 -0.148966 -0.922384 -1.32696 0.64374 -0.19894 -0.0185016 0.000572213 0.389296 -0.249748 -0.00167288 -0.194362 0.0169757 0.000190738 0.394255 -0.249786 0.000848257
22 -0.00743866 0.00171661 -0.158885 0.968543 -1.2644 -0.634203 -0.148966 -0.92124 -1.32696 0.64374 -0.19894 -0.0185016 0.000572213 0.389296 -0.249748 -0.00167288 -0.194362 0.0169757 0.000190738 0.394255 -0.249786 0.000848397
22 -0.00743866 0.00171661 -0.158885 0.967398 -1.2644 -0.634203 -0.148966 -0.920477 -1.32696 0.64374 -0.19894 -0.0185016 0.000572213 0.389296 -0.249748 -0.00167288 -0.194362 0.0169757 0.000190738 0.394255 -0.249786 0.000848397
22 -0.00743866 0.00171661 -0.158885 0.966254 -1.2644 -0.634203 -0.148585 -0.919333 -1.32696 0.64374 -0.19894 -0.0185016 0.000572213 0.389296 -0.249748 -0.00167288 -0.194362 0.0169757 0.000190738 0.394255 -0.249786 0.000848397
22 -0.00743866 0.00171661 -0.158885 0.96511 -1.2644 -0.634203 -0.148585 -0.917425 -1.32696 0.64374 -0.19894 -0.0185016 0.000572213 0.389296 -0.249748 -0.00167288 -0.194362 0.0169757 0.000190738 0.394255 -0.249786 0.000848397
22 -0.00743866 0.00171661 -0.158885 0.963965 -1.2644 -0.634203 -0.148585 -0.916281 -1.32696 0.64374 -0.19894 -0.0185016 0.000572213 0.389296 -0.249748 -0.00167288 -0.194362 0.0169757 0.000190738 0.394255 -0.249786 0.000848397
22 -0.00743866 0.00171661 -0.158503 0.962821 -1.2644 -0.634203 -0.148585 -0.915899 -1.32696 0.64374 -0.19894 -0.0185016 0.000572213 0.389296 -0.249748 -0.00167288 -0.194362 0.0169757 0.000190738 0.394255 -0.249786 0.000848397
22 -0.00743866 0.00171661 -0.158503 0.962058 -1.2644 -0.633822 -0.148585 -0.915136 -1.32696 0.64374 -0.19894 -0.0185016 0.000572213 0.389296 -0.249748 -0.00167288 -0.194362 0.0169757 0.000190738 0.394255 -0.249786 0.000848397
22 -0.00743866 0.00171661 -0.158503 0.961295 -1.2644 -0.633822 -0.148203 -0.914373 -1.32696 0.64374 -0.19894 -0.0185016 0.000572213 0.389296 -0.249748 -0.00167288 -0.194362 0.0169757 0.000190738 0.394255 -0.249786 0.000848397
22 -0.00743866 0.00171661 -0.158122 0.960532 -1.2644 -0.633822 -0.148203 -0.913992 -1.32696 0.64374 -0.19894 -0.0185016 0.000572213 0.389296 -0.249748 -0.00167288 -0.194362 0.0169757 0.000190738 0.394255 -0.249786 0.000848397
22 -0.00743866 0.00171661 -0.158122 0.959769 -1.2644 -0.63344 -0.148203 -0.913229 -1.32696 0.64374 -0.19894 -0.0185016 0.000572213 0.389296 -0.249748 -0.00167288 -0.194362 0.0169757 0.000190738 0.394255 -0.249786 0.000848397
22 -0.00743866 0.00171661 -0.158122 0.959387 -1.2644 -0.63344 -0.148203 -0.912847 -1.32696 0.64374 -0.19894 -0.0185016 0.000572213 0.389296 -0.249748 -0.00167288 -0.194362 0.0169757 0.000190738 0.394255 -0.249786 0.000848397
22 -0.00743866 0.00171661 -0.158122 0.958624 -1.2644 -0.63344 -0.147822 -0.912084 -1.32696 0.64374 -0.19894 -0.0185016 0.000572213 0.389296 -0.249748 -0.00167288 -0.194362 0.0169757 0.000190738 0.394255 -0.249786 0.000848397
22 -0.00743866 0.00171661 -0.15774 0.957862 -1.2644 -0.63344 -0.147822 -0.911703 -1.32696 0.64374 -0.19894 -0.0185016 0.000572213 0.389296 -0.249748 -0.00167288 -0.194362 0.0169757 0.000190738 0.394255 -0.249786 0.000848397
22 -0.00743866 0.00171661 -0.15774 0.957099 -1.2644 -0.633059 -0.147822 -0.911322 -1.32696 0.64374 -0.19894 -0.0185016 0.000572213 0.389296 -0.249748 -0.00167288 -0.194362 0.0169757 0.000190738 0.394255 -0.249786 0.000848397
22 -0.00743866 0.00171661 -0.15774 0.956717 -1.2644 -0.633059 -0.147822 -0.911322 -1.32696 0.64374 -0.19894 -0.0185016 0.000572213 0.389296 -0.249748 -0.00167288 -0.194362 0.0169757 0.000190738 0.394255 -0.249786 0.000848397
22 -0.00743866 0.00171661 -0.15774 0.956336 -1.2644 -0.633059 -0.14744 -0.911322 -1.32696 0.64374 -0.19894 -0.0185016 0.000572213 0.389296 -0.249748 -0.00167288 -0.194362 0.0169757 0.000190738 0.394255 -0.249786 0.000848397
22 -0.00743866 0.00209808 -0.157359 0.956336 -1.26478 -0.633059 -0.14744 -0.911322 -1.32696 0.64374 -0.19894 -0.0185016 0.000572213 0.389296 -0.249748 -0.00167288 -0.194362 0.0169757 0.000190738 0.394255 -0.249786 0.000848397
22 -0.00743866 0.00171661 -0.157359 0.956336 -1.26478 -0.632677 -0.147059 -0.911703 -1.32696 0.64374 -0.19894 -0.0185016 0.000572213 0.389296 -0.249748 -0.00167288 -0.194362 0.0169757 0.000190738 0.394255 -0.249786 0.000848397
22 -0.00743866 0.00171661 -0.157359 0.956336 -1.26478 -0.632677 -0.147059 -0.912084 -1.32696 0.64374 -0.19894 -0.0185016 0.000572213 0.389296 -0.249748 -0.00167288 -0.194362 0.0169757 0.000190738 0.394255 -0.249786 0.000848397
22 -0.00743866 0.00171661 -0.156977 0.956336 -1.26478 -0.632677 -0.146677 -0.912084 -1.32696 0.64374 -0.19894 -0.0185016 0.000572213 0.389296 -0.249748 -0.00167288 -0.194362 0.0169757 0.000190738 0.394255 -0.249786 0.000848397
22 -0.00782013 0.00171661 -0.156977 0.956336 -1.26478 -0.632677 -0.146677 -0.912847 -1.32696 0.64374 -0.19894 -0.0185016 0.000572213 0.389296 -0.249748 -0.00167288 -0.194362 0.0169757 0.000190738 0.394255 -0.249786 0.000848397
22 -0.00743866 0.00171661 -0.156977 0.956336 -1.26478 -0.632677 -0.146296 -0.913229 -1.32696 0.64374 -0.19894 -0.0185016 0.000572213 0.389296 -0.249748 -0.00167288 -0.194362 0.0169757 0.000190738 0.394255 -0.249786 0.000848397
22 -0.00743866 0.00171661 -0.156596 0.956336 -1.26478 -0.632677 -0.145914 -0.91361 -1.32696 0.64374 -0.19894 -0.0185016 0.000572213 0.389296 -0.249748 -0.00167288 -0.194362 0.0169757 0.000190738 0.394255 -0.249786 0.000848397
22 -0.00743866 0.00171661 -0.156596 0.956336 -1.26478 -0.632677 -0.145914 -0.913992 -1.32696 0.64374 -0.19894 -0.0185016 0.000572213 0.389296 -0.249748 -0.00167288 -0.194362 0.0169757 0.000190738 0.394255 -0.249988 0.000423189
22 -0.00743866 0.00171661 -0.156214 0.956717 -1.26478 -0.632677 -0.145533 -0.914373 -1.32696 0.64374 -0.19894 -0.0185016 0.000572213 0.389296 -0.249748 -0.00167288 -0.194362 0.0169757 0.000190738 0.394255 -0.249786 0.000848257
22 -0.00743866 0.00171661 -0.156214 0.957099 -1.26478 -0.632677 -0.145533 -0.915136 -1.32696 0.64374 -0.19894 -0.0185016 0.000572213 0.389296 -0.249748 -0.00167288 -0.194362 0.0169757 0.000190738 0.394255 -0.249786 0.000848397
22 -0.00743866 0.00171661 -0.155833 0.957099 -1.26478 -0.632677 -0.145151 -0.915518 -1.32734 0.64374 -0.19894 -0.0185016 0.000572213 0.389296 -0.249748 -0.00167288 -0.194362 0.0169757 0.000190738 0.394255 -0.249786 0.000848397
22 -0.00743866 0.00171661 -0.155833 0.957862 -1.26478 -0.632677 -0.145151 -0.916281 -1.32696 0.64374 -0.19894 -0.0185016 0.000572213 0.389296 -0.249748 -0.00167288 -0.194362 0.0169757 0.000190738 0.394255 -0.249786 0.000848397
22 -0.00743866 0.00171661 -0.155451 0.958243 -1.26478 -0.632677 -0.14477 -0.917044 -1.32734 0.64374 -0.19894 -0.0185016 0.000572213 0.389296 -0.249748 -0.00167288 -0.194362 0.0169757 0.000190738 0.394255 -0.249786 0.000848397
22 -0.00743866 0.00171661 -0.155451 0.958624 -1.26478 -0.632677 -0.14477 -0.918188 -1.32734 0.64374 -0.19894 -0.0185016 0.000572213 0.389296 -0.249748 -0.00167288 -0.194362 0.0169757 0.000190738 0.394255 -0.249786 0.000848397
22 -0.00743866 0.00171661 -0.15507 0.959006 -1.26478 -0.632677 -0.144388 -0.919714 -1.32696 0.64374 -0.19894 -0.0185016 0.000572213 0.389296 -0.249748 -0.00167288 -0.194362 0.0169757 0.000190738 0.394255 -0.249786 0.000848397
22 -0.00743866 0.00171661 -0.15507 0.959387 -1.26478 -0.632677 -0.144388 -0.920477 -1.32734 0.64374 -0.19894 -0.0185016 0.000572213 0.389296 -0.249748 -0.00167288 -0.194362 0.0169757 0.000190738 0.394255 -0.249786 0.000848397
22 -0.00743866 0.00171661 -0.154688 0.96015 -1.26478 -0.632677 -0.144007 -0.92124 -1.32734 0.64374 -0.19894 -0.0185016 0.000572213 0.389296 -0.249748 -0.00167288 -0.194362 0.0169757 0.000190738 0.394255 -0.249786 0.000848397
22 -0.00743866 0.00171661 -0.154688 0.960913 -1.26478 -0.632677 -0.144007 -0.922003 -1.32734 0.64374 -0.19894 -0.0185016 0.000572213 0.389296 -0.249748 -0.00167288 -0.194362 0.0169757 0.000190738 0.394255 -0.249786 0.000848397
22 -0.00743866 0.00171661 -0.154307 0.961676 -1.26478 -0.632677 -0.143626 -0.922766 -1.32734 0.64374 -0.19894 -0.0185016 0.000572213 0.389296 -0.249748 -0.00167288 -0.194362 0.0169757 0.000190738 0.394255 -0.249988 0.000423189
22 -0.00743866 0.00171661 -0.153925 0.962058 -1.26478 -0.632677 -0.143244 -0.924673 -1.32734 0.64374 -0.19894 -0.0185016 0.000572213 0.389296 -0.249748 -0.00167288 -0.194362 0.0169757 0.000190738 0.394255 -0.249988 0.000423329
22 -0.00743866 0.00171661 -0.153544 0.962821 -1.26478 -0.632677 -0.143244 -0.926199 -1.32734 0.64374 -0.19894 -0.0185016 0.000572213 0.389296 -0.249748 -0.00167288 -0.194362 0.0169757 0.000190738 0.394255 -0.249988 0.000423329
22 -0.00743866 0.00171661 -0.153544 0.963965 -1.26478 -0.632677 -0.143244 -0.927343 -1.32734 0.64374 -0.19894 -0.0185016 0.000572213 0.389296 -0.249748 -0.00167288 -0.194362 0.0169757 0.000190738 0.394255 -0.249988 0.000423329
22 -0.00743866 0.00171661 -0.153162 0.96511 -1.26478 -0.632677 -0.142863 -0.928488 -1.32734 0.64374 -0.19894 -0.0185016 0.000572213 0.389296 -0.249748 -0.00167288 -0.194362 0.0169757 0.000190738 0.394255 -0.249786 0.000848257
22 -0.00743866 0.00209808 -0.152781 0.965873 -1.26478 -0.632677 -0.142863 -0.930395 -1.32734 0.64374 -0.19894 -0.0185016 0.000572213 0.389296 -0.249748 -0.00167288 -0.194362 0.0169757 0.000190738 0.394255 -0.249786 0.000848397
22 -0.00743866 0.00171661 -0.152399 0.967017 -1.26478 -0.632677 -0.142863 -0.932684 -1.32734 0.64374 -0.19894 -0.0185016 0.000572213 0.389296 -0.249748 -0.00167288 -0.194362 0.0169757 0.000190738 0.394255 -0.249786 0.000848397
22 -0.00743866 0.00171661 -0.152018 0.968161 -1.26478 -0.632677 -0.142481 -0.933829 -1.32734 0.64374 -0.19894 -0.0185016 0.000572213 0.389296 -0.249748 -0.00167288 -0.194362 0.0169757 0.000190738 0.394255 -0.249786 0.000848397
22 -0.00743866 0.00171661 -0.151637 0.969306 -1.26478 -0.632677 -0.142481 -0.935354 -1.32734 0.64374 -0.19894 -0.0185016 0.000572213 0.389296 -0.249748 -0.00167288 -0.194362 0.0169757 0.000190738 0.394255 -0.249786 0.000848397
22 -0.00743866 0.00171661 -0.151255 0.970832 -1.26478 -0.632677 -0.142481 -0.937643 -1.32734 0.64374 -0.19894 -0.0185016 0.000572213 0.389296 -0.249748 -0.00167288 -0.194362 0.0169757 0.000190738 0.394255 -0.249786 0.000848397
22 -0.00743866 0.00171661 -0.150874 0.971976 -1.26478 -0.632677 -0.142481 -0.939551 -1.32734 0.64374 -0.19894 -0.0185016 0.000572213 0.389296 -0.249748 -0.00167288 -0.194362 0.0169757 0.000190738 0.394255 -0.249786 0.000848397
22 -0.00743866 0.00171661 -0.150492 0.973121 -1.26478 -0.632677 -0.1421 -0.941458 -1.32734 0.64374 -0.19894 -0.0185016 0.000572213 0.389296 -0.249748 -0.00167288 -0.194362 0.0169757 0.000190738 0.394255 -0.249786 0.000848397
22 -0.00743866 0.00171661 -0.150111 0.974646 -1.26478 -0.632677 -0.1421 -0.944128 -1.32734 0.64374 -0.19894 -0.0185016 0.000572213 0.389296 -0.249748 -0.00167288 -0.194362 0.0169757 0.000190738 0.394255 -0.249786 0.000848397
22 -0.00743866 0.00171661 -0.149729 0.975791 -1.26478 -0.632677 -0.1421 -0.946036 -1.32734 0.64374 -0.19894 -0.0185016 0.000572213 0.389296 -0.249748 -0.00167288 -0.194362 0.0169757 0.000190738 0.394255 -0.249786 0.000848397
22 -0.00743866 0.00171661 -0.149348 0.977698 -1.26478 -0.632677 -0.1421 -0.947562 -1.32734 0.64374 -0.19894 -0.0185016 0.000572213 0.389296 -0.249748 -0.00167288 -0.194362 0.0169757 0.000190738 0.394255 -0.249786 0.000848397
22 -0.00743866 0.00171661 -0.148966 0.978843 -1.26478 -0.632677 -0.141718 -0.950995 -1.32734 0.64374 -0.19894 -0.0185016 0.000572213 0.389296 -0.249748 -0.00167288 -0.194362 0.0169757 0.000190738 0.394255 -0.249786 0.000848397
22 -0.00743866 0.00171661 -0.148585 0.980369 -1.26478 -0.632677 -0.141718 -0.952902 -1.32734 0.64374 -0.19894 -0.0185016 0.000572213 0.389296 -0.249748 -0.00167288 -0.194362 0.0169757 0.000190738 0.394255 -0.249786 0.000848397
22 -0.00743866 0.00171661 -0.148585 0.981513 -1.26478 -0.632677 -0.141718 -0.955191 -1.32734 0.64374 -0.19894 -0.0185016 0.000572213 0.389296 -0.249748 -0.00167288 -0.194362 0.0169757 0.000190738 0.394255 -0.249786 0.000848397
22 -0.00743866 0.00171661 -0.148203 0.98342 -1.26478 -0.632677 -0.141718 -0.957862 -1.32734 0.64374 -0.19894 -0.0185016 0.000572213 0.389296 -0.249748 -0.00167288 -0.194362 0.0169757 0.000190738 0.394255 -0.249786 0.000848397
22 -0.00743866 0.00171661 -0.147822 0.984946 -1.26478 -0.632677 -0.141337 -0.959769 -1.32734 0.64374 -0.19894 -0.0185016 0.000572213 0.389296 -0.249748 -0.00167288 -0.194362 0.0169757 0.000190738 0.394255 -0.249786 0.000848397
22 -0.00743866 0.00171661 -0.14744 0.986472 -1.26478 -0.632677 -0.141337 -0.962821 -1.32734 0.64374 -0.19894 -0.0185016 0.000572213 0.389296 -0.249748 -0.00167288 -0.194362 0.0169757 0.000190738 0.394255 -0.249786 0.000848397
22 -0.00743866 0.00171661 -0.147059 0.987998 -1.26478 -0.632677 -0.140955 -0.96511 -1.32734 0.64374 -0.19894 -0.0185016 0.000572213 0.389296 -0.249748 -0.00167288 -0.194362 0.0169757 0.000190738 0.394255 -0.249786 0.000848397
22 -0.00743866 0.00171661 -0.146677 0.990287 -1.26478 -0.632677 -0.140955 -0.96778 -1.32734 0.64374 -0.19894 -0.0185016 0.000572213 0.389296 -0.249748 -0.00167288 -0.194362 0.0169757 0.000190738 0.394255 -0.249786 0.000848397
22 -0.00743866 0.00171661 -0.146296 0.991813 -1.26478 -0.632677 -0.140955 -0.97045 -1.32734 0.64374 -0.19894 -0.0185016 0.000572213 0.389296 -0.249748 -0.00167288 -0.194362 0.0169757 0.000190738 0.394255 -0.249988 0.000423189
22 -0.00743866 0.00171661 -0.145914 0.99372 -1.26478 -0.632677 -0.140574 -0.972739 -1.32734 0.64374 -0.19894 -0.0185016 0.000572213 0.389296 -0.249748 -0.00167288 -0.194362 0.0169757 0.000190738 0.394255 -0.249988 0.000423329
22 -0.00743866 0.00171661 -0.145533 0.996009 -1.26478 -0.632677 -0.140574 -0.976554 -1.32734 0.64374 -0.19894 -0.0185016 0.000572213 0.389296 -0.249748 -0.00167288 -0.194362 0.0169757 0.000190738 0.394255 -0.249988 0.000423329
22 -0.00743866 0.00171661 -0.145151 0.997916 -1.26478 -0.632677 -0.140192 -0.978843 -1.32734 0.64374 -0.19894 -0.0185016 0.000572213 0.389296 -0.249748 -0.00167288 -0.194362 0.0169757 0.000190738 0.394255 -0.249988 0.000423329
22 -0.00743866 0.00171661 -0.145151 0.999824 -1.26478 -0.632677 -0.139811 -0.982276 -1.32734 0.64374 -0.19894 -0.0185016 0.000572213 0.389296 -0.249748 -0.00167288 -0.194362 0.0169757 0.000190738 0.394255 -0.249988 0.000423329
22 -0.00743866 0.00171661 -0.14477 1.00249 -1.26478 -0.632677 -0.139811 -0.984565 -1.32734 0.64374 -0.19894 -0.0185016 0.000572213 0.389296 -0.249748 -0.00167288 -0.194362 0.0169757 0.000190738 0.394255 -0.249988 0.000423329
22 -0.00743866 0.00171661 -0.14477 1.00478 -1.26478 -0.632677 -0.139429 -0.987998 -1.32734 0.64374 -0.19894 -0.0185016 0.000572213 0.389296 -0.249748 -0.00167288 -0.194362 0.0169757 0.000190738 0.394255 -0.249988 0.000423329
22 -0.00743866 0.00209808 -0.144388 1.00707 -1.26478 -0.632677 -0.139429 -0.990668 -1.32734 0.64374 -0.19894 -0.0185016 0.000572213 0.389296 -0.249748 -0.00167288 -0.194362 0.0169757 0.000190738 0.394255 -0.249786 0.000848257
22 -0.00743866 0.00171661 -0.144388 1.00936 -1.26478 -0.632677 -0.139048 -0.994483 -1.32734 0.64374 -0.19894 -0.0185016 0.000572213 0.389296 -0.249748 -0.00167288 -0.194362 0.0169757 0.000190738 0.394255 -0.249786 0.000848397
22 -0.00743866 0.00171661 -0.144007 1.01203 -1.26478 -0.632677 -0.139048 -0.996772 -1.32734 0.64374 -0.19894 -0.0185016 0.000572213 0.389296 -0.249748 -0.00167288 -0.194362 0.0169757 0.000190738 0.394255 -0.249786 0.000848397
22 -0.00743866 0.00171661 -0.143626 1.0147 -1.26478 -0.632677 -0.139048 -1.00059 -1.32734 0.64374 -0.19894 -0.0185016 0.000572213 0.389296 -0.249748 -0.00167288 -0.194362 0.0169757 0.000190738 0.394255 -0.249786 0.000848397
22 -0.00743866 0.00171661 -0.143626 1.01699 -1.26478 -0.632677 -0.138666 -1.00364 -1.32734 0.64374 -0.19894 -0.0185016 0.000572213 0.389296 -0.249748 -0.00167288 -0.194362 0.0169757 0.000190738 0.394255 -0.249786 0.000848397
22 -0.00743866 0.00171661 -0.143244 1.01966 -1.26478 -0.632677 -0.138666 -1.00745 -1.32734 0.64374 -0.19894 -0.0185016 0.000572213 0.389296 -0.249748 -0.00167288 -0.194362 0.0169757 0.000190738 0.394255 -0.249786 0.000848397
22 -0.00743866 0.00171661 -0.143244 1.02233 -1.26478 -0.632677 -0.138285 -1.01012 -1.32734 0.64374 -0.19894 -0.0185016 0.000572213 0.389296 -0.249748 -0.00167288 -0.194362 0.0169757 0.000190738 0.394255 -0.249786 0.000848397
22 -0.00743866 0.00171661 -0.142863 1.025 -1.26478 -0.632677 -0.138285 -1.01394 -1.32734 0.64374 -0.19894 -0.0185016 0.000572213 0.389296 -0.249748 -0.00167288 -0.194362 0.0169757 0.000190738 0.394255 -0.249786 0.000848397
22 -0.00743866 0.00171661 -0.142863 1.02805 -1.26478 -0.632677 -0.137903 -1.01737 -1.32734 0.64374 -0.19894 -0.0185016 0.000572213 0.389296 -0.249748 -0.00167288 -0.194362 0.0169757 0.000190738 0.394255 -0.249988 0.000423189
22 -0.00743866 0.00171661 -0.142481 1.03034 -1.26478 -0.632677 -0.137903 -1.02081 -1.32734 0.64374 -0.19894 -0.0185016 0.000572213 0.389296 -0.249748 -0.00167288 -0.194362 0.0169757 0.000190738 0.394255 -0.249786 0.000848257
22 -0.00743866 0.00171661 -0.142481 1.03378 -1.26478 -0.632677 -0.137522 -1.02424 -1.32734 0.64374 -0.19894 -0.0185016 0.000572213 0.389296 -0.249748 -0.00167288 -0.194362 0.0169757 0.000190738 0.394255 -0.249786 0.000848397
22 -0.00743866 0.00171661 -0.142481 1.03645 -1.26478 -0.632677 -0.137522 -1.02767 -1.32734 0.64374 -0.19894 -0.0185016 0.000572213 0.389296 -0.249748 -0.00167288 -0.194362 0.0169757 0.000190738 0.394255 -0.249786 0.000848397
22 -0.00743866 0.00171661 -0.1421 1.0395 -1.26478 -0.632677 -0.13714 -1.03187 -1.32734 0.64374 -0.19894 -0.0185016 0.000572213 0.389296 -0.249748 -0.00167288 -0.194362 0.0169757 0.000190738 0.394255 -0.249786 0.000848397
22 -0.00743866 0.00171661 -0.1421 1.04255 -1.26478 -0.632677 -0.13714 -1.03492 -1.32734 0.64374 -0.19894 -0.0185016 0.000572213 0.389296 -0.249748 -0.00167288 -0.194362 0.0169757 0.000190738 0.394255 -0.249786 0.000848397
22 -0.00743866 0.00171661 -0.1421 1.0456 -1.26478 -0.632677 -0.13714 -1.03912 -1.32734 0.64374 -0.19894 -0.0185016 0.000572213 0.389296 -0.249748 -0.00167288 -0.194362 0.0169757 0.000190738 0.394255 -0.249786 0.000848397
22 -0.00743866 0.00171661 -0.141718 1.04865 -1.26478 -0.632677 -0.136759 -1.04255 -1.32734 0.64374 -0.19894 -0.0185016 0.000572213 0.389296 -0.249748 -0.00167288 -0.194362 0.0169757 0.000190738 0.394255 -0.249786 0.000848397
22 -0.00743866 0.00171661 -0.141718 1.0517 -1.26478 -0.632677 -0.136759 -1.04636 -1.32734 0.64374 -0.19894 -0.0185016 0.000572213 0.389296 -0.249748 -0.00167288 -0.194362 0.0169757 0.000190738 0.394255 -0.249786 0.000848397
22 -0.00743866 0.00171661 -0.141337 1.05514 -1.26478 -0.632677 -0.136759 -1.05056 -1.32734 0.64374 -0.19894 -0.0185016 0.000572213 0.389296 -0.249748 -0.00167288 -0.194362 0.0169757 0.000190738 0.394255 -0.249786 0.000848397
22 -0.00743866 0.00171661 -0.141337 1.05857 -1.26478 -0.632677 -0.136759 -1.05399 -1.32734 0.64374 -0.19894 -0.0185016 0.000572213 0.389296 -0.249748 -0.00167288 -0.194362 0.0169757 0.000190738 0.394255 -0.249786 0.000848397
22 -0.00743866 0.00171661 -0.141337 1.06162 -1.26478 -0.632677 -0.136378 -1.05819 -1.32734 0.64374 -0.19894 -0.0185016 0.000572213 0.389296 -0.249748 -0.00167288 -0.194362 0.0169757 0.000190738 0.394255 -0.249988 0.000423189
22 -0.00743866 0.00171661 -0.141337 1.06506 -1.26478 -0.632677 -0.136378 -1.06239 -1.32734 0.64374 -0.19894 -0.0185016 0.000572213 0.389296 -0.249748 -0.00167288 -0.194362 0.0169757 0.000190738 0.394255 -0.249988 0.000423329
22 -0.00743866 0.00171661 -0.140955 1.06849 -1.26478 -0.632677 -0.136378 -1.0662 -1.32734 0.64374 -0.19894 -0.0185016 0.000572213 0.389296 -0.249748 -0.00167288 -0.194362 0.0169757 0.000190738 0.394255 -0.249786 0.000848257
22 -0.00743866 0.00171661 -0.140955 1.07192 -1.26478 -0.632677 -0.136378 -1.0704 -1.32734 0.64374 -0.19894 -0.0185016 0.000572213 0.389296 -0.249748 -0.00167288 -0.194362 0.0169757 0.000190738 0.394255 -0.249786 0.000848397
22 -0.00743866 0.00171661 -0.140955 1.07574 -1.26478 -0.632677 -0.136378 -1.07459 -1.32734 0.64374 -0.19894 -0.0185016 0.000572213 0.389296 -0.249748 -0.00167288 -0.194362 0.0169757 0.000190738 0.394255 -0.249786 0.000848397
22 -0.00743866 0.00209808 -0.140955 1.07917 -1.26478 -0.632677 -0.136378 -1.07841 -1.32734 0.64374 -0.19894 -0.0185016 0.000572213 0.389296 -0.249748 -0.00167288 -0.194362 0.0169757 0.000190738 0.394255 -0.249786 0.000848397
22 -0.00743866 0.00171661 -0.140955 1.08299 -1.26478 -0.632677 -0.136378 -1.08299 -1.32734 0.64374 -0.19894 -0.0185016 0.000572213 0.389296 -0.249748 -0.00167288 -0.194362 0.0169757 0.000190738 0.394255 -0.249786 0.000848397
22 -0.00743866 0.00171661 -0.141337 1.0868 -1.26478 -0.632677 -0.135996 -1.08718 -1.32734 0.64374 -0.19894 -0.0185016 0.000572213 0.389296 -0.249748 -0.00167288 -0.194362 0.0169757 0.000190738 0.394255 -0.249786 0.000848397
22 -0.00743866 0.00171661 -0.141337 1.09023 -1.26478 -0.632677 -0.135996 -1.091 -1.32734 0.64374 -0.19894 -0.0185016 0.000572213 0.389296 -0.249748 -0.00167288 -0.194362 0.0169757 0.000190738 0.394255 -0.249786 0.000848397
22 -0.00743866 0.00171661 -0.141337 1.09405 -1.26478 -0.632677 -0.135996 -1.09557 -1.32734 0.64374 -0.19894 -0.0185016 0.000572213 0.389296 -0.249748 -0.00167288 -0.194362 0.0169757 0.000190738 0.394255 -0.249786 0.000848397
22 -0.00743866 0.00171661 -0.141337 1.09786 -1.26478 -0.632677 -0.135996 -1.10053 -1.32734 0.64374 -0.19894 -0.0185016 0.000572213 0.389296 -0.249748 -0.00167288 -0.194362 0.0169757 0.000190738 0.394255 -0.249786 0.000848397
22 -0.00743866 0.00171661 -0.141337 1.10206 -1.26478 -0.632677 -0.135996 -1.10397 -1.32734 0.64374 -0.19894 -0.0185016 0.000572213 0.389296 -0.249748 -0.00167288 -0.194362 0.0169757 0.000190738 0.394255 -0.249786 0.000848397
22 -0.00743866 0.00209808 -0.141337 1.10549 -1.26478 -0.632677 -0.136378 -1.10893 -1.32734 0.64374 -0.19894 -0.0185016 0.000572213 0.389296 -0.249748 -0.00167288 -0.194362 0.0169757 0.000190738 0.394255 -0.249786 0.000848397
22 -0.00743866 0.00171661 -0.141337 1.10969 -1.26478 -0.632677 -0.136378 -1.1135 -1.32734 0.64374 -0.19894 -0.0185016 0.000572213 0.389296 -0.249748 -0.00167288 -0.194362 0.0169757 0.000190738 0.394255 -0.249786 0.000848397
22 -0.00743866 0.00171661 -0.141718 1.1135 -1.26478 -0.632677 -0.136378 -1.1177 -1.32734 0.64374 -0.19894 -0.0185016 0.000572213 0.389296 -0.249748 -0.00167288 -0.194362 0.0169757 0.000190738 0.394255 -0.249786 0.000848397
22 -0.00743866 0.00209808 -0.141718 1.11732 -1.26478 -0.632677 -0.136378 -1.1219 -1.32734 0.64374 -0.19894 -0.0185016 0.000572213 0.389296 -0.249748 -0.00167288 -0.194362 0.0169757 0.000190738 0.394255 -0.249786 0.000848397
22 -0.00743866 0.00171661 -0.141718 1.12151 -1.26478 -0.632677 -0.136378 -1.12686 -1.32734 0.64374 -0.19894 -0.0185016 0.000572213 0.389296 -0.249748 -0.00167288 -0.194362 0.0169757 0.000190738 0.394255 -0.249786 0.000848397
22 -0.00743866 0.00171661 -0.141718 1.12533 -1.26478 -0.632677 -0.136378 -1.13181 -1.32734 0.64374 -0.19894 -0.0185016 0.000572213 0.389296 -0.249748 -0.00167288 -0.194362 0.0169757 0.000190738 0.394255 -0.249786 0.000848397
22 -0.00743866 0.00171661 -0.1421 1.12953 -1.26478 -0.632677 -0.136378 -1.13525 -1.32734 0.64374 -0.19894 -0.0185016 0.000572213 0.389296 -0.249748 -0.00167288 -0.194362 0.0169757 0.000190738 0.394255 -0.249786 0.000848397
22 -0.00743866 0.00171661 -0.1421 1.13372 -1.26478 -0.632677 -0.136378 -1.14021 -1.32734 0.64374 -0.19894 -0.0185016 0.000572213 0.389296 -0.249748 -0.00167288 -0.194362 0.0169757 0.000190738 0.394255 -0.249786 0.000848397
22 -0.00743866 0.00171661 -0.1421 1.13754 -1.26478 -0.632677 -0.136759 -1.14517 -1.32773 0.64374 -0.19894 -0.0185016 0.000572213 0.389296 -0.249748 -0.00167288 -0.194362 0.0169757 0.000190738 0.394255 -0.249786 0.000848397
22 -0.00743866 0.00171661 -0.1421 1.14173 -1.26478 -0.632677 -0.136759 -1.15013 -1.32734 0.64374 -0.19894 -0.0185016 0.000572213 0.389296 -0.249748 -0.00167288 -0.194362 0.0169757 0.000190738 0.394255 -0.249786 0.000848397
22 -0.00743866 0.00209808 -0.142481 1.14593 -1.26478 -0.632677 -0.136759 -1.15394 -1.32734 0.64374 -0.19894 -0.0185016 0.000572213 0.389296 -0.249748 -0.00167288 -0.194362 0.0169757 0.000190738 0.394255 -0.249786 0.000848397
22 -0.00743866 0.00171661 -0.142481 1.14974 -1.26478 -0.632677 -0.13714 -1.1589 -1.32734 0.64374 -0.19894 -0.0185016 0.000572213 0.389296 -0.249748 -0.00167288 -0.194362 0.0169757 0.000190738 0.394255 -0.249786 0.000848397
22 -0.00743866 0.00171661 -0.142481 1.15432 -1.26478 -0.632677 -0.13714 -1.16386 -1.32734 0.64374 -0.19894 -0.0185016 0.000572213 0.389296 -0.249748 -0.00167288 -0.194362 0.0169757 0.000190738 0.394255 -0.249786 0.000848397
22 -0.00743866 0.00171661 -0.142863 1.15852 -1.26478 -0.632677 -0.13714 -1.16882 -1.32773 0.64374 -0.19894 -0.0185016 0.000572213 0.389296 -0.249748 -0.00167288 -0.194362 0.0169757 0.000190738 0.394255 -0.249786 0.000848397
22 -0.00743866 0.00171661 -0.142863 1.16271 -1.26478 -0.632677 -0.137522 -1.17301 -1.32773 0.64374 -0.19894 -0.0185016 0.000572213 0.389296 -0.249748 -0.00167288 -0.194362 0.0169757 0.000190738 0.394255 -0.249786 0.000848397
22 -0.00743866 0.00171661 -0.143244 1.16691 -1.26478 -0.632677 -0.137522 -1.17797 -1.32773 0.64374 -0.19894 -0.0185016 0.000572213 0.389296 -0.249748 -0.00167288 -0.194362 0.0169757 0.000190738 0.394255 -0.249786 0.000848397
22 -0.00743866 0.00171661 -0.143244 1.17111 -1.26478 -0.632677 -0.137903 -1.18293 -1.32773 0.64374 -0.19894 -0.0185016 0.000572213 0.389296 -0.249748 -0.00167288 -0.194362 0.0169757 0.000190738 0.394255 -0.249786 0.000848397
22 -0.00743866 0.00171661 -0.143626 1.1753 -1.26478 -0.632677 -0.137903 -1.18789 -1.32773 0.64374 -0.19894 -0.0185016 0.000572213 0.389296 -0.249748 -0.00167288 -0.194362 0.0169757 0.000190738 0.394255 -0.249786 0.000848397
22 -0.00743866 0.00171661 -0.144007 1.1795 -1.26478 -0.632677 -0.137903 -1.19247 -1.32773 0.64374 -0.19894 -0.0185016 0.000572213 0.389296 -0.249748 -0.00167288 -0.194362 0.0169757 0.000190738 0.394255 -0.249786 0.000848397
22 -0.00743866 0.00171661 -0.144007 1.18408 -1.26516 -0.632677 -0.138285 -1.19667 -1.32773 0.64374 -0.19894 -0.0185016 0.000572213 0.389296 -0.249748 -0.00167288 -0.194362 0.0169757 0.000190738 0.394255 -0.249786 0.000848397
22 -0.00743866 0.00209808 -0.144388 1.18827 -1.26516 -0.632677 -0.138285 -1.20201 -1.32773 0.64374 -0.19894 -0.0185016 0.000572213 0.389296 -0.249748 -0.00167288 -0.194362 0.0169757 0.000190738 0.394255 -0.249786 0.000848397
22 -0.00743866 0.00171661 -0.14477 1.19247 -1.26516 -0.632677 -0.138666 -1.20697 -1.32773 0.64374 -0.19894 -0.0185016 0.000572213 0.389296 -0.249748 -0.00167288 -0.194362 0.0169757 0.000190738 0.394255 -0.249786 0.000848397
22 -0.00743866 0.00171661 -0.14477 1.19705 -1.26516 -0.632677 -0.138666 -1.21154 -1.32773 0.64374 -0.19894 -0.0185016 0.000572213 0.389296 -0.249748 -0.00167288 -0.194362 0.0169757 0.000190738 0.394255 -0.249786 0.000848397
22 -0.00743866 0.00171661 -0.145151 1.20124 -1.26516 -0.632677 -0.139048 -1.21574 -1.32773 0.64374 -0.19894 -0.0185016 0.000572213 0.389296 -0.249748 -0.00167288 -0.194362 0.0169757 0.000190738 0.394255 -0.249786 0.000848397
22 -0.00743866 0.00171661 -0.145533 1.20544 -1.26516 -0.632677 -0.139048 -1.22108 -1.32773 0.64374 -0.19894 -0.0185016 0.000572213 0.389296 -0.249748 -0.00167288 -0.194362 0.0169757 0.000190738 0.394255 -0.249786 0.000848397
22 -0.00743866 0.00171661 -0.145533 1.21002 -1.26516 -0.632677 -0.139048 -1.22604 -1.32773 0.64374 -0.19894 -0.0185016 0.000572213 0.389296 -0.249748 -0.00167288 -0.194362 0.0169757 0.000190738 0.394255 -0.249988 0.000423189
22 -0.00743866 0.00171661 -0.145914 1.21459 -1.26516 -0.632677 -0.139429 -1.231 -1.32773 0.64374 -0.19894 -0.0185016 0.000572213 0.389296 -0.249748 -0.00167288 -0.194362 0.0169757 0.000190738 0.394255 -0.249988 0.000423329
22 -0.00743866 0.00171661 -0.146677 1.21841 -1.26516 -0.632677 -0.139811 -1.23519 -1.32773 0.64374 -0.19894 -0.0185016 0.000572213 0.389296 -0.249748 -0.00167288 -0.194362 0.0169757 0.000190738 0.394255 -0.249786 0.000848257
22 -0.00743866 0.00171661 -0.147059 1.22299 -1.26516 -0.632677 -0.139811 -1.24015 -1.32811 0.64374 -0.19894 -0.0185016 0.000572213 0.389296 -0.249748 -0.00167288 -0.194362 0.0169757 0.000190738 0.394255 -0.249786 0.000848397
22 -0.00743866 0.00171661 -0.147822 1.22756 -1.26516 -0.632677 -0.140192 -1.24511 -1.32811 0.64374 -0.19894 -0.0185016 0.000572213 0.389296 -0.249748 -0.00167288 -0.194362 0.0169757 0.000190738 0.394255 -0.249786 0.000848397
22 -0.00743866 0.00171661 -0.148203 1.23176 -1.26516 -0.632677 -0.140574 -1.25045 -1.32811 0.64374 -0.19894 -0.0185016 0.000572213 0.389296 -0.249748 -0.00167288 -0.194362 0.0169757 0.000190738 0.394255 -0.249786 0.000848397
22 -0.00743866 0.00171661 -0.148585 1.23596 -1.26516 -0.632677 -0.140955 -1.25427 -1.32811 0.64374 -0.19894 -0.0185016 0.000572213 0.389296 -0.249748 -0.00167288 -0.194362 0.0169757 0.000190738 0.394255 -0.249786 0.000848397
22 -0.00743866 0.00171661 -0.148966 1.24053 -1.26516 -0.632677 -0.140955 -1.25923 -1.32811 0.64374 -0.19894 -0.0185016 0.000572213 0.389296 -0.249748 -0.00167288 -0.194362 0.0169757 0.000190738 0.394255 -0.249786 0.000848397
22 -0.00743866 0.00171661 -0.149348 1.24511 -1.26516 -0.632677 -0.141337 -1.26419 -1.32811 0.64374 -0.19894 -0.0185016 0.000572213 0.389296 -0.249748 -0.00167288 -0.194362 0.0169757 0.000190738 0.394255 -0.249786 0.000848397
22 -0.00743866 0.00171661 -0.150111 1.24893 -1.26516 -0.632677 -0.141718 -1.26915 -1.32811 0.64374 -0.19894 -0.0185016 0.000572213 0.389296 -0.249748 -0.00167288 -0.194362 0.0169757 0.000190738 0.394255 -0.249786 0.000848397
22 -0.00743866 0.00171661 -0.150492 1.2535 -1.26516 -0.632677 -0.1421 -1.27334 -1.32811 0.64374 -0.19894 -0.0185016 0.000572213 0.389296 -0.249748 -0.00167288 -0.194362 0.0169757 0.000190738 0.394255 -0.249786 0.000848397
22 -0.00743866 0.00171661 -0.151255 1.2577 -1.26516 -0.632677 -0.1421 -1.27792 -1.32849 0.64374 -0.19894 -0.0185016 0.000572213 0.389296 -0.249748 -0.00167288 -0.194362 0.0169757 0.000190738 0.394255 -0.249786 0.000848397
22 -0.00743866 0.00171661 -0.151637 1.2619 -1.26516 -0.632677 -0.142481 -1.28288 -1.32849 0.64374 -0.19894 -0.0185016 0.000572213 0.389296 -0.249748 -0.00167288 -0.194362 0.0169757 0.000190738 0.394255 -0.249786 0.000848397
22 -0.00743866 0.00171661 -0.152399 1.26609 -1.26516 -0.632677 -0.142863 -1.28784 -1.32849 0.64374 -0.19894 -0.0185016 0.000572213 0.389296 -0.249748 -0.00167288 -0.194362 0.0169757 0.000190738 0.394255 -0.249786 0.000848397
22 -0.00743866 0.00171661 -0.152781 1.27067 -1.26516 -0.632677 -0.142863 -1.29242 -1.32849 0.64374 -0.19894 -0.0185016 0.000572213 0.389296 -0.249748 -0.00167288 -0.194362 0.0169757 0.000190738 0.394255 -0.249786 0.000848397
22 -0.00743866 0.00171661 -0.153162 1.27449 -1.26516 -0.632677 -0.143244 -1.29661 -1.32849 0.64374 -0.19894 -0.0185016 0.000572213 0.389296 -0.249748 -0.00167288 -0.194362 0.0169757 0.000190738 0.394255 -0.249786 0.000848397
22 -0.00743866 0.00171661 -0.153925 1.27906 -1.26516 -0.632677 -0.143626 -1.30157 -1.32849 0.64374 -0.19894 -0.0185016 0.000572213 0.389296 -0.249748 -0.00167288 -0.194362 0.0169757 0.000190738 0.394255 -0.249786 0.000848397
22 -0.00743866 0.00171661 -0.154688 1.28326 -1.26516 -0.632677 -0.144007 -1.30653 -1.32887 0.64374 -0.19894 -0.0185016 0.000572213 0.389296 -0.249748 -0.00167288 -0.194362 0.0169757 0.000190738 0.394255 -0.249786 0.000848397
22 -0.00743866 0.00171661 -0.15507 1.28746 -1.26516 -0.632677 -0.144388 -1.31034 -1.32887 0.64374 -0.19894 -0.0185016 0.000572213 0.389296 -0.249748 -0.00167288 -0.194362 0.0169757 0.000190738 0.394255 -0.249786 0.000848397
22 -0.00743866 0.00171661 -0.155451 1.29165 -1.26516 -0.633059 -0.14477 -1.31492 -1.32887 0.64374 -0.19894 -0.0185016 0.000572213 0.389296 -0.249748 -0.00167288 -0.194362 0.0169757 0.000190738 0.394255 -0.249786 0.000848397
22 -0.00743866 0.00171661 -0.156214 1.29585 -1.26516 -0.633059 -0.145151 -1.3195 -1.32887 0.64374 -0.19894 -0.0185016 0.000572213 0.389296 -0.249748 -0.00167288 -0.194362 0.0169757 0.000190738 0.394255 -0.249786 0.000848397
22 -0.00743866 0.00171661 -0.156977 1.30005 -1.26516 -0.633059 -0.145533 -1.32408 -1.32925 0.64374 -0.19894 -0.0185016 0.000572213 0.389296 -0.249748 -0.00167288 -0.194362 0.0169757 0.000190738 0.394255 -0.249786 0.000848397
22 -0.00743866 0.00171661 -0.157359 1.30424 -1.26516 -0.633059 -0.146296 -1.32789 -1.32925 0.64374 -0.19894 -0.0185016 0.000572213 0.389296 -0.249748 -0.00167288 -0.194362 0.0169757 0.000190738 0.394255 -0.249786 0.000848397
22 -0.00743866 0.00171661 -0.15774 1.30844 -1.26516 -0.633059 -0.146677 -1.33285 -1.32925 0.64374 -0.19894 -0.0185016 0.000572213 0.389296 -0.249748 -0.00167288 -0.194362 0.0169757 0.000190738 0.394255 -0.249786 0.000848397
22 -0.00743866 0.00171661 -0.158503 1.31225 -1.26516 -0.633059 -0.14744 -1.33743 -1.32963 0.64374 -0.19894 -0.0185016 0.000572213 0.389296 -0.249748 -0.00167288 -0.194362 0.0169757 0.000190738 0.394255 -0.249786 0.000848397
22 -0.00743866 0.00171661 -0.159266 1.31645 -1.26516 -0.633059 -0.147822 -1.34086 -1.32963 0.64374 -0.19894 -0.0185016 0.000572213 0.389296 -0.249748 -0.00167288 -0.194362 0.0169757 0.000190738 0.394255 -0.249786 0.000848397
22 -0.00743866 0.00171661 -0.160029 1.32064 -1.26516 -0.633059 -0.148585 -1.34544 -1.32963 0.64374 -0.19894 -0.0185016 0.000572213 0.389296 -0.249748 -0.00167288 -0.194362 0.0169757 0.000190738 0.394255 -0.249786 0.000848397
22 -0.00743866 0.00171661 -0.16041 1.32408 -1.26516 -0.633059 -0.148966 -1.35002 -1.32963 0.64374 -0.19894 -0.0185016 0.000572213 0.389296 -0.249748 -0.00167288 -0.194362 0.0169757 0.000190738 0.394255 -0.249786 0.000848397
22 -0.00743866 0.00171661 -0.161173 1.32827 -1.26516 -0.633059 -0.149348 -1.35345 -1.32963 0.64374 -0.19894 -0.0185016 0.000572213 0.389296 -0.249748 -0.00167288 -0.194362 0.0169757 0.000190738 0.394255 -0.249786 0.000848397
22 -0.00743866 0.00171661 -0.161555 1.33209 -1.26555 -0.633059 -0.150111 -1.35803 -1.33001 0.64374 -0.19894 -0.0185016 0.000572213 0.389296 -0.249748 -0.00167288 -0.194362 0.0169757 0.000190738 0.394255 -0.249786 0.000848397
22 -0.00743866 0.00171661 -0.162318 1.3359 -1.26555 -0.633059 -0.150492 -1.36223 -1.33001 0.64374 -0.19894 -0.0185016 0.000572213 0.389296 -0.249748 -0.00167288 -0.194362 0.0169757 0.000190738 0.394255 -0.249786 0.000848397
22 -0.00743866 0.00171661 -0.163081 1.3401 -1.26555 -0.633059 -0.150874 -1.36566 -1.33001 0.64374 -0.19894 -0.0185016 0.000572213 0.389296 -0.249748 -0.00167288 -0.194362 0.0169757 0.000190738 0.394255 -0.249786 0.000848397
22 -0.00743866 0.00171661 -0.163462 1.34353 -1.26555 -0.633059 -0.151637 -1.36986 -1.33001 0.64374 -0.19894 -0.0185016 0.000572213 0.389296 -0.249748 -0.00167288 -0.194362 0.0169757 0.000190738 0.394255 -0.249786 0.000848397
22 -0.00743866 0.00171661 -0.164225 1.34735 -1.26555 -0.633059 -0.152399 -1.37405 -1.33001 0.64374 -0.19894 -0.0185016 0.000572213 0.389296 -0.249748 -0.00167288 -0.194362 0.0169757 0.000190738 0.394255 -0.249786 0.000848397
22 -0.00743866 0.00171661 -0.164988 1.35154 -1.26555 -0.633059 -0.153162 -1.37748 -1.33001 0.64374 -0.19894 -0.0185016 0.000572213 0.389296 -0.249748 -0.00167288 -0.194362 0.0169757 0.000190738 0.394255 -0.249786 0.000848397
22 -0.00782013 0.00171661 -0.16537 1.35498 -1.26555 -0.633059 -0.153925 -1.38168 -1.33001 0.64374 -0.19894 -0.0185016 0.000572213 0.389296 -0.249748 -0.00167288 -0.194362 0.0169757 0.000190738 0.394255 -0.249786 0.000848397
22 -0.00743866 0.00171661 -0.166133 1.35841 -1.26555 -0.633059 -0.154688 -1.38511 -1.33001 0.64374 -0.19894 -0.0185016 0.000572213 0.389296 -0.249748 -0.00167288 -0.194362 0.0169757 0.000190738 0.394255 -0.249786 0.000848397
22 -0.00743866 0.00171661 -0.166896 1.36184 -1.26555 -0.633059 -0.15507 -1.38893 -1.33001 0.64374 -0.19894 -0.0185016 0.000572213 0.389296 -0.249748 -0.00167288 -0.194362 0.0169757 0.000190738 0.394255 -0.249786 0.000848397
22 -0.00743866 0.00171661 -0.167659 1.36566 -1.26555 -0.633059 -0.155833 -1.39313 -1.33001 0.64374 -0.19894 -0.0185016 0.000572213 0.389296 -0.249748 -0.00167288 -0.194362 0.0169757 0.000190738 0.394255 -0.249786 0.000848397
22 -0.00743866 0.00171661 -0.16804 1.36909 -1.26555 -0.633059 -0.156214 -1.39618 -1.33001 0.64374 -0.19894 -0.0185016 0.000572213 0.389296 -0.249748 -0.00167288 -0.194362 0.0169757 0.000190738 0.394255 -0.249786 0.000848397
22 -0.00743866 0.00171661 -0.168803 1.37253 -1.26555 -0.633059 -0.156977 -1.40037 -1.33001 0.64374 -0.19894 -0.0185016 0.000572213 0.389296 -0.249748 -0.00167288 -0.194362 0.0169757 0.000190738 0.394255 -0.249786 0.000848397
22 -0.00743866 0.00171661 -0.169566 1.37596 -1.26593 -0.633059 -0.15774 -1.40304 -1.33001 0.64374 -0.19894 -0.0185016 0.000572213 0.389296 -0.249748 -0.00167288 -0.194362 0.0169757 0.000190738 0.394255 -0.249786 0.000848397
22 -0.00743866 0.00171661 -0.170329 1.37901 -1.26593 -0.633059 -0.158503 -1.40686 -1.33001 0.64374 -0.19894 -0.0185016 0.000572213 0.389296 -0.249748 -0.00167288 -0.194362 0.0169757 0.000190738 0.394255 -0.249786 0.000848397
22 -0.00743866 0.00171661 -0.17071 1.38244 -1.26593 -0.633059 -0.159648 -1.40991 -1.33001 0.64374 -0.19894 -0.0185016 0.000572213 0.389296 -0.249748 -0.00167288 -0.194362 0.0169757 0.000190738 0.394255 -0.249786 0.000848397
22 -0.00743866 0.00171661 -0.171473 1.3855 -1.26593 -0.633059 -0.16041 -1.41372 -1.33001 0.64374 -0.19894 -0.0185016 0.000572213 0.389296 -0.249748 -0.00167288 -0.194362 0.0169757 0.000190738 0.394255 -0.249786 0.000848397
22 -0.00782013 0.00171661 -0.172236 1.38893 -1.26593 -0.633059 -0.161173 -1.41716 -1.33001 0.64374 -0.19894 -0.0185016 0.000572213 0.389296 -0.249748 -0.00167288 -0.194362 0.0169757 0.000190738 0.394255 -0.249786 0.000848397
22 -0.00743866 0.00171661 -0.172999 1.3916 -1.26631 -0.633059 -0.161555 -1.42021 -1.33001 0.64374 -0.19894 -0.0185016 0.000572213 0.389296 -0.249748 -0.00167288 -0.194362 0.0169757 0.000190738 0.394255 -0.249786 0.000848397
22 -0.00743866 0.00171661 -0.173381 1.39465 -1.26631 -0.63344 -0.162318 -1.42326 -1.33001 0.64374 -0.19894 -0.0185016 0.000572213 0.389296 -0.249748 -0.00167288 -0.194362 0.0169757 0.000190738 0.394255 -0.249786 0.000848397
22 -0.00743866 0.00171661 -0.174144 1.39732 -1.26631 -0.63344 -0.163081 -1.42631 -1.33001 0.64374 -0.19894 -0.0185016 0.000572213 0.389296 -0.249748 -0.00167288 -0.194362 0.0169757 0.000190738 0.394255 -0.249786 0.000848397
22 -0.00743866 0.00171661 -0.174907 1.40037 -1.26631 -0.63344 -0.163844 -1.42937 -1.33001 0.64374 -0.19894 -0.0185016 0.000572213 0.389296 -0.249748 -0.00167288 -0.194362 0.0169757 0.000190738 0.394255 -0.249786 0.000848397
22 -0.00743866 0.00171661 -0.175288 1.40304 -1.26631 -0.63344 -0.164607 -1.43242 -1.33001 0.64374 -0.19894 -0.0185016 0.000572213 0.389296 -0.249748 -0.00167288 -0.194362 0.0169757 0.000190738 0.394255 -0.249786 0.000848397
22 -0.00743866 0.00171661 -0.176051 1.40571 -1.26631 -0.63344 -0.165751 -1.43509 -1.3304 0.64374 -0.19894 -0.0185016 0.000572213 0.389296 -0.249748 -0.00167288 -0.194362 0.0169757 0.000190738 0.394255 -0.249786 0.000848397
22 -0.00743866 0.00171661 -0.176432 1.40838 -1.26669 -0.633822 -0.166514 -1.43814 -1.3304 0.64374 -0.19894 -0.0185016 0.000572213 0.389296 -0.249748 -0.00167288 -0.194362 0.0169757 0.000190738 0.394255 -0.249786 0.000848397
22 -0.00743866 0.00171661 -0.177195 1.41067 -1.26669 -0.633822 -0.167277 -1.44043 -1.33001 0.64374 -0.19894 -0.0185016 0.000572213 0.389296 -0.249748 -0.00167288 -0.194362 0.0169757 0.000190738 0.394255 -0.249786 0.000848397
22 -0.00743866 0.00171661 -0.177577 1.41334 -1.26669 -0.633822 -0.167659 -1.44386 -1.33001 0.64374 -0.19894 -0.0185016 0.000572213 0.389296 -0.249748 -0.00167288 -0.194362 0.0169757 0.000190738 0.394255 -0.249786 0.000848397
22 -0.00743866 0.00171661 -0.17834 1.41563 -1.26669 -0.633822 -0.168421 -1.44615 -1.33001 0.64374 -0.19894 -0.0185016 0.000572213 0.389296 -0.249748 -0.00167288 -0.194362 0.0169757 0.000190738 0.394255 -0.249786 0.000848397
22 -0.00743866 0.00171661 -0.178721 1.41792 -1.26669 -0.634203 -0.169184 -1.4492 -1.33001 0.64374 -0.19894 -0.0185016 0.000572213 0.389296 -0.249748 -0.00167288 -0.194362 0.0169757 0.000190738 0.394255 -0.249786 0.000848397
22 -0.00743866 0.00171661 -0.179484 1.42021 -1.26707 -0.634203 -0.169947 -1.45111 -1.3304 0.64374 -0.19894 -0.0185016 0.000572213 0.389296 -0.249748 -0.00167288 -0.194362 0.0169757 0.000190738 0.394255 -0.249786 0.000848397
22 -0.00782013 0.00171661 -0.179866 1.42212 -1.26707 -0.634203 -0.17071 -1.4534 -1.33001 0.64374 -0.19894 -0.0185016 0.000572213 0.389296 -0.249748 -0.00167288 -0.194362 0.0169757 0.000190738 0.394255 -0.249786 0.000848397
22 -0.00743866 0.00171661 -0.180247 1.42402 -1.26707 -0.634585 -0.171473 -1.45645 -1.33001 0.64374 -0.19894 -0.0185016 0.000572213 0.389296 -0.249748 -0.00167288 -0.194362 0.0169757 0.000190738 0.394255 -0.249786 0.000848397
22 -0.00743866 0.00171661 -0.18101 1.42631 -1.26707 -0.634585 -0.172618 -1.45836 -1.33001 0.64374 -0.19894 -0.0185016 0.000572213 0.389296 -0.249748 -0.00167288 -0.194362 0.0169757 0.000190738 0.394255 -0.249786 0.000848397
22 -0.00743866 0.00171661 -0.181392 1.42784 -1.26707 -0.634585 -0.173381 -1.46026 -1.33001 0.64374 -0.19894 -0.0185016 0.000572213 0.389296 -0.249748 -0.00167288 -0.194362 0.0169757 0.000190738 0.394255 -0.249786 0.000848397
22 -0.00743866 0.00171661 -0.181773 1.42975 -1.26707 -0.634585 -0.174144 -1.46294 -1.33001 0.64374 -0.19894 -0.0185016 0.000572213 0.389296 -0.249748 -0.00167288 -0.194362 0.0169757 0.000190738 0.394255 -0.249786 0.000848397
22 -0.00743866 0.00171661 -0.182155 1.43165 -1.26707 -0.634966 -0.174525 -1.46446 -1.33001 0.64374 -0.19894 -0.0185016 0.000572213 0.389296 -0.249748 -0.00167288 -0.194362 0.0169757 0.000190738 0.394255 -0.249786 0.000848397
22 -0.00743866 0.00171661 -0.182536 1.43318 -1.26707 -0.634966 -0.175288 -1.46675 -1.33001 0.64374 -0.19894 -0.0185016 0.000572213 0.389296 -0.249748 -0.00167288 -0.194362 0.0169757 0.000190738 0.394255 -0.249786 0.000848397
22 -0.00743866 0.00171661 -0.182918 1.43471 -1.26707 -0.634966 -0.176051 -1.46866 -1.33001 0.64374 -0.19894 -0.0185016 0.000572213 0.389296 -0.249748 -0.00167288 -0.194362 0.0169757 0.000190738 0.394255 -0.249786 0.000848397
22 -0.00743866 0.00171661 -0.183299 1.43585 -1.26707 -0.635348 -0.176814 -1.47056 -1.33001 0.64374 -0.19894 -0.0185016 0.000572213 0.389296 -0.249748 -0.00167288 -0.194362 0.0169757 0.000190738 0.394255 -0.249786 0.000848397
22 -0.00743866 0.00171661 -0.184062 1.43738 -1.26707 -0.635348 -0.177577 -1.47171 -1.33001 0.64374 -0.19894 -0.0185016 0.000572213 0.389296 -0.249748 -0.00167288 -0.194362 0.0169757 0.000190738 0.394255 -0.249786 0.000848397
22 -0.00743866 0.00171661 -0.184443 1.4389 -1.26707 -0.635729 -0.17834 -1.47438 -1.33001 0.64374 -0.19894 -0.0185016 0.000572213 0.389296 -0.249748 -0.00167288 -0.194362 0.0169757 0.000190738 0.394255 -0.249786 0.000848397
22 -0.00743866 0.00171661 -0.184825 1.43967 -1.26707 -0.635729 -0.179103 -1.47552 -1.33001 0.644121 -0.19894 -0.0185016 0.000572213 0.389296 -0.249748 -0.00167288 -0.194362 0.0169757 0.000190738 0.394255 -0.249786 0.000848397
22 -0.00743866 0.00171661 -0.185206 1.44081 -1.26707 -0.635729 -0.179866 -1.47705 -1.33001 0.644121 -0.19894 -0.0185016 0.000572213 0.389296 -0.249748 -0.00167288 -0.194362 0.0169757 0.000190738 0.394255 -0.249786 0.000848397
22 -0.00743866 0.00171661 -0.185588 1.44157 -1.26707 -0.63611 -0.180247 -1.47819 -1.33001 0.644121 -0.19894 -0.0185016 0.000572213 0.389296 -0.249748 -0.00167288 -0.194362 0.0169757 0.000190738 0.394255 -0.249786 0.000848397
22 -0.00743866 0.00171661 -0.185588 1.44272 -1.26707 -0.63611 -0.18101 -1.4801 -1.33001 0.644121 -0.19894 -0.0185016 0.000572213 0.389296 -0.249748 -0.00167288 -0.194362 0.0169757 0.000190738 0.394255 -0.249786 0.000848397
22 -0.00743866 0.00171661 -0.185969 1.44386 -1.26707 -0.636492 -0.181392 -1.48125 -1.33001 0.644121 -0.19894 -0.0185016 0.000572213 0.389296 -0.249748 -0.00167288 -0.194362 0.0169757 0.000190738 0.394255 -0.249786 0.000848397
22 -0.00743866 0.00171661 -0.186351 1.44462 -1.26707 -0.636492 -0.182155 -1.48201 -1.33001 0.644121 -0.19894 -0.0185016 0.000572213 0.389296 -0.249748 -0.00167288 -0.194362 0.0169757 0.000190738 0.394255 -0.249786 0.000848397
22 -0.00743866 0.00171661 -0.186351 1.44539 -1.26707 -0.636492 -0.182536 -1.48315 -1.33001 0.644121 -0.19894 -0.0185016 0.000572213 0.389296 -0.249748 -0.00167288 -0.194362 0.0169757 0.000190738 0.394255 -0.249786 0.000848397
22 -0.00743866 0.00171661 -0.186732 1.44577 -1.26707 -0.636492 -0.182918 -1.48353 -1.33001 0.644121 -0.19894 -0.0185016 0.000572213 0.389296 -0.249748 -0.00167288 -0.194362 0.0169757 0.000190738 0.394255 -0.249786 0.000848397
22 -0.00743866 0.00171661 -0.187114 1.44615 -1.26707 -0.636873 -0.18368 -1.4843 -1.33001 0.644121 -0.19894 -0.0185016 0.000572213 0.389296 -0.249748 -0.00167288 -0.194362 0.0169757 0.000190738 0.394255 -0.249786 0.000848397
22 -0.00782013 0.00171661 -0.187114 1.44653 -1.26707 -0.636873 -0.184443 -1.48544 -1.33001 0.644503 -0.19894 -0.0185016 0.000572213 0.389296 -0.249748 -0.00167288 -0.194362 0.0169757 0.000190738 0.394255 -0.249786 0.000848397
22 -0.00743866 0.00171661 -0.187495 1.44691 -1.26707 -0.637255 -0.185206 -1.48659 -1.33001 0.644503 -0.19894 -0.0185016 0.000572213 0.389296 -0.249748 -0.00167288 -0.194362 0.0169757 0.000190738 0.394255 -0.249786 0.000848397
22 -0.00743866 0.00171661 -0.187495 1.44729 -1.26707 -0.637255 -0.185588 -1.48697 -1.33001 0.644503 -0.19894 -0.0185016 0.000572213 0.389296 -0.249748 -0.00167288 -0.194362 0.0169757 0.000190738 0.394255 -0.249786 0.000848397
22 -0.00743866 0.00171661 -0.187495 1.44729 -1.26707 -0.637636 -0.185969 -1.48735 -1.33001 0.644503 -0.19894 -0.0185016 0.000572213 0.389296 -0.249748 -0.00167288 -0.194362 0.0169757 0.000190738 0.394255 -0.249786 0.000848397
22 -0.00743866 0.00171661 -0.187495 1.44729 -1.26707 -0.638018 -0.186351 -1.48773 -1.33001 0.644503 -0.19894 -0.0185016 0.000572213 0.389296 -0.249748 -0.00167288 -0.194362 0.0169757 0.000190738 0.394255 -0.249786 0.000848397
22 -0.00743866 0.00171661 -0.187877 1.44729 -1.26707 -0.638018 -0.186732 -1.48773 -1.33001 0.644503 -0.19894 -0.0185016 0.000572213 0.389296 -0.249748 -0.00167288 -0.194362 0.0169757 0.000190738 0.394255 -0.249786 0.000848397
22 -0.00743866 0.00171661 -0.187877 1.44691 -1.26707 -0.638399 -0.187114 -1.48811 -1.33001 0.644503 -0.19894 -0.0185016 0.000572213 0.389296 -0.249748 -0.00167288 -0.194362 0.0169757 0.000190738 0.394255 -0.249786 0.000848397
22 -0.00743866 0.00171661 -0.187877 1.44653 -1.26707 -0.638399 -0.187495 -1.48811 -1.33001 0.644503 -0.19894 -0.0185016 0.000572213 0.389296 -0.249748 -0.00167288 -0.194362 0.0169757 0.000190738 0.394255 -0.249786 0.000848397
22 -0.00743866 0.00171661 -0.187877 1.44615 -1.26707 -0.638781 -0.187877 -1.48811 -1.33001 0.644884 -0.19894 -0.0185016 0.000572213 0.389296 -0.249748 -0.00167288 -0.194362 0.0169757 0.000190738 0.394255 -0.249786 0.000848397
22 -0.00743866 0.00171661 -0.187877 1.44539 -1.26707 -0.638781 -0.188258 -1.48811 -1.32963 0.644884 -0.19894 -0.0185016 0.000572213 0.389296 -0.249748 -0.00167288 -0.194362 0.0169757 0.000190738 0.394255 -0.249786 0.000848397
22 -0.00743866 0.00171661 -0.187877 1.44462 -1.26707 -0.639162 -0.18864 -1.48811 -1.32963 0.644884 -0.19894 -0.0185016 0.000572213 0.389296 -0.249748 -0.00167288 -0.194362 0.0169757 0.000190738 0.394255 -0.249786 0.000848397
22 -0.00743866 0.00171661 -0.187877 1.44348 -1.26707 -0.639162 -0.18864 -1.48773 -1.32963 0.644884 -0.19894 -0.0185016 0.000572213 0.389296 -0.249748 -0.00167288 -0.194362 0.0169757 0.000190738 0.394255 -0.249786 0.000848397
22 -0.00743866 0.00171661 -0.187495 1.44234 -1.26707 -0.639544 -0.189021 -1.48773 -1.32963 0.644884 -0.19894 -0.0185016 0.000572213 0.389296 -0.249748 -0.00167288 -0.194362 0.0169757 0.000190738 0.394255 -0.249786 0.000848397
22 -0.00743866 0.00171661 -0.187495 1.44119 -1.26707 -0.639925 -0.189403 -1.48735 -1.32963 0.644884 -0.19894 -0.0185016 0.000572213 0.389296 -0.249748 -0.00167288 -0.194362 0.0169757 0.000190738 0.394255 -0.249786 0.000848397
22 -0.00743866 0.00171661 -0.187495 1.44005 -1.26707 -0.640307 -0.189403 -1.48659 -1.32963 0.644884 -0.19894 -0.0185016 0.000572213 0.389296 -0.249748 -0.00167288 -0.194362 0.0169757 0.000190738 0.394255 -0.249786 0.000848397
22 -0.00743866 0.00171661 -0.187495 1.4389 -1.26707 -0.640688 -0.189784 -1.48582 -1.32963 0.644884 -0.19894 -0.0185016 0.000572213 0.389296 -0.249748 -0.00167288 -0.194362 0.0169757 0.000190738 0.394255 -0.249786 0.000848397
22 -0.00743866 0.00171661 -0.187495 1.43738 -1.26707 -0.64107 -0.190166 -1.48506 -1.32963 0.644884 -0.19894 -0.0185016 0.000572213 0.389296 -0.249748 -0.00167288 -0.194362 0.0169757 0.000190738 0.394255 -0.249786 0.000848397
22 -0.00743866 0.00171661 -0.187495 1.43585 -1.26707 -0.64107 -0.190166 -1.48392 -1.32963 0.644884 -0.19894 -0.0185016 0.000572213 0.389296 -0.249748 -0.00167288 -0.194362 0.0169757 0.000190738 0.394255 -0.249786 0.000848397
22 -0.00743866 0.00171661 -0.187495 1.43432 -1.26707 -0.641451 -0.190547 -1.48353 -1.32963 0.644884 -0.19894 -0.0185016 0.000572213 0.389296 -0.249748 -0.00167288 -0.194362 0.0169757 0.000190738 0.394255 -0.249786 0.000848397
22 -0.00743866 0.00171661 -0.187114 1.4328 -1.26707 -0.641833 -0.190547 -1.48239 -1.32963 0.644884 -0.19894 -0.0185016 0.000572213 0.389296 -0.249748 -0.00167288 -0.194362 0.0169757 0.000190738 0.394255 -0.249786 0.000848397
22 -0.00743866 0.00171661 -0.187114 1.43089 -1.26707 -0.642214 -0.190547 -1.48163 -1.32963 0.644884 -0.19894 -0.0185016 0.000572213 0.389296 -0.249748 -0.00167288 -0.194362 0.0169757 0.000190738 0.394255 -0.249786 0.000848397
22 -0.00743866 0.00171661 -0.187114 1.42898 -1.26669 -0.642596 -0.190929 -1.48048 -1.32963 0.644884 -0.19894 -0.0185016 0.000572213 0.389296 -0.249748 -0.00167288 -0.194362 0.0169757 0.000190738 0.394255 -0.249786 0.000848397
22 -0.00743866 0.00171661 -0.186732 1.42708 -1.26669 -0.642977 -0.190929 -1.47819 -1.32963 0.644884 -0.19894 -0.0185016 0.000572213 0.389296 -0.249748 -0.00167288 -0.194362 0.0169757 0.000190738 0.394255 -0.249786 0.000848397
22 -0.00743866 0.00171661 -0.186732 1.42479 -1.26669 -0.642977 -0.190929 -1.47705 -1.32925 0.644884 -0.19894 -0.0185016 0.000572213 0.389296 -0.249748 -0.00167288 -0.194362 0.0169757 0.000190738 0.394255 -0.249786 0.000848397
22 -0.00743866 0.00171661 -0.186732 1.42288 -1.26669 -0.643359 -0.190929 -1.47552 -1.32925 0.644884 -0.19894 -0.0185016 0.000572213 0.389296 -0.249748 -0.00167288 -0.194362 0.0169757 0.000190738 0.394255 -0.249786 0.000848397
22 -0.00743866 0.00171661 -0.186732 1.42097 -1.26669 -0.64374 -0.190929 -1.474 -1.32925 0.644884 -0.19894 -0.0185016 0.000572213 0.389296 -0.249748 -0.00167288 -0.194362 0.0169757 0.000190738 0.394255 -0.249786 0.000848397
22 -0.00743866 0.00171661 -0.186351 1.4183 -1.26669 -0.644121 -0.190929 -1.47171 -1.32925 0.644884 -0.19894 -0.0185016 0.000572213 0.389296 -0.249748 -0.00167288 -0.194362 0.0169757 0.000190738 0.394255 -0.249786 0.000848397
22 -0.00743866 0.00171661 -0.186351 1.41601 -1.26669 -0.644503 -0.190929 -1.47018 -1.32925 0.644884 -0.19894 -0.0185016 0.000572213 0.389296 -0.249748 -0.00167288 -0.194362 0.0169757 0.000190738 0.394255 -0.249786 0.000848397
22 -0.00743866 0.00171661 -0.186351 1.41372 -1.26669 -0.644884 -0.190929 -1.46866 -1.32925 0.644884 -0.19894 -0.0185016 0.000572213 0.389296 -0.249748 -0.00167288 -0.194362 0.0169757 0.000190738 0.394255 -0.249786 0.000848397
22 -0.00743866 0.00171661 -0.186351 1.41105 -1.26669 -0.645266 -0.190547 -1.46637 -1.32925 0.644884 -0.19894 -0.0185016 0.000572213 0.389296 -0.249748 -0.00167288 -0.194362 0.0169757 0.000190738 0.394255 -0.249988 0.000423189
22 -0.00743866 0.00171661 -0.185969 1.40877 -1.26669 -0.645647 -0.190547 -1.46408 -1.32925 0.644884 -0.19894 -0.0185016 0.000572213 0.389296 -0.249748 -0.00167288 -0.194362 0.0169757 0.000190738 0.394255 -0.249988 0.000423329
22 -0.00743866 0.00171661 -0.185969 1.4061 -1.26669 -0.64641 -0.190547 -1.46255 -1.32925 0.644884 -0.19894 -0.0185016 0.000572213 0.389296 -0.249748 -0.00167288 -0.194362 0.0169757 0.000190738 0.394255 -0.249951 0.00124871
22 -0.00743866 0.00171661 -0.185969 1.40342 -1.26669 -0.646792 -0.190547 -1.4595 -1.32925 0.644884 -0.19894 -0.0185016 0.000572213 0.389296 -0.249748 -0.00167288 -0.194362 0.0169757 0.000190738 0.394255 -0.249951 0.001248
22 -0.00743866 0.00171661 -0.185969 1.40075 -1.26669 -0.647173 -0.190547 -1.45759 -1.32925 0.644884 -0.19894 -0.0185016 0.000572213 0.389296 -0.249748 -0.00167288 -0.194362 0.0169757 0.000190738 0.394255 -0.249951 0.001248
22 -0.00743866 0.00171661 -0.185588 1.3977 -1.26669 -0.647555 -0.190547 -1.45569 -1.32925 0.644884 -0.19894 -0.0185016 0.000572213 0.389296 -0.249748 -0.00167288 -0.194362 0.0169757 0.000190738 0.394255 -0.249951 0.001248
22 -0.00743866 0.00171661 -0.185588 1.39541 -1.26669 -0.647936 -0.190166 -1.45225 -1.32925 0.644884 -0.19894 -0.0185016 0.000572213 0.389296 -0.249748 -0.00167288 -0.194362 0.0169757 0.000190738 0.394255 -0.249951 0.001248
22 -0.00743866 0.00171661 -0.185588 1.39198 -1.26669 -0.647936 -0.190166 -1.45035 -1.32925 0.644884 -0.19894 -0.0185016 0.000572213 0.389296 -0.249748 -0.00167288 -0.194362 0.0169757 0.000190738 0.394255 -0.249951 0.001248
22 -0.00743866 0.00171661 -0.185206 1.38931 -1.26669 -0.648318 -0.190166 -1.44691 -1.32925 0.644884 -0.19894 -0.0185016 0.000572213 0.389296 -0.249748 -0.00167288 -0.194362 0.0169757 0.000190738 0.394255 -0.249786 0.000848829
22 -0.00743866 0.00171661 -0.185206 1.38588 -1.26669 -0.648699 -0.189784 -1.44462 -1.32925 0.644884 -0.19894 -0.0185016 0.000572213 0.389296 -0.249748 -0.00167288 -0.194362 0.0169757 0.000190738 0.394255 -0.249786 0.000848397
22 -0.00743866 0.00171661 -0.184825 1.38321 -1.26631 -0.649081 -0.189784 -1.44195 -1.32925 0.644884 -0.19894 -0.0185016 0.000572213 0.389296 -0.249748 -0.00167288 -0.194362 0.0169757 0.000190738 0.394255 -0.249786 0.000848397
22 -0.00743866 0.00171661 -0.184825 1.37977 -1.26631 -0.649081 -0.189403 -1.4389 -1.32925 0.644884 -0.19894 -0.0181201 0.000572213 0.389296 -0.249748 -0.00167288 -0.194362 0.0169757 0.000190738 0.394255 -0.249786 0.000848397
22 -0.00743866 0.00171661 -0.184443 1.37672 -1.26631 -0.649462 -0.189403 -1.43623 -1.32925 0.644884 -0.19894 -0.0181201 0.000572213 0.389296 -0.249748 -0.00167288 -0.194362 0.0169757 0.000190738 0.394255 -0.249786 0.000848397
22 -0.00743866 0.00171661 -0.184062 1.37367 -1.26631 -0.649844 -0.189021 -1.43318 -1.32925 0.644884 -0.19894 -0.0181201 0.000572213 0.389296 -0.249748 -0.00167288 -0.194362 0.0169757 0.000190738 0.394255 -0.249786 0.000848397
22 -0.00743866 0.00171661 -0.184062 1.37062 -1.26631 -0.649844 -0.189021 -1.43051 -1.32925 0.644884 -0.19894 -0.0181201 0.000572213 0.389296 -0.249748 -0.00167288 -0.194362 0.0169757 0.000190738 0.394255 -0.249786 0.000848397
22 -0.00743866 0.00209808 -0.18368 1.3668 -1.26631 -0.650225 -0.18864 -1.42708 -1.32925 0.644884 -0.19894 -0.0181201 0.000572213 0.389296 -0.249748 -0.00167288 -0.194362 0.0169757 0.000190738 0.394255 -0.249786 0.000848397
22 -0.00743866 0.00171661 -0.183299 1.36375 -1.26631 -0.650225 -0.18864 -1.42402 -1.32925 0.644884 -0.19894 -0.0181201 0.000572213 0.389296 -0.249748 -0.00167288 -0.194362 0.0169757 0.000190738 0.394255 -0.249951 0.00124844
22 -0.00743866 0.00171661 -0.182918 1.36032 -1.26593 -0.650225 -0.18864 -1.42059 -1.32925 0.644884 -0.19894 -0.0181201 0.000572213 0.389296 -0.249748 -0.00167288 -0.194362 0.0169757 0.000190738 0.394255 -0.249786 0.00084883
22 -0.00743866 0.00171661 -0.182918 1.35688 -1.26593 -0.650225 -0.188258 -1.41792 -1.32925 0.644884 -0.19894 -0.0181201 0.000572213 0.389296 -0.249748 -0.00167288 -0.194362 0.0169757 0.000190738 0.394255 -0.249786 0.000848397
22 -0.00743866 0.00171661 -0.182536 1.35307 -1.26593 -0.650607 -0.188258 -1.41411 -1.32925 0.644884 -0.19894 -0.0181201 0.000572213 0.389296 -0.249748 -0.00167288 -0.194362 0.0169757 0.000190738 0.394255 -0.249786 0.000848397
22 -0.00743866 0.00171661 -0.182536 1.34926 -1.26593 -0.650607 -0.187877 -1.41067 -1.32887 0.644884 -0.19894 -0.0181201 0.000572213 0.389296 -0.249748 -0.00167288 -0.194362 0.0169757 0.000190738 0.394255 -0.249786 0.000848397
22 -0.00743866 0.00171661 -0.182155 1.3462 -1.26593 -0.650607 -0.187877 -1.40762 -1.32887 0.644884 -0.19894 -0.0181201 0.000572213 0.389296 -0.249748 -0.00167288 -0.194362 0.0169757 0.000190738 0.394255 -0.249786 0.000848397
22 -0.00743866 0.00171661 -0.182155 1.34201 -1.26555 -0.650225 -0.187877 -1.40381 -1.32887 0.644503 -0.19894 -0.0181201 0.000572213 0.389296 -0.249748 -0.00167288 -0.194362 0.0169757 0.000190738 0.394255 -0.249786 0.000848397
22 -0.00743866 0.00171661 -0.181773 1.33857 -1.26555 -0.650225 -0.187877 -1.40075 -1.32887 0.644503 -0.19894 -0.0181201 0.000572213 0.389296 -0.249748 -0.00167288 -0.194362 0.0169757 0.000190738 0.394255 -0.249951 0.00124844
22 -0.00743866 0.00171661 -0.181392 1.33476 -1.26555 -0.650225 -0.187495 -1.39656 -1.32887 0.644503 -0.19894 -0.0181201 0.000572213 0.389296 -0.249748 -0.00167288 -0.194362 0.0169757 0.000190738 0.394255 -0.249951 0.001248
22 -0.00743866 0.00209808 -0.18101 1.33056 -1.26555 -0.650225 -0.187495 -1.39351 -1.32887 0.644503 -0.19894 -0.0181201 0.000572213 0.389296 -0.249748 -0.00167288 -0.194362 0.0169757 0.000190738 0.394255 -0.249786 0.000848829
22 -0.00743866 0.00171661 -0.180629 1.32713 -1.26516 -0.650225 -0.187495 -1.38969 -1.32887 0.644503 -0.19894 -0.0181201 0.000572213 0.389296 -0.249748 -0.00167288 -0.194362 0.0169757 0.000190738 0.394255 -0.249951 0.00124844
22 -0.00743866 0.00171661 -0.180629 1.32293 -1.26516 -0.650225 -0.187114 -1.38626 -1.32887 0.644503 -0.19894 -0.0181201 0.000572213 0.389296 -0.249748 -0.00167288 -0.194362 0.0169757 0.000190738 0.394255 -0.249951 0.001248
22 -0.00743866 0.00171661 -0.180247 1.31912 -1.26516 -0.650225 -0.187114 -1.38244 -1.32887 0.644503 -0.19894 -0.0181201 0.000572213 0.389296 -0.249748 -0.00167288 -0.194362 0.0169757 0.000190738 0.394255 -0.249951 0.001248
22 -0.00743866 0.00209808 -0.179866 1.31492 -1.26516 -0.650225 -0.187114 -1.37825 -1.32849 0.644503 -0.19894 -0.0181201 0.000572213 0.389296 -0.249748 -0.00167288 -0.194362 0.0169757 0.000190738 0.394255 -0.249786 0.000848829
22 -0.00743866 0.00171661 -0.179866 1.31073 -1.26516 -0.650225 -0.186732 -1.3752 -1.32849 0.644503 -0.19894 -0.0181201 0.000572213 0.389296 -0.249748 -0.00167288 -0.194362 0.0169757 0.000190738 0.394255 -0.249786 0.000848397
22 -0.00743866 0.00171661 -0.179484 1.30653 -1.26478 -0.650225 -0.186732 -1.371 -1.32849 0.644503 -0.19894 -0.0181201 0.000572213 0.389296 -0.249748 -0.00167288 -0.194362 0.0169757 0.000190738 0.394255 -0.249786 0.000848397
22 -0.00743866 0.00171661 -0.179484 1.30272 -1.26478 -0.650225 -0.186351 -1.36757 -1.32849 0.644503 -0.19894 -0.0181201 0.000572213 0.389296 -0.249748 -0.00167288 -0.194362 0.0169757 0.000190738 0.394255 -0.249786 0.000848397
22 -0.00743866 0.00171661 -0.179103 1.29814 -1.26478 -0.650225 -0.186351 -1.36375 -1.32811 0.644503 -0.19894 -0.0181201 0.000572213 0.389296 -0.249748 -0.00167288 -0.194362 0.0169757 0.000190738 0.394255 -0.249786 0.000848397
22 -0.00743866 0.00171661 -0.178721 1.29432 -1.26478 -0.650225 -0.186351 -1.35917 -1.32811 0.644503 -0.19894 -0.0181201 0.000572213 0.389296 -0.249748 -0.00167288 -0.194362 0.0169757 0.000190738 0.394255 -0.249786 0.000848397
22 -0.00743866 0.00171661 -0.17834 1.29013 -1.26478 -0.650225 -0.185969 -1.35612 -1.32811 0.644503 -0.19894 -0.0181201 0.000572213 0.389296 -0.249748 -0.00167288 -0.194362 0.0169757 0.000190738 0.394255 -0.249786 0.000848397
22 -0.00743866 0.00171661 -0.17834 1.28555 -1.26478 -0.650225 -0.185969 -1.35193 -1.32773 0.644503 -0.19894 -0.0185016 0.000572213 0.389296 -0.249748 -0.00167288 -0.194362 0.0169757 0.000190738 0.394255 -0.249786 0.000848397
22 -0.00743866 0.00171661 -0.177958 1.28135 -1.26478 -0.650225 -0.185969 -1.34735 -1.32773 0.644503 -0.19894 -0.0185016 0.000572213 0.389296 -0.249748 -0.00167288 -0.194362 0.0169757 0.000190738 0.394255 -0.249951 0.00124844
22 -0.00743866 0.00171661 -0.177577 1.27716 -1.26478 -0.650225 -0.185588 -1.34391 -1.32773 0.644503 -0.19894 -0.0185016 0.000572213 0.389296 -0.249748 -0.00167288 -0.194362 0.0169757 0.000190738 0.394255 -0.249951 0.001248
22 -0.00743866 0.00171661 -0.177195 1.27258 -1.26478 -0.650225 -0.185588 -1.33934 -1.32734 0.644503 -0.19894 -0.0185016 0.000572213 0.389296 -0.249748 -0.00167288 -0.194362 0.0169757 0.000190738 0.394255 -0.249951 0.001248
22 -0.00782013 0.00171661 -0.177195 1.268 -1.26478 -0.650225 -0.185588 -1.33514 -1.32734 0.644503 -0.19894 -0.0185016 0.000572213 0.389296 -0.249748 -0.00167288 -0.194362 0.0169757 0.000190738 0.394255 -0.249951 0.001248
22 -0.00743866 0.00209808 -0.176814 1.2638 -1.26478 -0.650225 -0.185206 -1.33171 -1.32696 0.644503 -0.19894 -0.0185016 0.000572213 0.389296 -0.249748 -0.00167288 -0.194362 0.0169757 0.000190738 0.394255 -0.249951 0.001248
22 -0.00743866 0.00171661 -0.176432 1.25923 -1.26478 -0.650225 -0.184825 -1.32713 -1.32696 0.644503 -0.19894 -0.0185016 0.000572213 0.389296 -0.249748 -0.00167288 -0.194362 0.0169757 0.000190738 0.394255 -0.249951 0.001248
22 -0.00743866 0.00171661 -0.176432 1.25503 -1.26478 -0.650225 -0.184825 -1.32255 -1.32696 0.644503 -0.19894 -0.0185016 0.000572213 0.389296 -0.249748 -0.00167288 -0.194362 0.0169757 0.000190738 0.394255 -0.249951 0.001248
22 -0.00743866 0.00171661 -0.176051 1.25045 -1.26478 -0.650225 -0.184443 -1.31912 -1.32658 0.644503 -0.19894 -0.0185016 0.000572213 0.389296 -0.249748 -0.00167288 -0.194362 0.0169757 0.000190738 0.394255 -0.249951 0.001248
22 -0.00743866 0.00171661 -0.175669 1.24626 -1.26478 -0.650225 -0.184062 -1.31416 -1.32658 0.644503 -0.19894 -0.0185016 0.000572213 0.389296 -0.249748 -0.00167288 -0.194362 0.0169757 0.000190738 0.394255 -0.249951 0.001248
22 -0.00743866 0.00171661 -0.175288 1.24168 -1.26478 -0.650225 -0.18368 -1.30958 -1.32658 0.644503 -0.19894 -0.0185016 0.000572213 0.389296 -0.249748 -0.00167288 -0.194362 0.0169757 0.000190738 0.394255 -0.249951 0.001248
22 -0.00743866 0.00209808 -0.174907 1.2371 -1.26478 -0.650225 -0.18368 -1.30615 -1.32658 0.644503 -0.19894 -0.0185016 0.000572213 0.389296 -0.249748 -0.00167288 -0.194362 0.0169757 0.000190738 0.394255 -0.249951 0.001248
22 -0.00743866 0.00171661 -0.174525 1.23291 -1.26478 -0.650225 -0.183299 -1.30157 -1.3262 0.644503 -0.19894 -0.0185016 0.000572213 0.389296 -0.249748 -0.00167288 -0.194362 0.0169757 0.000190738 0.394255 -0.249951 0.001248
22 -0.00743866 0.00171661 -0.174525 1.22795 -1.26478 -0.649844 -0.182918 -1.29661 -1.3262 0.644503 -0.19894 -0.0185016 0.000572213 0.389296 -0.249748 -0.00167288 -0.194362 0.0169757 0.000190738 0.394255 -0.249951 0.001248
22 -0.00743866 0.00171661 -0.174144 1.22337 -1.26478 -0.649844 -0.182536 -1.2928 -1.3262 0.644503 -0.19894 -0.0185016 0.000572213 0.389296 -0.249748 -0.00167288 -0.194362 0.0169757 0.000190738 0.394255 -0.249951 0.001248
22 -0.00743866 0.00171661 -0.173762 1.21879 -1.26478 -0.649844 -0.182536 -1.28822 -1.3262 0.644503 -0.19894 -0.0185016 0.000572213 0.389296 -0.249748 -0.00167288 -0.194362 0.0169757 0.000190738 0.394255 -0.249951 0.001248
22 -0.00743866 0.00171661 -0.173762 1.21459 -1.26478 -0.649844 -0.182155 -1.28364 -1.3262 0.644503 -0.19894 -0.0185016 0.000572213 0.389296 -0.249748 -0.00167288 -0.194362 0.0169757 0.000190738 0.394255 -0.249951 0.001248
22 -0.00743866 0.00171661 -0.173381 1.20964 -1.26478 -0.649844 -0.182155 -1.27906 -1.32582 0.644503 -0.19894 -0.0185016 0.000572213 0.389296 -0.249748 -0.00167288 -0.194362 0.0169757 0.000190738 0.394255 -0.249951 0.001248
22 -0.00743866 0.00171661 -0.172999 1.20506 -1.26478 -0.649844 -0.181773 -1.27525 -1.32582 0.644503 -0.19894 -0.0185016 0.000572213 0.389296 -0.249748 -0.00167288 -0.194362 0.0169757 0.000190738 0.394255 -0.249951 0.001248
22 -0.00743866 0.00209808 -0.172999 1.2001 -1.26478 -0.649844 -0.181773 -1.27029 -1.32582 0.644503 -0.19894 -0.0185016 0.000572213 0.389296 -0.249748 -0.00167288 -0.194362 0.0169757 0.000190738 0.394255 -0.249951 0.001248
22 -0.00743866 0.00171661 -0.172618 1.1959 -1.2644 -0.649844 -0.181392 -1.26533 -1.32582 0.644503 -0.19894 -0.0185016 0.000572213 0.389296 -0.249748 -0.00167288 -0.194362 0.0169757 0.000190738 0.394255 -0.249786 0.000848829
22 -0.00743866 0.00209808 -0.172236 1.19094 -1.2644 -0.649844 -0.18101 -1.26075 -1.32582 0.644503 -0.19894 -0.0185016 0.000572213 0.389296 -0.249748 -0.00167288 -0.194362 0.0169757 0.000190738 0.394255 -0.249951 0.00124844
22 -0.00743866 0.00171661 -0.171855 1.18637 -1.2644 -0.649844 -0.18101 -1.25694 -1.32582 0.644503 -0.19894 -0.0185016 0.000572213 0.389296 -0.249748 -0.00167288 -0.194362 0.0169757 0.000190738 0.394255 -0.249988 0.000424031
22 -0.00743866 0.00171661 -0.171855 1.18179 -1.2644 -0.649844 -0.18101 -1.25236 -1.32544 0.644503 -0.19894 -0.0185016 0.000572213 0.389296 -0.249748 -0.00167288 -0.194362 0.0169757 0.000190738 0.394255 -0.249988 0.000423329
22 -0.00743866 0.00209808 -0.171473 1.17721 -1.2644 -0.649844 -0.180629 -1.24702 -1.32544 0.644503 -0.19894 -0.0185016 0.000572213 0.389296 -0.249748 -0.00167288 -0.194362 0.0169757 0.000190738 0.394255 -0.250153 0.000823362
22 -0.00743866 0.00171661 -0.171092 1.17225 -1.2644 -0.649844 -0.180629 -1.24321 -1.32544 0.644503 -0.19894 -0.0185016 0.000572213 0.389296 -0.249748 -0.00167288 -0.194362 0.0169757 0.000190738 0.394255 -0.249951 0.00124786
22 -0.00743866 0.00171661 -0.171092 1.16767 -1.2644 -0.649844 -0.180629 -1.23863 -1.32506 0.644503 -0.19894 -0.0185016 0.000572213 0.389296 -0.249748 -0.00167288 -0.194362 0.0169757 0.000190738 0.394255 -0.249951 0.001248
22 -0.00743866 0.00171661 -0.17071 1.16271 -1.2644 -0.649844 -0.180247 -1.23405 -1.32506 0.644503 -0.19894 -0.0185016 0.000572213 0.389296 -0.249748 -0.00167288 -0.194362 0.0169757 0.000190738 0.394255 -0.249951 0.001248
22 -0.00743866 0.00171661 -0.17071 1.15852 -1.26402 -0.649844 -0.180247 -1.22909 -1.32467 0.644503 -0.19894 -0.0185016 0.000572213 0.389296 -0.249748 -0.00167288 -0.194362 0.0169757 0.000190738 0.394255 -0.249951 0.001248
22 -0.00743866 0.00171661 -0.170329 1.15356 -1.26402 -0.649844 -0.180247 -1.22528 -1.32467 0.644503 -0.19894 -0.0185016 0.000572213 0.389296 -0.249748 -0.00167288 -0.194362 0.0169757 0.000190738 0.394255 -0.249951 0.001248
22 -0.00743866 0.00171661 -0.170329 1.14898 -1.26402 -0.649844 -0.179866 -1.22032 -1.32429 0.644503 -0.19894 -0.0185016 0.000572213 0.389296 -0.249748 -0.00167288 -0.194362 0.0169757 0.000190738 0.394255 -0.249951 0.001248
22 -0.00743866 0.00171661 -0.170329 1.1444 -1.26364 -0.649844 -0.179866 -1.21536 -1.32391 0.644503 -0.19894 -0.0185016 0.000572213 0.389296 -0.249748 -0.00167288 -0.194362 0.0169757 0.000190738 0.394255 -0.249951 0.001248
22 -0.00743866 0.00171661 -0.170329 1.13983 -1.26364 -0.649844 -0.179866 -1.21116 -1.32391 0.644503 -0.19894 -0.0185016 0.000572213 0.389296 -0.249748 -0.00167288 -0.194362 0.0169757 0.000190738 0.394255 -0.249951 0.001248
22 -0.00743866 0.00171661 -0.169947 1.13487 -1.26364 -0.649844 -0.179866 -1.20697 -1.32353 0.644503 -0.19894 -0.0185016 0.000572213 0.389296 -0.249748 -0.00167288 -0.194362 0.0169757 0.000190738 0.394255 -0.249951 0.001248
22 -0.00743866 0.00209808 -0.169947 1.13029 -1.26326 -0.649844 -0.179866 -1.20201 -1.32315 0.644503 -0.19894 -0.0185016 0.000572213 0.389296 -0.249748 -0.00167288 -0.194362 0.0169757 0.000190738 0.394255 -0.249951 0.001248
22 -0.00743866 0.00171661 -0.169947 1.12571 -1.26287 -0.649844 -0.179484 -1.19705 -1.32315 0.644503 -0.19894 -0.0185016 0.000572213 0.389296 -0.249748 -0.00167288 -0.194362 0.0169757 0.000190738 0.394255 -0.249951 0.001248
22 -0.00743866 0.00171661 -0.169566 1.12113 -1.26249 -0.649844 -0.179484 -1.19323 -1.32277 0.644503 -0.19894 -0.0185016 0.000572213 0.389296 -0.249748 -0.00167288 -0.194362 0.0169757 0.000190738 0.394255 -0.249951 0.001248
22 -0.00743866 0.00171661 -0.169566 1.11656 -1.26249 -0.649844 -0.179484 -1.18827 -1.32238 0.644503 -0.19894 -0.0185016 0.000572213 0.389296 -0.249748 -0.00167288 -0.194362 0.0169757 0.000190738 0.394255 -0.249951 0.001248
22 -0.00743866 0.00171661 -0.169184 1.11198 -1.26211 -0.649844 -0.179484 -1.1837 -1.322 0.644503 -0.19894 -0.0185016 0.000572213 0.389296 -0.249748 -0.00167288 -0.194362 0.0169757 0.000190738 0.394255 -0.249951 0.001248
22 -0.00743866 0.00171661 -0.168803 1.1074 -1.26173 -0.649844 -0.179484 -1.17912 -1.32162 0.644503 -0.19894 -0.0185016 0.000572213 0.389296 -0.249748 -0.00167288 -0.194362 0.0169757 0.000190738 0.394255 -0.249951 0.001248
22 -0.00743866 0.00171661 -0.168803 1.10282 -1.26173 -0.649844 -0.179484 -1.17492 -1.32124 0.644503 -0.19894 -0.0185016 0.000572213 0.389296 -0.249748 -0.00167288 -0.194362 0.0169757 0.000190738 0.394255 -0.249951 0.001248
22 -0.00743866 0.00171661 -0.168421 1.09786 -1.26135 -0.649844 -0.179484 -1.16996 -1.32086 0.644503 -0.19894 -0.0185016 0.000572213 0.389296 -0.249748 -0.00167288 -0.194362 0.0169757 0.000190738 0.394255 -0.249951 0.001248
22 -0.00743866 0.00171661 -0.168421 1.09329 -1.26135 -0.649844 -0.179484 -1.16538 -1.32048 0.644503 -0.19894 -0.0185016 0.000572213 0.389296 -0.249748 -0.00167288 -0.194362 0.0169757 0.000190738 0.394255 -0.249951 0.001248
22 -0.00743866 0.00171661 -0.16804 1.08871 -1.26097 -0.649844 -0.179484 -1.16043 -1.3201 0.644503 -0.19894 -0.0185016 0.000572213 0.389296 -0.249748 -0.00167288 -0.194362 0.0169757 0.000190738 0.394255 -0.249951 0.001248
22 -0.00743866 0.00171661 -0.16804 1.08413 -1.26097 -0.649844 -0.179484 -1.15661 -1.31971 0.644503 -0.19894 -0.0185016 0.000572213 0.389296 -0.249748 -0.00167288 -0.194362 0.0169757 0.000190738 0.394255 -0.249951 0.001248
22 -0.00743866 0.00171661 -0.167659 1.07993 -1.26059 -0.649844 -0.179484 -1.15165 -1.31933 0.644503 -0.19894 -0.0185016 0.000572213 0.389296 -0.249748 -0.00167288 -0.194362 0.0169757 0.000190738 0.394255 -0.249951 0.001248
22 -0.00743866 0.00171661 -0.167659 1.07497 -1.26059 -0.649844 -0.179484 -1.14669 -1.31895 0.644503 -0.19894 -0.0185016 0.000572213 0.389296 -0.249748 -0.00167288 -0.194362 0.0169757 0.000190738 0.394255 -0.249951 0.001248
22 -0.00743866 0.00171661 -0.167277 1.07078 -1.2602 -0.649844 -0.179484 -1.14288 -1.31819 0.644503 -0.19894 -0.0185016 0.000572213 0.389296 -0.249748 -0.00167288 -0.194362 0.0169757 0.000190738 0.394255 -0.249951 0.001248
22 -0.00743866 0.00171661 -0.167277 1.0662 -1.25982 -0.649844 -0.179484 -1.1383 -1.31781 0.644503 -0.19894 -0.0185016 0.000572213 0.389296 -0.249748 -0.00167288 -0.194362 0.0169757 0.000190738 0.394255 -0.249951 0.001248
22 -0.00743866 0.00171661 -0.167277 1.06162 -1.25944 -0.649844 -0.179484 -1.13334 -1.31743 0.644503 -0.19894 -0.0185016 0.000572213 0.389296 -0.249748 -0.00167288 -0.194362 0.0169757 0.000190738 0.394255 -0.249951 0.001248
22 -0.00743866 0.00171661 -0.166896 1.05705 -1.25906 -0.649844 -0.179484 -1.12876 -1.31704 0.644503 -0.19894 -0.0185016 0.000572213 0.389296 -0.249748 -0.00167288 -0.194362 0.0169757 0.000190738 0.394255 -0.249951 0.001248
22 -0.00743866 0.00171661 -0.166896 1.05247 -1.25868 -0.649844 -0.179484 -1.12457 -1.31666 0.644503 -0.19894 -0.0185016 0.000572213 0.389296 -0.249748 -0.00167288 -0.194362 0.0169757 0.000190738 0.394255 -0.249951 0.001248
22 -0.00743866 0.00171661 -0.166896 1.04789 -1.2583 -0.649844 -0.179484 -1.11999 -1.31628 0.644503 -0.19894 -0.0185016 0.000572213 0.389296 -0.249748 -0.00167288 -0.194362 0.0169757 0.000190738 0.394255 -0.249951 0.001248
22 -0.00743866 0.00171661 -0.166514 1.04331 -1.25792 -0.649844 -0.179484 -1.11503 -1.31552 0.644503 -0.19894 -0.0185016 0.000572213 0.389296 -0.249748 -0.00167288 -0.194362 0.0169757 0.000190738 0.394255 -0.249951 0.001248
22 -0.00743866 0.00171661 -0.166514 1.03912 -1.25753 -0.649844 -0.179484 -1.11045 -1.31476 0.644503 -0.19894 -0.0185016 0.000572213 0.389296 -0.249748 -0.00167288 -0.194362 0.0169757 0.000190738 0.394255 -0.249951 0.001248
22 -0.00743866 0.00171661 -0.166133 1.03454 -1.25715 -0.649844 -0.179866 -1.10664 -1.31437 0.644503 -0.19894 -0.0185016 0.000572213 0.389296 -0.249748 -0.00167288 -0.194362 0.0169757 0.000190738 0.394255 -0.249951 0.001248
22 -0.00743866 0.00171661 -0.166133 1.02996 -1.25677 -0.649844 -0.179866 -1.10168 -1.31361 0.644503 -0.19894 -0.0185016 0.000572213 0.389296 -0.249748 -0.00167288 -0.194362 0.0169757 0.000190738 0.394255 -0.249951 0.001248
22 -0.00743866 0.00171661 -0.166133 1.02538 -1.25601 -0.649844 -0.179866 -1.0971 -1.31323 0.644503 -0.19894 -0.0185016 0.000572213 0.389296 -0.249748 -0.00167288 -0.194362 0.0169757 0.000190738 0.394255 -0.249951 0.001248
22 -0.00743866 0.00171661 -0.165751 1.02157 -1.25563 -0.649844 -0.179866 -1.09252 -1.31285 0.644503 -0.19894 -0.0185016 0.000572213 0.389296 -0.249748 -0.00167288 -0.194362 0.0169757 0.000190738 0.394255 -0.249951 0.001248
22 -0.00743866 0.00171661 -0.165751 1.01661 -1.25486 -0.649844 -0.179866 -1.08833 -1.31209 0.644503 -0.19894 -0.0185016 0.000572213 0.389296 -0.249748 -0.00167288 -0.194362 0.0169757 0.000190738 0.394255 -0.249951 0.001248
22 -0.00743866 0.00171661 -0.16537 1.01203 -1.25448 -0.649844 -0.179866 -1.08337 -1.3117 0.644503 -0.19894 -0.0185016 0.000572213 0.389296 -0.249748 -0.00167288 -0.194362 0.0169757 0.000190738 0.394255 -0.249951 0.001248
22 -0.00743866 0.00171661 -0.16537 1.00822 -1.2541 -0.649844 -0.179866 -1.07841 -1.31094 0.644503 -0.19894 -0.0185016 0.000572213 0.389296 -0.249748 -0.00167288 -0.194362 0.0169757 0.000190738 0.394255 -0.249951 0.001248
22 -0.00743866 0.00171661 -0.16537 1.00364 -1.25334 -0.649844 -0.179866 -1.07459 -1.31056 0.644503 -0.19894 -0.0185016 0.000572213 0.389296 -0.249748 -0.00167288 -0.194362 0.0169757 0.000190738 0.394255 -0.249951 0.001248
22 -0.00743866 0.00171661 -0.164988 0.999061 -1.25296 -0.649844 -0.179866 -1.07002 -1.31018 0.644503 -0.19894 -0.0185016 0.000572213 0.389296 -0.249748 -0.00167288 -0.194362 0.0169757 0.000190738 0.394255 -0.249951 0.001248
22 -0.00743866 0.00171661 -0.164988 0.994483 -1.25219 -0.649844 -0.179866 -1.06544 -1.30941 0.644503 -0.19894 -0.0185016 0.000572213 0.389296 -0.249748 -0.00167288 -0.194362 0.0169757 0.000190738 0.394255 -0.249951 0.001248
22 -0.00743866 0.00171661 -0.164988 0.990287 -1.25181 -0.649844 -0.180247 -1.06048 -1.30903 0.644503 -0.19894 -0.0185016 0.000572213 0.389296 -0.249748 -0.00167288 -0.194362 0.0169757 0.000190738 0.394255 -0.249951 0.001248
22 -0.00782013 0.00171661 -0.164607 0.986091 -1.25143 -0.649844 -0.180247 -1.05705 -1.30827 0.644503 -0.19894 -0.0185016 0.000572213 0.389296 -0.249748 -0.00167288 -0.194362 0.0169757 0.000190738 0.394255 -0.249951 0.001248
22 -0.00743866 0.00171661 -0.164607 0.981513 -1.25067 -0.649844 -0.180247 -1.05209 -1.30789 0.644503 -0.19894 -0.0185016 0.000572213 0.389296 -0.249748 -0.00167288 -0.194362 0.0169757 0.000190738 0.394255 -0.249951 0.001248
22 -0.00743866 0.00171661 -0.164225 0.977317 -1.2499 -0.649844 -0.180247 -1.04713 -1.30713 0.644503 -0.19894 -0.0185016 0.000572213 0.389296 -0.249748 -0.00167288 -0.194362 0.0169757 0.000190738 0.394255 -0.249951 0.001248
22 -0.00743866 0.00171661 -0.164225 0.972358 -1.24952 -0.649844 -0.180247 -1.04293 -1.30674 0.644503 -0.19894 -0.0185016 0.000572213 0.389296 -0.249748 -0.00167288 -0.194362 0.0169757 0.000190738 0.394255 -0.249951 0.001248
22 -0.00743866 0.00171661 -0.164225 0.968161 -1.24876 -0.649844 -0.180247 -1.03873 -1.30598 0.644503 -0.19894 -0.0185016 0.000572213 0.389296 -0.249748 -0.00167288 -0.194362 0.0169757 0.000190738 0.394255 -0.249951 0.001248
22 -0.00743866 0.00171661 -0.164225 0.963965 -1.24838 -0.649844 -0.180629 -1.03416 -1.30522 0.644503 -0.19894 -0.0185016 0.000572213 0.389296 -0.249748 -0.00167288 -0.194362 0.0169757 0.000190738 0.394255 -0.249951 0.001248
22 -0.00743866 0.00171661 -0.163844 0.959769 -1.248 -0.649844 -0.180629 -1.02958 -1.30484 0.644503 -0.19894 -0.0185016 0.000572213 0.389296 -0.249748 -0.00167288 -0.194362 0.0169757 0.000190738 0.394255 -0.249951 0.001248
22 -0.00743866 0.00171661 -0.163844 0.955191 -1.24723 -0.649844 -0.180629 -1.02576 -1.30407 0.644503 -0.19894 -0.0185016 0.000572213 0.389296 -0.249748 -0.00167288 -0.194362 0.0169757 0.000190738 0.394255 -0.249951 0.001248
22 -0.00743866 0.00171661 -0.163844 0.950613 -1.24647 -0.649844 -0.180629 -1.02119 -1.30331 0.644503 -0.19894 -0.0185016 0.000572213 0.389296 -0.249748 -0.00167288 -0.194362 0.0169757 0.000190738 0.394255 -0.249951 0.001248
22 -0.00743866 0.00171661 -0.163844 0.946799 -1.24609 -0.649844 -0.18101 -1.01623 -1.30255 0.644503 -0.19894 -0.0185016 0.000572213 0.389296 -0.249748 -0.00167288 -0.194362 0.0169757 0.000190738 0.394255 -0.249951 0.001248
22 -0.00743866 0.00171661 -0.163844 0.942221 -1.24533 -0.649844 -0.18101 -1.01241 -1.30179 0.644503 -0.19894 -0.0185016 0.000572213 0.389296 -0.249748 -0.00167288 -0.194362 0.0169757 0.000190738 0.394255 -0.249951 0.001248
22 -0.00743866 0.00171661 -0.163462 0.937643 -1.24456 -0.649844 -0.18101 -1.00822 -1.3014 0.644503 -0.19894 -0.0185016 0.000572213 0.389296 -0.249748 -0.00167288 -0.194362 0.0169757 0.000190738 0.394255 -0.249951 0.001248
22 -0.00743866 0.00171661 -0.163462 0.933829 -1.2438 -0.649844 -0.181392 -1.00364 -1.30064 0.644503 -0.19894 -0.0185016 0.000572213 0.389296 -0.249748 -0.00167288 -0.194362 0.0169757 0.000190738 0.394255 -0.249951 0.001248
22 -0.00743866 0.00171661 -0.163462 0.929251 -1.24266 -0.649462 -0.181392 -0.999061 -1.30026 0.644503 -0.19894 -0.0185016 0.000572213 0.389296 -0.249748 -0.00167288 -0.194362 0.0169757 0.000190738 0.394255 -0.249951 0.001248
22 -0.00743866 0.00171661 -0.163462 0.924673 -1.24228 -0.649462 -0.181392 -0.995246 -1.2995 0.644503 -0.19894 -0.0185016 0.000572213 0.389296 -0.249748 -0.00167288 -0.194362 0.0169757 0.000190738 0.394255 -0.249951 0.001248
22 -0.00743866 0.00171661 -0.163462 0.920858 -1.24151 -0.649462 -0.181392 -0.990668 -1.29873 0.644503 -0.19894 -0.0185016 0.000572213 0.389296 -0.249748 -0.00167288 -0.194362 0.0169757 0.000190738 0.394255 -0.249951 0.001248
22 -0.00743866 0.00171661 -0.163462 0.916281 -1.24075 -0.649462 -0.181773 -0.986091 -1.29797 0.644503 -0.19894 -0.0185016 0.000572213 0.389296 -0.249748 -0.00167288 -0.194362 0.0169757 0.000190738 0.394255 -0.249951 0.001248
22 -0.00743866 0.00171661 -0.163081 0.912084 -1.23999 -0.649462 -0.181773 -0.982657 -1.29721 0.644503 -0.19894 -0.0185016 0.000572213 0.389296 -0.249748 -0.00167288 -0.194362 0.0169757 0.000190738 0.394255 -0.249951 0.001248
22 -0.00743866 0.00171661 -0.163081 0.907888 -1.2396 -0.649462 -0.181773 -0.977698 -1.29644 0.644503 -0.19894 -0.0185016 0.000572213 0.389296 -0.249748 -0.00167288 -0.194362 0.0169757 0.000190738 0.394255 -0.249951 0.001248
22 -0.00743866 0.00171661 -0.163081 0.903692 -1.23884 -0.649462 -0.181773 -0.973121 -1.29568 0.644503 -0.19894 -0.0185016 0.000572213 0.389296 -0.249748 -0.00167288 -0.194362 0.0169757 0.000190738 0.394255 -0.249951 0.001248
22 -0.00743866 0.00171661 -0.163081 0.899496 -1.23808 -0.649462 -0.181773 -0.970069 -1.2953 0.644503 -0.19894 -0.0185016 0.000572213 0.389296 -0.249748 -0.00167288 -0.194362 0.0169757 0.000190738 0.394255 -0.249951 0.001248
22 -0.00743866 0.00171661 -0.163081 0.8953 -1.23693 -0.649462 -0.181773 -0.96511 -1.29454 0.644503 -0.19894 -0.0185016 0.000572213 0.389296 -0.249748 -0.00167288 -0.194362 0.0169757 0.000190738 0.394255 -0.249951 0.001248
22 -0.00743866 0.00171661 -0.163081 0.891103 -1.23617 -0.649462 -0.181773 -0.960532 -1.29377 0.644503 -0.19894 -0.0185016 0.000572213 0.389296 -0.249748 -0.00167288 -0.194362 0.0169757 0.000190738 0.394255 -0.249951 0.001248
22 -0.00743866 0.00171661 -0.163081 0.886907 -1.23579 -0.649462 -0.182155 -0.95748 -1.29301 0.644503 -0.19894 -0.0185016 0.000572213 0.389296 -0.249748 -0.00167288 -0.194362 0.0169757 0.000190738 0.394255 -0.249951 0.001248
22 -0.00743866 0.00171661 -0.163081 0.882711 -1.23503 -0.649462 -0.182155 -0.952902 -1.29225 0.644503 -0.19894 -0.0185016 0.000572213 0.389296 -0.249748 -0.00167288 -0.194362 0.0169757 0.000190738 0.394255 -0.249951 0.001248
22 -0.00743866 0.00171661 -0.162699 0.878515 -1.23465 -0.649462 -0.182155 -0.948706 -1.29149 0.644503 -0.19894 -0.0185016 0.000572213 0.389296 -0.249748 -0.00167288 -0.194362 0.0169757 0.000190738 0.394255 -0.249951 0.001248
22 -0.00743866 0.00171661 -0.162699 0.874318 -1.23388 -0.649462 -0.182155 -0.945273 -1.29072 0.644503 -0.19894 -0.0185016 0.000572213 0.389296 -0.249748 -0.00167288 -0.194362 0.0169757 0.000190738 0.394255 -0.249951 0.001248
22 -0.00743866 0.00171661 -0.162699 0.870122 -1.23312 -0.649462 -0.182536 -0.940695 -1.28996 0.644503 -0.19894 -0.0185016 0.000572213 0.389296 -0.249748 -0.00167288 -0.194362 0.0169757 0.000190738 0.394255 -0.249951 0.001248
22 -0.00743866 0.00171661 -0.162699 0.865926 -1.23236 -0.649462 -0.182536 -0.936499 -1.2892 0.644503 -0.19894 -0.0185016 0.000572213 0.389296 -0.249748 -0.00167288 -0.194362 0.0169757 0.000190738 0.394255 -0.249951 0.001248
22 -0.00743866 0.00171661 -0.162699 0.86173 -1.23121 -0.649462 -0.182536 -0.933066 -1.28882 0.644503 -0.19894 -0.0185016 0.000572213 0.389296 -0.249748 -0.00167288 -0.194362 0.0169757 0.000190738 0.394255 -0.249951 0.001248
22 -0.00743866 0.00171661 -0.162699 0.857533 -1.23045 -0.649462 -0.182536 -0.928488 -1.28843 0.644503 -0.19894 -0.0185016 0.000572213 0.389296 -0.249748 -0.00167288 -0.194362 0.0169757 0.000190738 0.394255 -0.249951 0.001248
22 -0.00743866 0.00171661 -0.162318 0.853337 -1.22969 -0.649462 -0.182536 -0.924673 -1.28767 0.644503 -0.19894 -0.0185016 0.000572213 0.389296 -0.249748 -0.00167288 -0.194362 0.0169757 0.000190738 0.394255 -0.249951 0.001248
22 -0.00743866 0.00171661 -0.162318 0.849522 -1.2293 -0.649462 -0.182918 -0.920858 -1.28691 0.644503 -0.19894 -0.0185016 0.000572213 0.389296 -0.249748 -0.00167288 -0.194362 0.0169757 0.000190738 0.394255 -0.249951 0.001248
22 -0.00743866 0.00171661 -0.162318 0.845326 -1.22854 -0.649462 -0.182918 -0.916281 -1.28614 0.644503 -0.19894 -0.0185016 0.000572213 0.389296 -0.249748 -0.00167288 -0.194362 0.0169757 0.000190738 0.394255 -0.249951 0.001248
22 -0.00743866 0.00171661 -0.162318 0.84113 -1.22778 -0.649462 -0.182918 -0.912847 -1.28538 0.644503 -0.19894 -0.0185016 0.000572213 0.389296 -0.249748 -0.00167288 -0.194362 0.0169757 0.000190738 0.394255 -0.249951 0.001248
22 -0.00743866 0.00171661 -0.162318 0.836934 -1.22702 -0.649462 -0.183299 -0.908651 -1.285 0.644503 -0.19894 -0.0185016 0.000572213 0.389296 -0.249748 -0.00167288 -0.194362 0.0169757 0.000190738 0.394255 -0.249951 0.001248
22 -0.00743866 0.00171661 -0.162318 0.833119 -1.22625 -0.649462 -0.183299 -0.904455 -1.28424 0.644503 -0.19894 -0.0185016 0.000572213 0.389296 -0.249748 -0.00167288 -0.194362 0.0169757 0.000190738 0.394255 -0.249951 0.001248
22 -0.00743866 0.00171661 -0.162318 0.828923 -1.22549 -0.649462 -0.18368 -0.901403 -1.28347 0.644503 -0.19894 -0.0185016 0.000572213 0.389296 -0.249748 -0.00167288 -0.194362 0.0169757 0.000190738 0.394255 -0.249951 0.001248
22 -0.00743866 0.00171661 -0.162318 0.824727 -1.22473 -0.649462 -0.18368 -0.896825 -1.28271 0.644503 -0.19894 -0.0185016 0.000572213 0.389296 -0.249748 -0.00167288 -0.194362 0.0169757 0.000190738 0.394255 -0.249951 0.001248
22 -0.00743866 0.00171661 -0.161936 0.820912 -1.22396 -0.649462 -0.184062 -0.893011 -1.28233 0.644503 -0.19894 -0.0185016 0.000572213 0.389296 -0.249748 -0.00167288 -0.194362 0.0169757 0.000190738 0.394255 -0.249951 0.001248
22 -0.00743866 0.00171661 -0.161936 0.816716 -1.22358 -0.649462 -0.184062 -0.889196 -1.28157 0.644503 -0.19894 -0.0185016 0.000572213 0.389296 -0.249748 -0.00167288 -0.194362 0.0169757 0.000190738 0.394255 -0.249951 0.001248
22 -0.00743866 0.00171661 -0.161936 0.812519 -1.22282 -0.649462 -0.184443 -0.885 -1.28119 0.644503 -0.19894 -0.0185016 0.000572213 0.389296 -0.249748 -0.00167288 -0.194362 0.0169757 0.000190738 0.394255 -0.249951 0.001248
22 -0.00743866 0.00171661 -0.161936 0.808705 -1.22244 -0.649462 -0.184443 -0.881948 -1.28004 0.644503 -0.19894 -0.0185016 0.000572213 0.389296 -0.249748 -0.00167288 -0.194362 0.0169757 0.000190738 0.394255 -0.249951 0.001248
22 -0.00743866 0.00171661 -0.161936 0.804508 -1.22168 -0.649462 -0.184825 -0.877752 -1.27966 0.644503 -0.19894 -0.0185016 0.000572213 0.389296 -0.249748 -0.00167288 -0.194362 0.0169757 0.000190738 0.394255 -0.249951 0.001248
22 -0.00743866 0.00171661 -0.161936 0.800312 -1.22091 -0.649462 -0.184825 -0.873174 -1.2789 0.644503 -0.19894 -0.0185016 0.000572213 0.389296 -0.249748 -0.00167288 -0.194362 0.0169757 0.000190738 0.394255 -0.249951 0.001248
22 -0.00743866 0.00171661 -0.161936 0.796497 -1.22053 -0.649462 -0.185206 -0.870122 -1.27775 0.644503 -0.19894 -0.0185016 0.000572213 0.389296 -0.249748 -0.00167288 -0.194362 0.0169757 0.000190738 0.394255 -0.249951 0.001248
22 -0.00743866 0.00171661 -0.161936 0.792301 -1.21977 -0.649462 -0.185206 -0.865926 -1.27699 0.644503 -0.19894 -0.0185016 0.000572213 0.389296 -0.249748 -0.00167288 -0.194362 0.0169757 0.000190738 0.394255 -0.249951 0.001248
22 -0.00743866 0.00209808 -0.161555 0.788105 -1.21901 -0.649462 -0.185588 -0.862111 -1.27623 0.644503 -0.19894 -0.0185016 0.000572213 0.389296 -0.249748 -0.00167288 -0.194362 0.0169757 0.000190738 0.394255 -0.249951 0.001248
22 -0.00743866 0.00171661 -0.161555 0.78429 -1.21824 -0.649462 -0.185969 -0.858678 -1.27584 0.644503 -0.19894 -0.0181201 0.000572213 0.389296 -0.249748 -0.00167288 -0.194362 0.0169757 0.000190738 0.394255 -0.249951 0.001248
22 -0.00743866 0.00171661 -0.161555 0.780094 -1.21748 -0.649462 -0.185969 -0.854482 -1.27508 0.644503 -0.19894 -0.0185016 0.000572213 0.389296 -0.249748 -0.00167288 -0.194362 0.0169757 0.000190738 0.394255 -0.249951 0.001248
22 -0.00743866 0.00171661 -0.161555 0.775898 -1.21672 -0.649462 -0.186351 -0.851811 -1.27432 0.644503 -0.19894 -0.0185016 0.000572213 0.389296 -0.249748 -0.00167288 -0.194362 0.0169757 0.000190738 0.394255 -0.249951 0.001248
22 -0.00743866 0.00171661 -0.161555 0.772083 -1.21633 -0.649462 -0.186351 -0.847234 -1.27356 0.644503 -0.19894 -0.0185016 0.000572213 0.389296 -0.249748 -0.00167288 -0.194362 0.0169757 0.000190738 0.394255 -0.249951 0.001248
22 -0.00782013 0.00171661 -0.161555 0.767887 -1.21557 -0.649462 -0.186732 -0.844182 -1.27317 0.644503 -0.19894 -0.0185016 0.000572213 0.389296 -0.249748 -0.00167288 -0.194362 0.0169757 0.000190738 0.394255 -0.249951 0.001248
22 -0.00743866 0.00171661 -0.161555 0.76369 -1.21481 -0.649462 -0.187114 -0.839986 -1.27241 0.644503 -0.19894 -0.0185016 0.000572213 0.389296 -0.249748 -0.00167288 -0.194362 0.0169757 0.000190738 0.394255 -0.249951 0.001248
22 -0.00743866 0.00171661 -0.161173 0.759876 -1.21405 -0.649462 -0.187495 -0.835789 -1.27165 0.644503 -0.19894 -0.0185016 0.000572213 0.389296 -0.249748 -0.00167288 -0.194362 0.0169757 0.000190738 0.394255 -0.249951 0.001248
22 -0.00743866 0.00171661 -0.161173 0.755679 -1.21328 -0.649462 -0.187877 -0.833119 -1.27089 0.644503 -0.19894 -0.0185016 0.000572213 0.389296 -0.249748 -0.00167288 -0.194362 0.0169757 0.000190738 0.394255 -0.249951 0.001248
22 -0.00743866 0.00171661 -0.161173 0.751483 -1.21214 -0.649462 -0.188258 -0.828923 -1.27012 0.644503 -0.19894 -0.0185016 0.000572213 0.389296 -0.249748 -0.00167288 -0.194362 0.0169757 0.000190738 0.394255 -0.249951 0.001248
22 -0.00743866 0.00171661 -0.161173 0.747669 -1.21138 -0.649462 -0.18864 -0.82549 -1.26974 0.644503 -0.19894 -0.0185016 0.000572213 0.389296 -0.249748 -0.00167288 -0.194362 0.0169757 0.000190738 0.394255 -0.249951 0.001248
22 -0.00743866 0.00171661 -0.161173 0.743854 -1.21099 -0.649462 -0.189021 -0.821675 -1.26898 0.644503 -0.19894 -0.0185016 0.000572213 0.389296 -0.249748 -0.00167288 -0.194362 0.0169757 0.000190738 0.394255 -0.249951 0.001248
22 -0.00743866 0.00171661 -0.161173 0.739658 -1.21061 -0.649462 -0.189403 -0.818241 -1.26822 0.644503 -0.19894 -0.0185016 0.000572213 0.389296 -0.249748 -0.00167288 -0.194362 0.0169757 0.000190738 0.394255 -0.249951 0.001248
22 -0.00743866 0.00171661 -0.161173 0.735461 -1.20985 -0.649462 -0.189784 -0.814808 -1.26745 0.644503 -0.19894 -0.0185016 0.000572213 0.389296 -0.249748 -0.00167288 -0.194362 0.0169757 0.000190738 0.394255 -0.249951 0.001248
22 -0.00743866 0.00171661 -0.160792 0.731647 -1.20947 -0.649462 -0.190547 -0.810612 -1.26669 0.644503 -0.19894 -0.0185016 0.000572213 0.389296 -0.249748 -0.00167288 -0.194362 0.0169757 0.000190738 0.394255 -0.249951 0.001248
22 -0.00743866 0.00171661 -0.160792 0.727832 -1.20871 -0.649462 -0.190929 -0.807942 -1.26593 0.644503 -0.19894 -0.0185016 0.000572213 0.389296 -0.249748 -0.00167288 -0.194362 0.0169757 0.000190738 0.394255 -0.249951 0.001248
22 -0.00743866 0.00171661 -0.160792 0.723636 -1.20794 -0.649462 -0.19131 -0.803745 -1.26516 0.644503 -0.19894 -0.0185016 0.000572213 0.389296 -0.249748 -0.00167288 -0.194362 0.0169757 0.000190738 0.394255 -0.249951 0.001248
22 -0.00743866 0.00171661 -0.160792 0.719439 -1.20718 -0.649462 -0.191691 -0.800312 -1.2644 0.644503 -0.19894 -0.0185016 0.000572213 0.389296 -0.249748 -0.00167288 -0.194362 0.0169757 0.000190738 0.394255 -0.249951 0.001248
22 -0.00743866 0.00171661 -0.160792 0.715625 -1.20642 -0.649462 -0.192073 -0.796879 -1.26364 0.644503 -0.19894 -0.0185016 0.000572213 0.389296 -0.249748 -0.00167288 -0.194362 0.0169757 0.000190738 0.394255 -0.249951 0.001248
22 -0.00743866 0.00171661 -0.160792 0.711428 -1.20565 -0.649462 -0.192454 -0.793064 -1.26287 0.644503 -0.19894 -0.0185016 0.000572213 0.389296 -0.249748 -0.00167288 -0.194362 0.0169757 0.000190738 0.394255 -0.249951 0.001248
22 -0.00743866 0.00171661 -0.160792 0.707614 -1.20489 -0.649462 -0.192836 -0.790012 -1.26211 0.644503 -0.19894 -0.0185016 0.000572213 0.389296 -0.249748 -0.00167288 -0.194362 0.0169757 0.000190738 0.394255 -0.249951 0.001248
22 -0.00743866 0.00171661 -0.160792 0.703417 -1.20451 -0.649462 -0.193217 -0.785816 -1.26135 0.644503 -0.19894 -0.0185016 0.000572213 0.389296 -0.249748 -0.00167288 -0.194362 0.0169757 0.000190738 0.394255 -0.249951 0.001248
22 -0.00743866 0.00171661 -0.160792 0.699221 -1.20375 -0.649462 -0.19398 -0.783146 -1.26059 0.644503 -0.19894 -0.0185016 0.000572213 0.389296 -0.249748 -0.00167288 -0.194362 0.0169757 0.000190738 0.394255 -0.249951 0.001248
22 -0.00743866 0.00171661 -0.16041 0.695406 -1.20298 -0.649462 -0.194362 -0.778949 -1.2602 0.644503 -0.19894 -0.0185016 0.000572213 0.389296 -0.249748 -0.00167288 -0.194362 0.0169757 0.000190738 0.394255 -0.249951 0.001248
22 -0.00743866 0.00171661 -0.16041 0.691592 -1.20222 -0.649462 -0.194743 -0.776279 -1.25944 0.644503 -0.19894 -0.0185016 0.000572213 0.389296 -0.249748 -0.00167288 -0.194362 0.0169757 0.000190738 0.394255 -0.249951 0.001248
22 -0.00743866 0.00171661 -0.16041 0.687395 -1.20184 -0.649462 -0.195125 -0.772083 -1.25868 0.644503 -0.19894 -0.0185016 0.000572213 0.389296 -0.249748 -0.00167288 -0.194362 0.0169757 0.000190738 0.394255 -0.249951 0.001248
22 -0.00743866 0.00209808 -0.16041 0.683199 -1.20108 -0.649462 -0.195888 -0.769031 -1.25792 0.644884 -0.19894 -0.0185016 0.000572213 0.389296 -0.249748 -0.00167288 -0.194362 0.0169757 0.000190738 0.394255 -0.250153 0.000822788
22 -0.00743866 0.00171661 -0.16041 0.679384 -1.20031 -0.649462 -0.196651 -0.765598 -1.25753 0.644503 -0.19894 -0.0185016 0.000572213 0.389296 -0.249748 -0.00167288 -0.194362 0.0169757 0.000190738 0.394255 -0.249951 0.00124786
22 -0.00743866 0.00171661 -0.16041 0.675188 -1.19955 -0.649462 -0.197032 -0.761783 -1.25677 0.644503 -0.19894 -0.0185016 0.000572213 0.389296 -0.249748 -0.00167288 -0.194362 0.0169757 0.000190738 0.394255 -0.249951 0.001248
22 -0.00743866 0.00171661 -0.16041 0.670992 -1.19879 -0.649462 -0.197414 -0.758731 -1.25601 0.644503 -0.19894 -0.0185016 0.000572213 0.389296 -0.249748 -0.00167288 -0.194362 0.0169757 0.000190738 0.394255 -0.249951 0.001248
22 -0.00743866 0.00171661 -0.16041 0.667177 -1.19841 -0.649462 -0.198177 -0.754917 -1.25525 0.644503 -0.19894 -0.0185016 0.000572213 0.389296 -0.249748 -0.00167288 -0.194362 0.0169757 0.000190738 0.394255 -0.249951 0.001248
22 -0.00743866 0.00171661 -0.16041 0.662981 -1.19802 -0.649462 -0.198558 -0.752246 -1.25448 0.644503 -0.19894 -0.0185016 0.000572213 0.389296 -0.249748 -0.00167288 -0.194362 0.0169757 0.000190738 0.394255 -0.249951 0.001248
22 -0.00743866 0.00171661 -0.16041 0.659166 -1.19764 -0.649462 -0.19894 -0.74805 -1.25372 0.644503 -0.19894 -0.0185016 0.000572213 0.389296 -0.249748 -0.00167288 -0.194362 0.0169757 0.000190738 0.394255 -0.249951 0.001248
22 -0.00743866 0.00209808 -0.16041 0.65497 -1.19688 -0.649462 -0.199702 -0.74538 -1.25296 0.644503 -0.19894 -0.0185016 0.000572213 0.389296 -0.249748 -0.00167288 -0.194362 0.0169757 0.000190738 0.394255 -0.249951 0.001248
22 -0.00743866 0.00171661 -0.16041 0.650392 -1.1965 -0.649462 -0.200084 -0.741565 -1.25219 0.644503 -0.19894 -0.0185016 0.000572213 0.389296 -0.249748 -0.00167288 -0.194362 0.0169757 0.000190738 0.394255 -0.249951 0.001248
22 -0.00743866 0.00171661 -0.16041 0.646959 -1.19574 -0.649462 -0.200847 -0.738513 -1.25143 0.644503 -0.19894 -0.0185016 0.000572213 0.389296 -0.249748 -0.00167288 -0.194362 0.0169757 0.000190738 0.394255 -0.249951 0.001248
22 -0.00743866 0.00209808 -0.16041 0.642763 -1.19535 -0.649462 -0.201228 -0.734698 -1.25105 0.644503 -0.19894 -0.0185016 0.000572213 0.389296 -0.249748 -0.00167288 -0.194362 0.0169757 0.000190738 0.394255 -0.249951 0.001248
22 -0.00743866 0.00171661 -0.16041 0.638185 -1.19459 -0.649462 -0.201991 -0.731265 -1.25029 0.644503 -0.19894 -0.0185016 0.000572213 0.389296 -0.249748 -0.00167288 -0.194362 0.0169757 0.000190738 0.394255 -0.249951 0.001248
22 -0.00743866 0.00171661 -0.160029 0.634752 -1.19383 -0.649462 -0.202754 -0.728213 -1.24914 0.644503 -0.19894 -0.0185016 0.000572213 0.389296 -0.249748 -0.00167288 -0.194362 0.0169757 0.000190738 0.394255 -0.249951 0.001248
22 -0.00743866 0.00171661 -0.160029 0.630174 -1.19306 -0.649462 -0.203899 -0.724017 -1.24838 0.644503 -0.19894 -0.0185016 0.000572213 0.389296 -0.249748 -0.00167288 -0.194362 0.0169757 0.000190738 0.394255 -0.249951 0.001248
22 -0.00743866 0.00171661 -0.160029 0.625978 -1.19268 -0.649462 -0.20428 -0.721347 -1.24762 0.644503 -0.19894 -0.0185016 0.000572213 0.389296 -0.249748 -0.00167288 -0.194362 0.0169757 0.000190738 0.394255 -0.249951 0.001248
22 -0.00743866 0.00171661 -0.160029 0.622545 -1.1923 -0.649462 -0.204662 -0.717532 -1.24685 0.644503 -0.19894 -0.0185016 0.000572213 0.389296 -0.249748 -0.00167288 -0.194362 0.0169757 0.000190738 0.394255 -0.249951 0.001248
22 -0.00743866 0.00171661 -0.160029 0.617967 -1.19154 -0.649462 -0.205043 -0.71448 -1.24609 0.644503 -0.19894 -0.0185016 0.000572213 0.389296 -0.249748 -0.00167288 -0.194362 0.0169757 0.000190738 0.394255 -0.249951 0.001248
22 -0.00743866 0.00171661 -0.160029 0.613771 -1.19116 -0.649462 -0.205806 -0.710665 -1.24533 0.644503 -0.19894 -0.0185016 0.000572213 0.389296 -0.249748 -0.00167288 -0.194362 0.0169757 0.000190738 0.394255 -0.249951 0.001248
22 -0.00743866 0.00171661 -0.160029 0.609956 -1.19039 -0.649462 -0.206188 -0.708377 -1.24495 0.644503 -0.19894 -0.0185016 0.000572213 0.389296 -0.249748 -0.00167288 -0.194362 0.0169757 0.000190738 0.394255 -0.249951 0.001248
22 -0.00743866 0.00209808 -0.160029 0.60576 -1.19001 -0.649462 -0.20695 -0.70418 -1.24418 0.644503 -0.19894 -0.0185016 0.000572213 0.389296 -0.249748 -0.00167288 -0.194362 0.0169757 0.000190738 0.394255 -0.249951 0.001248
22 -0.00743866 0.00171661 -0.160029 0.601563 -1.18925 -0.649462 -0.207713 -0.70151 -1.24342 0.644503 -0.19894 -0.0185016 0.000572213 0.389296 -0.249748 -0.00167288 -0.194362 0.0169757 0.000190738 0.394255 -0.249951 0.001248
22 -0.00743866 0.00171661 -0.160029 0.597749 -1.18887 -0.649462 -0.208095 -0.697695 -1.24228 0.644503 -0.19894 -0.0185016 0.000572213 0.389296 -0.249748 -0.00167288 -0.194362 0.0169757 0.000190738 0.394255 -0.249951 0.001248
22 -0.00743866 0.00171661 -0.160029 0.593552 -1.18811 -0.649462 -0.209239 -0.694643 -1.24151 0.644503 -0.19894 -0.0185016 0.000572213 0.389296 -0.249748 -0.00167288 -0.194362 0.0169757 0.000190738 0.394255 -0.249951 0.001248
22 -0.00743866 0.00171661 -0.160029 0.589356 -1.18734 -0.649462 -0.210002 -0.69121 -1.24075 0.644503 -0.19894 -0.0185016 0.000572213 0.389296 -0.249748 -0.00167288 -0.194362 0.0169757 0.000190738 0.394255 -0.249951 0.001248
22 -0.00743866 0.00171661 -0.160029 0.585541 -1.18658 -0.649462 -0.210765 -0.687777 -1.2396 0.644503 -0.19894 -0.0185016 0.000572213 0.389296 -0.249748 -0.00167288 -0.194362 0.0169757 0.000190738 0.394255 -0.249951 0.001248
22 -0.00743866 0.00209808 -0.160029 0.580964 -1.1862 -0.649462 -0.211147 -0.684344 -1.23884 0.644503 -0.19894 -0.0185016 0.000572213 0.389296 -0.249748 -0.00167288 -0.194362 0.0169757 0.000190738 0.394255 -0.249951 0.001248
22 -0.00743866 0.00171661 -0.160029 0.576767 -1.18582 -0.649462 -0.21191 -0.681292 -1.23846 0.644503 -0.19894 -0.0185016 0.000572213 0.389296 -0.249748 -0.00167288 -0.194362 0.0169757 0.000190738 0.394255 -0.249951 0.001248
22 -0.00743866 0.00171661 -0.160029 0.572953 -1.18544 -0.649462 -0.212673 -0.677858 -1.2377 0.644503 -0.19894 -0.0185016 0.000572213 0.389296 -0.249748 -0.00167288 -0.194362 0.0169757 0.000190738 0.394255 -0.249951 0.001248
22 -0.00743866 0.00171661 -0.160029 0.568756 -1.18467 -0.649462 -0.213054 -0.674425 -1.23655 0.644503 -0.19894 -0.0185016 0.000572213 0.389296 -0.249748 -0.00167288 -0.194362 0.0169757 0.000190738 0.394255 -0.249951 0.001248
22 -0.00743866 0.00171661 -0.160029 0.56456 -1.18429 -0.649462 -0.213817 -0.671373 -1.23579 0.644503 -0.19894 -0.0185016 0.000572213 0.389296 -0.249748 -0.00167288 -0.194362 0.0169757 0.000190738 0.394255 -0.249951 0.001248
22 -0.00743866 0.00171661 -0.160029 0.560364 -1.18353 -0.649462 -0.21458 -0.66794 -1.23503 0.644503 -0.19894 -0.0185016 0.000572213 0.389296 -0.249748 -0.00167288 -0.194362 0.0169757 0.000190738 0.394255 -0.249951 0.001248
22 -0.00743866 0.00171661 -0.160029 0.556168 -1.18315 -0.649462 -0.215343 -0.664888 -1.23426 0.644503 -0.19894 -0.0185016 0.000572213 0.389296 -0.249748 -0.00167288 -0.194362 0.0169757 0.000190738 0.394255 -0.249951 0.001248
22 -0.00743866 0.00171661 -0.160029 0.551972 -1.18238 -0.649462 -0.216106 -0.661074 -1.23312 0.644503 -0.19894 -0.0185016 0.000572213 0.389296 -0.249748 -0.00167288 -0.194362 0.0169757 0.000190738 0.394255 -0.249951 0.001248
22 -0.00743866 0.00209808 -0.160029 0.548157 -1.18162 -0.649462 -0.216869 -0.658785 -1.23274 0.644503 -0.19894 -0.0185016 0.000572213 0.389296 -0.249748 -0.00167288 -0.194362 0.0169757 0.000190738 0.394255 -0.249951 0.001248
22 -0.00743866 0.00171661 -0.160029 0.543579 -1.18048 -0.649462 -0.217632 -0.654588 -1.23198 0.644503 -0.19894 -0.0185016 0.000572213 0.389296 -0.249748 -0.00167288 -0.194362 0.0169757 0.000190738 0.394255 -0.249951 0.001248
22 -0.00743866 0.00171661 -0.160029 0.539383 -1.18009 -0.649462 -0.218013 -0.651918 -1.23083 0.644503 -0.19894 -0.0185016 0.000572213 0.389296 -0.249748 -0.00167288 -0.194362 0.0169757 0.000190738 0.394255 -0.249951 0.001248
22 -0.00743866 0.00171661 -0.160029 0.535568 -1.17933 -0.649462 -0.218776 -0.648103 -1.23007 0.644503 -0.19894 -0.0185016 0.000572213 0.389296 -0.249748 -0.00167288 -0.194362 0.0169757 0.000190738 0.394255 -0.249951 0.001248
22 -0.00743866 0.00171661 -0.160029 0.531372 -1.17895 -0.649462 -0.219539 -0.645433 -1.2293 0.644503 -0.19894 -0.0185016 0.000572213 0.389296 -0.249748 -0.00167288 -0.194362 0.0169757 0.000190738 0.394255 -0.249951 0.001248
22 -0.00743866 0.00171661 -0.160029 0.526794 -1.17819 -0.649462 -0.219921 -0.641618 -1.22816 0.644503 -0.19894 -0.0185016 0.000572213 0.389296 -0.249748 -0.00167288 -0.194362 0.0169757 0.000190738 0.394255 -0.249951 0.001248
22 -0.00743866 0.00171661 -0.160029 0.522979 -1.17742 -0.649462 -0.220684 -0.638566 -1.2274 0.644503 -0.19894 -0.0185016 0.000572213 0.389296 -0.249748 -0.00167288 -0.194362 0.0169757 0.000190738 0.394255 -0.249951 0.001248
22 -0.00743866 0.00171661 -0.160029 0.518783 -1.17704 -0.649462 -0.221447 -0.635133 -1.22625 0.644503 -0.19894 -0.0185016 0.000572213 0.389296 -0.249748 -0.00167288 -0.194362 0.0169757 0.000190738 0.394255 -0.249951 0.001248
22 -0.00743866 0.00171661 -0.160029 0.514205 -1.17628 -0.649462 -0.222591 -0.632081 -1.22549 0.644503 -0.19894 -0.0185016 0.000572213 0.389296 -0.249748 -0.00167288 -0.194362 0.0169757 0.000190738 0.394255 -0.249951 0.001248
22 -0.00743866 0.00171661 -0.160029 0.510772 -1.17552 -0.649462 -0.223354 -0.628648 -1.22435 0.644503 -0.19894 -0.0185016 0.000572213 0.389296 -0.249748 -0.00167288 -0.194362 0.0169757 0.000190738 0.394255 -0.249951 0.001248
22 -0.00743866 0.00171661 -0.160029 0.506194 -1.17475 -0.649462 -0.223735 -0.625215 -1.22358 0.644503 -0.19894 -0.0185016 0.000572213 0.389296 -0.249748 -0.00167288 -0.194362 0.0169757 0.000190738 0.394255 -0.249951 0.001248
22 -0.00743866 0.00171661 -0.160029 0.501998 -1.17399 -0.649462 -0.224498 -0.622163 -1.22282 0.644503 -0.19894 -0.0185016 0.000572213 0.389296 -0.249748 -0.00167288 -0.194362 0.0169757 0.000190738 0.394255 -0.249951 0.001248
22 -0.00743866 0.00171661 -0.160029 0.498183 -1.17361 -0.649462 -0.225261 -0.61873 -1.22168 0.644503 -0.19894 -0.0185016 0.000572213 0.389296 -0.249748 -0.00167288 -0.194362 0.0169757 0.000190738 0.394255 -0.249951 0.001248
22 -0.00743866 0.00171661 -0.160029 0.493606 -1.17323 -0.649462 -0.225643 -0.615678 -1.22091 0.644503 -0.19894 -0.0185016 0.000572213 0.389296 -0.249748 -0.00167288 -0.194362 0.0169757 0.000190738 0.394255 -0.249951 0.001248
22 -0.00743866 0.00171661 -0.160029 0.48941 -1.17247 -0.649462 -0.226406 -0.611863 -1.22015 0.644503 -0.19894 -0.0185016 0.000572213 0.389296 -0.249748 -0.00167288 -0.194362 0.0169757 0.000190738 0.394255 -0.249951 0.001248
22 -0.00743866 0.00171661 -0.159648 0.485595 -1.1717 -0.649462 -0.227169 -0.609193 -1.21939 0.644503 -0.19894 -0.0185016 0.000572213 0.389296 -0.249748 -0.00167288 -0.194362 0.0169757 0.000190738 0.394255 -0.249951 0.001248
22 -0.00743866 0.00171661 -0.159648 0.481399 -1.17132 -0.649462 -0.227932 -0.605378 -1.21824 0.644503 -0.19894 -0.0185016 0.000572213 0.389296 -0.249748 -0.00167288 -0.194362 0.0169757 0.000190738 0.394255 -0.249951 0.001248
22 -0.00743866 0.00171661 -0.159648 0.476821 -1.17056 -0.649462 -0.228695 -0.602708 -1.2171 0.644503 -0.19894 -0.0185016 0.000572213 0.389296 -0.249748 -0.00167288 -0.194362 0.0169757 0.000190738 0.394255 -0.249951 0.001248
22 -0.00743866 0.00171661 -0.159648 0.473006 -1.16979 -0.649462 -0.229458 -0.598512 -1.21595 0.644503 -0.19894 -0.0185016 0.000572213 0.389296 -0.249748 -0.00167288 -0.194362 0.0169757 0.000190738 0.394255 -0.249951 0.001248
22 -0.00743866 0.00171661 -0.159648 0.46881 -1.16903 -0.649462 -0.229839 -0.595841 -1.21519 0.644503 -0.19894 -0.0185016 0.000572213 0.389296 -0.249748 -0.00167288 -0.194362 0.0169757 0.000190738 0.394255 -0.249951 0.001248
22 -0.00743866 0.00171661 -0.159266 0.464614 -1.16827 -0.649462 -0.23022 -0.592408 -1.21405 0.644503 -0.19894 -0.0185016 0.000572213 0.389296 -0.249748 -0.00167288 -0.194362 0.0169757 0.000190738 0.394255 -0.249951 0.001248
22 -0.00743866 0.00171661 -0.159266 0.460799 -1.16751 -0.649462 -0.230983 -0.589356 -1.21328 0.644503 -0.19894 -0.0185016 0.000572213 0.389296 -0.249748 -0.00167288 -0.194362 0.0169757 0.000190738 0.394255 -0.249951 0.001248
22 -0.00743866 0.00171661 -0.159266 0.456221 -1.16674 -0.649462 -0.231365 -0.585541 -1.21214 0.644503 -0.19894 -0.0185016 0.000572213 0.389296 -0.249748 -0.00167288 -0.194362 0.0169757 0.000190738 0.394255 -0.249951 0.001248
22 -0.00743866 0.00171661 -0.159266 0.452025 -1.16598 -0.649462 -0.232128 -0.582871 -1.21099 0.644503 -0.19894 -0.0185016 0.000572213 0.389296 -0.249748 -0.00167288 -0.194362 0.0169757 0.000190738 0.394255 -0.249951 0.001248
22 -0.00743866 0.00171661 -0.159266 0.44821 -1.16522 -0.649462 -0.232891 -0.579056 -1.20985 0.644503 -0.19894 -0.0185016 0.000572213 0.389296 -0.249748 -0.00167288 -0.194362 0.0169757 0.000190738 0.394255 -0.249951 0.001248
22 -0.00743866 0.00171661 -0.159266 0.443632 -1.16445 -0.649462 -0.233272 -0.576005 -1.20871 0.644503 -0.19894 -0.0185016 0.000572213 0.389296 -0.249748 -0.00167288 -0.194362 0.0169757 0.000190738 0.394255 -0.249951 0.001248
22 -0.00743866 0.00171661 -0.159266 0.439436 -1.16369 -0.649462 -0.234035 -0.572571 -1.20756 0.644503 -0.19894 -0.0185016 0.000572213 0.389296 -0.249748 -0.00167288 -0.194362 0.0169757 0.000190738 0.394255 -0.249951 0.001248
22 -0.00743866 0.00171661 -0.159266 0.435622 -1.16293 -0.649462 -0.234798 -0.569138 -1.2068 0.644503 -0.19894 -0.0185016 0.000572213 0.389296 -0.249748 -0.00167288 -0.194362 0.0169757 0.000190738 0.394255 -0.250153 0.000822788
22 -0.00743866 0.00171661 -0.159266 0.431044 -1.16178 -0.649462 -0.23518 -0.566086 -1.20603 0.644503 -0.19894 -0.0185016 0.000572213 0.389296 -0.249748 -0.00167288 -0.194362 0.0169757 0.000190738 0.394255 -0.249951 0.00124786
22 -0.00743866 0.00171661 -0.159266 0.426466 -1.1614 -0.649462 -0.235943 -0.562271 -1.20489 0.644503 -0.19894 -0.0185016 0.000572213 0.389296 -0.249748 -0.00167288 -0.194362 0.0169757 0.000190738 0.394255 -0.249951 0.001248
22 -0.00743866 0.00171661 -0.159266 0.422651 -1.16064 -0.649462 -0.236324 -0.55922 -1.20375 0.644503 -0.19894 -0.0185016 0.000572213 0.389296 -0.249748 -0.00167288 -0.194362 0.0169757 0.000190738 0.394255 -0.249951 0.001248
22 -0.00743866 0.00171661 -0.159266 0.418455 -1.15988 -0.649462 -0.236706 -0.555405 -1.20222 0.644503 -0.19894 -0.0185016 0.000572213 0.389296 -0.249748 -0.00167288 -0.194362 0.0169757 0.000190738 0.394255 -0.249951 0.001248
22 -0.00743866 0.00171661 -0.159266 0.413877 -1.15949 -0.649462 -0.237469 -0.552734 -1.20146 0.644503 -0.19894 -0.0185016 0.000572213 0.389296 -0.249748 -0.00167288 -0.194362 0.0169757 0.000190738 0.394255 -0.249951 0.001248
22 -0.00743866 0.00171661 -0.159266 0.410063 -1.15873 -0.649462 -0.238231 -0.54892 -1.20031 0.644503 -0.19894 -0.0185016 0.000572213 0.389296 -0.249748 -0.00167288 -0.194362 0.0169757 0.000190738 0.394255 -0.249951 0.001248
22 -0.00743866 0.00171661 -0.158885 0.405485 -1.15797 -0.649462 -0.238613 -0.546249 -1.19917 0.644503 -0.19894 -0.0185016 0.000572213 0.389296 -0.249748 -0.00167288 -0.194362 0.0169757 0.000190738 0.394255 -0.249951 0.001248
22 -0.00743866 0.00171661 -0.158885 0.400907 -1.15682 -0.649462 -0.239376 -0.542435 -1.19802 0.644503 -0.19894 -0.0185016 0.000572213 0.389296 -0.249748 -0.00167288 -0.194362 0.0169757 0.000190738 0.394255 -0.249951 0.001248
22 -0.00743866 0.00171661 -0.158885 0.397092 -1.15606 -0.649462 -0.240139 -0.539383 -1.19688 0.644503 -0.19894 -0.0185016 0.000572213 0.389296 -0.249748 -0.00167288 -0.194362 0.0169757 0.000190738 0.394255 -0.249951 0.001248
22 -0.00743866 0.00171661 -0.158885 0.392515 -1.15492 -0.649462 -0.24052 -0.535568 -1.19574 0.644503 -0.19894 -0.0185016 0.000572213 0.389296 -0.249748 -0.00167288 -0.194362 0.0169757 0.000190738 0.394255 -0.249951 0.001248
22 -0.00743866 0.00171661 -0.158885 0.388318 -1.15454 -0.649462 -0.241283 -0.532516 -1.19497 0.644503 -0.19894 -0.0185016 0.000572213 0.389296 -0.249748 -0.00167288 -0.194362 0.0169757 0.000190738 0.394255 -0.249951 0.001248
22 -0.00743866 0.00171661 -0.158885 0.384122 -1.15377 -0.649462 -0.241665 -0.529083 -1.19383 0.644503 -0.19894 -0.0185016 0.000572213 0.389296 -0.249748 -0.00167288 -0.194362 0.0169757 0.000190738 0.394255 -0.249951 0.001248
22 -0.00743866 0.00171661 -0.158885 0.379926 -1.15301 -0.649462 -0.242046 -0.525268 -1.19268 0.644503 -0.19894 -0.0185016 0.000572213 0.389296 -0.249748 -0.00167288 -0.194362 0.0169757 0.000190738 0.394255 -0.249951 0.001248
22 -0.00743866 0.00171661 -0.158503 0.375348 -1.15225 -0.649462 -0.242428 -0.522216 -1.19154 0.644503 -0.19894 -0.0185016 0.000572213 0.389296 -0.249748 -0.00167288 -0.194362 0.0169757 0.000190738 0.394255 -0.249951 0.001248
22 -0.00743866 0.00171661 -0.158503 0.371152 -1.1511 -0.649462 -0.242428 -0.518402 -1.19039 0.644503 -0.19894 -0.0185016 0.000572213 0.389296 -0.249748 -0.00167288 -0.194362 0.0169757 0.000190738 0.394255 -0.249951 0.001248
22 -0.00743866 0.00171661 -0.158503 0.366956 -1.15034 -0.649462 -0.242809 -0.515731 -1.18925 0.644503 -0.19894 -0.0185016 0.000572213 0.389296 -0.249748 -0.00167288 -0.194362 0.0169757 0.000190738 0.394255 -0.249951 0.001248
22 -0.00743866 0.00171661 -0.158503 0.362378 -1.1492 -0.649462 -0.243572 -0.511535 -1.18811 0.644503 -0.19894 -0.0185016 0.000572213 0.389296 -0.249748 -0.00167288 -0.194362 0.0169757 0.000190738 0.394255 -0.249951 0.001248
22 -0.00743866 0.00171661 -0.158503 0.358182 -1.14843 -0.649462 -0.243954 -0.508865 -1.18696 0.644503 -0.19894 -0.0185016 0.000572213 0.389296 -0.249748 -0.00167288 -0.194362 0.0169757 0.000190738 0.394255 -0.249951 0.001248
22 -0.00743866 0.00171661 -0.158122 0.353604 -1.14767 -0.649462 -0.244335 -0.504669 -1.18582 0.644503 -0.19894 -0.0185016 0.000572213 0.389296 -0.249748 -0.00167288 -0.194362 0.0169757 0.000190738 0.394255 -0.249951 0.001248
22 -0.00743866 0.00209808 -0.158122 0.349027 -1.14691 -0.649462 -0.244717 -0.501998 -1.18467 0.644503 -0.19894 -0.0185016 0.000572213 0.389296 -0.249748 -0.00167288 -0.194362 0.0169757 0.000190738 0.394255 -0.249951 0.001248
22 -0.00743866 0.00171661 -0.158122 0.34483 -1.14614 -0.649462 -0.24548 -0.498183 -1.18353 0.644503 -0.19894 -0.0185016 0.000572213 0.389296 -0.249748 -0.00167288 -0.194362 0.0169757 0.000190738 0.394255 -0.249951 0.001248
22 -0.00743866 0.00171661 -0.158122 0.340253 -1.14538 -0.649462 -0.245861 -0.49475 -1.18276 0.644503 -0.19894 -0.0185016 0.000572213 0.389296 -0.249748 -0.00167288 -0.194362 0.0169757 0.000190738 0.394255 -0.249951 0.001248
22 -0.00743866 0.00171661 -0.158122 0.336438 -1.14424 -0.649462 -0.246624 -0.490935 -1.18162 0.644503 -0.19894 -0.0185016 0.000572213 0.389296 -0.249748 -0.00167288 -0.194362 0.0169757 0.000190738 0.394255 -0.249951 0.001248
22 -0.00743866 0.00171661 -0.158122 0.331479 -1.14347 -0.649462 -0.247005 -0.487121 -1.18048 0.644503 -0.19894 -0.0185016 0.000572213 0.389296 -0.249748 -0.00167288 -0.194362 0.0169757 0.000190738 0.394255 -0.249951 0.001248
22 -0.00743866 0.00171661 -0.15774 0.327282 -1.14233 -0.649462 -0.247387 -0.48445 -1.17933 0.644503 -0.19894 -0.0185016 0.000572213 0.389296 -0.249748 -0.00167288 -0.194362 0.0169757 0.000190738 0.394255 -0.249951 0.001248
22 -0.00743866 0.00171661 -0.15774 0.323086 -1.14157 -0.649462 -0.247768 -0.480254 -1.17781 0.644503 -0.19894 -0.0185016 0.000572213 0.389296 -0.249748 -0.00167288 -0.194362 0.0169757 0.000190738 0.394255 -0.249951 0.001248
22 -0.00743866 0.00171661 -0.15774 0.318509 -1.1408 -0.649462 -0.24815 -0.477584 -1.17666 0.644503 -0.19894 -0.0185016 0.000572213 0.389296 -0.249748 -0.00167288 -0.194362 0.0169757 0.000190738 0.394255 -0.249951 0.001248
22 -0.00743866 0.00171661 -0.15774 0.313931 -1.13966 -0.649462 -0.248531 -0.473388 -1.1759 0.644503 -0.19894 -0.0185016 0.000572213 0.389296 -0.249748 -0.00167288 -0.194362 0.0169757 0.000190738 0.394255 -0.250153 0.000822788
22 -0.00743866 0.00171661 -0.157359 0.309735 -1.1389 -0.649462 -0.248913 -0.470336 -1.17437 0.644503 -0.19894 -0.0185016 0.000572213 0.389296 -0.249748 -0.00167288 -0.194362 0.0169757 0.000190738 0.394255 -0.250153 0.000822928
22 -0.00743866 0.00171661 -0.157359 0.305157 -1.13775 -0.649462 -0.248913 -0.466521 -1.17323 0.644503 -0.19894 -0.0185016 0.000572213 0.389296 -0.249748 -0.00167288 -0.194362 0.0169757 0.000190738 0.394255 -0.249951 0.00124786
22 -0.00743866 0.00171661 -0.157359 0.300579 -1.13699 -0.649462 -0.249294 -0.462706 -1.17208 0.644503 -0.19894 -0.0185016 0.000572213 0.389296 -0.249748 -0.00167288 -0.194362 0.0169757 0.000190738 0.394255 -0.249951 0.001248
22 -0.00743866 0.00171661 -0.156977 0.296001 -1.13584 -0.649462 -0.249676 -0.459654 -1.17094 0.644503 -0.19894 -0.0185016 0.000572213 0.389296 -0.249748 -0.00167288 -0.194362 0.0169757 0.000190738 0.394255 -0.249951 0.001248
22 -0.00743866 0.00171661 -0.156977 0.291805 -1.13508 -0.649462 -0.249676 -0.45584 -1.16979 0.644503 -0.19894 -0.0185016 0.000572213 0.389296 -0.249748 -0.00167288 -0.194362 0.0169757 0.000190738 0.394255 -0.249951 0.001248
22 -0.00743866 0.00171661 -0.156596 0.287228 -1.13432 -0.649462 -0.250057 -0.452788 -1.16865 0.644503 -0.19894 -0.0185016 0.000572213 0.389296 -0.249748 -0.00167288 -0.194362 0.0169757 0.000190738 0.394255 -0.249951 0.001248
22 -0.00743866 0.00171661 -0.156596 0.28265 -1.13317 -0.649462 -0.250439 -0.448592 -1.16751 0.644121 -0.19894 -0.0185016 0.000572213 0.389296 -0.249748 -0.00167288 -0.194362 0.0169757 0.000190738 0.394255 -0.249951 0.001248
22 -0.00782013 0.00209808 -0.156596 0.278072 -1.13241 -0.649462 -0.25082 -0.44554 -1.16598 0.644121 -0.19894 -0.0185016 0.000572213 0.389296 -0.249748 -0.00167288 -0.194362 0.0169757 0.000190738 0.394255 -0.249951 0.001248
22 -0.00743866 0.00171661 -0.156214 0.273876 -1.13127 -0.649462 -0.251202 -0.441344 -1.16484 0.644121 -0.19894 -0.0185016 0.000572213 0.389296 -0.249748 -0.00167288 -0.194362 0.0169757 0.000190738 0.394255 -0.249951 0.001248
22 -0.00743866 0.00171661 -0.156214 0.268917 -1.13012 -0.649462 -0.251583 -0.437529 -1.16369 0.644121 -0.19894 -0.0185016 0.000572213 0.389296 -0.249748 -0.00167288 -0.194362 0.0169757 0.000190738 0.394255 -0.250153 0.000822788
22 -0.00743866 0.00171661 -0.156214 0.264339 -1.12936 -0.649462 -0.251965 -0.434477 -1.16255 0.644121 -0.19894 -0.0185016 0.000572213 0.389296 -0.249748 -0.00167288 -0.194362 0.0169757 0.000190738 0.394255 -0.249951 0.00124786
22 -0.00743866 0.00171661 -0.155833 0.260143 -1.12821 -0.649462 -0.252346 -0.430281 -1.16102 0.644121 -0.19894 -0.0185016 0.000572213 0.389296 -0.249748 -0.00167288 -0.194362 0.0169757 0.000190738 0.394255 -0.249951 0.001248
22 -0.00743866 0.00171661 -0.155833 0.255565 -1.12745 -0.649462 -0.252728 -0.427229 -1.15988 0.644121 -0.19894 -0.0185016 0.000572213 0.389296 -0.249748 -0.00167288 -0.194362 0.0169757 0.000190738 0.394255 -0.249951 0.001248
22 -0.00743866 0.00171661 -0.155451 0.250606 -1.12631 -0.649462 -0.253109 -0.423033 -1.15873 0.644121 -0.19894 -0.0185016 0.000572213 0.389296 -0.249748 -0.00167288 -0.194362 0.0169757 0.000190738 0.394255 -0.249951 0.001248
22 -0.00743866 0.00171661 -0.155451 0.246028 -1.12516 -0.649462 -0.253491 -0.419599 -1.15759 0.644121 -0.19894 -0.0185016 0.000572213 0.389296 -0.249748 -0.00167288 -0.194362 0.0169757 0.000190738 0.394255 -0.249951 0.001248
22 -0.00743866 0.00171661 -0.155451 0.241832 -1.12402 -0.649462 -0.253872 -0.416166 -1.15644 0.644121 -0.19894 -0.0185016 0.000572213 0.389296 -0.249748 -0.00167288 -0.194362 0.0169757 0.000190738 0.394255 -0.249951 0.001248
22 -0.00743866 0.00171661 -0.15507 0.237254 -1.12325 -0.649462 -0.254253 -0.41197 -1.15492 0.644121 -0.19894 -0.0185016 0.000572213 0.389296 -0.249748 -0.00167288 -0.194362 0.0169757 0.000190738 0.394255 -0.249951 0.001248
22 -0.00743866 0.00171661 -0.15507 0.232295 -1.12249 -0.649462 -0.254253 -0.408918 -1.15377 0.644121 -0.19894 -0.0185016 0.000572213 0.389296 -0.249748 -0.00167288 -0.194362 0.0169757 0.000190738 0.394255 -0.249951 0.001248
22 -0.00743866 0.00171661 -0.154688 0.227717 -1.12135 -0.649462 -0.254635 -0.404722 -1.15225 0.644121 -0.19894 -0.0185016 0.000572213 0.389296 -0.249748 -0.00167288 -0.194362 0.0169757 0.000190738 0.394255 -0.249951 0.001248
22 -0.00743866 0.00171661 -0.154688 0.223521 -1.1202 -0.649462 -0.254635 -0.400907 -1.1511 0.644121 -0.19894 -0.0185016 0.000572213 0.389296 -0.249748 -0.00167288 -0.194362 0.0169757 0.000190738 0.394255 -0.249951 0.001248
22 -0.00743866 0.00171661 -0.154307 0.218943 -1.11906 -0.649462 -0.254635 -0.397474 -1.14996 0.644121 -0.19894 -0.0185016 0.000572213 0.389296 -0.249748 -0.00167288 -0.194362 0.0169757 0.000190738 0.394255 -0.249951 0.001248
22 -0.00743866 0.00171661 -0.154307 0.214366 -1.11791 -0.649462 -0.255016 -0.393659 -1.14881 0.644121 -0.19894 -0.0185016 0.000572213 0.389296 -0.249748 -0.00167288 -0.194362 0.0169757 0.000190738 0.394255 -0.250153 0.000822788
22 -0.00743866 0.00171661 -0.153925 0.209788 -1.11715 -0.649462 -0.255016 -0.390226 -1.14767 0.644121 -0.19894 -0.0185016 0.000572213 0.389296 -0.249748 -0.00167288 -0.194362 0.0169757 0.000190738 0.394255 -0.250153 0.000822928
22 -0.00743866 0.00171661 -0.153544 0.20521 -1.11601 -0.649462 -0.255016 -0.38603 -1.14614 0.644121 -0.19894 -0.0185016 0.000572213 0.389296 -0.249748 -0.00167288 -0.194362 0.0169757 0.000190738 0.394255 -0.250153 0.000822928
22 -0.00743866 0.00171661 -0.153544 0.200633 -1.11486 -0.649462 -0.255398 -0.382596 -1.145 0.644121 -0.19894 -0.0185016 0.000572213 0.389296 -0.249748 -0.00167288 -0.194362 0.0169757 0.000190738 0.394255 -0.250153 0.000822928
22 -0.00743866 0.00171661 -0.153162 0.196055 -1.1141 -0.649462 -0.255398 -0.378782 -1.14385 0.644121 -0.19894 -0.0185016 0.000572213 0.389296 -0.249748 -0.00167288 -0.194362 0.0169757 0.000190738 0.394255 -0.250153 0.000822928
22 -0.00743866 0.00171661 -0.152781 0.191477 -1.11257 -0.649462 -0.255398 -0.374585 -1.14271 0.644121 -0.19894 -0.0185016 0.000572213 0.389296 -0.249748 -0.00167288 -0.194362 0.0169757 0.000190738 0.394255 -0.250153 0.000822928
22 -0.00743866 0.00171661 -0.152399 0.186899 -1.11143 -0.649462 -0.255398 -0.371534 -1.14157 0.644121 -0.19894 -0.0185016 0.000572213 0.389296 -0.249748 -0.00167288 -0.194362 0.0169757 0.000190738 0.394255 -0.250153 0.000822928
22 -0.00743866 0.00171661 -0.152018 0.182322 -1.11067 -0.649462 -0.255398 -0.367337 -1.14004 0.644121 -0.19894 -0.0185016 0.000572213 0.389296 -0.249748 -0.00167288 -0.194362 0.0169757 0.000190738 0.394255 -0.249951 0.00124786
22 -0.00743866 0.00171661 -0.151637 0.177363 -1.10952 -0.649462 -0.255779 -0.363523 -1.1389 0.644121 -0.19894 -0.0185016 0.000572213 0.389296 -0.249748 -0.00167288 -0.194362 0.0169757 0.000190738 0.394255 -0.249951 0.001248
22 -0.00743866 0.00171661 -0.151637 0.173166 -1.10838 -0.649462 -0.255779 -0.360089 -1.13737 0.644121 -0.19894 -0.0185016 0.000572213 0.389296 -0.249748 -0.00167288 -0.194362 0.0169757 0.000190738 0.394255 -0.249951 0.001248
22 -0.00743866 0.00171661 -0.151255 0.168589 -1.10723 -0.649462 -0.255779 -0.355893 -1.13622 0.644121 -0.19894 -0.0185016 0.000572213 0.389296 -0.249748 -0.00167288 -0.194362 0.0169757 0.000190738 0.394255 -0.249951 0.001248
22 -0.00743866 0.00171661 -0.150874 0.164011 -1.10571 -0.649462 -0.255779 -0.35246 -1.1347 0.644121 -0.19894 -0.0185016 0.000572213 0.389296 -0.249748 -0.00167288 -0.194362 0.0169757 0.000190738 0.394255 -0.249951 0.001248
22 -0.00743866 0.00171661 -0.150492 0.159052 -1.10456 -0.649462 -0.255779 -0.348264 -1.13355 0.644121 -0.19894 -0.0185016 0.000572213 0.389296 -0.249748 -0.00167288 -0.194362 0.0169757 0.000190738 0.394255 -0.249951 0.001248
22 -0.00743866 0.00171661 -0.149729 0.154855 -1.1038 -0.649462 -0.255779 -0.344067 -1.13241 0.644121 -0.19894 -0.0185016 0.000572213 0.389296 -0.249748 -0.00167288 -0.194362 0.0169757 0.000190738 0.394255 -0.249951 0.001248
22 -0.00743866 0.00171661 -0.149348 0.149896 -1.10266 -0.649462 -0.255779 -0.341016 -1.13127 0.644121 -0.19894 -0.0185016 0.000572213 0.389296 -0.249748 -0.00167288 -0.194362 0.0169757 0.000190738 0.394255 -0.249786 0.000848829
22 -0.00743866 0.00171661 -0.148966 0.145319 -1.10151 -0.649462 -0.255779 -0.336438 -1.12974 0.644121 -0.19894 -0.0185016 0.000572213 0.389296 -0.249748 -0.00167288 -0.194362 0.0169757 0.000190738 0.394255 -0.249951 0.00124844
22 -0.00743866 0.00171661 -0.148585 0.140359 -1.09998 -0.649462 -0.255779 -0.333005 -1.12821 0.644121 -0.19894 -0.0185016 0.000572213 0.389296 -0.249748 -0.00167288 -0.194362 0.0169757 0.000190738 0.394255 -0.249951 0.001248
22 -0.00743866 0.00171661 -0.148203 0.136163 -1.09884 -0.649462 -0.255779 -0.328808 -1.12707 0.644121 -0.19894 -0.0185016 0.000572213 0.389296 -0.249748 -0.00167288 -0.194362 0.0169757 0.000190738 0.394255 -0.249951 0.001248
22 -0.00743866 0.00171661 -0.147822 0.131585 -1.0977 -0.649462 -0.255779 -0.324612 -1.12593 0.644121 -0.19894 -0.0185016 0.000572213 0.389296 -0.249748 -0.00167288 -0.194362 0.0169757 0.000190738 0.394255 -0.249951 0.001248
22 -0.00743866 0.00171661 -0.14744 0.126626 -1.09655 -0.649462 -0.255779 -0.32156 -1.1244 0.644121 -0.19894 -0.0185016 0.000572213 0.389296 -0.249748 -0.00167288 -0.194362 0.0169757 0.000190738 0.394255 -0.249951 0.001248
22 -0.00743866 0.00171661 -0.146677 0.122049 -1.09541 -0.649462 -0.255779 -0.316983 -1.12325 0.644121 -0.19894 -0.0185016 0.000572213 0.389296 -0.249748 -0.00167288 -0.194362 0.0169757 0.000190738 0.394255 -0.249951 0.001248
22 -0.00743866 0.00171661 -0.146296 0.117471 -1.09388 -0.649462 -0.255779 -0.312786 -1.12173 0.644121 -0.19894 -0.0185016 0.000572213 0.389296 -0.249748 -0.00167288 -0.194362 0.0169757 0.000190738 0.394255 -0.249951 0.001248
22 -0.00743866 0.00171661 -0.145533 0.112893 -1.09274 -0.649462 -0.255779 -0.309353 -1.12058 0.644121 -0.19894 -0.0185016 0.000572213 0.389296 -0.249748 -0.00167288 -0.194362 0.0169757 0.000190738 0.394255 -0.249951 0.001248
22 -0.00743866 0.00171661 -0.145151 0.107934 -1.09159 -0.649462 -0.255779 -0.305157 -1.11944 0.644121 -0.19894 -0.0185016 0.000572213 0.389296 -0.249748 -0.00167288 -0.194362 0.0169757 0.000190738 0.394255 -0.249951 0.001248
22 -0.00743866 0.00171661 -0.14477 0.103356 -1.09007 -0.649462 -0.255779 -0.300961 -1.11791 0.644121 -0.19894 -0.0185016 0.000572213 0.389296 -0.249748 -0.00167288 -0.194362 0.0169757 0.000190738 0.394255 -0.249951 0.001248
22 -0.00743866 0.00171661 -0.144388 0.0987785 -1.08892 -0.649462 -0.255779 -0.297527 -1.11677 0.644121 -0.19894 -0.0185016 0.000572213 0.389296 -0.249748 -0.00167288 -0.194362 0.0169757 0.000190738 0.394255 -0.249951 0.001248
22 -0.00743866 0.00171661 -0.144007 0.0942008 -1.0874 -0.649462 -0.255779 -0.29295 -1.11524 0.644121 -0.19894 -0.0185016 0.000572213 0.389296 -0.249748 -0.00167288 -0.194362 0.0169757 0.000190738 0.394255 -0.249951 0.001248
22 -0.00743866 0.00171661 -0.143244 0.0892417 -1.08625 -0.649462 -0.255779 -0.289135 -1.1141 0.644121 -0.19894 -0.0185016 0.000572213 0.389296 -0.249748 -0.00167288 -0.194362 0.0169757 0.000190738 0.394255 -0.249951 0.001248
22 -0.00743866 0.00171661 -0.142863 0.084664 -1.08473 -0.649462 -0.255779 -0.28532 -1.11295 0.644121 -0.19894 -0.0185016 0.000572213 0.389296 -0.249748 -0.00167288 -0.194362 0.0169757 0.000190738 0.394255 -0.249951 0.001248
22 -0.00743866 0.00171661 -0.1421 0.0804678 -1.08358 -0.649462 -0.255779 -0.281124 -1.11143 0.644121 -0.19894 -0.0185016 0.000572213 0.389296 -0.249748 -0.00167288 -0.194362 0.0169757 0.000190738 0.394255 -0.249951 0.001248
22 -0.00743866 0.00171661 -0.141718 0.0755085 -1.08244 -0.649462 -0.255779 -0.277691 -1.11028 0.644121 -0.19894 -0.0185016 0.000572213 0.389296 -0.249748 -0.00167288 -0.194362 0.0169757 0.000190738 0.394255 -0.250153 0.000822788
22 -0.00743866 0.00171661 -0.140955 0.0705494 -1.08091 -0.649462 -0.255779 -0.273113 -1.10876 0.644121 -0.19894 -0.0185016 0.000572213 0.389296 -0.249748 -0.00167288 -0.194362 0.0169757 0.000190738 0.394255 -0.250153 0.000822928
22 -0.00743866 0.00171661 -0.140574 0.0659717 -1.07977 -0.649462 -0.255779 -0.269298 -1.10761 0.644121 -0.19894 -0.0185016 0.000572213 0.389296 -0.249748 -0.00167288 -0.194362 0.0169757 0.000190738 0.394255 -0.250153 0.000822928
22 -0.00743866 0.00171661 -0.139811 0.0617754 -1.07824 -0.649462 -0.255779 -0.265483 -1.10647 0.644121 -0.19894 -0.0185016 0.000572213 0.389296 -0.249748 -0.00167288 -0.194362 0.0169757 0.000190738 0.394255 -0.250153 0.000822928
22 -0.00743866 0.00171661 -0.139429 0.0568163 -1.0771 -0.649462 -0.255779 -0.261287 -1.10494 0.644121 -0.19894 -0.0185016 0.000572213 0.389296 -0.249748 -0.00167288 -0.194362 0.0169757 0.000190738 0.394255 -0.250153 0.000822928
22 -0.00743866 0.00171661 -0.139048 0.0522385 -1.07557 -0.649462 -0.255779 -0.257091 -1.1038 0.644121 -0.19894 -0.0185016 0.000572213 0.389296 -0.249748 -0.00167288 -0.194362 0.0169757 0.000190738 0.394255 -0.250153 0.000822928
22 -0.00743866 0.00171661 -0.138666 0.0476608 -1.07404 -0.649462 -0.255779 -0.253658 -1.10227 0.644121 -0.19894 -0.0185016 0.000572213 0.389296 -0.249748 -0.00167288 -0.194362 0.0169757 0.000190738 0.394255 -0.250153 0.000822928
22 -0.00743866 0.00171661 -0.137903 0.0430831 -1.0729 -0.649462 -0.255398 -0.24908 -1.10151 0.644121 -0.19894 -0.0185016 0.000572213 0.389296 -0.249748 -0.00167288 -0.194362 0.0169757 0.000190738 0.394255 -0.249951 0.00124786
22 -0.00743866 0.00171661 -0.13714 0.038124 -1.07137 -0.649462 -0.255398 -0.245265 -1.10037 0.644121 -0.19894 -0.0185016 0.000572213 0.389296 -0.249748 -0.00167288 -0.194362 0.0169757 0.000190738 0.394255 -0.249951 0.001248
22 -0.00743866 0.00171661 -0.136759 0.0335463 -1.07023 -0.649462 -0.255398 -0.241069 -1.09884 0.644121 -0.19894 -0.0185016 0.000572213 0.389296 -0.249748 -0.00167288 -0.194362 0.0169757 0.000190738 0.394255 -0.249951 0.001248
22 -0.00743866 0.00171661 -0.135996 0.0289685 -1.06832 -0.649462 -0.255398 -0.236873 -1.0977 0.644121 -0.19894 -0.0185016 0.000572213 0.389296 -0.249748 -0.00167288 -0.194362 0.0169757 0.000190738 0.394255 -0.249951 0.001248
22 -0.00743866 0.00171661 -0.135615 0.0243908 -1.06718 -0.649462 -0.255398 -0.233058 -1.09655 0.644121 -0.19894 -0.0185016 0.000572213 0.389296 -0.249748 -0.00167288 -0.194362 0.0169757 0.000190738 0.394255 -0.250153 0.000822788
22 -0.00743866 0.00171661 -0.134852 0.0194317 -1.06603 -0.649462 -0.255398 -0.228862 -1.09541 0.644121 -0.19894 -0.0185016 0.000572213 0.389296 -0.249748 -0.00167288 -0.194362 0.0169757 0.000190738 0.394255 -0.250153 0.000822928
22 -0.00743866 0.00171661 -0.134089 0.014854 -1.06489 -0.649462 -0.255398 -0.224284 -1.09426 0.644121 -0.19894 -0.0185016 0.000572213 0.389296 -0.249748 -0.00167288 -0.194362 0.0169757 0.000190738 0.394255 -0.249951 0.00124786
22 -0.00743866 0.00171661 -0.133326 0.0106577 -1.06298 -0.649462 -0.255398 -0.220851 -1.09274 0.644121 -0.19894 -0.0185016 0.000572213 0.389296 -0.249748 -0.00167288 -0.194362 0.0169757 0.000190738 0.394255 -0.249951 0.001248
22 -0.00743866 0.00171661 -0.132944 0.00569856 -1.06146 -0.649462 -0.255398 -0.216655 -1.09159 0.644121 -0.19894 -0.0185016 0.000572213 0.389296 -0.249748 -0.00167288 -0.194362 0.0169757 0.000190738 0.394255 -0.250153 0.000822788
22 -0.00743866 0.00171661 -0.132181 0.00112081 -1.06031 -0.649462 -0.255398 -0.212077 -1.09045 0.644121 -0.19894 -0.0185016 0.000572213 0.389296 -0.249748 -0.00167288 -0.194362 0.0169757 0.000190738 0.394255 -0.249988 0.000423761
22 -0.00743866 0.00171661 -0.131418 -0.00345689 -1.05917 -0.649462 -0.255398 -0.208262 -1.0893 0.644121 -0.19894 -0.0185016 0.000572213 0.389296 -0.249748 -0.00167288 -0.194362 0.0169757 0.000190738 0.394255 -0.249786 0.000848257
22 -0.00743866 0.00171661 -0.131037 -0.00803459 -1.05764 -0.649462 -0.255398 -0.204066 -1.08816 0.644121 -0.19894 -0.0185016 0.000572213 0.389296 -0.249748 -0.00167288 -0.194362 0.0169757 0.000190738 0.394255 -0.249786 0.000848397
22 -0.00743866 0.00171661 -0.130274 -0.0126123 -1.05612 -0.649462 -0.255016 -0.199488 -1.08663 0.644121 -0.19894 -0.0185016 0.000572213 0.389296 -0.249748 -0.00167288 -0.194362 0.0169757 0.000190738 0.394255 -0.249786 0.000848397
22 -0.00743866 0.00171661 -0.129892 -0.01719 -1.05497 -0.649462 -0.255016 -0.195673 -1.08587 0.644121 -0.19894 -0.0185016 0.000572213 0.389296 -0.249748 -0.00167288 -0.194362 0.0169757 0.000190738 0.394255 -0.249786 0.000848397
22 -0.00743866 0.00171661 -0.129129 -0.0221492 -1.05344 -0.649462 -0.255016 -0.191477 -1.08473 0.644121 -0.19894 -0.0185016 0.000572213 0.389296 -0.249748 -0.00167288 -0.194362 0.0169757 0.000190738 0.394255 -0.249786 0.000848397
22 -0.00743866 0.00171661 -0.128367 -0.0263454 -1.0523 -0.649462 -0.255016 -0.186899 -1.08358 0.644121 -0.19894 -0.0185016 0.000572213 0.389296 -0.249748 -0.00167288 -0.194362 0.0169757 0.000190738 0.394255 -0.249951 0.00124844
22 -0.00743866 0.00171661 -0.127604 -0.0309231 -1.05039 -0.649462 -0.255016 -0.183085 -1.08282 0.644121 -0.19894 -0.0185016 0.000572213 0.389296 -0.249748 -0.00167288 -0.194362 0.0169757 0.000190738 0.394255 -0.249951 0.001248
22 -0.00743866 0.00171661 -0.127222 -0.0355008 -1.04887 -0.649462 -0.254635 -0.178888 -1.08167 0.644121 -0.19894 -0.0185016 0.000572213 0.389296 -0.249748 -0.00167288 -0.194362 0.0169757 0.000190738 0.394255 -0.249951 0.001248
22 -0.00743866 0.00171661 -0.126459 -0.04046 -1.04772 -0.649462 -0.254635 -0.174311 -1.08015 0.644121 -0.19894 -0.0185016 0.000572213 0.389296 -0.249748 -0.00167288 -0.194362 0.0169757 0.000190738 0.394255 -0.249951 0.001248
22 -0.00743866 0.00171661 -0.125696 -0.0450377 -1.04658 -0.649462 -0.254635 -0.170496 -1.079 0.644121 -0.19894 -0.0185016 0.000572213 0.389296 -0.249748 -0.00167288 -0.194362 0.0169757 0.000190738 0.394255 -0.250153 0.000822788
22 -0.00743866 0.00171661 -0.124933 -0.0496154 -1.04505 -0.649462 -0.254635 -0.1663 -1.07786 0.644121 -0.19894 -0.0185016 0.000572213 0.389296 -0.249748 -0.00167288 -0.194362 0.0169757 0.000190738 0.394255 -0.250153 0.000822928
22 -0.00743866 0.00171661 -0.124552 -0.0545746 -1.04314 -0.649462 -0.254253 -0.161722 -1.0771 0.644121 -0.19894 -0.0185016 0.000572213 0.389296 -0.249748 -0.00167288 -0.194362 0.0169757 0.000190738 0.394255 -0.250153 0.000822928
22 -0.00743866 0.00171661 -0.123789 -0.0591523 -1.042 -0.649462 -0.254253 -0.157526 -1.07595 0.644121 -0.19894 -0.0185016 0.000572213 0.389296 -0.249748 -0.00167288 -0.194362 0.0169757 0.000190738 0.394255 -0.250153 0.000822928
22 -0.00743866 0.00171661 -0.123407 -0.0633485 -1.04047 -0.649462 -0.254253 -0.153711 -1.07443 0.644121 -0.19894 -0.0185016 0.000572213 0.389296 -0.249748 -0.00167288 -0.194362 0.0169757 0.000190738 0.394255 -0.250153 0.000822928
22 -0.00743866 0.00171661 -0.122644 -0.0683077 -1.03933 -0.649462 -0.253872 -0.149133 -1.07328 0.644121 -0.19894 -0.0185016 0.000572213 0.389296 -0.249748 -0.00167288 -0.194362 0.0169757 0.000190738 0.394255 -0.249951 0.00124786
22 -0.00743866 0.00171661 -0.121881 -0.0728854 -1.03742 -0.649462 -0.253872 -0.144937 -1.07214 0.644121 -0.19894 -0.0185016 0.000572213 0.389296 -0.249748 -0.00167288 -0.194362 0.0169757 0.000190738 0.394255 -0.249951 0.001248
22 -0.00743866 0.00171661 -0.121118 -0.0778446 -1.03628 -0.649462 -0.253491 -0.141122 -1.07137 0.644121 -0.19894 -0.0185016 0.000572213 0.389296 -0.249748 -0.00167288 -0.194362 0.0169757 0.000190738 0.394255 -0.249951 0.001248
22 -0.00743866 0.00209808 -0.120356 -0.0820408 -1.03475 -0.649462 -0.253491 -0.136545 -1.07023 0.644121 -0.19894 -0.0185016 0.000572213 0.389296 -0.249748 -0.00167288 -0.194362 0.0169757 0.000190738 0.394255 -0.249951 0.001248
22 -0.00743866 0.00171661 -0.119974 -0.087 -1.03361 -0.649462 -0.253491 -0.131967 -1.06947 0.644121 -0.19894 -0.0185016 0.000572213 0.389296 -0.249748 -0.00167288 -0.194362 0.0169757 0.000190738 0.394255 -0.249951 0.001248
22 -0.00743866 0.00171661 -0.119211 -0.0915777 -1.0317 -0.649462 -0.253491 -0.128152 -1.06832 0.644121 -0.19894 -0.0185016 0.000572213 0.389296 -0.249748 -0.00167288 -0.194362 0.0169757 0.000190738 0.394255 -0.249951 0.001248
22 -0.00743866 0.00171661 -0.118448 -0.0965369 -1.03017 -0.649462 -0.253109 -0.123574 -1.06718 0.644121 -0.19894 -0.0185016 0.000572213 0.389296 -0.249748 -0.00167288 -0.194362 0.0169757 0.000190738 0.394255 -0.249951 0.001248
22 -0.00743866 0.00171661 -0.117685 -0.100733 -1.02903 -0.649462 -0.253109 -0.118997 -1.06603 0.644121 -0.19894 -0.0185016 0.000572213 0.389296 -0.249748 -0.00167288 -0.194362 0.0169757 0.000190738 0.394255 -0.249951 0.001248
22 -0.00743866 0.00171661 -0.117304 -0.105692 -1.0275 -0.649462 -0.253109 -0.115564 -1.06489 0.644121 -0.19894 -0.0185016 0.000572213 0.389296 -0.249748 -0.00167288 -0.194362 0.0169757 0.000190738 0.394255 -0.249786 0.000848829
22 -0.00782013 0.00171661 -0.116541 -0.11027 -1.02598 -0.649462 -0.253109 -0.110986 -1.06413 0.644121 -0.19894 -0.0185016 0.000572213 0.389296 -0.249748 -0.00167288 -0.194362 0.0169757 0.000190738 0.394255 -0.249951 0.00124844
22 -0.00743866 0.00171661 -0.115778 -0.114848 -1.02445 -0.649462 -0.253109 -0.106408 -1.06298 0.644121 -0.19894 -0.0185016 0.000572213 0.389296 -0.249748 -0.00167288 -0.194362 0.0169757 0.000190738 0.394255 -0.250153 0.000822788
22 -0.00743866 0.00171661 -0.115015 -0.119425 -1.02331 -0.649462 -0.253109 -0.102593 -1.06184 0.644121 -0.19894 -0.0185016 0.000572213 0.389296 -0.249748 -0.00167288 -0.194362 0.0169757 0.000190738 0.394255 -0.250153 0.000822928
22 -0.00743866 0.00171661 -0.114633 -0.124003 -1.02178 -0.649462 -0.252728 -0.0980156 -1.06107 0.644121 -0.19894 -0.0185016 0.000572213 0.389296 -0.249748 -0.00167288 -0.194362 0.0169757 0.000190738 0.394255 -0.250153 0.000822928
22 -0.00743866 0.00171661 -0.11387 -0.128581 -1.02064 -0.649462 -0.252728 -0.0934379 -1.05993 0.644121 -0.19894 -0.0185016 0.000572213 0.389296 -0.249748 -0.00167288 -0.194362 0.0169757 0.000190738 0.394255 -0.250153 0.000822928
22 -0.00743866 0.00171661 -0.113489 -0.133159 -1.01873 -0.649462 -0.252728 -0.0892417 -1.05879 0.644121 -0.19894 -0.0185016 0.000572213 0.389296 -0.249748 -0.00167288 -0.194362 0.0169757 0.000190738 0.394255 -0.250153 0.000822928
22 -0.00743866 0.00171661 -0.112726 -0.137355 -1.01759 -0.649462 -0.252728 -0.0854269 -1.05802 0.644121 -0.19894 -0.0185016 0.000572213 0.389296 -0.249748 -0.00167288 -0.194362 0.0169757 0.000190738 0.394255 -0.250153 0.000822928
22 -0.00743866 0.00171661 -0.111963 -0.142314 -1.01606 -0.649462 -0.252728 -0.0808492 -1.05726 0.644121 -0.19894 -0.0185016 0.000572213 0.389296 -0.249748 -0.00167288 -0.194362 0.0169757 0.000190738 0.394255 -0.250153 0.000822928
22 -0.00743866 0.00171661 -0.1112 -0.146892 -1.01492 -0.649462 -0.252346 -0.076653 -1.05612 0.644121 -0.19894 -0.0185016 0.000572213 0.389296 -0.249748 -0.00167288 -0.194362 0.0169757 0.000190738 0.394255 -0.250153 0.000822928
22 -0.00743866 0.00171661 -0.110819 -0.151088 -1.01301 -0.649462 -0.252346 -0.0724568 -1.05497 0.644121 -0.19894 -0.0185016 0.000572213 0.389296 -0.249748 -0.00167288 -0.194362 0.0169757 0.000190738 0.394255 -0.250153 0.000822928
22 -0.00743866 0.00171661 -0.110056 -0.156047 -1.01148 -0.649462 -0.252346 -0.067879 -1.05421 0.644121 -0.19894 -0.0185016 0.000572213 0.389296 -0.249748 -0.00167288 -0.194362 0.0169757 0.000190738 0.394255 -0.250153 0.000822928
22 -0.00743866 0.00171661 -0.109293 -0.160243 -1.01034 -0.649462 -0.252346 -0.0633013 -1.05306 0.644121 -0.19894 -0.0185016 0.000572213 0.389296 -0.249748 -0.00167288 -0.194362 0.0169757 0.000190738 0.394255 -0.250153 0.000822928
22 -0.00743866 0.00171661 -0.10853 -0.164821 -1.00919 -0.649462 -0.252346 -0.059868 -1.0523 0.644121 -0.19894 -0.0185016 0.000572213 0.389296 -0.249748 -0.00167288 -0.194362 0.0169757 0.000190738 0.394255 -0.249951 0.00124786
22 -0.00743866 0.00171661 -0.108148 -0.169399 -1.00767 -0.649462 -0.251965 -0.0549089 -1.05154 0.644121 -0.19894 -0.0185016 0.000572213 0.389296 -0.249748 -0.00167288 -0.194362 0.0169757 0.000190738 0.394255 -0.249951 0.001248
22 -0.00743866 0.00171661 -0.107767 -0.173976 -1.00576 -0.649462 -0.251965 -0.0503312 -1.05039 0.644121 -0.19894 -0.0185016 0.000572213 0.389296 -0.249748 -0.00167288 -0.194362 0.0169757 0.000190738 0.394255 -0.249951 0.001248
22 -0.00743866 0.00171661 -0.107385 -0.178554 -1.00462 -0.649462 -0.251965 -0.0468979 -1.04963 0.644121 -0.19894 -0.0185016 0.000572213 0.389296 -0.249748 -0.00167288 -0.194362 0.0169757 0.000190738 0.394255 -0.249951 0.001248
22 -0.00743866 0.00171661 -0.106622 -0.18275 -1.00309 -0.649462 -0.251583 -0.0419387 -1.04887 0.644121 -0.19894 -0.0185016 0.000572213 0.389296 -0.249748 -0.00167288 -0.194362 0.0169757 0.000190738 0.394255 -0.249951 0.001248
22 -0.00743866 0.00171661 -0.105859 -0.187328 -1.00195 -0.649462 -0.251583 -0.037361 -1.0481 0.644121 -0.19894 -0.0185016 0.000572213 0.389296 -0.249748 -0.00167288 -0.194362 0.0169757 0.000190738 0.394255 -0.250153 0.000822788
22 -0.00743866 0.00171661 -0.105478 -0.191906 -1.00042 -0.649462 -0.251583 -0.0331648 -1.04696 0.644121 -0.19894 -0.0185016 0.000572213 0.389296 -0.249748 -0.00167288 -0.194362 0.0169757 0.000190738 0.394255 -0.250153 0.000822928
22 -0.00743866 0.00171661 -0.104715 -0.196484 -0.998894 -0.649462 -0.251583 -0.02935 -1.0462 0.644121 -0.19894 -0.0185016 0.000572213 0.389296 -0.249748 -0.00167288 -0.194362 0.0169757 0.000190738 0.394255 -0.250153 0.000822928
22 -0.00743866 0.00171661 -0.104334 -0.200298 -0.997749 -0.649462 -0.251202 -0.0243908 -1.04543 0.644121 -0.19894 -0.0185016 0.000572213 0.389296 -0.249748 -0.00167288 -0.194362 0.0169757 0.000190738 0.394255 -0.250153 0.000822928
22 -0.00743866 0.00171661 -0.103571 -0.205257 -0.996223 -0.649462 -0.251202 -0.0198131 -1.04429 0.644121 -0.19894 -0.0185016 0.000572213 0.389296 -0.249748 -0.00167288 -0.194362 0.0169757 0.000190738 0.394255 -0.249988 0.000423761
22 -0.00743866 0.00171661 -0.103189 -0.209835 -0.994698 -0.649462 -0.251202 -0.0159984 -1.04353 0.644121 -0.19894 -0.0185016 0.000572213 0.389296 -0.249748 -0.00167288 -0.194362 0.0169757 0.000190738 0.394255 -0.249988 0.000423329
22 -0.00743866 0.00171661 -0.102426 -0.214031 -0.993172 -0.649844 -0.25082 -0.0114207 -1.04238 0.644121 -0.19894 -0.0185016 0.000572213 0.389296 -0.249748 -0.00167288 -0.194362 0.0169757 0.000190738 0.394255 -0.249988 0.000423329
22 -0.00743866 0.00171661 -0.102045 -0.218228 -0.992027 -0.649844 -0.25082 -0.00684297 -1.04162 0.644121 -0.19894 -0.0185016 0.000572213 0.389296 -0.249748 -0.00167288 -0.194362 0.0169757 0.000190738 0.394255 -0.249786 0.000848257
22 -0.00743866 0.00171661 -0.101282 -0.222805 -0.990501 -0.649844 -0.25082 -0.00302821 -1.04047 0.644121 -0.19894 -0.0185016 0.000572213 0.389296 -0.249748 -0.00167288 -0.194362 0.0169757 0.000190738 0.394255 -0.249786 0.000848397
22 -0.00743866 0.00171661 -0.1009 -0.227383 -0.988975 -0.649844 -0.250439 0.00154948 -1.03971 0.644121 -0.19894 -0.0185016 0.000572213 0.389296 -0.249748 -0.00167288 -0.194362 0.0169757 0.000190738 0.394255 -0.249951 0.00124844
22 -0.00743866 0.00171661 -0.100137 -0.231579 -0.987449 -0.649844 -0.250439 0.00612724 -1.03895 0.644121 -0.19894 -0.0185016 0.000572213 0.389296 -0.249748 -0.00167288 -0.194362 0.0169757 0.000190738 0.394255 -0.249951 0.001248
22 -0.00743866 0.00171661 -0.0993744 -0.236157 -0.985924 -0.649844 -0.250057 0.0103235 -1.0378 0.644121 -0.19894 -0.0185016 0.000572213 0.389296 -0.249748 -0.00167288 -0.194362 0.0169757 0.000190738 0.394255 -0.249951 0.001248
22 -0.00743866 0.00171661 -0.0986114 -0.240735 -0.984779 -0.649844 -0.250057 0.0145197 -1.03666 0.644121 -0.19894 -0.0185016 0.000572213 0.389296 -0.249748 -0.00167288 -0.194362 0.0169757 0.000190738 0.394255 -0.249951 0.001248
22 -0.00743866 0.00171661 -0.0978485 -0.244931 -0.983635 -0.649844 -0.249676 0.0190974 -1.0359 0.644121 -0.19894 -0.0185016 0.000572213 0.389296 -0.249748 -0.00167288 -0.194362 0.0169757 0.000190738 0.394255 -0.249951 0.001248
22 -0.00743866 0.00171661 -0.0970855 -0.249127 -0.981727 -0.649844 -0.249294 0.0236751 -1.03513 0.644121 -0.19894 -0.0185016 0.000572213 0.389296 -0.249748 -0.00167288 -0.194362 0.0169757 0.000190738 0.394255 -0.249951 0.001248
22 -0.00743866 0.00171661 -0.0967041 -0.253705 -0.980201 -0.649844 -0.249294 0.0271084 -1.03399 0.644121 -0.19894 -0.0185016 0.000572213 0.389296 -0.249748 -0.00167288 -0.194362 0.0169757 0.000190738 0.394255 -0.249786 0.000848829
22 -0.00743866 0.00171661 -0.0959411 -0.258283 -0.979057 -0.649844 -0.248913 0.0320675 -1.03323 0.644121 -0.19894 -0.0185016 0.000572213 0.389296 -0.249748 -0.00167288 -0.194362 0.0169757 0.000190738 0.394255 -0.249988 0.000423189
22 -0.00743866 0.00171661 -0.0955596 -0.262097 -0.977913 -0.649844 -0.248531 0.0366453 -1.03246 0.644121 -0.19894 -0.0185016 0.000572213 0.389296 -0.249748 -0.00167288 -0.194362 0.0169757 0.000190738 0.394255 -0.249988 0.000423329
22 -0.00743866 0.00171661 -0.0951781 -0.266675 -0.976387 -0.649844 -0.24815 0.0400785 -1.0317 0.644121 -0.19894 -0.0185016 0.000572213 0.389296 -0.249748 -0.00167288 -0.194362 0.0169757 0.000190738 0.394255 -0.249988 0.000423329
22 -0.00743866 0.00171661 -0.0944152 -0.271253 -0.974479 -0.649844 -0.247768 0.0450377 -1.03056 0.644121 -0.19894 -0.0185016 0.000572213 0.389296 -0.249748 -0.00167288 -0.194362 0.0169757 0.000190738 0.394255 -0.249988 0.000423329
22 -0.00743866 0.00171661 -0.0940337 -0.275067 -0.973335 -0.649844 -0.247005 0.0496154 -1.02979 0.644121 -0.19894 -0.0185016 0.000572213 0.389296 -0.249748 -0.00167288 -0.194362 0.0169757 0.000190738 0.394255 -0.249988 0.000423329
22 -0.00743866 0.00171661 -0.0932708 -0.279645 -0.97219 -0.649844 -0.246242 0.0534302 -1.02865 0.644121 -0.19894 -0.0185016 0.000572213 0.389296 -0.249748 -0.00167288 -0.194362 0.0169757 0.000190738 0.394255 -0.249988 0.000423329
22 -0.00743866 0.00171661 -0.0925078 -0.283841 -0.970665 -0.649844 -0.24548 0.0580079 -1.02789 0.644121 -0.19894 -0.0185016 0.000572213 0.389296 -0.249748 -0.00167288 -0.194362 0.0169757 0.000190738 0.394255 -0.249988 0.000423329
22 -0.00743866 0.00171661 -0.0921263 -0.288038 -0.968757 -0.649844 -0.245098 0.0625856 -1.02712 0.644121 -0.19894 -0.0185016 0.000572213 0.389296 -0.249748 -0.00167288 -0.194362 0.0169757 0.000190738 0.394255 -0.250153 0.000823362
22 -0.00743866 0.00171661 -0.0913634 -0.292234 -0.967613 -0.649844 -0.244335 0.0667818 -1.02636 0.644121 -0.19894 -0.0185016 0.000572213 0.389296 -0.249748 -0.00167288 -0.194362 0.0169757 0.000190738 0.394255 -0.249951 0.00124786
22 -0.00743866 0.00171661 -0.0909819 -0.296812 -0.966087 -0.649844 -0.243954 0.0705966 -1.02522 0.644121 -0.19894 -0.0185016 0.000572213 0.389296 -0.249748 -0.00167288 -0.194362 0.0169757 0.000190738 0.394255 -0.249951 0.001248
22 -0.00743866 0.00171661 -0.090219 -0.300626 -0.964942 -0.649844 -0.243191 0.0751743 -1.02445 0.644121 -0.19894 -0.0185016 0.000572213 0.389296 -0.249748 -0.00167288 -0.194362 0.0169757 0.000190738 0.394255 -0.249951 0.001248
22 -0.00743866 0.00171661 -0.0898375 -0.304823 -0.963417 -0.649844 -0.242809 0.079752 -1.02331 0.644121 -0.19894 -0.0185016 0.000572213 0.389296 -0.249748 -0.00167288 -0.194362 0.0169757 0.000190738 0.394255 -0.249951 0.001248
22 -0.00743866 0.00171661 -0.089456 -0.3094 -0.961891 -0.649844 -0.242428 0.0835668 -1.02255 0.644121 -0.19894 -0.0185016 0.000572213 0.389296 -0.249748 -0.00167288 -0.194362 0.0169757 0.000190738 0.394255 -0.249951 0.001248
22 -0.00743866 0.00171661 -0.0886931 -0.313215 -0.960746 -0.649844 -0.242046 0.0881445 -1.02178 0.644121 -0.19894 -0.0185016 0.000572213 0.389296 -0.249748 -0.00167288 -0.194362 0.0169757 0.000190738 0.394255 -0.249951 0.001248
22 -0.00743866 0.00171661 -0.0879301 -0.317411 -0.95922 -0.649844 -0.241283 0.0927221 -1.02102 0.644121 -0.19894 -0.0185016 0.000572213 0.389296 -0.249748 -0.00167288 -0.194362 0.0169757 0.000190738 0.394255 -0.249786 0.000848829
22 -0.00743866 0.00171661 -0.0871672 -0.321607 -0.958076 -0.649844 -0.24052 0.0965369 -1.02026 0.644121 -0.19894 -0.0185016 0.000572213 0.389296 -0.249748 -0.00167288 -0.194362 0.0169757 0.000190738 0.394255 -0.249786 0.000848397
22 -0.00743866 0.00171661 -0.0867857 -0.325422 -0.956168 -0.649844 -0.239376 0.101115 -1.01949 0.644121 -0.19894 -0.0185016 0.000572213 0.389296 -0.249748 -0.00167288 -0.194362 0.0169757 0.000190738 0.394255 -0.249786 0.000848397
22 -0.00743866 0.00171661 -0.0864042 -0.33 -0.955024 -0.649844 -0.238613 0.105692 -1.01835 0.644121 -0.19894 -0.0185016 0.000572213 0.389296 -0.249748 -0.00167288 -0.194362 0.0169757 0.000190738 0.394255 -0.249988 0.000423189
22 -0.00743866 0.00171661 -0.0856413 -0.334196 -0.95388 -0.649844 -0.23785 0.109889 -1.01759 0.644121 -0.19894 -0.0185016 0.000572213 0.389296 -0.249748 -0.00167288 -0.194362 0.0169757 0.000190738 0.394255 -0.249988 0.000423329
22 -0.00743866 0.00171661 -0.0852598 -0.338011 -0.952354 -0.649844 -0.237469 0.114085 -1.01644 0.644121 -0.19894 -0.0185016 0.000572213 0.389296 -0.249748 -0.00167288 -0.194362 0.0169757 0.000190738 0.394255 -0.249988 0.000423329
22 -0.00743866 0.00171661 -0.0844968 -0.342207 -0.950828 -0.649844 -0.236706 0.118663 -1.01568 0.644121 -0.19894 -0.0185016 0.000572213 0.389296 -0.249748 -0.00167288 -0.194362 0.0169757 0.000190738 0.394255 -0.249988 0.000423329
22 -0.00743866 0.00171661 -0.0837339 -0.346403 -0.949302 -0.649844 -0.235943 0.122859 -1.01492 0.644121 -0.19894 -0.0185016 0.000572213 0.389296 -0.249748 -0.00167288 -0.194362 0.0169757 0.000190738 0.394255 -0.249988 0.000423329
22 -0.00743866 0.00171661 -0.0833524 -0.350218 -0.948157 -0.649844 -0.235561 0.126673 -1.01415 0.644121 -0.19894 -0.0185016 0.000572213 0.389296 -0.249748 -0.00167288 -0.194362 0.0169757 0.000190738 0.394255 -0.250153 0.000823362
22 -0.00743866 0.00171661 -0.0829709 -0.354414 -0.946632 -0.649844 -0.234798 0.131251 -1.01339 0.644121 -0.19894 -0.0185016 0.000572213 0.389296 -0.249748 -0.00167288 -0.194362 0.0169757 0.000190738 0.394255 -0.249951 0.00124786
22 -0.00743866 0.00171661 -0.0825895 -0.358611 -0.945106 -0.649844 -0.233654 0.135829 -1.01263 0.644121 -0.19894 -0.0185016 0.000572213 0.389296 -0.249748 -0.00167288 -0.194362 0.0169757 0.000190738 0.394255 -0.249951 0.001248
22 -0.00743866 0.00171661 -0.0818265 -0.362044 -0.94358 -0.649844 -0.232891 0.139262 -1.01186 0.644121 -0.19894 -0.0185016 0.000572213 0.389296 -0.249748 -0.00167288 -0.194362 0.0169757 0.000190738 0.394255 -0.249951 0.001248
22 -0.00743866 0.00171661 -0.081445 -0.366622 -0.942435 -0.649844 -0.232128 0.144221 -1.0111 0.644121 -0.19894 -0.0185016 0.000572213 0.389296 -0.249748 -0.00167288 -0.194362 0.0169757 0.000190738 0.394255 -0.249951 0.001248
22 -0.00743866 0.00171661 -0.0806821 -0.370818 -0.940909 -0.649844 -0.231365 0.148799 -1.01034 0.644121 -0.19894 -0.0185016 0.000572213 0.389296 -0.249748 -0.00167288 -0.194362 0.0169757 0.000190738 0.394255 -0.249951 0.001248
22 -0.00743866 0.00171661 -0.0803006 -0.374251 -0.939384 -0.649844 -0.230602 0.152232 -1.00919 0.644121 -0.19894 -0.0185016 0.000572213 0.389296 -0.249748 -0.00167288 -0.194362 0.0169757 0.000190738 0.394255 -0.249951 0.001248
22 -0.00743866 0.00171661 -0.0795377 -0.378829 -0.937858 -0.649844 -0.229839 0.157192 -1.00843 0.644121 -0.19894 -0.0185016 0.000572213 0.389296 -0.249748 -0.00167288 -0.194362 0.0169757 0.000190738 0.394255 -0.249951 0.001248
22 -0.00743866 0.00171661 -0.0791562 -0.383025 -0.936332 -0.649844 -0.229076 0.161769 -1.00805 0.644121 -0.19894 -0.0185016 0.000572213 0.389296 -0.249748 -0.00167288 -0.194362 0.0169757 0.000190738 0.394255 -0.249786 0.000848829
22 -0.00743866 0.00171661 -0.0787747 -0.386458 -0.935187 -0.649844 -0.228313 0.165203 -1.00729 0.644121 -0.19894 -0.0185016 0.000572213 0.389296 -0.249748 -0.00167288 -0.194362 0.0169757 0.000190738 0.394255 -0.249988 0.000423189
22 -0.00743866 0.00171661 -0.0780118 -0.390655 -0.933661 -0.649844 -0.227169 0.16978 -1.00652 0.644121 -0.19894 -0.0185016 0.000572213 0.389296 -0.249748 -0.00167288 -0.194362 0.0169757 0.000190738 0.394255 -0.249988 0.000423329
22 -0.00743866 0.00171661 -0.0776303 -0.394469 -0.931754 -0.649844 -0.226024 0.174358 -1.00576 0.644121 -0.19894 -0.0185016 0.000572213 0.389296 -0.249748 -0.00167288 -0.194362 0.0169757 0.000190738 0.394255 -0.249988 0.000423329
22 -0.00743866 0.00171661 -0.0772488 -0.398666 -0.930228 -0.649844 -0.225261 0.178173 -1.00538 0.644121 -0.19894 -0.0185016 0.000572213 0.389296 -0.249748 -0.00167288 -0.194362 0.0169757 0.000190738 0.394255 -0.249988 0.000423329
22 -0.00743866 0.00171661 -0.0768673 -0.402862 -0.929084 -0.649844 -0.224498 0.182369 -1.00462 0.644121 -0.19894 -0.0185016 0.000572213 0.389296 -0.249748 -0.00167288 -0.194362 0.0169757 0.000190738 0.394255 -0.249988 0.000423329
22 -0.00743866 0.00171661 -0.0764858 -0.406295 -0.927558 -0.649844 -0.223735 0.186947 -1.00385 0.644121 -0.19894 -0.0185016 0.000572213 0.389296 -0.249748 -0.00167288 -0.194362 0.0169757 0.000190738 0.394255 -0.249988 0.000423329
22 -0.00743866 0.00171661 -0.0757229 -0.410491 -0.92565 -0.649844 -0.223354 0.191143 -1.00309 0.644121 -0.19894 -0.0185016 0.000572213 0.389296 -0.249748 -0.00167288 -0.194362 0.0169757 0.000190738 0.394255 -0.249988 0.000423329
22 -0.00743866 0.00171661 -0.0753414 -0.414688 -0.924125 -0.649844 -0.22221 0.194958 -1.00271 0.644121 -0.19894 -0.0185016 0.000572213 0.389296 -0.249748 -0.00167288 -0.194362 0.0169757 0.000190738 0.394255 -0.249988 0.000423329
22 -0.00743866 0.00171661 -0.0745785 -0.418502 -0.922599 -0.649844 -0.221065 0.199535 -1.00195 0.644121 -0.19894 -0.0185016 0.000572213 0.389296 -0.249748 -0.00167288 -0.194362 0.0169757 0.000190738 0.394255 -0.249786 0.000848257
22 -0.00743866 0.00171661 -0.0738155 -0.422698 -0.921454 -0.649844 -0.220302 0.203732 -1.00156 0.644121 -0.19894 -0.0185016 0.000572213 0.389296 -0.249748 -0.00167288 -0.194362 0.0169757 0.000190738 0.394255 -0.249786 0.000848397
22 -0.00743866 0.00171661 -0.073434 -0.426895 -0.919165 -0.649844 -0.219539 0.207928 -1.0008 0.644121 -0.19894 -0.0185016 0.000572213 0.389296 -0.249748 -0.00167288 -0.194362 0.0169757 0.000190738 0.394255 -0.249786 0.000848397
22 -0.00743866 0.00171661 -0.0730526 -0.430328 -0.917639 -0.649844 -0.218776 0.212124 -1.00042 0.644121 -0.19894 -0.0185016 0.000572213 0.389296 -0.249748 -0.00167288 -0.194362 0.0169757 0.000190738 0.394255 -0.249786 0.000848397
22 -0.00743866 0.00171661 -0.0726711 -0.434524 -0.916114 -0.649844 -0.218013 0.216702 -0.999657 0.644121 -0.19894 -0.0185016 0.000572213 0.389296 -0.249748 -0.00167288 -0.194362 0.0169757 0.000190738 0.394255 -0.249786 0.000848397
22 -0.00743866 0.00171661 -0.0719081 -0.43872 -0.914588 -0.649844 -0.21725 0.220516 -0.998894 0.644121 -0.19894 -0.0185016 0.000572213 0.389296 -0.249748 -0.00167288 -0.194362 0.0169757 0.000190738 0.394255 -0.249786 0.000848397
22 -0.00743866 0.00209808 -0.0711452 -0.442535 -0.91268 -0.649844 -0.216106 0.225094 -0.998512 0.644121 -0.19894 -0.0185016 0.000572213 0.389296 -0.249748 -0.00167288 -0.194362 0.0169757 0.000190738 0.394255 -0.249786 0.000848397
22 -0.00743866 0.00171661 -0.0703822 -0.446731 -0.911154 -0.649844 -0.214961 0.22929 -0.998131 0.644121 -0.19894 -0.0185016 0.000572213 0.389296 -0.249748 -0.00167288 -0.194362 0.0169757 0.000190738 0.394255 -0.249786 0.000848397
22 -0.00743866 0.00209808 -0.0700008 -0.450546 -0.909247 -0.649844 -0.213817 0.233105 -0.997368 0.644121 -0.19894 -0.0185016 0.000572213 0.389296 -0.249748 -0.00167288 -0.194362 0.0169757 0.000190738 0.394255 -0.249988 0.000423189
22 -0.00743866 0.00171661 -0.0692378 -0.454361 -0.907721 -0.649844 -0.213054 0.237683 -0.996986 0.644121 -0.19894 -0.0185016 0.000572213 0.389296 -0.249748 -0.00167288 -0.194362 0.0169757 0.000190738 0.394255 -0.249988 0.000423329
22 -0.00743866 0.00171661 -0.0684749 -0.458557 -0.905814 -0.649844 -0.212291 0.242261 -0.996223 0.644121 -0.19894 -0.0185016 0.000572213 0.389296 -0.249748 -0.00167288 -0.194362 0.0169757 0.000190738 0.394255 -0.249988 0.000423329
22 -0.00743866 0.00171661 -0.0680934 -0.46199 -0.904288 -0.649844 -0.211528 0.245694 -0.995842 0.644121 -0.19894 -0.0185016 0.000572213 0.389296 -0.249748 -0.00167288 -0.194362 0.0169757 0.000190738 0.394255 -0.249988 0.000423329
22 -0.00743866 0.00171661 -0.0673304 -0.466187 -0.90238 -0.649844 -0.210384 0.250272 -0.99546 0.644121 -0.19894 -0.0185016 0.000572213 0.389296 -0.249748 -0.00167288 -0.194362 0.0169757 0.000190738 0.394255 -0.249988 0.000423329
22 -0.00743866 0.00171661 -0.0665675 -0.470383 -0.900473 -0.649844 -0.209621 0.254849 -0.994698 0.644121 -0.19894 -0.0185016 0.000572213 0.389296 -0.249748 -0.00167288 -0.194362 0.0169757 0.000190738 0.394255 -0.249988 0.000423329
22 -0.00743866 0.00171661 -0.0658045 -0.473816 -0.898947 -0.649844 -0.208476 0.258664 -0.994316 0.644121 -0.19894 -0.0185016 0.000572213 0.389296 -0.249748 -0.00167288 -0.194362 0.0169757 0.000190738 0.394255 -0.249786 0.000848257
22 -0.00743866 0.00171661 -0.0650416 -0.478012 -0.89704 -0.649844 -0.207332 0.26286 -0.993553 0.644121 -0.19894 -0.0185016 0.000572213 0.389296 -0.249748 -0.00167288 -0.194362 0.0169757 0.000190738 0.394255 -0.249786 0.000848397
22 -0.00743866 0.00171661 -0.0646601 -0.481827 -0.894751 -0.649844 -0.206569 0.267438 -0.993172 0.644121 -0.19894 -0.0185016 0.000572213 0.389296 -0.249748 -0.00167288 -0.194362 0.0169757 0.000190738 0.394255 -0.249786 0.000848397
22 -0.00743866 0.00171661 -0.0638972 -0.485642 -0.892844 -0.649844 -0.205425 0.271253 -0.992409 0.644121 -0.19894 -0.0185016 0.000572213 0.389296 -0.249748 -0.00167288 -0.194362 0.0169757 0.000190738 0.394255 -0.249786 0.000848397
22 -0.00743866 0.00171661 -0.0631342 -0.489838 -0.891318 -0.649844 -0.204662 0.27583 -0.992027 0.644121 -0.19894 -0.0185016 0.000572213 0.389296 -0.249748 -0.00167288 -0.194362 0.0169757 0.000190738 0.394255 -0.249786 0.000848397
22 -0.00743866 0.00171661 -0.0619898 -0.493271 -0.88941 -0.649844 -0.203899 0.280027 -0.991646 0.644121 -0.19894 -0.0185016 0.000572213 0.389296 -0.249748 -0.00167288 -0.194362 0.0169757 0.000190738 0.394255 -0.249951 0.00124844
22 -0.00743866 0.00171661 -0.0612268 -0.497086 -0.887121 -0.649844 -0.202373 0.283841 -0.990883 0.644121 -0.19894 -0.0185016 0.000572213 0.389296 -0.249748 -0.00167288 -0.194362 0.0169757 0.000190738 0.394255 -0.249988 0.000424031
22 -0.00743866 0.00171661 -0.0608453 -0.500901 -0.885596 -0.649844 -0.201228 0.288038 -0.990501 0.644121 -0.19894 -0.0185016 0.000572213 0.389296 -0.249748 -0.00167288 -0.194362 0.0169757 0.000190738 0.394255 -0.249988 0.000423329
22 -0.00743866 0.00171661 -0.0597009 -0.504716 -0.883688 -0.649844 -0.200084 0.292615 -0.99012 0.644121 -0.19894 -0.0185016 0.000572213 0.389296 -0.249748 -0.00167288 -0.194362 0.0169757 0.000190738 0.394255 -0.249988 0.000423329
22 -0.00743866 0.00171661 -0.058938 -0.508912 -0.881018 -0.649844 -0.19894 0.29643 -0.989738 0.644121 -0.19894 -0.0185016 0.000572213 0.389296 -0.249748 -0.00167288 -0.194362 0.0169757 0.000190738 0.394255 -0.249988 0.000423329
22 -0.00743866 0.00171661 -0.058175 -0.512345 -0.879492 -0.649844 -0.198177 0.300626 -0.989738 0.644121 -0.19894 -0.0185016 0.000572213 0.389296 -0.249748 -0.00167288 -0.194362 0.0169757 0.000190738 0.394255 -0.249988 0.000423329
22 -0.00743866 0.00171661 -0.0577935 -0.51616 -0.877585 -0.649844 -0.197032 0.305204 -0.989357 0.644121 -0.19894 -0.0185016 0.000572213 0.389296 -0.249748 -0.00167288 -0.194362 0.0169757 0.000190738 0.394255 -0.249988 0.000423329
22 -0.00743866 0.00171661 -0.0570306 -0.520356 -0.874914 -0.649844 -0.195506 0.309019 -0.988975 0.644121 -0.19894 -0.0185016 0.000572213 0.389296 -0.249748 -0.00167288 -0.194362 0.0169757 0.000190738 0.394255 -0.249786 0.000848257
22 -0.00743866 0.00171661 -0.0562676 -0.52379 -0.873388 -0.649844 -0.194743 0.313215 -0.988594 0.644121 -0.19894 -0.0185016 0.000572213 0.389296 -0.249748 -0.00167288 -0.194362 0.0169757 0.000190738 0.394255 -0.249786 0.000848397
22 -0.00743866 0.00171661 -0.0555047 -0.527986 -0.871481 -0.649844 -0.193599 0.317793 -0.988212 0.644121 -0.19894 -0.0185016 0.000572213 0.389296 -0.249748 -0.00167288 -0.194362 0.0169757 0.000190738 0.394255 -0.249786 0.000848397
22 -0.00743866 0.00171661 -0.0547417 -0.531419 -0.868811 -0.649844 -0.192454 0.321989 -0.987831 0.644121 -0.19894 -0.0185016 0.000572213 0.389296 -0.249748 -0.00167288 -0.194362 0.0169757 0.000190738 0.394255 -0.249786 0.000848397
22 -0.00743866 0.00171661 -0.0539788 -0.535234 -0.867285 -0.649844 -0.191691 0.325804 -0.987449 0.644121 -0.19894 -0.0185016 0.000572213 0.389296 -0.249748 -0.00167288 -0.194362 0.0169757 0.000190738 0.394255 -0.249786 0.000848397
22 -0.00743866 0.00171661 -0.0528344 -0.53943 -0.864996 -0.649844 -0.190166 0.330381 -0.986687 0.644121 -0.19894 -0.0185016 0.000572213 0.389296 -0.249748 -0.00167288 -0.194362 0.0169757 0.000190738 0.394255 -0.249786 0.000848397
22 -0.00743866 0.00171661 -0.0520714 -0.542482 -0.862707 -0.649844 -0.18864 0.334578 -0.986687 0.644121 -0.19894 -0.0185016 0.000572213 0.389296 -0.249748 -0.00167288 -0.194362 0.0169757 0.000190738 0.394255 -0.249786 0.000848397
22 -0.00743866 0.00171661 -0.0513085 -0.546297 -0.8608 -0.649462 -0.187495 0.338392 -0.986305 0.644121 -0.19894 -0.0185016 0.000572213 0.389296 -0.249748 -0.00167288 -0.194362 0.0169757 0.000190738 0.394255 -0.249786 0.000848397
22 -0.00743866 0.00171661 -0.050164 -0.550111 -0.858892 -0.649462 -0.186351 0.34297 -0.985924 0.644121 -0.19894 -0.0185016 0.000572213 0.389296 -0.249748 -0.00167288 -0.194362 0.0169757 0.000190738 0.394255 -0.249786 0.000848397
22 -0.00743866 0.00171661 -0.0494011 -0.553926 -0.856222 -0.649462 -0.185206 0.347166 -0.985542 0.644121 -0.19894 -0.0185016 0.000572213 0.389296 -0.249748 -0.00167288 -0.194362 0.0169757 0.000190738 0.394255 -0.249786 0.000848397
22 -0.00743866 0.00171661 -0.0486381 -0.558122 -0.854315 -0.649462 -0.18368 0.350981 -0.985161 0.644121 -0.19894 -0.0185016 0.000572213 0.389296 -0.249748 -0.00167288 -0.194362 0.0169757 0.000190738 0.394255 -0.249786 0.000848397
22 -0.00743866 0.00171661 -0.0474937 -0.561174 -0.852407 -0.649462 -0.182155 0.355177 -0.984779 0.644121 -0.19894 -0.0185016 0.000572213 0.389296 -0.249748 -0.00167288 -0.194362 0.0169757 0.000190738 0.394255 -0.249988 0.000423189
22 -0.00743866 0.00209808 -0.0463493 -0.564989 -0.850118 -0.649462 -0.18101 0.359374 -0.984398 0.644121 -0.19894 -0.0185016 0.000572213 0.389296 -0.249748 -0.00167288 -0.194362 0.0169757 0.000190738 0.394255 -0.249988 0.000423329
22 -0.00743866 0.00171661 -0.0455863 -0.568804 -0.848211 -0.649081 -0.179866 0.36357 -0.984016 0.644121 -0.19894 -0.0185016 0.000572213 0.389296 -0.249748 -0.00167288 -0.194362 0.0169757 0.000190738 0.394255 -0.249988 0.000423329
22 -0.00743866 0.00171661 -0.0452049 -0.572618 -0.846304 -0.649081 -0.178721 0.367766 -0.983635 0.644121 -0.19894 -0.0185016 0.000572213 0.389296 -0.249748 -0.00167288 -0.194362 0.0169757 0.000190738 0.394255 -0.249988 0.000423329
22 -0.00743866 0.00171661 -0.0440604 -0.576433 -0.843633 -0.649081 -0.177195 0.371581 -0.983635 0.644121 -0.19894 -0.0185016 0.000572213 0.389296 -0.249748 -0.00167288 -0.194362 0.0169757 0.000190738 0.394255 -0.249786 0.000848257
22 -0.00743866 0.00171661 -0.0432975 -0.579866 -0.842107 -0.649081 -0.176051 0.375777 -0.983253 0.644121 -0.19894 -0.0185016 0.000572213 0.389296 -0.249748 -0.00167288 -0.194362 0.0169757 0.000190738 0.394255 -0.249786 0.000848397
22 -0.00743866 0.00171661 -0.0425345 -0.583681 -0.839818 -0.649081 -0.174525 0.380355 -0.982872 0.644121 -0.19894 -0.0185016 0.000572213 0.389296 -0.249748 -0.00167288 -0.194362 0.0169757 0.000190738 0.394255 -0.249786 0.000848397
22 -0.00743866 0.00171661 -0.0417716 -0.587114 -0.83753 -0.649081 -0.173381 0.384169 -0.98249 0.644121 -0.19894 -0.0185016 0.000572213 0.389296 -0.249748 -0.00167288 -0.194362 0.0169757 0.000190738 0.394255 -0.249951 0.00124844
22 -0.00743866 0.00171661 -0.0410086 -0.590929 -0.835622 -0.649081 -0.172236 0.387984 -0.98249 0.644121 -0.19894 -0.0185016 0.000572213 0.389296 -0.249748 -0.00167288 -0.194362 0.0169757 0.000190738 0.394255 -0.249951 0.001248
22 -0.00743866 0.00171661 -0.0398642 -0.594744 -0.833715 -0.649081 -0.170329 0.392562 -0.982109 0.644121 -0.19894 -0.0185016 0.000572213 0.389296 -0.249748 -0.00167288 -0.194362 0.0169757 0.000190738 0.394255 -0.249951 0.001248
22 -0.00743866 0.00171661 -0.0391012 -0.598177 -0.831044 -0.649081 -0.169184 0.396377 -0.981727 0.644121 -0.19894 -0.0185016 0.000572213 0.389296 -0.249748 -0.00167288 -0.194362 0.0169757 0.000190738 0.394255 -0.249951 0.001248
22 -0.00743866 0.00171661 -0.0383383 -0.601992 -0.829137 -0.649081 -0.16804 0.400573 -0.980964 0.644121 -0.19894 -0.0185016 0.000572213 0.389296 -0.249748 -0.00167288 -0.194362 0.0169757 0.000190738 0.394255 -0.249951 0.001248
22 -0.00743866 0.00171661 -0.0371939 -0.605425 -0.82723 -0.649081 -0.166896 0.404769 -0.980583 0.644121 -0.19894 -0.0185016 0.000572213 0.389296 -0.249748 -0.00167288 -0.194362 0.0169757 0.000190738 0.394255 -0.249988 0.00042403
22 -0.00743866 0.00171661 -0.0364309 -0.60924 -0.824941 -0.648699 -0.16537 0.408202 -0.980201 0.644121 -0.19894 -0.0185016 0.000572213 0.389296 -0.249748 -0.00167288 -0.194362 0.0169757 0.000190738 0.394255 -0.249988 0.000423329
22 -0.00743866 0.00171661 -0.035668 -0.612292 -0.823034 -0.648699 -0.163462 0.412399 -0.97982 0.644121 -0.19894 -0.0185016 0.000572213 0.389296 -0.249748 -0.00167288 -0.194362 0.0169757 0.000190738 0.394255 -0.249988 0.000423329
22 -0.00743866 0.00171661 -0.034905 -0.616107 -0.820745 -0.648699 -0.162318 0.416976 -0.979438 0.644121 -0.19894 -0.0185016 0.000572213 0.389296 -0.249748 -0.00167288 -0.194362 0.0169757 0.000190738 0.394255 -0.249988 0.000423329
22 -0.00743866 0.00171661 -0.0337606 -0.619921 -0.818456 -0.648699 -0.161173 0.42041 -0.979057 0.644121 -0.19894 -0.0185016 0.000572213 0.389296 -0.249748 -0.00167288 -0.194362 0.0169757 0.000190738 0.394255 -0.249988 0.000423329
22 -0.00743866 0.00171661 -0.0329976 -0.623355 -0.816548 -0.648699 -0.159648 0.424606 -0.978676 0.644121 -0.19894 -0.0185016 0.000572213 0.389296 -0.249748 -0.00167288 -0.194362 0.0169757 0.000190738 0.394255 -0.249988 0.000423329
22 -0.00743866 0.00171661 -0.0322347 -0.626788 -0.814641 -0.648699 -0.15774 0.428802 -0.978294 0.644121 -0.19894 -0.0185016 0.000572213 0.389296 -0.249748 -0.00167288 -0.194362 0.0169757 0.000190738 0.394255 -0.249988 0.000423329
22 -0.00743866 0.00171661 -0.0314717 -0.630221 -0.811971 -0.648699 -0.156596 0.432235 -0.977913 0.644121 -0.19894 -0.0185016 0.000572213 0.389296 -0.249748 -0.00167288 -0.194362 0.0169757 0.000190738 0.394255 -0.250153 0.000823362
22 -0.00743866 0.00171661 -0.0303273 -0.634036 -0.810445 -0.648699 -0.155451 0.436813 -0.977913 0.644121 -0.19894 -0.0185016 0.000572213 0.389296 -0.249748 -0.00167288 -0.194362 0.0169757 0.000190738 0.394255 -0.249951 0.00124786
22 -0.00743866 0.00171661 -0.0295644 -0.637088 -0.808156 -0.648318 -0.154307 0.440628 -0.977531 0.644121 -0.19894 -0.0185016 0.000572213 0.389296 -0.249748 -0.00167288 -0.194362 0.0169757 0.000190738 0.394255 -0.249951 0.001248
22 -0.00743866 0.00171661 -0.0288014 -0.640903 -0.805867 -0.648318 -0.152399 0.444443 -0.97715 0.644121 -0.19894 -0.0185016 0.000572213 0.389296 -0.249748 -0.00167288 -0.194362 0.0169757 0.000190738 0.394255 -0.249951 0.001248
22 -0.00743866 0.00171661 -0.0280385 -0.644336 -0.80396 -0.648318 -0.150874 0.44902 -0.97715 0.644121 -0.19894 -0.0185016 0.000572213 0.389296 -0.249748 -0.00167288 -0.194362 0.0169757 0.000190738 0.394255 -0.249951 0.001248
22 -0.00743866 0.00171661 -0.0272755 -0.647769 -0.802052 -0.648318 -0.149348 0.452454 -0.976768 0.644121 -0.19894 -0.0185016 0.000572213 0.389296 -0.249748 -0.00167288 -0.194362 0.0169757 0.000190738 0.394255 -0.249951 0.001248
22 -0.00743866 0.00171661 -0.0265126 -0.651202 -0.799764 -0.648318 -0.148203 0.456268 -0.976768 0.644121 -0.19894 -0.0185016 0.000572213 0.389296 -0.249748 -0.00167288 -0.194362 0.0169757 0.000190738 0.394255 -0.249786 0.000848829
22 -0.00743866 0.00171661 -0.0253681 -0.654636 -0.797856 -0.648318 -0.146296 0.460846 -0.976387 0.644121 -0.19894 -0.0185016 0.000572213 0.389296 -0.249748 -0.00167288 -0.194362 0.0169757 0.000190738 0.394255 -0.249988 0.000423189
22 -0.00743866 0.00171661 -0.0246052 -0.658069 -0.795567 -0.648318 -0.14477 0.463898 -0.976387 0.644121 -0.19894 -0.0185016 0.000572213 0.389296 -0.249748 -0.00167288 -0.194362 0.0169757 0.000190738 0.394255 -0.249988 0.000423329
22 -0.00743866 0.00171661 -0.0238422 -0.661502 -0.793278 -0.648318 -0.143626 0.468476 -0.976005 0.644121 -0.19894 -0.0185016 0.000572213 0.389296 -0.249748 -0.00167288 -0.194362 0.0169757 0.000190738 0.394255 -0.249988 0.000423329
22 -0.00743866 0.00171661 -0.0230793 -0.664935 -0.791371 -0.648318 -0.142481 0.472672 -0.976005 0.644121 -0.19894 -0.0185016 0.000572213 0.389296 -0.249748 -0.00167288 -0.194362 0.0169757 0.000190738 0.394255 -0.249988 0.000423329
22 -0.00743866 0.00171661 -0.0219348 -0.668369 -0.789464 -0.647936 -0.140955 0.475724 -0.975624 0.644121 -0.19894 -0.0185016 0.000572213 0.389296 -0.249748 -0.00167288 -0.194362 0.0169757 0.000190738 0.394255 -0.249988 0.000423329
22 -0.00743866 0.00171661 -0.0211719 -0.671802 -0.787175 -0.647936 -0.139048 0.480301 -0.975624 0.644121 -0.19894 -0.0185016 0.000572213 0.389296 -0.249748 -0.00167288 -0.194362 0.0169757 0.000190738 0.394255 -0.249988 0.000423329
22 -0.00743866 0.00171661 -0.0207904 -0.675235 -0.785267 -0.647936 -0.137522 0.484116 -0.975242 0.644121 -0.19894 -0.0185016 0.000572213 0.389296 -0.249748 -0.00167288 -0.194362 0.0169757 0.000190738 0.394255 -0.249988 0.000423329
22 -0.00743866 0.00171661 -0.0200275 -0.678669 -0.782979 -0.647936 -0.136378 0.487931 -0.974861 0.644121 -0.19894 -0.0185016 0.000572213 0.389296 -0.249748 -0.00167288 -0.194362 0.0169757 0.000190738 0.394255 -0.249988 0.000423329
22 -0.00743866 0.00171661 -0.018883 -0.682102 -0.781071 -0.647936 -0.134852 0.492127 -0.974861 0.644121 -0.19894 -0.0185016 0.000572213 0.389296 -0.249748 -0.00167288 -0.194362 0.0169757 0.000190738 0.394255 -0.249786 0.000848257
22 -0.00743866 0.00171661 -0.0181201 -0.685535 -0.779164 -0.647936 -0.132944 0.49556 -0.974479 0.644121 -0.19894 -0.0185016 0.000572213 0.389296 -0.249748 -0.00167288 -0.194362 0.0169757 0.000190738 0.394255 -0.249786 0.000848397
22 -0.00743866 0.00171661 -0.0173571 -0.688968 -0.776875 -0.647936 -0.1318 0.499757 -0.974479 0.644121 -0.19894 -0.0185016 0.000572213 0.389296 -0.249748 -0.00167288 -0.194362 0.0169757 0.000190738 0.394255 -0.249951 0.00124844
22 -0.00743866 0.00171661 -0.0165942 -0.69202 -0.774586 -0.647936 -0.130655 0.503953 -0.974098 0.644121 -0.19894 -0.0185016 0.000572213 0.389296 -0.249748 -0.00167288 -0.194362 0.0169757 0.000190738 0.394255 -0.249951 0.001248
22 -0.00743866 0.00171661 -0.0158312 -0.695835 -0.772679 -0.647936 -0.129129 0.507386 -0.973716 0.644121 -0.19894 -0.0185016 0.000572213 0.389296 -0.249748 -0.00167288 -0.194362 0.0169757 0.000190738 0.394255 -0.249951 0.001248
22 -0.00743866 0.00171661 -0.0150683 -0.698505 -0.770771 -0.647936 -0.127222 0.511201 -0.973716 0.644121 -0.19894 -0.0185016 0.000572213 0.389296 -0.249748 -0.00167288 -0.194362 0.0169757 0.000190738 0.394255 -0.249786 0.000848829
22 -0.00743866 0.00171661 -0.0143053 -0.70232 -0.768483 -0.647936 -0.125696 0.515016 -0.973335 0.644121 -0.19894 -0.0185016 0.000572213 0.389296 -0.249748 -0.00167288 -0.194362 0.0169757 0.000190738 0.394255 -0.249786 0.000848397
22 -0.00743866 0.00171661 -0.0131609 -0.705372 -0.766575 -0.647936 -0.124552 0.51883 -0.972953 0.644121 -0.19894 -0.0185016 0.000572213 0.389296 -0.249748 -0.00167288 -0.194362 0.0169757 0.000190738 0.394255 -0.249786 0.000848397
22 -0.00743866 0.00171661 -0.012398 -0.708805 -0.764286 -0.647936 -0.123026 0.523027 -0.972953 0.644121 -0.19894 -0.0185016 0.000572213 0.389296 -0.249748 -0.00167288 -0.194362 0.0169757 0.000190738 0.394255 -0.249988 0.000423189
22 -0.00743866 0.00171661 -0.011635 -0.711857 -0.762379 -0.647936 -0.121118 0.526078 -0.972572 0.644121 -0.19894 -0.0185016 0.000572213 0.389296 -0.249748 -0.00167288 -0.194362 0.0169757 0.000190738 0.394255 -0.249988 0.000423329
22 -0.00743866 0.00171661 -0.0108721 -0.71529 -0.760472 -0.647936 -0.119593 0.530275 -0.97219 0.644121 -0.19894 -0.0185016 0.000572213 0.389296 -0.249748 -0.00167288 -0.194362 0.0169757 0.000190738 0.394255 -0.249988 0.000423329
22 -0.00743866 0.00171661 -0.00972763 -0.718724 -0.758183 -0.647936 -0.118448 0.534471 -0.971809 0.644121 -0.19894 -0.0185016 0.000572213 0.389296 -0.249748 -0.00167288 -0.194362 0.0169757 0.000190738 0.394255 -0.249988 0.000423329
22 -0.00743866 0.00171661 -0.00896468 -0.721775 -0.755894 -0.647936 -0.116922 0.537904 -0.971428 0.644121 -0.19894 -0.0185016 0.000572213 0.389296 -0.249748 -0.00167288 -0.194362 0.0169757 0.000190738 0.394255 -0.249988 0.000423329
22 -0.00743866 0.00171661 -0.00820172 -0.725209 -0.753986 -0.647936 -0.115396 0.5421 -0.971046 0.644121 -0.19894 -0.0185016 0.000572213 0.389296 -0.249748 -0.00167288 -0.194362 0.0169757 0.000190738 0.394255 -0.249988 0.000423329
22 -0.00743866 0.00171661 -0.00782025 -0.72826 -0.752079 -0.647936 -0.113489 0.545152 -0.971046 0.644121 -0.19894 -0.0185016 0.000572213 0.389296 -0.249748 -0.00167288 -0.194362 0.0169757 0.000190738 0.394255 -0.249786 0.000848257
22 -0.00743866 0.00171661 -0.00667582 -0.732075 -0.74979 -0.647936 -0.111963 0.549348 -0.970665 0.644121 -0.19894 -0.0185016 0.000572213 0.389296 -0.249748 -0.00167288 -0.194362 0.0169757 0.000190738 0.394255 -0.249786 0.000848397
22 -0.00743866 0.00171661 -0.00591287 -0.734746 -0.747883 -0.647936 -0.110819 0.552782 -0.970283 0.644121 -0.19894 -0.0185016 0.000572213 0.389296 -0.249748 -0.00167288 -0.194362 0.0169757 0.000190738 0.394255 -0.249786 0.000848397
22 -0.00743866 0.00171661 -0.00514992 -0.737797 -0.745975 -0.647936 -0.109293 0.556596 -0.970283 0.644121 -0.19894 -0.0185016 0.000572213 0.389296 -0.249748 -0.00167288 -0.194362 0.0169757 0.000190738 0.394255 -0.249786 0.000848397
22 -0.00743866 0.00171661 -0.00438697 -0.741231 -0.743687 -0.647936 -0.107385 0.560793 -0.969902 0.644121 -0.19894 -0.0185016 0.000572213 0.389296 -0.249748 -0.00167288 -0.194362 0.0169757 0.000190738 0.394255 -0.249786 0.000848397
22 -0.00743866 0.00171661 -0.00362402 -0.744282 -0.741779 -0.647936 -0.106241 0.563844 -0.96952 0.644121 -0.19894 -0.0185016 0.000572213 0.389296 -0.249748 -0.00167288 -0.194362 0.0169757 0.000190738 0.394255 -0.249786 0.000848397
22 -0.00743866 0.00171661 -0.00286107 -0.747334 -0.73949 -0.647936 -0.104715 0.568041 -0.96952 0.644121 -0.19894 -0.0185016 0.000572213 0.389296 -0.249748 -0.00167288 -0.194362 0.0169757 0.000190738 0.394255 -0.249988 0.000423189
22 -0.00743866 0.00171661 -0.00209812 -0.750386 -0.737202 -0.647936 -0.103189 0.571855 -0.969139 0.644121 -0.19894 -0.0185016 0.000572213 0.389296 -0.249748 -0.00167288 -0.194362 0.0169757 0.000190738 0.394255 -0.249786 0.000848257
22 -0.00743866 0.00171661 -0.00133516 -0.753438 -0.735676 -0.647936 -0.101282 0.575289 -0.968757 0.644121 -0.19894 -0.0185016 0.000572213 0.389296 -0.249748 -0.00167288 -0.194362 0.0169757 0.000190738 0.394255 -0.249988 0.000423189
22 -0.00743866 0.00171661 -0.000572213 -0.756871 -0.733768 -0.647936 -0.0997559 0.579103 -0.968757 0.644121 -0.19894 -0.0185016 0.000572213 0.389296 -0.249748 -0.00167288 -0.194362 0.0169757 0.000190738 0.394255 -0.249988 0.000423329
22 -0.00743866 0.00171661 0.000190738 -0.759923 -0.731479 -0.647936 -0.0986114 0.582537 -0.968376 0.644121 -0.19894 -0.0185016 0.000572213 0.389296 -0.249748 -0.00167288 -0.194362 0.0169757 0.000190738 0.394255 -0.249786 0.000848257
22 -0.00743866 0.00171661 0.000953689 -0.762975 -0.729572 -0.647936 -0.0970855 0.586352 -0.967994 0.644121 -0.19894 -0.0185016 0.000572213 0.389296 -0.249748 -0.00167288 -0.194362 0.0169757 0.000190738 0.394255 -0.249786 0.000848397
22 -0.00743866 0.00171661 0.00171664 -0.766026 -0.727665 -0.647936 -0.0951781 0.590166 -0.967994 0.644121 -0.19894 -0.0185016 0.000572213 0.389296 -0.249748 -0.00167288 -0.194362 0.0169757 0.000190738 0.394255 -0.249786 0.000848397
22 -0.00743866 0.00171661 0.00247959 -0.76946 -0.725376 -0.647936 -0.0940337 0.5936 -0.967613 0.644121 -0.19894 -0.0185016 0.000572213 0.389296 -0.249748 -0.00167288 -0.194362 0.0169757 0.000190738 0.394255 -0.249786 0.000848397
22 -0.00743866 0.00171661 0.00324254 -0.772512 -0.723468 -0.647936 -0.0928893 0.597796 -0.967231 0.644121 -0.19894 -0.0185016 0.000572213 0.389296 -0.249748 -0.00167288 -0.194362 0.0169757 0.000190738 0.394255 -0.249988 0.000423189
22 -0.00743866 0.00171661 0.00400549 -0.775182 -0.721561 -0.647936 -0.0913634 0.600848 -0.96685 0.644121 -0.19894 -0.0185016 0.000572213 0.389296 -0.249748 -0.00167288 -0.194362 0.0169757 0.000190738 0.394255 -0.249988 0.000423329
22 -0.00743866 0.00171661 0.00438697 -0.778234 -0.719272 -0.647936 -0.089456 0.605044 -0.966468 0.644121 -0.19894 -0.0185016 0.000572213 0.389296 -0.249748 -0.00167288 -0.194362 0.0169757 0.000190738 0.394255 -0.249786 0.000848257
22 -0.00743866 0.00171661 0.00476844 -0.781286 -0.717365 -0.647936 -0.0879301 0.608477 -0.966087 0.644121 -0.19894 -0.0185016 0.000572213 0.389296 -0.249748 -0.00167288 -0.194362 0.0169757 0.000190738 0.394255 -0.249988 0.000423189
22 -0.00743866 0.00171661 0.0055314 -0.784337 -0.715839 -0.647936 -0.0867857 0.61191 -0.965705 0.644121 -0.19894 -0.0185016 0.000572213 0.389296 -0.249748 -0.00167288 -0.194362 0.0169757 0.000190738 0.394255 -0.249988 0.000423329
22 -0.00743866 0.00171661 0.00667582 -0.787008 -0.713169 -0.647936 -0.0852598 0.615725 -0.964942 0.644121 -0.19894 -0.0185016 0.000572213 0.389296 -0.249748 -0.00167288 -0.194362 0.0169757 0.000190738 0.394255 -0.249988 0.000423329
22 -0.00743866 0.00171661 0.0070573 -0.790441 -0.711643 -0.647936 -0.0837339 0.618777 -0.964561 0.644121 -0.19894 -0.0185016 0.000572213 0.389296 -0.249748 -0.00167288 -0.194362 0.0169757 0.000190738 0.394255 -0.249786 0.000848257
22 -0.00743866 0.00171661 0.00782025 -0.793111 -0.709735 -0.647936 -0.082208 0.622973 -0.964179 0.644121 -0.19894 -0.0185016 0.000572213 0.389296 -0.249748 -0.00167288 -0.194362 0.0169757 0.000190738 0.394255 -0.249786 0.000848397
22 -0.00743866 0.00171661 0.0085832 -0.796163 -0.707446 -0.647936 -0.0806821 0.626025 -0.963798 0.644121 -0.19894 -0.0185016 0.000572213 0.389296 -0.249748 -0.00167288 -0.194362 0.0169757 0.000190738 0.394255 -0.249786 0.000848397
22 -0.00743866 0.00171661 0.00934615 -0.798833 -0.705539 -0.647936 -0.0795377 0.62984 -0.963417 0.644121 -0.19894 -0.0185016 0.000572213 0.389296 -0.249748 -0.00167288 -0.194362 0.0169757 0.000190738 0.394255 -0.249988 0.000423189
22 -0.00743866 0.00171661 0.00972763 -0.802267 -0.703632 -0.647936 -0.0780118 0.633273 -0.963035 0.644121 -0.19894 -0.0185016 0.000572213 0.389296 -0.249748 -0.00167288 -0.194362 0.0169757 0.000190738 0.394255 -0.249786 0.000848257
22 -0.00743866 0.00171661 0.0104906 -0.804937 -0.701343 -0.647936 -0.0761044 0.636706 -0.962654 0.644121 -0.19894 -0.0185016 0.000572213 0.389296 -0.249748 -0.00167288 -0.194362 0.0169757 0.000190738 0.394255 -0.249786 0.000848397
22 -0.00743866 0.00171661 0.0112535 -0.807989 -0.699435 -0.647936 -0.0749599 0.640521 -0.962272 0.644121 -0.19894 -0.0185016 0.000572213 0.389296 -0.249748 -0.00167288 -0.194362 0.0169757 0.000190738 0.394255 -0.249786 0.000848397
22 -0.00743866 0.00171661 0.0120165 -0.810659 -0.697528 -0.647936 -0.0738155 0.643954 -0.961891 0.644121 -0.19894 -0.0185016 0.000572213 0.389296 -0.249748 -0.00167288 -0.194362 0.0169757 0.000190738 0.394255 -0.249786 0.000848397
22 -0.00743866 0.00171661 0.012398 -0.814092 -0.695239 -0.647936 -0.0722896 0.647769 -0.961509 0.644121 -0.19894 -0.0185016 0.000572213 0.389296 -0.249748 -0.00167288 -0.194362 0.0169757 0.000190738 0.394255 -0.249786 0.000848397
22 -0.00743866 0.00171661 0.0131609 -0.816381 -0.693332 -0.647936 -0.0703822 0.650439 -0.961128 0.644121 -0.19894 -0.0185016 0.000572213 0.389296 -0.249748 -0.00167288 -0.194362 0.0169757 0.000190738 0.394255 -0.249786 0.000848397
22 -0.00743866 0.00171661 0.0135424 -0.819815 -0.691424 -0.647936 -0.0692378 0.654636 -0.960365 0.644121 -0.19894 -0.0185016 0.000572213 0.389296 -0.249748 -0.00167288 -0.194362 0.0169757 0.000190738 0.394255 -0.249786 0.000848397
22 -0.00743866 0.00171661 0.0143053 -0.822485 -0.689136 -0.647936 -0.0677119 0.657687 -0.959983 0.644121 -0.19894 -0.0185016 0.000572213 0.389296 -0.249748 -0.00167288 -0.194362 0.0169757 0.000190738 0.394255 -0.249786 0.000848397
22 -0.00743866 0.00171661 0.0146868 -0.824774 -0.687228 -0.647936 -0.0665675 0.661502 -0.959602 0.644121 -0.19894 -0.0185016 0.000572213 0.389296 -0.249748 -0.00167288 -0.194362 0.0169757 0.000190738 0.394255 -0.249786 0.000848397
22 -0.00743866 0.00171661 0.0154498 -0.827826 -0.685321 -0.647936 -0.0646601 0.664935 -0.958839 0.644121 -0.19894 -0.0185016 0.000572213 0.389296 -0.249748 -0.00167288 -0.194362 0.0169757 0.000190738 0.394255 -0.249988 0.000423189
22 -0.00743866 0.00171661 0.0162127 -0.830496 -0.683032 -0.647936 -0.0631342 0.667987 -0.958457 0.644121 -0.19894 -0.0185016 0.000572213 0.389296 -0.249748 -0.00167288 -0.194362 0.0169757 0.000190738 0.394255 -0.249988 0.000423329
22 -0.00743866 0.00171661 0.0165942 -0.833166 -0.680743 -0.647936 -0.0619898 0.672184 -0.958076 0.644121 -0.19894 -0.0185016 0.000572213 0.389296 -0.249748 -0.00167288 -0.194362 0.0169757 0.000190738 0.394255 -0.249988 0.000423329
22 -0.00743866 0.00171661 0.0169757 -0.835837 -0.678836 -0.647936 -0.0608453 0.674854 -0.957313 0.644121 -0.19894 -0.0185016 0.000572213 0.389296 -0.249748 -0.00167288 -0.194362 0.0169757 0.000190738 0.394255 -0.249988 0.000423329
22 -0.00743866 0.00171661 0.0173571 -0.838888 -0.676928 -0.647936 -0.0593194 0.678669 -0.956931 0.644121 -0.19894 -0.0185016 0.000572213 0.389296 -0.249748 -0.00167288 -0.194362 0.0169757 0.000190738 0.394255 -0.249988 0.000423329
22 -0.00743866 0.00171661 0.0177386 -0.841559 -0.67464 -0.647936 -0.0577935 0.68172 -0.956168 0.644121 -0.19894 -0.0185016 0.000572213 0.389296 -0.249748 -0.00167288 -0.194362 0.0169757 0.000190738 0.394255 -0.249786 0.000848257
22 -0.00743866 0.00171661 0.0185016 -0.844229 -0.672732 -0.647936 -0.0562676 0.685535 -0.955406 0.644121 -0.19894 -0.0185016 0.000572213 0.389296 -0.249748 -0.00167288 -0.194362 0.0169757 0.000190738 0.394255 -0.249786 0.000848397
22 -0.00743866 0.00171661 0.018883 -0.846899 -0.670825 -0.647936 -0.0551232 0.688205 -0.955024 0.644121 -0.19894 -0.0185016 0.000572213 0.389296 -0.249748 -0.00167288 -0.194362 0.0169757 0.000190738 0.394255 -0.249786 0.000848397
22 -0.00743866 0.00171661 0.0192645 -0.849188 -0.668536 -0.647936 -0.0535973 0.69202 -0.954261 0.644121 -0.19894 -0.0185016 0.000572213 0.389296 -0.249748 -0.00167288 -0.194362 0.0169757 0.000190738 0.394255 -0.249786 0.000848397
22 -0.00743866 0.00171661 0.019646 -0.85224 -0.666629 -0.647936 -0.0516899 0.695072 -0.953498 0.644121 -0.19894 -0.0185016 0.000572213 0.389296 -0.249748 -0.00167288 -0.194362 0.0169757 0.000190738 0.394255 -0.249786 0.000848397
22 -0.00743866 0.00171661 0.0200275 -0.854529 -0.664721 -0.647936 -0.0505455 0.698505 -0.952735 0.644121 -0.19894 -0.0185016 0.000572213 0.389296 -0.249748 -0.00167288 -0.194362 0.0169757 0.000190738 0.394255 -0.249786 0.000848397
22 -0.00743866 0.00171661 0.0204089 -0.857199 -0.662432 -0.647936 -0.0490196 0.701557 -0.952354 0.644121 -0.19894 -0.0185016 0.000572213 0.389296 -0.249748 -0.00167288 -0.194362 0.0169757 0.000190738 0.394255 -0.249786 0.000848397
22 -0.00743866 0.00171661 0.0211719 -0.859869 -0.660525 -0.647936 -0.0478752 0.70499 -0.951591 0.644121 -0.19894 -0.0185016 0.000572213 0.389296 -0.249748 -0.00167288 -0.194362 0.0169757 0.000190738 0.394255 -0.249786 0.000848397
22 -0.00743866 0.00171661 0.0215534 -0.862158 -0.658618 -0.647936 -0.0459678 0.708424 -0.951209 0.644121 -0.19894 -0.0185016 0.000572213 0.389296 -0.249748 -0.00167288 -0.194362 0.0169757 0.000190738 0.394255 -0.249786 0.000848397
22 -0.00743866 0.00171661 0.0219348 -0.864829 -0.656329 -0.647936 -0.0448234 0.711475 -0.950446 0.644121 -0.19894 -0.0185016 0.000572213 0.389296 -0.249748 -0.00167288 -0.194362 0.0169757 0.000190738 0.394255 -0.249786 0.000848397
22 -0.00743866 0.00209808 0.0223163 -0.867499 -0.654421 -0.647936 -0.043679 0.714909 -0.949683 0.644121 -0.19894 -0.0185016 0.000572213 0.389296 -0.249748 -0.00167288 -0.194362 0.0169757 0.000190738 0.394255 -0.249988 0.000423189
22 -0.00743866 0.00171661 0.0226978 -0.870169 -0.652514 -0.647936 -0.0425345 0.717961 -0.94892 0.644121 -0.19894 -0.0185016 0.000572213 0.389296 -0.249748 -0.00167288 -0.194362 0.0169757 0.000190738 0.394255 -0.249786 0.000848257
22 -0.00743866 0.00171661 0.0230793 -0.872458 -0.650225 -0.647936 -0.0410086 0.721394 -0.948157 0.644121 -0.19894 -0.0185016 0.000572213 0.389296 -0.249748 -0.00167288 -0.194362 0.0169757 0.000190738 0.394255 -0.249786 0.000848397
22 -0.00743866 0.00171661 0.0234607 -0.875129 -0.648699 -0.647936 -0.0391012 0.724446 -0.947395 0.644503 -0.19894 -0.0185016 0.000572213 0.389296 -0.249748 -0.00167288 -0.194362 0.0169757 0.000190738 0.394255 -0.249988 0.000423189
22 -0.00743866 0.00171661 0.0238422 -0.877799 -0.646792 -0.647936 -0.0379568 0.727879 -0.946632 0.644503 -0.19894 -0.0185016 0.000572213 0.389296 -0.249748 -0.00167288 -0.194362 0.0169757 0.000190738 0.394255 -0.249786 0.000848257
22 -0.00743866 0.00171661 0.0242237 -0.879706 -0.644121 -0.647936 -0.0368124 0.730931 -0.945869 0.644503 -0.19894 -0.0185016 0.000572213 0.389296 -0.249748 -0.00167288 -0.194362 0.0169757 0.000190738 0.394255 -0.249988 0.000423189
22 -0.00743866 0.00171661 0.0246052 -0.882758 -0.642596 -0.647936 -0.0352865 0.734364 -0.945106 0.644503 -0.19894 -0.0185016 0.000572213 0.389296 -0.249748 -0.00167288 -0.194362 0.0169757 0.000190738 0.394255 -0.249786 0.000848257
22 -0.00743866 0.00171661 0.0249866 -0.885047 -0.640688 -0.647936 -0.0337606 0.737034 -0.944343 0.644503 -0.19894 -0.0185016 0.000572213 0.389296 -0.249748 -0.00167288 -0.194362 0.0169757 0.000190738 0.394255 -0.249786 0.000848397
22 -0.00743866 0.00171661 0.0253681 -0.887717 -0.638399 -0.647936 -0.0326162 0.740468 -0.94358 0.644503 -0.19894 -0.0185016 0.000572213 0.389296 -0.249748 -0.00167288 -0.194362 0.0169757 0.000190738 0.394255 -0.249786 0.000848397
22 -0.00743866 0.00209808 0.0253681 -0.890006 -0.636492 -0.647936 -0.0314717 0.743138 -0.942435 0.644503 -0.19894 -0.0185016 0.000572213 0.389296 -0.249748 -0.00167288 -0.194362 0.0169757 0.000190738 0.394255 -0.249786 0.000848397
22 -0.00743866 0.00171661 0.0257496 -0.892295 -0.634966 -0.647936 -0.0303273 0.746571 -0.941672 0.644503 -0.19894 -0.0185016 0.000572213 0.389296 -0.249748 -0.00167288 -0.194362 0.0169757 0.000190738 0.394255 -0.249786 0.000848397
22 -0.00743866 0.00171661 0.0261311 -0.894965 -0.632677 -0.647936 -0.0291829 0.749242 -0.940528 0.644503 -0.19894 -0.0185016 0.000572213 0.389296 -0.249748 -0.00167288 -0.194362 0.0169757 0.000190738 0.394255 -0.249786 0.000848397
22 -0.00743866 0.00171661 0.0261311 -0.897254 -0.63077 -0.647936 -0.0272755 0.752675 -0.939765 0.644503 -0.19894 -0.0185016 0.000572213 0.389296 -0.249748 -0.00167288 -0.194362 0.0169757 0.000190738 0.394255 -0.249786 0.000848397
22 -0.00743866 0.00171661 0.0265126 -0.899543 -0.628862 -0.647936 -0.0261311 0.755345 -0.939002 0.644503 -0.19894 -0.0185016 0.000572213 0.389296 -0.249748 -0.00167288 -0.194362 0.0169757 0.000190738 0.394255 -0.249786 0.000848397
22 -0.00743866 0.00171661 0.0265126 -0.902213 -0.626955 -0.647936 -0.0246052 0.758778 -0.938239 0.644503 -0.19894 -0.0185016 0.000572213 0.389296 -0.249748 -0.00167288 -0.194362 0.0169757 0.000190738 0.394255 -0.249786 0.000848397
22 -0.00743866 0.00171661 0.026894 -0.904502 -0.625048 -0.647936 -0.0234607 0.761449 -0.937095 0.644503 -0.19894 -0.0185016 0.000572213 0.389296 -0.249748 -0.00167288 -0.194362 0.0169757 0.000190738 0.394255 -0.249786 0.000848397
22 -0.00743866 0.00171661 0.026894 -0.907172 -0.62314 -0.647936 -0.0223163 0.764501 -0.936332 0.644503 -0.19894 -0.0185016 0.000572213 0.389296 -0.249748 -0.00167288 -0.194362 0.0169757 0.000190738 0.394255 -0.249988 0.000423189
22 -0.00743866 0.00171661 0.0272755 -0.909461 -0.621233 -0.647936 -0.0207904 0.767552 -0.935187 0.644503 -0.19894 -0.0185016 0.000572213 0.389296 -0.249748 -0.00167288 -0.194362 0.0169757 0.000190738 0.394255 -0.249988 0.000423329
22 -0.00743866 0.00171661 0.027657 -0.911369 -0.619326 -0.647936 -0.019646 0.770604 -0.934424 0.644503 -0.19894 -0.0185016 0.000572213 0.389296 -0.249748 -0.00167288 -0.194362 0.0169757 0.000190738 0.394255 -0.249988 0.000423329
22 -0.00743866 0.00171661 0.0280385 -0.914039 -0.617418 -0.647936 -0.0185016 0.773656 -0.933661 0.644503 -0.19894 -0.0185016 0.000572213 0.389296 -0.249748 -0.00167288 -0.194362 0.0169757 0.000190738 0.394255 -0.249988 0.000423329
22 -0.00743866 0.00171661 0.0280385 -0.916328 -0.615511 -0.647936 -0.0173571 0.775945 -0.932898 0.644503 -0.19894 -0.0185016 0.000572213 0.389296 -0.249748 -0.00167288 -0.194362 0.0169757 0.000190738 0.394255 -0.249988 0.000423329
22 -0.00743866 0.00171661 0.0284199 -0.918617 -0.613603 -0.647936 -0.0162127 0.779378 -0.931754 0.644503 -0.19894 -0.0185016 0.000572213 0.389296 -0.249748 -0.00167288 -0.194362 0.0169757 0.000190738 0.394255 -0.249988 0.000423329
22 -0.00743866 0.00171661 0.0288014 -0.920906 -0.611696 -0.647936 -0.0143053 0.782048 -0.93061 0.644503 -0.19894 -0.0185016 0.000572213 0.389296 -0.249748 -0.00167288 -0.194362 0.0169757 0.000190738 0.394255 -0.250153 0.000823362
22 -0.00743866 0.00171661 0.0288014 -0.923194 -0.609789 -0.647936 -0.0131609 0.785482 -0.929465 0.644503 -0.19894 -0.0185016 0.000572213 0.389296 -0.249748 -0.00167288 -0.194362 0.0169757 0.000190738 0.394255 -0.249951 0.00124786
22 -0.00743866 0.00171661 0.0291829 -0.925865 -0.607881 -0.647936 -0.0120165 0.787389 -0.928321 0.644503 -0.19894 -0.0185016 0.000572213 0.389296 -0.249748 -0.00167288 -0.194362 0.0169757 0.000190738 0.394255 -0.249951 0.001248
22 -0.00743866 0.00171661 0.0291829 -0.927772 -0.605974 -0.647936 -0.0108721 0.791204 -0.927176 0.644503 -0.19894 -0.0185016 0.000572213 0.389296 -0.249748 -0.00167288 -0.194362 0.0169757 0.000190738 0.394255 -0.249951 0.001248
22 -0.00743866 0.00171661 0.0291829 -0.930061 -0.604067 -0.647936 -0.00934615 0.793493 -0.926413 0.644503 -0.19894 -0.0185016 0.000572213 0.389296 -0.249748 -0.00167288 -0.194362 0.0169757 0.000190738 0.394255 -0.249951 0.001248
22 -0.00743866 0.00171661 0.0295644 -0.932731 -0.602159 -0.647936 -0.00820172 0.796926 -0.925269 0.644503 -0.19894 -0.0185016 0.000572213 0.389296 -0.249748 -0.00167288 -0.194362 0.0169757 0.000190738 0.394255 -0.249786 0.000848829
22 -0.00743866 0.00171661 0.0299458 -0.93502 -0.600252 -0.647936 -0.0070573 0.799215 -0.924125 0.644503 -0.19894 -0.0185016 0.000572213 0.389296 -0.249748 -0.00167288 -0.194362 0.0169757 0.000190738 0.394255 -0.249786 0.000848397
22 -0.00743866 0.00171661 0.0299458 -0.936928 -0.598344 -0.647936 -0.00591287 0.802267 -0.92298 0.644503 -0.19894 -0.0185016 0.000572213 0.389296 -0.249748 -0.00167288 -0.194362 0.0169757 0.000190738 0.394255 -0.249786 0.000848397
22 -0.00743866 0.00171661 0.0303273 -0.939216 -0.596437 -0.647936 -0.00514992 0.804937 -0.921836 0.644503 -0.19894 -0.0185016 0.000572213 0.389296 -0.249748 -0.00167288 -0.194362 0.0169757 0.000190738 0.394255 -0.249786 0.000848397
22 -0.00743866 0.00171661 0.0303273 -0.941505 -0.594148 -0.647936 -0.00362402 0.807607 -0.921073 0.644503 -0.19894 -0.0185016 0.000572213 0.389296 -0.249748 -0.00167288 -0.194362 0.0169757 0.000190738 0.394255 -0.249786 0.000848397
22 -0.00743866 0.00171661 0.0307088 -0.943794 -0.592622 -0.647936 -0.00247959 0.810659 -0.919928 0.644503 -0.19894 -0.0185016 0.000572213 0.389296 -0.249748 -0.00167288 -0.194362 0.0169757 0.000190738 0.394255 -0.249786 0.000848397
22 -0.00743866 0.00171661 0.0310903 -0.946083 -0.590715 -0.647936 -0.00133516 0.812567 -0.918784 0.644503 -0.19894 -0.0185016 0.000572213 0.389296 -0.249748 -0.00167288 -0.194362 0.0169757 0.000190738 0.394255 -0.249786 0.000848397
22 -0.00743866 0.00171661 0.0310903 -0.94799 -0.588426 -0.647936 -0.000190738 0.816 -0.917639 0.644503 -0.19894 -0.0185016 0.000572213 0.389296 -0.249748 -0.00167288 -0.194362 0.0169757 0.000190738 0.394255 -0.249786 0.000848397
22 -0.00743866 0.00171661 0.0314717 -0.950661 -0.586519 -0.647936 0.000953689 0.818289 -0.916114 0.644503 -0.19894 -0.0185016 0.000572213 0.389296 -0.249748 -0.00167288 -0.194362 0.0169757 0.000190738 0.394255 -0.249786 0.000848397
22 -0.00743866 0.00171661 0.0314717 -0.952568 -0.584611 -0.647936 0.00171664 0.82134 -0.914969 0.644503 -0.19894 -0.0185016 0.000572213 0.389296 -0.249748 -0.00167288 -0.194362 0.0169757 0.000190738 0.394255 -0.249786 0.000848397
22 -0.00743866 0.00171661 0.0318532 -0.954475 -0.582322 -0.647936 0.00286107 0.823629 -0.913825 0.644503 -0.19894 -0.0185016 0.000572213 0.389296 -0.249748 -0.00167288 -0.194362 0.0169757 0.000190738 0.394255 -0.249786 0.000848397
22 -0.00743866 0.00171661 0.0318532 -0.957146 -0.580797 -0.647936 0.00400549 0.825537 -0.91268 0.644503 -0.19894 -0.0185016 0.000572213 0.389296 -0.249748 -0.00167288 -0.194362 0.0169757 0.000190738 0.394255 -0.249988 0.000423189
22 -0.00743866 0.00171661 0.0322347 -0.959435 -0.578889 -0.647936 0.00514992 0.82897 -0.911536 0.644503 -0.19894 -0.0185016 0.000572213 0.389296 -0.249748 -0.00167288 -0.194362 0.0169757 0.000190738 0.394255 -0.249988 0.000423329
22 -0.00743866 0.00171661 0.0322347 -0.961342 -0.576982 -0.647936 0.00591287 0.830877 -0.910391 0.644503 -0.19894 -0.0185016 0.000572213 0.389296 -0.249748 -0.00167288 -0.194362 0.0169757 0.000190738 0.394255 -0.249988 0.000423329
22 -0.00743866 0.00171661 0.0322347 -0.963631 -0.575074 -0.647936 0.0070573 0.834311 -0.909247 0.644503 -0.19894 -0.0185016 0.000572213 0.389296 -0.249748 -0.00167288 -0.194362 0.0169757 0.000190738 0.394255 -0.249988 0.000423329
22 -0.00743866 0.00171661 0.0326162 -0.96592 -0.573167 -0.647936 0.00782025 0.836218 -0.908103 0.644503 -0.19894 -0.0185016 0.000572213 0.389296 -0.249748 -0.00167288 -0.194362 0.0169757 0.000190738 0.394255 -0.249988 0.000423329
22 -0.00743866 0.00171661 0.0326162 -0.967827 -0.57126 -0.647936 0.00896468 0.838507 -0.906958 0.644503 -0.19894 -0.0185016 0.000572213 0.389296 -0.249748 -0.00167288 -0.194362 0.0169757 0.000190738 0.394255 -0.249786 0.000848257
22 -0.00743866 0.00171661 0.0326162 -0.970116 -0.569352 -0.647936 0.0101091 0.841559 -0.905432 0.644503 -0.19894 -0.0185016 0.000572213 0.389296 -0.249748 -0.00167288 -0.194362 0.0169757 0.000190738 0.394255 -0.249786 0.000848397
22 -0.00743866 0.00171661 0.0329976 -0.972405 -0.567445 -0.647936 0.0108721 0.843466 -0.904288 0.644503 -0.19894 -0.0185016 0.000572213 0.389296 -0.249748 -0.00167288 -0.194362 0.0169757 0.000190738 0.394255 -0.249786 0.000848397
22 -0.00743866 0.00171661 0.0329976 -0.974312 -0.565919 -0.647936 0.011635 0.846518 -0.903143 0.644503 -0.19894 -0.0185016 0.000572213 0.389296 -0.249748 -0.00167288 -0.194362 0.0169757 0.000190738 0.394255 -0.249786 0.000848397
22 -0.00743866 0.00171661 0.0333791 -0.976601 -0.56363 -0.647936 0.012398 0.848807 -0.901999 0.644503 -0.19894 -0.0185016 0.000572213 0.389296 -0.249748 -0.00167288 -0.194362 0.0169757 0.000190738 0.394255 -0.249786 0.000848397
22 -0.00743866 0.00171661 0.0333791 -0.978508 -0.562104 -0.647936 0.0131609 0.851096 -0.900855 0.644503 -0.19894 -0.0185016 0.000572213 0.389296 -0.249748 -0.00167288 -0.194362 0.0169757 0.000190738 0.394255 -0.249786 0.000848397
22 -0.00743866 0.00171661 0.0333791 -0.980797 -0.560197 -0.647936 0.0139239 0.853766 -0.899329 0.644503 -0.19894 -0.0185016 0.000572213 0.389296 -0.249748 -0.00167288 -0.194362 0.0169757 0.000190738 0.394255 -0.249786 0.000848397
22 -0.00743866 0.00171661 0.0337606 -0.982705 -0.558671 -0.647936 0.0150683 0.856055 -0.898184 0.644503 -0.19894 -0.0185016 0.000572213 0.389296 -0.249748 -0.00167288 -0.194362 0.0169757 0.000190738 0.394255 -0.249786 0.000848397
22 -0.00743866 0.00171661 0.0337606 -0.984993 -0.556764 -0.647936 0.0162127 0.859107 -0.89704 0.644503 -0.19894 -0.0185016 0.000572213 0.389296 -0.249748 -0.00167288 -0.194362 0.0169757 0.000190738 0.394255 -0.249988 0.000423189
22 -0.00782013 0.00171661 0.0337606 -0.986901 -0.555238 -0.647936 0.0169757 0.861014 -0.895895 0.644503 -0.19894 -0.0185016 0.000572213 0.389296 -0.249748 -0.00167288 -0.194362 0.0169757 0.000190738 0.394255 -0.249988 0.000423329
22 -0.00743866 0.00171661 0.0341421 -0.98919 -0.55333 -0.647936 0.0177386 0.862921 -0.895132 0.644503 -0.19894 -0.0185016 0.000572213 0.389296 -0.249748 -0.00167288 -0.194362 0.0169757 0.000190738 0.394255 -0.249988 0.000423329
22 -0.00743866 0.00171661 0.0341421 -0.991097 -0.551804 -0.647936 0.018883 0.865973 -0.893988 0.644503 -0.19894 -0.0185016 0.000572213 0.389296 -0.249748 -0.00167288 -0.194362 0.0169757 0.000190738 0.394255 -0.249988 0.000423329
22 -0.00743866 0.00209808 0.0341421 -0.993386 -0.550278 -0.647936 0.0192645 0.86788 -0.892844 0.644503 -0.19894 -0.0185016 0.000572213 0.389296 -0.249748 -0.00167288 -0.194362 0.0169757 0.000190738 0.394255 -0.249988 0.000423329
22 -0.00743866 0.00171661 0.0345235 -0.995675 -0.548371 -0.647936 0.0200275 0.870551 -0.891318 0.644503 -0.19894 -0.0185016 0.000572213 0.389296 -0.249748 -0.00167288 -0.194362 0.0169757 0.000190738 0.394255 -0.249786 0.000848257
22 -0.00743866 0.00171661 0.0345235 -0.997582 -0.546845 -0.647936 0.0211719 0.87284 -0.890173 0.644503 -0.19894 -0.0185016 0.000572213 0.389296 -0.249748 -0.00167288 -0.194362 0.0169757 0.000190738 0.394255 -0.249786 0.000848397
22 -0.00743866 0.00171661 0.0345235 -0.99949 -0.544938 -0.647936 0.0223163 0.874747 -0.889029 0.644503 -0.19894 -0.0185016 0.000572213 0.389296 -0.249748 -0.00167288 -0.194362 0.0169757 0.000190738 0.394255 -0.249786 0.000848397
22 -0.00743866 0.00171661 0.034905 -1.00178 -0.543412 -0.647936 0.0230793 0.877799 -0.887503 0.644503 -0.19894 -0.0185016 0.000572213 0.389296 -0.249748 -0.00167288 -0.194362 0.0169757 0.000190738 0.394255 -0.249786 0.000848397
22 -0.00743866 0.00171661 0.034905 -1.00369 -0.541886 -0.647936 0.0238422 0.879706 -0.886358 0.644503 -0.19894 -0.0185016 0.000572213 0.389296 -0.249748 -0.00167288 -0.194362 0.0169757 0.000190738 0.394255 -0.249786 0.000848397
22 -0.00743866 0.00171661 0.034905 -1.00597 -0.54036 -0.647936 0.0246052 0.881995 -0.885214 0.644503 -0.19894 -0.0185016 0.000572213 0.389296 -0.249748 -0.00167288 -0.194362 0.0169757 0.000190738 0.394255 -0.249786 0.000848397
22 -0.00743866 0.00171661 0.0352865 -1.00788 -0.538071 -0.647936 0.0249866 0.884665 -0.883688 0.644503 -0.19894 -0.0185016 0.000572213 0.389296 -0.249748 -0.00167288 -0.194362 0.0169757 0.000190738 0.394255 -0.249786 0.000848397
22 -0.00743866 0.00171661 0.0352865 -1.01017 -0.536927 -0.647936 0.0257496 0.886573 -0.882925 0.644503 -0.19894 -0.0185016 0.000572213 0.389296 -0.249748 -0.00167288 -0.194362 0.0169757 0.000190738 0.394255 -0.249786 0.000848397
22 -0.00743866 0.00171661 0.0352865 -1.01208 -0.535401 -0.647936 0.0265126 0.888862 -0.881399 0.644503 -0.19894 -0.0185016 0.000572213 0.389296 -0.249748 -0.00167288 -0.194362 0.0169757 0.000190738 0.394255 -0.249786 0.000848397
22 -0.00743866 0.00171661 0.035668 -1.01437 -0.533875 -0.647936 0.0272755 0.891532 -0.879873 0.644503 -0.19894 -0.0185016 0.000572213 0.389296 -0.249748 -0.00167288 -0.194362 0.0169757 0.000190738 0.394255 -0.249786 0.000848397
22 -0.00743866 0.00171661 0.035668 -1.01589 -0.531968 -0.647936 0.0284199 0.893439 -0.878729 0.644503 -0.19894 -0.0185016 0.000572213 0.389296 -0.249748 -0.00167288 -0.194362 0.0169757 0.000190738 0.394255 -0.249786 0.000848397
22 -0.00743866 0.00171661 0.035668 -1.01818 -0.530442 -0.647936 0.0291829 0.895728 -0.877203 0.644503 -0.19894 -0.0185016 0.000572213 0.389296 -0.249748 -0.00167288 -0.194362 0.0169757 0.000190738 0.394255 -0.249786 0.000848397
22 -0.00743866 0.00171661 0.035668 -1.02009 -0.528916 -0.647936 0.0299458 0.898017 -0.876059 0.644503 -0.19894 -0.0185016 0.000572213 0.389296 -0.249748 -0.00167288 -0.194362 0.0169757 0.000190738 0.394255 -0.249988 0.000423189
22 -0.00743866 0.00171661 0.0360494 -1.022 -0.527008 -0.647936 0.0303273 0.899924 -0.874533 0.644503 -0.19894 -0.0185016 0.000572213 0.389296 -0.249748 -0.00167288 -0.194362 0.0169757 0.000190738 0.394255 -0.249786 0.000848257
22 -0.00743866 0.00209808 0.0360494 -1.0239 -0.525483 -0.647936 0.0310903 0.902595 -0.873388 0.644503 -0.19894 -0.0185016 0.000572213 0.389296 -0.249748 -0.00167288 -0.194362 0.0169757 0.000190738 0.394255 -0.249786 0.000848397
22 -0.00743866 0.00171661 0.0360494 -1.02619 -0.523957 -0.647936 0.0318532 0.904884 -0.871862 0.644503 -0.19894 -0.0185016 0.000572213 0.389296 -0.249748 -0.00167288 -0.194362 0.0169757 0.000190738 0.394255 -0.249786 0.000848397
22 -0.00743866 0.00171661 0.0364309 -1.0281 -0.522431 -0.647936 0.0322347 0.906791 -0.870718 0.644503 -0.19894 -0.0185016 0.000572213 0.389296 -0.249748 -0.00167288 -0.194362 0.0169757 0.000190738 0.394255 -0.249786 0.000848397
22 -0.00743866 0.00171661 0.0364309 -1.02963 -0.520523 -0.647936 0.0329976 0.909461 -0.869192 0.644503 -0.19894 -0.0185016 0.000572213 0.389296 -0.249748 -0.00167288 -0.194362 0.0169757 0.000190738 0.394255 -0.249786 0.000848397
22 -0.00743866 0.00171661 0.0364309 -1.03191 -0.518997 -0.647936 0.0337606 0.911369 -0.868048 0.644503 -0.19894 -0.0185016 0.000572213 0.389296 -0.249748 -0.00167288 -0.194362 0.0169757 0.000190738 0.394255 -0.249786 0.000848397
22 -0.00743866 0.00171661 0.0368124 -1.03382 -0.517472 -0.647936 0.0345235 0.913276 -0.86614 0.644503 -0.19894 -0.0185016 0.000572213 0.389296 -0.249748 -0.00167288 -0.194362 0.0169757 0.000190738 0.394255 -0.249786 0.000848397
22 -0.00743866 0.00171661 0.0368124 -1.03573 -0.515946 -0.647936 0.0352865 0.915946 -0.864996 0.644503 -0.19894 -0.0185016 0.000572213 0.389296 -0.249748 -0.00167288 -0.194362 0.0169757 0.000190738 0.394255 -0.249786 0.000848397
22 -0.00743866 0.00171661 0.0371939 -1.03764 -0.514038 -0.647936 0.0360494 0.917854 -0.86347 0.644503 -0.19894 -0.0185016 0.000572213 0.389296 -0.249748 -0.00167288 -0.194362 0.0169757 0.000190738 0.394255 -0.249786 0.000848397
22 -0.00743866 0.00171661 0.0371939 -1.03954 -0.512894 -0.647936 0.0364309 0.920143 -0.861944 0.644503 -0.19894 -0.0185016 0.000572213 0.389296 -0.249748 -0.00167288 -0.194362 0.0169757 0.000190738 0.394255 -0.249786 0.000848397
22 -0.00743866 0.00171661 0.0371939 -1.04145 -0.511368 -0.647936 0.0371939 0.922431 -0.860418 0.644503 -0.19894 -0.0185016 0.000572213 0.389296 -0.249748 -0.00167288 -0.194362 0.0169757 0.000190738 0.394255 -0.249786 0.000848397
22 -0.00743866 0.00171661 0.0371939 -1.04336 -0.509842 -0.647936 0.0379568 0.924339 -0.858892 0.644503 -0.19894 -0.0185016 0.000572213 0.389296 -0.249748 -0.00167288 -0.194362 0.0169757 0.000190738 0.394255 -0.249786 0.000848397
22 -0.00743866 0.00171661 0.0375753 -1.04527 -0.507935 -0.647936 0.0383383 0.926246 -0.857366 0.644503 -0.19894 -0.0185016 0.000572213 0.389296 -0.249748 -0.00167288 -0.194362 0.0169757 0.000190738 0.394255 -0.249786 0.000848397
22 -0.00743866 0.00171661 0.0375753 -1.04717 -0.506409 -0.647936 0.0391012 0.928917 -0.85584 0.644503 -0.19894 -0.0185016 0.000572213 0.389296 -0.249748 -0.00167288 -0.194362 0.0169757 0.000190738 0.394255 -0.249786 0.000848397
22 -0.00743866 0.00171661 0.0375753 -1.0487 -0.504883 -0.647936 0.0398642 0.930442 -0.854315 0.644503 -0.19894 -0.0185016 0.000572213 0.389296 -0.249748 -0.00167288 -0.194362 0.0169757 0.000190738 0.394255 -0.249786 0.000848397
22 -0.00743866 0.00171661 0.0375753 -1.05099 -0.503357 -0.647936 0.0406271 0.933113 -0.852407 0.644503 -0.19894 -0.0185016 0.000572213 0.389296 -0.249748 -0.00167288 -0.194362 0.0169757 0.000190738 0.394255 -0.249786 0.000848397
22 -0.00743866 0.00171661 0.0375753 -1.05251 -0.50145 -0.647936 0.0413901 0.935402 -0.850881 0.644503 -0.19894 -0.0185016 0.000572213 0.389296 -0.249748 -0.00167288 -0.194362 0.0169757 0.000190738 0.394255 -0.249786 0.000848397
22 -0.00743866 0.00171661 0.0375753 -1.05404 -0.500305 -0.647936 0.0417716 0.936928 -0.849355 0.644503 -0.19894 -0.0185016 0.000572213 0.389296 -0.249748 -0.00167288 -0.194362 0.0169757 0.000190738 0.394255 -0.249786 0.000848397
22 -0.00743866 0.00171661 0.0379568 -1.05633 -0.498779 -0.647936 0.042153 0.939216 -0.847829 0.644503 -0.19894 -0.0185016 0.000572213 0.389296 -0.249748 -0.00167288 -0.194362 0.0169757 0.000190738 0.394255 -0.249786 0.000848397
22 -0.00743866 0.00171661 0.0379568 -1.05786 -0.497253 -0.647936 0.042916 0.941505 -0.846304 0.644503 -0.19894 -0.0185016 0.000572213 0.389296 -0.249748 -0.00167288 -0.194362 0.0169757 0.000190738 0.394255 -0.249786 0.000848397
22 -0.00743866 0.00171661 0.0379568 -1.05976 -0.495346 -0.647936 0.0432975 0.943031 -0.844778 0.644503 -0.19894 -0.0185016 0.000572213 0.389296 -0.249748 -0.00167288 -0.194362 0.0169757 0.000190738 0.394255 -0.249786 0.000848397
22 -0.00743866 0.00171661 0.0379568 -1.06167 -0.494202 -0.647936 0.0440604 0.945701 -0.84287 0.644503 -0.19894 -0.0185016 0.000572213 0.389296 -0.249748 -0.00167288 -0.194362 0.0169757 0.000190738 0.394255 -0.249786 0.000848397
22 -0.00743866 0.00171661 0.0379568 -1.06358 -0.492676 -0.647936 0.0444419 0.947609 -0.840963 0.644503 -0.19894 -0.0185016 0.000572213 0.389296 -0.249748 -0.00167288 -0.194362 0.0169757 0.000190738 0.394255 -0.249786 0.000848397
22 -0.00743866 0.00171661 0.0379568 -1.0651 -0.49115 -0.647936 0.0448234 0.949135 -0.839437 0.644503 -0.19894 -0.0185016 0.000572213 0.389296 -0.249748 -0.00167288 -0.194362 0.0169757 0.000190738 0.394255 -0.249786 0.000848397
22 -0.00743866 0.00171661 0.0383383 -1.06701 -0.489624 -0.647936 0.0455863 0.951424 -0.83753 0.644503 -0.19894 -0.0185016 0.000572213 0.389296 -0.249748 -0.00167288 -0.194362 0.0169757 0.000190738 0.394255 -0.249786 0.000848397
22 -0.00743866 0.00171661 0.0383383 -1.06892 -0.488098 -0.647936 0.0463493 0.953712 -0.836004 0.644503 -0.19894 -0.0185016 0.000572213 0.389296 -0.249748 -0.00167288 -0.194362 0.0169757 0.000190738 0.394255 -0.249786 0.000848397
22 -0.00743866 0.00171661 0.0383383 -1.07044 -0.486572 -0.647936 0.0471122 0.955238 -0.834478 0.644503 -0.19894 -0.0185016 0.000572213 0.389296 -0.249748 -0.00167288 -0.194362 0.0169757 0.000190738 0.394255 -0.249786 0.000848397
22 -0.00743866 0.00171661 0.0383383 -1.07235 -0.485428 -0.647936 0.0474937 0.957527 -0.832952 0.644503 -0.19894 -0.0185016 0.000572213 0.389296 -0.249748 -0.00167288 -0.194362 0.0169757 0.000190738 0.394255 -0.249786 0.000848397
22 -0.00743866 0.00171661 0.0383383 -1.07388 -0.483902 -0.647936 0.0482567 0.959816 -0.831044 0.644503 -0.19894 -0.0185016 0.000572213 0.389296 -0.249748 -0.00167288 -0.194362 0.0169757 0.000190738 0.394255 -0.249786 0.000848397
22 -0.00743866 0.00171661 0.0383383 -1.07617 -0.481994 -0.647936 0.0486381 0.961342 -0.829519 0.644503 -0.19894 -0.0185016 0.000572213 0.389296 -0.249748 -0.00167288 -0.194362 0.0169757 0.000190738 0.394255 -0.249786 0.000848397
22 -0.00782013 0.00171661 0.0383383 -1.07769 -0.48085 -0.647936 0.0490196 0.962868 -0.827611 0.644503 -0.19894 -0.0185016 0.000572213 0.389296 -0.249748 -0.00167288 -0.194362 0.0169757 0.000190738 0.394255 -0.249786 0.000848397
22 -0.00743866 0.00171661 0.0387198 -1.07922 -0.479324 -0.647936 0.0494011 0.965538 -0.826085 0.644503 -0.19894 -0.0185016 0.000572213 0.389296 -0.249748 -0.00167288 -0.194362 0.0169757 0.000190738 0.394255 -0.249786 0.000848397
22 -0.00743866 0.00171661 0.0387198 -1.08151 -0.47818 -0.647936 0.0497826 0.967446 -0.824178 0.644503 -0.19894 -0.0185016 0.000572213 0.389296 -0.249748 -0.00167288 -0.194362 0.0169757 0.000190738 0.394255 -0.249786 0.000848397
22 -0.00782013 0.00171661 0.0387198 -1.08303 -0.476272 -0.647936 0.050164 0.968971 -0.822271 0.644503 -0.19894 -0.0185016 0.000572213 0.389296 -0.249748 -0.00167288 -0.194362 0.0169757 0.000190738 0.394255 -0.249786 0.000848397
22 -0.00743866 0.00171661 0.0387198 -1.08456 -0.475128 -0.647936 0.0505455 0.971642 -0.820745 0.644503 -0.19894 -0.0185016 0.000572213 0.389296 -0.249748 -0.00167288 -0.194362 0.0169757 0.000190738 0.394255 -0.249786 0.000848397
22 -0.00743866 0.00171661 0.0387198 -1.08608 -0.473983 -0.647936 0.0513085 0.973168 -0.819219 0.644503 -0.19894 -0.0185016 0.000572213 0.389296 -0.249748 -0.00167288 -0.194362 0.0169757 0.000190738 0.394255 -0.249786 0.000848397
22 -0.00743866 0.00171661 0.0391012 -1.08837 -0.472457 -0.647936 0.0516899 0.974694 -0.817311 0.644503 -0.19894 -0.0185016 0.000572213 0.389296 -0.249748 -0.00167288 -0.194362 0.0169757 0.000190738 0.394255 -0.249786 0.000848397
22 -0.00743866 0.00171661 0.0391012 -1.0899 -0.470932 -0.647936 0.0524529 0.977364 -0.815404 0.644503 -0.19894 -0.0185016 0.000572213 0.389296 -0.249748 -0.00167288 -0.194362 0.0169757 0.000190738 0.394255 -0.249786 0.000848397
22 -0.00743866 0.00171661 0.0391012 -1.09143 -0.469406 -0.647936 0.0532158 0.97889 -0.813878 0.644503 -0.19894 -0.0185016 0.000572213 0.389296 -0.249748 -0.00167288 -0.194362 0.0169757 0.000190738 0.394255 -0.249786 0.000848397
22 -0.00743866 0.00171661 0.0391012 -1.09371 -0.46788 -0.647936 0.0535973 0.980797 -0.811971 0.644503 -0.19894 -0.0185016 0.000572213 0.389296 -0.249748 -0.00167288 -0.194362 0.0169757 0.000190738 0.394255 -0.249786 0.000848397
22 -0.00743866 0.00171661 0.0394827 -1.09524 -0.466735 -0.647936 0.0539788 0.983086 -0.810063 0.644503 -0.19894 -0.0185016 0.000572213 0.389296 -0.249748 -0.00167288 -0.194362 0.0169757 0.000190738 0.394255 -0.249786 0.000848397
22 -0.00743866 0.00171661 0.0394827 -1.09715 -0.465209 -0.647936 0.0543603 0.984993 -0.808537 0.644503 -0.19894 -0.0185016 0.000572213 0.389296 -0.249748 -0.00167288 -0.194362 0.0169757 0.000190738 0.394255 -0.249786 0.000848397
22 -0.00743866 0.00171661 0.0394827 -1.09829 -0.463684 -0.647936 0.0547417 0.986519 -0.807012 0.644503 -0.19894 -0.0185016 0.000572213 0.389296 -0.249748 -0.00167288 -0.194362 0.0169757 0.000190738 0.394255 -0.249786 0.000848397
22 -0.00743866 0.00171661 0.0394827 -1.10058 -0.462539 -0.647936 0.0555047 0.988808 -0.805104 0.644503 -0.19894 -0.0185016 0.000572213 0.389296 -0.249748 -0.00167288 -0.194362 0.0169757 0.000190738 0.394255 -0.249786 0.000848397
22 -0.00743866 0.00171661 0.0394827 -1.10211 -0.461013 -0.647936 0.0558862 0.991097 -0.802815 0.644884 -0.19894 -0.0185016 0.000572213 0.389296 -0.249748 -0.00167288 -0.194362 0.0169757 0.000190738 0.394255 -0.249786 0.000848397
22 -0.00743866 0.00171661 0.0394827 -1.10363 -0.459869 -0.647936 0.0562676 0.992623 -0.801289 0.644884 -0.19894 -0.0185016 0.000572213 0.389296 -0.249748 -0.00167288 -0.194362 0.0169757 0.000190738 0.394255 -0.249786 0.000848397
22 -0.00743866 0.00171661 0.0398642 -1.10554 -0.458343 -0.647936 0.0566491 0.99453 -0.799382 0.644884 -0.19894 -0.0185016 0.000572213 0.389296 -0.249748 -0.00167288 -0.194362 0.0169757 0.000190738 0.394255 -0.249786 0.000848397
22 -0.00743866 0.00171661 0.0398642 -1.10707 -0.456817 -0.647936 0.0570306 0.996819 -0.797475 0.644884 -0.19894 -0.0185016 0.000572213 0.389296 -0.249748 -0.00167288 -0.194362 0.0169757 0.000190738 0.394255 -0.249786 0.000848397
22 -0.00743866 0.00171661 0.0398642 -1.10897 -0.455673 -0.647936 0.0574121 0.998345 -0.795949 0.644884 -0.19894 -0.0185016 0.000572213 0.389296 -0.249748 -0.00167288 -0.194362 0.0169757 0.000190738 0.394255 -0.249786 0.000848397
22 -0.00743866 0.00171661 0.0398642 -1.1105 -0.454147 -0.647936 0.0577935 0.999871 -0.794041 0.644884 -0.19894 -0.0185016 0.000572213 0.389296 -0.249748 -0.00167288 -0.194362 0.0169757 0.000190738 0.394255 -0.249786 0.000848397
22 -0.00743866 0.00171661 0.0402457 -1.11241 -0.453002 -0.647936 0.0585565 1.00254 -0.792515 0.644884 -0.19894 -0.0185016 0.000572213 0.389296 -0.249748 -0.00167288 -0.194362 0.0169757 0.000190738 0.394255 -0.249786 0.000848397
22 -0.00743866 0.00171661 0.0402457 -1.11393 -0.451476 -0.647936 0.058938 1.00407 -0.790227 0.645266 -0.19894 -0.0185016 0.000572213 0.389296 -0.249748 -0.00167288 -0.194362 0.0169757 0.000190738 0.394255 -0.249786 0.000848397
22 -0.00743866 0.00171661 0.0402457 -1.11546 -0.450332 -0.647936 0.0597009 1.00559 -0.788701 0.645266 -0.19894 -0.0185016 0.000572213 0.389296 -0.249748 -0.00167288 -0.194362 0.0169757 0.000190738 0.394255 -0.249786 0.000848397
22 -0.00743866 0.00171661 0.0406271 -1.11698 -0.449187 -0.647936 0.0600824 1.00788 -0.786793 0.645266 -0.19894 -0.0185016 0.000572213 0.389296 -0.249748 -0.00167288 -0.194362 0.0169757 0.000190738 0.394255 -0.249786 0.000848397
22 -0.00743866 0.00171661 0.0406271 -1.11889 -0.447662 -0.647936 0.0604639 1.00979 -0.784504 0.645266 -0.19894 -0.0185016 0.000572213 0.389296 -0.249748 -0.00167288 -0.194362 0.0169757 0.000190738 0.394255 -0.249786 0.000848397
22 -0.00743866 0.00171661 0.0406271 -1.1208 -0.446517 -0.647936 0.0608453 1.01132 -0.782979 0.645266 -0.19894 -0.0185016 0.000572213 0.389296 -0.249748 -0.00167288 -0.194362 0.0169757 0.000190738 0.394255 -0.249786 0.000848397
22 -0.00743866 0.00171661 0.0406271 -1.12232 -0.444991 -0.647936 0.0612268 1.01322 -0.781071 0.645266 -0.19894 -0.0185016 0.000572213 0.389296 -0.249748 -0.00167288 -0.194362 0.0169757 0.000190738 0.394255 -0.249786 0.000848397
22 -0.00743866 0.00171661 0.0410086 -1.12385 -0.443847 -0.647936 0.0616083 1.01551 -0.779164 0.645266 -0.19894 -0.0185016 0.000572213 0.389296 -0.249748 -0.00167288 -0.194362 0.0169757 0.000190738 0.394255 -0.249786 0.000848397
22 -0.00743866 0.00171661 0.0410086 -1.12576 -0.442321 -0.647936 0.0619898 1.01704 -0.777256 0.645266 -0.19894 -0.0185016 0.000572213 0.389296 -0.249748 -0.00167288 -0.194362 0.0169757 0.000190738 0.394255 -0.249786 0.000848397
22 -0.00743866 0.00171661 0.0410086 -1.12728 -0.441176 -0.647936 0.0619898 1.01856 -0.775349 0.645266 -0.19894 -0.0185016 0.000572213 0.389296 -0.249748 -0.00167288 -0.194362 0.0169757 0.000190738 0.394255 -0.249786 0.000848397
22 -0.00743866 0.00171661 0.0410086 -1.12881 -0.440032 -0.647936 0.0623713 1.02123 -0.773442 0.645266 -0.19894 -0.0185016 0.000572213 0.389296 -0.249748 -0.00167288 -0.194362 0.0169757 0.000190738 0.394255 -0.249786 0.000848397
22 -0.00743866 0.00171661 0.0413901 -1.13072 -0.438506 -0.647936 0.0627527 1.02276 -0.771916 0.645266 -0.19894 -0.0185016 0.000572213 0.389296 -0.249748 -0.00167288 -0.194362 0.0169757 0.000190738 0.394255 -0.249786 0.000848397
22 -0.00743866 0.00171661 0.0413901 -1.13224 -0.437362 -0.647936 0.0631342 1.02429 -0.770008 0.645266 -0.19894 -0.0185016 0.000572213 0.389296 -0.249748 -0.00167288 -0.194362 0.0169757 0.000190738 0.394255 -0.249786 0.000848397
22 -0.00743866 0.00171661 0.0413901 -1.13377 -0.436217 -0.647936 0.0635157 1.02619 -0.768101 0.645266 -0.19894 -0.0185016 0.000572213 0.389296 -0.249748 -0.00167288 -0.194362 0.0169757 0.000190738 0.394255 -0.249786 0.000848397
22 -0.00743866 0.00171661 0.0417716 -1.13529 -0.435073 -0.647936 0.0638972 1.02848 -0.766194 0.645266 -0.19894 -0.0185016 0.000572213 0.389296 -0.249748 -0.00167288 -0.194362 0.0169757 0.000190738 0.394255 -0.249786 0.000848397
22 -0.00743866 0.00171661 0.0417716 -1.1372 -0.433928 -0.647936 0.0638972 1.03001 -0.764286 0.645266 -0.19894 -0.0185016 0.000572213 0.389296 -0.249748 -0.00167288 -0.194362 0.0169757 0.000190738 0.394255 -0.249786 0.000848397
22 -0.00743866 0.00171661 0.042153 -1.13873 -0.432403 -0.647936 0.0642786 1.03191 -0.762379 0.645266 -0.19894 -0.0185016 0.000572213 0.389296 -0.249748 -0.00167288 -0.194362 0.0169757 0.000190738 0.394255 -0.249786 0.000848397
22 -0.00743866 0.00171661 0.042153 -1.14025 -0.431258 -0.647936 0.0650416 1.0342 -0.760472 0.645647 -0.19894 -0.0185016 0.000572213 0.389296 -0.249748 -0.00167288 -0.194362 0.0169757 0.000190738 0.394255 -0.249786 0.000848397
22 -0.00743866 0.00171661 0.042153 -1.14178 -0.430114 -0.647936 0.0654231 1.03535 -0.758946 0.645647 -0.19894 -0.0185016 0.000572213 0.389296 -0.249748 -0.00167288 -0.194362 0.0169757 0.000190738 0.394255 -0.249786 0.000848397
22 -0.00743866 0.00171661 0.0425345 -1.14407 -0.428969 -0.647936 0.0658045 1.03687 -0.757038 0.645647 -0.19894 -0.0185016 0.000572213 0.389296 -0.249748 -0.00167288 -0.194362 0.0169757 0.000190738 0.394255 -0.249786 0.000848397
22 -0.00743866 0.00171661 0.0425345 -1.14521 -0.427443 -0.647936 0.066186 1.03916 -0.755131 0.645647 -0.19894 -0.0185016 0.000572213 0.389296 -0.249748 -0.00167288 -0.194362 0.0169757 0.000190738 0.394255 -0.249786 0.000848397
22 -0.00743866 0.00171661 0.042916 -1.14674 -0.426299 -0.647936 0.0665675 1.04107 -0.752842 0.645647 -0.19894 -0.0185016 0.000572213 0.389296 -0.249748 -0.00167288 -0.194362 0.0169757 0.000190738 0.394255 -0.249786 0.000848397
22 -0.00743866 0.00171661 0.042916 -1.14827 -0.425155 -0.647936 0.0665675 1.0426 -0.751316 0.645647 -0.19894 -0.0185016 0.000572213 0.389296 -0.249748 -0.00167288 -0.194362 0.0169757 0.000190738 0.394255 -0.249786 0.000848397
22 -0.00743866 0.00171661 0.0432975 -1.15017 -0.42401 -0.647936 0.066949 1.04412 -0.749409 0.645647 -0.19894 -0.0185016 0.000572213 0.389296 -0.249748 -0.00167288 -0.194362 0.0169757 0.000190738 0.394255 -0.249786 0.000848397
22 -0.00743866 0.00171661 0.0432975 -1.1517 -0.422484 -0.647936 0.0673304 1.04679 -0.747501 0.645647 -0.19894 -0.0185016 0.000572213 0.389296 -0.249748 -0.00167288 -0.194362 0.0169757 0.000190738 0.394255 -0.249786 0.000848397
22 -0.00743866 0.00171661 0.0432975 -1.15322 -0.42134 -0.647936 0.0673304 1.04794 -0.745594 0.645647 -0.19894 -0.0185016 0.000572213 0.389296 -0.249748 -0.00167288 -0.194362 0.0169757 0.000190738 0.394255 -0.249786 0.000848397
22 -0.00743866 0.00171661 0.043679 -1.15475 -0.419814 -0.647936 0.0677119 1.04946 -0.743687 0.645647 -0.19894 -0.0185016 0.000572213 0.389296 -0.249748 -0.00167288 -0.194362 0.0169757 0.000190738 0.394255 -0.249786 0.000848397
22 -0.00743866 0.00171661 0.043679 -1.15666 -0.418669 -0.647936 0.0680934 1.05137 -0.741779 0.645647 -0.19894 -0.0185016 0.000572213 0.389296 -0.249748 -0.00167288 -0.194362 0.0169757 0.000190738 0.394255 -0.249786 0.000848397
22 -0.00743866 0.00171661 0.0440604 -1.1578 -0.417525 -0.647936 0.0680934 1.05328 -0.739872 0.645647 -0.19894 -0.0185016 0.000572213 0.389296 -0.249748 -0.00167288 -0.194362 0.0169757 0.000190738 0.394255 -0.249786 0.000848397
22 -0.00743866 0.00171661 0.0440604 -1.15933 -0.416381 -0.647936 0.0684749 1.0548 -0.737583 0.646029 -0.19894 -0.0185016 0.000572213 0.389296 -0.249748 -0.00167288 -0.194362 0.0169757 0.000190738 0.394255 -0.249786 0.000848397
22 -0.00743866 0.00171661 0.0440604 -1.16085 -0.414855 -0.647936 0.0688563 1.05633 -0.735676 0.646029 -0.19894 -0.0185016 0.000572213 0.389296 -0.249748 -0.00167288 -0.194362 0.0169757 0.000190738 0.394255 -0.249786 0.000848397
22 -0.00743866 0.00171661 0.0444419 -1.16276 -0.413329 -0.647936 0.0688563 1.05862 -0.73415 0.646029 -0.19894 -0.0185016 0.000572213 0.389296 -0.249748 -0.00167288 -0.194362 0.0169757 0.000190738 0.394255 -0.249786 0.000848397
22 -0.00743866 0.00171661 0.0444419 -1.16429 -0.412566 -0.647555 0.0692378 1.06014 -0.732242 0.646029 -0.19894 -0.0185016 0.000572213 0.389296 -0.249748 -0.00167288 -0.194362 0.0169757 0.000190738 0.394255 -0.249786 0.000848397
22 -0.00743866 0.00171661 0.0448234 -1.16543 -0.411421 -0.647555 0.0692378 1.06167 -0.730335 0.646029 -0.19894 -0.0185016 0.000572213 0.389296 -0.249748 -0.00167288 -0.194362 0.0169757 0.000190738 0.394255 -0.249786 0.000848397
22 -0.00743866 0.00171661 0.0448234 -1.16696 -0.410277 -0.647555 0.0696193 1.0632 -0.728046 0.646029 -0.19894 -0.0185016 0.000572213 0.389296 -0.249748 -0.00167288 -0.194362 0.0169757 0.000190738 0.394255 -0.249786 0.000848397
22 -0.00743866 0.00171661 0.0452049 -1.16886 -0.408751 -0.647555 0.0696193 1.06548 -0.726139 0.646029 -0.19894 -0.0185016 0.000572213 0.389296 -0.249748 -0.00167288 -0.194362 0.0169757 0.000190738 0.394255 -0.249786 0.000848397
22 -0.00743866 0.00171661 0.0452049 -1.17001 -0.407225 -0.647555 0.0700008 1.06701 -0.724231 0.646029 -0.19894 -0.0185016 0.000572213 0.389296 -0.249748 -0.00167288 -0.194362 0.0169757 0.000190738 0.394255 -0.249786 0.000848397
22 -0.00743866 0.00171661 0.0455863 -1.17154 -0.406081 -0.647555 0.0703822 1.06816 -0.722324 0.646029 -0.19894 -0.0185016 0.000572213 0.389296 -0.249748 -0.00167288 -0.194362 0.0169757 0.000190738 0.394255 -0.249786 0.000848397
22 -0.00743866 0.00171661 0.0455863 -1.17268 -0.404936 -0.647555 0.0707637 1.07044 -0.720417 0.646029 -0.19894 -0.0185016 0.000572213 0.389296 -0.249748 -0.00167288 -0.194362 0.0169757 0.000190738 0.394255 -0.249786 0.000848397
22 -0.00743866 0.00171661 0.0459678 -1.17421 -0.403792 -0.647555 0.0711452 1.07197 -0.718509 0.646029 -0.19894 -0.0185016 0.000572213 0.389296 -0.249748 -0.00167288 -0.194362 0.0169757 0.000190738 0.394255 -0.249786 0.000848397
22 -0.00743866 0.00171661 0.0459678 -1.17611 -0.402647 -0.647555 0.0715267 1.0735 -0.71622 0.646029 -0.19894 -0.0185016 0.000572213 0.389296 -0.249748 -0.00167288 -0.194362 0.0169757 0.000190738 0.394255 -0.249786 0.000848397
22 -0.00743866 0.00171661 0.0463493 -1.17726 -0.401503 -0.647555 0.0719081 1.07502 -0.714313 0.646029 -0.19894 -0.0185016 0.000572213 0.389296 -0.249748 -0.00167288 -0.194362 0.0169757 0.000190738 0.394255 -0.249786 0.000848397
22 -0.00743866 0.00171661 0.0463493 -1.17878 -0.400359 -0.647555 0.0719081 1.07731 -0.712406 0.646029 -0.19894 -0.0185016 0.000572213 0.389296 -0.249748 -0.00167288 -0.194362 0.0169757 0.000190738 0.394255 -0.249786 0.000848397
22 -0.00743866 0.00171661 0.0467308 -1.18031 -0.399214 -0.647555 0.0722896 1.07884 -0.710117 0.646029 -0.19894 -0.0185016 0.000572213 0.389296 -0.249748 -0.00167288 -0.194362 0.0169757 0.000190738 0.394255 -0.249786 0.000848397
22 -0.00743866 0.00171661 0.0467308 -1.18183 -0.39807 -0.647555 0.0726711 1.08036 -0.708591 0.646029 -0.19894 -0.0185016 0.000572213 0.389296 -0.249748 -0.00167288 -0.194362 0.0169757 0.000190738 0.394255 -0.249786 0.000848397
22 -0.00743866 0.00171661 0.0471122 -1.18298 -0.397307 -0.647555 0.0730526 1.08189 -0.706302 0.646029 -0.19894 -0.0185016 0.000572213 0.389296 -0.249748 -0.00167288 -0.194362 0.0169757 0.000190738 0.394255 -0.249786 0.000848397
22 -0.00743866 0.00171661 0.0471122 -1.18451 -0.395781 -0.647555 0.0730526 1.08418 -0.704395 0.646029 -0.19894 -0.0185016 0.000572213 0.389296 -0.249748 -0.00167288 -0.194362 0.0169757 0.000190738 0.394255 -0.249786 0.000848397
22 -0.00743866 0.00171661 0.0471122 -1.18603 -0.394636 -0.647555 0.073434 1.08532 -0.702487 0.646029 -0.19894 -0.0185016 0.000572213 0.389296 -0.249748 -0.00167288 -0.194362 0.0169757 0.000190738 0.394255 -0.249786 0.000848397
22 -0.00743866 0.00171661 0.0474937 -1.18794 -0.393492 -0.647555 0.0738155 1.08685 -0.700198 0.646029 -0.19894 -0.0185016 0.000572213 0.389296 -0.249748 -0.00167288 -0.194362 0.0169757 0.000190738 0.394255 -0.249786 0.000848397
22 -0.00743866 0.00171661 0.0474937 -1.18908 -0.392729 -0.647555 0.0738155 1.08875 -0.698291 0.646029 -0.19894 -0.0185016 0.000572213 0.389296 -0.249748 -0.00167288 -0.194362 0.0169757 0.000190738 0.394255 -0.249786 0.000848397
22 -0.00743866 0.00171661 0.0474937 -1.19061 -0.391585 -0.647555 0.074197 1.09066 -0.696765 0.646029 -0.19894 -0.0185016 0.000572213 0.389296 -0.249748 -0.00167288 -0.194362 0.0169757 0.000190738 0.394255 -0.249786 0.000848397
22 -0.00743866 0.00171661 0.0478752 -1.19175 -0.39044 -0.647555 0.074197 1.09181 -0.694858 0.646029 -0.19894 -0.0185016 0.000572213 0.389296 -0.249748 -0.00167288 -0.194362 0.0169757 0.000190738 0.394255 -0.249786 0.000848397
22 -0.00743866 0.00171661 0.0478752 -1.19366 -0.389296 -0.647555 0.0745785 1.09333 -0.69295 0.646029 -0.19894 -0.0185016 0.000572213 0.389296 -0.249748 -0.00167288 -0.194362 0.0169757 0.000190738 0.394255 -0.249786 0.000848397
22 -0.00743866 0.00171661 0.0478752 -1.19481 -0.388151 -0.647555 0.0745785 1.09562 -0.690661 0.646029 -0.19894 -0.0185016 0.000572213 0.389296 -0.249748 -0.00167288 -0.194362 0.0169757 0.000190738 0.394255 -0.249786 0.000848397
22 -0.00743866 0.00171661 0.0482567 -1.19633 -0.387388 -0.647555 0.0749599 1.09715 -0.689136 0.646029 -0.19894 -0.0185016 0.000572213 0.389296 -0.249748 -0.00167288 -0.194362 0.0169757 0.000190738 0.394255 -0.249786 0.000848397
22 -0.00743866 0.00171661 0.0482567 -1.19748 -0.386244 -0.647555 0.0749599 1.09867 -0.687228 0.646029 -0.19894 -0.0185016 0.000572213 0.389296 -0.249748 -0.00167288 -0.194362 0.0169757 0.000190738 0.394255 -0.249786 0.000848397
22 -0.00743866 0.00171661 0.0486381 -1.19938 -0.385481 -0.647555 0.0753414 1.09982 -0.684939 0.646029 -0.19894 -0.0185016 0.000572213 0.389296 -0.249748 -0.00167288 -0.194362 0.0169757 0.000190738 0.394255 -0.249786 0.000848397
22 -0.00743866 0.00171661 0.0486381 -1.20091 -0.384718 -0.647555 0.0753414 1.10211 -0.683413 0.646029 -0.19894 -0.0185016 0.000572213 0.389296 -0.249748 -0.00167288 -0.194362 0.0169757 0.000190738 0.394255 -0.249786 0.000848397
22 -0.00743866 0.00171661 0.0490196 -1.20205 -0.383574 -0.647555 0.0753414 1.10363 -0.681506 0.646029 -0.19894 -0.0185016 0.000572213 0.389296 -0.249748 -0.00167288 -0.194362 0.0169757 0.000190738 0.394255 -0.249786 0.000848397
22 -0.00743866 0.00171661 0.0490196 -1.20358 -0.382429 -0.647555 0.0757229 1.10478 -0.679599 0.646029 -0.19894 -0.0185016 0.000572213 0.389296 -0.249748 -0.00167288 -0.194362 0.0169757 0.000190738 0.394255 -0.249786 0.000848397
22 -0.00743866 0.00171661 0.0494011 -1.2051 -0.381666 -0.647555 0.0757229 1.10668 -0.677691 0.646029 -0.19894 -0.0185016 0.000572213 0.389296 -0.249748 -0.00167288 -0.194362 0.0169757 0.000190738 0.394255 -0.249786 0.000848397
22 -0.00743866 0.00171661 0.0494011 -1.20663 -0.380522 -0.647555 0.0757229 1.10897 -0.675784 0.646029 -0.19894 -0.0185016 0.000572213 0.389296 -0.249748 -0.00167288 -0.194362 0.0169757 0.000190738 0.394255 -0.249786 0.000848397
22 -0.00743866 0.00171661 0.0497826 -1.20778 -0.379377 -0.647555 0.0761044 1.11012 -0.673877 0.646029 -0.19894 -0.0185016 0.000572213 0.389296 -0.249748 -0.00167288 -0.194362 0.0169757 0.000190738 0.394255 -0.249786 0.000848397
22 -0.00743866 0.00171661 0.050164 -1.2093 -0.378614 -0.647555 0.0761044 1.11126 -0.671969 0.646029 -0.19894 -0.0185016 0.000572213 0.389296 -0.249748 -0.00167288 -0.194362 0.0169757 0.000190738 0.394255 -0.249786 0.000848397
22 -0.00743866 0.00171661 0.050164 -1.21045 -0.37747 -0.647555 0.0761044 1.11317 -0.670443 0.646029 -0.19894 -0.0185016 0.000572213 0.389296 -0.249748 -0.00167288 -0.194362 0.0169757 0.000190738 0.394255 -0.249786 0.000848397
22 -0.00743866 0.00171661 0.050164 -1.21235 -0.376326 -0.647555 0.0761044 1.11508 -0.668536 0.646029 -0.19894 -0.0185016 0.000572213 0.389296 -0.249748 -0.00167288 -0.194362 0.0169757 0.000190738 0.394255 -0.249786 0.000848397
22 -0.00743866 0.00171661 0.0505455 -1.21388 -0.375563 -0.647555 0.0764858 1.1166 -0.666247 0.646029 -0.19894 -0.0185016 0.000572213 0.389296 -0.249748 -0.00167288 -0.194362 0.0169757 0.000190738 0.394255 -0.249786 0.000848397
22 -0.00743866 0.00171661 0.0505455 -1.2154 -0.3748 -0.647555 0.0764858 1.11775 -0.664721 0.646029 -0.19894 -0.0185016 0.000572213 0.389296 -0.249748 -0.00167288 -0.194362 0.0169757 0.000190738 0.394255 -0.249786 0.000848397
22 -0.00743866 0.00171661 0.050927 -1.21693 -0.374037 -0.647555 0.0764858 1.12004 -0.662432 0.646029 -0.19894 -0.0185016 0.000572213 0.389296 -0.249748 -0.00167288 -0.194362 0.0169757 0.000190738 0.394255 -0.249786 0.000848397
22 -0.00743866 0.00171661 0.050927 -1.21846 -0.372892 -0.647555 0.0764858 1.12194 -0.660525 0.646029 -0.19894 -0.0185016 0.000572213 0.389296 -0.249748 -0.00167288 -0.194362 0.0169757 0.000190738 0.394255 -0.249786 0.000848397
22 -0.00743866 0.00171661 0.050927 -1.21998 -0.372129 -0.647555 0.0768673 1.12309 -0.658999 0.646029 -0.19894 -0.0185016 0.000572213 0.389296 -0.249748 -0.00167288 -0.194362 0.0169757 0.000190738 0.394255 -0.249786 0.000848397
22 -0.00743866 0.00171661 0.0513085 -1.22151 -0.370985 -0.647555 0.0768673 1.12423 -0.65671 0.646029 -0.19894 -0.0185016 0.000572213 0.389296 -0.249748 -0.00167288 -0.194362 0.0169757 0.000190738 0.394255 -0.249786 0.000848397
22 -0.00743866 0.00171661 0.0513085 -1.22265 -0.369841 -0.647555 0.0768673 1.12614 -0.654803 0.646029 -0.19894 -0.0185016 0.000572213 0.389296 -0.249748 -0.00167288 -0.194362 0.0169757 0.000190738 0.394255 -0.249786 0.000848397
22 -0.00743866 0.00171661 0.0516899 -1.22418 -0.369078 -0.647555 0.0768673 1.12805 -0.652895 0.646029 -0.19894 -0.0185016 0.000572213 0.389296 -0.249748 -0.00167288 -0.194362 0.0169757 0.000190738 0.394255 -0.249786 0.000848397
22 -0.00743866 0.00171661 0.0520714 -1.22609 -0.368315 -0.647555 0.0772488 1.12957 -0.650607 0.646029 -0.19894 -0.0185016 0.000572213 0.389296 -0.249748 -0.00167288 -0.194362 0.0169757 0.000190738 0.394255 -0.249786 0.000848397
22 -0.00743866 0.00171661 0.0520714 -1.22723 -0.367552 -0.647555 0.0772488 1.13072 -0.648699 0.646029 -0.19894 -0.0185016 0.000572213 0.389296 -0.249748 -0.00167288 -0.194362 0.0169757 0.000190738 0.394255 -0.249786 0.000848397
22 -0.00743866 0.00171661 0.0524529 -1.22837 -0.366407 -0.647555 0.0772488 1.13301 -0.646792 0.646029 -0.19894 -0.0185016 0.000572213 0.389296 -0.249748 -0.00167288 -0.194362 0.0169757 0.000190738 0.394255 -0.249786 0.000848397
22 -0.00743866 0.00171661 0.0528344 -1.23028 -0.365644 -0.647555 0.0772488 1.13453 -0.644884 0.646029 -0.19894 -0.0185016 0.000572213 0.389296 -0.249748 -0.00167288 -0.194362 0.0169757 0.000190738 0.394255 -0.249786 0.000848397
22 -0.00743866 0.00171661 0.0532158 -1.23181 -0.3645 -0.647555 0.0776303 1.13568 -0.642596 0.646029 -0.19894 -0.0185016 0.000572213 0.389296 -0.249748 -0.00167288 -0.194362 0.0169757 0.000190738 0.394255 -0.249786 0.000848397
22 -0.00743866 0.00171661 0.0532158 -1.23295 -0.363737 -0.647555 0.0776303 1.13682 -0.640688 0.646029 -0.19894 -0.0185016 0.000572213 0.389296 -0.249748 -0.00167288 -0.194362 0.0169757 0.000190738 0.394255 -0.249786 0.000848397
22 -0.00743866 0.00171661 0.0535973 -1.23448 -0.362974 -0.647555 0.0776303 1.13911 -0.638399 0.646029 -0.19894 -0.0185016 0.000572213 0.389296 -0.249748 -0.00167288 -0.194362 0.0169757 0.000190738 0.394255 -0.249786 0.000848397
22 -0.00743866 0.00171661 0.0539788 -1.236 -0.362211 -0.647555 0.0780118 1.14064 -0.63611 0.64641 -0.19894 -0.0185016 0.000572213 0.389296 -0.249748 -0.00167288 -0.194362 0.0169757 0.000190738 0.394255 -0.249786 0.000848397
22 -0.00743866 0.00171661 0.0539788 -1.23791 -0.361448 -0.647555 0.0780118 1.14178 -0.634203 0.64641 -0.19894 -0.0185016 0.000572213 0.389296 -0.249748 -0.00167288 -0.194362 0.0169757 0.000190738 0.394255 -0.249786 0.000848397
22 -0.00743866 0.00171661 0.0543603 -1.23906 -0.360304 -0.647555 0.0780118 1.14331 -0.632296 0.64641 -0.19894 -0.0185016 0.000572213 0.389296 -0.249748 -0.00167288 -0.194362 0.0169757 0.000190738 0.394255 -0.249951 0.00124844
22 -0.00743866 0.00171661 0.0543603 -1.24058 -0.359541 -0.647555 0.0783932 1.14521 -0.630007 0.64641 -0.19894 -0.0185016 0.000572213 0.389296 -0.249748 -0.00167288 -0.194362 0.0169757 0.000190738 0.394255 -0.249786 0.00084883
22 -0.00743866 0.00171661 0.0547417 -1.24173 -0.358396 -0.647555 0.0783932 1.14674 -0.627718 0.64641 -0.19894 -0.0185016 0.000572213 0.389296 -0.249748 -0.00167288 -0.194362 0.0169757 0.000190738 0.394255 -0.249786 0.000848397
22 -0.00743866 0.00171661 0.0551232 -1.24363 -0.357252 -0.647555 0.0787747 1.14827 -0.625429 0.64641 -0.19894 -0.0185016 0.000572213 0.389296 -0.249748 -0.00167288 -0.194362 0.0169757 0.000190738 0.394255 -0.249786 0.000848397
22 -0.00743866 0.00171661 0.0555047 -1.24478 -0.35687 -0.647555 0.0787747 1.14941 -0.623522 0.64641 -0.19894 -0.0185016 0.000572213 0.389296 -0.249748 -0.00167288 -0.194362 0.0169757 0.000190738 0.394255 -0.249786 0.000848397
22 -0.00743866 0.00171661 0.0558862 -1.2463 -0.355726 -0.647555 0.0787747 1.15132 -0.621614 0.64641 -0.19894 -0.0185016 0.000572213 0.389296 -0.249748 -0.00167288 -0.194362 0.0169757 0.000190738 0.394255 -0.249786 0.000848397
22 -0.00743866 0.00171661 0.0562676 -1.24745 -0.354963 -0.647555 0.0791562 1.15284 -0.619326 0.64641 -0.19894 -0.0185016 0.000572213 0.389296 -0.249748 -0.00167288 -0.194362 0.0169757 0.000190738 0.394255 -0.249786 0.000848397
22 -0.00743866 0.00171661 0.0566491 -1.24936 -0.3542 -0.647555 0.0791562 1.15437 -0.617037 0.64641 -0.19894 -0.0185016 0.000572213 0.389296 -0.249748 -0.00167288 -0.194362 0.0169757 0.000190738 0.394255 -0.249786 0.000848397
22 -0.00743866 0.00171661 0.0570306 -1.2505 -0.353437 -0.647555 0.0791562 1.15551 -0.615129 0.64641 -0.19894 -0.0185016 0.000572213 0.389296 -0.249748 -0.00167288 -0.194362 0.0169757 0.000190738 0.394255 -0.249786 0.000848397
22 -0.00743866 0.00171661 0.0570306 -1.25203 -0.352293 -0.647555 0.0791562 1.15742 -0.61284 0.64641 -0.19894 -0.0185016 0.000572213 0.389296 -0.249748 -0.00167288 -0.194362 0.0169757 0.000190738 0.394255 -0.249951 0.00124844
22 -0.00743866 0.00171661 0.0574121 -1.25317 -0.35153 -0.647555 0.0795377 1.15895 -0.610552 0.64641 -0.19894 -0.0185016 0.000572213 0.389296 -0.249748 -0.00167288 -0.194362 0.0169757 0.000190738 0.394255 -0.249951 0.001248
22 -0.00743866 0.00171661 0.0577935 -1.2547 -0.350767 -0.647173 0.0795377 1.16047 -0.608644 0.64641 -0.19894 -0.0185016 0.000572213 0.389296 -0.249748 -0.00167288 -0.194362 0.0169757 0.000190738 0.394255 -0.250153 0.000822788
22 -0.00743866 0.00171661 0.058175 -1.25622 -0.350385 -0.647173 0.0795377 1.16162 -0.606355 0.64641 -0.19894 -0.0185016 0.000572213 0.389296 -0.249748 -0.00167288 -0.194362 0.0169757 0.000190738 0.394255 -0.249951 0.00124786
22 -0.00743866 0.00171661 0.0585565 -1.25737 -0.349622 -0.647173 0.0795377 1.16352 -0.604067 0.64641 -0.19894 -0.0185016 0.000572213 0.389296 -0.249748 -0.00167288 -0.194362 0.0169757 0.000190738 0.394255 -0.249786 0.000848829
22 -0.00782013 0.00171661 0.058938 -1.25851 -0.348859 -0.647173 0.0799191 1.16543 -0.602159 0.64641 -0.19894 -0.0185016 0.000572213 0.389296 -0.249748 -0.00167288 -0.194362 0.0169757 0.000190738 0.394255 -0.249951 0.00124844
22 -0.00743866 0.00171661 0.058938 -1.25966 -0.348096 -0.647173 0.0799191 1.16658 -0.59987 0.64641 -0.19894 -0.0185016 0.000572213 0.389296 -0.249748 -0.00167288 -0.194362 0.0169757 0.000190738 0.394255 -0.249951 0.001248
22 -0.00743866 0.00171661 0.0593194 -1.26156 -0.347333 -0.647173 0.0799191 1.16772 -0.597581 0.646792 -0.19894 -0.0185016 0.000572213 0.389296 -0.249748 -0.00167288 -0.194362 0.0169757 0.000190738 0.394255 -0.249951 0.001248
22 -0.00743866 0.00171661 0.0597009 -1.26309 -0.346189 -0.647173 0.0799191 1.16925 -0.596056 0.646792 -0.19894 -0.0185016 0.000572213 0.389296 -0.249748 -0.00167288 -0.194362 0.0169757 0.000190738 0.394255 -0.249951 0.001248
22 -0.00743866 0.00171661 0.0600824 -1.26423 -0.345426 -0.647173 0.0803006 1.17154 -0.593767 0.646792 -0.19894 -0.0185016 0.000572213 0.389296 -0.249748 -0.00167288 -0.194362 0.0169757 0.000190738 0.394255 -0.249786 0.000848829
22 -0.00743866 0.00171661 0.0604639 -1.26538 -0.344663 -0.647173 0.0803006 1.17268 -0.591478 0.646792 -0.19894 -0.0185016 0.000572213 0.389296 -0.249748 -0.00167288 -0.194362 0.0169757 0.000190738 0.394255 -0.249951 0.00124844
22 -0.00743866 0.00171661 0.0604639 -1.2669 -0.344282 -0.647173 0.0803006 1.17382 -0.58957 0.646792 -0.19894 -0.0185016 0.000572213 0.389296 -0.249748 -0.00167288 -0.194362 0.0169757 0.000190738 0.394255 -0.250153 0.000822788
22 -0.00743866 0.00171661 0.0608453 -1.26843 -0.343519 -0.647173 0.0803006 1.17535 -0.587282 0.646792 -0.19894 -0.0185016 0.000572213 0.389296 -0.249748 -0.00167288 -0.194362 0.0169757 0.000190738 0.394255 -0.249951 0.00124786
22 -0.00743866 0.00171661 0.0612268 -1.26957 -0.342756 -0.647173 0.0803006 1.17764 -0.584993 0.646792 -0.19894 -0.0185016 0.000572213 0.389296 -0.249748 -0.00167288 -0.194362 0.0169757 0.000190738 0.394255 -0.249951 0.001248
22 -0.00743866 0.00171661 0.0616083 -1.27072 -0.341993 -0.647173 0.0803006 1.17878 -0.583085 0.646792 -0.19894 -0.0185016 0.000572213 0.389296 -0.249748 -0.00167288 -0.194362 0.0169757 0.000190738 0.394255 -0.249786 0.000848829
22 -0.00743866 0.00171661 0.0616083 -1.27186 -0.34123 -0.647173 0.0803006 1.17993 -0.580797 0.646792 -0.19894 -0.0185016 0.000572213 0.389296 -0.249748 -0.00167288 -0.194362 0.0169757 0.000190738 0.394255 -0.249786 0.000848397
22 -0.00743866 0.00171661 0.0619898 -1.27301 -0.340085 -0.647173 0.0803006 1.18145 -0.578508 0.646792 -0.19894 -0.0185016 0.000572213 0.389296 -0.249748 -0.00167288 -0.194362 0.0169757 0.000190738 0.394255 -0.249786 0.000848397
22 -0.00743866 0.00171661 0.0623713 -1.27453 -0.339323 -0.647173 0.0803006 1.18374 -0.5766 0.647173 -0.19894 -0.0185016 0.000572213 0.389296 -0.249748 -0.00167288 -0.194362 0.0169757 0.000190738 0.394255 -0.249786 0.000848397
22 -0.00743866 0.00171661 0.0627527 -1.27606 -0.33856 -0.647173 0.0803006 1.18489 -0.574311 0.647173 -0.19894 -0.0185016 0.000572213 0.389296 -0.249748 -0.00167288 -0.194362 0.0169757 0.000190738 0.394255 -0.249786 0.000848397
22 -0.00743866 0.00171661 0.0627527 -1.2772 -0.338178 -0.647173 0.0803006 1.18603 -0.572404 0.647173 -0.19894 -0.0185016 0.000572213 0.389296 -0.249748 -0.00167288 -0.194362 0.0169757 0.000190738 0.394255 -0.249786 0.000848397
22 -0.00743866 0.00171661 0.0631342 -1.27835 -0.337797 -0.647173 0.0803006 1.18718 -0.570115 0.647173 -0.19894 -0.0185016 0.000572213 0.389296 -0.249748 -0.00167288 -0.194362 0.0169757 0.000190738 0.394255 -0.249786 0.000848397
22 -0.00743866 0.00171661 0.0635157 -1.27987 -0.337034 -0.647173 0.0803006 1.18946 -0.567826 0.647173 -0.19894 -0.0185016 0.000572213 0.389296 -0.249748 -0.00167288 -0.194362 0.0169757 0.000190738 0.394255 -0.249951 0.00124844
22 -0.00743866 0.00171661 0.0635157 -1.2814 -0.336271 -0.647173 0.0803006 1.19061 -0.565919 0.647173 -0.19894 -0.0185016 0.000572213 0.389296 -0.249748 -0.00167288 -0.194362 0.0169757 0.000190738 0.394255 -0.249786 0.00084883
22 -0.00743866 0.00171661 0.0638972 -1.28216 -0.335508 -0.647173 0.0803006 1.19175 -0.56363 0.647555 -0.19894 -0.0185016 0.000572213 0.389296 -0.249748 -0.00167288 -0.194362 0.0169757 0.000190738 0.394255 -0.249786 0.000848397
22 -0.00743866 0.00171661 0.0642786 -1.28369 -0.335126 -0.647173 0.0803006 1.19328 -0.561341 0.647555 -0.19894 -0.0185016 0.000572213 0.389296 -0.249748 -0.00167288 -0.194362 0.0169757 0.000190738 0.394255 -0.249951 0.00124844
22 -0.00743866 0.00171661 0.0646601 -1.28483 -0.333982 -0.647173 0.0803006 1.19557 -0.559434 0.647555 -0.19894 -0.0185016 0.000572213 0.389296 -0.249748 -0.00167288 -0.194362 0.0169757 0.000190738 0.394255 -0.249786 0.00084883
22 -0.00743866 0.00171661 0.0646601 -1.28636 -0.333219 -0.647173 0.0803006 1.19671 -0.557527 0.647555 -0.19894 -0.0185016 0.000572213 0.389296 -0.249748 -0.00167288 -0.194362 0.0169757 0.000190738 0.394255 -0.249786 0.000848397
22 -0.00743866 0.00171661 0.0650416 -1.2875 -0.332456 -0.647173 0.0803006 1.19786 -0.555238 0.647936 -0.19894 -0.0185016 0.000572213 0.389296 -0.249748 -0.00167288 -0.194362 0.0169757 0.000190738 0.394255 -0.249786 0.000848397
22 -0.00743866 0.00171661 0.0654231 -1.28903 -0.331693 -0.647173 0.0803006 1.199 -0.55333 0.647936 -0.19894 -0.0185016 0.000572213 0.389296 -0.249748 -0.00167288 -0.194362 0.0169757 0.000190738 0.394255 -0.249786 0.000848397
22 -0.00743866 0.00171661 0.0658045 -1.29017 -0.331312 -0.647173 0.0803006 1.20091 -0.55066 0.647936 -0.19894 -0.0185016 0.000572213 0.389296 -0.249748 -0.00167288 -0.194362 0.0169757 0.000190738 0.394255 -0.249786 0.000848397
22 -0.00743866 0.00171661 0.0658045 -1.29132 -0.330549 -0.647173 0.0803006 1.20243 -0.548753 0.648318 -0.19894 -0.0185016 0.000572213 0.389296 -0.249748 -0.00167288 -0.194362 0.0169757 0.000190738 0.394255 -0.249786 0.000848397
22 -0.00743866 0.00171661 0.066186 -1.29284 -0.329786 -0.647173 0.0803006 1.20396 -0.546845 0.648318 -0.19894 -0.0185016 0.000572213 0.389296 -0.249748 -0.00167288 -0.194362 0.0169757 0.000190738 0.394255 -0.249786 0.000848397
22 -0.00743866 0.00171661 0.066186 -1.29399 -0.329023 -0.647173 0.0799191 1.2051 -0.544938 0.648699 -0.19894 -0.0185016 0.000572213 0.389296 -0.249748 -0.00167288 -0.194362 0.0169757 0.000190738 0.394255 -0.249786 0.000848397
22 -0.00743866 0.00171661 0.0665675 -1.29551 -0.32826 -0.647173 0.0799191 1.20663 -0.542649 0.648699 -0.19894 -0.0185016 0.000572213 0.389296 -0.249748 -0.00167288 -0.194362 0.0169757 0.000190738 0.394255 -0.249786 0.000848397
22 -0.00743866 0.00171661 0.0665675 -1.29666 -0.327497 -0.647173 0.0799191 1.20854 -0.540742 0.649081 -0.19894 -0.0185016 0.000572213 0.389296 -0.249748 -0.00167288 -0.194362 0.0169757 0.000190738 0.394255 -0.249786 0.000848397
22 -0.00743866 0.00171661 0.0665675 -1.2978 -0.326734 -0.647173 0.0799191 1.20968 -0.538453 0.649462 -0.19894 -0.0185016 0.000572213 0.389296 -0.249748 -0.00167288 -0.194362 0.0169757 0.000190738 0.394255 -0.249786 0.000848397
22 -0.00743866 0.00171661 0.066949 -1.29933 -0.325971 -0.647173 0.0799191 1.21083 -0.536545 0.649844 -0.19894 -0.0185016 0.000572213 0.389296 -0.249748 -0.00167288 -0.194362 0.0169757 0.000190738 0.394255 -0.249786 0.000848397
22 -0.00743866 0.00171661 0.066949 -1.30086 -0.325589 -0.647173 0.0799191 1.21197 -0.534638 0.650225 -0.19894 -0.0185016 0.000572213 0.389296 -0.249748 -0.00167288 -0.194362 0.0169757 0.000190738 0.394255 -0.249786 0.000848397
22 -0.00743866 0.00171661 0.0673304 -1.302 -0.324826 -0.647173 0.0799191 1.21426 -0.532349 0.650607 -0.19894 -0.0185016 0.000572213 0.389296 -0.249748 -0.00167288 -0.194362 0.0169757 0.000190738 0.394255 -0.249786 0.000848397
22 -0.00743866 0.00171661 0.0677119 -1.30314 -0.324063 -0.647173 0.0799191 1.2154 -0.530442 0.65137 -0.19894 -0.0185016 0.000572213 0.389296 -0.249748 -0.00167288 -0.194362 0.0169757 0.000190738 0.394255 -0.249951 0.00124844
22 -0.00743866 0.00171661 0.0677119 -1.30429 -0.323682 -0.647173 0.0799191 1.21655 -0.528153 0.652132 -0.19894 -0.0185016 0.000572213 0.389296 -0.249748 -0.00167288 -0.194362 0.0169757 0.000190738 0.394255 -0.249951 0.001248
22 -0.00743866 0.00171661 0.0680934 -1.3062 -0.322919 -0.647173 0.0799191 1.21769 -0.525864 0.652514 -0.19894 -0.0185016 0.000572213 0.389296 -0.249748 -0.00167288 -0.194362 0.0169757 0.000190738 0.394255 -0.249786 0.000848829
22 -0.00743866 0.00171661 0.0684749 -1.30696 -0.322156 -0.647173 0.0799191 1.2196 -0.523957 0.652895 -0.19894 -0.0185016 0.000572213 0.389296 -0.249748 -0.00167288 -0.194362 0.0169757 0.000190738 0.394255 -0.249951 0.00124844
22 -0.00743866 0.00171661 0.0684749 -1.30848 -0.321393 -0.647173 0.0799191 1.22113 -0.522431 0.653658 -0.19894 -0.0185016 0.000572213 0.389296 -0.249748 -0.00167288 -0.194362 0.0169757 0.000190738 0.394255 -0.249951 0.001248
22 -0.00743866 0.00171661 0.0688563 -1.30963 -0.320249 -0.647173 0.0799191 1.22227 -0.520142 0.654421 -0.19894 -0.0185016 0.000572213 0.389296 -0.249748 -0.00167288 -0.194362 0.0169757 0.000190738 0.394255 -0.249951 0.001248
22 -0.00743866 0.00171661 0.0688563 -1.31077 -0.319867 -0.647173 0.0799191 1.22342 -0.518235 0.655184 -0.19894 -0.0185016 0.000572213 0.389296 -0.249748 -0.00167288 -0.194362 0.0169757 0.000190738 0.394255 -0.249786 0.000848829
22 -0.00743866 0.00171661 0.0692378 -1.3123 -0.319104 -0.647173 0.0799191 1.22456 -0.515946 0.655947 -0.19894 -0.0185016 0.000572213 0.389296 -0.249748 -0.00167288 -0.194362 0.0169757 0.000190738 0.394255 -0.249786 0.000848397
22 -0.00743866 0.00171661 0.0692378 -1.31344 -0.318341 -0.647173 0.0799191 1.22685 -0.514038 0.657473 -0.19894 -0.0185016 0.000572213 0.389296 -0.249748 -0.00167288 -0.194362 0.0169757 0.000190738 0.394255 -0.249786 0.000848397
22 -0.00743866 0.00171661 0.0696193 -1.31459 -0.317578 -0.647173 0.0799191 1.22799 -0.512131 0.658618 -0.19894 -0.0185016 0.000572213 0.389296 -0.249748 -0.00167288 -0.194362 0.0169757 0.000190738 0.394255 -0.249786 0.000848397
22 -0.00743866 0.00171661 0.0696193 -1.31573 -0.316815 -0.647173 0.0799191 1.22914 -0.509842 0.65938 -0.19894 -0.0185016 0.000572213 0.389296 -0.249748 -0.00167288 -0.194362 0.0169757 0.000190738 0.394255 -0.249786 0.000848397
22 -0.00743866 0.00171661 0.0700008 -1.31726 -0.316052 -0.647173 0.0799191 1.23028 -0.508316 0.660143 -0.19894 -0.0185016 0.000572213 0.389296 -0.249748 -0.00167288 -0.194362 0.0169757 0.000190738 0.394255 -0.249786 0.000848397
22 -0.00743866 0.00171661 0.0700008 -1.3184 -0.314908 -0.647173 0.0795377 1.23219 -0.506409 0.660906 -0.19894 -0.0185016 0.000572213 0.389296 -0.249748 -0.00167288 -0.194362 0.0169757 0.000190738 0.394255 -0.249786 0.000848397
22 -0.00743866 0.00171661 0.0703822 -1.31955 -0.314145 -0.647173 0.0795377 1.23372 -0.503738 0.662051 -0.19894 -0.0185016 0.000572213 0.389296 -0.249748 -0.00167288 -0.194362 0.0169757 0.000190738 0.394255 -0.249786 0.000848397
22 -0.00743866 0.00171661 0.0703822 -1.32069 -0.313382 -0.647173 0.0795377 1.23486 -0.502213 0.663577 -0.19894 -0.0185016 0.000572213 0.389296 -0.249748 -0.00167288 -0.194362 0.0169757 0.000190738 0.394255 -0.249786 0.000848397
22 -0.00743866 0.00171661 0.0707637 -1.32184 -0.313001 -0.647173 0.0795377 1.236 -0.499924 0.664721 -0.19894 -0.0185016 0.000572213 0.389296 -0.249748 -0.00167288 -0.194362 0.0169757 0.000190738 0.394255 -0.249786 0.000848397
22 -0.00743866 0.00171661 0.0711452 -1.32298 -0.312238 -0.647173 0.0795377 1.23715 -0.498016 0.665484 -0.19894 -0.0185016 0.000572213 0.389296 -0.249748 -0.00167288 -0.194362 0.0169757 0.000190738 0.394255 -0.249786 0.000848397
22 -0.00743866 0.00171661 0.0711452 -1.32451 -0.311475 -0.647173 0.0795377 1.23944 -0.496109 0.666629 -0.19894 -0.0185016 0.000572213 0.389296 -0.249748 -0.00167288 -0.194362 0.0169757 0.000190738 0.394255 -0.249786 0.000848397
22 -0.00743866 0.00171661 0.0715267 -1.32603 -0.310712 -0.647173 0.0795377 1.24058 -0.494202 0.667773 -0.19894 -0.0185016 0.000572213 0.389296 -0.249748 -0.00167288 -0.194362 0.0169757 0.000190738 0.394255 -0.249786 0.000848397
22 -0.00743866 0.00171661 0.0715267 -1.3268 -0.309949 -0.647173 0.0795377 1.24173 -0.491913 0.669299 -0.19894 -0.0185016 0.000572213 0.389296 -0.249748 -0.00167288 -0.194362 0.0169757 0.000190738 0.394255 -0.249786 0.000848397
22 -0.00743866 0.00171661 0.0719081 -1.32794 -0.308804 -0.647173 0.0795377 1.24249 -0.490005 0.670825 -0.19894 -0.0185016 0.000572213 0.389296 -0.249748 -0.00167288 -0.194362 0.0169757 0.000190738 0.394255 -0.249786 0.000848397
22 -0.00743866 0.00171661 0.0719081 -1.32908 -0.30766 -0.647173 0.0791562 1.2444 -0.488098 0.671969 -0.19894 -0.0185016 0.000572213 0.389296 -0.249748 -0.00167288 -0.194362 0.0169757 0.000190738 0.394255 -0.249786 0.000848397
22 -0.00743866 0.00171661 0.0722896 -1.33023 -0.307279 -0.647173 0.0791562 1.2463 -0.485809 0.673114 -0.19894 -0.0185016 0.000572213 0.389296 -0.249748 -0.00167288 -0.194362 0.0169757 0.000190738 0.394255 -0.249786 0.000848397
22 -0.00743866 0.00171661 0.0722896 -1.33137 -0.306516 -0.647173 0.0791562 1.24745 -0.484283 0.674258 -0.19894 -0.0185016 0.000572213 0.389296 -0.249748 -0.00167288 -0.194362 0.0169757 0.000190738 0.394255 -0.249786 0.000848397
22 -0.00743866 0.00171661 0.0722896 -1.33214 -0.305371 -0.647173 0.0791562 1.24859 -0.481994 0.676165 -0.19894 -0.0185016 0.000572213 0.389296 -0.249748 -0.00167288 -0.194362 0.0169757 0.000190738 0.394255 -0.249786 0.000848397
22 -0.00743866 0.00171661 0.0726711 -1.33328 -0.304608 -0.647173 0.0791562 1.24936 -0.480087 0.67731 -0.19894 -0.0185016 0.000572213 0.389296 -0.249748 -0.00167288 -0.194362 0.0169757 0.000190738 0.394255 -0.249786 0.000848397
22 -0.00743866 0.00171661 0.0726711 -1.33443 -0.303845 -0.647173 0.0791562 1.25164 -0.47818 0.678454 -0.19894 -0.0185016 0.000572213 0.389296 -0.249748 -0.00167288 -0.194362 0.0169757 0.000190738 0.394255 -0.249786 0.000848397
22 -0.00743866 0.00171661 0.0726711 -1.33557 -0.303082 -0.647173 0.0791562 1.25279 -0.475891 0.679599 -0.19894 -0.0185016 0.000572213 0.389296 -0.249748 -0.00167288 -0.194362 0.0169757 0.000190738 0.394255 -0.249786 0.000848397
22 -0.00743866 0.00171661 0.0730526 -1.3371 -0.301938 -0.647173 0.0787747 1.25393 -0.473983 0.681506 -0.19894 -0.0185016 0.000572213 0.389296 -0.249748 -0.00167288 -0.194362 0.0169757 0.000190738 0.394255 -0.249786 0.000848397
22 -0.00743866 0.00171661 0.0730526 -1.33824 -0.301175 -0.647173 0.0787747 1.25508 -0.472076 0.683413 -0.19894 -0.0185016 0.000572213 0.389296 -0.249748 -0.00167288 -0.194362 0.0169757 0.000190738 0.394255 -0.249786 0.000848397
22 -0.00743866 0.00171661 0.073434 -1.339 -0.300412 -0.647173 0.0787747 1.2566 -0.469787 0.684558 -0.19894 -0.0185016 0.000572213 0.389296 -0.249748 -0.00167288 -0.194362 0.0169757 0.000190738 0.394255 -0.249951 0.00124844
22 -0.00743866 0.00171661 0.073434 -1.34015 -0.299649 -0.647173 0.0787747 1.25813 -0.46788 0.685702 -0.19894 -0.0185016 0.000572213 0.389296 -0.249748 -0.00167288 -0.194362 0.0169757 0.000190738 0.394255 -0.249951 0.001248
22 -0.00743866 0.00171661 0.0738155 -1.34091 -0.298886 -0.647173 0.0787747 1.25927 -0.465591 0.687228 -0.19894 -0.0185016 0.000572213 0.389296 -0.249748 -0.00167288 -0.194362 0.0169757 0.000190738 0.394255 -0.249951 0.001248
22 -0.00743866 0.00171661 0.0738155 -1.34205 -0.298123 -0.647173 0.0787747 1.26042 -0.463302 0.689136 -0.19894 -0.0185016 0.000572213 0.389296 -0.249748 -0.00167288 -0.194362 0.0169757 0.000190738 0.394255 -0.249951 0.001248
22 -0.00743866 0.00171661 0.0738155 -1.3432 -0.296979 -0.647173 0.0787747 1.26156 -0.461395 0.69028 -0.19894 -0.0185016 0.000572213 0.389296 -0.249748 -0.00167288 -0.194362 0.0169757 0.000190738 0.394255 -0.249988 0.00042403
22 -0.00743866 0.00171661 0.074197 -1.34434 -0.295834 -0.647173 0.0787747 1.26309 -0.459487 0.691806 -0.19894 -0.0185016 0.000572213 0.389296 -0.249748 -0.00167288 -0.194362 0.0169757 0.000190738 0.394255 -0.249988 0.000423329
22 -0.00743866 0.00171661 0.074197 -1.34511 -0.295071 -0.647173 0.0783932 1.26462 -0.45758 0.69295 -0.19894 -0.0185016 0.000572213 0.389296 -0.249748 -0.00167288 -0.194362 0.0169757 0.000190738 0.394255 -0.249988 0.000423329
22 -0.00743866 0.00171661 0.0745785 -1.34625 -0.294308 -0.647173 0.0783932 1.26576 -0.455291 0.695239 -0.19894 -0.0185016 0.000572213 0.389296 -0.249748 -0.00167288 -0.194362 0.0169757 0.000190738 0.394255 -0.249988 0.000423329
22 -0.00743866 0.00171661 0.0745785 -1.34701 -0.293545 -0.647173 0.0783932 1.2669 -0.453384 0.696384 -0.19894 -0.0185016 0.000572213 0.389296 -0.249748 -0.00167288 -0.194362 0.0169757 0.000190738 0.394255 -0.249786 0.000848257
22 -0.00743866 0.00171661 0.0745785 -1.34816 -0.292401 -0.647173 0.0783932 1.26767 -0.451095 0.69791 -0.19894 -0.0185016 0.000572213 0.389296 -0.249748 -0.00167288 -0.194362 0.0169757 0.000190738 0.394255 -0.249786 0.000848397
22 -0.00743866 0.00171661 0.0749599 -1.3493 -0.291638 -0.647173 0.0783932 1.26957 -0.448806 0.699435 -0.19894 -0.0185016 0.000572213 0.389296 -0.249748 -0.00167288 -0.194362 0.0169757 0.000190738 0.394255 -0.249786 0.000848397
22 -0.00782013 0.00171661 0.0749599 -1.35045 -0.290875 -0.647173 0.0783932 1.2711 -0.446899 0.701343 -0.19894 -0.0185016 0.000572213 0.389296 -0.249748 -0.00167288 -0.194362 0.0169757 0.000190738 0.394255 -0.249786 0.000848397
22 -0.00743866 0.00171661 0.0749599 -1.35159 -0.289731 -0.647173 0.0783932 1.27186 -0.444991 0.702869 -0.19894 -0.0185016 0.000572213 0.389296 -0.249748 -0.00167288 -0.194362 0.0169757 0.000190738 0.394255 -0.249951 0.00124844
22 -0.00743866 0.00171661 0.0749599 -1.35235 -0.288586 -0.647173 0.0783932 1.27301 -0.442702 0.704395 -0.19894 -0.0185016 0.000572213 0.389296 -0.249748 -0.00167288 -0.194362 0.0169757 0.000190738 0.394255 -0.249951 0.001248
22 -0.00743866 0.00171661 0.0749599 -1.35312 -0.288205 -0.647173 0.0783932 1.27377 -0.440795 0.705539 -0.19894 -0.0185016 0.000572213 0.389296 -0.249748 -0.00167288 -0.194362 0.0169757 0.000190738 0.394255 -0.249951 0.001248
22 -0.00743866 0.00171661 0.0749599 -1.35388 -0.287442 -0.647173 0.0783932 1.2753 -0.438506 0.707828 -0.19894 -0.0185016 0.000572213 0.389296 -0.249748 -0.00167288 -0.194362 0.0169757 0.000190738 0.394255 -0.249951 0.001248
22 -0.00743866 0.00171661 0.0749599 -1.35502 -0.286297 -0.647173 0.0783932 1.2772 -0.436217 0.709354 -0.19894 -0.0185016 0.000572213 0.389296 -0.249748 -0.00167288 -0.194362 0.0169757 0.000190738 0.394255 -0.249951 0.001248
22 -0.00743866 0.00171661 0.0749599 -1.35617 -0.285534 -0.647173 0.0783932 1.27797 -0.43431 0.71088 -0.19894 -0.0185016 0.000572213 0.389296 -0.249748 -0.00167288 -0.194362 0.0169757 0.000190738 0.394255 -0.249951 0.001248
22 -0.00743866 0.00171661 0.0749599 -1.35693 -0.284772 -0.647173 0.0783932 1.27911 -0.432021 0.712406 -0.19894 -0.0185016 0.000572213 0.389296 -0.249748 -0.00167288 -0.194362 0.0169757 0.000190738 0.394255 -0.249786 0.000848829
22 -0.00743866 0.00171661 0.0749599 -1.3577 -0.283627 -0.647173 0.0783932 1.27987 -0.430114 0.714313 -0.19894 -0.0185016 0.000572213 0.389296 -0.249748 -0.00167288 -0.194362 0.0169757 0.000190738 0.394255 -0.249786 0.000848397
22 -0.00743866 0.00171661 0.0749599 -1.35884 -0.282483 -0.647173 0.0780118 1.28178 -0.427825 0.715839 -0.19894 -0.0185016 0.000572213 0.389296 -0.249748 -0.00167288 -0.194362 0.0169757 0.000190738 0.394255 -0.249786 0.000848397
22 -0.00743866 0.00171661 0.0749599 -1.3596 -0.28172 -0.647173 0.0780118 1.28331 -0.425536 0.717365 -0.19894 -0.0185016 0.000572213 0.389296 -0.249748 -0.00167288 -0.194362 0.0169757 0.000190738 0.394255 -0.249786 0.000848397
22 -0.00743866 0.00171661 0.0749599 -1.36113 -0.280957 -0.647173 0.0780118 1.28407 -0.423629 0.719654 -0.19894 -0.0185016 0.000572213 0.389296 -0.249748 -0.00167288 -0.194362 0.0169757 0.000190738 0.394255 -0.249786 0.000848397
22 -0.00743866 0.00171661 0.0749599 -1.36227 -0.280194 -0.647173 0.0780118 1.28521 -0.421721 0.72118 -0.19894 -0.0185016 0.000572213 0.389296 -0.249748 -0.00167288 -0.194362 0.0169757 0.000190738 0.394255 -0.249786 0.000848397
22 -0.00743866 0.00171661 0.0749599 -1.36304 -0.279049 -0.647173 0.0780118 1.28598 -0.419432 0.722705 -0.19894 -0.0185016 0.000572213 0.389296 -0.249748 -0.00167288 -0.194362 0.0169757 0.000190738 0.394255 -0.249786 0.000848397
22 -0.00743866 0.00171661 0.0749599 -1.3638 -0.277905 -0.647173 0.0780118 1.28712 -0.417144 0.724231 -0.19894 -0.0185016 0.000572213 0.389296 -0.249748 -0.00167288 -0.194362 0.0169757 0.000190738 0.394255 -0.249786 0.000848397
22 -0.00743866 0.00171661 0.0749599 -1.36494 -0.277142 -0.647173 0.0780118 1.28865 -0.415236 0.72652 -0.19894 -0.0185016 0.000572213 0.389296 -0.249748 -0.00167288 -0.194362 0.0169757 0.000190738 0.394255 -0.249786 0.000848397
22 -0.00743866 0.00171661 0.0749599 -1.36571 -0.275998 -0.647173 0.0776303 1.28979 -0.412947 0.728046 -0.19894 -0.0185016 0.000572213 0.389296 -0.249748 -0.00167288 -0.194362 0.0169757 0.000190738 0.394255 -0.249786 0.000848397
22 -0.00743866 0.00171661 0.0749599 -1.36647 -0.275616 -0.647173 0.0776303 1.29094 -0.410658 0.729572 -0.19894 -0.0185016 0.000572213 0.389296 -0.249748 -0.00167288 -0.194362 0.0169757 0.000190738 0.394255 -0.249786 0.000848397
22 -0.00743866 0.00171661 0.0749599 -1.36761 -0.274472 -0.647173 0.0776303 1.2917 -0.408751 0.731479 -0.19894 -0.0185016 0.000572213 0.389296 -0.249748 -0.00167288 -0.194362 0.0169757 0.000190738 0.394255 -0.249988 0.000423189
22 -0.00743866 0.00171661 0.0749599 -1.36838 -0.273709 -0.647173 0.0776303 1.29246 -0.406462 0.733768 -0.19894 -0.0185016 0.000572213 0.389296 -0.249748 -0.00167288 -0.194362 0.0169757 0.000190738 0.394255 -0.249951 0.00124871
22 -0.00743866 0.00171661 0.0749599 -1.36914 -0.272946 -0.647173 0.0776303 1.29399 -0.404173 0.734913 -0.19894 -0.0185016 0.000572213 0.389296 -0.249748 -0.00167288 -0.194362 0.0169757 0.000190738 0.394255 -0.249786 0.00084883
22 -0.00743866 0.00171661 0.0749599 -1.3699 -0.271801 -0.647173 0.0776303 1.29551 -0.402266 0.736439 -0.19894 -0.0185016 0.000572213 0.389296 -0.249748 -0.00167288 -0.194362 0.0169757 0.000190738 0.394255 -0.249951 0.00124844
22 -0.00743866 0.00171661 0.0749599 -1.37105 -0.270657 -0.647173 0.0772488 1.29628 -0.399977 0.738727 -0.19894 -0.0185016 0.000572213 0.389296 -0.249748 -0.00167288 -0.194362 0.0169757 0.000190738 0.394255 -0.249951 0.001248
22 -0.00743866 0.00171661 0.0749599 -1.37181 -0.269894 -0.647173 0.0772488 1.29742 -0.39807 0.740253 -0.19894 -0.0185016 0.000572213 0.389296 -0.249748 -0.00167288 -0.194362 0.0169757 0.000190738 0.394255 -0.249786 0.000848829
22 -0.00743866 0.00171661 0.0749599 -1.37295 -0.269131 -0.647173 0.0772488 1.29818 -0.396162 0.742161 -0.19894 -0.0185016 0.000572213 0.389296 -0.249748 -0.00167288 -0.194362 0.0169757 0.000190738 0.394255 -0.249951 0.00124844
22 -0.00743866 0.00171661 0.0749599 -1.37448 -0.267987 -0.647173 0.0772488 1.29895 -0.393874 0.744068 -0.19894 -0.0185016 0.000572213 0.389296 -0.249748 -0.00167288 -0.194362 0.0169757 0.000190738 0.394255 -0.249786 0.00084883
22 -0.00743866 0.00171661 0.0749599 -1.37524 -0.267224 -0.647173 0.0772488 1.30047 -0.391585 0.745975 -0.19894 -0.0185016 0.000572213 0.389296 -0.249748 -0.00167288 -0.194362 0.0169757 0.000190738 0.394255 -0.249951 0.00124844
22 -0.00743866 0.00171661 0.0749599 -1.37639 -0.266079 -0.647173 0.0772488 1.302 -0.389677 0.747501 -0.19894 -0.0185016 0.000572213 0.389296 -0.249748 -0.00167288 -0.194362 0.0169757 0.000190738 0.394255 -0.249786 0.00084883
22 -0.00743866 0.00171661 0.0749599 -1.37715 -0.265316 -0.647173 0.0768673 1.30314 -0.387388 0.749027 -0.19894 -0.0185016 0.000572213 0.389296 -0.249748 -0.00167288 -0.194362 0.0169757 0.000190738 0.394255 -0.249786 0.000848397
22 -0.00743866 0.00171661 0.0749599 -1.37791 -0.264172 -0.647173 0.0768673 1.30391 -0.385481 0.750935 -0.19894 -0.0185016 0.000572213 0.389296 -0.249748 -0.00167288 -0.194362 0.0169757 0.000190738 0.394255 -0.249786 0.000848397
22 -0.00743866 0.00171661 0.0749599 -1.37829 -0.263409 -0.647173 0.0768673 1.30467 -0.383955 0.752461 -0.19894 -0.0185016 0.000572213 0.389296 -0.249748 -0.00167288 -0.194362 0.0169757 0.000190738 0.394255 -0.249786 0.000848397
22 -0.00743866 0.00171661 0.0749599 -1.37944 -0.262264 -0.647173 0.0768673 1.30581 -0.381666 0.754368 -0.19894 -0.0185016 0.000572213 0.389296 -0.249748 -0.00167288 -0.194362 0.0169757 0.000190738 0.394255 -0.249786 0.000848397
22 -0.00743866 0.00171661 0.0749599 -1.3802 -0.261501 -0.647173 0.0768673 1.30734 -0.379377 0.756275 -0.19894 -0.0185016 0.000572213 0.389296 -0.249748 -0.00167288 -0.194362 0.0169757 0.000190738 0.394255 -0.249786 0.000848397
22 -0.00743866 0.00171661 0.0749599 -1.38135 -0.260739 -0.647173 0.0768673 1.30848 -0.37747 0.758183 -0.19894 -0.0185016 0.000572213 0.389296 -0.249748 -0.00167288 -0.194362 0.0169757 0.000190738 0.394255 -0.249786 0.000848397
22 -0.00743866 0.00171661 0.0749599 -1.38211 -0.259594 -0.647173 0.0768673 1.30925 -0.375181 0.759709 -0.19894 -0.0185016 0.000572213 0.389296 -0.249748 -0.00167288 -0.194362 0.0169757 0.000190738 0.394255 -0.249951 0.00124844
22 -0.00743866 0.00171661 0.0749599 -1.38287 -0.25845 -0.647173 0.0768673 1.31001 -0.373274 0.760853 -0.19894 -0.0185016 0.000572213 0.389296 -0.249748 -0.00167288 -0.194362 0.0169757 0.000190738 0.394255 -0.249951 0.001248
22 -0.00743866 0.00171661 0.0749599 -1.38402 -0.257687 -0.647173 0.0768673 1.31116 -0.371366 0.763142 -0.19894 -0.0185016 0.000572213 0.389296 -0.249748 -0.00167288 -0.194362 0.0169757 0.000190738 0.394255 -0.249951 0.001248
22 -0.00743866 0.00171661 0.0749599 -1.38478 -0.256542 -0.647173 0.0768673 1.31192 -0.369459 0.764668 -0.19894 -0.0185016 0.000572213 0.389296 -0.249748 -0.00167288 -0.194362 0.0169757 0.000190738 0.394255 -0.249951 0.001248
22 -0.00743866 0.00171661 0.0749599 -1.38554 -0.255779 -0.647173 0.0768673 1.31344 -0.36717 0.765812 -0.19894 -0.0185016 0.000572213 0.389296 -0.249748 -0.00167288 -0.194362 0.0169757 0.000190738 0.394255 -0.249951 0.001248
22 -0.00743866 0.00171661 0.0749599 -1.38669 -0.254635 -0.647173 0.0768673 1.31459 -0.365644 0.767338 -0.19894 -0.0185016 0.000572213 0.389296 -0.249748 -0.00167288 -0.194362 0.0169757 0.000190738 0.394255 -0.250153 0.000822788
22 -0.00743866 0.00171661 0.0749599 -1.38783 -0.253872 -0.647173 0.0768673 1.31535 -0.363355 0.769627 -0.19894 -0.0185016 0.000572213 0.389296 -0.249748 -0.00167288 -0.194362 0.0169757 0.000190738 0.394255 -0.250153 0.000822928
22 -0.00743866 0.00209808 0.0749599 -1.38859 -0.252728 -0.647173 0.0768673 1.31611 -0.361448 0.771153 -0.19894 -0.0185016 0.000572213 0.389296 -0.249748 -0.00167288 -0.194362 0.0169757 0.000190738 0.394255 -0.249988 0.000423761
22 -0.00743866 0.00171661 0.0749599 -1.38936 -0.251583 -0.647173 0.0768673 1.31726 -0.359541 0.772297 -0.19894 -0.0185016 0.000572213 0.389296 -0.249748 -0.00167288 -0.194362 0.0169757 0.000190738 0.394255 -0.249988 0.000423329
22 -0.00743866 0.00171661 0.0749599 -1.39012 -0.25082 -0.647173 0.0772488 1.31802 -0.357633 0.773442 -0.19894 -0.0185016 0.000572213 0.389296 -0.249748 -0.00167288 -0.194362 0.0169757 0.000190738 0.394255 -0.249988 0.000423329
22 -0.00743866 0.00171661 0.0749599 -1.39088 -0.250057 -0.647173 0.0772488 1.31955 -0.355726 0.775349 -0.19894 -0.0185016 0.000572213 0.389296 -0.249748 -0.00167288 -0.194362 0.0169757 0.000190738 0.394255 -0.249786 0.000848257
22 -0.00743866 0.00171661 0.0749599 -1.39165 -0.249294 -0.647173 0.0772488 1.32069 -0.353819 0.776875 -0.19894 -0.0185016 0.000572213 0.389296 -0.249748 -0.00167288 -0.194362 0.0169757 0.000190738 0.394255 -0.249786 0.000848397
22 -0.00743866 0.00171661 0.0749599 -1.39279 -0.24815 -0.647173 0.0772488 1.32145 -0.35153 0.778019 -0.19894 -0.0185016 0.000572213 0.389296 -0.249748 -0.00167288 -0.194362 0.0169757 0.000190738 0.394255 -0.249951 0.00124844
22 -0.00743866 0.00171661 0.0749599 -1.39355 -0.247387 -0.647173 0.0772488 1.32222 -0.350004 0.779545 -0.19894 -0.0185016 0.000572213 0.389296 -0.249748 -0.00167288 -0.194362 0.0169757 0.000190738 0.394255 -0.249951 0.001248
22 -0.00743866 0.00171661 0.0749599 -1.39394 -0.245861 -0.647173 0.0772488 1.32298 -0.348096 0.78069 -0.19894 -0.0185016 0.000572213 0.389296 -0.249748 -0.00167288 -0.194362 0.0169757 0.000190738 0.394255 -0.249951 0.001248
22 -0.00743866 0.00171661 0.0749599 -1.3947 -0.245098 -0.647173 0.0772488 1.32374 -0.346189 0.782597 -0.19894 -0.0185016 0.000572213 0.389296 -0.249748 -0.00167288 -0.194362 0.0169757 0.000190738 0.394255 -0.249951 0.001248
22 -0.00743866 0.00171661 0.0749599 -1.39584 -0.243954 -0.647173 0.0772488 1.32489 -0.344282 0.783742 -0.19894 -0.0185016 0.000572213 0.389296 -0.249748 -0.00167288 -0.194362 0.0169757 0.000190738 0.394255 -0.249951 0.001248
22 -0.00743866 0.00171661 0.0749599 -1.39661 -0.243191 -0.647173 0.0772488 1.32641 -0.342374 0.784886 -0.19894 -0.0185016 0.000572213 0.389296 -0.249748 -0.00167288 -0.194362 0.0169757 0.000190738 0.394255 -0.249951 0.001248
22 -0.00743866 0.00171661 0.0749599 -1.39699 -0.242046 -0.647173 0.0772488 1.32718 -0.340467 0.785649 -0.19894 -0.0185016 0.000572213 0.389296 -0.249748 -0.00167288 -0.194362 0.0169757 0.000190738 0.394255 -0.249786 0.000848829
22 -0.00743866 0.00171661 0.0745785 -1.39813 -0.241283 -0.647173 0.0772488 1.32794 -0.33856 0.787175 -0.19894 -0.0185016 0.000572213 0.389296 -0.249748 -0.00167288 -0.194362 0.0169757 0.000190738 0.394255 -0.249786 0.000848397
22 -0.00743866 0.00171661 0.0745785 -1.39928 -0.240139 -0.647173 0.0772488 1.3287 -0.336652 0.788701 -0.19894 -0.0185016 0.000572213 0.389296 -0.249748 -0.00167288 -0.194362 0.0169757 0.000190738 0.394255 -0.249786 0.000848397
22 -0.00743866 0.00171661 0.0745785 -1.40004 -0.238994 -0.647173 0.0772488 1.32947 -0.334745 0.789464 -0.19894 -0.0185016 0.000572213 0.389296 -0.249748 -0.00167288 -0.194362 0.0169757 0.000190738 0.394255 -0.249786 0.000848397
22 -0.00743866 0.00171661 0.0745785 -1.40042 -0.238231 -0.647173 0.0772488 1.33023 -0.333219 0.790608 -0.19894 -0.0185016 0.000572213 0.389296 -0.249748 -0.00167288 -0.194362 0.0169757 0.000190738 0.394255 -0.249786 0.000848397
22 -0.00743866 0.00171661 0.0745785 -1.40118 -0.237087 -0.647173 0.0772488 1.33137 -0.331312 0.791753 -0.19894 -0.0185016 0.000572213 0.389296 -0.249748 -0.00167288 -0.194362 0.0169757 0.000190738 0.394255 -0.249786 0.000848397
22 -0.00743866 0.00171661 0.0745785 -1.40156 -0.236324 -0.647173 0.0776303 1.3329 -0.329404 0.792515 -0.19894 -0.0185016 0.000572213 0.389296 -0.249748 -0.00167288 -0.194362 0.0169757 0.000190738 0.394255 -0.249786 0.000848397
22 -0.00743866 0.00171661 0.074197 -1.40233 -0.23518 -0.647173 0.0776303 1.33366 -0.327497 0.794041 -0.19894 -0.0185016 0.000572213 0.389296 -0.249748 -0.00167288 -0.194362 0.0169757 0.000190738 0.394255 -0.249786 0.000848397
22 -0.00743866 0.00171661 0.074197 -1.40271 -0.234035 -0.647173 0.0772488 1.33404 -0.325589 0.795186 -0.19894 -0.0185016 0.000572213 0.389296 -0.249748 -0.00167288 -0.194362 0.0169757 0.000190738 0.394255 -0.249786 0.000848397
22 -0.00743866 0.00171661 0.074197 -1.40309 -0.232891 -0.647173 0.0772488 1.33519 -0.323682 0.79633 -0.19894 -0.0185016 0.000572213 0.389296 -0.249748 -0.00167288 -0.194362 0.0169757 0.000190738 0.394255 -0.249786 0.000848397
22 -0.00743866 0.00171661 0.074197 -1.40385 -0.232128 -0.647173 0.0772488 1.33595 -0.322156 0.797093 -0.19894 -0.0185016 0.000572213 0.389296 -0.249748 -0.00167288 -0.194362 0.0169757 0.000190738 0.394255 -0.249951 0.00124844
22 -0.00743866 0.00171661 0.074197 -1.40462 -0.230983 -0.647173 0.0772488 1.33633 -0.32063 0.797856 -0.19894 -0.0185016 0.000572213 0.389296 -0.249748 -0.00167288 -0.194362 0.0169757 0.000190738 0.394255 -0.249951 0.001248
22 -0.00743866 0.00171661 0.074197 -1.40576 -0.229839 -0.647173 0.0776303 1.33748 -0.318723 0.799001 -0.19894 -0.0185016 0.000572213 0.389296 -0.249748 -0.00167288 -0.194362 0.0169757 0.000190738 0.394255 -0.249951 0.001248
22 -0.00743866 0.00171661 0.074197 -1.40614 -0.229076 -0.647173 0.0772488 1.339 -0.316815 0.799764 -0.19894 -0.0185016 0.000572213 0.389296 -0.249748 -0.00167288 -0.194362 0.0169757 0.000190738 0.394255 -0.249786 0.000848829
22 -0.00743866 0.00171661 0.074197 -1.40691 -0.227932 -0.647173 0.0776303 1.33977 -0.31529 0.800908 -0.19894 -0.0185016 0.000572213 0.389296 -0.249748 -0.00167288 -0.194362 0.0169757 0.000190738 0.394255 -0.249786 0.000848397
22 -0.00743866 0.00171661 0.074197 -1.40729 -0.226787 -0.647173 0.0776303 1.34053 -0.313382 0.801671 -0.19894 -0.0185016 0.000572213 0.389296 -0.249748 -0.00167288 -0.194362 0.0169757 0.000190738 0.394255 -0.249786 0.000848397
22 -0.00743866 0.00171661 0.074197 -1.40805 -0.226024 -0.647173 0.0776303 1.34129 -0.311856 0.802052 -0.19894 -0.0185016 0.000572213 0.389296 -0.249748 -0.00167288 -0.194362 0.0169757 0.000190738 0.394255 -0.249786 0.000848397
22 -0.00743866 0.00209808 0.074197 -1.40881 -0.225261 -0.647173 0.0776303 1.34205 -0.31033 0.802815 -0.19894 -0.0185016 0.000572213 0.389296 -0.249748 -0.00167288 -0.194362 0.0169757 0.000190738 0.394255 -0.249786 0.000848397
22 -0.00743866 0.00171661 0.074197 -1.40958 -0.224117 -0.647173 0.0776303 1.34282 -0.308804 0.803578 -0.19894 -0.0185016 0.000572213 0.389296 -0.249748 -0.00167288 -0.194362 0.0169757 0.000190738 0.394255 -0.249786 0.000848397
22 -0.00743866 0.00171661 0.074197 -1.40996 -0.223354 -0.647173 0.0776303 1.34396 -0.306897 0.804341 -0.19894 -0.0185016 0.000572213 0.389296 -0.249748 -0.00167288 -0.194362 0.0169757 0.000190738 0.394255 -0.249786 0.000848397
22 -0.00743866 0.00171661 0.074197 -1.41072 -0.22221 -0.647173 0.0780118 1.34511 -0.30499 0.805104 -0.19894 -0.0185016 0.000572213 0.389296 -0.249748 -0.00167288 -0.194362 0.0169757 0.000190738 0.394255 -0.249786 0.000848397
22 -0.00743866 0.00171661 0.074197 -1.41148 -0.221065 -0.647173 0.0780118 1.34625 -0.303464 0.806249 -0.19894 -0.0185016 0.000572213 0.389296 -0.249748 -0.00167288 -0.194362 0.0169757 0.000190738 0.394255 -0.249786 0.000848397
22 -0.00743866 0.00171661 0.074197 -1.41225 -0.220302 -0.647173 0.0780118 1.34663 -0.301556 0.807393 -0.19894 -0.0185016 0.000572213 0.389296 -0.249748 -0.00167288 -0.194362 0.0169757 0.000190738 0.394255 -0.249786 0.000848397
22 -0.00743866 0.00171661 0.074197 -1.41263 -0.219539 -0.647173 0.0780118 1.3474 -0.300031 0.808156 -0.19894 -0.0185016 0.000572213 0.389296 -0.249748 -0.00167288 -0.194362 0.0169757 0.000190738 0.394255 -0.249951 0.00124844
22 -0.00743866 0.00171661 0.074197 -1.41301 -0.218395 -0.647173 0.0783932 1.34816 -0.298505 0.808537 -0.19894 -0.0185016 0.000572213 0.389296 -0.249748 -0.00167288 -0.194362 0.0169757 0.000190738 0.394255 -0.249786 0.00084883
22 -0.00743866 0.00171661 0.0738155 -1.41377 -0.217632 -0.647173 0.0783932 1.34892 -0.296979 0.8093 -0.19894 -0.0185016 0.000572213 0.389296 -0.249748 -0.00167288 -0.194362 0.0169757 0.000190738 0.394255 -0.249786 0.000848397
22 -0.00743866 0.00171661 0.0738155 -1.41415 -0.216869 -0.647173 0.0783932 1.35007 -0.295071 0.809682 -0.19894 -0.0185016 0.000572213 0.389296 -0.249748 -0.00167288 -0.194362 0.0169757 0.000190738 0.394255 -0.249951 0.00124844
22 -0.00743866 0.00171661 0.0738155 -1.41453 -0.215724 -0.647173 0.0787747 1.35159 -0.293545 0.810063 -0.19894 -0.0185016 0.000572213 0.389296 -0.249748 -0.00167288 -0.194362 0.0169757 0.000190738 0.394255 -0.249786 0.00084883
22 -0.00743866 0.00171661 0.0738155 -1.4153 -0.21458 -0.647173 0.0787747 1.35235 -0.291638 0.810826 -0.19894 -0.0185016 0.000572213 0.389296 -0.249748 -0.00167288 -0.194362 0.0169757 0.000190738 0.394255 -0.249786 0.000848397
22 -0.00743866 0.00209808 0.073434 -1.41568 -0.213817 -0.647173 0.0787747 1.35312 -0.290112 0.811208 -0.19894 -0.0185016 0.000572213 0.389296 -0.249748 -0.00167288 -0.194362 0.0169757 0.000190738 0.394255 -0.249786 0.000848397
22 -0.00743866 0.00171661 0.073434 -1.41606 -0.213054 -0.647173 0.0791562 1.3535 -0.288205 0.811971 -0.19894 -0.0185016 0.000572213 0.389296 -0.249748 -0.00167288 -0.194362 0.0169757 0.000190738 0.394255 -0.249786 0.000848397
22 -0.00743866 0.00171661 0.073434 -1.41682 -0.21191 -0.647173 0.0791562 1.35426 -0.286679 0.812734 -0.19894 -0.0185016 0.000572213 0.389296 -0.249748 -0.00167288 -0.194362 0.0169757 0.000190738 0.394255 -0.249786 0.000848397
22 -0.00743866 0.00171661 0.073434 -1.41759 -0.211147 -0.647173 0.0791562 1.35502 -0.285153 0.813497 -0.19894 -0.0185016 0.000572213 0.389296 -0.249748 -0.00167288 -0.194362 0.0169757 0.000190738 0.394255 -0.249786 0.000848397
22 -0.00743866 0.00171661 0.0730526 -1.41835 -0.210384 -0.647173 0.0791562 1.35617 -0.283246 0.813878 -0.19894 -0.0185016 0.000572213 0.389296 -0.249748 -0.00167288 -0.194362 0.0169757 0.000190738 0.394255 -0.249786 0.000848397
22 -0.00743866 0.00171661 0.0730526 -1.41873 -0.209239 -0.647173 0.0791562 1.3577 -0.28172 0.814641 -0.19894 -0.0185016 0.000572213 0.389296 -0.249748 -0.00167288 -0.194362 0.0169757 0.000190738 0.394255 -0.249786 0.000848397
22 -0.00743866 0.00171661 0.0730526 -1.41911 -0.208476 -0.647173 0.0795377 1.35846 -0.279431 0.815023 -0.19894 -0.0185016 0.000572213 0.389296 -0.249748 -0.00167288 -0.194362 0.0169757 0.000190738 0.394255 -0.249951 0.00124844
22 -0.00743866 0.00171661 0.0730526 -1.41988 -0.207713 -0.647173 0.0795377 1.35884 -0.277905 0.815785 -0.19894 -0.0185016 0.000572213 0.389296 -0.249748 -0.00167288 -0.194362 0.0169757 0.000190738 0.394255 -0.249786 0.00084883
22 -0.00743866 0.00171661 0.0730526 -1.42026 -0.20695 -0.647173 0.0795377 1.3596 -0.275998 0.816167 -0.19894 -0.0185016 0.000572213 0.389296 -0.249748 -0.00167288 -0.194362 0.0169757 0.000190738 0.394255 -0.249951 0.00124844
22 -0.00743866 0.00171661 0.0726711 -1.42102 -0.205806 -0.647173 0.0795377 1.36037 -0.27409 0.816548 -0.19894 -0.0185016 0.000572213 0.389296 -0.249748 -0.00167288 -0.194362 0.0169757 0.000190738 0.394255 -0.249988 0.000424031
22 -0.00743866 0.00171661 0.0726711 -1.4214 -0.205043 -0.647173 0.0795377 1.36113 -0.272564 0.817311 -0.19894 -0.0185016 0.000572213 0.389296 -0.249748 -0.00167288 -0.194362 0.0169757 0.000190738 0.394255 -0.249988 0.000423329
22 -0.00743866 0.00171661 0.0726711 -1.42216 -0.20428 -0.647173 0.0795377 1.36189 -0.271038 0.818456 -0.19894 -0.0185016 0.000572213 0.389296 -0.249748 -0.00167288 -0.194362 0.0169757 0.000190738 0.394255 -0.249786 0.000848257
22 -0.00743866 0.00171661 0.0726711 -1.42293 -0.203517 -0.647173 0.0795377 1.36342 -0.269131 0.819219 -0.19894 -0.0185016 0.000572213 0.389296 -0.249748 -0.00167288 -0.194362 0.0169757 0.000190738 0.394255 -0.249988 0.000423189
22 -0.00743866 0.00171661 0.0726711 -1.42369 -0.202373 -0.647173 0.0799191 1.36418 -0.267224 0.820363 -0.19894 -0.0185016 0.000572213 0.389296 -0.249748 -0.00167288 -0.194362 0.0169757 0.000190738 0.394255 -0.249988 0.000423329
22 -0.00743866 0.00171661 0.0722896 -1.42407 -0.20161 -0.647173 0.0799191 1.36494 -0.265698 0.820745 -0.19894 -0.0185016 0.000572213 0.389296 -0.249748 -0.00167288 -0.194362 0.0169757 0.000190738 0.394255 -0.249988 0.000423329
22 -0.00743866 0.00171661 0.0722896 -1.42483 -0.200847 -0.647173 0.0799191 1.36532 -0.26379 0.821508 -0.19894 -0.0185016 0.000572213 0.389296 -0.249748 -0.00167288 -0.194362 0.0169757 0.000190738 0.394255 -0.250153 0.000823362
22 -0.00743866 0.00171661 0.0722896 -1.42522 -0.200084 -0.647173 0.0799191 1.36609 -0.261883 0.821889 -0.19894 -0.0185016 0.000572213 0.389296 -0.249748 -0.00167288 -0.194362 0.0169757 0.000190738 0.394255 -0.249951 0.00124786
22 -0.00743866 0.00171661 0.0722896 -1.4256 -0.199321 -0.647173 0.0803006 1.36647 -0.260357 0.822271 -0.19894 -0.0185016 0.000572213 0.389296 -0.249748 -0.00167288 -0.194362 0.0169757 0.000190738 0.394255 -0.249951 0.001248
22 -0.00743866 0.00171661 0.0722896 -1.42636 -0.198558 -0.647173 0.0803006 1.36723 -0.258831 0.822652 -0.19894 -0.0185016 0.000572213 0.389296 -0.249748 -0.00167288 -0.194362 0.0169757 0.000190738 0.394255 -0.249951 0.001248
22 -0.00743866 0.00171661 0.0719081 -1.42674 -0.197414 -0.647173 0.0803006 1.36799 -0.256924 0.823034 -0.19894 -0.0185016 0.000572213 0.389296 -0.249748 -0.00167288 -0.194362 0.0169757 0.000190738 0.394255 -0.249951 0.001248
22 -0.00743866 0.00171661 0.0719081 -1.42712 -0.196651 -0.647173 0.0803006 1.36914 -0.255016 0.823415 -0.19894 -0.0185016 0.000572213 0.389296 -0.249748 -0.00167288 -0.194362 0.0169757 0.000190738 0.394255 -0.249951 0.001248
22 -0.00743866 0.00171661 0.0719081 -1.42751 -0.195506 -0.647173 0.0803006 1.37028 -0.253491 0.823796 -0.19894 -0.0185016 0.000572213 0.389296 -0.249748 -0.00167288 -0.194362 0.0169757 0.000190738 0.394255 -0.249951 0.001248
22 -0.00743866 0.00171661 0.0719081 -1.42827 -0.194743 -0.647173 0.0803006 1.37105 -0.251965 0.824559 -0.19894 -0.0185016 0.000572213 0.389296 -0.249748 -0.00167288 -0.194362 0.0169757 0.000190738 0.394255 -0.249786 0.000848829
22 -0.00743866 0.00171661 0.0719081 -1.42865 -0.19398 -0.647173 0.0803006 1.37143 -0.250439 0.824941 -0.19894 -0.0185016 0.000572213 0.389296 -0.249748 -0.00167288 -0.194362 0.0169757 0.000190738 0.394255 -0.249786 0.000848397
22 -0.00743866 0.00171661 0.0715267 -1.42941 -0.193217 -0.647173 0.0803006 1.37219 -0.248531 0.825322 -0.19894 -0.0185016 0.000572213 0.389296 -0.249748 -0.00167288 -0.194362 0.0169757 0.000190738 0.394255 -0.249786 0.000848397
22 -0.00743866 0.00171661 0.0715267 -1.43018 -0.192454 -0.647173 0.0803006 1.37257 -0.247387 0.826085 -0.19894 -0.0185016 0.000572213 0.389296 -0.249748 -0.00167288 -0.194362 0.0169757 0.000190738 0.394255 -0.249786 0.000848397
22 -0.00743866 0.00171661 0.0715267 -1.43056 -0.191691 -0.647173 0.0803006 1.37334 -0.245861 0.826467 -0.19894 -0.0185016 0.000572213 0.389296 -0.249748 -0.00167288 -0.194362 0.0169757 0.000190738 0.394255 -0.249786 0.000848397
22 -0.00743866 0.00171661 0.0715267 -1.43094 -0.190547 -0.647173 0.0803006 1.37372 -0.244335 0.826848 -0.19894 -0.0185016 0.000572213 0.389296 -0.249748 -0.00167288 -0.194362 0.0169757 0.000190738 0.394255 -0.249786 0.000848397
22 -0.00743866 0.00171661 0.0715267 -1.43132 -0.189784 -0.647173 0.0803006 1.37486 -0.242428 0.826848 -0.19894 -0.0185016 0.000572213 0.389296 -0.249748 -0.00167288 -0.194362 0.0169757 0.000190738 0.394255 -0.249786 0.000848397
22 -0.00743866 0.00171661 0.0715267 -1.4317 -0.189021 -0.647173 0.0803006 1.37601 -0.241283 0.82723 -0.19894 -0.0185016 0.000572213 0.389296 -0.249748 -0.00167288 -0.194362 0.0169757 0.000190738 0.394255 -0.249988 0.000423189
22 -0.00743866 0.00171661 0.0715267 -1.43208 -0.188258 -0.647173 0.0803006 1.37677 -0.239757 0.827611 -0.19894 -0.0185016 0.000572213 0.389296 -0.249748 -0.00167288 -0.194362 0.0169757 0.000190738 0.394255 -0.249786 0.000848257
22 -0.00743866 0.00171661 0.0715267 -1.43246 -0.187495 -0.647173 0.0803006 1.37753 -0.238231 0.827993 -0.19894 -0.0185016 0.000572213 0.389296 -0.249748 -0.00167288 -0.194362 0.0169757 0.000190738 0.394255 -0.249786 0.000848397
22 -0.00743866 0.00171661 0.0715267 -1.43323 -0.187114 -0.647173 0.0803006 1.37791 -0.237087 0.828374 -0.19894 -0.0185016 0.000572213 0.389296 -0.249748 -0.00167288 -0.194362 0.0169757 0.000190738 0.394255 -0.250153 0.000822813
22 -0.00743866 0.00171661 0.0715267 -1.43361 -0.186351 -0.647173 0.0803006 1.37868 -0.235561 0.828756 -0.19894 -0.0185016 0.000572213 0.389296 -0.249748 -0.00167288 -0.194362 0.0169757 0.000190738 0.394255 -0.249951 0.00124786
22 -0.00743866 0.00171661 0.0715267 -1.43399 -0.185588 -0.647173 0.0803006 1.37944 -0.234798 0.829137 -0.19894 -0.0185016 0.000572213 0.389296 -0.249748 -0.00167288 -0.194362 0.0169757 0.000190738 0.394255 -0.249988 0.00042403
22 -0.00743866 0.00171661 0.0715267 -1.43437 -0.184825 -0.647173 0.0803006 1.3802 -0.233272 0.829519 -0.19894 -0.0185016 0.000572213 0.389296 -0.249748 -0.00167288 -0.194362 0.0169757 0.000190738 0.394255 -0.249786 0.000848257
22 -0.00743866 0.00171661 0.0715267 -1.43475 -0.18368 -0.647173 0.0803006 1.38096 -0.232128 0.8299 -0.19894 -0.0185016 0.000572213 0.389296 -0.249748 -0.00167288 -0.194362 0.0169757 0.000190738 0.394255 -0.249786 0.000848397
22 -0.00743866 0.00171661 0.0715267 -1.43552 -0.182918 -0.647173 0.0803006 1.38211 -0.230602 0.830282 -0.19894 -0.0185016 0.000572213 0.389296 -0.249748 -0.00167288 -0.194362 0.0169757 0.000190738 0.394255 -0.249951 0.00124844
22 -0.00743866 0.00171661 0.0711452 -1.4359 -0.182155 -0.647173 0.0803006 1.38325 -0.229076 0.831044 -0.19894 -0.0185016 0.000572213 0.389296 -0.249748 -0.00167288 -0.194362 0.0169757 0.000190738 0.394255 -0.249786 0.00084883
22 -0.00743866 0.00171661 0.0711452 -1.43666 -0.181392 -0.647173 0.0803006 1.38364 -0.228313 0.831426 -0.19894 -0.0185016 0.000572213 0.389296 -0.249748 -0.00167288 -0.194362 0.0169757 0.000190738 0.394255 -0.249786 0.000848397
22 -0.00743866 0.00171661 0.0711452 -1.43704 -0.180629 -0.647173 0.0803006 1.3844 -0.226787 0.832189 -0.19894 -0.0185016 0.000572213 0.389296 -0.249748 -0.00167288 -0.194362 0.0169757 0.000190738 0.394255 -0.249786 0.000848397
22 -0.00743866 0.00171661 0.0711452 -1.43742 -0.180247 -0.647173 0.0803006 1.38516 -0.225643 0.83257 -0.19894 -0.0185016 0.000572213 0.389296 -0.249748 -0.00167288 -0.194362 0.0169757 0.000190738 0.394255 -0.249786 0.000848397
22 -0.00743866 0.00171661 0.0711452 -1.4378 -0.179484 -0.647173 0.0803006 1.38554 -0.224498 0.832952 -0.19894 -0.0185016 0.000572213 0.389296 -0.249748 -0.00167288 -0.194362 0.0169757 0.000190738 0.394255 -0.249988 0.000423189
22 -0.00743866 0.00171661 0.0707637 -1.4378 -0.178721 -0.647555 0.0803006 1.38631 -0.223354 0.833333 -0.19894 -0.0185016 0.000572213 0.389296 -0.249748 -0.00167288 -0.194362 0.0169757 0.000190738 0.394255 -0.249786 0.000848257
22 -0.00743866 0.00171661 0.0707637 -1.43819 -0.177577 -0.647555 0.0803006 1.38707 -0.222591 0.833715 -0.19894 -0.0185016 0.000572213 0.389296 -0.249748 -0.00167288 -0.194362 0.0169757 0.000190738 0.394255 -0.249786 0.000848397
22 -0.00743866 0.00171661 0.0707637 -1.43857 -0.176814 -0.647555 0.0803006 1.38859 -0.221447 0.834096 -0.19894 -0.0185016 0.000572213 0.389296 -0.249748 -0.00167288 -0.194362 0.0169757 0.000190738 0.394255 -0.249951 0.00124844
22 -0.00743866 0.00171661 0.0707637 -1.43895 -0.176432 -0.647555 0.0803006 1.38936 -0.219921 0.834478 -0.19894 -0.0185016 0.000572213 0.389296 -0.249748 -0.00167288 -0.194362 0.0169757 0.000190738 0.394255 -0.249786 0.00084883
22 -0.00743866 0.00171661 0.0707637 -1.43933 -0.176051 -0.647555 0.0803006 1.39012 -0.218776 0.834859 -0.19894 -0.0185016 0.000572213 0.389296 -0.249748 -0.00167288 -0.194362 0.0169757 0.000190738 0.394255 -0.249951 0.00124844
22 -0.00743866 0.00171661 0.0703822 -1.43971 -0.175288 -0.647555 0.0803006 1.39088 -0.217632 0.835241 -0.19894 -0.0185016 0.000572213 0.389296 -0.249748 -0.00167288 -0.194362 0.0169757 0.000190738 0.394255 -0.249951 0.001248
22 -0.00743866 0.00171661 0.0703822 -1.44009 -0.174525 -0.647555 0.0799191 1.39126 -0.216487 0.835241 -0.19894 -0.0185016 0.000572213 0.389296 -0.249748 -0.00167288 -0.194362 0.0169757 0.000190738 0.394255 -0.249951 0.001248
22 -0.00743866 0.00171661 0.0703822 -1.44048 -0.173762 -0.647555 0.0799191 1.39203 -0.215343 0.835622 -0.19894 -0.0185016 0.000572213 0.389296 -0.249748 -0.00167288 -0.194362 0.0169757 0.000190738 0.394255 -0.249951 0.001248
22 -0.00743866 0.00171661 0.0703822 -1.44086 -0.173381 -0.647555 0.0799191 1.39279 -0.214199 0.836004 -0.19894 -0.0185016 0.000572213 0.389296 -0.249748 -0.00167288 -0.194362 0.0169757 0.000190738 0.394255 -0.249786 0.000848829
22 -0.00743866 0.00171661 0.0703822 -1.44162 -0.172618 -0.647555 0.0799191 1.39394 -0.213054 0.836004 -0.19894 -0.0185016 0.000572213 0.389296 -0.249748 -0.00167288 -0.194362 0.0169757 0.000190738 0.394255 -0.249786 0.000848397
22 -0.00743866 0.00171661 0.0703822 -1.442 -0.171855 -0.647555 0.0799191 1.39508 -0.21191 0.836385 -0.19894 -0.0185016 0.000572213 0.389296 -0.249748 -0.00167288 -0.194362 0.0169757 0.000190738 0.394255 -0.249786 0.000848397
22 -0.00743866 0.00171661 0.0700008 -1.44276 -0.171092 -0.647555 0.0799191 1.39584 -0.211147 0.836385 -0.19894 -0.0185016 0.000572213 0.389296 -0.249748 -0.00167288 -0.194362 0.0169757 0.000190738 0.394255 -0.249786 0.000848397
22 -0.00743866 0.00171661 0.0700008 -1.44315 -0.170329 -0.647555 0.0799191 1.39661 -0.210384 0.836767 -0.19894 -0.0185016 0.000572213 0.389296 -0.249748 -0.00167288 -0.194362 0.0169757 0.000190738 0.394255 -0.249988 0.000423189
22 -0.00743866 0.00171661 0.0700008 -1.44353 -0.169947 -0.647555 0.0799191 1.39737 -0.209239 0.836767 -0.19894 -0.0185016 0.000572213 0.389296 -0.249748 -0.00167288 -0.194362 0.0169757 0.000190738 0.394255 -0.249786 0.000848257
22 -0.00743866 0.00171661 0.0700008 -1.44391 -0.169566 -0.647555 0.0799191 1.39775 -0.208095 0.837148 -0.19894 -0.0185016 0.000572213 0.389296 -0.249748 -0.00167288 -0.194362 0.0169757 0.000190738 0.394255 -0.249786 0.000848397
22 -0.00743866 0.00171661 0.0700008 -1.44391 -0.168803 -0.647555 0.0799191 1.39851 -0.20695 0.83753 -0.19894 -0.0185016 0.000572213 0.389296 -0.249748 -0.00167288 -0.194362 0.0169757 0.000190738 0.394255 -0.249786 0.000848397
22 -0.00743866 0.00171661 0.0696193 -1.44429 -0.168421 -0.647555 0.0799191 1.39928 -0.205806 0.83753 -0.19894 -0.0185016 0.000572213 0.389296 -0.249748 -0.00167288 -0.194362 0.0169757 0.000190738 0.394255 -0.249951 0.00124844
22 -0.00743866 0.00171661 0.0696193 -1.44505 -0.167659 -0.647555 0.0799191 1.40042 -0.204662 0.83753 -0.19894 -0.0185016 0.000572213 0.389296 -0.249748 -0.00167288 -0.194362 0.0169757 0.000190738 0.394255 -0.249951 0.001248
22 -0.00743866 0.00171661 0.0696193 -1.44543 -0.167277 -0.647555 0.0799191 1.40118 -0.203899 0.837911 -0.19894 -0.0185016 0.000572213 0.389296 -0.249748 -0.00167288 -0.194362 0.0169757 0.000190738 0.394255 -0.249951 0.001248
22 -0.00743866 0.00171661 0.0696193 -1.44582 -0.166896 -0.647555 0.0799191 1.40195 -0.202754 0.838293 -0.19894 -0.0185016 0.000572213 0.389296 -0.249748 -0.00167288 -0.194362 0.0169757 0.000190738 0.394255 -0.249951 0.001248
22 -0.00743866 0.00171661 0.0696193 -1.4462 -0.166514 -0.647555 0.0799191 1.40271 -0.20161 0.838293 -0.19894 -0.0185016 0.000572213 0.389296 -0.249748 -0.00167288 -0.194362 0.0169757 0.000190738 0.394255 -0.249951 0.001248
22 -0.00743866 0.00171661 0.0692378 -1.44658 -0.165751 -0.647555 0.0799191 1.40309 -0.200847 0.838674 -0.19894 -0.0185016 0.000572213 0.389296 -0.249748 -0.00167288 -0.194362 0.0169757 0.000190738 0.394255 -0.249988 0.00042403
22 -0.00743866 0.00171661 0.0692378 -1.44696 -0.16537 -0.647555 0.0799191 1.40347 -0.199702 0.838674 -0.19894 -0.0185016 0.000572213 0.389296 -0.249748 -0.00167288 -0.194362 0.0169757 0.000190738 0.394255 -0.249988 0.000423329
22 -0.00743866 0.00171661 0.0688563 -1.44734 -0.164988 -0.647555 0.0799191 1.40424 -0.19894 0.839055 -0.19894 -0.0185016 0.000572213 0.389296 -0.249748 -0.00167288 -0.194362 0.0169757 0.000190738 0.394255 -0.249988 0.000423329
22 -0.00743866 0.00171661 0.0688563 -1.4481 -0.164607 -0.647555 0.0799191 1.40462 -0.198177 0.839055 -0.19894 -0.0185016 0.000572213 0.389296 -0.249748 -0.00167288 -0.194362 0.0169757 0.000190738 0.394255 -0.249988 0.000423329
22 -0.00743866 0.00171661 0.0688563 -1.44849 -0.164225 -0.647555 0.0799191 1.40576 -0.197414 0.839437 -0.19894 -0.0185016 0.000572213 0.389296 -0.249748 -0.00167288 -0.194362 0.0169757 0.000190738 0.394255 -0.249988 0.000423329
22 -0.00743866 0.00171661 0.0684749 -1.44925 -0.164225 -0.647555 0.0799191 1.40691 -0.196651 0.839437 -0.19894 -0.0185016 0.000572213 0.389296 -0.249748 -0.00167288 -0.194362 0.0169757 0.000190738 0.394255 -0.249988 0.000423329
22 -0.00743866 0.00171661 0.0684749 -1.44963 -0.163844 -0.647555 0.0799191 1.40767 -0.195888 0.839818 -0.19894 -0.0185016 0.000572213 0.389296 -0.249748 -0.00167288 -0.194362 0.0169757 0.000190738 0.394255 -0.249988 0.000423329
22 -0.00743866 0.00171661 0.0680934 -1.45001 -0.163844 -0.647555 0.0799191 1.40843 -0.194743 0.8402 -0.19894 -0.0185016 0.000572213 0.389296 -0.249748 -0.00167288 -0.194362 0.0169757 0.000190738 0.394255 -0.249786 0.000848257
22 -0.00743866 0.00171661 0.0680934 -1.45039 -0.163844 -0.647555 0.0799191 1.40881 -0.19398 0.840581 -0.19894 -0.0185016 0.000572213 0.389296 -0.249748 -0.00167288 -0.194362 0.0169757 0.000190738 0.394255 -0.249786 0.000848397
22 -0.00743866 0.00171661 0.0680934 -1.45078 -0.163462 -0.647555 0.0799191 1.40958 -0.192836 0.840963 -0.19894 -0.0185016 0.000572213 0.389296 -0.249748 -0.00167288 -0.194362 0.0169757 0.000190738 0.394255 -0.249786 0.000848397
22 -0.00743866 0.00171661 0.0677119 -1.45116 -0.163462 -0.647555 0.0799191 1.40996 -0.192073 0.841344 -0.19894 -0.0185016 0.000572213 0.389296 -0.249748 -0.00167288 -0.194362 0.0169757 0.000190738 0.394255 -0.249951 0.00124844
22 -0.00743866 0.00171661 0.0677119 -1.45116 -0.163462 -0.647555 0.0799191 1.41072 -0.19131 0.841726 -0.19894 -0.0185016 0.000572213 0.389296 -0.249748 -0.00167288 -0.194362 0.0169757 0.000190738 0.394255 -0.249786 0.00084883
22 -0.00743866 0.00171661 0.0677119 -1.45154 -0.163081 -0.647555 0.0799191 1.4111 -0.190166 0.842107 -0.19894 -0.0185016 0.000572213 0.389296 -0.249748 -0.00167288 -0.194362 0.0169757 0.000190738 0.394255 -0.249786 0.000848397
22 -0.00743866 0.00171661 0.0677119 -1.45192 -0.163081 -0.647555 0.0799191 1.41186 -0.189403 0.84287 -0.19894 -0.0185016 0.000572213 0.389296 -0.249748 -0.00167288 -0.194362 0.0169757 0.000190738 0.394255 -0.249786 0.000848397
22 -0.00743866 0.00171661 0.0673304 -1.4523 -0.163081 -0.647555 0.0799191 1.41301 -0.18864 0.843633 -0.19894 -0.0185016 0.000572213 0.389296 -0.249748 -0.00167288 -0.194362 0.0169757 0.000190738 0.394255 -0.249786 0.000848397
22 -0.00743866 0.00171661 0.0673304 -1.45268 -0.162699 -0.647555 0.0799191 1.41415 -0.187877 0.844015 -0.19894 -0.0185016 0.000572213 0.389296 -0.249748 -0.00167288 -0.194362 0.0169757 0.000190738 0.394255 -0.249951 0.00124844
22 -0.00743866 0.00171661 0.0673304 -1.45306 -0.162699 -0.647555 0.0799191 1.41453 -0.187114 0.844778 -0.19894 -0.0185016 0.000572213 0.389296 -0.249748 -0.00167288 -0.194362 0.0169757 0.000190738 0.394255 -0.249786 0.00084883
22 -0.00743866 0.00171661 0.0673304 -1.45345 -0.162699 -0.647555 0.0799191 1.4153 -0.186351 0.845159 -0.19894 -0.0185016 0.000572213 0.389296 -0.249748 -0.00167288 -0.194362 0.0169757 0.000190738 0.394255 -0.249786 0.000848397
22 -0.00743866 0.00171661 0.0673304 -1.45421 -0.162318 -0.647555 0.0799191 1.41568 -0.185969 0.845541 -0.19894 -0.0185016 0.000572213 0.389296 -0.249748 -0.00167288 -0.194362 0.0169757 0.000190738 0.394255 -0.249786 0.000848397
22 -0.00743866 0.00171661 0.066949 -1.45459 -0.162318 -0.647555 0.0799191 1.41644 -0.185206 0.845922 -0.19894 -0.0185016 0.000572213 0.389296 -0.249748 -0.00167288 -0.194362 0.0169757 0.000190738 0.394255 -0.249786 0.000848397
22 -0.00743866 0.00171661 0.066949 -1.45497 -0.162318 -0.647555 0.0799191 1.41682 -0.184825 0.846304 -0.19894 -0.0185016 0.000572213 0.389296 -0.249748 -0.00167288 -0.194362 0.0169757 0.000190738 0.394255 -0.249786 0.000848397
22 -0.00743866 0.00171661 0.066949 -1.45573 -0.161936 -0.647555 0.0795377 1.41759 -0.184062 0.846685 -0.19894 -0.0185016 0.000572213 0.389296 -0.249748 -0.00167288 -0.194362 0.0169757 0.000190738 0.394255 -0.249786 0.000848397
22 -0.00743866 0.00171661 0.066949 -1.45612 -0.161936 -0.647555 0.0795377 1.41835 -0.183299 0.847066 -0.19894 -0.0185016 0.000572213 0.389296 -0.249748 -0.00167288 -0.194362 0.0169757 0.000190738 0.394255 -0.249786 0.000848397
22 -0.00743866 0.00171661 0.066949 -1.45612 -0.161936 -0.647555 0.0795377 1.41949 -0.182536 0.847448 -0.19894 -0.0185016 0.000572213 0.389296 -0.249748 -0.00167288 -0.194362 0.0169757 0.000190738 0.394255 -0.249786 0.000848397
22 -0.00743866 0.00171661 0.066949 -1.4565 -0.161936 -0.647555 0.0795377 1.42064 -0.181773 0.847448 -0.19894 -0.0185016 0.000572213 0.389296 -0.249748 -0.00167288 -0.194362 0.0169757 0.000190738 0.394255 -0.249786 0.000848397
22 -0.00743866 0.00171661 0.0665675 -1.45688 -0.161555 -0.647555 0.0795377 1.42102 -0.18101 0.847829 -0.19894 -0.0185016 0.000572213 0.389296 -0.249748 -0.00167288 -0.194362 0.0169757 0.000190738 0.394255 -0.249786 0.000848397
22 -0.00743866 0.00171661 0.0665675 -1.45764 -0.161555 -0.647555 0.0791562 1.4214 -0.180247 0.848211 -0.19894 -0.0185016 0.000572213 0.389296 -0.249748 -0.00167288 -0.194362 0.0169757 0.000190738 0.394255 -0.249786 0.000848397
22 -0.00743866 0.00171661 0.0665675 -1.45802 -0.161555 -0.647555 0.0791562 1.42216 -0.179484 0.848211 -0.19894 -0.0185016 0.000572213 0.389296 -0.249748 -0.00167288 -0.194362 0.0169757 0.000190738 0.394255 -0.249786 0.000848397
22 -0.00743866 0.00171661 0.0665675 -1.4584 -0.161555 -0.647555 0.0791562 1.42255 -0.179103 0.848592 -0.19894 -0.0185016 0.000572213 0.389296 -0.249748 -0.00167288 -0.194362 0.0169757 0.000190738 0.394255 -0.249786 0.000848397
22 -0.00743866 0.00171661 0.066186 -1.45879 -0.161555 -0.647555 0.0787747 1.42331 -0.17834 0.848974 -0.19894 -0.0185016 0.000572213 0.389296 -0.249748 -0.00167288 -0.194362 0.0169757 0.000190738 0.394255 -0.249786 0.000848397
22 -0.00782013 0.00171661 0.066186 -1.45917 -0.161555 -0.647555 0.0787747 1.42369 -0.177577 0.848974 -0.19894 -0.0185016 0.000572213 0.389296 -0.249748 -0.00167288 -0.194362 0.0169757 0.000190738 0.394255 -0.249786 0.000848397
22 -0.00743866 0.00171661 0.066186 -1.45955 -0.161555 -0.647555 0.0787747 1.42407 -0.176814 0.849355 -0.19894 -0.0185016 0.000572213 0.389296 -0.249748 -0.00167288 -0.194362 0.0169757 0.000190738 0.394255 -0.249786 0.000848397
22 -0.00743866 0.00171661 0.066186 -1.45993 -0.161555 -0.647555 0.0787747 1.42522 -0.176432 0.849737 -0.19894 -0.0185016 0.000572213 0.389296 -0.249748 -0.00167288 -0.194362 0.0169757 0.000190738 0.394255 -0.249786 0.000848397
22 -0.00743866 0.00171661 0.0658045 -1.46069 -0.161555 -0.647555 0.0783932 1.42636 -0.176051 0.849737 -0.19894 -0.0185016 0.000572213 0.389296 -0.249748 -0.00167288 -0.194362 0.0169757 0.000190738 0.394255 -0.249951 0.00124844
22 -0.00743866 0.00171661 0.0658045 -1.46107 -0.161555 -0.647555 0.0783932 1.42712 -0.175669 0.850118 -0.19894 -0.0185016 0.000572213 0.389296 -0.249748 -0.00167288 -0.194362 0.0169757 0.000190738 0.394255 -0.249951 0.001248
22 -0.00782013 0.00171661 0.0658045 -1.46146 -0.161555 -0.647555 0.0783932 1.42751 -0.175669 0.850118 -0.19894 -0.0185016 0.000572213 0.389296 -0.249748 -0.00167288 -0.194362 0.0169757 0.000190738 0.394255 -0.249786 0.000848829
22 -0.00743866 0.00171661 0.0658045 -1.46184 -0.161555 -0.647555 0.0780118 1.42789 -0.174907 0.8505 -0.19894 -0.0185016 0.000572213 0.389296 -0.249748 -0.00167288 -0.194362 0.0169757 0.000190738 0.394255 -0.249786 0.000848397
22 -0.00743866 0.00171661 0.0654231 -1.46222 -0.161555 -0.647555 0.0780118 1.42865 -0.174907 0.8505 -0.19894 -0.0185016 0.000572213 0.389296 -0.249748 -0.00167288 -0.194362 0.0169757 0.000190738 0.394255 -0.249786 0.000848397
22 -0.00743866 0.00171661 0.0654231 -1.4626 -0.161555 -0.647555 0.0780118 1.42903 -0.174525 0.8505 -0.19894 -0.0185016 0.000572213 0.389296 -0.249748 -0.00167288 -0.194362 0.0169757 0.000190738 0.394255 -0.249786 0.000848397
22 -0.00743866 0.00171661 0.0650416 -1.46336 -0.161555 -0.647555 0.0780118 1.42979 -0.174144 0.850881 -0.19894 -0.0185016 0.000572213 0.389296 -0.249748 -0.00167288 -0.194362 0.0169757 0.000190738 0.394255 -0.249786 0.000848397
22 -0.00743866 0.00171661 0.0650416 -1.46375 -0.161555 -0.647555 0.0780118 1.43018 -0.173762 0.850881 -0.19894 -0.0185016 0.000572213 0.389296 -0.249748 -0.00167288 -0.194362 0.0169757 0.000190738 0.394255 -0.249786 0.000848397
22 -0.00743866 0.00171661 0.0650416 -1.46413 -0.161555 -0.647555 0.0780118 1.43132 -0.173381 0.850881 -0.19894 -0.0185016 0.000572213 0.389296 -0.249748 -0.00167288 -0.194362 0.0169757 0.000190738 0.394255 -0.249786 0.000848397
22 -0.00743866 0.00171661 0.0646601 -1.46451 -0.161555 -0.647555 0.0780118 1.43208 -0.172999 0.851263 -0.19894 -0.0185016 0.000572213 0.389296 -0.249748 -0.00167288 -0.194362 0.0169757 0.000190738 0.394255 -0.249786 0.000848397
22 -0.00743866 0.00171661 0.0646601 -1.46489 -0.161555 -0.647555 0.0780118 1.43285 -0.172618 0.851263 -0.19894 -0.0185016 0.000572213 0.389296 -0.249748 -0.00167288 -0.194362 0.0169757 0.000190738 0.394255 -0.249786 0.000848397
22 -0.00743866 0.00171661 0.0642786 -1.46527 -0.161555 -0.647555 0.0776303 1.43323 -0.171855 0.851644 -0.19894 -0.0185016 0.000572213 0.389296 -0.249748 -0.00167288 -0.194362 0.0169757 0.000190738 0.394255 -0.249786 0.000848397
22 -0.00743866 0.00171661 0.0642786 -1.46527 -0.161555 -0.647555 0.0776303 1.43361 -0.171473 0.851644 -0.19894 -0.0185016 0.000572213 0.389296 -0.249748 -0.00167288 -0.194362 0.0169757 0.000190738 0.394255 -0.249786 0.000848397
22 -0.00782013 0.00171661 0.0638972 -1.46565 -0.161555 -0.647555 0.0776303 1.43437 -0.17071 0.852026 -0.19894 -0.0185016 0.000572213 0.389296 -0.249748 -0.00167288 -0.194362 0.0169757 0.000190738 0.394255 -0.249786 0.000848397
22 -0.00743866 0.00171661 0.0638972 -1.46603 -0.161555 -0.647555 0.0776303 1.43475 -0.170329 0.852026 -0.19894 -0.0185016 0.000572213 0.389296 -0.249748 -0.00167288 -0.194362 0.0169757 0.000190738 0.394255 -0.249786 0.000848397
22 -0.00743866 0.00171661 0.0638972 -1.4668 -0.161555 -0.647555 0.0776303 1.43552 -0.169947 0.852407 -0.19894 -0.0185016 0.000572213 0.389296 -0.249748 -0.00167288 -0.194362 0.0169757 0.000190738 0.394255 -0.249786 0.000848397
22 -0.00743866 0.00171661 0.0635157 -1.46718 -0.161555 -0.647555 0.0776303 1.4359 -0.169184 0.852789 -0.19894 -0.0185016 0.000572213 0.389296 -0.249748 -0.00167288 -0.194362 0.0169757 0.000190738 0.394255 -0.249786 0.000848397
22 -0.00743866 0.00171661 0.0635157 -1.46756 -0.161555 -0.647555 0.0776303 1.43628 -0.168421 0.85317 -0.19894 -0.0185016 0.000572213 0.389296 -0.249748 -0.00167288 -0.194362 0.0169757 0.000190738 0.394255 -0.249786 0.000848397
22 -0.00743866 0.00171661 0.0635157 -1.46794 -0.161555 -0.647555 0.0776303 1.43704 -0.16804 0.853552 -0.19894 -0.0185016 0.000572213 0.389296 -0.249748 -0.00167288 -0.194362 0.0169757 0.000190738 0.394255 -0.249786 0.000848397
22 -0.00743866 0.00171661 0.0635157 -1.46832 -0.161555 -0.647555 0.0776303 1.4378 -0.167277 0.853933 -0.19894 -0.0185016 0.000572213 0.389296 -0.249748 -0.00167288 -0.194362 0.0169757 0.000190738 0.394255 -0.249786 0.000848397
22 -0.00743866 0.00171661 0.0631342 -1.4687 -0.161555 -0.647555 0.0776303 1.43857 -0.166896 0.854315 -0.19894 -0.0185016 0.000572213 0.389296 -0.249748 -0.00167288 -0.194362 0.0169757 0.000190738 0.394255 -0.249786 0.000848397
22 -0.00743866 0.00171661 0.0631342 -1.46909 -0.161555 -0.647555 0.0776303 1.43933 -0.166133 0.854696 -0.19894 -0.0185016 0.000572213 0.389296 -0.249748 -0.00167288 -0.194362 0.0169757 0.000190738 0.394255 -0.249951 0.00124844
22 -0.00743866 0.00171661 0.0631342 -1.46947 -0.161555 -0.647555 0.0776303 1.43971 -0.16537 0.855077 -0.19894 -0.0185016 0.000572213 0.389296 -0.249748 -0.00167288 -0.194362 0.0169757 0.000190738 0.394255 -0.249786 0.00084883
22 -0.00743866 0.00171661 0.0627527 -1.46985 -0.161555 -0.647555 0.0776303 1.44009 -0.164988 0.85584 -0.19894 -0.0185016 0.000572213 0.389296 -0.249748 -0.00167288 -0.194362 0.0169757 0.000190738 0.394255 -0.249951 0.00124844
22 -0.00743866 0.00171661 0.0627527 -1.47023 -0.161555 -0.647555 0.0776303 1.44048 -0.164225 0.856603 -0.19894 -0.0185016 0.000572213 0.389296 -0.249748 -0.00167288 -0.194362 0.0169757 0.000190738 0.394255 -0.249786 0.00084883
22 -0.00743866 0.00171661 0.0623713 -1.47061 -0.161555 -0.647555 0.0776303 1.44124 -0.163844 0.857366 -0.19894 -0.0185016 0.000572213 0.389296 -0.249748 -0.00167288 -0.194362 0.0169757 0.000190738 0.394255 -0.249786 0.000848397
22 -0.00743866 0.00171661 0.0623713 -1.47099 -0.161555 -0.647555 0.0776303 1.44162 -0.163462 0.857748 -0.19894 -0.0185016 0.000572213 0.389296 -0.249748 -0.00167288 -0.194362 0.0169757 0.000190738 0.394255 -0.249786 0.000848397
22 -0.00743866 0.00171661 0.0623713 -1.47137 -0.161555 -0.647555 0.0776303 1.442 -0.162699 0.858129 -0.19894 -0.0185016 0.000572213 0.389296 -0.249748 -0.00167288 -0.194362 0.0169757 0.000190738 0.394255 -0.249786 0.000848397
22 -0.00743866 0.00171661 0.0619898 -1.47176 -0.161555 -0.647555 0.0776303 1.44276 -0.162318 0.858511 -0.19894 -0.0185016 0.000572213 0.389296 -0.249748 -0.00167288 -0.194362 0.0169757 0.000190738 0.394255 -0.249786 0.000848397
22 -0.00743866 0.00171661 0.0619898 -1.47214 -0.161555 -0.647555 0.0776303 1.44353 -0.161936 0.858892 -0.19894 -0.0185016 0.000572213 0.389296 -0.249748 -0.00167288 -0.194362 0.0169757 0.000190738 0.394255 -0.249786 0.000848397
22 -0.00743866 0.00171661 0.0619898 -1.47252 -0.161555 -0.647555 0.0776303 1.44467 -0.161173 0.858892 -0.19894 -0.0185016 0.000572213 0.389296 -0.249748 -0.00167288 -0.194362 0.0169757 0.000190738 0.394255 -0.249786 0.000848397
22 -0.00743866 0.00171661 0.0616083 -1.4729 -0.161555 -0.647555 0.0776303 1.44505 -0.160792 0.859274 -0.19894 -0.0185016 0.000572213 0.389296 -0.249748 -0.00167288 -0.194362 0.0169757 0.000190738 0.394255 -0.249786 0.000848397
22 -0.00743866 0.00171661 0.0616083 -1.47328 -0.161555 -0.647555 0.0776303 1.44582 -0.16041 0.859655 -0.19894 -0.0185016 0.000572213 0.389296 -0.249748 -0.00167288 -0.194362 0.0169757 0.000190738 0.394255 -0.249786 0.000848397
22 -0.00743866 0.00171661 0.0616083 -1.47405 -0.161555 -0.647555 0.0776303 1.44582 -0.160029 0.859655 -0.19894 -0.0185016 0.000572213 0.389296 -0.249748 -0.00167288 -0.194362 0.0169757 0.000190738 0.394255 -0.249786 0.000848397
22 -0.00743866 0.00171661 0.0612268 -1.47443 -0.161555 -0.647555 0.0776303 1.4462 -0.159648 0.860037 -0.19894 -0.0185016 0.000572213 0.389296 -0.249748 -0.00167288 -0.194362 0.0169757 0.000190738 0.394255 -0.249786 0.000848397
22 -0.00782013 0.00171661 0.0612268 -1.47481 -0.161555 -0.647555 0.0776303 1.44658 -0.159266 0.860037 -0.19894 -0.0185016 0.000572213 0.389296 -0.249748 -0.00167288 -0.194362 0.0169757 0.000190738 0.394255 -0.249786 0.000848397
22 -0.00743866 0.00171661 0.0612268 -1.47519 -0.161555 -0.647555 0.0776303 1.44734 -0.158503 0.860418 -0.19894 -0.0185016 0.000572213 0.389296 -0.249748 -0.00167288 -0.194362 0.0169757 0.000190738 0.394255 -0.249786 0.000848397
22 -0.00743866 0.00171661 0.0608453 -1.47519 -0.161555 -0.647555 0.0776303 1.44772 -0.158122 0.860418 -0.19894 -0.0185016 0.000572213 0.389296 -0.249748 -0.00167288 -0.194362 0.0169757 0.000190738 0.394255 -0.249786 0.000848397
22 -0.00743866 0.00171661 0.0608453 -1.47557 -0.161555 -0.647555 0.0776303 1.4481 -0.157359 0.860418 -0.19894 -0.0185016 0.000572213 0.389296 -0.249748 -0.00167288 -0.194362 0.0169757 0.000190738 0.394255 -0.249786 0.000848397
22 -0.00743866 0.00171661 0.0608453 -1.47595 -0.161555 -0.647555 0.0776303 1.44849 -0.156596 0.860418 -0.19894 -0.0185016 0.000572213 0.389296 -0.249748 -0.00167288 -0.194362 0.0169757 0.000190738 0.394255 -0.249786 0.000848397
22 -0.00743866 0.00171661 0.0604639 -1.47633 -0.161555 -0.647555 0.0776303 1.44887 -0.155833 0.8608 -0.19894 -0.0185016 0.000572213 0.389296 -0.249748 -0.00167288 -0.194362 0.0169757 0.000190738 0.394255 -0.249786 0.000848397
22 -0.00743866 0.00171661 0.0604639 -1.47672 -0.161555 -0.647555 0.0776303 1.44963 -0.15507 0.8608 -0.19894 -0.0185016 0.000572213 0.389296 -0.249748 -0.00167288 -0.194362 0.0169757 0.000190738 0.394255 -0.249786 0.000848397
22 -0.00743866 0.00171661 0.0604639 -1.4771 -0.161555 -0.647555 0.0776303 1.45039 -0.154688 0.8608 -0.19894 -0.0185016 0.000572213 0.389296 -0.249748 -0.00167288 -0.194362 0.0169757 0.000190738 0.394255 -0.249786 0.000848397
22 -0.00743866 0.00171661 0.0604639 -1.47748 -0.161555 -0.647555 0.0776303 1.45116 -0.153925 0.8608 -0.19894 -0.0185016 0.000572213 0.389296 -0.249748 -0.00167288 -0.194362 0.0169757 0.000190738 0.394255 -0.249786 0.000848397
22 -0.00743866 0.00171661 0.0604639 -1.47786 -0.161555 -0.647555 0.0776303 1.45154 -0.153544 0.861181 -0.19894 -0.0185016 0.000572213 0.389296 -0.249748 -0.00167288 -0.194362 0.0169757 0.000190738 0.394255 -0.249786 0.000848397
22 -0.00743866 0.00171661 0.0604639 -1.47824 -0.161555 -0.647555 0.0776303 1.45192 -0.152781 0.861181 -0.19894 -0.0185016 0.000572213 0.389296 -0.249748 -0.00167288 -0.194362 0.0169757 0.000190738 0.394255 -0.249786 0.000848397
22 -0.00743866 0.00171661 0.0604639 -1.47862 -0.161555 -0.647555 0.0776303 1.4523 -0.152018 0.861181 -0.19894 -0.0185016 0.000572213 0.389296 -0.249748 -0.00167288 -0.194362 0.0169757 0.000190738 0.394255 -0.249786 0.000848397
22 -0.00743866 0.00171661 0.0604639 -1.479 -0.161555 -0.647555 0.0776303 1.45268 -0.151637 0.861563 -0.19894 -0.0185016 0.000572213 0.389296 -0.249748 -0.00167288 -0.194362 0.0169757 0.000190738 0.394255 -0.249786 0.000848397
22 -0.00743866 0.00171661 0.0600824 -1.47977 -0.161555 -0.647555 0.0776303 1.45306 -0.151255 0.861563 -0.19894 -0.0185016 0.000572213 0.389296 -0.249748 -0.00167288 -0.194362 0.0169757 0.000190738 0.394255 -0.249786 0.000848397
22 -0.00743866 0.00171661 0.0604639 -1.48015 -0.161555 -0.647555 0.0776303 1.45345 -0.150492 0.861944 -0.19894 -0.0185016 0.000572213 0.389296 -0.249748 -0.00167288 -0.194362 0.0169757 0.000190738 0.394255 -0.249786 0.000848397
22 -0.00743866 0.00171661 0.0604639 -1.48053 -0.161555 -0.647555 0.0776303 1.45383 -0.150111 0.861944 -0.19894 -0.0185016 0.000572213 0.389296 -0.249748 -0.00167288 -0.194362 0.0169757 0.000190738 0.394255 -0.249951 0.00124844
22 -0.00743866 0.00171661 0.0600824 -1.48091 -0.161555 -0.647555 0.0772488 1.45421 -0.149729 0.861944 -0.19894 -0.0185016 0.000572213 0.389296 -0.249748 -0.00167288 -0.194362 0.0169757 0.000190738 0.394255 -0.249786 0.00084883
22 -0.00743866 0.00171661 0.0604639 -1.48129 -0.161555 -0.647555 0.0772488 1.45459 -0.149348 0.862325 -0.19894 -0.0185016 0.000572213 0.389296 -0.249748 -0.00167288 -0.194362 0.0169757 0.000190738 0.394255 -0.249951 0.00124844
22 -0.00743866 0.00171661 0.0604639 -1.48167 -0.161555 -0.647555 0.0772488 1.45497 -0.148966 0.862325 -0.19894 -0.0185016 0.000572213 0.389296 -0.249748 -0.00167288 -0.194362 0.0169757 0.000190738 0.394255 -0.249951 0.001248
22 -0.00743866 0.00171661 0.0604639 -1.48206 -0.161555 -0.647555 0.0772488 1.45573 -0.148585 0.862325 -0.19894 -0.0185016 0.000572213 0.389296 -0.249748 -0.00167288 -0.194362 0.0169757 0.000190738 0.394255 -0.249786 0.000848829
22 -0.00743866 0.00171661 0.0604639 -1.48244 -0.161555 -0.647555 0.0772488 1.4565 -0.148203 0.862325 -0.19894 -0.0185016 0.000572213 0.389296 -0.249748 -0.00167288 -0.194362 0.0169757 0.000190738 0.394255 -0.249786 0.000848397
22 -0.00743866 0.00171661 0.0604639 -1.48282 -0.161555 -0.647555 0.0772488 1.45726 -0.147822 0.862707 -0.19894 -0.0185016 0.000572213 0.389296 -0.249748 -0.00167288 -0.194362 0.0169757 0.000190738 0.394255 -0.249786 0.000848397
22 -0.00743866 0.00171661 0.0604639 -1.4832 -0.161555 -0.647555 0.0772488 1.45764 -0.14744 0.862707 -0.19894 -0.0185016 0.000572213 0.389296 -0.249748 -0.00167288 -0.194362 0.0169757 0.000190738 0.394255 -0.249786 0.000848397
22 -0.00743866 0.00171661 0.0604639 -1.48358 -0.161555 -0.647555 0.0772488 1.45802 -0.147059 0.862707 -0.19894 -0.0185016 0.000572213 0.389296 -0.249748 -0.00167288 -0.194362 0.0169757 0.000190738 0.394255 -0.249786 0.000848397
22 -0.00782013 0.00171661 0.0604639 -1.48396 -0.161555 -0.647173 0.0772488 1.4584 -0.146677 0.862707 -0.19894 -0.0185016 0.000572213 0.389296 -0.249748 -0.00167288 -0.194362 0.0169757 0.000190738 0.394255 -0.249786 0.000848397
22 -0.00743866 0.00171661 0.0604639 -1.48434 -0.161555 -0.647173 0.0772488 1.4584 -0.146296 0.863088 -0.19894 -0.0185016 0.000572213 0.389296 -0.249748 -0.00167288 -0.194362 0.0169757 0.000190738 0.394255 -0.249786 0.000848397
22 -0.00743866 0.00171661 0.0604639 -1.48473 -0.161555 -0.647173 0.0772488 1.45879 -0.145533 0.863088 -0.19894 -0.0185016 0.000572213 0.389296 -0.249748 -0.00167288 -0.194362 0.0169757 0.000190738 0.394255 -0.249786 0.000848397
22 -0.00743866 0.00171661 0.0604639 -1.48511 -0.161555 -0.647173 0.0772488 1.45917 -0.145151 0.86347 -0.19894 -0.0185016 0.000572213 0.389296 -0.249748 -0.00167288 -0.194362 0.0169757 0.000190738 0.394255 -0.249786 0.000848397
22 -0.00743866 0.00171661 0.0604639 -1.48587 -0.161555 -0.647173 0.0772488 1.45955 -0.144388 0.86347 -0.19894 -0.0185016 0.000572213 0.389296 -0.249748 -0.00167288 -0.194362 0.0169757 0.000190738 0.394255 -0.249786 0.000848397
22 -0.00743866 0.00171661 0.0604639 -1.48625 -0.161555 -0.647173 0.0772488 1.45993 -0.143626 0.86347 -0.19894 -0.0185016 0.000572213 0.389296 -0.249748 -0.00167288 -0.194362 0.0169757 0.000190738 0.394255 -0.249786 0.000848397
22 -0.00743866 0.00171661 0.0604639 -1.48663 -0.161555 -0.647173 0.0772488 1.46031 -0.142863 0.863851 -0.19894 -0.0185016 0.000572213 0.389296 -0.249748 -0.00167288 -0.194362 0.0169757 0.000190738 0.394255 -0.249786 0.000848397
22 -0.00743866 0.00171661 0.0604639 -1.48702 -0.161555 -0.647173 0.0768673 1.46031 -0.142481 0.863851 -0.19894 -0.0185016 0.000572213 0.389296 -0.249748 -0.00167288 -0.194362 0.0169757 0.000190738 0.394255 -0.249786 0.000848397
22 -0.00743866 0.00171661 0.0604639 -1.4874 -0.161555 -0.647173 0.0768673 1.46069 -0.141718 0.863851 -0.19894 -0.0185016 0.000572213 0.389296 -0.249748 -0.00167288 -0.194362 0.0169757 0.000190738 0.394255 -0.249786 0.000848397
22 -0.00743866 0.00171661 0.0604639 -1.4874 -0.161555 -0.647173 0.0768673 1.46107 -0.141337 0.864233 -0.19894 -0.0185016 0.000572213 0.389296 -0.249748 -0.00167288 -0.194362 0.0169757 0.000190738 0.394255 -0.249786 0.000848397
22 -0.00743866 0.00171661 0.0604639 -1.48778 -0.161555 -0.647173 0.0768673 1.46146 -0.140955 0.864233 -0.19894 -0.0185016 0.000572213 0.389296 -0.249748 -0.00167288 -0.194362 0.0169757 0.000190738 0.394255 -0.249786 0.000848397
22 -0.00743866 0.00171661 0.0604639 -1.48816 -0.161555 -0.647173 0.0768673 1.46184 -0.140574 0.864233 -0.19894 -0.0185016 0.000572213 0.389296 -0.249748 -0.00167288 -0.194362 0.0169757 0.000190738 0.394255 -0.249786 0.000848397
22 -0.00743866 0.00171661 0.0604639 -1.48816 -0.161555 -0.647173 0.0768673 1.4626 -0.139811 0.864614 -0.19894 -0.0185016 0.000572213 0.389296 -0.249748 -0.00167288 -0.194362 0.0169757 0.000190738 0.394255 -0.249786 0.000848397
22 -0.00743866 0.00171661 0.0604639 -1.48854 -0.161555 -0.647173 0.0768673 1.46298 -0.139429 0.864614 -0.19894 -0.0185016 0.000572213 0.389296 -0.249748 -0.00167288 -0.194362 0.0169757 0.000190738 0.394255 -0.249786 0.000848397
22 -0.00743866 0.00171661 0.0604639 -1.48892 -0.161555 -0.647173 0.0768673 1.46375 -0.139048 0.864614 -0.19894 -0.0185016 0.000572213 0.389296 -0.249748 -0.00167288 -0.194362 0.0169757 0.000190738 0.394255 -0.249786 0.000848397
22 -0.00743866 0.00171661 0.0604639 -1.48892 -0.161555 -0.647173 0.0768673 1.46413 -0.138666 0.864996 -0.19894 -0.0185016 0.000572213 0.389296 -0.249748 -0.00167288 -0.194362 0.0169757 0.000190738 0.394255 -0.249786 0.000848397
22 -0.00743866 0.00171661 0.0604639 -1.4893 -0.161555 -0.647173 0.0768673 1.46413 -0.138666 0.864996 -0.19894 -0.0185016 0.000572213 0.389296 -0.249748 -0.00167288 -0.194362 0.0169757 0.000190738 0.394255 -0.249786 0.000848397
22 -0.00743866 0.00171661 0.0604639 -1.48969 -0.161555 -0.647173 0.0768673 1.46451 -0.138285 0.864996 -0.19894 -0.0185016 0.000572213 0.389296 -0.249748 -0.00167288 -0.194362 0.0169757 0.000190738 0.394255 -0.249786 0.000848397
22 -0.00743866 0.00171661 0.0604639 -1.48969 -0.161555 -0.647173 0.0768673 1.46489 -0.137903 0.865377 -0.19894 -0.0185016 0.000572213 0.389296 -0.249748 -0.00167288 -0.194362 0.0169757 0.000190738 0.394255 -0.249786 0.000848397
22 -0.00743866 0.00171661 0.0604639 -1.49007 -0.161555 -0.647173 0.0768673 1.46489 -0.137903 0.865377 -0.19894 -0.0185016 0.000572213 0.389296 -0.249748 -0.00167288 -0.194362 0.0169757 0.000190738 0.394255 -0.249786 0.000848397
22 -0.00743866 0.00171661 0.0604639 -1.49045 -0.161555 -0.647173 0.0768673 1.46527 -0.137522 0.865377 -0.19894 -0.0185016 0.000572213 0.389296 -0.249748 -0.00167288 -0.194362 0.0169757 0.000190738 0.394255 -0.249786 0.000848397
22 -0.00743866 0.00171661 0.0604639 -1.49045 -0.161555 -0.647173 0.0768673 1.46565 -0.13714 0.865377 -0.19894 -0.0185016 0.000572213 0.389296 -0.249748 -0.00167288 -0.194362 0.0169757 0.000190738 0.394255 -0.249786 0.000848397
22 -0.00743866 0.00171661 0.0604639 -1.49083 -0.161555 -0.647173 0.0772488 1.46565 -0.13714 0.865759 -0.19894 -0.0185016 0.000572213 0.389296 -0.249748 -0.00167288 -0.194362 0.0169757 0.000190738 0.394255 -0.249786 0.000848397
22 -0.00743866 0.00171661 0.0604639 -1.49121 -0.161555 -0.647173 0.0772488 1.46603 -0.136759 0.865759 -0.19894 -0.0185016 0.000572213 0.389296 -0.249748 -0.00167288 -0.194362 0.0169757 0.000190738 0.394255 -0.249786 0.000848397
22 -0.00743866 0.00171661 0.0604639 -1.49159 -0.161555 -0.647173 0.0772488 1.46603 -0.136378 0.865759 -0.19894 -0.0185016 0.000572213 0.389296 -0.249748 -0.00167288 -0.194362 0.0169757 0.000190738 0.394255 -0.249786 0.000848397
22 -0.00743866 0.00171661 0.0604639 -1.49197 -0.161555 -0.647173 0.0772488 1.46642 -0.135996 0.86614 -0.19894 -0.0185016 0.000572213 0.389296 -0.249748 -0.00167288 -0.194362 0.0169757 0.000190738 0.394255 -0.249786 0.000848397
22 -0.00743866 0.00171661 0.0604639 -1.49197 -0.161936 -0.647173 0.0772488 1.46642 -0.135996 0.86614 -0.19894 -0.0185016 0.000572213 0.389296 -0.249748 -0.00167288 -0.194362 0.0169757 0.000190738 0.394255 -0.249786 0.000848397
22 -0.00743866 0.00171661 0.0604639 -1.49236 -0.161936 -0.647173 0.0772488 1.4668 -0.135615 0.86614 -0.19894 -0.0185016 0.000572213 0.389296 -0.249748 -0.00167288 -0.194362 0.0169757 0.000190738 0.394255 -0.249786 0.000848397
22 -0.00743866 0.00171661 0.0604639 -1.49274 -0.161936 -0.647173 0.0772488 1.4668 -0.135615 0.866522 -0.19894 -0.0185016 0.000572213 0.389296 -0.249748 -0.00167288 -0.194362 0.0169757 0.000190738 0.394255 -0.249786 0.000848397
22 -0.00743866 0.00171661 0.0604639 -1.49274 -0.161936 -0.647173 0.0772488 1.4668 -0.135233 0.866522 -0.19894 -0.0185016 0.000572213 0.389296 -0.249748 -0.00167288 -0.194362 0.0169757 0.000190738 0.394255 -0.249786 0.000848397
22 -0.00743866 0.00171661 0.0604639 -1.49312 -0.161936 -0.647173 0.0772488 1.46718 -0.135233 0.866903 -0.19894 -0.0185016 0.000572213 0.389296 -0.249748 -0.00167288 -0.194362 0.0169757 0.000190738 0.394255 -0.249786 0.000848397
22 -0.00743866 0.00171661 0.0604639 -1.4935 -0.161936 -0.647173 0.0772488 1.46718 -0.134852 0.866903 -0.19894 -0.0185016 0.000572213 0.389296 -0.249748 -0.00167288 -0.194362 0.0169757 0.000190738 0.394255 -0.249786 0.000848397
22 -0.00743866 0.00171661 0.0604639 -1.4935 -0.161936 -0.647173 0.0772488 1.46718 -0.13447 0.866903 -0.19894 -0.0185016 0.000572213 0.389296 -0.249748 -0.00167288 -0.194362 0.0169757 0.000190738 0.394255 -0.249786 0.000848397
22 -0.00743866 0.00171661 0.0604639 -1.49388 -0.161936 -0.647173 0.0772488 1.46756 -0.13447 0.867285 -0.19894 -0.0185016 0.000572213 0.389296 -0.249748 -0.00167288 -0.194362 0.0169757 0.000190738 0.394255 -0.249786 0.000848397
22 -0.00743866 0.00171661 0.0604639 -1.49388 -0.161936 -0.647173 0.0772488 1.46756 -0.134089 0.867285 -0.19894 -0.0185016 0.000572213 0.389296 -0.249748 -0.00167288 -0.194362 0.0169757 0.000190738 0.394255 -0.249786 0.000848397
22 -0.00743866 0.00171661 0.0604639 -1.49426 -0.161936 -0.647173 0.0772488 1.46794 -0.133707 0.867285 -0.19894 -0.0185016 0.000572213 0.389296 -0.249748 -0.00167288 -0.194362 0.0169757 0.000190738 0.394255 -0.249786 0.000848397
22 -0.00743866 0.00171661 0.0604639 -1.49426 -0.161936 -0.647173 0.0772488 1.46832 -0.133326 0.867666 -0.19894 -0.0185016 0.000572213 0.389296 -0.249748 -0.00167288 -0.194362 0.0169757 0.000190738 0.394255 -0.249786 0.000848397
22 -0.00743866 0.00171661 0.0604639 -1.49464 -0.161936 -0.647173 0.0772488 1.46832 -0.133326 0.867666 -0.19894 -0.0185016 0.000572213 0.389296 -0.249748 -0.00167288 -0.194362 0.0169757 0.000190738 0.394255 -0.249786 0.000848397
22 -0.00743866 0.00171661 0.0604639 -1.49464 -0.161936 -0.647173 0.0772488 1.4687 -0.132944 0.867666 -0.19894 -0.0185016 0.000572213 0.389296 -0.249748 -0.00167288 -0.194362 0.0169757 0.000190738 0.394255 -0.249786 0.000848397
22 -0.00743866 0.00171661 0.0604639 -1.49503 -0.161936 -0.647173 0.0772488 1.46909 -0.132563 0.868048 -0.19894 -0.0185016 0.000572213 0.389296 -0.249748 -0.00167288 -0.194362 0.0169757 0.000190738 0.394255 -0.249786 0.000848397
22 -0.00743866 0.00171661 0.0608453 -1.49541 -0.161936 -0.647173 0.0772488 1.46909 -0.132563 0.868048 -0.19894 -0.0185016 0.000572213 0.389296 -0.249748 -0.00167288 -0.194362 0.0169757 0.000190738 0.394255 -0.249786 0.000848397
22 -0.00743866 0.00171661 0.0608453 -1.49541 -0.161936 -0.647173 0.0772488 1.46947 -0.132181 0.868429 -0.19894 -0.0185016 0.000572213 0.389296 -0.249748 -0.00167288 -0.194362 0.0169757 0.000190738 0.394255 -0.249786 0.000848397
22 -0.00743866 0.00171661 0.0608453 -1.49579 -0.161936 -0.647173 0.0772488 1.46947 -0.1318 0.868429 -0.19894 -0.0185016 0.000572213 0.389296 -0.249748 -0.00167288 -0.194362 0.0169757 0.000190738 0.394255 -0.249786 0.000848397
22 -0.00743866 0.00171661 0.0608453 -1.49617 -0.161936 -0.647173 0.0776303 1.46985 -0.131418 0.868429 -0.19894 -0.0185016 0.000572213 0.389296 -0.249748 -0.00167288 -0.194362 0.0169757 0.000190738 0.394255 -0.249786 0.000848397
22 -0.00743866 0.00171661 0.0608453 -1.49617 -0.161936 -0.647173 0.0776303 1.46985 -0.130655 0.868811 -0.19894 -0.0185016 0.000572213 0.389296 -0.249748 -0.00167288 -0.194362 0.0169757 0.000190738 0.394255 -0.249786 0.000848397
22 -0.00743866 0.00209808 0.0608453 -1.49617 -0.161936 -0.647173 0.0776303 1.46985 -0.130274 0.868811 -0.19894 -0.0185016 0.000572213 0.389296 -0.249748 -0.00167288 -0.194362 0.0169757 0.000190738 0.394255 -0.249786 0.000848397
22 -0.00743866 0.00171661 0.0608453 -1.49655 -0.161936 -0.647173 0.0776303 1.46985 -0.129892 0.868811 -0.19894 -0.0185016 0.000572213 0.389296 -0.249748 -0.00167288 -0.194362 0.0169757 0.000190738 0.394255 -0.249786 0.000848397
22 -0.00743866 0.00171661 0.0608453 -1.49655 -0.161936 -0.647173 0.0776303 1.46985 -0.129511 0.868811 -0.19894 -0.0185016 0.000572213 0.389296 -0.249748 -0.00167288 -0.194362 0.0169757 0.000190738 0.394255 -0.249786 0.000848397
22 -0.00743866 0.00171661 0.0608453 -1.49693 -0.161936 -0.647173 0.0776303 1.47023 -0.129511 0.868811 -0.19894 -0.0185016 0.000572213 0.389296 -0.249748 -0.00167288 -0.194362 0.0169757 0.000190738 0.394255 -0.249786 0.000848397
22 -0.00743866 0.00171661 0.0608453 -1.49693 -0.161936 -0.647173 0.0776303 1.47023 -0.129129 0.869192 -0.19894 -0.0185016 0.000572213 0.389296 -0.249748 -0.00167288 -0.194362 0.0169757 0.000190738 0.394255 -0.249786 0.000848397
22 -0.00743866 0.00171661 0.0608453 -1.49732 -0.161936 -0.647173 0.0776303 1.47023 -0.128748 0.869192 -0.19894 -0.0185016 0.000572213 0.389296 -0.249748 -0.00167288 -0.194362 0.0169757 0.000190738 0.394255 -0.249786 0.000848397
22 -0.00743866 0.00171661 0.0608453 -1.4977 -0.161936 -0.647173 0.0776303 1.47023 -0.128748 0.869192 -0.19894 -0.0185016 0.000572213 0.389296 -0.249748 -0.00167288 -0.194362 0.0169757 0.000190738 0.394255 -0.249786 0.000848397
22 -0.00743866 0.00171661 0.0608453 -1.49808 -0.161936 -0.647173 0.0776303 1.47023 -0.128367 0.868811 -0.19894 -0.0185016 0.000572213 0.389296 -0.249748 -0.00167288 -0.194362 0.0169757 0.000190738 0.394255 -0.249786 0.000848397
22 -0.00743866 0.00171661 0.0608453 -1.49808 -0.161936 -0.647173 0.0776303 1.47023 -0.128367 0.868811 -0.19894 -0.0185016 0.000572213 0.389296 -0.249748 -0.00167288 -0.194362 0.0169757 0.000190738 0.394255 -0.249786 0.000848397
22 -0.00743866 0.00171661 0.0608453 -1.49846 -0.161936 -0.647173 0.0776303 1.47061 -0.128367 0.868811 -0.19894 -0.0185016 0.000572213 0.389296 -0.249748 -0.00167288 -0.194362 0.0169757 0.000190738 0.394255 -0.249988 0.000423189
22 -0.00743866 0.00171661 0.0608453 -1.49846 -0.161936 -0.647173 0.0776303 1.47061 -0.127985 0.869192 -0.19894 -0.0185016 0.000572213 0.389296 -0.249748 -0.00167288 -0.194362 0.0169757 0.000190738 0.394255 -0.249988 0.000423329
22 -0.00743866 0.00171661 0.0608453 -1.49884 -0.161936 -0.647173 0.0776303 1.47061 -0.127985 0.868811 -0.19894 -0.0185016 0.000572213 0.389296 -0.249748 -0.00167288 -0.194362 0.0169757 0.000190738 0.394255 -0.249786 0.000848257
22 -0.00743866 0.00171661 0.0608453 -1.49884 -0.161936 -0.646792 0.0776303 1.47061 -0.127985 0.869192 -0.19894 -0.0185016 0.000572213 0.389296 -0.249748 -0.00167288 -0.194362 0.0169757 0.000190738 0.394255 -0.249786 0.000848397
22 -0.00743866 0.00171661 0.0608453 -1.49922 -0.161936 -0.646792 0.0776303 1.47061 -0.127985 0.868811 -0.19894 -0.0185016 0.000572213 0.389296 -0.249748 -0.00167288 -0.194362 0.0169757 0.000190738 0.394255 -0.249786 0.000848397
22 -0.00743866 0.00171661 0.0608453 -1.49922 -0.161936 -0.646792 0.0780118 1.47061 -0.127985 0.868811 -0.19894 -0.0185016 0.000572213 0.389296 -0.249748 -0.00167288 -0.194362 0.0169757 0.000190738 0.394255 -0.249786 0.000848397
22 -0.00743866 0.00171661 0.0608453 -1.4996 -0.161936 -0.646792 0.0780118 1.47099 -0.127985 0.868811 -0.19894 -0.0185016 0.000572213 0.389296 -0.249748 -0.00167288 -0.194362 0.0169757 0.000190738 0.394255 -0.249951 0.00124844
22 -0.00743866 0.00171661 0.0608453 -1.4996 -0.161936 -0.646792 0.0780118 1.47099 -0.127985 0.868811 -0.19894 -0.0185016 0.000572213 0.389296 -0.249748 -0.00167288 -0.194362 0.0169757 0.000190738 0.394255 -0.249951 0.001248
22 -0.00743866 0.00171661 0.0608453 -1.4996 -0.161936 -0.646792 0.0780118 1.47099 -0.128367 0.868811 -0.19894 -0.0185016 0.000572213 0.389296 -0.249748 -0.00167288 -0.194362 0.0169757 0.000190738 0.394255 -0.249786 0.000848829
22 -0.00743866 0.00171661 0.0608453 -1.4996 -0.161936 -0.646792 0.0780118 1.47099 -0.128367 0.868811 -0.19894 -0.0185016 0.000572213 0.389296 -0.249748 -0.00167288 -0.194362 0.0169757 0.000190738 0.394255 -0.249786 0.000848397
22 -0.00743866 0.00171661 0.0608453 -1.49999 -0.161936 -0.646792 0.0780118 1.47099 -0.128367 0.869192 -0.19894 -0.0185016 0.000572213 0.389296 -0.249748 -0.00167288 -0.194362 0.0169757 0.000190738 0.394255 -0.249786 0.000848397
22 -0.00743866 0.00171661 0.0608453 -1.49999 -0.161555 -0.646792 0.0780118 1.47099 -0.128367 0.869192 -0.19894 -0.0185016 0.000572213 0.389296 -0.249748 -0.00167288 -0.194362 0.0169757 0.000190738 0.394255 -0.249786 0.000848397
22 -0.00743866 0.00171661 0.0608453 -1.49999 -0.161555 -0.646792 0.0783932 1.47099 -0.128367 0.869192 -0.19894 -0.0185016 0.000572213 0.389296 -0.249748 -0.00167288 -0.194362 0.0169757 0.000190738 0.394255 -0.249786 0.000848397
22 -0.00743866 0.00171661 0.0608453 -1.49999 -0.161936 -0.646792 0.0783932 1.47099 -0.128367 0.868811 -0.19894 -0.0185016 0.000572213 0.389296 -0.249748 -0.00167288 -0.194362 0.0169757 0.000190738 0.394255 -0.249786 0.000848397
22 -0.00743866 0.00171661 0.0608453 -1.49999 -0.161555 -0.646792 0.0783932 1.47099 -0.128367 0.869192 -0.19894 -0.0185016 0.000572213 0.389296 -0.249748 -0.00167288 -0.194362 0.0169757 0.000190738 0.394255 -0.249786 0.000848397
22 -0.00743866 0.00171661 0.0608453 -1.49999 -0.161936 -0.646792 0.0783932 1.47099 -0.128367 0.868811 -0.19894 -0.0185016 0.000572213 0.389296 -0.249748 -0.00167288 -0.194362 0.0169757 0.000190738 0.394255 -0.249786 0.000848397
22 -0.00743866 0.00171661 0.0608453 -1.49999 -0.161555 -0.646792 0.0783932 1.47099 -0.128367 0.868811 -0.19894 -0.0185016 0.000572213 0.389296 -0.249748 -0.00167288 -0.194362 0.0169757 0.000190738 0.394255 -0.249786 0.000848397
22 -0.00743866 0.00171661 0.0608453 -1.49999 -0.161936 -0.64641 0.0783932 1.47099 -0.128367 0.868811 -0.19894 -0.0185016 0.000572213 0.389296 -0.249748 -0.00167288 -0.194362 0.0169757 0.000190738 0.394255 -0.249786 0.000848397
22 -0.00743866 0.00171661 0.0608453 -1.49999 -0.161936 -0.64641 0.0783932 1.47099 -0.128367 0.868811 -0.19894 -0.0185016 0.000572213 0.389296 -0.249748 -0.00167288 -0.194362 0.0169757 0.000190738 0.394255 -0.249786 0.000848397
22 -0.00743866 0.00171661 0.0608453 -1.49999 -0.161936 -0.64641 0.0783932 1.47099 -0.128367 0.868811 -0.19894 -0.0185016 0.000572213 0.389296 -0.249748 -0.00167288 -0.194362 0.0169757 0.000190738 0.394255 -0.249786 0.000848397
22 -0.00743866 0.00171661 0.0608453 -1.49999 -0.161936 -0.64641 0.0787747 1.47099 -0.128367 0.868811 -0.19894 -0.0185016 0.000572213 0.389296 -0.249748 -0.00167288 -0.194362 0.0169757 0.000190738 0.394255 -0.249786 0.000848397
22 -0.00743866 0.00171661 0.0608453 -1.49999 -0.161936 -0.64641 0.0787747 1.47099 -0.128367 0.869192 -0.19894 -0.0185016 0.000572213 0.389296 -0.249748 -0.00167288 -0.194362 0.0169757 0.000190738 0.394255 -0.249786 0.000848397
22 -0.00743866 0.00171661 0.0608453 -1.49999 -0.161936 -0.64641 0.0787747 1.47099 -0.128367 0.869192 -0.19894 -0.0185016 0.000572213 0.389296 -0.249748 -0.00167288 -0.194362 0.0169757 0.000190738 0.394255 -0.249786 0.000848397
22 -0.00743866 0.00171661 0.0608453 -1.49999 -0.161936 -0.64641 0.0787747 1.47099 -0.128367 0.868811 -0.19894 -0.0185016 0.000572213 0.389296 -0.249748 -0.00167288 -0.194362 0.0169757 0.000190738 0.394255 -0.249786 0.000848397
22 -0.00743866 0.00171661 0.0608453 -1.49999 -0.161936 -0.64641 0.0787747 1.47099 -0.128367 0.869192 -0.19894 -0.0185016 0.000572213 0.389296 -0.249748 -0.00167288 -0.194362 0.0169757 0.000190738 0.394255 -0.249786 0.000848397
22 -0.00743866 0.00171661 0.0608453 -1.49999 -0.161936 -0.64641 0.0787747 1.47099 -0.128367 0.869192 -0.19894 -0.0185016 0.000572213 0.389296 -0.249748 -0.00167288 -0.194362 0.0169757 0.000190738 0.394255 -0.249786 0.000848397
22 -0.00743866 0.00171661 0.0608453 -1.49999 -0.161936 -0.64641 0.0787747 1.47099 -0.128367 0.869192 -0.19894 -0.0185016 0.000572213 0.389296 -0.249748 -0.00167288 -0.194362 0.0169757 0.000190738 0.394255 -0.249786 0.000848397
22 -0.00743866 0.00171661 0.0608453 -1.49999 -0.161936 -0.64641 0.0787747 1.47099 -0.128367 0.869192 -0.19894 -0.0185016 0.000572213 0.389296 -0.249748 -0.00167288 -0.194362 0.0169757 0.000190738 0.394255 -0.249786 0.000848397
22 -0.00743866 0.00171661 0.0608453 -1.49999 -0.161936 -0.64641 0.0787747 1.47099 -0.128367 0.869192 -0.19894 -0.0185016 0.000572213 0.389296 -0.249748 -0.00167288 -0.194362 0.0169757 0.000190738 0.394255 -0.249786 0.000848397
22 -0.00743866 0.00171661 0.0608453 -1.49999 -0.161936 -0.64641 0.0787747 1.47099 -0.128367 0.869192 -0.19894 -0.0185016 0.000572213 0.389296 -0.249748 -0.00167288 -0.194362 0.0169757 0.000190738 0.394255 -0.249786 0.000848397
22 -0.00743866 0.00171661 0.0608453 -1.49999 -0.161936 -0.64641 0.0787747 1.47099 -0.128367 0.869192 -0.19894 -0.0185016 0.000572213 0.389296 -0.249748 -0.00167288 -0.194362 0.0169757 0.000190738 0.394255 -0.249786 0.000848397
22 -0.00743866 0.00171661 0.0608453 -1.49999 -0.161936 -0.64641 0.0787747 1.47099 -0.128367 0.868811 -0.19894 -0.0185016 0.000572213 0.389296 -0.249748 -0.00167288 -0.194362 0.0169757 0.000190738 0.394255 -0.249786 0.000848397
22 -0.00743866 0.00171661 0.0608453 -1.49999 -0.161936 -0.64641 0.0787747 1.47099 -0.128367 0.869192 -0.19894 -0.0185016 0.000572213 0.389296 -0.249748 -0.00167288 -0.194362 0.0169757 0.000190738 0.394255 -0.249786 0.000848397
22 -0.00743866 0.00171661 0.0608453 -1.49999 -0.161936 -0.64641 0.0787747 1.47099 -0.128367 0.869192 -0.19894 -0.0185016 0.000572213 0.389296 -0.249748 -0.00167288 -0.194362 0.0169757 0.000190738 0.394255 -0.249786 0.000848397
22 -0.00743866 0.00171661 0.0608453 -1.49999 -0.161936 -0.64641 0.0787747 1.47099 -0.128367 0.869192 -0.19894 -0.0185016 0.000572213 0.389296 -0.249748 -0.00167288 -0.194362 0.0169757 0.000190738 0.394255 -0.249786 0.000848397
22 -0.00743866 0.00171661 0.0608453 -1.49999 -0.161936 -0.64641 0.0787747 1.47099 -0.128367 0.869192 -0.19894 -0.0185016 0.000572213 0.389296 -0.249748 -0.00167288 -0.194362 0.0169757 0.000190738 0.394255 -0.249786 0.000848397
22 -0.00743866 0.00171661 0.0608453 -1.49999 -0.161936 -0.64641 0.0791562 1.47099 -0.128367 0.869192 -0.19894 -0.0185016 0.000572213 0.389296 -0.249748 -0.00167288 -0.194362 0.0169757 0.000190738 0.394255 -0.249786 0.000848397
22 -0.00743866 0.00171661 0.0608453 -1.49999 -0.161936 -0.64641 0.0791562 1.47099 -0.128367 0.869192 -0.19894 -0.0185016 0.000572213 0.389296 -0.249748 -0.00167288 -0.194362 0.0169757 0.000190738 0.394255 -0.249786 0.000848397
22 -0.00743866 0.00171661 0.0608453 -1.49999 -0.161936 -0.64641 0.0791562 1.47099 -0.128367 0.869192 -0.19894 -0.0185016 0.000572213 0.389296 -0.249748 -0.00167288 -0.194362 0.0169757 0.000190738 0.394255 -0.249786 0.000848397
22 -0.00743866 0.00171661 0.0608453 -1.49999 -0.161936 -0.64641 0.0791562 1.47099 -0.128367 0.868811 -0.19894 -0.0185016 0.000572213 0.389296 -0.249748 -0.00167288 -0.194362 0.0169757 0.000190738 0.394255 -0.249786 0.000848397
22 -0.00743866 0.00171661 0.0608453 -1.49999 -0.161936 -0.64641 0.0791562 1.47099 -0.128367 0.869192 -0.19894 -0.0185016 0.000572213 0.389296 -0.249748 -0.00167288 -0.194362 0.0169757 0.000190738 0.394255 -0.249786 0.000848397
22 -0.00743866 0.00171661 0.0608453 -1.49999 -0.161936 -0.64641 0.0791562 1.47099 -0.128367 0.869192 -0.19894 -0.0185016 0.000572213 0.389296 -0.249748 -0.00167288 -0.194362 0.0169757 0.000190738 0.394255 -0.249786 0.000848397
22 -0.00743866 0.00171661 0.0608453 -1.49999 -0.161936 -0.64641 0.0791562 1.47099 -0.128367 0.869192 -0.19894 -0.0185016 0.000572213 0.389296 -0.249748 -0.00167288 -0.194362 0.0169757 0.000190738 0.394255 -0.249786 0.000848397
22 -0.00743866 0.00171661 0.0608453 -1.49999 -0.161936 -0.64641 0.0791562 1.47099 -0.128367 0.869192 -0.19894 -0.0185016 0.000572213 0.389296 -0.249748 -0.00167288 -0.194362 0.0169757 0.000190738 0.394255 -0.249786 0.000848397
22 -0.00743866 0.00171661 0.0608453 -1.49999 -0.161936 -0.64641 0.0791562 1.47099 -0.128367 0.869192 -0.19894 -0.0185016 0.000572213 0.389296 -0.249748 -0.00167288 -0.194362 0.0169757 0.000190738 0.394255 -0.249786 0.000848397
22 -0.00743866 0.00171661 0.0608453 -1.49999 -0.161936 -0.64641 0.0795377 1.47099 -0.128367 0.869192 -0.19894 -0.0185016 0.000572213 0.389296 -0.249748 -0.00167288 -0.194362 0.0169757 0.000190738 0.394255 -0.249786 0.000848397
22 -0.00743866 0.00171661 0.0608453 -1.49999 -0.161936 -0.64641 0.0795377 1.47099 -0.128367 0.869192 -0.19894 -0.0185016 0.000572213 0.389296 -0.249748 -0.00167288 -0.194362 0.0169757 0.000190738 0.394255 -0.249786 0.000848397
22 -0.00743866 0.00171661 0.0608453 -1.49999 -0.161936 -0.646029 0.0795377 1.47099 -0.128367 0.869192 -0.19894 -0.0185016 0.000572213 0.389296 -0.249748 -0.00167288 -0.194362 0.0169757 0.000190738 0.394255 -0.249786 0.000848397
22 -0.00743866 0.00171661 0.0608453 -1.49999 -0.161936 -0.646029 0.0795377 1.47099 -0.128367 0.869192 -0.19894 -0.0185016 0.000572213 0.389296 -0.249748 -0.00167288 -0.194362 0.0169757 0.000190738 0.394255 -0.249786 0.000848397
22 -0.00743866 0.00171661 0.0608453 -1.49999 -0.161936 -0.646029 0.0795377 1.47137 -0.128367 0.869192 -0.19894 -0.0185016 0.000572213 0.389296 -0.249748 -0.00167288 -0.194362 0.0169757 0.000190738 0.394255 -0.249786 0.000848397
22 -0.00743866 0.00171661 0.0608453 -1.49999 -0.161936 -0.646029 0.0795377 1.47137 -0.128367 0.869192 -0.19894 -0.0185016 0.000572213 0.389296 -0.249748 -0.00167288 -0.194362 0.0169757 0.000190738 0.394255 -0.249786 0.000848397
22 -0.00743866 0.00171661 0.0608453 -1.49999 -0.161936 -0.646029 0.0795377 1.47137 -0.128367 0.868811 -0.19894 -0.0185016 0.000572213 0.389296 -0.249748 -0.00167288 -0.194362 0.0169757 0.000190738 0.394255 -0.249786 0.000848397
22 -0.00743866 0.00171661 0.0608453 -1.49999 -0.161936 -0.646029 0.0795377 1.47137 -0.128367 0.869192 -0.19894 -0.0185016 0.000572213 0.389296 -0.249748 -0.00167288 -0.194362 0.0169757 0.000190738 0.394255 -0.249786 0.000848397
22 -0.00743866 0.00171661 0.0608453 -1.49999 -0.161936 -0.646029 0.0795377 1.47137 -0.128367 0.869192 -0.19894 -0.0185016 0.000572213 0.389296 -0.249748 -0.00167288 -0.194362 0.0169757 0.000190738 0.394255 -0.249786 0.000848397
22 -0.00743866 0.00171661 0.0608453 -1.49999 -0.161936 -0.646029 0.0795377 1.47137 -0.128367 0.869192 -0.19894 -0.0185016 0.000572213 0.389296 -0.249748 -0.00167288 -0.194362 0.0169757 0.000190738 0.394255 -0.249786 0.000848397
22 -0.00743866 0.00171661 0.0608453 -1.49999 -0.161936 -0.646029 0.0795377 1.47137 -0.128367 0.868811 -0.19894 -0.0185016 0.000572213 0.389296 -0.249748 -0.00167288 -0.194362 0.0169757 0.000190738 0.394255 -0.249786 0.000848397
22 -0.00743866 0.00171661 0.0608453 -1.49999 -0.161936 -0.646029 0.0795377 1.47137 -0.128367 0.869192 -0.19894 -0.0185016 0.000572213 0.389296 -0.249748 -0.00167288 -0.194362 0.0169757 0.000190738 0.394255 -0.249786 0.000848397
22 -0.00743866 0.00171661 0.0608453 -1.49999 -0.161936 -0.646029 0.0799191 1.47137 -0.128367 0.869192 -0.19894 -0.0185016 0.000572213 0.389296 -0.249748 -0.00167288 -0.194362 0.0169757 0.000190738 0.394255 -0.249786 0.000848397
22 -0.00743866 0.00171661 0.0608453 -1.49999 -0.161936 -0.646029 0.0799191 1.47137 -0.128367 0.869192 -0.19894 -0.0185016 0.000572213 0.389296 -0.249748 -0.00167288 -0.194362 0.0169757 0.000190738 0.394255 -0.249786 0.000848397
22 -0.00743866 0.00171661 0.0612268 -1.49999 -0.161936 -0.646029 0.0799191 1.47137 -0.128367 0.868811 -0.19894 -0.0185016 0.000572213 0.389296 -0.249748 -0.00167288 -0.194362 0.0169757 0.000190738 0.394255 -0.249786 0.000848397
22 -0.00743866 0.00171661 0.0612268 -1.49999 -0.161936 -0.646029 0.0799191 1.47137 -0.128367 0.869192 -0.19894 -0.0185016 0.000572213 0.389296 -0.249748 -0.00167288 -0.194362 0.0169757 0.000190738 0.394255 -0.249786 0.000848397
22 -0.00743866 0.00171661 0.0612268 -1.49999 -0.161936 -0.646029 0.0799191 1.47137 -0.128367 0.868811 -0.19894 -0.0185016 0.000572213 0.389296 -0.249748 -0.00167288 -0.194362 0.0169757 0.000190738 0.394255 -0.249786 0.000848397
22 -0.00743866 0.00171661 0.0612268 -1.49999 -0.161936 -0.646029 0.0799191 1.47137 -0.128367 0.869192 -0.19894 -0.0185016 0.000572213 0.389296 -0.249748 -0.00167288 -0.194362 0.0169757 0.000190738 0.394255 -0.249786 0.000848397
22 -0.00743866 0.00171661 0.0612268 -1.49999 -0.161936 -0.646029 0.0799191 1.47137 -0.128367 0.869192 -0.19894 -0.0185016 0.000572213 0.389296 -0.249748 -0.00167288 -0.194362 0.0169757 0.000190738 0.394255 -0.249786 0.000848397
22 -0.00743866 0.00171661 0.0612268 -1.49999 -0.161936 -0.646029 0.0799191 1.47137 -0.128367 0.869192 -0.19894 -0.0185016 0.000572213 0.389296 -0.249748 -0.00167288 -0.194362 0.0169757 0.000190738 0.394255 -0.250153 0.000822813
22 -0.00743866 0.00171661 0.0612268 -1.49999 -0.161936 -0.646029 0.0799191 1.47137 -0.128367 0.868811 -0.19894 -0.0185016 0.000572213 0.389296 -0.249748 -0.00167288 -0.194362 0.0169757 0.000190738 0.394255 -0.249951 0.00124786
22 -0.00743866 0.00171661 0.0612268 -1.49999 -0.161936 -0.646029 0.0799191 1.47137 -0.128367 0.869192 -0.19894 -0.0185016 0.000572213 0.389296 -0.249748 -0.00167288 -0.194362 0.0169757 0.000190738 0.394255 -0.250153 0.000822789
22 -0.00743866 0.00171661 0.0612268 -1.49999 -0.161936 -0.646029 0.0799191 1.47137 -0.128367 0.869192 -0.19894 -0.0185016 0.000572213 0.389296 -0.249748 -0.00167288 -0.194362 0.0169757 0.000190738 0.394255 -0.249951 0.00124786
22 -0.00743866 0.00171661 0.0612268 -1.49999 -0.161936 -0.646029 0.0799191 1.47137 -0.128367 0.869192 -0.19894 -0.0185016 0.000572213 0.389296 -0.249748 -0.00167288 -0.194362 0.0169757 0.000190738 0.394255 -0.249951 0.001248
22 -0.00743866 0.00171661 0.0612268 -1.49999 -0.161936 -0.646029 0.0799191 1.47137 -0.128367 0.869192 -0.19894 -0.0185016 0.000572213 0.389296 -0.249748 -0.00167288 -0.194362 0.0169757 0.000190738 0.394255 -0.249951 0.001248
22 -0.00743866 0.00171661 0.0612268 -1.49999 -0.161936 -0.646029 0.0799191 1.47137 -0.128367 0.869192 -0.19894 -0.0185016 0.000572213 0.389296 -0.249748 -0.00167288 -0.194362 0.0169757 0.000190738 0.394255 -0.249951 0.001248
22 -0.00743866 0.00171661 0.0616083 -1.49999 -0.161936 -0.646029 0.0799191 1.47137 -0.128367 0.869192 -0.19894 -0.0185016 0.000572213 0.389296 -0.249748 -0.00167288 -0.194362 0.0169757 0.000190738 0.394255 -0.249951 0.001248
22 -0.00743866 0.00171661 0.0616083 -1.49999 -0.161936 -0.646029 0.0799191 1.47137 -0.128367 0.869192 -0.19894 -0.0185016 0.000572213 0.389296 -0.249748 -0.00167288 -0.194362 0.0169757 0.000190738 0.394255 -0.249951 0.001248
22 -0.00743866 0.00171661 0.0616083 -1.49999 -0.161936 -0.646029 0.0799191 1.47137 -0.128367 0.869192 -0.19894 -0.0185016 0.000572213 0.389296 -0.249748 -0.00167288 -0.194362 0.0169757 0.000190738 0.394255 -0.249951 0.001248
22 -0.00743866 0.00171661 0.0616083 -1.49999 -0.161936 -0.646029 0.0799191 1.47137 -0.128367 0.869192 -0.19894 -0.0185016 0.000572213 0.389296 -0.249748 -0.00167288 -0.194362 0.0169757 0.000190738 0.394255 -0.249786 0.000848829
22 -0.00743866 0.00209808 0.0616083 -1.49999 -0.161936 -0.645647 0.0799191 1.47137 -0.128367 0.869192 -0.19894 -0.0185016 0.000572213 0.389296 -0.249748 -0.00167288 -0.194362 0.0169757 0.000190738 0.394255 -0.249786 0.000848397
22 -0.00743866 0.00171661 0.0616083 -1.49999 -0.161936 -0.645647 0.0799191 1.47137 -0.128367 0.869192 -0.19894 -0.0185016 0.000572213 0.389296 -0.249748 -0.00167288 -0.194362 0.0169757 0.000190738 0.394255 -0.249786 0.000848397
22 -0.00743866 0.00171661 0.0616083 -1.49999 -0.161936 -0.645647 0.0799191 1.47137 -0.128367 0.869192 -0.19894 -0.0185016 0.000572213 0.389296 -0.249748 -0.00167288 -0.194362 0.0169757 0.000190738 0.394255 -0.249786 0.000848397
22 -0.00743866 0.00171661 0.0616083 -1.49999 -0.161936 -0.645647 0.0799191 1.47137 -0.128367 0.869192 -0.19894 -0.0185016 0.000572213 0.389296 -0.249748 -0.00167288 -0.194362 0.0169757 0.000190738 0.394255 -0.249786 0.000848397
22 -0.00743866 0.00171661 0.0616083 -1.49999 -0.161936 -0.645647 0.0799191 1.47137 -0.128367 0.869192 -0.19894 -0.0185016 0.000572213 0.389296 -0.249748 -0.00167288 -0.194362 0.0169757 0.000190738 0.394255 -0.249786 0.000848397
22 -0.00743866 0.00171661 0.0616083 -1.49999 -0.161936 -0.645647 0.0799191 1.47137 -0.128367 0.869192 -0.19894 -0.0185016 0.000572213 0.389296 -0.249748 -0.00167288 -0.194362 0.0169757 0.000190738 0.394255 -0.249786 0.000848397
22 -0.00743866 0.00171661 0.0616083 -1.49999 -0.161936 -0.645266 0.0799191 1.47137 -0.128367 0.869192 -0.19894 -0.0185016 0.000572213 0.389296 -0.249748 -0.00167288 -0.194362 0.0169757 0.000190738 0.394255 -0.249786 0.000848397
22 -0.00743866 0.00171661 0.0616083 -1.49999 -0.161936 -0.645266 0.0799191 1.47137 -0.128367 0.869192 -0.19894 -0.0185016 0.000572213 0.389296 -0.249748 -0.00167288 -0.194362 0.0169757 0.000190738 0.394255 -0.249786 0.000848397
22 -0.00743866 0.00171661 0.0616083 -1.49999 -0.161936 -0.645266 0.0799191 1.47137 -0.128367 0.869192 -0.19894 -0.0185016 0.000572213 0.389296 -0.249748 -0.00167288 -0.194362 0.0169757 0.000190738 0.394255 -0.249786 0.000848397
22 -0.00743866 0.00171661 0.0616083 -1.49999 -0.161936 -0.645266 0.0799191 1.47137 -0.128367 0.869192 -0.19894 -0.0185016 0.000572213 0.389296 -0.249748 -0.00167288 -0.194362 0.0169757 0.000190738 0.394255 -0.249786 0.000848397
22 -0.00743866 0.00171661 0.0616083 -1.49999 -0.161936 -0.645266 0.0799191 1.47137 -0.128367 0.869192 -0.19894 -0.0185016 0.000572213 0.389296 -0.249748 -0.00167288 -0.194362 0.0169757 0.000190738 0.394255 -0.249786 0.000848397
22 -0.00743866 0.00171661 0.0616083 -1.49999 -0.161936 -0.644884 0.0799191 1.47137 -0.128367 0.869192 -0.19894 -0.0185016 0.000572213 0.389296 -0.249748 -0.00167288 -0.194362 0.0169757 0.000190738 0.394255 -0.249786 0.000848397
22 -0.00743866 0.00171661 0.0616083 -1.49999 -0.161936 -0.644884 0.0799191 1.47137 -0.128367 0.869192 -0.19894 -0.0185016 0.000572213 0.389296 -0.249748 -0.00167288 -0.194362 0.0169757 0.000190738 0.394255 -0.249786 0.000848397
22 -0.00743866 0.00171661 0.0616083 -1.49999 -0.161936 -0.644884 0.0799191 1.47137 -0.128367 0.869192 -0.19894 -0.0185016 0.000572213 0.389296 -0.249748 -0.00167288 -0.194362 0.0169757 0.000190738 0.394255 -0.249786 0.000848397
22 -0.00743866 0.00171661 0.0616083 -1.49999 -0.161936 -0.644884 0.0799191 1.47137 -0.128367 0.869192 -0.19894 -0.0185016 0.000572213 0.389296 -0.249748 -0.00167288 -0.194362 0.0169757 0.000190738 0.394255 -0.249786 0.000848397
22 -0.00743866 0.00171661 0.0616083 -1.49999 -0.161936 -0.644884 0.0799191 1.47137 -0.128367 0.869192 -0.19894 -0.0185016 0.000572213 0.389296 -0.249748 -0.00167288 -0.194362 0.0169757 0.000190738 0.394255 -0.249786 0.000848397
22 -0.00743866 0.00171661 0.0616083 -1.49999 -0.161936 -0.644884 0.0799191 1.47137 -0.128367 0.868811 -0.19894 -0.0185016 0.000572213 0.389296 -0.249748 -0.00167288 -0.194362 0.0169757 0.000190738 0.394255 -0.249951 0.00124844
22 -0.00743866 0.00171661 0.0616083 -1.49999 -0.161936 -0.644503 0.0799191 1.47137 -0.128367 0.869192 -0.19894 -0.0185016 0.000572213 0.389296 -0.249748 -0.00167288 -0.194362 0.0169757 0.000190738 0.394255 -0.249951 0.001248
22 -0.00743866 0.00171661 0.0616083 -1.49999 -0.161936 -0.644503 0.0799191 1.47137 -0.128367 0.869192 -0.19894 -0.0185016 0.000572213 0.389296 -0.249748 -0.00167288 -0.194362 0.0169757 0.000190738 0.394255 -0.249951 0.001248
22 -0.00743866 0.00171661 0.0616083 -1.49999 -0.161936 -0.644503 0.0799191 1.47137 -0.128367 0.869192 -0.19894 -0.0185016 0.000572213 0.389296 -0.249748 -0.00167288 -0.194362 0.0169757 0.000190738 0.394255 -0.249786 0.000848829
22 -0.00743866 0.00171661 0.0616083 -1.49999 -0.161936 -0.644503 0.0799191 1.47137 -0.128367 0.869192 -0.19894 -0.0185016 0.000572213 0.389296 -0.249748 -0.00167288 -0.194362 0.0169757 0.000190738 0.394255 -0.249786 0.000848397
22 -0.00743866 0.00171661 0.0616083 -1.49999 -0.161936 -0.644503 0.0799191 1.47137 -0.128367 0.869192 -0.19894 -0.0185016 0.000572213 0.389296 -0.249748 -0.00167288 -0.194362 0.0169757 0.000190738 0.394255 -0.249786 0.000848397
22 -0.00743866 0.00171661 0.0616083 -1.49999 -0.161936 -0.644503 0.0799191 1.47137 -0.128367 0.869192 -0.19894 -0.0185016 0.000572213 0.389296 -0.249748 -0.00167288 -0.194362 0.0169757 0.000190738 0.394255 -0.249786 0.000848397
22 -0.00743866 0.00171661 0.0616083 -1.49999 -0.161936 -0.644503 0.0799191 1.47137 -0.128367 0.869192 -0.19894 -0.0185016 0.000572213 0.389296 -0.249748 -0.00167288 -0.194362 0.0169757 0.000190738 0.394255 -0.249786 0.000848397
22 -0.00743866 0.00171661 0.0616083 -1.49999 -0.161936 -0.644503 0.0799191 1.47137 -0.128367 0.868811 -0.19894 -0.0185016 0.000572213 0.389296 -0.249748 -0.00167288 -0.194362 0.0169757 0.000190738 0.394255 -0.249786 0.000848397
22 -0.00743866 0.00171661 0.0616083 -1.49999 -0.161936 -0.644503 0.0799191 1.47137 -0.128367 0.868811 -0.19894 -0.0185016 0.000572213 0.389296 -0.249748 -0.00167288 -0.194362 0.0169757 0.000190738 0.394255 -0.249786 0.000848397
22 -0.00743866 0.00171661 0.0616083 -1.49999 -0.161936 -0.644503 0.0799191 1.47137 -0.128367 0.868811 -0.19894 -0.0185016 0.000572213 0.389296 -0.249748 -0.00167288 -0.194362 0.0169757 0.000190738 0.394255 -0.249786 0.000848397
22 -0.00743866 0.00171661 0.0616083 -1.49999 -0.161936 -0.644503 0.0799191 1.47137 -0.128367 0.869192 -0.19894 -0.0185016 0.000572213 0.389296 -0.249748 -0.00167288 -0.194362 0.0169757 0.000190738 0.394255 -0.249786 0.000848397
22 -0.00743866 0.00171661 0.0616083 -1.49999 -0.161936 -0.644503 0.0799191 1.47137 -0.128367 0.869192 -0.19894 -0.0185016 0.000572213 0.389296 -0.249748 -0.00167288 -0.194362 0.0169757 0.000190738 0.394255 -0.249786 0.000848397
22 -0.00743866 0.00171661 0.0616083 -1.49999 -0.161936 -0.644503 0.0799191 1.47137 -0.128367 0.869192 -0.19894 -0.0185016 0.000572213 0.389296 -0.249748 -0.00167288 -0.194362 0.0169757 0.000190738 0.394255 -0.249786 0.000848397
22 -0.00743866 0.00171661 0.0616083 -1.49999 -0.161936 -0.644503 0.0799191 1.47137 -0.128367 0.869192 -0.19894 -0.0185016 0.000572213 0.389296 -0.249748 -0.00167288 -0.194362 0.0169757 0.000190738 0.394255 -0.249786 0.000848397
22 -0.00743866 0.00171661 0.0616083 -1.49999 -0.161936 -0.644503 0.0799191 1.47137 -0.128367 0.869192 -0.19894 -0.0185016 0.000572213 0.389296 -0.249748 -0.00167288 -0.194362 0.0169757 0.000190738 0.394255 -0.249786 0.000848397
22 -0.00743866 0.00171661 0.0616083 -1.49999 -0.161936 -0.644503 0.0799191 1.47137 -0.128367 0.868811 -0.19894 -0.0185016 0.000572213 0.389296 -0.249748 -0.00167288 -0.194362 0.0169757 0.000190738 0.394255 -0.249786 0.000848397
22 -0.00743866 0.00171661 0.0616083 -1.49999 -0.161936 -0.644503 0.0799191 1.47137 -0.128367 0.869192 -0.19894 -0.0185016 0.000572213 0.389296 -0.249748 -0.00167288 -0.194362 0.0169757 0.000190738 0.394255 -0.249786 0.000848397
22 -0.00743866 0.00171661 0.0616083 -1.49999 -0.161936 -0.644503 0.0799191 1.47137 -0.128367 0.869192 -0.19894 -0.0185016 0.000572213 0.389296 -0.249748 -0.00167288 -0.194362 0.0169757 0.000190738 0.394255 -0.249786 0.000848397
22 -0.00743866 0.00171661 0.0616083 -1.49999 -0.161936 -0.644503 0.0799191 1.47137 -0.128367 0.869192 -0.19894 -0.0185016 0.000572213 0.389296 -0.249748 -0.00167288 -0.194362 0.0169757 0.000190738 0.394255 -0.249786 0.000848397
22 -0.00743866 0.00171661 0.0616083 -1.49999 -0.161936 -0.644503 0.0799191 1.47137 -0.128367 0.868811 -0.19894 -0.0185016 0.000572213 0.389296 -0.249748 -0.00167288 -0.194362 0.0169757 0.000190738 0.394255 -0.249786 0.000848397
22 -0.00743866 0.00171661 0.0616083 -1.49999 -0.161936 -0.644503 0.0799191 1.47137 -0.128367 0.868811 -0.19894 -0.0185016 0.000572213 0.389296 -0.249748 -0.00167288 -0.194362 0.0169757 0.000190738 0.394255 -0.249786 0.000848397
22 -0.00743866 0.00171661 0.0616083 -1.49999 -0.161936 -0.644503 0.0799191 1.47137 -0.128367 0.869192 -0.19894 -0.0185016 0.000572213 0.389296 -0.249748 -0.00167288 -0.194362 0.0169757 0.000190738 0.394255 -0.249786 0.000848397
22 -0.00743866 0.00171661 0.0616083 -1.49999 -0.161936 -0.644503 0.0799191 1.47137 -0.128367 0.869192 -0.19894 -0.0185016 0.000572213 0.389296 -0.249748 -0.00167288 -0.194362 0.0169757 0.000190738 0.394255 -0.249786 0.000848397
22 -0.00743866 0.00171661 0.0616083 -1.49999 -0.161936 -0.644503 0.0799191 1.47137 -0.128367 0.869192 -0.19894 -0.0185016 0.000572213 0.389296 -0.249748 -0.00167288 -0.194362 0.0169757 0.000190738 0.394255 -0.249786 0.000848397
22 -0.00743866 0.00171661 0.0616083 -1.49999 -0.161936 -0.644503 0.0799191 1.47137 -0.128367 0.869192 -0.19894 -0.0185016 0.000572213 0.389296 -0.249748 -0.00167288 -0.194362 0.0169757 0.000190738 0.394255 -0.249786 0.000848397
22 -0.00743866 0.00171661 0.0616083 -1.49999 -0.161936 -0.644503 0.0799191 1.47137 -0.128367 0.868811 -0.19894 -0.0185016 0.000572213 0.389296 -0.249748 -0.00167288 -0.194362 0.0169757 0.000190738 0.394255 -0.249786 0.000848397
22 -0.00743866 0.00171661 0.0616083 -1.49999 -0.161936 -0.644503 0.0799191 1.47137 -0.128367 0.868811 -0.19894 -0.0185016 0.000572213 0.389296 -0.249748 -0.00167288 -0.194362 0.0169757 0.000190738 0.394255 -0.249786 0.000848397
22 -0.00743866 0.00171661 0.0616083 -1.49999 -0.161936 -0.644503 0.0799191 1.47137 -0.128367 0.869192 -0.19894 -0.0185016 0.000572213 0.389296 -0.249748 -0.00167288 -0.194362 0.0169757 0.000190738 0.394255 -0.249786 0.000848397
22 -0.00743866 0.00171661 0.0616083 -1.49999 -0.161936 -0.644503 0.0799191 1.47137 -0.128367 0.868811 -0.19894 -0.0185016 0.000572213 0.389296 -0.249748 -0.00167288 -0.194362 0.0169757 0.000190738 0.394255 -0.249786 0.000848397
22 -0.00743866 0.00171661 0.0616083 -1.49999 -0.161936 -0.644503 0.0799191 1.47137 -0.128367 0.869192 -0.19894 -0.0185016 0.000572213 0.389296 -0.249748 -0.00167288 -0.194362 0.0169757 0.000190738 0.394255 -0.249988 0.000423189
22 -0.00743866 0.00171661 0.0616083 -1.49999 -0.161936 -0.644503 0.0799191 1.47137 -0.128367 0.868811 -0.19894 -0.0185016 0.000572213 0.389296 -0.249748 -0.00167288 -0.194362 0.0169757 0.000190738 0.394255 -0.249988 0.000423329
22 -0.00743866 0.00171661 0.0616083 -1.49999 -0.161936 -0.644503 0.0799191 1.47137 -0.128367 0.868811 -0.19894 -0.0185016 0.000572213 0.389296 -0.249748 -0.00167288 -0.194362 0.0169757 0.000190738 0.394255 -0.249786 0.000848257
22 -0.00743866 0.00171661 0.0616083 -1.49999 -0.161936 -0.644503 0.0799191 1.47137 -0.128367 0.868811 -0.19894 -0.0185016 0.000572213 0.389296 -0.249748 -0.00167288 -0.194362 0.0169757 0.000190738 0.394255 -0.249988 0.000423189
