22 0 0.0596903 0.251197 -1.39366 0.0199424 -0.505079 0.230871 1.42128 0.0260785 0.487821 -0.0440604 0.0070573 0.00667582 0.126078 -0.0848389 -0.00696923 -0.0410086 -0.00934615 0.000190738 0.11883 -0.111389 0.00425638 
22 0 0.0596903 0.251197 -1.39366 0.0203259 -0.505462 0.230871 1.42128 0.0260785 0.488204 -0.0440604 0.0070573 0.00667582 0.126459 -0.0848389 -0.00696923 -0.0410086 -0.00934615 0.000190738 0.11883 -0.111389 0.00425638 
22 0 0.0596903 0.251197 -1.39366 0.0203259 -0.505462 0.230871 1.42128 0.0260785 0.487821 -0.0440604 0.0070573 0.00667582 0.126459 -0.0848389 -0.00696923 -0.0410086 -0.00934615 0.000190738 0.11883 -0.111389 0.00425638 
22 0 0.0596903 0.251197 -1.39366 0.0203259 -0.505462 0.230871 1.42128 0.0260785 0.487821 -0.0440604 0.0070573 0.00667582 0.126078 -0.0848389 -0.00696923 -0.0410086 -0.00934615 0.000190738 0.11883 -0.111389 0.00425638 
22 0 0.0596903 0.251197 -1.39366 0.0203259 -0.505462 0.230871 1.42166 0.0260785 0.487821 -0.0440604 0.0070573 0.00667582 0.126078 -0.0848389 -0.00696923 -0.0410086 -0.00934615 0.000190738 0.11883 -0.111389 0.00425638 
22 0 0.0596903 0.251197 -1.39366 0.0203259 -0.505462 0.230871 1.42166 0.0260785 0.488204 -0.0440604 0.0070573 0.00667582 0.126078 -0.0848389 -0.00696923 -0.0410086 -0.00934615 0.000190738 0.11883 -0.111389 0.00425638 
22 0 0.0596903 0.251197 -1.39366 0.0203259 -0.505846 0.230871 1.42166 0.0260785 0.488204 -0.0440604 0.0070573 0.00667582 0.126078 -0.0848389 -0.00696923 -0.0410086 -0.00934615 0.000190738 0.11883 -0.111389 0.00425638 
22 0 0.0596903 0.251197 -1.39366 0.0203259 -0.505846 0.230871 1.42166 0.0260785 0.487821 -0.0440604 0.0070573 0.00667582 0.126078 -0.0848389 -0.00696923 -0.0410086 -0.00934615 0.000190738 0.11883 -0.111389 0.00425638 
22 0 0.0596903 0.251197 -1.39366 0.0199424 -0.505846 0.230871 1.42166 0.0260785 0.487821 -0.0440604 0.0070573 0.00667582 0.126078 -0.0848389 -0.00696923 -0.0410086 -0.00934615 0.000190738 0.11883 -0.111389 0.00425638 
22 0 0.0596903 0.251197 -1.39366 0.0203259 -0.505846 0.230871 1.42166 0.0260785 0.488204 -0.0440604 0.0070573 0.00667582 0.126459 -0.0848389 -0.00696923 -0.0410086 -0.00934615 0.000190738 0.11883 -0.111389 0.00425638 
22 0 0.0596903 0.251197 -1.39328 0.0199424 -0.505846 0.230871 1.42166 0.0260785 0.488204 -0.0440604 0.0070573 0.00667582 0.126459 -0.0848389 -0.00696923 -0.0410086 -0.00934615 0.000190738 0.11883 -0.111389 0.00425638 
22 0 0.0596903 0.251197 -1.39366 0.0199424 -0.505846 0.230871 1.42128 0.0260785 0.488204 -0.0440604 0.0070573 0.00667582 0.126078 -0.0848389 -0.00696923 -0.0410086 -0.00934615 0.000190738 0.11883 -0.111389 0.00425638 
22 0 0.0596903 0.251197 -1.39328 0.0199424 -0.505846 0.230871 1.42128 0.0260785 0.487821 -0.0440604 0.0070573 0.00667582 0.126078 -0.0848389 -0.00696923 -0.0410086 -0.00934615 0.000190738 0.11883 -0.111389 0.00425638 
22 0 0.0596903 0.250814 -1.39366 0.0203259 -0.506229 0.230871 1.42128 0.0260785 0.487821 -0.0440604 0.0070573 0.00667582 0.126078 -0.0848389 -0.00696923 -0.0410086 -0.00934615 0.000190738 0.11883 -0.111389 0.00425638 
22 0 0.0596903 0.251197 -1.39328 0.0203259 -0.506229 0.230871 1.42166 0.0260785 0.488204 -0.0440604 0.0070573 0.00667582 0.126459 -0.0848389 -0.00696923 -0.0410086 -0.00934615 0.000190738 0.11883 -0.111389 0.00425638 
22 0 0.0596903 0.250814 -1.39366 0.0199424 -0.506229 0.230871 1.42128 0.0260785 0.487821 -0.0440604 0.0070573 0.00667582 0.126078 -0.0848389 -0.00696923 -0.0410086 -0.00934615 0.000190738 0.11883 -0.111389 0.00425638 
22 0 0.0596903 0.251197 -1.39328 0.0199424 -0.506229 0.230871 1.42128 0.0260785 0.487821 -0.0440604 0.0070573 0.00667582 0.126459 -0.0848389 -0.00696923 -0.0410086 -0.00934615 0.000190738 0.119211 -0.111389 0.00425638 
22 0 0.0596903 0.251197 -1.39366 0.0199424 -0.506229 0.230871 1.42128 0.0260785 0.488204 -0.0440604 0.0070573 0.00667582 0.126459 -0.0848389 -0.00696923 -0.0410086 -0.00934615 0.000190738 0.11883 -0.111389 0.00425638 
22 0 0.0596903 0.251197 -1.39328 0.0199424 -0.506229 0.230871 1.42128 0.0260785 0.487821 -0.0440604 0.0070573 0.00667582 0.126459 -0.0848389 -0.00696923 -0.0410086 -0.00934615 0.000190738 0.11883 -0.111389 0.00425638 
22 0 0.0596903 0.251197 -1.39328 0.0199424 -0.506229 0.230871 1.42166 0.0260785 0.488204 -0.0440604 0.0070573 0.00667582 0.126078 -0.0848389 -0.00696923 -0.0410086 -0.00934615 0.000190738 0.11883 -0.111389 0.00425638 
22 0 0.0596903 0.250814 -1.39328 0.0199424 -0.506229 0.230871 1.42128 0.0260785 0.488204 -0.0440604 0.0070573 0.00667582 0.126459 -0.0848389 -0.00696923 -0.0410086 -0.00934615 0.000190738 0.119211 -0.111389 0.00425638 
22 0 0.0596903 0.250814 -1.39328 0.0203259 -0.506229 0.230871 1.42128 0.0260785 0.488204 -0.0440604 0.0070573 0.00667582 0.126459 -0.0848389 -0.00696923 -0.0410086 -0.00934615 0.000190738 0.11883 -0.111389 0.00425638 
22 0 0.0596903 0.250814 -1.39328 0.0199424 -0.506229 0.230871 1.42128 0.0260785 0.488204 -0.0440604 0.0070573 0.00667582 0.126459 -0.0848389 -0.00696923 -0.0410086 -0.00934615 0.000190738 0.119211 -0.111389 0.00425638 
22 0 0.0596903 0.250814 -1.39328 0.0199424 -0.506229 0.230871 1.42128 0.0260785 0.488204 -0.0440604 0.0070573 0.00667582 0.126078 -0.0848389 -0.00696923 -0.0410086 -0.00934615 0.000190738 0.11883 -0.111389 0.00425638 
22 0 0.0596903 0.250814 -1.39328 0.0203259 -0.506229 0.230871 1.42166 0.0260785 0.488204 -0.0440604 0.0070573 0.00667582 0.126078 -0.0848389 -0.00696923 -0.0410086 -0.00934615 0.000190738 0.11883 -0.111389 0.00425638 
22 0 0.0596903 0.250814 -1.39328 0.0199424 -0.506229 0.230871 1.42128 0.0260785 0.488204 -0.0440604 0.0070573 0.00667582 0.126078 -0.0848389 -0.00696923 -0.0410086 -0.00934615 0.000190738 0.11883 -0.111132 0.00468371 
22 0 0.0596903 0.250814 -1.39328 0.0199424 -0.506229 0.230871 1.42128 0.0260785 0.488204 -0.0440604 0.0070573 0.00667582 0.126078 -0.0848389 -0.00696923 -0.0410086 -0.00934615 0.000190738 0.119211 -0.111389 0.00425632 
22 0 0.0596903 0.250814 -1.39328 0.0203259 -0.506229 0.230871 1.42128 0.0260785 0.488204 -0.0440604 0.0070573 0.00667582 0.126459 -0.0848389 -0.00696923 -0.0410086 -0.00934615 0.000190738 0.11883 -0.111389 0.00425638 
22 0 0.0596903 0.250814 -1.39328 0.0199424 -0.506229 0.230871 1.42128 0.0260785 0.488204 -0.0440604 0.0070573 0.00667582 0.126459 -0.0848389 -0.00696923 -0.0410086 -0.00934615 0.000190738 0.11883 -0.111132 0.00468371 
22 0 0.0596903 0.250814 -1.39328 0.0199424 -0.506613 0.230871 1.42128 0.0260785 0.488204 -0.0440604 0.0070573 0.00667582 0.126459 -0.0848389 -0.00696923 -0.0410086 -0.00934615 0.000190738 0.11883 -0.111132 0.00468377 
22 0 0.0596903 0.250814 -1.39328 0.0199424 -0.506613 0.230871 1.42128 0.0260785 0.488204 -0.0440604 0.0070573 0.00667582 0.126459 -0.0848389 -0.00696923 -0.0410086 -0.00934615 0.000190738 0.11883 -0.111132 0.00468377 
22 0 0.0596903 0.250814 -1.39328 0.0199424 -0.506613 0.230871 1.42128 0.0260785 0.488204 -0.0440604 0.0070573 0.00667582 0.126078 -0.0848389 -0.00696923 -0.0410086 -0.00934615 0.000190738 0.11883 -0.111132 0.00468377 
22 0 0.0596903 0.250814 -1.3929 0.0199424 -0.506613 0.230871 1.42128 0.0260785 0.488204 -0.0440604 0.0070573 0.00667582 0.126459 -0.0848389 -0.00696923 -0.0410086 -0.00934615 0.000190738 0.11883 -0.111132 0.00468377 
22 0 0.0596903 0.250814 -1.39328 0.0199424 -0.506229 0.230871 1.42128 0.0260785 0.488204 -0.0440604 0.0070573 0.00667582 0.126078 -0.0848389 -0.00696923 -0.0410086 -0.00934615 0.000190738 0.11883 -0.110928 0.00428303 
22 0 0.0596903 0.251197 -1.3929 0.0203259 -0.506613 0.230871 1.42128 0.0260785 0.488204 -0.0440604 0.0070573 0.00667582 0.126459 -0.0848389 -0.00696923 -0.0410086 -0.00934615 0.000190738 0.11883 -0.110928 0.0042827 
22 0 0.0596903 0.250814 -1.3929 0.0199424 -0.506613 0.230871 1.42128 0.0260785 0.488204 -0.0440604 0.0070573 0.00667582 0.126459 -0.0848389 -0.00696923 -0.0410086 -0.00934615 0.000190738 0.11883 -0.110928 0.0042827 
22 0 0.0596903 0.250814 -1.3929 0.0203259 -0.506613 0.230871 1.42128 0.0260785 0.488204 -0.0440604 0.0070573 0.00667582 0.126459 -0.0848389 -0.00696923 -0.0410086 -0.00934615 0.000190738 0.11883 -0.110928 0.0042827 
22 0 0.0596903 0.251197 -1.3929 0.0203259 -0.506613 0.230871 1.42128 0.0260785 0.488204 -0.0440604 0.0070573 0.00667582 0.126459 -0.0848389 -0.00696923 -0.0410086 -0.00934615 0.000190738 0.11883 -0.110928 0.0042827 
22 0 0.0596903 0.251197 -1.3929 0.0199424 -0.506613 0.230871 1.42128 0.0260785 0.488204 -0.0440604 0.0070573 0.00667582 0.126459 -0.0848389 -0.00696923 -0.0410086 -0.00934615 0.000190738 0.119211 -0.110928 0.0042827 
22 0 0.0596903 0.250814 -1.3929 0.0199424 -0.506613 0.230871 1.42128 0.0260785 0.488204 -0.0440604 0.0070573 0.00667582 0.126078 -0.0848389 -0.00696923 -0.0410086 -0.00934615 0.000190738 0.11883 -0.110928 0.0042827 
22 0 0.0596903 0.251197 -1.3929 0.0199424 -0.506613 0.230871 1.42128 0.0260785 0.488204 -0.0440604 0.0070573 0.00667582 0.126459 -0.0848389 -0.00696923 -0.0410086 -0.00934615 0.000190738 0.11883 -0.110928 0.0042827 
22 0 0.0596903 0.251197 -1.3929 0.0199424 -0.506613 0.230871 1.42128 0.0260785 0.488204 -0.0440604 0.0070573 0.00667582 0.126459 -0.0848389 -0.00696923 -0.0410086 -0.00934615 0.000190738 0.11883 -0.110928 0.0042827 
22 0 0.0596903 0.251197 -1.3929 0.0199424 -0.506613 0.230871 1.42128 0.0260785 0.488204 -0.0440604 0.0070573 0.00667582 0.126459 -0.0848389 -0.00696923 -0.0410086 -0.00934615 0.000190738 0.11883 -0.110928 0.0042827 
22 0 0.0596903 0.250814 -1.3929 0.0199424 -0.506613 0.230871 1.42128 0.0260785 0.488204 -0.0440604 0.0070573 0.00667582 0.126459 -0.0848389 -0.00696923 -0.0410086 -0.00934615 0.000190738 0.11883 -0.110928 0.0042827 
22 0 0.0596903 0.251197 -1.3929 0.0199424 -0.506613 0.230871 1.42128 0.0260785 0.487821 -0.0440604 0.0070573 0.00667582 0.126078 -0.0848389 -0.00696923 -0.0410086 -0.00934615 0.000190738 0.11883 -0.110928 0.0042827 
22 0 0.0596903 0.251197 -1.3929 0.0199424 -0.506613 0.230871 1.42128 0.0260785 0.488204 -0.0440604 0.0070573 0.00667582 0.126459 -0.0848389 -0.00696923 -0.0410086 -0.00934615 0.000190738 0.11883 -0.110928 0.0042827 
22 0 0.0596903 0.251197 -1.39251 0.0199424 -0.506613 0.230871 1.42128 0.0260785 0.487821 -0.0440604 0.0070573 0.00667582 0.126459 -0.0848389 -0.00696923 -0.0410086 -0.00934615 0.000190738 0.11883 -0.110928 0.0042827 
22 0 0.0596903 0.251197 -1.39251 0.0199424 -0.506613 0.230871 1.42128 0.0260785 0.488204 -0.0440604 0.0070573 0.00667582 0.126459 -0.0848389 -0.00696923 -0.0410086 -0.00934615 0.000190738 0.11883 -0.110928 0.0042827 
22 0 0.0596903 0.251197 -1.39251 0.0199424 -0.506613 0.230871 1.42128 0.0260785 0.488204 -0.0440604 0.0070573 0.00667582 0.126459 -0.0848389 -0.00696923 -0.0410086 -0.00934615 0.000190738 0.11883 -0.110928 0.0042827 
22 0 0.0596903 0.251197 -1.39251 0.0199424 -0.506613 0.230871 1.42128 0.0260785 0.488204 -0.0440604 0.0070573 0.00667582 0.126459 -0.0848389 -0.00696923 -0.0410086 -0.00934615 0.000190738 0.11883 -0.110928 0.0042827 
22 0 0.0596903 0.251197 -1.39251 0.0199424 -0.506613 0.230871 1.42128 0.0260785 0.488204 -0.0440604 0.0070573 0.00667582 0.126459 -0.0848389 -0.00696923 -0.0410086 -0.00934615 0.000190738 0.11883 -0.110928 0.0042827 
22 0 0.0596903 0.251197 -1.39251 0.0199424 -0.506996 0.230871 1.42128 0.0260785 0.488204 -0.0440604 0.0070573 0.00667582 0.126459 -0.0848389 -0.00696923 -0.0410086 -0.00934615 0.000190738 0.11883 -0.110928 0.0042827 
22 0 0.0596903 0.251197 -1.39251 0.0199424 -0.506613 0.230871 1.42128 0.0260785 0.488204 -0.0440604 0.0070573 0.00667582 0.126459 -0.0848389 -0.00696923 -0.0410086 -0.00934615 0.000190738 0.11883 -0.110928 0.0042827 
22 0 0.0596903 0.251197 -1.39251 0.0199424 -0.506613 0.230871 1.42128 0.0260785 0.487821 -0.0440604 0.0070573 0.00667582 0.126459 -0.0848389 -0.00696923 -0.0410086 -0.00934615 0.000190738 0.11883 -0.110928 0.0042827 
22 0 0.0596903 0.250814 -1.39251 0.0199424 -0.506996 0.230871 1.42128 0.0260785 0.488204 -0.0440604 0.0070573 0.00667582 0.126459 -0.0848389 -0.00696923 -0.0410086 -0.00934615 0.000190738 0.11883 -0.110928 0.0042827 
22 0 0.0596903 0.250814 -1.39251 0.0199424 -0.506996 0.230871 1.42128 0.0260785 0.488204 -0.0440604 0.0070573 0.00667582 0.126459 -0.0848389 -0.00696923 -0.0410086 -0.00934615 0.000190738 0.11883 -0.110928 0.0042827 
22 0 0.0596903 0.250814 -1.39251 0.0203259 -0.506996 0.230871 1.42128 0.0260785 0.488204 -0.0440604 0.0070573 0.00667582 0.126459 -0.0848389 -0.00696923 -0.0410086 -0.00934615 0.000190738 0.11883 -0.110928 0.0042827 
22 0 0.0596903 0.251197 -1.39251 0.0199424 -0.506996 0.230871 1.42128 0.0260785 0.488204 -0.0440604 0.0070573 0.00667582 0.126459 -0.0848389 -0.00696923 -0.0410086 -0.00934615 0.000190738 0.11883 -0.110928 0.0042827 
22 0 0.0596903 0.250814 -1.39251 0.0203259 -0.506996 0.230871 1.42128 0.0260785 0.488204 -0.0440604 0.0070573 0.00667582 0.126459 -0.0848389 -0.00696923 -0.0410086 -0.00934615 0.000190738 0.11883 -0.110928 0.0042827 
22 0 0.0596903 0.250814 -1.39251 0.0199424 -0.50738 0.230871 1.42128 0.0260785 0.488204 -0.043679 0.0070573 0.00667582 0.126459 -0.0848389 -0.00696923 -0.0410086 -0.00934615 0.000190738 0.11883 -0.110928 0.0042827 
22 0 0.0596903 0.251197 -1.3929 0.0199424 -0.50738 0.230488 1.42128 0.0260785 0.488204 -0.043679 0.0070573 0.00667582 0.126459 -0.0848389 -0.00696923 -0.0410086 -0.00934615 0.000190738 0.11883 -0.110928 0.0042827 
22 0 0.0596903 0.250814 -1.39251 0.0199424 -0.50738 0.230871 1.42128 0.0260785 0.488204 -0.043679 0.0070573 0.00667582 0.126459 -0.0848389 -0.00696923 -0.0410086 -0.00934615 0.000190738 0.11883 -0.110928 0.0042827 
22 0 0.0596903 0.250814 -1.3929 0.0203259 -0.50738 0.230488 1.42166 0.0260785 0.488204 -0.043679 0.0070573 0.00667582 0.126459 -0.0848389 -0.00696923 -0.0410086 -0.00934615 0.000190738 0.11883 -0.110928 0.0042827 
22 0 0.0596903 0.250814 -1.3929 0.0203259 -0.507763 0.230871 1.42128 0.0260785 0.488204 -0.043679 0.0070573 0.00667582 0.126459 -0.0848389 -0.00696923 -0.0410086 -0.00934615 0.000190738 0.119211 -0.110928 0.0042827 
22 0 0.0596903 0.251197 -1.39251 0.0199424 -0.507763 0.230871 1.42128 0.0260785 0.488204 -0.0440604 0.0070573 0.00667582 0.126459 -0.0848389 -0.00696923 -0.0410086 -0.00934615 0.000190738 0.11883 -0.110928 0.0042827 
22 0 0.0596903 0.250814 -1.3929 0.0199424 -0.508147 0.230488 1.42128 0.0260785 0.488204 -0.043679 0.0070573 0.00667582 0.126078 -0.0848389 -0.00696923 -0.0410086 -0.00934615 0.000190738 0.119211 -0.110928 0.0042827 
22 0 0.0596903 0.250814 -1.3929 0.0199424 -0.508147 0.230871 1.42128 0.0260785 0.488204 -0.043679 0.0070573 0.00667582 0.126459 -0.0848389 -0.00696923 -0.0410086 -0.00934615 0.000190738 0.11883 -0.110928 0.0042827 
22 0 0.0596903 0.250814 -1.3929 0.0199424 -0.50853 0.230488 1.42128 0.0260785 0.488204 -0.043679 0.0070573 0.00667582 0.126459 -0.0848389 -0.00696923 -0.0410086 -0.00934615 0.000190738 0.11883 -0.110928 0.0042827 
22 0 0.0596903 0.250814 -1.3929 0.0199424 -0.508914 0.230488 1.42166 0.0260785 0.488204 -0.043679 0.0070573 0.00667582 0.126459 -0.0848389 -0.00696923 -0.0410086 -0.00934615 0.000190738 0.11883 -0.110928 0.0042827 
22 0 0.0596903 0.250814 -1.3929 0.0199424 -0.509297 0.230488 1.42128 0.0260785 0.488204 -0.043679 0.0070573 0.00667582 0.126459 -0.0848389 -0.00696923 -0.0410086 -0.00934615 0.000190738 0.11883 -0.110928 0.0042827 
22 0 0.0596903 0.250814 -1.3929 0.0203259 -0.509681 0.230488 1.42128 0.0260785 0.488204 -0.043679 0.0070573 0.00667582 0.126459 -0.0848389 -0.00696923 -0.0410086 -0.00934615 0.000190738 0.11883 -0.110928 0.0042827 
22 0 0.0596903 0.250814 -1.3929 0.0203259 -0.510064 0.230488 1.42128 0.0260785 0.488204 -0.043679 0.0070573 0.00667582 0.126459 -0.0848389 -0.00696923 -0.0410086 -0.00934615 0.000190738 0.11883 -0.110928 0.0042827 
22 0 0.0596903 0.250814 -1.3929 0.0203259 -0.510448 0.230488 1.42128 0.0260785 0.488204 -0.043679 0.0070573 0.00667582 0.126459 -0.0848389 -0.00696923 -0.0410086 -0.00934615 0.000190738 0.11883 -0.110928 0.0042827 
22 0 0.0596903 0.250814 -1.3929 0.0203259 -0.510831 0.230488 1.42128 0.0260785 0.488204 -0.043679 0.0070573 0.00667582 0.126459 -0.0848389 -0.00696923 -0.0410086 -0.00934615 0.000190738 0.11883 -0.110928 0.0042827 
22 0 0.0596903 0.250814 -1.3929 0.0199424 -0.511215 0.230104 1.42128 0.0260785 0.488204 -0.043679 0.0070573 0.00667582 0.126459 -0.0848389 -0.00696923 -0.0410086 -0.00934615 0.000190738 0.11883 -0.110928 0.0042827 
22 0 0.0596903 0.250814 -1.3929 0.0203259 -0.511598 0.230488 1.42128 0.0260785 0.488204 -0.043679 0.0070573 0.00667582 0.126459 -0.0848389 -0.00696923 -0.0410086 -0.00934615 0.000190738 0.119211 -0.110928 0.0042827 
22 0 0.0596903 0.250814 -1.39328 0.0203259 -0.511982 0.230104 1.42128 0.0260785 0.488204 -0.043679 0.0070573 0.00667582 0.126459 -0.0848389 -0.00696923 -0.0410086 -0.00934615 0.000190738 0.119211 -0.110928 0.0042827 
22 0 0.0596903 0.250814 -1.3929 0.0199424 -0.512749 0.230104 1.42128 0.0260785 0.488204 -0.043679 0.0070573 0.00667582 0.126459 -0.0848389 -0.00696923 -0.0410086 -0.00934615 0.000190738 0.11883 -0.110928 0.0042827 
22 0 0.0596903 0.250814 -1.3929 0.0199424 -0.513132 0.230104 1.42128 0.0260785 0.488588 -0.043679 0.0070573 0.00667582 0.126459 -0.0848389 -0.00696923 -0.0410086 -0.00934615 0.000190738 0.11883 -0.110928 0.0042827 
22 0 0.0596903 0.25043 -1.39328 0.0203259 -0.513516 0.230104 1.42128 0.0260785 0.488204 -0.043679 0.0070573 0.00667582 0.126459 -0.0848389 -0.00696923 -0.0410086 -0.00934615 0.000190738 0.11883 -0.110928 0.0042827 
22 0 0.0596903 0.25043 -1.39328 0.0203259 -0.513899 0.230104 1.42128 0.0260785 0.488204 -0.043679 0.0070573 0.00667582 0.126459 -0.0848389 -0.00696923 -0.0410086 -0.00934615 0.000190738 0.11883 -0.110928 0.0042827 
22 0 0.0596903 0.25043 -1.39328 0.0203259 -0.514666 0.230104 1.42128 0.0260785 0.488204 -0.043679 0.0070573 0.00667582 0.126459 -0.0848389 -0.00696923 -0.0410086 -0.00934615 0.000190738 0.11883 -0.110928 0.0042827 
22 0 0.0596903 0.25043 -1.39328 0.0203259 -0.51505 0.230104 1.42128 0.0260785 0.488204 -0.043679 0.0070573 0.00667582 0.126459 -0.0848389 -0.00696923 -0.0410086 -0.00934615 0.000190738 0.11883 -0.110928 0.0042827 
22 0 0.0596903 0.25043 -1.39328 0.0203259 -0.515817 0.230104 1.42128 0.0260785 0.488204 -0.043679 0.0070573 0.00667582 0.126459 -0.0848389 -0.00696923 -0.0410086 -0.00934615 0.000190738 0.119211 -0.110928 0.0042827 
22 0 0.0596903 0.25043 -1.39328 0.0203259 -0.5162 0.229721 1.42128 0.0260785 0.488204 -0.043679 0.0070573 0.00667582 0.126459 -0.0848389 -0.00696923 -0.0410086 -0.00934615 0.000190738 0.11883 -0.110928 0.0042827 
22 0 0.0596903 0.25043 -1.39328 0.0203259 -0.516584 0.229721 1.42128 0.0260785 0.488588 -0.043679 0.0070573 0.00667582 0.126459 -0.0848389 -0.00696923 -0.0410086 -0.00934615 0.000190738 0.11883 -0.110928 0.0042827 
22 0 0.0596903 0.25043 -1.39328 0.0203259 -0.517351 0.229721 1.42128 0.0260785 0.488588 -0.043679 0.0070573 0.00667582 0.126078 -0.0848389 -0.00696923 -0.0410086 -0.00934615 0.000190738 0.11883 -0.110928 0.0042827 
22 0 0.0596903 0.250046 -1.39328 0.0203259 -0.517734 0.229721 1.42089 0.0260785 0.488588 -0.043679 0.0070573 0.00667582 0.126459 -0.0848389 -0.00696923 -0.0410086 -0.00934615 0.000190738 0.119211 -0.110928 0.0042827 
22 0 0.0596903 0.250046 -1.39328 0.0203259 -0.518501 0.229721 1.42089 0.0260785 0.488588 -0.043679 0.0070573 0.00667582 0.126459 -0.0848389 -0.00696923 -0.0410086 -0.00934615 0.000190738 0.119211 -0.110928 0.0042827 
22 0 0.0596903 0.250046 -1.39328 0.0203259 -0.519268 0.229337 1.42089 0.0260785 0.488588 -0.043679 0.0070573 0.00667582 0.126459 -0.0848389 -0.00696923 -0.0410086 -0.00934615 0.000190738 0.119211 -0.110928 0.0042827 
22 0 0.0596903 0.250046 -1.39328 0.0203259 -0.519652 0.229337 1.42089 0.0260785 0.488588 -0.043679 0.0070573 0.00667582 0.126459 -0.0848389 -0.00696923 -0.0410086 -0.00934615 0.000190738 0.11883 -0.110928 0.0042827 
22 0 0.0596903 0.250046 -1.39328 0.0203259 -0.520035 0.228954 1.42089 0.0260785 0.488588 -0.043679 0.0070573 0.00667582 0.126459 -0.0848389 -0.00696923 -0.0410086 -0.00934615 0.000190738 0.11883 -0.110928 0.0042827 
22 0 0.0596903 0.250046 -1.39328 0.0203259 -0.520802 0.229337 1.42089 0.0260785 0.488588 -0.043679 0.0070573 0.00667582 0.126459 -0.0848389 -0.00696923 -0.0410086 -0.00934615 0.000190738 0.11883 -0.110928 0.0042827 
22 0 0.0596903 0.250046 -1.39328 0.0203259 -0.521186 0.228954 1.42089 0.0260785 0.488588 -0.043679 0.0070573 0.00667582 0.126459 -0.0848389 -0.00696923 -0.0410086 -0.00934615 0.000190738 0.11883 -0.110928 0.0042827 
22 0 0.0596903 0.250046 -1.39328 0.0199424 -0.521569 0.22857 1.42089 0.0260785 0.488588 -0.043679 0.0070573 0.00667582 0.126459 -0.0848389 -0.00696923 -0.0410086 -0.00896468 0.000190738 0.119211 -0.110928 0.0042827 
22 0 0.0596903 0.249663 -1.39328 0.0203259 -0.521953 0.22857 1.42089 0.0260785 0.488588 -0.043679 0.0070573 0.00667582 0.126078 -0.0848389 -0.00696923 -0.0410086 -0.00934615 0.000190738 0.119211 -0.110928 0.0042827 
22 0 0.0596903 0.249663 -1.39328 0.0203259 -0.522336 0.22857 1.42089 0.0260785 0.488588 -0.043679 0.0070573 0.00667582 0.126459 -0.0848389 -0.00696923 -0.0410086 -0.00934615 0.000190738 0.119211 -0.110928 0.0042827 
22 0 0.0596903 0.249663 -1.39328 0.0203259 -0.52272 0.22857 1.42089 0.0260785 0.488588 -0.043679 0.0070573 0.00667582 0.126459 -0.0848389 -0.00696923 -0.0410086 -0.00934615 0.000190738 0.119211 -0.110928 0.0042827 
22 0 0.0596903 0.249279 -1.39328 0.0203259 -0.52272 0.228187 1.42089 0.0260785 0.488971 -0.043679 0.0070573 0.00667582 0.126459 -0.0848389 -0.00696923 -0.0410086 -0.00934615 0.000190738 0.119211 -0.110928 0.0042827 
22 0 0.0596903 0.249279 -1.39328 0.0203259 -0.523103 0.228187 1.42089 0.0260785 0.488971 -0.043679 0.0070573 0.00667582 0.126459 -0.0848389 -0.00696923 -0.0410086 -0.00934615 0.000190738 0.119211 -0.110928 0.0042827 
22 0 0.0596903 0.248896 -1.39328 0.0203259 -0.523487 0.227803 1.42089 0.0260785 0.488971 -0.043679 0.0070573 0.00667582 0.126459 -0.0848389 -0.00696923 -0.0410086 -0.00934615 0.000190738 0.119211 -0.110928 0.0042827 
22 0 0.0596903 0.248896 -1.39328 0.0203259 -0.52387 0.227803 1.42089 0.0260785 0.488971 -0.043679 0.0070573 0.00667582 0.126459 -0.0848389 -0.00696923 -0.0410086 -0.00896468 0.000190738 0.119211 -0.110928 0.0042827 
22 0 0.0596903 0.248512 -1.39328 0.0199424 -0.52387 0.22742 1.42089 0.0260785 0.488971 -0.043679 0.0070573 0.00667582 0.126459 -0.0848389 -0.00696923 -0.0410086 -0.00896468 0.000190738 0.119211 -0.110928 0.0042827 
22 0 0.0596903 0.248512 -1.39328 0.0203259 -0.524254 0.22742 1.42089 0.0260785 0.488971 -0.043679 0.0070573 0.00667582 0.126459 -0.0848389 -0.00696923 -0.0410086 -0.00896468 0.000190738 0.119211 -0.110928 0.0042827 
22 0 0.0596903 0.248129 -1.39328 0.0203259 -0.524254 0.227036 1.42089 0.0260785 0.488971 -0.043679 0.0070573 0.00667582 0.126459 -0.0848389 -0.00696923 -0.0410086 -0.00896468 0.000190738 0.119211 -0.110928 0.0042827 
22 0 0.0596903 0.248129 -1.39328 0.0203259 -0.524637 0.226653 1.42051 0.0260785 0.488971 -0.0432975 0.0070573 0.00667582 0.126459 -0.0848389 -0.00696923 -0.0410086 -0.00896468 0.000190738 0.119211 -0.110928 0.0042827 
22 0 0.0596903 0.247745 -1.39328 0.0203259 -0.524637 0.226653 1.42051 0.0260785 0.488971 -0.0432975 0.0070573 0.00667582 0.126459 -0.0848389 -0.00696923 -0.0410086 -0.00896468 0.000190738 0.119211 -0.110928 0.0042827 
22 0 0.0596903 0.247362 -1.39328 0.0203259 -0.525021 0.226269 1.42051 0.0260785 0.488971 -0.0432975 0.0070573 0.00667582 0.126459 -0.0848389 -0.00696923 -0.0410086 -0.00934615 0.000190738 0.119211 -0.110928 0.0042827 
22 0 0.0596903 0.247362 -1.39328 0.0203259 -0.525021 0.226269 1.42051 0.0260785 0.489355 -0.0432975 0.0070573 0.00667582 0.126459 -0.0845827 -0.00738673 -0.0410086 -0.00934615 0.000190738 0.119211 -0.110928 0.0042827 
22 0 0.0596903 0.246978 -1.39328 0.0203259 -0.525404 0.225886 1.42051 0.0260785 0.489355 -0.0432975 0.0070573 0.00667582 0.126078 -0.0845826 -0.00738679 -0.0410086 -0.00934615 0.000190738 0.119211 -0.110928 0.0042827 
22 0 0.0596903 0.246978 -1.39328 0.0203259 -0.525404 0.225502 1.42051 0.0260785 0.489355 -0.0432975 0.0070573 0.00667582 0.126078 -0.0845826 -0.00738679 -0.0410086 -0.00896468 0.000190738 0.119211 -0.110928 0.0042827 
22 0 0.0596903 0.246595 -1.39328 0.0203259 -0.525404 0.225502 1.42051 0.0260785 0.489355 -0.042916 0.0070573 0.00667582 0.126078 -0.0845826 -0.00738679 -0.0410086 -0.00896468 0.000190738 0.119211 -0.110928 0.0042827 
22 0 0.0596903 0.246211 -1.39328 0.0203259 -0.525788 0.225119 1.42051 0.0260785 0.489355 -0.042916 0.0070573 0.00667582 0.126078 -0.0845826 -0.00738679 -0.0410086 -0.00896468 0.000190738 0.119211 -0.110928 0.0042827 
22 0 0.0596903 0.245828 -1.39328 0.0203259 -0.525788 0.224735 1.42051 0.0260785 0.489355 -0.042916 0.0070573 0.00667582 0.126078 -0.0845826 -0.00738679 -0.0410086 -0.00896468 0.000190738 0.119211 -0.110928 0.0042827 
22 0 0.0596903 0.245828 -1.39328 0.0203259 -0.526171 0.224735 1.42051 0.0260785 0.489355 -0.042916 0.0070573 0.00667582 0.126078 -0.0845826 -0.00738679 -0.0410086 -0.00896468 0.000190738 0.119211 -0.110928 0.0042827 
22 0 0.0596903 0.245444 -1.39328 0.0203259 -0.526555 0.224352 1.42051 0.0260785 0.489738 -0.0425345 0.0070573 0.00667582 0.126078 -0.0845826 -0.00738679 -0.0410086 -0.00896468 0.000190738 0.119211 -0.110928 0.0042827 
22 0 0.0596903 0.245061 -1.39328 0.0203259 -0.526555 0.223968 1.42051 0.0260785 0.489738 -0.0425345 0.0070573 0.00667582 0.126078 -0.0845826 -0.00738679 -0.0410086 -0.00896468 0.000190738 0.119211 -0.110928 0.0042827 
22 0 0.0596903 0.244677 -1.39328 0.0203259 -0.526938 0.223585 1.42051 0.0260785 0.489738 -0.0425345 0.0070573 0.00667582 0.126078 -0.0845826 -0.00738679 -0.0406271 -0.00896468 0.000190738 0.119211 -0.110928 0.0042827 
22 0 0.0596903 0.244294 -1.39328 0.0203259 -0.527322 0.223585 1.42051 0.0260785 0.490122 -0.0425345 0.0070573 0.00667582 0.126078 -0.0845826 -0.00738679 -0.0406271 -0.00896468 0.000190738 0.119211 -0.110928 0.0042827 
22 0 0.0596903 0.24391 -1.39328 0.0203259 -0.527705 0.223201 1.42051 0.0260785 0.490122 -0.0425345 0.0070573 0.00667582 0.126078 -0.0845826 -0.00738679 -0.0406271 -0.00896468 0.000572213 0.119211 -0.110928 0.0042827 
22 0 0.0596903 0.243527 -1.39328 0.0203259 -0.528089 0.222818 1.42013 0.0260785 0.490122 -0.0425345 0.0070573 0.00667582 0.126078 -0.0845826 -0.00738679 -0.0406271 -0.00896468 0.000572213 0.119211 -0.110928 0.0042827 
22 0 0.0596903 0.243143 -1.39328 0.0203259 -0.528089 0.222434 1.42013 0.0260785 0.490505 -0.0425345 0.0070573 0.00667582 0.126078 -0.0845826 -0.00738679 -0.0406271 -0.00896468 0.000572213 0.119211 -0.110928 0.0042827 
22 0 0.0596903 0.24276 -1.39328 0.0203259 -0.528856 0.222051 1.42013 0.0260785 0.490889 -0.0425345 0.0070573 0.00667582 0.126459 -0.0845826 -0.00738679 -0.0406271 -0.00896468 0.000572213 0.119211 -0.110928 0.0042827 
22 0 0.0596903 0.24276 -1.39328 0.0203259 -0.52924 0.221667 1.42051 0.0260785 0.491272 -0.0425345 0.0070573 0.00667582 0.126078 -0.0845826 -0.00738679 -0.0406271 -0.00896468 0.000572213 0.119211 -0.110928 0.0042827 
22 0 0.0596903 0.242376 -1.39328 0.0203259 -0.529623 0.221667 1.42013 0.0260785 0.491272 -0.0425345 0.0070573 0.00667582 0.126459 -0.0845826 -0.00738679 -0.0406271 -0.00896468 0.000572213 0.119211 -0.110928 0.0042827 
22 0 0.0596903 0.241993 -1.39328 0.0203259 -0.529623 0.221283 1.42013 0.0260785 0.491656 -0.0425345 0.0070573 0.00667582 0.126459 -0.0845826 -0.00738679 -0.0406271 -0.00896468 0.000572213 0.119211 -0.110928 0.0042827 
22 0 0.0596903 0.241226 -1.39328 0.0207094 -0.530007 0.2209 1.42013 0.0260785 0.492039 -0.0425345 0.0070573 0.00667582 0.126459 -0.0845826 -0.00738679 -0.0406271 -0.00896468 0.000572213 0.119211 -0.110928 0.0042827 
22 0 0.0596903 0.240842 -1.39328 0.0203259 -0.53039 0.220516 1.42051 0.0260785 0.492423 -0.0425345 0.0070573 0.00667582 0.126459 -0.0845826 -0.00738679 -0.0406271 -0.00896468 0.000572213 0.119211 -0.110928 0.0042827 
22 0 0.0596903 0.240459 -1.39328 0.0203259 -0.530774 0.220133 1.42051 0.0260785 0.492423 -0.0425345 0.0070573 0.00667582 0.126459 -0.0845826 -0.00738679 -0.0406271 -0.00896468 0.000572213 0.119211 -0.110928 0.0042827 
22 0 0.0596903 0.240075 -1.3929 0.0203259 -0.531157 0.219749 1.42013 0.0260785 0.49319 -0.0425345 0.0070573 0.00667582 0.126459 -0.0845826 -0.00738679 -0.0406271 -0.00896468 0.000572213 0.119211 -0.110928 0.0042827 
22 0 0.0596903 0.239308 -1.39328 0.0203259 -0.531924 0.219366 1.42013 0.0260785 0.49319 -0.0425345 0.0070573 0.00667582 0.126459 -0.0845826 -0.00738679 -0.0406271 -0.00896468 0.000572213 0.119211 -0.110928 0.0042827 
22 0 0.0596903 0.238925 -1.39328 0.0203259 -0.532308 0.218982 1.42013 0.0260785 0.493573 -0.0425345 0.0070573 0.00667582 0.126459 -0.0845826 -0.00738679 -0.0406271 -0.00896468 0.000572213 0.119211 -0.110928 0.0042827 
22 0 0.0596903 0.238158 -1.3929 0.0203259 -0.532691 0.218599 1.42051 0.0260785 0.493957 -0.0425345 0.0070573 0.00667582 0.126459 -0.0845826 -0.00738679 -0.0406271 -0.00896468 0.000572213 0.119211 -0.110928 0.0042827 
22 0 0.0596903 0.237391 -1.39328 0.0203259 -0.533075 0.217832 1.42051 0.0260785 0.49434 -0.0425345 0.0070573 0.00667582 0.126078 -0.0845826 -0.00738679 -0.0406271 -0.00896468 0.000572213 0.119211 -0.110928 0.0042827 
22 0 0.0596903 0.236624 -1.3929 0.0203259 -0.533458 0.217448 1.42051 0.0260785 0.494724 -0.0425345 0.0070573 0.00667582 0.126459 -0.0845826 -0.00738679 -0.0406271 -0.00896468 0.000572213 0.119211 -0.110928 0.0042827 
22 0 0.0596903 0.235857 -1.39328 0.0203259 -0.533842 0.217065 1.42051 0.0260785 0.495491 -0.0425345 0.0070573 0.00667582 0.126459 -0.0845826 -0.00738679 -0.0406271 -0.00896468 0.000572213 0.119211 -0.110928 0.0042827 
22 0 0.0596903 0.235473 -1.39328 0.0203259 -0.534225 0.216681 1.42051 0.0260785 0.495874 -0.0425345 0.0070573 0.00667582 0.126459 -0.0845826 -0.00738679 -0.0406271 -0.00896468 0.000572213 0.119211 -0.110928 0.0042827 
22 0 0.0596903 0.234706 -1.3929 0.0203259 -0.534992 0.215914 1.42051 0.026462 0.496258 -0.0425345 0.0070573 0.00667582 0.126459 -0.0845826 -0.00738679 -0.0406271 -0.00896468 0.000572213 0.119211 -0.110928 0.0042827 
22 0 0.0596903 0.233939 -1.3929 0.0207094 -0.535376 0.215531 1.42089 0.0260785 0.496641 -0.0425345 0.0070573 0.00667582 0.126459 -0.0845826 -0.00738679 -0.0406271 -0.00896468 0.000572213 0.119211 -0.110928 0.0042827 
22 0 0.0596903 0.233556 -1.3929 0.0207094 -0.536143 0.215147 1.42051 0.0260785 0.497408 -0.0425345 0.0070573 0.00667582 0.126459 -0.0845826 -0.00738679 -0.0406271 -0.00896468 0.000572213 0.119211 -0.110928 0.0042827 
22 0 0.0596903 0.232789 -1.39328 0.0203259 -0.53691 0.214764 1.42089 0.0260785 0.497792 -0.0425345 0.0070573 0.00667582 0.126459 -0.0845826 -0.00738679 -0.0406271 -0.00896468 0.000572213 0.119211 -0.110928 0.0042827 
22 0 0.0596903 0.232022 -1.39328 0.0203259 -0.537677 0.213997 1.42089 0.0260785 0.498175 -0.0425345 0.0070573 0.00667582 0.126459 -0.0845826 -0.00738679 -0.0406271 -0.00896468 0.000572213 0.119211 -0.110928 0.0042827 
22 0 0.0596903 0.231255 -1.3929 0.0207094 -0.538444 0.21323 1.42089 0.0260785 0.498942 -0.0425345 0.0070573 0.00667582 0.126459 -0.0845826 -0.00738679 -0.0406271 -0.00896468 0.000572213 0.119211 -0.110928 0.0042827 
22 0 0.0596903 0.230871 -1.3929 0.0203259 -0.539211 0.212846 1.42089 0.0260785 0.499326 -0.0425345 0.0070573 0.00667582 0.126459 -0.0845826 -0.00738679 -0.0406271 -0.00896468 0.000572213 0.119211 -0.110928 0.0042827 
22 0 0.0596903 0.230104 -1.3929 0.0203259 -0.540361 0.212079 1.42089 0.0260785 0.500093 -0.0425345 0.0070573 0.00667582 0.126459 -0.0845826 -0.00738679 -0.0406271 -0.00896468 0.000572213 0.119211 -0.110928 0.0042827 
22 0 0.0596903 0.229337 -1.3929 0.0203259 -0.541128 0.211696 1.42089 0.0260785 0.50086 -0.0425345 0.0070573 0.00667582 0.126459 -0.0845826 -0.00738679 -0.0406271 -0.00896468 0.000572213 0.119211 -0.110928 0.0042827 
22 0 0.0596903 0.228954 -1.3929 0.0207094 -0.542279 0.210929 1.42089 0.0260785 0.501627 -0.0425345 0.0070573 0.00667582 0.126459 -0.0845826 -0.00738679 -0.0406271 -0.00896468 0.000572213 0.119211 -0.110928 0.0042827 
22 0 0.0596903 0.228187 -1.3929 0.0207094 -0.543429 0.210162 1.42089 0.0260785 0.502394 -0.0425345 0.0070573 0.00667582 0.126459 -0.0845826 -0.00738679 -0.0406271 -0.00896468 0.000572213 0.119211 -0.110928 0.0042827 
22 0 0.0596903 0.22742 -1.3929 0.0207094 -0.54458 0.209395 1.42128 0.0260785 0.503161 -0.0425345 0.0070573 0.00667582 0.126078 -0.0845826 -0.00738679 -0.0406271 -0.00934615 0.000572213 0.119211 -0.110928 0.0042827 
22 0 0.0596903 0.227036 -1.3929 0.0207094 -0.54573 0.209011 1.42089 0.0260785 0.503928 -0.0425345 0.0070573 0.00667582 0.126459 -0.0845826 -0.00738679 -0.0406271 -0.00934615 0.000572213 0.119211 -0.110928 0.0042827 
22 0 0.0596903 0.226269 -1.3929 0.0207094 -0.547264 0.208244 1.42128 0.0260785 0.505079 -0.0425345 0.0070573 0.00667582 0.126459 -0.0845826 -0.00738679 -0.0406271 -0.00896468 0.000572213 0.119211 -0.110928 0.0042827 
22 0 0.0596903 0.225502 -1.39251 0.0207094 -0.548798 0.207477 1.42089 0.0260785 0.506229 -0.0425345 0.0070573 0.00667582 0.126459 -0.0845826 -0.00738679 -0.0406271 -0.00934615 0.000572213 0.119211 -0.110928 0.0042827 
22 0 0.0596903 0.225119 -1.39251 0.0207094 -0.550716 0.207094 1.42089 0.0260785 0.50738 -0.0425345 0.0070573 0.00667582 0.126459 -0.0845826 -0.00738679 -0.0406271 -0.00934615 0.000572213 0.119211 -0.110928 0.0042827 
22 0 0.0596903 0.224352 -1.3929 0.0207094 -0.551866 0.206327 1.42089 0.026462 0.50853 -0.042153 0.0070573 0.00667582 0.126459 -0.0845826 -0.00738679 -0.0406271 -0.00934615 0.000572213 0.119211 -0.110928 0.0042827 
22 0 0.0596903 0.223585 -1.39251 0.0207094 -0.553784 0.20556 1.42089 0.0260785 0.509681 -0.042153 0.0070573 0.00667582 0.126459 -0.0845826 -0.00738679 -0.0406271 -0.00934615 0.000572213 0.119211 -0.110928 0.0042827 
22 0 0.0596903 0.223201 -1.39251 0.0207094 -0.555701 0.205176 1.42089 0.0260785 0.511215 -0.042153 0.0070573 0.00667582 0.126459 -0.0845826 -0.00738679 -0.0406271 -0.00934615 0.000572213 0.119211 -0.110928 0.0042827 
22 0 0.0596903 0.222434 -1.39251 0.0207094 -0.557619 0.204409 1.42089 0.0260785 0.512749 -0.042153 0.0070573 0.00667582 0.126459 -0.0845826 -0.00738679 -0.0406271 -0.00934615 0.000572213 0.119211 -0.110723 0.00388214 
22 0 0.0596903 0.221667 -1.39251 0.0207094 -0.559537 0.203642 1.42089 0.0260785 0.514283 -0.042153 0.0070573 0.00667582 0.126459 -0.0845826 -0.00738679 -0.0406271 -0.00934615 0.000572213 0.119211 -0.110723 0.00388181 
22 0 0.0596903 0.2209 -1.39251 0.0207094 -0.561454 0.202875 1.42089 0.0260785 0.5162 -0.042153 0.0070573 0.0070573 0.126459 -0.0845826 -0.00738679 -0.0406271 -0.00934615 0.000572213 0.119211 -0.110723 0.00388181 
22 0 0.0596903 0.220133 -1.39251 0.0207094 -0.563372 0.202492 1.42089 0.0260785 0.518118 -0.042153 0.0070573 0.0070573 0.126459 -0.0845826 -0.00738679 -0.0406271 -0.00934615 0.000572213 0.119211 -0.110723 0.00388181 
22 0 0.0596903 0.218982 -1.39251 0.0207094 -0.565289 0.201725 1.42051 0.0260785 0.520035 -0.042153 0.0070573 0.0070573 0.126459 -0.0845826 -0.00738679 -0.0406271 -0.00934615 0.000572213 0.119211 -0.110723 0.00388181 
22 0 0.0596903 0.218215 -1.39251 0.0207094 -0.567207 0.200958 1.42051 0.0260785 0.521953 -0.042153 0.0070573 0.0070573 0.126459 -0.0845826 -0.00738679 -0.0406271 -0.00934615 0.000572213 0.119211 -0.110723 0.00388181 
22 0 0.0596903 0.217065 -1.39251 0.0207094 -0.569124 0.200191 1.42051 0.0260785 0.52387 -0.042153 0.0070573 0.0070573 0.126459 -0.0845826 -0.00738679 -0.0406271 -0.00934615 0.000572213 0.119211 -0.110466 0.00430896 
22 0 0.0596903 0.216298 -1.39251 0.0207094 -0.571425 0.199424 1.42051 0.026462 0.526171 -0.042153 0.0070573 0.0070573 0.126459 -0.0845826 -0.00738679 -0.0406271 -0.00934615 0.000572213 0.119211 -0.110466 0.00430901 
22 0 0.0596903 0.215147 -1.3929 0.0207094 -0.573343 0.198657 1.42051 0.0260785 0.527705 -0.042153 0.0070573 0.0070573 0.126459 -0.0845826 -0.00738679 -0.0406271 -0.00934615 0.000572213 0.119211 -0.110466 0.00430901 
22 0 0.0596903 0.21438 -1.39251 0.0210929 -0.57526 0.19789 1.42051 0.0260785 0.530007 -0.042153 0.0070573 0.0070573 0.126459 -0.0845826 -0.00738679 -0.0406271 -0.00934615 0.000572213 0.119211 -0.110466 0.00430901 
22 0 0.0596903 0.21323 -1.3929 0.0207094 -0.577561 0.196739 1.42051 0.0260785 0.531924 -0.042153 0.0070573 0.0070573 0.126459 -0.0845826 -0.00738679 -0.0406271 -0.00934615 0.000572213 0.119211 -0.110466 0.00430901 
22 0 0.0596903 0.212463 -1.3929 0.0207094 -0.579479 0.195972 1.42013 0.0260785 0.533842 -0.042153 0.0070573 0.0070573 0.126459 -0.0845826 -0.00738679 -0.0406271 -0.00934615 0.000572213 0.119211 -0.110466 0.00430901 
22 0 0.0596903 0.211312 -1.3929 0.0207094 -0.581013 0.195205 1.42051 0.0260785 0.535759 -0.042153 0.0070573 0.0070573 0.126459 -0.0845826 -0.00738679 -0.0406271 -0.00934615 0.000572213 0.119211 -0.110466 0.00430901 
22 0 0.0596903 0.210162 -1.3929 0.0210929 -0.583314 0.194438 1.42013 0.0260785 0.537677 -0.042153 0.0070573 0.0070573 0.126459 -0.0845826 -0.00738679 -0.0406271 -0.00934615 0.000572213 0.119211 -0.110466 0.00430901 
22 0 0.0596903 0.208628 -1.3929 0.0210929 -0.584848 0.193287 1.42051 0.0260785 0.539211 -0.042153 0.0070573 0.0070573 0.126459 -0.0843797 -0.00699481 -0.0406271 -0.00934615 0.000572213 0.119211 -0.110466 0.00430901 
22 0 0.0596903 0.207477 -1.39328 0.0210929 -0.586766 0.19252 1.42013 0.0260785 0.541128 -0.042153 0.0070573 0.0070573 0.126459 -0.0843798 -0.0069945 -0.0406271 -0.00934615 0.000572213 0.119211 -0.110466 0.00430901 
22 0 0.0596903 0.20671 -1.39328 0.0210929 -0.588683 0.190986 1.42013 0.0260785 0.542662 -0.042153 0.0070573 0.0070573 0.126459 -0.0843798 -0.0069945 -0.0406271 -0.00934615 0.000572213 0.119211 -0.110466 0.00430901 
22 0 0.0596903 0.205176 -1.39328 0.0210929 -0.590217 0.189836 1.42013 0.0260785 0.544196 -0.042153 0.0070573 0.0070573 0.126459 -0.0843798 -0.0069945 -0.0406271 -0.00934615 0.000572213 0.119211 -0.110466 0.00430901 
22 0 0.0596903 0.204409 -1.39328 0.0210929 -0.592135 0.189069 1.42013 0.0260785 0.546114 -0.042153 0.0070573 0.0070573 0.126459 -0.0843798 -0.0069945 -0.0406271 -0.00934615 0.000572213 0.119211 -0.110466 0.00430901 
22 0 0.0596903 0.203259 -1.39328 0.0210929 -0.594052 0.187918 1.42013 0.0260785 0.547264 -0.042153 0.0070573 0.0070573 0.126459 -0.0843798 -0.0069945 -0.0406271 -0.00934615 0.000572213 0.119211 -0.110261 0.00390861 
22 0 0.0596903 0.202108 -1.39366 0.0210929 -0.596353 0.187151 1.42013 0.0260785 0.549182 -0.042153 0.0070573 0.0070573 0.126459 -0.0843798 -0.0069945 -0.0406271 -0.00934615 0.000572213 0.119211 -0.110262 0.00390828 
22 0 0.0596903 0.200958 -1.39366 0.0210929 -0.598654 0.186001 1.42051 0.0260785 0.550332 -0.042153 0.0070573 0.0070573 0.126459 -0.0843798 -0.0069945 -0.0406271 -0.00934615 0.000572213 0.119211 -0.110262 0.00390828 
22 0 0.0596903 0.199807 -1.39366 0.0210929 -0.600955 0.18485 1.42051 0.0260785 0.55225 -0.042153 0.0070573 0.0070573 0.126459 -0.0843798 -0.0069945 -0.0406271 -0.00934615 0.000572213 0.119211 -0.110262 0.00390828 
22 0 0.0596903 0.198273 -1.39366 0.0210929 -0.60364 0.1837 1.42051 0.0260785 0.554167 -0.042153 0.0070573 0.0070573 0.126459 -0.0843798 -0.0069945 -0.0406271 -0.00934615 0.000572213 0.119211 -0.110262 0.00390828 
22 0 0.0596903 0.197123 -1.39405 0.0210929 -0.605941 0.182549 1.42051 0.0260785 0.555701 -0.042153 0.0070573 0.0070573 0.126459 -0.0843798 -0.0069945 -0.0406271 -0.00934615 0.000572213 0.119211 -0.110262 0.00390828 
22 0 0.0596903 0.196356 -1.39405 0.0210929 -0.608242 0.181782 1.42051 0.0260785 0.557619 -0.042153 0.0070573 0.0070573 0.126459 -0.0843798 -0.0069945 -0.0406271 -0.00934615 0.000572213 0.119211 -0.110005 0.00433526 
22 0 0.0596903 0.194822 -1.39405 0.0214764 -0.610927 0.180632 1.42051 0.0260785 0.55992 -0.042153 0.0070573 0.0070573 0.126459 -0.0843798 -0.0069945 -0.0406271 -0.00934615 0.000572213 0.119211 -0.110005 0.00433532 
22 0 0.0596903 0.193671 -1.39405 0.0214764 -0.612844 0.179481 1.42051 0.0260785 0.562221 -0.042153 0.0070573 0.0070573 0.126459 -0.0843798 -0.0069945 -0.0406271 -0.00934615 0.000572213 0.119211 -0.110005 0.00433532 
22 0 0.0596903 0.19252 -1.39443 0.0214764 -0.615529 0.178331 1.42051 0.0260785 0.564139 -0.042153 0.0070573 0.0070573 0.126459 -0.0843798 -0.0069945 -0.0406271 -0.00934615 0.000572213 0.119211 -0.110005 0.00433532 
22 0 0.0596903 0.190986 -1.39443 0.0214764 -0.618213 0.177564 1.42051 0.026462 0.566823 -0.042153 0.0070573 0.0070573 0.126459 -0.0843798 -0.0069945 -0.0406271 -0.00934615 0.000572213 0.119211 -0.110005 0.00433532 
22 0 0.0596903 0.189836 -1.39443 0.0214764 -0.620514 0.176413 1.42051 0.0260785 0.569124 -0.042153 0.0070573 0.0070573 0.126459 -0.0841769 -0.00660267 -0.0406271 -0.00934615 0.000572213 0.119211 -0.110005 0.00433532 
22 0 0.0596903 0.188685 -1.39481 0.0214764 -0.623199 0.175263 1.42089 0.0260785 0.571425 -0.042153 0.0070573 0.0070573 0.126459 -0.084177 -0.00660236 -0.0406271 -0.00934615 0.000572213 0.119211 -0.110005 0.00433532 
22 0 0.0596903 0.187151 -1.39481 0.0214764 -0.6255 0.174112 1.42089 0.026462 0.57411 -0.042153 0.0070573 0.0070573 0.126459 -0.084177 -0.00660236 -0.0406271 -0.00934615 0.000572213 0.119593 -0.110005 0.00433532 
22 0 0.0596903 0.186001 -1.39481 0.0214764 -0.628184 0.172962 1.42089 0.0260785 0.576411 -0.042153 0.0070573 0.0070573 0.126459 -0.084177 -0.00660236 -0.0406271 -0.00934615 0.000572213 0.119593 -0.110005 0.00433532 
22 0 0.0596903 0.184467 -1.3952 0.0214764 -0.630485 0.171811 1.42089 0.0260785 0.578712 -0.042153 0.0070573 0.0070573 0.126459 -0.084177 -0.00660236 -0.0406271 -0.00934615 0.000572213 0.119593 -0.1098 0.00393507 
22 0 0.0596903 0.182933 -1.3952 0.0218599 -0.63317 0.170661 1.42089 0.0260785 0.581013 -0.042153 0.0070573 0.0070573 0.126459 -0.084177 -0.00660236 -0.0406271 -0.00934615 0.000572213 0.119593 -0.1098 0.00393474 
22 0 0.0596903 0.181782 -1.3952 0.0214764 -0.635471 0.16951 1.42089 0.0260785 0.583314 -0.042153 0.0070573 0.0070573 0.126459 -0.084177 -0.00660236 -0.0406271 -0.00934615 0.000572213 0.119593 -0.1098 0.00393474 
22 0 0.0596903 0.180248 -1.3952 0.0214764 -0.637772 0.16836 1.42089 0.0260785 0.585615 -0.042153 0.0070573 0.0070573 0.126459 -0.084177 -0.00660236 -0.0406271 -0.00934615 0.000572213 0.119593 -0.1098 0.00393474 
22 0 0.0596903 0.179098 -1.39558 0.0214764 -0.640456 0.167209 1.42128 0.0260785 0.587916 -0.042153 0.0070573 0.0070573 0.126459 -0.084177 -0.00660236 -0.0406271 -0.00934615 0.000572213 0.119593 -0.1098 0.00393474 
22 0 0.0596903 0.177564 -1.39558 0.0218599 -0.643141 0.165675 1.42128 0.026462 0.589834 -0.042153 0.0070573 0.0070573 0.126459 -0.084177 -0.00660236 -0.0406271 -0.00934615 0.000572213 0.119593 -0.1098 0.00393474 
22 0 0.0596903 0.17603 -1.39558 0.0218599 -0.645826 0.164524 1.42128 0.026462 0.592135 -0.042153 0.0070573 0.0070573 0.126459 -0.084177 -0.00660236 -0.0406271 -0.00934615 0.000572213 0.119593 -0.1098 0.00393474 
22 0 0.0596903 0.174496 -1.39558 0.0218599 -0.648894 0.16299 1.42128 0.026462 0.594052 -0.042153 0.0070573 0.0070573 0.126459 -0.084177 -0.00660236 -0.0406271 -0.00934615 0.000572213 0.119593 -0.1098 0.00393474 
22 0 0.0596903 0.172962 -1.39558 0.0218599 -0.651578 0.16184 1.42128 0.0260785 0.596353 -0.042153 0.0070573 0.0070573 0.126459 -0.084177 -0.00660236 -0.0406271 -0.00934615 0.000572213 0.119593 -0.1098 0.00393474 
22 0 0.0596903 0.171044 -1.39558 0.0218599 -0.654646 0.160306 1.42128 0.026462 0.598654 -0.042153 0.0070573 0.0070573 0.126459 -0.084177 -0.00660236 -0.0406271 -0.00934615 0.000572213 0.119593 -0.1098 0.00393474 
22 0 0.0596903 0.169894 -1.39558 0.0218599 -0.657331 0.159155 1.42128 0.026462 0.600955 -0.042153 0.0070573 0.0070573 0.126459 -0.084177 -0.00660236 -0.0406271 -0.00934615 0.000572213 0.119593 -0.1098 0.00393474 
22 0 0.0596903 0.167976 -1.39558 0.0218599 -0.660015 0.158005 1.42128 0.026462 0.603256 -0.042153 0.0070573 0.0070573 0.126459 -0.084177 -0.00660236 -0.0406271 -0.00934615 0.000572213 0.119593 -0.1098 0.00393474 
22 0 0.0596903 0.166442 -1.39558 0.0218599 -0.663083 0.156471 1.42128 0.026462 0.605557 -0.042153 0.0070573 0.0070573 0.126459 -0.084177 -0.00660236 -0.0406271 -0.00934615 0.000572213 0.119593 -0.1098 0.00393474 
22 0 0.0596903 0.164908 -1.39558 0.0222434 -0.665384 0.154937 1.42128 0.0260785 0.607858 -0.042153 0.0070573 0.0070573 0.126459 -0.084177 -0.00660236 -0.0406271 -0.00934615 0.000572213 0.119593 -0.1098 0.00393474 
22 0 0.0596903 0.163374 -1.39558 0.0222434 -0.668453 0.153403 1.42128 0.026462 0.610543 -0.042153 0.0070573 0.0070573 0.126459 -0.084177 -0.00660236 -0.0406271 -0.00934615 0.000572213 0.119593 -0.109543 0.00436156 
22 0 0.0596903 0.16184 -1.39558 0.0222434 -0.671137 0.152252 1.42128 0.026462 0.612844 -0.042153 0.0070573 0.0070573 0.126459 -0.084177 -0.00660236 -0.0406271 -0.00934615 0.000572213 0.119593 -0.109543 0.00436162 
22 0 0.0596903 0.159922 -1.39558 0.0222434 -0.673822 0.150335 1.42128 0.026462 0.615529 -0.042153 0.0070573 0.0070573 0.126459 -0.084177 -0.00660236 -0.0406271 -0.00934615 0.000572213 0.119593 -0.109543 0.00436162 
22 0 0.0596903 0.158388 -1.39558 0.0226269 -0.676506 0.149184 1.42128 0.026462 0.618213 -0.042153 0.0070573 0.0070573 0.126459 -0.084177 -0.00660236 -0.0406271 -0.00934615 0.000572213 0.119593 -0.109543 0.00436162 
22 0 0.0596903 0.156471 -1.39558 0.0226269 -0.679574 0.147267 1.42128 0.026462 0.620898 -0.042153 0.0070573 0.0070573 0.126459 -0.084177 -0.00660236 -0.0406271 -0.00934615 0.000572213 0.119593 -0.109543 0.00436162 
22 0 0.0596903 0.154553 -1.3952 0.0230104 -0.682259 0.145349 1.42128 0.0260785 0.623199 -0.042153 0.0070573 0.0070573 0.126459 -0.084177 -0.00660236 -0.0406271 -0.00934615 0.000572213 0.119593 -0.109338 0.00396153 
22 0 0.0596903 0.153019 -1.39558 0.0230104 -0.685327 0.143815 1.42128 0.026462 0.625883 -0.042153 0.0070573 0.0070573 0.126459 -0.084177 -0.00660236 -0.0406271 -0.00934615 0.000572213 0.119593 -0.109339 0.0039612 
22 0 0.0596903 0.151102 -1.39558 0.0233939 -0.688011 0.142281 1.42128 0.026462 0.628184 -0.042153 0.0070573 0.0070573 0.126459 -0.084177 -0.00660236 -0.0406271 -0.00934615 0.000572213 0.119593 -0.109339 0.0039612 
22 0 0.0596903 0.149568 -1.39558 0.0233939 -0.691079 0.140747 1.42128 0.026462 0.630485 -0.042153 0.0070573 0.0070573 0.126459 -0.084177 -0.00660236 -0.0406271 -0.00934615 0.000572213 0.119593 -0.109339 0.0039612 
22 0 0.0596903 0.148034 -1.39558 0.0237774 -0.694147 0.138829 1.42128 0.026462 0.632786 -0.042153 0.0070573 0.0070573 0.126459 -0.0839209 -0.00701968 -0.0406271 -0.00934615 0.000572213 0.119593 -0.109339 0.0039612 
22 0 0.0596903 0.1465 -1.39558 0.0241609 -0.697216 0.137295 1.42128 0.026462 0.635087 -0.042153 0.0070573 0.0070573 0.126459 -0.0839208 -0.00701975 -0.0406271 -0.00896468 0.000572213 0.119593 -0.109339 0.0039612 
22 0 0.0596903 0.144966 -1.39558 0.0241609 -0.700284 0.135378 1.42128 0.026462 0.637005 -0.042153 0.0070573 0.0070573 0.126459 -0.0839208 -0.00701975 -0.0406271 -0.00896468 0.000572213 0.119593 -0.109339 0.0039612 
22 0 0.0596903 0.143432 -1.39558 0.0245444 -0.703735 0.133844 1.42128 0.026462 0.639306 -0.042153 0.0070573 0.0070573 0.126459 -0.0839208 -0.00701975 -0.0406271 -0.00896468 0.000572213 0.119593 -0.109339 0.0039612 
22 0 0.0596903 0.141514 -1.39558 0.0249279 -0.706803 0.13231 1.42128 0.026462 0.641607 -0.042153 0.0070573 0.0070573 0.126459 -0.0839208 -0.00701975 -0.0406271 -0.00896468 0.000572213 0.119593 -0.109339 0.0039612 
22 0 0.0596903 0.13998 -1.39558 0.0253115 -0.710255 0.130392 1.42128 0.026462 0.643908 -0.042153 0.0070573 0.0070573 0.126459 -0.0839208 -0.00701975 -0.0406271 -0.00896468 0.000572213 0.119593 -0.109134 0.00356129 
22 0 0.0596903 0.138446 -1.39558 0.0253115 -0.713323 0.128475 1.42128 0.026462 0.646593 -0.042153 0.0070573 0.0070573 0.126459 -0.0839208 -0.00701975 -0.0406271 -0.00896468 0.000572213 0.119593 -0.109134 0.00356096 
22 0 0.0596903 0.136528 -1.39558 0.025695 -0.716774 0.126557 1.42128 0.026462 0.649277 -0.042153 0.0070573 0.0070573 0.126459 -0.0839208 -0.00701975 -0.0406271 -0.00896468 0.000572213 0.119593 -0.109134 0.00356096 
22 0 0.0596903 0.134994 -1.39558 0.0260785 -0.719842 0.125023 1.42128 0.026462 0.651962 -0.042153 0.0070573 0.0070573 0.126459 -0.0839208 -0.00701975 -0.0406271 -0.00896468 0.000572213 0.119593 -0.109134 0.00356096 
22 0 0.0596903 0.133077 -1.39558 0.0268455 -0.723294 0.123106 1.42166 0.026462 0.654646 -0.042153 0.0070573 0.0070573 0.126459 -0.0839208 -0.00701975 -0.0406271 -0.00896468 0.000572213 0.119593 -0.109134 0.00356096 
22 0 0.0596903 0.131159 -1.39558 0.027229 -0.726362 0.121188 1.42128 0.026462 0.656947 -0.042153 0.0070573 0.0070573 0.126459 -0.0839208 -0.00701975 -0.0406271 -0.00896468 0.000572213 0.119593 -0.109134 0.00356096 
22 0 0.0596903 0.128858 -1.39558 0.0276125 -0.730197 0.119654 1.42128 0.026462 0.660015 -0.042153 0.0070573 0.0070573 0.126459 -0.0839208 -0.00701975 -0.0406271 -0.00896468 0.000572213 0.119593 -0.109134 0.00356096 
22 0 0.0596903 0.126941 -1.39558 0.027996 -0.733649 0.117737 1.42166 0.026462 0.6627 -0.042153 0.0070573 0.0070573 0.126459 -0.0839208 -0.00701975 -0.0406271 -0.00896468 0.000572213 0.119593 -0.109134 0.00356096 
22 0 0.0596903 0.125023 -1.39597 0.0283795 -0.7371 0.116203 1.42166 0.026462 0.665384 -0.042153 0.0070573 0.0070573 0.126459 -0.0839208 -0.00701975 -0.0406271 -0.00896468 0.000572213 0.119593 -0.109134 0.00356096 
22 0 0.0596903 0.123106 -1.39597 0.0291465 -0.740935 0.114285 1.42166 0.0268455 0.668069 -0.042153 0.0070573 0.0070573 0.126459 -0.0839208 -0.00701975 -0.0406271 -0.00896468 0.000572213 0.119593 -0.109134 0.00356096 
22 0 0.0596903 0.121188 -1.39597 0.02953 -0.74477 0.112368 1.42166 0.0268455 0.670754 -0.042153 0.0070573 0.0070573 0.126459 -0.0839208 -0.00701975 -0.0406271 -0.00896468 0.000572213 0.119593 -0.109134 0.00356096 
22 0 0.0596903 0.118887 -1.39597 0.0299135 -0.748605 0.110833 1.42204 0.0268455 0.673438 -0.042153 0.0070573 0.0070573 0.126459 -0.0839208 -0.00701975 -0.0406271 -0.00896468 0.000572213 0.119593 -0.109134 0.00356096 
22 0 0.0596903 0.11697 -1.39635 0.0306806 -0.752441 0.108532 1.42166 0.026462 0.676123 -0.042153 0.0070573 0.0070573 0.126459 -0.0839208 -0.00701975 -0.0406271 -0.00896468 0.000572213 0.119593 -0.109134 0.00356096 
22 0 0.0596903 0.115052 -1.39635 0.0310641 -0.756276 0.106615 1.42204 0.0268455 0.678807 -0.042153 0.0070573 0.0070573 0.126459 -0.0839208 -0.00701975 -0.0406271 -0.00896468 0.000572213 0.119593 -0.109134 0.00356096 
22 0 0.0596903 0.113135 -1.39673 0.0318311 -0.759727 0.104697 1.42204 0.0268455 0.681492 -0.042153 0.0070573 0.0070573 0.126459 -0.0839208 -0.00701975 -0.0406271 -0.00896468 0.000572213 0.119593 -0.108929 0.00316123 
22 0 0.0596903 0.110833 -1.39673 0.0322146 -0.763946 0.102396 1.42243 0.0268455 0.684176 -0.042153 0.0070573 0.0070573 0.126459 -0.0839208 -0.00701975 -0.0406271 -0.00896468 0.000572213 0.119593 -0.108929 0.0031609 
22 0 0.0596903 0.108532 -1.39673 0.0329816 -0.767781 0.100479 1.42243 0.0268455 0.686861 -0.042153 0.0070573 0.0070573 0.126459 -0.0839208 -0.00701975 -0.0406271 -0.00896468 0.000572213 0.119593 -0.108929 0.0031609 
22 0 0.0596903 0.105848 -1.39673 0.0337486 -0.771232 0.0981778 1.42243 0.0268455 0.689545 -0.0425345 0.0070573 0.0070573 0.126459 -0.0839208 -0.00701975 -0.0406271 -0.00896468 0.000572213 0.119593 -0.108929 0.0031609 
22 0 0.0596903 0.103163 -1.39712 0.0345156 -0.775067 0.0958767 1.42281 0.0268455 0.69223 -0.042153 0.0070573 0.0070573 0.126459 -0.0839208 -0.00701975 -0.0406271 -0.00896468 0.000572213 0.119593 -0.109134 0.00356129 
22 0 0.0596903 0.100479 -1.39712 0.0352826 -0.778903 0.0939592 1.42281 0.0268455 0.694915 -0.0425345 0.0070573 0.0070573 0.126459 -0.0839208 -0.00701975 -0.0406271 -0.00896468 0.000572213 0.119593 -0.108929 0.00316123 
22 0 0.0596903 0.0981778 -1.39712 0.0360496 -0.783121 0.0916582 1.42281 0.0268455 0.697983 -0.0425345 0.0070573 0.0070573 0.126459 -0.0839208 -0.00701975 -0.0406271 -0.00896468 0.000572213 0.119974 -0.108929 0.0031609 
22 0 0.0596903 0.0958767 -1.3975 0.0368167 -0.786956 0.0897406 1.42319 0.0268455 0.701051 -0.0425345 0.0070573 0.0070573 0.126459 -0.0839208 -0.00701975 -0.0406271 -0.00896468 0.000572213 0.119974 -0.108929 0.0031609 
22 0 0.0596903 0.0935757 -1.3975 0.0379672 -0.791175 0.0874396 1.42319 0.0268455 0.704502 -0.0425345 0.0070573 0.0070573 0.126459 -0.0837179 -0.00662808 -0.0406271 -0.00896468 0.000572213 0.119974 -0.108929 0.0031609 
22 0 0.0596903 0.0912746 -1.3975 0.0387342 -0.794626 0.0851385 1.42319 0.0268455 0.70757 -0.0425345 0.0070573 0.0070573 0.126459 -0.083718 -0.00662777 -0.0406271 -0.00896468 0.000572213 0.119974 -0.108929 0.0031609 
22 0 0.0596903 0.0889736 -1.3975 0.0398847 -0.798845 0.083221 1.42358 0.0268455 0.710638 -0.0425345 0.0070573 0.0070573 0.126459 -0.0834619 -0.00704492 -0.0406271 -0.00896468 0.000572213 0.119593 -0.108929 0.0031609 
22 0 0.0596903 0.0866726 -1.3975 0.0414187 -0.80268 0.0805364 1.42396 0.0268455 0.71409 -0.0425345 0.0070573 0.0070573 0.126459 -0.0837181 -0.00662771 -0.0406271 -0.00896468 0.000572213 0.119593 -0.108929 0.0031609 
22 0 0.0596903 0.083988 -1.3975 0.0425693 -0.806899 0.0782354 1.42396 0.0268455 0.717158 -0.0425345 0.0070573 0.0070573 0.126459 -0.083718 -0.00662777 -0.0406271 -0.00896468 0.000572213 0.119593 -0.108929 0.0031609 
22 0 0.0596903 0.08092 -1.3975 0.0441033 -0.810734 0.0759344 1.42434 0.0268455 0.720226 -0.0425345 0.0070573 0.0070573 0.126459 -0.083718 -0.00662777 -0.0406271 -0.00896468 0.000572213 0.119593 -0.108929 0.0031609 
22 0 0.0596903 0.0778519 -1.3975 0.0460208 -0.814569 0.0736333 1.42434 0.0268455 0.723294 -0.042153 0.0070573 0.0070573 0.126459 -0.0834619 -0.00704492 -0.0406271 -0.00896468 0.000572213 0.119593 -0.108929 0.0031609 
22 0 0.0596903 0.0751674 -1.3975 0.0479384 -0.818404 0.0717158 1.42473 0.0268455 0.725979 -0.0425345 0.0070573 0.0070573 0.126459 -0.0834618 -0.00704498 -0.0406271 -0.00896468 0.000572213 0.119593 -0.108929 0.0031609 
22 0 0.0596903 0.0724828 -1.39712 0.0498559 -0.822239 0.0690312 1.42473 0.0268455 0.729047 -0.0425345 0.0070573 0.0070573 0.126459 -0.0834618 -0.00704498 -0.0406271 -0.00896468 0.000572213 0.119593 -0.108929 0.0031609 
22 0 0.0596903 0.0697983 -1.39712 0.0521569 -0.82569 0.0667302 1.42473 0.0268455 0.732498 -0.0425345 0.0070573 0.0070573 0.126459 -0.0834618 -0.00704498 -0.0406271 -0.00896468 0.000572213 0.119593 -0.108929 0.0031609 
22 0 0.0596903 0.0678807 -1.39712 0.054458 -0.829525 0.0644292 1.42511 0.0268455 0.735566 -0.042153 0.0070573 0.0070573 0.126459 -0.0834618 -0.00704498 -0.0406271 -0.00896468 0.000572213 0.119593 -0.108929 0.0031609 
22 0 0.0596903 0.0651962 -1.39712 0.056759 -0.83336 0.0617446 1.42511 0.0268455 0.738634 -0.042153 0.0070573 0.0070573 0.126459 -0.0834618 -0.00704498 -0.0406271 -0.00896468 0.000572213 0.119593 -0.108929 0.0031609 
22 0 0.0596903 0.0625116 -1.39673 0.0590601 -0.837579 0.0590601 1.4255 0.0268455 0.742086 -0.0425345 0.0070573 0.0070573 0.126459 -0.0834618 -0.00704498 -0.0406271 -0.00896468 0.000572213 0.119593 -0.108673 0.00358752 
22 0 0.0596903 0.0598271 -1.39635 0.0617446 -0.841414 0.0563755 1.4255 0.0268455 0.745537 -0.0425345 0.0070573 0.0070573 0.126459 -0.0834618 -0.00704498 -0.0406271 -0.00896468 0.000572213 0.119593 -0.108673 0.00358758 
22 0 0.0596903 0.057526 -1.39635 0.0636621 -0.845249 0.0540745 1.4255 0.0268455 0.748989 -0.0425345 0.0070573 0.0070573 0.126459 -0.0834618 -0.00704498 -0.0406271 -0.00896468 0.000572213 0.119593 -0.108929 0.00316084 
22 0 0.0596903 0.054458 -1.39597 0.0663467 -0.849084 0.0513899 1.4255 0.0268455 0.752057 -0.0425345 0.0070573 0.0070573 0.126459 -0.0834618 -0.00704498 -0.0406271 -0.00896468 0.000572213 0.119593 -0.108673 0.00358752 
22 0 0.0596903 0.0517734 -1.39597 0.0686477 -0.852919 0.0494724 1.42588 0.0268455 0.755509 -0.0425345 0.0070573 0.0070573 0.126459 -0.0834618 -0.00704498 -0.0406271 -0.00896468 0.000572213 0.119593 -0.108673 0.00358758 
22 0 0.0596903 0.0487054 -1.39558 0.0709488 -0.856371 0.0471714 1.42626 0.0268455 0.75896 -0.0425345 0.0070573 0.0070573 0.126459 -0.0834618 -0.00704498 -0.0406271 -0.00896468 0.000572213 0.119593 -0.108673 0.00358758 
22 0 0.0596903 0.0464043 -1.39558 0.0732498 -0.860206 0.0448703 1.42626 0.0268455 0.762412 -0.0425345 0.0070573 0.0070573 0.126459 -0.0834618 -0.00704498 -0.0406271 -0.00896468 0.000572213 0.119593 -0.108673 0.00358758 
22 0 0.0596903 0.0437198 -1.39558 0.0751674 -0.864041 0.0425693 1.42626 0.027229 0.765863 -0.0425345 0.0070573 0.0070573 0.126459 -0.0834618 -0.00704498 -0.0406271 -0.00896468 0.000572213 0.119593 -0.108673 0.00358758 
22 0 0.0596903 0.0410352 -1.3952 0.0774684 -0.867876 0.0398847 1.42626 0.0268455 0.769315 -0.0425345 0.0070573 0.0070573 0.126459 -0.0834618 -0.00704498 -0.0406271 -0.00896468 0.000572213 0.119593 -0.108673 0.00358758 
22 0 0.0596903 0.0387342 -1.3952 0.0793859 -0.872095 0.0372002 1.42626 0.027229 0.772766 -0.0425345 0.0070573 0.0070573 0.126459 -0.0834618 -0.00704498 -0.0406271 -0.00896468 0.000572213 0.119593 -0.108673 0.00358758 
22 0 0.0596903 0.0356661 -1.3952 0.0813035 -0.87593 0.0345156 1.42626 0.027229 0.775834 -0.0425345 0.0070573 0.0070573 0.126459 -0.0834618 -0.00704498 -0.0406271 -0.00896468 0.000572213 0.119593 -0.108673 0.00358758 
22 0 0.0596903 0.0325981 -1.3952 0.0836045 -0.880148 0.0318311 1.42665 0.027229 0.779286 -0.0425345 0.0070573 0.0070573 0.126459 -0.0834618 -0.00704498 -0.0406271 -0.00896468 0.000572213 0.119593 -0.108673 0.00358758 
22 0 0.0596903 0.0299135 -1.3952 0.085522 -0.883983 0.0291465 1.42665 0.027229 0.782738 -0.0425345 0.0070573 0.0070573 0.126459 -0.0834618 -0.00704498 -0.0406271 -0.00896468 0.000572213 0.119593 -0.108673 0.00358758 
22 0 0.0596903 0.027229 -1.3952 0.0878231 -0.887818 0.0268455 1.42703 0.027229 0.786189 -0.0425345 0.0070573 0.0070573 0.126459 -0.0834618 -0.00704498 -0.0406271 -0.00896468 0.000572213 0.119593 -0.108673 0.00358758 
22 0 0.0596903 0.0241609 -1.3952 0.0901241 -0.891654 0.0245444 1.42703 0.027229 0.789641 -0.0425345 0.0070573 0.0070573 0.126459 -0.0834618 -0.00704498 -0.0406271 -0.00896468 0.000572213 0.119593 -0.108673 0.00358758 
22 0 0.0596903 0.0214764 -1.39481 0.0928087 -0.895489 0.0222434 1.42703 0.027229 0.793476 -0.0425345 0.0070573 0.0070573 0.126459 -0.0834618 -0.00704498 -0.0406271 -0.00896468 0.000572213 0.119593 -0.108673 0.00358758 
22 0 0.0596903 0.0191753 -1.3952 0.0951097 -0.899324 0.0195589 1.42703 0.027229 0.796927 -0.0425345 0.0070573 0.0070573 0.126459 -0.0834618 -0.00704498 -0.0406271 -0.00896468 0.000572213 0.119593 -0.108673 0.00358758 
22 0 0.0596903 0.0161073 -1.3952 0.0981778 -0.902775 0.0172578 1.42703 0.027229 0.801146 -0.0425345 0.0070573 0.0070573 0.126459 -0.0834618 -0.00704498 -0.0406271 -0.00896468 0.000572213 0.119593 -0.108673 0.00358758 
22 0 0.0596903 0.0134227 -1.3952 0.101246 -0.90661 0.0141898 1.42703 0.0276125 0.804981 -0.0425345 0.0070573 0.0070573 0.126459 -0.0834618 -0.00704498 -0.0406271 -0.00896468 0.000572213 0.119593 -0.108673 0.00358758 
22 0 0.0596903 0.0107382 -1.39481 0.10393 -0.910445 0.0118887 1.42703 0.027229 0.808816 -0.0425345 0.0070573 0.0070573 0.126459 -0.0834618 -0.00704498 -0.0406271 -0.00896468 0.000572213 0.119593 -0.108673 0.00358758 
22 0 0.0596903 0.00767014 -1.39481 0.106615 -0.91428 0.00882066 1.42703 0.0276125 0.812268 -0.042153 0.0070573 0.0070573 0.126459 -0.0834618 -0.00704498 -0.0406271 -0.00896468 0.000572213 0.119593 -0.108673 0.00358758 
22 0 0.0596903 0.00498559 -1.39481 0.109299 -0.918499 0.00613611 1.42703 0.0276125 0.815719 -0.042153 0.0070573 0.0070573 0.126459 -0.0834618 -0.00704498 -0.0406271 -0.00896468 0.000572213 0.119593 -0.108673 0.00358758 
22 0 0.0596903 0.00230104 -1.39481 0.112368 -0.922334 0.00345156 1.42703 0.0276125 0.819554 -0.0425345 0.0070573 0.0070573 0.126459 -0.0834618 -0.00704498 -0.0406271 -0.00896468 0.000572213 0.119593 -0.108673 0.00358758 
22 0 0.0596903 -0.000767014 -1.39481 0.115052 -0.926553 0.00153403 1.42703 0.0276125 0.823006 -0.0425345 0.0070573 0.0070573 0.126459 -0.0834618 -0.00704498 -0.0406271 -0.00896468 0.000572213 0.119593 -0.108673 0.00358758 
22 0 0.0596903 -0.00345156 -1.39481 0.117737 -0.930388 -0.00115052 1.42703 0.0276125 0.826457 -0.0425345 0.0070573 0.0070573 0.126459 -0.0834618 -0.00704498 -0.0406271 -0.00896468 0.000572213 0.119593 -0.108673 0.00358758 
22 0 0.0596903 -0.00651962 -1.39481 0.120421 -0.934223 -0.00383507 1.42665 0.0276125 0.830676 -0.0425345 0.0070573 0.0070573 0.126459 -0.0834618 -0.00704498 -0.0406271 -0.00896468 0.000572213 0.119593 -0.108673 0.00358758 
22 0 0.0596903 -0.00958767 -1.39481 0.122722 -0.938441 -0.00651962 1.42665 0.0276125 0.834511 -0.0425345 0.0070573 0.0070573 0.126459 -0.0834618 -0.00704498 -0.0406271 -0.00896468 0.000572213 0.119593 -0.108673 0.00358758 
22 0 0.0596903 -0.0126557 -1.39481 0.125407 -0.942276 -0.00920417 1.42665 0.0276125 0.838346 -0.0425345 0.0070573 0.0070573 0.126459 -0.0834618 -0.00704498 -0.0406271 -0.00896468 0.000572213 0.119593 -0.108673 0.00358758 
22 0 0.0596903 -0.0153403 -1.39481 0.128091 -0.945728 -0.0122722 1.42703 0.0276125 0.842565 -0.0425345 0.0070573 0.0070573 0.126459 -0.0834618 -0.00704498 -0.0406271 -0.00896468 0.000572213 0.119593 -0.108673 0.00358758 
22 0 0.0596903 -0.0184083 -1.39481 0.130392 -0.949563 -0.0149568 1.42665 0.0276125 0.8464 -0.0425345 0.0070573 0.0070573 0.126459 -0.0834618 -0.00704498 -0.0406271 -0.00896468 0.000572213 0.119593 -0.108673 0.00358758 
22 0 0.0596903 -0.0210929 -1.39481 0.133077 -0.953398 -0.0180248 1.42665 0.0276125 0.850235 -0.0425345 0.0070573 0.0070573 0.126459 -0.0834618 -0.00704498 -0.0406271 -0.00896468 0.000572213 0.119593 -0.108929 0.00316084 
22 0 0.0596903 -0.0241609 -1.39481 0.135761 -0.957233 -0.0207094 1.42665 0.0276125 0.85407 -0.0425345 0.0070573 0.0070573 0.126459 -0.0834618 -0.00704498 -0.0406271 -0.00896468 0.000572213 0.119593 -0.108673 0.00358752 
22 0 0.0596903 -0.0268455 -1.39481 0.138446 -0.961068 -0.0230104 1.42665 0.0276125 0.857905 -0.0425345 0.0070573 0.0070573 0.126459 -0.0834618 -0.00704498 -0.0406271 -0.00896468 0.000572213 0.119593 -0.108673 0.00358758 
22 0 0.0596903 -0.030297 -1.39481 0.141514 -0.965287 -0.025695 1.42665 0.0276125 0.861356 -0.0425345 0.0070573 0.0070573 0.126459 -0.0834618 -0.00704498 -0.0406271 -0.00896468 0.000572213 0.119593 -0.108673 0.00358758 
22 0 0.0596903 -0.0333651 -1.39481 0.144582 -0.969122 -0.0283795 1.42626 0.0276125 0.865575 -0.042153 0.0070573 0.0070573 0.126459 -0.0834618 -0.00704498 -0.0406271 -0.00896468 0.000572213 0.119593 -0.108673 0.00358758 
22 0 0.0596903 -0.0364332 -1.39481 0.14765 -0.972957 -0.0314476 1.42626 0.027996 0.86941 -0.042153 0.0070573 0.0070573 0.126459 -0.0834618 -0.00704498 -0.0406271 -0.00896468 0.000572213 0.119593 -0.108929 0.00316084 
22 0 0.0596903 -0.0391177 -1.39481 0.150718 -0.976792 -0.0345156 1.42626 0.027996 0.873245 -0.042153 0.0070573 0.0070573 0.126459 -0.0834618 -0.00704498 -0.0406271 -0.00934615 0.000572213 0.119593 -0.108929 0.0031609 
22 0 0.0596903 -0.0414187 -1.39481 0.15417 -0.980627 -0.0375837 1.42626 0.027996 0.876697 -0.042153 0.0070573 0.0070573 0.126459 -0.0834618 -0.00704498 -0.0406271 -0.00934615 0.000572213 0.119593 -0.108929 0.0031609 
22 0 0.0596903 -0.0444868 -1.39481 0.156854 -0.984462 -0.0402682 1.42626 0.027996 0.880915 -0.042153 0.0070573 0.0070573 0.126459 -0.0834618 -0.00704498 -0.0406271 -0.00934615 0.000572213 0.119593 -0.108929 0.0031609 
22 0 0.0596903 -0.0475549 -1.39481 0.160306 -0.988681 -0.0429528 1.42588 0.027996 0.88475 -0.042153 0.0070573 0.0070573 0.126459 -0.0834618 -0.00704498 -0.0406271 -0.00934615 0.000572213 0.119593 -0.108929 0.0031609 
22 0 0.0596903 -0.0506229 -1.39481 0.16299 -0.992132 -0.0456373 1.42588 0.027996 0.888586 -0.0425345 0.0070573 0.0070573 0.126459 -0.0834618 -0.00704498 -0.0406271 -0.00934615 0.000572213 0.119593 -0.108929 0.0031609 
22 0 0.0596903 -0.0540745 -1.39481 0.165675 -0.995967 -0.0483219 1.42588 0.027996 0.892421 -0.042153 0.0070573 0.0070573 0.126459 -0.0834618 -0.00704498 -0.0410086 -0.00934615 0.000572213 0.119593 -0.108929 0.0031609 
22 0 0.0596903 -0.057526 -1.39481 0.168743 -0.999802 -0.0510064 1.42588 0.027996 0.896256 -0.0425345 0.0070573 0.0070573 0.126459 -0.0834618 -0.00704498 -0.0410086 -0.00934615 0.000572213 0.119593 -0.108929 0.0031609 
22 0 0.0596903 -0.0605941 -1.39481 0.171428 -1.00364 -0.053691 1.4255 0.027996 0.899707 -0.0425345 0.0070573 0.0070573 0.126459 -0.0834618 -0.00704498 -0.0410086 -0.00934615 0.000572213 0.119593 -0.108929 0.0031609 
22 0 0.0596903 -0.0636621 -1.39481 0.174112 -1.00709 -0.056759 1.4255 0.027996 0.903542 -0.0425345 0.0070573 0.0070573 0.126459 -0.0834618 -0.00704498 -0.0410086 -0.00934615 0.000572213 0.119593 -0.108929 0.0031609 
22 0 0.0596903 -0.0663467 -1.39481 0.176797 -1.01092 -0.0598271 1.4255 0.027996 0.907377 -0.042153 0.0070573 0.0070573 0.126459 -0.0834618 -0.00704498 -0.0410086 -0.00934615 0.000572213 0.119593 -0.108929 0.0031609 
22 0 0.0596903 -0.0690312 -1.39481 0.179865 -1.01476 -0.0625116 1.4255 0.0283795 0.910829 -0.042153 0.0070573 0.0070573 0.126459 -0.0834618 -0.00704498 -0.0410086 -0.00934615 0.000572213 0.119593 -0.108929 0.0031609 
22 0 0.0596903 -0.0720993 -1.39481 0.182933 -1.01859 -0.0651962 1.4255 0.027996 0.91428 -0.042153 0.0070573 0.0070573 0.126459 -0.0834618 -0.00704498 -0.0410086 -0.00934615 0.000572213 0.119593 -0.108929 0.0031609 
22 0 0.0596903 -0.0751674 -1.39481 0.186384 -1.02243 -0.0682642 1.4255 0.0283795 0.918115 -0.042153 0.0070573 0.0070573 0.126459 -0.0834618 -0.00704498 -0.0410086 -0.00934615 0.000572213 0.119593 -0.108929 0.0031609 
22 0 0.0596903 -0.0782354 -1.39481 0.189452 -1.02626 -0.0709488 1.42511 0.0283795 0.921951 -0.042153 0.0070573 0.0070573 0.126459 -0.0834618 -0.00704498 -0.0410086 -0.00934615 0.000572213 0.119211 -0.108929 0.0031609 
22 0 0.0596903 -0.0813035 -1.39481 0.192904 -1.02972 -0.0736333 1.42511 0.028763 0.925786 -0.042153 0.0070573 0.0070573 0.126459 -0.0834618 -0.00704498 -0.0410086 -0.00934615 0.000572213 0.119211 -0.108929 0.0031609 
22 0 0.0596903 -0.084755 -1.39481 0.195972 -1.03355 -0.0767014 1.42511 0.028763 0.929621 -0.042153 0.0070573 0.0070573 0.126459 -0.0834618 -0.00704498 -0.0410086 -0.00934615 0.000572213 0.119211 -0.108929 0.0031609 
22 0 0.0596903 -0.0874396 -1.3952 0.19904 -1.037 -0.0793859 1.42511 0.028763 0.933456 -0.042153 0.0070573 0.0070573 0.126459 -0.0834618 -0.00704498 -0.0410086 -0.00934615 0.000572213 0.119211 -0.108929 0.0031609 
22 0 0.0596903 -0.0905076 -1.39481 0.202108 -1.04084 -0.0820705 1.42511 0.028763 0.937291 -0.042153 0.0070573 0.0070573 0.126459 -0.0834618 -0.00704498 -0.0410086 -0.00934615 0.000572213 0.119211 -0.108929 0.0031609 
22 0 0.0596903 -0.0931922 -1.3952 0.20556 -1.04429 -0.084755 1.42473 0.028763 0.940742 -0.042153 0.0070573 0.0070573 0.126459 -0.0834618 -0.00704498 -0.0410086 -0.00934615 0.000572213 0.119211 -0.108929 0.0031609 
22 0 0.0596903 -0.0958767 -1.39481 0.208628 -1.04812 -0.0874396 1.42473 0.0291465 0.944578 -0.042153 0.0070573 0.0070573 0.126459 -0.0834618 -0.00704498 -0.0410086 -0.00934615 0.000572213 0.119211 -0.108929 0.0031609 
22 0 0.0596903 -0.0993283 -1.39481 0.211696 -1.05196 -0.0901241 1.42473 0.0291465 0.948029 -0.042153 0.0070573 0.0070573 0.126459 -0.0834618 -0.00704498 -0.0410086 -0.00934615 0.000572213 0.119211 -0.108929 0.0031609 
22 0 0.0596903 -0.10278 -1.39481 0.214764 -1.05541 -0.0928087 1.42473 0.02953 0.951481 -0.042153 0.0070573 0.0070573 0.126078 -0.0834618 -0.00704498 -0.0410086 -0.00934615 0.000572213 0.119211 -0.108929 0.0031609 
22 0 0.0596903 -0.106231 -1.39481 0.217832 -1.05925 -0.0958767 1.42473 0.02953 0.954932 -0.042153 0.0070573 0.0070573 0.126078 -0.0834618 -0.00704498 -0.0410086 -0.00934615 0.000572213 0.119211 -0.108929 0.0031609 
22 0 0.0596903 -0.109299 -1.3952 0.2209 -1.06308 -0.0985613 1.42473 0.0299135 0.958384 -0.042153 0.0070573 0.0070573 0.126078 -0.0834618 -0.00704498 -0.0410086 -0.00934615 0.000572213 0.119211 -0.108929 0.0031609 
22 0 0.0596903 -0.111984 -1.3952 0.223585 -1.06653 -0.101629 1.42473 0.0299135 0.961835 -0.042153 0.0070573 0.0070573 0.126078 -0.0834618 -0.00704498 -0.0410086 -0.00934615 0.000572213 0.119211 -0.108929 0.0031609 
22 0 0.0596903 -0.114669 -1.3952 0.226653 -1.06998 -0.104314 1.42473 0.030297 0.965287 -0.042153 0.0070573 0.0070573 0.126078 -0.0834618 -0.00704498 -0.0410086 -0.00934615 0.000572213 0.119211 -0.108929 0.0031609 
22 0 0.0596903 -0.117737 -1.3952 0.230104 -1.07344 -0.106998 1.42473 0.030297 0.969122 -0.042153 0.0070573 0.0070573 0.126078 -0.0834618 -0.00704498 -0.0410086 -0.00934615 0.000572213 0.119211 -0.108929 0.0031609 
22 0 0.0596903 -0.120421 -1.3952 0.233556 -1.0765 -0.109683 1.42473 0.0306806 0.972574 -0.042153 0.0070573 0.0070573 0.126078 -0.0834618 -0.00704498 -0.0410086 -0.00934615 0.000572213 0.119211 -0.108929 0.0031609 
22 0 0.0596903 -0.123489 -1.3952 0.236624 -1.07996 -0.112368 1.42473 0.0310641 0.976409 -0.042153 0.0070573 0.0070573 0.126078 -0.0834618 -0.00704498 -0.0410086 -0.00934615 0.000572213 0.119211 -0.108929 0.0031609 
22 0 0.0596903 -0.126557 -1.39481 0.240075 -1.08341 -0.115052 1.42511 0.0310641 0.97986 -0.042153 0.0070573 0.0070573 0.126078 -0.0834618 -0.00704498 -0.0410086 -0.00934615 0.000572213 0.119211 -0.108929 0.0031609 
22 0 0.0596903 -0.129625 -1.39481 0.243527 -1.08648 -0.11812 1.42473 0.0314476 0.983695 -0.042153 0.0070573 0.0070573 0.126078 -0.0834618 -0.00704498 -0.0410086 -0.00934615 0.000572213 0.119211 -0.108929 0.0031609 
22 0 0.0596903 -0.132693 -1.39481 0.246595 -1.08993 -0.121188 1.42511 0.0318311 0.98753 -0.042153 0.0070573 0.0070573 0.126078 -0.0834618 -0.00704498 -0.0410086 -0.00934615 0.000572213 0.119211 -0.108929 0.0031609 
22 0 0.0596903 -0.135761 -1.3952 0.249663 -1.09338 -0.12464 1.42473 0.0322146 0.990598 -0.042153 0.0070573 0.0070573 0.126078 -0.0834618 -0.00704498 -0.0410086 -0.00934615 0.000572213 0.119211 -0.108929 0.0031609 
22 0 0.0596903 -0.138829 -1.39481 0.252731 -1.09683 -0.127708 1.42511 0.0325981 0.99405 -0.042153 0.0070573 0.0070573 0.126078 -0.0834618 -0.00704498 -0.0410086 -0.00934615 0.000572213 0.119211 -0.108929 0.0031609 
22 0 0.0596903 -0.141898 -1.39481 0.255799 -1.10028 -0.130392 1.42511 0.0329816 0.997501 -0.042153 0.0070573 0.0070573 0.126078 -0.0834618 -0.00704498 -0.0410086 -0.00934615 0.000572213 0.119211 -0.108929 0.0031609 
22 0 0.0596903 -0.144966 -1.39481 0.258867 -1.10373 -0.133077 1.42511 0.0337486 1.00057 -0.042153 0.0070573 0.0070573 0.126078 -0.0834618 -0.00704498 -0.0410086 -0.00934615 0.000572213 0.119211 -0.108929 0.0031609 
22 0 0.0596903 -0.148034 -1.39481 0.261935 -1.10718 -0.135761 1.42511 0.0341321 1.00364 -0.042153 0.0070573 0.0070573 0.126078 -0.0834618 -0.00704498 -0.0410086 -0.00934615 0.000572213 0.119211 -0.108929 0.0031609 
22 0 0.0596903 -0.151102 -1.39481 0.265003 -1.11025 -0.138829 1.42511 0.0345156 1.00709 -0.042153 0.0070573 0.0070573 0.126078 -0.0836645 -0.00743728 -0.0410086 -0.00934615 0.000572213 0.119211 -0.108929 0.0031609 
22 0 0.0596903 -0.153786 -1.39481 0.268071 -1.1137 -0.141898 1.42511 0.0352826 1.01016 -0.042153 0.0070573 0.0070573 0.126078 -0.0834083 -0.00785399 -0.0410086 -0.00934615 0.000572213 0.119211 -0.108929 0.0031609 
22 0 0.0596903 -0.156854 -1.39481 0.271139 -1.11677 -0.144966 1.42511 0.0356661 1.01361 -0.042153 0.0070573 0.0070573 0.126078 -0.0834082 -0.00785405 -0.0410086 -0.00934615 0.000572213 0.119211 -0.108929 0.0031609 
22 0 0.0596903 -0.159922 -1.39481 0.274207 -1.11984 -0.148417 1.42511 0.0364332 1.01706 -0.042153 0.0070573 0.0070573 0.126078 -0.0834082 -0.00785405 -0.0410086 -0.00934615 0.000572213 0.119211 -0.108929 0.0031609 
22 0 0.0596903 -0.16299 -1.3952 0.278042 -1.12291 -0.151869 1.42511 0.0368167 1.02051 -0.042153 0.0070573 0.0070573 0.126078 -0.0834082 -0.00785405 -0.0410086 -0.00934615 0.000572213 0.119211 -0.108929 0.0031609 
22 0 0.0596903 -0.166058 -1.3952 0.281111 -1.12598 -0.154553 1.42511 0.0375837 1.02396 -0.042153 0.0070573 0.0070573 0.126078 -0.0834082 -0.00785405 -0.0410086 -0.00934615 0.000572213 0.119211 -0.108929 0.0031609 
22 0 0.0596903 -0.169127 -1.39481 0.284562 -1.12904 -0.157621 1.42511 0.0383507 1.02665 -0.042153 0.0070573 0.0070573 0.126078 -0.0831519 -0.00827092 -0.0410086 -0.00934615 0.000572213 0.119211 -0.108929 0.0031609 
22 0 0.0596903 -0.172195 -1.39481 0.288014 -1.13211 -0.160306 1.42511 0.0391177 1.0301 -0.042153 0.0070573 0.0070573 0.126078 -0.0831518 -0.00827098 -0.0410086 -0.00934615 0.000572213 0.119211 -0.108929 0.0031609 
22 0 0.0596903 -0.174879 -1.3952 0.291082 -1.13518 -0.163374 1.42511 0.0395012 1.03317 -0.042153 0.0070573 0.0070573 0.126078 -0.0831518 -0.00827098 -0.0410086 -0.00934615 0.000572213 0.119211 -0.108929 0.0031609 
22 0 0.0596903 -0.177564 -1.39481 0.294533 -1.13825 -0.166442 1.42511 0.0406517 1.03624 -0.042153 0.0070573 0.0070573 0.126078 -0.0831518 -0.00827098 -0.0410086 -0.00934615 0.000572213 0.119211 -0.108929 0.0031609 
22 0 0.0596903 -0.181015 -1.3952 0.297601 -1.14132 -0.169894 1.42511 0.0418023 1.0393 -0.042153 0.0070573 0.0070573 0.126078 -0.0831518 -0.00827098 -0.0410086 -0.00934615 0.000572213 0.119211 -0.109134 0.00356129 
22 0 0.0596903 -0.184083 -1.3952 0.300669 -1.14438 -0.173345 1.42511 0.0425693 1.04237 -0.042153 0.0070573 0.0070573 0.126078 -0.0831518 -0.00827098 -0.0410086 -0.00934615 0.000572213 0.119211 -0.109134 0.00356096 
22 0 0.0596903 -0.187535 -1.3952 0.304121 -1.14784 -0.176797 1.42511 0.0441033 1.04544 -0.042153 0.0070573 0.0070573 0.126078 -0.0828955 -0.00868769 -0.0410086 -0.00934615 0.000572213 0.119211 -0.109134 0.00356096 
22 0 0.0596903 -0.190603 -1.3952 0.307573 -1.1509 -0.179865 1.42511 0.0452538 1.04851 -0.042153 0.0070573 0.0070573 0.126078 -0.0828954 -0.00868775 -0.0410086 -0.00934615 0.000572213 0.119211 -0.109134 0.00356096 
22 0 0.0596903 -0.193671 -1.3952 0.310641 -1.15359 -0.182933 1.42473 0.0467878 1.05119 -0.042153 0.0070573 0.0070573 0.126078 -0.0828954 -0.00868775 -0.0410086 -0.00934615 0.000572213 0.119211 -0.109134 0.00356096 
22 0 0.0596903 -0.196739 -1.39558 0.313709 -1.15666 -0.185617 1.42473 0.0483219 1.05426 -0.042153 0.0070573 0.0070573 0.126078 -0.0828954 -0.00868775 -0.0410086 -0.00934615 0.000572213 0.119211 -0.109134 0.00356096 
22 0 0.0596903 -0.199424 -1.39558 0.31716 -1.15972 -0.189069 1.42473 0.0498559 1.05733 -0.042153 0.0070573 0.0070573 0.126078 -0.0828954 -0.00868775 -0.0410086 -0.00934615 0.000572213 0.119211 -0.109134 0.00356096 
22 0 0.0596903 -0.202108 -1.39558 0.320612 -1.16241 -0.192137 1.42434 0.0513899 1.06078 -0.042153 0.0070573 0.0070573 0.126078 -0.0828954 -0.00868775 -0.0410086 -0.00896468 0.000572213 0.119211 -0.109134 0.00356096 
22 0 0.0596903 -0.205176 -1.39597 0.324063 -1.16509 -0.195589 1.42434 0.052924 1.06423 -0.042153 0.0070573 0.0070573 0.126078 -0.0826389 -0.00910431 -0.0410086 -0.00896468 0.000572213 0.119211 -0.109134 0.00356096 
22 0 0.0596903 -0.208244 -1.39558 0.327898 -1.16778 -0.198657 1.42396 0.0548415 1.06692 -0.042153 0.0070573 0.0070573 0.126078 -0.0826388 -0.00910437 -0.0410086 -0.00896468 0.000572213 0.119211 -0.109134 0.00356096 
22 0 0.0596903 -0.211312 -1.39597 0.33135 -1.17046 -0.201725 1.42396 0.056759 1.07037 -0.042153 0.0070573 0.0070573 0.126078 -0.0826388 -0.00910437 -0.0410086 -0.00896468 0.000572213 0.119211 -0.109134 0.00356096 
22 0 0.0596903 -0.214764 -1.39597 0.334802 -1.17315 -0.204793 1.42358 0.058293 1.07344 -0.042153 0.0070573 0.0070573 0.126078 -0.0823823 -0.00952079 -0.0410086 -0.00896468 0.000572213 0.119211 -0.109134 0.00356096 
22 0 0.0596903 -0.217832 -1.39597 0.338637 -1.17583 -0.207861 1.42319 0.0602106 1.0765 -0.042153 0.0070573 0.0070573 0.126078 -0.0823822 -0.00952085 -0.0410086 -0.00896468 0.000572213 0.119211 -0.109134 0.00356096 
22 0 0.0596903 -0.220516 -1.39597 0.342088 -1.17852 -0.210929 1.42319 0.0621281 1.07957 -0.042153 0.0070573 0.0070573 0.126078 -0.0823822 -0.00952085 -0.0410086 -0.00896468 0.000572213 0.119211 -0.109134 0.00356096 
22 0 0.0596903 -0.223201 -1.39597 0.345156 -1.1812 -0.21438 1.42281 0.0644292 1.08226 -0.042153 0.0070573 0.0070573 0.126078 -0.0821256 -0.0099371 -0.0410086 -0.00896468 0.000572213 0.119211 -0.109134 0.00356096 
22 0 0.0596903 -0.225886 -1.39597 0.348608 -1.18389 -0.217448 1.42243 0.0663467 1.08494 -0.042153 0.0070573 0.0070573 0.126078 -0.0821255 -0.00993716 -0.0410086 -0.00896468 0.000572213 0.119211 -0.109134 0.00356096 
22 0 0.0596903 -0.22857 -1.39597 0.352059 -1.18657 -0.220516 1.42243 0.0682642 1.08801 -0.042153 0.0070573 0.0070573 0.126078 -0.0818688 -0.0103533 -0.0410086 -0.00896468 0.000572213 0.119211 -0.109134 0.00356096 
22 0 0.0596903 -0.231638 -1.39597 0.355127 -1.18925 -0.223968 1.42204 0.0709488 1.09069 -0.042153 0.0070573 0.0070573 0.126078 -0.0818687 -0.0103533 -0.0410086 -0.00896468 0.000572213 0.119211 -0.109134 0.00356096 
22 0 0.0596903 -0.23509 -1.39597 0.358579 -1.19194 -0.227036 1.42204 0.0728663 1.09338 -0.042153 0.0070573 0.0070573 0.126078 -0.081612 -0.0107693 -0.0410086 -0.00896468 0.000572213 0.119211 -0.109134 0.00356096 
22 0 0.0596903 -0.238541 -1.39597 0.362414 -1.19462 -0.230104 1.42166 0.0751674 1.09606 -0.042153 0.0070573 0.0070573 0.126078 -0.081355 -0.0111852 -0.0410086 -0.00896468 0.000572213 0.119211 -0.109134 0.00356096 
22 0 0.0596903 -0.241609 -1.39597 0.366249 -1.19731 -0.233556 1.42166 0.0770849 1.09913 -0.042153 0.0070573 0.0070573 0.126078 -0.081098 -0.0116009 -0.0410086 -0.00896468 0.000572213 0.119211 -0.109134 0.00356096 
22 0 0.0596903 -0.244677 -1.39635 0.369701 -1.19999 -0.236624 1.42128 0.0793859 1.10182 -0.042153 0.0070573 0.0070573 0.126078 -0.0808409 -0.0120164 -0.0410086 -0.00896468 0.000572213 0.119211 -0.109134 0.00356096 
22 0 0.0596903 -0.247362 -1.39635 0.373536 -1.20229 -0.239692 1.42128 0.0813035 1.10488 -0.042153 0.0070573 0.0070573 0.126078 -0.0803269 -0.0128469 -0.0410086 -0.00896468 0.000572213 0.119211 -0.109134 0.00356096 
22 0 0.0596903 -0.250046 -1.39635 0.376987 -1.2046 -0.24276 1.42128 0.083221 1.10795 -0.042153 0.0070573 0.0070573 0.126078 -0.0800693 -0.0132622 -0.0410086 -0.00896468 0.000572213 0.119211 -0.109134 0.00356096 
22 0 0.0596903 -0.252731 -1.39635 0.380822 -1.20728 -0.245828 1.42089 0.084755 1.11102 -0.042153 0.0070573 0.0070573 0.126078 -0.0798119 -0.0136772 -0.0410086 -0.00896468 0.000572213 0.119211 -0.108929 0.00316123 
22 0 0.0596903 -0.255416 -1.39635 0.384657 -1.20996 -0.248512 1.42051 0.0866726 1.11409 -0.042153 0.0070573 0.0070573 0.126078 -0.0795544 -0.014092 -0.0410086 -0.00896468 0.000953689 0.119211 -0.108929 0.0031609 
22 0 0.0596903 -0.258867 -1.39635 0.388492 -1.21188 -0.251581 1.42051 0.0885901 1.11677 -0.042153 0.0070573 0.0070573 0.126078 -0.0790396 -0.0149209 -0.0410086 -0.00896468 0.000953689 0.119211 -0.108929 0.0031609 
22 0 0.0596903 -0.261935 -1.39635 0.391944 -1.21457 -0.255032 1.42051 0.0905076 1.11984 -0.042153 0.0070573 0.0070573 0.126078 -0.0785242 -0.0157495 -0.0410086 -0.00896468 0.000953689 0.119211 -0.108929 0.0031609 
22 0 0.0596903 -0.265003 -1.39635 0.395779 -1.21648 -0.2581 1.42051 0.0924252 1.12252 -0.042153 0.0070573 0.0070573 0.126078 -0.0780085 -0.0165774 -0.0410086 -0.00896468 0.000953689 0.119211 -0.108929 0.0031609 
22 0 0.0596903 -0.268071 -1.39635 0.399231 -1.21878 -0.261168 1.42051 0.0943427 1.12521 -0.042153 0.0070573 0.0070573 0.126078 -0.0777502 -0.0169914 -0.0410086 -0.00896468 0.000953689 0.119211 -0.108929 0.0031609 
22 0 0.0596903 -0.271139 -1.39673 0.402682 -1.22109 -0.264236 1.42051 0.0962602 1.12789 -0.042153 0.0070573 0.0070573 0.126078 -0.0772344 -0.0178182 -0.0410086 -0.00896468 0.000953689 0.119211 -0.108929 0.0031609 
22 0 0.0596903 -0.273824 -1.39673 0.406517 -1.22339 -0.267304 1.42051 0.0985613 1.13058 -0.042153 0.0070573 0.0070573 0.126078 -0.0767179 -0.0186447 -0.0410086 -0.00896468 0.000953689 0.119211 -0.108929 0.0031609 
22 0 0.0596903 -0.276125 -1.39712 0.410352 -1.22569 -0.270372 1.42051 0.100479 1.13326 -0.042153 0.0070573 0.0070573 0.126078 -0.0764593 -0.0190578 -0.0410086 -0.00896468 0.000953689 0.119211 -0.108929 0.0031609 
22 0 0.0596903 -0.27881 -1.39673 0.414571 -1.22799 -0.27344 1.42051 0.102396 1.13556 -0.042153 0.0070573 0.0070573 0.126078 -0.076001 -0.0190782 -0.0410086 -0.00896468 0.000953689 0.119211 -0.108929 0.0031609 
22 0 0.0596903 -0.281878 -1.39673 0.418406 -1.23029 -0.276508 1.42051 0.104314 1.13825 -0.042153 0.0070573 0.0070573 0.126078 -0.0760009 -0.0190784 -0.0410086 -0.00896468 0.000953689 0.119211 -0.108929 0.0031609 
22 0 0.0596903 -0.284946 -1.39673 0.422241 -1.23297 -0.280344 1.42051 0.106615 1.14093 -0.042153 0.0070573 0.0070573 0.126078 -0.0760009 -0.0190784 -0.0410086 -0.00896468 0.000953689 0.119211 -0.108929 0.0031609 
22 0 0.0596903 -0.288397 -1.39673 0.426076 -1.23528 -0.283412 1.42051 0.108916 1.14362 -0.042153 0.00743877 0.0070573 0.126078 -0.0758007 -0.0186865 -0.0410086 -0.00896468 0.000953689 0.119211 -0.108929 0.0031609 
22 0 0.0596903 -0.291465 -1.39673 0.429911 -1.23758 -0.28648 1.42051 0.110833 1.1463 -0.042153 0.00743877 0.0070573 0.126078 -0.0760591 -0.0182733 -0.0410086 -0.00896468 0.000953689 0.119211 -0.108929 0.0031609 
22 0 0.0596903 -0.29415 -1.39712 0.433746 -1.23988 -0.289548 1.42051 0.113135 1.14937 -0.042153 0.00743877 0.0070573 0.126078 -0.076059 -0.0182734 -0.0410086 -0.00896468 0.000953689 0.119211 -0.108929 0.0031609 
22 0 0.0596903 -0.297218 -1.39712 0.437581 -1.2418 -0.292616 1.42051 0.115052 1.15205 -0.042153 0.00743877 0.0070573 0.126078 -0.0763172 -0.0178603 -0.0410086 -0.00896468 0.000953689 0.119211 -0.108929 0.0031609 
22 0 0.0596903 -0.299902 -1.39712 0.441416 -1.24371 -0.2953 1.42051 0.11697 1.15474 -0.042153 0.0070573 0.0070573 0.126078 -0.0761167 -0.0174687 -0.0410086 -0.00896468 0.000953689 0.119211 -0.108673 0.00358752 
22 0 0.0596903 -0.302587 -1.3975 0.445635 -1.24601 -0.297985 1.42051 0.118887 1.15781 -0.042153 0.0070573 0.0070573 0.126078 -0.0761168 -0.0174684 -0.0410086 -0.00896468 0.000953689 0.119211 -0.108673 0.00358758 
22 0 0.0596903 -0.305272 -1.3975 0.44947 -1.24831 -0.301053 1.42051 0.120421 1.16049 -0.0425345 0.0070573 0.0070573 0.126078 -0.0761168 -0.0174684 -0.0410086 -0.00896468 0.000953689 0.119211 -0.108673 0.00358758 
22 0 0.0596903 -0.30834 -1.3975 0.453689 -1.25023 -0.304504 1.42051 0.122339 1.16318 -0.0425345 0.0070573 0.0070573 0.126078 -0.0761168 -0.0174684 -0.0410086 -0.00896468 0.000953689 0.119211 -0.108468 0.003188 
22 0 0.0596903 -0.311408 -1.3975 0.457907 -1.25253 -0.307956 1.42051 0.124256 1.16586 -0.0425345 0.0070573 0.0070573 0.126078 -0.0761168 -0.0174684 -0.0410086 -0.00896468 0.000953689 0.119211 -0.108468 0.00318767 
22 0 0.0596903 -0.314859 -1.3975 0.462126 -1.25445 -0.311408 1.42089 0.12579 1.16855 -0.0425345 0.0070573 0.0070573 0.126078 -0.0761168 -0.0174684 -0.0410086 -0.00896468 0.000953689 0.119211 -0.108468 0.00318767 
22 0 0.0596903 -0.317927 -1.3975 0.465961 -1.25675 -0.314476 1.42089 0.127708 1.17085 -0.0425345 0.0070573 0.0070573 0.126078 -0.0761168 -0.0174684 -0.0410086 -0.00896468 0.000953689 0.119211 -0.108468 0.00318767 
22 0 0.0596903 -0.320612 -1.3975 0.470179 -1.25829 -0.317544 1.42128 0.129242 1.17353 -0.0425345 0.0070573 0.0070573 0.126078 -0.0761168 -0.0174684 -0.0410086 -0.00896468 0.000953689 0.119211 -0.108468 0.00318767 
22 0 0.0596903 -0.323296 -1.3975 0.474398 -1.2602 -0.320612 1.42166 0.131159 1.17622 -0.0425345 0.00743877 0.0070573 0.126078 -0.0761168 -0.0174684 -0.0410086 -0.00896468 0.000953689 0.119211 -0.108468 0.00318767 
22 0 0.0596903 -0.325597 -1.3975 0.478233 -1.2625 -0.323296 1.42166 0.132693 1.17852 -0.0425345 0.00743877 0.0070573 0.126078 -0.0761168 -0.0174684 -0.0410086 -0.00896468 0.000953689 0.119211 -0.108468 0.00318767 
22 0 0.0596903 -0.328282 -1.3975 0.482068 -1.26404 -0.326364 1.42166 0.134611 1.18082 -0.0425345 0.0070573 0.0070573 0.126078 -0.0761168 -0.0174684 -0.0410086 -0.00896468 0.000953689 0.119211 -0.108468 0.00318767 
22 0 0.0596903 -0.33135 -1.3975 0.486287 -1.26596 -0.329432 1.42166 0.136145 1.18312 -0.0425345 0.0070573 0.0070573 0.126078 -0.0761168 -0.0174684 -0.0410086 -0.00896468 0.000953689 0.119211 -0.108468 0.00318767 
22 0 0.0596903 -0.334418 -1.3975 0.490505 -1.26826 -0.332884 1.42204 0.138062 1.18542 -0.0425345 0.0070573 0.0070573 0.126078 -0.0761168 -0.0174684 -0.0410086 -0.00896468 0.000953689 0.119211 -0.108468 0.00318767 
22 0 0.0596903 -0.337103 -1.3975 0.494724 -1.27017 -0.336336 1.42204 0.139597 1.1881 -0.0425345 0.0070573 0.0070573 0.126078 -0.0761168 -0.0174684 -0.0410086 -0.00896468 0.000953689 0.119211 -0.108468 0.00318767 
22 0 0.0596903 -0.340554 -1.3975 0.498942 -1.27209 -0.33902 1.42243 0.141131 1.19041 -0.0425345 0.0070573 0.0070573 0.126078 -0.0761168 -0.0174684 -0.0410086 -0.00896468 0.000953689 0.119211 -0.108263 0.00278827 
22 0 0.0596903 -0.343239 -1.3975 0.503161 -1.27401 -0.342472 1.42281 0.143048 1.19271 -0.0425345 0.0070573 0.0070573 0.126078 -0.0761168 -0.0174684 -0.0410086 -0.00896468 0.000953689 0.119211 -0.108263 0.00278794 
22 0 0.0596903 -0.345923 -1.3975 0.507763 -1.27593 -0.345156 1.42281 0.144582 1.19539 -0.0425345 0.0070573 0.0070573 0.126078 -0.0761168 -0.0174684 -0.0410086 -0.00896468 0.000953689 0.119211 -0.108263 0.00278794 
22 0 0.0596903 -0.348224 -1.3975 0.511982 -1.27785 -0.347841 1.42319 0.1465 1.19808 -0.0425345 0.0070573 0.0070573 0.126078 -0.0761168 -0.0174684 -0.0410086 -0.00896468 0.000953689 0.119211 -0.108468 0.003188 
22 0 0.0596903 -0.350909 -1.3975 0.5162 -1.28015 -0.350909 1.42358 0.148417 1.20038 -0.042153 0.0070573 0.0070573 0.126078 -0.0761168 -0.0174684 -0.0410086 -0.00896468 0.000953689 0.119211 -0.108263 0.00278827 
22 0 0.0596903 -0.35321 -1.3975 0.520419 -1.28206 -0.353593 1.42358 0.150335 1.20306 -0.042153 0.0070573 0.0070573 0.126078 -0.0761168 -0.0174684 -0.0410086 -0.00896468 0.000953689 0.119211 -0.108468 0.003188 
22 0 0.0596903 -0.355894 -1.39712 0.524637 -1.28398 -0.357045 1.42358 0.152636 1.20536 -0.042153 0.0070573 0.0070573 0.126078 -0.0761168 -0.0174684 -0.0410086 -0.00896468 0.000953689 0.119211 -0.108263 0.00278827 
22 0 0.0596903 -0.358962 -1.3975 0.528856 -1.2859 -0.360113 1.42396 0.154553 1.20766 -0.042153 0.0070573 0.0070573 0.126078 -0.0761168 -0.0174684 -0.0410086 -0.00896468 0.000953689 0.119211 -0.108263 0.00278794 
22 0 0.0596903 -0.361647 -1.3975 0.533075 -1.28782 -0.363181 1.42396 0.156471 1.21035 -0.042153 0.0070573 0.0070573 0.126078 -0.0761168 -0.0174684 -0.0410086 -0.00896468 0.000953689 0.119211 -0.108263 0.00278794 
22 0 0.0596903 -0.364332 -1.3975 0.537293 -1.29012 -0.366633 1.42434 0.158388 1.21227 -0.042153 0.0070573 0.0070573 0.126078 -0.0761168 -0.0174684 -0.0410086 -0.00896468 0.000953689 0.119211 -0.108263 0.00278794 
22 0 0.0596903 -0.3674 -1.3975 0.541512 -1.29165 -0.369317 1.42434 0.160689 1.21457 -0.042153 0.0070573 0.0070573 0.126078 -0.0761168 -0.0174684 -0.0410086 -0.00896468 0.000953689 0.119211 -0.108263 0.00278794 
22 0 0.0596903 -0.370084 -1.3975 0.546497 -1.29357 -0.372385 1.42473 0.162223 1.21687 -0.0417716 0.0070573 0.0070573 0.126078 -0.0761168 -0.0174684 -0.0410086 -0.00896468 0.000953689 0.119211 -0.108468 0.003188 
22 0 0.0596903 -0.372769 -1.3975 0.550716 -1.2951 -0.37507 1.42473 0.164141 1.21917 -0.0417716 0.0070573 0.0070573 0.126078 -0.0761168 -0.0174684 -0.0410086 -0.00896468 0.000953689 0.119211 -0.108468 0.00318767 
22 0 0.0596903 -0.375453 -1.3975 0.554935 -1.29702 -0.377754 1.42473 0.165675 1.22147 -0.0417716 0.0070573 0.0070573 0.126078 -0.0761168 -0.0174684 -0.0410086 -0.00896468 0.000953689 0.119211 -0.108263 0.00278827 
22 0 0.0596903 -0.378138 -1.3975 0.559537 -1.29855 -0.380822 1.42511 0.167593 1.22377 -0.0417716 0.0070573 0.0070573 0.126078 -0.0761168 -0.0174684 -0.0410086 -0.00896468 0.000953689 0.119211 -0.108263 0.00278794 
22 0 0.0596903 -0.380822 -1.3975 0.563755 -1.30009 -0.384274 1.42511 0.169127 1.22607 -0.0417716 0.0070573 0.0070573 0.126078 -0.0761168 -0.0174684 -0.0410086 -0.00896468 0.000953689 0.119211 -0.108468 0.003188 
22 0 0.0596903 -0.38389 -1.39788 0.568357 -1.30201 -0.387342 1.4255 0.170661 1.22837 -0.0417716 0.0070573 0.0070573 0.126078 -0.0761168 -0.0174684 -0.0410086 -0.00896468 0.000953689 0.119211 -0.108263 0.00278827 
22 0 0.0596903 -0.386575 -1.39788 0.572576 -1.30354 -0.39041 1.4255 0.171811 1.23067 -0.0417716 0.0070573 0.00743877 0.126078 -0.0761168 -0.0174684 -0.0410086 -0.00896468 0.000953689 0.119211 -0.108263 0.00278794 
22 0 0.0596903 -0.38926 -1.39788 0.577178 -1.30546 -0.393478 1.4255 0.173345 1.23297 -0.0417716 0.0070573 0.00743877 0.126078 -0.076317 -0.0178607 -0.0410086 -0.00896468 0.000953689 0.119211 -0.108468 0.003188 
22 0 0.0596903 -0.391944 -1.39788 0.581396 -1.30699 -0.396163 1.4255 0.174879 1.23528 -0.0417716 0.0070573 0.00743877 0.126078 -0.0763171 -0.0178604 -0.0410086 -0.00896468 0.000953689 0.119211 -0.108263 0.00278827 
22 0 0.0596903 -0.394629 -1.39788 0.585999 -1.30891 -0.399231 1.42588 0.176413 1.23796 -0.0417716 0.0070573 0.00743877 0.126078 -0.0763171 -0.0178604 -0.0410086 -0.00896468 0.000953689 0.119211 -0.108468 0.003188 
22 0 0.0596903 -0.397313 -1.39788 0.590601 -1.31044 -0.402299 1.42588 0.177947 1.24026 -0.0417716 0.0070573 0.0070573 0.126078 -0.0763171 -0.0178604 -0.0410086 -0.00896468 0.000953689 0.119211 -0.108263 0.00278827 
22 0 0.0596903 -0.400381 -1.39788 0.595203 -1.31236 -0.40575 1.42588 0.179481 1.24295 -0.0417716 0.0070573 0.00743877 0.126078 -0.0763171 -0.0178604 -0.0410086 -0.00896468 0.000953689 0.119211 -0.108468 0.003188 
22 0 0.0596903 -0.403449 -1.39788 0.599805 -1.31389 -0.409202 1.42588 0.181015 1.24525 -0.0417716 0.0070573 0.00743877 0.126078 -0.0763171 -0.0178604 -0.0410086 -0.00896468 0.000953689 0.119211 -0.108468 0.00318767 
22 0 0.0596903 -0.406134 -1.39788 0.604407 -1.31581 -0.41227 1.42588 0.182933 1.24793 -0.0417716 0.0070573 0.0070573 0.126078 -0.0763171 -0.0178604 -0.0410086 -0.00934615 0.000953689 0.119211 -0.108468 0.00318767 
22 0 0.0596903 -0.408818 -1.39827 0.609009 -1.31735 -0.415338 1.42626 0.18485 1.25062 -0.0417716 0.0070573 0.0070573 0.126078 -0.0763171 -0.0178604 -0.0410086 -0.00934615 0.000953689 0.119211 -0.108468 0.00318767 
22 0 0.0596903 -0.411503 -1.39788 0.613228 -1.31926 -0.41879 1.42626 0.186384 1.25292 -0.0417716 0.0070573 0.00743877 0.126078 -0.0763171 -0.0178604 -0.0410086 -0.00934615 0.000953689 0.119211 -0.108468 0.00318767 
22 0 0.0596903 -0.414187 -1.39827 0.61783 -1.3208 -0.421858 1.42626 0.188302 1.25522 -0.042153 0.0070573 0.0070573 0.126078 -0.0765753 -0.0174472 -0.0410086 -0.00934615 0.000953689 0.119211 -0.108468 0.00318767 
22 0 0.0596903 -0.417256 -1.39827 0.622432 -1.32272 -0.424926 1.42626 0.190219 1.25752 -0.042153 0.0070573 0.00743877 0.126078 -0.0765752 -0.0174473 -0.0410086 -0.00934615 0.000953689 0.119211 -0.108468 0.00318767 
22 0 0.0596903 -0.420324 -1.39827 0.627417 -1.32463 -0.427994 1.42626 0.191753 1.25944 -0.042153 0.0070573 0.00743877 0.126078 -0.0765752 -0.0174473 -0.0410086 -0.00934615 0.000953689 0.119211 -0.108468 0.00318767 
22 0 0.0596903 -0.423392 -1.39827 0.632019 -1.32655 -0.431062 1.42665 0.193671 1.26174 -0.042153 0.0070573 0.00743877 0.126078 -0.0765752 -0.0174473 -0.0410086 -0.00934615 0.000953689 0.119211 -0.108468 0.00318767 
22 0 0.0596903 -0.42646 -1.39827 0.636621 -1.32847 -0.434513 1.42665 0.195589 1.26404 -0.042153 0.0070573 0.00743877 0.126078 -0.0765752 -0.0174473 -0.0410086 -0.00934615 0.000953689 0.119211 -0.108468 0.00318767 
22 0 0.0596903 -0.429144 -1.39827 0.641607 -1.33039 -0.437581 1.42665 0.197506 1.26634 -0.042153 0.0070573 0.00743877 0.125696 -0.0765752 -0.0174473 -0.0410086 -0.00934615 0.000953689 0.119211 -0.108468 0.00318767 
22 0 0.0596903 -0.431829 -1.39865 0.645826 -1.3323 -0.440649 1.42703 0.199424 1.26826 -0.042153 0.0070573 0.00743877 0.125696 -0.0765752 -0.0174473 -0.0410086 -0.00934615 0.000953689 0.119211 -0.108468 0.00318767 
22 0 0.0596903 -0.43413 -1.39865 0.650428 -1.33422 -0.444101 1.42665 0.201341 1.27056 -0.042153 0.0070573 0.00743877 0.125696 -0.0765752 -0.0174473 -0.0410086 -0.00934615 0.000953689 0.119211 -0.108468 0.00318767 
22 0 0.0596903 -0.436814 -1.39827 0.655413 -1.33614 -0.447553 1.42703 0.203259 1.27286 -0.042153 0.0070573 0.00743877 0.125696 -0.0765752 -0.0174473 -0.0410086 -0.00934615 0.000953689 0.119211 -0.108468 0.00318767 
22 0 0.0596903 -0.439499 -1.39865 0.660015 -1.33806 -0.451004 1.42665 0.205176 1.27554 -0.042153 0.0070573 0.00743877 0.125696 -0.0765752 -0.0174473 -0.0410086 -0.00934615 0.000953689 0.119211 -0.108468 0.00318767 
22 0 0.0596903 -0.442567 -1.39865 0.664617 -1.34036 -0.454456 1.42665 0.207094 1.27785 -0.042153 0.0070573 0.00743877 0.125696 -0.0765752 -0.0174473 -0.0410086 -0.00934615 0.000953689 0.119211 -0.108468 0.00318767 
22 0 0.0596903 -0.446019 -1.39827 0.668836 -1.34227 -0.457907 1.42665 0.209011 1.28053 -0.042153 0.0070573 0.00743877 0.125696 -0.0765752 -0.0174473 -0.0410086 -0.00934615 0.000953689 0.119211 -0.108468 0.00318767 
22 0 0.0596903 -0.449087 -1.39827 0.673438 -1.34419 -0.460975 1.42665 0.210545 1.28283 -0.042153 0.0070573 0.0070573 0.125696 -0.0765752 -0.0174473 -0.0410086 -0.00934615 0.000953689 0.119211 -0.108468 0.00318767 
22 0 0.0596903 -0.452155 -1.39827 0.678424 -1.34611 -0.464043 1.42626 0.212079 1.28513 -0.042153 0.0070573 0.00743877 0.125696 -0.0765752 -0.0174473 -0.0410086 -0.00934615 0.000953689 0.119211 -0.108468 0.00318767 
22 0 0.0596903 -0.454839 -1.39865 0.683409 -1.34803 -0.467495 1.42626 0.213613 1.2882 -0.042153 0.00667582 0.00743877 0.125696 -0.0765752 -0.0174473 -0.0410086 -0.00934615 0.000953689 0.119211 -0.108468 0.00318767 
22 0 0.0596903 -0.457524 -1.39865 0.688011 -1.34956 -0.470946 1.42626 0.214764 1.2905 -0.042153 0.00667582 0.00743877 0.125696 -0.0765752 -0.0174473 -0.0410086 -0.00934615 0.000953689 0.119211 -0.108468 0.00318767 
22 0 0.0596903 -0.460592 -1.39865 0.692613 -1.35109 -0.474015 1.42626 0.216298 1.2928 -0.042153 0.00667582 0.00743877 0.125696 -0.0765752 -0.0174473 -0.0410086 -0.00934615 0.000953689 0.119211 -0.108468 0.00318767 
22 0 0.0596903 -0.46366 -1.39865 0.697216 -1.35301 -0.477466 1.42626 0.217448 1.29549 -0.042153 0.00667582 0.00743877 0.125696 -0.0765752 -0.0174473 -0.0410086 -0.00934615 0.000953689 0.119211 -0.108468 0.00318767 
22 0 0.0596903 -0.466728 -1.39865 0.701818 -1.35493 -0.480534 1.42626 0.218599 1.29779 -0.042153 0.00667582 0.00743877 0.125696 -0.0765752 -0.0174473 -0.0410086 -0.00934615 0.000953689 0.119211 -0.108468 0.00318767 
22 0 0.0596903 -0.470179 -1.39865 0.70642 -1.35646 -0.483602 1.42665 0.220133 1.30047 -0.042153 0.00667582 0.00743877 0.125696 -0.0765752 -0.0174473 -0.0410086 -0.00934615 0.000953689 0.119211 -0.108468 0.00318767 
22 0 0.0596903 -0.473631 -1.39865 0.711022 -1.35877 -0.48667 1.42665 0.2209 1.30277 -0.042153 0.00667582 0.00743877 0.125696 -0.0765752 -0.0174473 -0.0410086 -0.00934615 0.000953689 0.119211 -0.108468 0.00318767 
22 0 0.0596903 -0.476699 -1.39903 0.71524 -1.36068 -0.490122 1.42665 0.222434 1.30507 -0.042153 0.00667582 0.00743877 0.125696 -0.0765752 -0.0174473 -0.0410086 -0.00934615 0.000953689 0.119211 -0.108468 0.00318767 
22 0 0.0596903 -0.479384 -1.39903 0.719842 -1.36222 -0.493573 1.42665 0.223585 1.30738 -0.042153 0.00667582 0.00743877 0.125696 -0.0765752 -0.0174473 -0.0410086 -0.00934615 0.000953689 0.119211 -0.108468 0.00318767 
22 0 0.0596903 -0.482068 -1.39903 0.724828 -1.36452 -0.497408 1.42703 0.224735 1.31006 -0.042153 0.00667582 0.00743877 0.125696 -0.0765752 -0.0174473 -0.0410086 -0.00934615 0.000953689 0.119211 -0.108468 0.00318767 
22 0 0.0596903 -0.484753 -1.39942 0.729814 -1.36644 -0.50086 1.42741 0.226269 1.31236 -0.042153 0.00667582 0.00743877 0.125696 -0.0765752 -0.0174473 -0.0410086 -0.00934615 0.000953689 0.119211 -0.108468 0.00318767 
22 0 0.0596903 -0.487821 -1.39903 0.734416 -1.36835 -0.503928 1.42741 0.227803 1.31428 -0.042153 0.00667582 0.00743877 0.125696 -0.0765752 -0.0174473 -0.0410086 -0.00934615 0.000953689 0.119211 -0.108468 0.00318767 
22 0 0.0596903 -0.490889 -1.39903 0.739018 -1.37065 -0.506996 1.4278 0.229337 1.31658 -0.042153 0.00667582 0.00743877 0.125696 -0.0765752 -0.0174473 -0.0410086 -0.00934615 0.000953689 0.119211 -0.108468 0.00318767 
22 0 0.0596903 -0.49434 -1.39903 0.74362 -1.37295 -0.510064 1.4278 0.230871 1.31888 -0.042153 0.00667582 0.00743877 0.125696 -0.0765752 -0.0174473 -0.0410086 -0.00934615 0.000953689 0.119211 -0.108468 0.00318767 
22 0 0.0596903 -0.497792 -1.39903 0.747838 -1.37487 -0.513516 1.4278 0.232405 1.32156 -0.042153 0.00667582 0.00743877 0.125696 -0.0765752 -0.0174473 -0.0410086 -0.00934615 0.000953689 0.119211 -0.108468 0.00318767 
22 0 0.0596903 -0.50086 -1.39903 0.752441 -1.37717 -0.517351 1.4278 0.233939 1.32425 -0.042153 0.00667582 0.00743877 0.125696 -0.0765752 -0.0174473 -0.0410086 -0.00934615 0.000953689 0.119211 -0.108468 0.00318767 
22 0 0.0596903 -0.503928 -1.39903 0.756659 -1.37909 -0.520419 1.4278 0.235473 1.32655 -0.042153 0.00667582 0.00743877 0.125696 -0.0765752 -0.0174473 -0.0410086 -0.00934615 0.000953689 0.119211 -0.108468 0.00318767 
22 0 0.0596903 -0.506996 -1.39903 0.761645 -1.38139 -0.52387 1.4278 0.237007 1.32923 -0.042153 0.00667582 0.00743877 0.125696 -0.0765752 -0.0174473 -0.0410086 -0.00934615 0.000953689 0.119211 -0.108468 0.00318767 
22 0 0.0596903 -0.509681 -1.39903 0.766247 -1.38369 -0.526938 1.4278 0.238541 1.33192 -0.042153 0.00667582 0.00743877 0.125696 -0.0765752 -0.0174473 -0.0410086 -0.00972763 0.000953689 0.119211 -0.108468 0.00318767 
22 0 0.0596903 -0.513132 -1.39903 0.771232 -1.38561 -0.530007 1.42741 0.240075 1.33422 -0.042153 0.00667582 0.00743877 0.125696 -0.0765752 -0.0174473 -0.0410086 -0.00972763 0.000953689 0.119211 -0.108468 0.00318767 
22 0 0.0596903 -0.5162 -1.39942 0.775834 -1.38753 -0.533075 1.42741 0.241226 1.33691 -0.042153 0.00667582 0.00743877 0.125696 -0.0765752 -0.0174473 -0.0410086 -0.00972763 0.000953689 0.119211 -0.108468 0.00318767 
22 0 0.0596903 -0.519652 -1.39942 0.780437 -1.38945 -0.536526 1.42741 0.24276 1.33997 -0.042153 0.00667582 0.00743877 0.125696 -0.0765752 -0.0174473 -0.0410086 -0.00972763 0.000953689 0.119211 -0.108468 0.00318767 
22 0 0.0596903 -0.52272 -1.39942 0.785039 -1.39136 -0.539978 1.42703 0.244294 1.34266 -0.042153 0.00667582 0.00743877 0.125696 -0.0765752 -0.0174473 -0.0410086 -0.00972763 0.000953689 0.119211 -0.108468 0.00318767 
22 0 0.0596903 -0.526171 -1.39942 0.789641 -1.39366 -0.543429 1.42741 0.245828 1.34496 -0.042153 0.00667582 0.00743877 0.125696 -0.0765752 -0.0174473 -0.0410086 -0.00972763 0.000953689 0.119211 -0.108468 0.00318767 
22 0 0.0596903 -0.52924 -1.3998 0.794243 -1.3952 -0.546881 1.42703 0.246978 1.34764 -0.042153 0.00667582 0.00743877 0.125696 -0.0765752 -0.0174473 -0.0410086 -0.00972763 0.000953689 0.119211 -0.108468 0.00318767 
22 0 0.0596903 -0.532308 -1.3998 0.798845 -1.39712 -0.549565 1.42703 0.248512 1.35033 -0.042153 0.00667582 0.00743877 0.125696 -0.0765752 -0.0174473 -0.0410086 -0.00972763 0.000953689 0.119211 -0.108468 0.00318767 
22 0 0.0596903 -0.535376 -1.3998 0.803447 -1.39942 -0.552633 1.42703 0.249663 1.35263 -0.042153 0.00667582 0.00743877 0.125696 -0.0765752 -0.0174473 -0.0410086 -0.00972763 0.000953689 0.119211 -0.108468 0.00318767 
22 0 0.0596903 -0.538827 -1.3998 0.808049 -1.40172 -0.556085 1.42703 0.251197 1.35531 -0.042153 0.00667582 0.00743877 0.125696 -0.0765752 -0.0174473 -0.0410086 -0.00972763 0.000953689 0.119211 -0.108468 0.00318767 
22 0 0.0596903 -0.541895 -1.3998 0.812651 -1.40364 -0.559153 1.42703 0.252731 1.35761 -0.042153 0.00667582 0.00743877 0.125696 -0.0765752 -0.0174473 -0.0410086 -0.00972763 0.000953689 0.119211 -0.108263 0.00278827 
22 0 0.0596903 -0.545347 -1.3998 0.817253 -1.40555 -0.562988 1.42703 0.253882 1.3603 -0.042153 0.00667582 0.00743877 0.125696 -0.0765752 -0.0174473 -0.0410086 -0.00972763 0.000953689 0.119211 -0.108263 0.00278794 
22 0 0.0596903 -0.548415 -1.3998 0.821855 -1.40785 -0.56644 1.42703 0.255032 1.3626 -0.042153 0.00667582 0.00743877 0.125696 -0.0765752 -0.0174473 -0.0410086 -0.00972763 0.000953689 0.119211 -0.108263 0.00278794 
22 0 0.0596903 -0.551866 -1.40018 0.826457 -1.41015 -0.569891 1.42741 0.256183 1.36528 -0.042153 0.00667582 0.00743877 0.125696 -0.0765752 -0.0174473 -0.0410086 -0.00972763 0.000953689 0.119211 -0.108263 0.00278794 
22 0 0.0596903 -0.555318 -1.40018 0.831059 -1.41246 -0.572959 1.42741 0.25695 1.36759 -0.042153 0.00667582 0.00743877 0.125696 -0.0765752 -0.0174473 -0.0410086 -0.00972763 0.000953689 0.119211 -0.108263 0.00278794 
22 0 0.0596903 -0.55877 -1.40018 0.835662 -1.41437 -0.576411 1.42741 0.2581 1.37027 -0.042153 0.00667582 0.00743877 0.125696 -0.0765752 -0.0174473 -0.0410086 -0.00972763 0.000953689 0.119211 -0.108468 0.003188 
22 0 0.0596903 -0.561838 -1.40018 0.840264 -1.41667 -0.579479 1.42741 0.258867 1.37295 -0.042153 0.00667582 0.00743877 0.125696 -0.0765752 -0.0174473 -0.0410086 -0.00972763 0.000953689 0.119211 -0.108468 0.00318767 
22 0 0.0596903 -0.564906 -1.40057 0.844866 -1.41898 -0.582931 1.42741 0.259634 1.37564 -0.042153 0.00667582 0.00743877 0.125696 -0.0765752 -0.0174473 -0.0410086 -0.00972763 0.000953689 0.119211 -0.108468 0.00318767 
22 0 0.0596903 -0.567974 -1.40057 0.849468 -1.42089 -0.586382 1.42741 0.260785 1.37871 -0.042153 0.00667582 0.00743877 0.125696 -0.0765752 -0.0174473 -0.0410086 -0.00972763 0.000953689 0.119211 -0.108468 0.00318767 
22 0 0.0596903 -0.570658 -1.40095 0.85407 -1.42319 -0.589834 1.42741 0.261552 1.38101 -0.042153 0.00667582 0.00743877 0.125696 -0.0765752 -0.0174473 -0.0410086 -0.00972763 0.000953689 0.119211 -0.108263 0.00278827 
22 0 0.0596903 -0.57411 -1.40095 0.859055 -1.4255 -0.592902 1.42741 0.262319 1.38369 -0.042153 0.00667582 0.00743877 0.125696 -0.0765752 -0.0174473 -0.0410086 -0.00972763 0.000953689 0.119211 -0.108263 0.00278794 
22 0 0.0596903 -0.577561 -1.40095 0.863658 -1.42741 -0.596353 1.42741 0.263086 1.38638 -0.042153 0.00667582 0.00743877 0.125696 -0.0765752 -0.0174473 -0.0410086 -0.00972763 0.000953689 0.119211 -0.108468 0.003188 
22 0 0.0596903 -0.581396 -1.40133 0.86826 -1.42971 -0.599421 1.4278 0.263853 1.38906 -0.042153 0.00667582 0.00743877 0.125696 -0.0765752 -0.0174473 -0.0410086 -0.00972763 0.000953689 0.119211 -0.108468 0.00318767 
22 0 0.0596903 -0.584464 -1.40133 0.872862 -1.43163 -0.602489 1.4278 0.26462 1.39136 -0.042153 0.00667582 0.00743877 0.125696 -0.0765752 -0.0174473 -0.0410086 -0.00972763 0.000953689 0.119211 -0.108263 0.00278827 
22 0 0.0596903 -0.587916 -1.40133 0.87708 -1.43393 -0.605941 1.4278 0.265003 1.39405 -0.042153 0.00667582 0.00743877 0.125696 -0.0765752 -0.0174473 -0.0410086 -0.00972763 0.000953689 0.119211 -0.108468 0.003188 
22 0 0.0596903 -0.590601 -1.40172 0.881682 -1.43585 -0.609392 1.4278 0.26577 1.39635 -0.0425345 0.0070573 0.00743877 0.126078 -0.0765752 -0.0174473 -0.0410086 -0.00972763 0.000953689 0.119593 -0.108468 0.00318767 
22 0 0.0596903 -0.594052 -1.4021 0.886284 -1.43777 -0.612844 1.4278 0.266154 1.39865 -0.0440604 0.0070573 0.00743877 0.126459 -0.0765172 -0.0182533 -0.0417716 -0.00972763 0.000953689 0.119974 -0.108416 0.00401489 
22 0 0.0596903 -0.597504 -1.40248 0.890887 -1.44007 -0.615912 1.42818 0.266921 1.40133 -0.0455863 0.00782025 0.00743877 0.127222 -0.0766006 -0.0202559 -0.0432975 -0.00972763 0.000953689 0.121118 -0.109029 0.0052149 
22 0 0.0596903 -0.601339 -1.40248 0.895105 -1.44237 -0.619364 1.42818 0.267688 1.40402 -0.0478752 0.00896468 0.00743877 0.128748 -0.0766818 -0.0222603 -0.0455863 -0.0101091 0.000953689 0.122644 -0.109384 0.00684371 
22 0 0.0596903 -0.605174 -1.40287 0.899707 -1.44467 -0.622815 1.42818 0.268071 1.4067 -0.050927 0.0101091 0.00743877 0.130655 -0.0766393 -0.025878 -0.0482567 -0.0104906 0.000953689 0.12417 -0.110349 0.00967966 
22 0 0.0596903 -0.609009 -1.40287 0.904309 -1.44697 -0.627034 1.42818 0.268455 1.40939 -0.0555047 0.012398 0.00743877 0.132944 -0.0772465 -0.0298768 -0.0513085 -0.0112535 0.000953689 0.126459 -0.11105 0.0129481 
22 0 0.0596903 -0.612844 -1.40287 0.908528 -1.44966 -0.631252 1.42818 0.269222 1.41207 -0.0608453 0.0146868 0.0070573 0.135615 -0.0775839 -0.034294 -0.0555047 -0.011635 0.000953689 0.130274 -0.112208 0.016201 
22 0 0.0596903 -0.616679 -1.40287 0.912746 -1.45234 -0.635087 1.42818 0.269605 1.41514 -0.0665675 0.0173571 0.0070573 0.139811 -0.0784991 -0.0399118 -0.0597009 -0.0120165 0.000953689 0.133326 -0.113302 0.0202944 
22 0 0.0590619 -0.620514 -1.40325 0.916965 -1.45503 -0.639306 1.4278 0.270372 1.41821 -0.073434 0.019646 0.0070573 0.143244 -0.079134 -0.0459549 -0.0650416 -0.012398 0.000953689 0.138285 -0.115049 0.0247883 
22 0 0.0590619 -0.624733 -1.40287 0.9208 -1.45771 -0.643525 1.4278 0.271139 1.42128 -0.0803006 0.0219348 0.0070573 0.148203 -0.080474 -0.0515953 -0.0707637 -0.0127794 0.000953689 0.142863 -0.11705 0.0288744 
22 0 0.0578053 -0.630102 -1.40325 0.924635 -1.46039 -0.648127 1.4278 0.271906 1.42473 -0.0867857 0.0234607 0.00743877 0.153544 -0.0821819 -0.0580638 -0.0772488 -0.0127794 0.000953689 0.149348 -0.118977 0.033816 
22 0 0.057177 -0.635471 -1.40287 0.928854 -1.4627 -0.652729 1.4278 0.271906 1.42818 -0.0947967 0.0242237 0.00782025 0.160029 -0.0840588 -0.0649673 -0.0844968 -0.0127794 0.000572213 0.155451 -0.121355 0.0387673 
22 0 0.0559203 -0.641607 -1.40287 0.933456 -1.46538 -0.657331 1.42818 0.27229 1.43125 -0.103189 0.0249866 0.0085832 0.167277 -0.0859107 -0.0719042 -0.0925078 -0.0127794 0.000190738 0.161555 -0.12379 0.0429029 
22 0 0.0546637 -0.64736 -1.40325 0.937674 -1.46768 -0.661933 1.42818 0.27229 1.43432 -0.111963 0.0253681 0.00972763 0.174907 -0.08828 -0.078058 -0.100137 -0.0127794 -0.000572213 0.168803 -0.126414 0.0474783 
22 0 0.0540354 -0.653112 -1.40325 0.941893 -1.47037 -0.666151 1.42856 0.27229 1.43738 -0.1215 0.0261311 0.0108721 0.183299 -0.0911889 -0.0854895 -0.108148 -0.0127794 -0.00171664 0.176432 -0.129296 0.0516531 
22 0 0.0521504 -0.658865 -1.40325 0.945728 -1.47267 -0.671137 1.42856 0.272673 1.44045 -0.131418 0.0265126 0.012398 0.192454 -0.0938839 -0.092555 -0.116541 -0.0131609 -0.00286107 0.184062 -0.132246 0.055004 
22 -0.000628319 0.0515221 -0.664617 -1.40364 0.949947 -1.47497 -0.676506 1.42818 0.27344 1.4439 -0.1421 0.0272755 0.0143053 0.201991 -0.0970118 -0.0996787 -0.124933 -0.0135424 -0.00476844 0.191691 -0.135191 0.0583756 
22 -0.000628319 0.0515221 -0.67037 -1.40402 0.953398 -1.47765 -0.681875 1.4278 0.274207 1.44736 -0.153544 0.027657 0.0165942 0.212673 -0.100391 -0.106446 -0.133326 -0.0139239 -0.00667582 0.199321 -0.138132 0.0617682 
22 0 0.0521504 -0.675739 -1.40479 0.957233 -1.48034 -0.687244 1.4278 0.274974 1.45042 -0.164225 0.0280385 0.0185016 0.222972 -0.103745 -0.113266 -0.1421 -0.0146868 -0.0085832 0.20695 -0.141147 0.0643242 
22 0 0.0527788 -0.681875 -1.40517 0.960685 -1.4834 -0.692997 1.4278 0.275358 1.45426 -0.174907 0.0284199 0.0207904 0.234417 -0.107075 -0.12014 -0.150874 -0.0158312 -0.0108721 0.214961 -0.144162 0.0668962 
22 0 0.0540354 -0.688011 -1.40555 0.964136 -1.48609 -0.69875 1.4278 0.275741 1.45809 -0.186732 0.0288014 0.0234607 0.247005 -0.110661 -0.126657 -0.159648 -0.0169757 -0.0131609 0.222972 -0.147174 0.0694843 
22 0 0.0540354 -0.694531 -1.40517 0.967971 -1.48916 -0.704886 1.42741 0.275741 1.46154 -0.198558 0.0295644 0.0261311 0.259594 -0.11451 -0.132819 -0.168421 -0.0185016 -0.0158312 0.230983 -0.149802 0.0712213 
22 0 0.0540354 -0.700667 -1.40479 0.971423 -1.49223 -0.710638 1.42741 0.276125 1.46538 -0.210765 0.0303273 0.0288014 0.27409 -0.117877 -0.139004 -0.176814 -0.019646 -0.0181201 0.238231 -0.15317 0.0725378 
22 0 0.0546637 -0.707187 -1.4044 0.974875 -1.49529 -0.716774 1.42741 0.276508 1.46921 -0.223354 0.0310903 0.0314717 0.288968 -0.121626 -0.143974 -0.185588 -0.0215534 -0.0200275 0.244335 -0.156434 0.0725561 
22 0 0.0546637 -0.71409 -1.4044 0.978326 -1.49798 -0.722527 1.42703 0.276892 1.47343 -0.235943 0.0318532 0.0345235 0.304227 -0.125362 -0.148985 -0.194362 -0.0234607 -0.0219348 0.250439 -0.159891 0.0730134 
22 0 0.0540354 -0.720993 -1.40479 0.982545 -1.50028 -0.72828 1.42703 0.277659 1.47804 -0.24815 0.0326162 0.0375753 0.321012 -0.129375 -0.153626 -0.203517 -0.0253681 -0.0238422 0.256542 -0.163244 0.072159 
22 -0.000628319 0.0540354 -0.72828 -1.40517 0.986763 -1.5022 -0.734032 1.42626 0.278042 1.48225 -0.261501 0.0333791 0.0406271 0.338178 -0.133085 -0.158719 -0.212291 -0.0272755 -0.0249866 0.260357 -0.166875 0.0708625 
22 -0.000628319 0.0540354 -0.735566 -1.40594 0.990598 -1.50488 -0.739785 1.4255 0.278426 1.48609 -0.273709 0.0341421 0.0432975 0.356107 -0.137074 -0.163441 -0.221065 -0.0291829 -0.0265126 0.265698 -0.170592 0.0686777 
22 -0.000628319 0.0540354 -0.742853 -1.40632 0.994817 -1.50795 -0.745537 1.42434 0.278426 1.48954 -0.28706 0.0345235 0.0463493 0.3748 -0.140885 -0.167748 -0.229076 -0.0307088 -0.027657 0.268368 -0.174198 0.0651545 
22 0 0.0546637 -0.749756 -1.40709 0.998652 -1.51025 -0.75129 1.42358 0.279193 1.49299 -0.300412 0.0352865 0.0490196 0.393874 -0.144982 -0.171675 -0.237469 -0.0322347 -0.0288014 0.271801 -0.177605 0.0611698 
22 0 0.0565487 -0.756659 -1.40747 1.0021 -1.51293 -0.757426 1.42281 0.279577 1.49644 -0.314908 0.0364309 0.0516899 0.413329 -0.148906 -0.175174 -0.245098 -0.0333791 -0.0295644 0.274853 -0.180538 0.057168 
22 0 0.0578053 -0.762795 -1.40824 1.00556 -1.51524 -0.763179 1.42128 0.280727 1.4999 -0.327878 0.0379568 0.0539788 0.433928 -0.152498 -0.177772 -0.251583 -0.0345235 -0.0303273 0.277142 -0.183541 0.0522598 
22 -0.000628319 0.0596903 -0.768931 -1.40862 1.00901 -1.51754 -0.768548 1.42013 0.281878 1.50373 -0.342374 0.0398642 0.0562676 0.454528 -0.156385 -0.179972 -0.257305 -0.034905 -0.0310903 0.279431 -0.18579 0.0477867 
22 -0.000628319 0.0609469 -0.774684 -1.40939 1.01284 -1.52022 -0.773917 1.41898 0.282261 1.50718 -0.355726 0.0425345 0.0577935 0.475128 -0.160109 -0.181721 -0.263027 -0.034905 -0.0322347 0.282483 -0.187361 0.0428675 
22 0 0.0622035 -0.780053 -1.40939 1.01668 -1.52329 -0.779286 1.41821 0.282645 1.51063 -0.369459 0.0452049 0.058938 0.496872 -0.16427 -0.182171 -0.267224 -0.0345235 -0.0333791 0.284772 -0.18798 0.0379614 
22 0 0.0640885 -0.785039 -1.409 1.02051 -1.52597 -0.784272 1.41782 0.283412 1.51293 -0.382048 0.0478752 0.0600824 0.518997 -0.16871 -0.180835 -0.27142 -0.0333791 -0.0341421 0.286679 -0.187712 0.0321909 
22 0 0.0647168 -0.790024 -1.409 1.02396 -1.52828 -0.789641 1.41782 0.283795 1.51485 -0.395399 0.050927 0.0608453 0.541123 -0.172991 -0.179015 -0.27409 -0.0318532 -0.0352865 0.289349 -0.186893 0.0273348 
22 0 0.0647168 -0.794626 -1.40939 1.02742 -1.53019 -0.793476 1.41782 0.284179 1.51715 -0.407607 0.0539788 0.0612268 0.563249 -0.177412 -0.176282 -0.276379 -0.0299458 -0.035668 0.292401 -0.185387 0.0220739 
22 -0.000628319 0.0647168 -0.798461 -1.40939 1.03087 -1.53249 -0.796544 1.41782 0.284946 1.51984 -0.420195 0.0570306 0.0616083 0.584993 -0.182435 -0.172674 -0.278668 -0.0280385 -0.0360494 0.29469 -0.18334 0.0177378 
22 -0.000628319 0.0647168 -0.803063 -1.40977 1.0347 -1.53441 -0.799612 1.41821 0.285329 1.52252 -0.432021 0.0597009 0.0612268 0.6075 -0.186661 -0.168037 -0.279812 -0.0261311 -0.0360494 0.296979 -0.181227 0.0143046 
22 -0.000628319 0.0640885 -0.806899 -1.41015 1.03892 -1.53633 -0.803063 1.41859 0.285713 1.52482 -0.443084 0.0627527 0.0608453 0.630007 -0.191181 -0.162938 -0.280575 -0.0242237 -0.0360494 0.300031 -0.178171 0.0109324 
22 -0.00125664 0.0640885 -0.810734 -1.41092 1.04314 -1.53863 -0.806515 1.41898 0.286096 1.52674 -0.453765 0.0658045 0.0604639 0.652514 -0.195992 -0.15737 -0.280575 -0.0223163 -0.035668 0.302319 -0.175472 0.00931267 
22 -0.00188496 0.0634602 -0.814952 -1.41131 1.04697 -1.54055 -0.809967 1.41898 0.28648 1.52866 -0.464828 0.0688563 0.0597009 0.67464 -0.200624 -0.151285 -0.280575 -0.0211719 -0.035668 0.303464 -0.172826 0.00682695 
22 -0.00188496 0.0622035 -0.819171 -1.41207 1.05081 -1.54246 -0.812651 1.41898 0.286863 1.53019 -0.474746 0.0719081 0.058938 0.697528 -0.205071 -0.144682 -0.280575 -0.019646 -0.0352865 0.30499 -0.170334 0.00565153 
22 -0.00188496 0.0622035 -0.822622 -1.41284 1.05541 -1.54438 -0.814952 1.41936 0.287247 1.53173 -0.484283 0.0745785 0.0577935 0.719654 -0.209676 -0.138517 -0.279812 -0.018883 -0.034905 0.305753 -0.167167 0.00408529 
22 -0.00188496 0.0622035 -0.825307 -1.41322 1.05963 -1.54592 -0.817253 1.41936 0.28763 1.53326 -0.493057 0.0772488 0.0562676 0.741779 -0.214562 -0.131865 -0.279431 -0.0177386 -0.0345235 0.306897 -0.164624 0.00379219 
22 -0.00188496 0.0622035 -0.828758 -1.41399 1.06385 -1.54783 -0.819938 1.41898 0.288014 1.53518 -0.501068 0.0795377 0.0551232 0.763142 -0.21914 -0.125616 -0.278668 -0.0169757 -0.0345235 0.307279 -0.161927 0.00221496 
22 -0.00125664 0.0622035 -0.831826 -1.41514 1.06845 -1.54937 -0.822239 1.41898 0.288397 1.53671 -0.508698 0.0818265 0.0539788 0.784504 -0.223994 -0.118874 -0.277142 -0.0158312 -0.0341421 0.30766 -0.159438 0.00106481 
22 -0.000628319 0.0622035 -0.835278 -1.41629 1.07229 -1.55129 -0.82454 1.41898 0.288397 1.53825 -0.515946 0.0841154 0.0528344 0.805104 -0.228831 -0.112086 -0.275998 -0.0146868 -0.0341421 0.307279 -0.156742 -0.000496491 
22 0 0.0628319 -0.838346 -1.41706 1.0765 -1.5532 -0.826841 1.41859 0.288781 1.53978 -0.522812 0.0860227 0.0513085 0.825322 -0.233729 -0.10667 -0.274472 -0.0135424 -0.0345235 0.306897 -0.153947 -0.00033008 
22 0 0.0622035 -0.841031 -1.41744 1.08111 -1.5555 -0.829142 1.41782 0.288781 1.54055 -0.529297 0.0883116 0.0497826 0.845159 -0.238619 -0.101215 -0.273327 -0.012398 -0.0345235 0.306134 -0.151461 -0.00146409 
22 0 0.0622035 -0.843332 -1.41782 1.08532 -1.55742 -0.83221 1.41782 0.288397 1.54093 -0.534638 0.090219 0.0482567 0.864233 -0.243685 -0.0962029 -0.271801 -0.0108721 -0.0345235 0.305753 -0.148461 -0.00170834 
22 0 0.0622035 -0.845633 -1.41821 1.08954 -1.55934 -0.834895 1.41782 0.288781 1.5417 -0.54036 0.0917449 0.0471122 0.882162 -0.248934 -0.0916359 -0.269512 -0.00972763 -0.034905 0.305371 -0.146136 -0.00156649 
22 0 0.0622035 -0.84755 -1.41859 1.09338 -1.56087 -0.837196 1.41821 0.288781 1.5417 -0.545319 0.0932708 0.0455863 0.898947 -0.253605 -0.0879716 -0.267224 -0.00820172 -0.034905 0.30499 -0.143604 -0.00183644 
22 0 0.0622035 -0.849468 -1.41859 1.09683 -1.56279 -0.83988 1.41821 0.289164 1.54208 -0.550278 0.0947967 0.0440604 0.914969 -0.258465 -0.0847674 -0.264935 -0.0070573 -0.0345235 0.30499 -0.141538 -0.00213328 
22 0 0.0622035 -0.851002 -1.41898 1.10066 -1.56471 -0.842181 1.41821 0.289164 1.54208 -0.554856 0.0959411 0.0425345 0.930228 -0.263802 -0.0815532 -0.262646 -0.00629435 -0.0341421 0.30499 -0.139888 -0.0016086 
22 0 0.0615752 -0.852536 -1.41936 1.1045 -1.56624 -0.844482 1.41859 0.289164 1.54246 -0.559052 0.0967041 0.0413901 0.94358 -0.268764 -0.0797563 -0.259594 -0.0055314 -0.0337606 0.305371 -0.138288 -0.00193287 
22 0 0.0615752 -0.85407 -1.42013 1.10872 -1.56739 -0.8464 1.41898 0.288781 1.54285 -0.562486 0.0970855 0.0406271 0.95655 -0.273729 -0.0779475 -0.256161 -0.00514992 -0.0333791 0.305753 -0.137152 -0.00228479 
22 0 0.0615752 -0.855604 -1.42089 1.11255 -1.56893 -0.848701 1.41936 0.288781 1.54323 -0.565919 0.097467 0.0394827 0.967994 -0.278891 -0.0766201 -0.252728 -0.00438697 -0.0329976 0.306516 -0.136017 -0.00263586 
22 0 0.0615752 -0.857521 -1.42166 1.11639 -1.57008 -0.851002 1.42013 0.288397 1.544 -0.568208 0.097467 0.0383383 0.978294 -0.283773 -0.0757681 -0.248531 -0.00400549 -0.0322347 0.307279 -0.135346 -0.00301495 
22 0 0.0615752 -0.859439 -1.42243 1.12099 -1.57161 -0.852919 1.42089 0.288781 1.54477 -0.569734 0.0978485 0.0379568 0.987831 -0.28866 -0.0749129 -0.24548 -0.00362402 -0.0318532 0.30766 -0.134723 -0.0042388 
22 0 0.0615752 -0.86059 -1.42281 1.12559 -1.57315 -0.854837 1.42128 0.288397 1.54553 -0.570497 0.0978485 0.0371939 0.996605 -0.293657 -0.0755424 -0.242046 -0.00324254 -0.0310903 0.308423 -0.134307 -0.00505222 
22 0 0.0615752 -0.86174 -1.42319 1.12981 -1.5743 -0.857138 1.42204 0.288397 1.5463 -0.570497 0.0978485 0.0360494 1.00462 -0.298267 -0.0751769 -0.238994 -0.00324254 -0.0303273 0.308804 -0.134148 -0.00630492 
22 0 0.0615752 -0.863274 -1.42434 1.13326 -1.57545 -0.859439 1.42204 0.288397 1.54745 -0.569352 0.097467 0.0352865 1.01148 -0.303273 -0.0758233 -0.236706 -0.00324254 -0.0291829 0.309186 -0.133315 -0.00793087 
22 0 0.0609469 -0.865192 -1.42665 1.13671 -1.57583 -0.861356 1.42243 0.288397 1.54898 -0.567445 0.0970855 0.0341421 1.01682 -0.307802 -0.0764659 -0.234417 -0.00324254 -0.027657 0.309186 -0.13269 -0.00914843 
22 0 0.0609469 -0.867109 -1.42856 1.14017 -1.57621 -0.863658 1.42243 0.288014 1.55129 -0.565156 0.0967041 0.0326162 1.02064 -0.312817 -0.077135 -0.232509 -0.00362402 -0.026894 0.309567 -0.131601 -0.0103323 
22 0 0.0609469 -0.868643 -1.4301 1.14477 -1.5766 -0.865959 1.42243 0.28763 1.5532 -0.561723 0.0959411 0.0314717 1.02331 -0.317067 -0.0782954 -0.230983 -0.00400549 -0.0257496 0.309949 -0.13072 -0.0111093 
22 0 0.0603186 -0.86941 -1.43163 1.14937 -1.57736 -0.86826 1.42204 0.287247 1.55474 -0.559052 0.0944152 0.0299458 1.02445 -0.321802 -0.0794884 -0.229458 -0.00400549 -0.0249866 0.31033 -0.129585 -0.0114485 
22 0 0.0603186 -0.870944 -1.43317 1.15359 -1.57775 -0.870561 1.42166 0.287247 1.5555 -0.556001 0.0932708 0.0288014 1.02483 -0.326345 -0.0801783 -0.228313 -0.00476844 -0.0242237 0.311093 -0.128241 -0.0121902 
22 0 0.0603186 -0.872478 -1.4347 1.15704 -1.57851 -0.872862 1.42128 0.287247 1.55627 -0.552186 0.0921263 0.027657 1.02331 -0.331087 -0.0814017 -0.226406 -0.0055314 -0.0234607 0.311475 -0.127361 -0.012963 
22 0 0.0596903 -0.874396 -1.43662 1.16049 -1.57928 -0.87593 1.42128 0.287247 1.55704 -0.549134 0.0906004 0.0265126 1.0214 -0.335154 -0.0820952 -0.224117 -0.00629435 -0.0226978 0.312238 -0.126017 -0.013701 
22 0 0.0596903 -0.875546 -1.43815 1.16394 -1.58005 -0.878614 1.42128 0.287247 1.55819 -0.544556 0.089456 0.0253681 1.01797 -0.339707 -0.0828211 -0.22221 -0.00743877 -0.0219348 0.313382 -0.125136 -0.0144708 
22 0 0.0596903 -0.876313 -1.43968 1.16778 -1.5812 -0.881682 1.42128 0.287247 1.55934 -0.54036 0.0883116 0.0246052 1.01339 -0.34378 -0.0835353 -0.220302 -0.00896468 -0.0215534 0.314527 -0.124464 -0.0148381 
22 0 0.0596903 -0.877464 -1.44122 1.17161 -1.58235 -0.885134 1.42128 0.287247 1.56049 -0.535019 0.0871672 0.0234607 1.00767 -0.348145 -0.0837514 -0.218776 -0.0104906 -0.0211719 0.316434 -0.123583 -0.0156059 
22 0 0.0596903 -0.878998 -1.44237 1.17545 -1.5835 -0.888202 1.42128 0.286863 1.56202 -0.53006 0.0860227 0.0223163 1.00156 -0.352028 -0.0839493 -0.217632 -0.012398 -0.0211719 0.318341 -0.123164 -0.0164054 
22 0 0.0596903 -0.880148 -1.4439 1.1789 -1.58465 -0.89127 1.42128 0.286863 1.56356 -0.523957 0.0852598 0.0211719 0.993172 -0.356205 -0.0836412 -0.216106 -0.0139239 -0.0211719 0.320249 -0.122955 -0.0168065 
22 0 0.0596903 -0.881682 -1.44544 1.18235 -1.58618 -0.893955 1.42128 0.28648 1.56509 -0.517853 0.0841154 0.019646 0.984779 -0.360189 -0.082796 -0.215343 -0.0158312 -0.0211719 0.321775 -0.122955 -0.0168069 
22 0 0.0596903 -0.883216 -1.44736 1.1858 -1.58772 -0.896639 1.42128 0.286096 1.56624 -0.512131 0.0829709 0.0185016 0.974861 -0.363884 -0.0824643 -0.214199 -0.0177386 -0.0215534 0.323301 -0.122955 -0.0168069 
22 0 0.0596903 -0.88475 -1.44927 1.18925 -1.58925 -0.899707 1.42128 0.286096 1.56778 -0.505264 0.0810636 0.0169757 0.963798 -0.367386 -0.0815908 -0.213436 -0.0192645 -0.0219348 0.325971 -0.123208 -0.0172417 
22 0 0.0596903 -0.886284 -1.45081 1.19232 -1.59117 -0.902775 1.42128 0.285713 1.56893 -0.498779 0.0791562 0.0162127 0.951591 -0.370889 -0.0807153 -0.212673 -0.0211719 -0.0223163 0.328641 -0.123208 -0.0172417 
22 0 0.0596903 -0.888202 -1.45196 1.19577 -1.59309 -0.906227 1.42128 0.285329 1.57008 -0.492676 0.0772488 0.0150683 0.939002 -0.374196 -0.0792911 -0.212291 -0.0226978 -0.0230793 0.330549 -0.123417 -0.0168412 
22 0 0.0596903 -0.890119 -1.45311 1.19923 -1.59501 -0.910062 1.42166 0.285329 1.57084 -0.485809 0.0753414 0.0139239 0.924506 -0.377213 -0.0783831 -0.211528 -0.0246052 -0.0238422 0.332456 -0.123417 -0.0168416 
22 0 0.0596903 -0.891654 -1.45387 1.20268 -1.59692 -0.913513 1.42204 0.285329 1.57199 -0.478561 0.073434 0.0127794 0.910391 -0.379835 -0.0763746 -0.211147 -0.0261311 -0.0242237 0.335508 -0.123627 -0.0164409 
22 0 0.0596903 -0.893188 -1.45503 1.20575 -1.59846 -0.916965 1.42204 0.284946 1.57353 -0.470932 0.0715267 0.012398 0.894751 -0.382655 -0.0749089 -0.210765 -0.0272755 -0.0249866 0.337797 -0.123836 -0.0160404 
22 0 0.0596903 -0.895105 -1.45618 1.20881 -1.60037 -0.9208 1.42204 0.284946 1.57468 -0.463302 0.0696193 0.011635 0.878347 -0.384986 -0.0734126 -0.210384 -0.0288014 -0.0257496 0.339704 -0.124299 -0.0160754 
22 0 0.0596903 -0.897023 -1.45809 1.21188 -1.60191 -0.923868 1.42204 0.284946 1.57621 -0.455673 0.0673304 0.0112535 0.8608 -0.387116 -0.0713602 -0.210002 -0.0299458 -0.026894 0.341993 -0.124717 -0.015272 
22 0 0.0596903 -0.899707 -1.46001 1.21495 -1.60344 -0.927703 1.42204 0.284946 1.57775 -0.447662 0.0654231 0.0104906 0.84287 -0.388956 -0.0698295 -0.209621 -0.0310903 -0.027657 0.345045 -0.12518 -0.0153077 
22 0 0.0596903 -0.902008 -1.46193 1.2184 -1.60536 -0.931155 1.42166 0.284562 1.57928 -0.440032 0.0631342 0.0101091 0.824178 -0.390594 -0.0677426 -0.209621 -0.0322347 -0.0284199 0.346952 -0.125643 -0.0153418 
22 0 0.0596903 -0.904309 -1.46385 1.22185 -1.60651 -0.93499 1.42166 0.284179 1.5812 -0.432021 0.0612268 0.00934615 0.805486 -0.392145 -0.066733 -0.209239 -0.0337606 -0.0295644 0.348478 -0.126105 -0.0153759 
22 0 0.0596903 -0.906994 -1.46576 1.2253 -1.60804 -0.938825 1.42166 0.283795 1.58273 -0.42401 0.0597009 0.0085832 0.786793 -0.393576 -0.0640853 -0.209239 -0.034905 -0.0303273 0.350385 -0.126777 -0.0150077 
22 0 0.0596903 -0.909678 -1.46768 1.22914 -1.60958 -0.94266 1.42166 0.283795 1.58427 -0.416381 0.058175 0.00782025 0.766957 -0.394432 -0.0624943 -0.208858 -0.0364309 -0.0310903 0.352674 -0.127494 -0.015479 
22 0 0.0596903 -0.91313 -1.4696 1.23221 -1.61111 -0.946495 1.42204 0.283028 1.5858 -0.40837 0.0558862 0.00667582 0.74712 -0.394799 -0.0608801 -0.208858 -0.0379568 -0.0322347 0.354582 -0.128628 -0.0151438 
22 0 0.0596903 -0.916198 -1.4719 1.23566 -1.61265 -0.95033 1.42204 0.283412 1.58734 -0.401122 0.0543603 0.00629435 0.727283 -0.395448 -0.0587341 -0.208858 -0.0387198 -0.0333791 0.356107 -0.129764 -0.0148089 
22 0 0.0596903 -0.91965 -1.47382 1.23834 -1.61418 -0.954165 1.42204 0.283028 1.58925 -0.393492 0.0528344 0.0055314 0.707446 -0.395116 -0.0565477 -0.208858 -0.0398642 -0.0345235 0.357252 -0.131318 -0.0136656 
22 0 0.0596903 -0.923101 -1.47612 1.24141 -1.61571 -0.958 1.42204 0.282645 1.59117 -0.386625 0.050927 0.00514992 0.68761 -0.394987 -0.0549143 -0.208858 -0.0406271 -0.0360494 0.358015 -0.133127 -0.0129567 
22 0 0.0596903 -0.925786 -1.47842 1.2441 -1.61687 -0.961835 1.42204 0.282261 1.59347 -0.379377 0.0490196 0.00476844 0.667773 -0.394161 -0.0527149 -0.208858 -0.0413901 -0.0371939 0.358778 -0.135145 -0.0118394 
22 0 0.0596903 -0.929237 -1.48072 1.24716 -1.6184 -0.966054 1.42166 0.281878 1.59616 -0.372892 0.0474937 0.00476844 0.647936 -0.393333 -0.0505206 -0.208858 -0.042153 -0.0387198 0.359159 -0.137327 -0.00946458 
22 0 0.0596903 -0.932305 -1.4834 1.25023 -1.61955 -0.969889 1.42166 0.281494 1.59846 -0.366789 0.0459678 0.00476844 0.627718 -0.392014 -0.0483163 -0.208858 -0.0432975 -0.0398642 0.359541 -0.139762 -0.00751863 
22 0 0.0596903 -0.93614 -1.48571 1.25292 -1.62108 -0.974108 1.42166 0.281111 1.60114 -0.360685 0.0444419 0.00514992 0.608644 -0.390692 -0.0461196 -0.208858 -0.0440604 -0.0417716 0.359922 -0.142406 -0.00515297 
22 0 0.0596903 -0.940359 -1.48801 1.25599 -1.62223 -0.977943 1.42128 0.280344 1.60344 -0.354582 0.0425345 0.00514992 0.58957 -0.389088 -0.0444612 -0.208858 -0.0448234 -0.042916 0.359541 -0.14479 -0.00233396 
22 0 0.0590619 -0.944578 -1.49031 1.25905 -1.62338 -0.982161 1.42128 0.27996 1.60574 -0.349622 0.0406271 0.00514992 0.571641 -0.387064 -0.0417267 -0.209239 -0.0455863 -0.0444419 0.359159 -0.14738 0.000912568 
22 0 0.0590619 -0.94918 -1.49261 1.26289 -1.62454 -0.98638 1.42089 0.279577 1.60804 -0.3439 0.0391012 0.0055314 0.553712 -0.385037 -0.0390063 -0.209239 -0.0467308 -0.0459678 0.359159 -0.150431 0.00415066 
22 0 0.0590619 -0.953398 -1.49529 1.26596 -1.6253 -0.990598 1.42089 0.279193 1.61073 -0.338941 0.0371939 0.0055314 0.536164 -0.382308 -0.0357559 -0.209621 -0.0474937 -0.0474937 0.358778 -0.153424 0.00826938 
22 -0.000628319 0.0590619 -0.958 -1.49836 1.26979 -1.62645 -0.994817 1.42089 0.278426 1.61341 -0.334363 0.0364309 0.00591287 0.519379 -0.379087 -0.0325226 -0.209621 -0.0482567 -0.0490196 0.358396 -0.156616 0.0128346 
22 -0.000628319 0.0590619 -0.962986 -1.50143 1.27324 -1.6276 -0.999035 1.42089 0.278042 1.6161 -0.329404 0.035668 0.00591287 0.502976 -0.375923 -0.028258 -0.209621 -0.0494011 -0.0505455 0.357633 -0.160207 0.0182773 
22 -0.000628319 0.0590619 -0.968355 -1.50411 1.27708 -1.62875 -1.00325 1.42051 0.277276 1.61878 -0.325208 0.034905 0.00591287 0.487335 -0.371506 -0.0245531 -0.209621 -0.050164 -0.0520714 0.357252 -0.16352 0.0242061 
22 -0.000628319 0.0596903 -0.973341 -1.50642 1.28053 -1.6299 -1.00747 1.41974 0.276892 1.62147 -0.321012 0.0341421 0.0055314 0.472457 -0.365085 -0.0219434 -0.209239 -0.050927 -0.0535973 0.35687 -0.167487 0.0305932 
22 0 0.0596903 -0.978326 -1.50948 1.28398 -1.63067 -1.01207 1.41898 0.276892 1.62415 -0.317578 0.0337606 0.0055314 0.458724 -0.357212 -0.0193928 -0.209239 -0.0513085 -0.0555047 0.356489 -0.171634 0.0374693 
22 0 0.0596903 -0.982928 -1.51217 1.28782 -1.63221 -1.01591 1.41744 0.276125 1.62645 -0.31529 0.0333791 0.0055314 0.448425 -0.348164 -0.0164033 -0.209239 -0.0520714 -0.0562676 0.355726 -0.176427 0.0448376 
22 0 0.0596903 -0.985229 -1.5137 1.29203 -1.63489 -1.01936 1.41667 0.276125 1.6276 -0.313001 0.0329976 0.0055314 0.439269 -0.337623 -0.0145369 -0.208858 -0.0528344 -0.0574121 0.354963 -0.181269 0.051397 
22 0.00125664 0.0615752 -0.98638 -1.51485 1.29549 -1.63796 -1.0232 1.41821 0.276508 1.6276 -0.309567 0.0326162 0.0055314 0.432021 -0.325974 -0.0112583 -0.208476 -0.0535973 -0.058175 0.3542 -0.186562 0.0580243 
22 0.00188496 0.0628319 -0.987914 -1.51639 1.29779 -1.63949 -1.02818 1.42243 0.276892 1.62875 -0.306134 0.0318532 0.00514992 0.42668 -0.314244 -0.0100784 -0.208095 -0.0543603 -0.058938 0.353056 -0.191366 0.0647281 
22 0.00188496 0.0640885 -0.990215 -1.51869 1.30009 -1.64026 -1.03355 1.42588 0.278042 1.63182 -0.300793 0.0314717 0.00514992 0.422103 -0.301681 -0.00702377 -0.207713 -0.0555047 -0.0597009 0.352293 -0.19662 0.0715083 
22 0.00188496 0.0640885 -0.992132 -1.5206 1.30239 -1.64218 -1.03815 1.4278 0.279577 1.63527 -0.295453 0.0310903 0.00514992 0.419432 -0.289891 -0.00356386 -0.207332 -0.0570306 -0.0604639 0.35153 -0.201573 0.0788184 
22 0.00251327 0.0622035 -0.992899 -1.52176 1.30546 -1.64601 -1.04314 1.42895 0.280727 1.63873 -0.289349 0.0303273 0.0055314 0.417144 -0.278124 -0.000211731 -0.20695 -0.0593194 -0.0608453 0.35153 -0.206593 0.0852985 
22 0.00376991 0.0596903 -0.994433 -1.52176 1.30891 -1.64908 -1.04736 1.42895 0.281111 1.64294 -0.282864 0.0299458 0.0055314 0.414473 -0.266689 0.00447496 -0.20695 -0.0616083 -0.0604639 0.35153 -0.210837 0.0922903 
22 0.00376991 0.0565487 -0.996734 -1.52137 1.31198 -1.65061 -1.05158 1.42895 0.281494 1.64601 -0.277523 0.0291829 0.00591287 0.412184 -0.255748 0.0090617 -0.207332 -0.0638972 -0.0597009 0.352674 -0.214969 0.0979605 
22 0.00314159 0.0527788 -0.999419 -1.52022 1.31543 -1.65176 -1.05503 1.4301 0.281878 1.64946 -0.271801 0.0284199 0.00667582 0.409895 -0.244608 0.0139814 -0.208476 -0.066186 -0.058938 0.3542 -0.218429 0.103193 
22 0.00188496 0.0502655 -1.00134 -1.52022 1.31965 -1.65138 -1.05886 1.43163 0.282261 1.6533 -0.267224 0.0272755 0.00743877 0.406844 -0.234471 0.0197624 -0.209621 -0.0684749 -0.0577935 0.355726 -0.221795 0.107063 
22 0.00188496 0.0490088 -1.00402 -1.52137 1.32578 -1.65061 -1.06155 1.43355 0.281878 1.6579 -0.263409 0.0253681 0.00896468 0.40341 -0.224342 0.0254149 -0.211147 -0.0703822 -0.0566491 0.357252 -0.224681 0.11094 
22 0.00188496 0.0496372 -1.00709 -1.52329 1.33115 -1.65023 -1.06462 1.4347 0.281878 1.66174 -0.260739 0.0242237 0.0101091 0.40074 -0.214945 0.0314528 -0.212673 -0.0726711 -0.0555047 0.359159 -0.227269 0.115297 
22 0.00188496 0.0521504 -1.01092 -1.52674 1.33575 -1.65061 -1.06768 1.43508 0.281111 1.66557 -0.258068 0.0230793 0.0108721 0.396544 -0.205553 0.0373702 -0.21458 -0.0749599 -0.0543603 0.362593 -0.229778 0.118262 
22 0.00125664 0.0546637 -1.01476 -1.52981 1.33921 -1.651 -1.07037 1.43547 0.281111 1.66902 -0.255779 0.0226978 0.0112535 0.392729 -0.196635 0.043215 -0.21725 -0.0768673 -0.0535973 0.365644 -0.232281 0.121243 
22 0.00125664 0.0565487 -1.01859 -1.53249 1.34266 -1.65061 -1.07267 1.43585 0.280727 1.67286 -0.254253 0.0226978 0.0112535 0.38777 -0.188214 0.0498781 -0.219921 -0.0783932 -0.0528344 0.369078 -0.234895 0.1233 
22 0 0.0578053 -1.02243 -1.53441 1.34649 -1.65023 -1.07497 1.43623 0.280344 1.67631 -0.253491 0.0230793 0.0108721 0.382811 -0.179813 0.0572989 -0.22221 -0.0795377 -0.0524529 0.374037 -0.237981 0.125399 
22 0 0.0596903 -1.02588 -1.53633 1.35033 -1.65023 -1.07804 1.43662 0.280344 1.67938 -0.252728 0.0242237 0.0104906 0.37747 -0.17185 0.0637818 -0.225261 -0.0803006 -0.0524529 0.378233 -0.240118 0.127449 
22 0 0.0590619 -1.02972 -1.53786 1.35493 -1.65061 -1.08072 1.43623 0.27996 1.68283 -0.251965 0.0253681 0.00972763 0.372511 -0.164365 0.0710761 -0.228313 -0.0806821 -0.0528344 0.383955 -0.243023 0.129084 
22 0 0.0584336 -1.03393 -1.53901 1.35877 -1.65061 -1.08341 1.43623 0.27996 1.6859 -0.251583 0.027657 0.0085832 0.366407 -0.156409 0.0782037 -0.230602 -0.0810636 -0.0535973 0.390822 -0.245572 0.129742 
22 0 0.057177 -1.03815 -1.54016 1.36222 -1.65061 -1.08609 1.43623 0.27996 1.68896 -0.251202 0.0291829 0.00782025 0.361067 -0.149807 0.0837108 -0.234035 -0.0810636 -0.0543603 0.396544 -0.248003 0.13136 
22 -0.000628319 0.0565487 -1.04276 -1.5417 1.36605 -1.65061 -1.08916 1.43623 0.279577 1.69203 -0.251202 0.0307088 0.0070573 0.356107 -0.14343 0.0887579 -0.236706 -0.081445 -0.0551232 0.403029 -0.250554 0.132029 
22 -0.000628319 0.0546637 -1.04736 -1.54323 1.36989 -1.65061 -1.09223 1.437 0.279577 1.69472 -0.25082 0.0326162 0.00667582 0.350004 -0.138405 0.0914228 -0.239376 -0.081445 -0.0555047 0.410277 -0.252928 0.132205 
22 -0.000628319 0.0540354 -1.05196 -1.54438 1.37372 -1.65061 -1.09606 1.43815 0.279577 1.6974 -0.250057 0.0337606 0.00629435 0.345045 -0.134276 0.0916856 -0.242809 -0.0818265 -0.0562676 0.417525 -0.25548 0.132882 
22 -0.000628319 0.0540354 -1.05694 -1.54553 1.37679 -1.65061 -1.09951 1.43892 0.27996 1.70124 -0.249294 0.0345235 0.0055314 0.339704 -0.130816 0.0899584 -0.246624 -0.0825895 -0.0570306 0.425155 -0.257679 0.132562 
22 -0.000628319 0.0521504 -1.06116 -1.54745 1.37986 -1.65061 -1.1022 1.43815 0.279577 1.70584 -0.24815 0.0352865 0.00514992 0.334745 -0.128474 0.0863167 -0.25082 -0.0837339 -0.0577935 0.433928 -0.260177 0.131777 
22 -0.000628319 0.0515221 -1.065 -1.54975 1.38293 -1.65023 -1.10527 1.437 0.279577 1.71006 -0.247387 0.0352865 0.00514992 0.330167 -0.126542 0.0802548 -0.255779 -0.0848783 -0.058175 0.442702 -0.262498 0.130487 
22 -0.000628319 0.0515221 -1.06845 -1.55244 1.38599 -1.64946 -1.10833 1.43585 0.279577 1.71428 -0.246242 0.034905 0.00514992 0.326734 -0.125013 0.0726036 -0.260739 -0.0860227 -0.058175 0.451858 -0.264343 0.129158 
22 0 0.0521504 -1.0719 -1.55512 1.38829 -1.64908 -1.11179 1.43547 0.279577 1.71734 -0.24548 0.0341421 0.00514992 0.322919 -0.123913 0.0650179 -0.266079 -0.0871672 -0.0585565 0.461395 -0.266664 0.127859 
22 0 0.0527788 -1.07535 -1.55704 1.3906 -1.64908 -1.11485 1.43508 0.27996 1.7208 -0.244335 0.0333791 0.00514992 0.320249 -0.123459 0.0570989 -0.272564 -0.0883116 -0.0585565 0.471695 -0.268807 0.126053 
22 0 0.0540354 -1.07804 -1.55857 1.39213 -1.6487 -1.11754 1.43547 0.280344 1.72425 -0.242809 0.0318532 0.00514992 0.316815 -0.123188 0.048785 -0.278668 -0.0898375 -0.058175 0.481613 -0.270768 0.123737 
22 0 0.0540354 -1.08034 -1.56011 1.39405 -1.64793 -1.11984 1.43585 0.280727 1.72847 -0.241283 0.0307088 0.00514992 0.313764 -0.122698 0.0416911 -0.284772 -0.0909819 -0.058175 0.491913 -0.272727 0.121414 
22 0 0.0546637 -1.08226 -1.56164 1.39673 -1.64755 -1.12291 1.43662 0.280344 1.7323 -0.238994 0.0295644 0.00514992 0.311093 -0.122642 0.0346373 -0.291257 -0.0921263 -0.058175 0.502213 -0.274389 0.119557 
22 0 0.0546637 -1.08456 -1.56279 1.40018 -1.64678 -1.12636 1.437 0.27996 1.73614 -0.236706 0.0288014 0.00476844 0.308042 -0.122424 0.0296399 -0.298123 -0.0932708 -0.0577935 0.514801 -0.276163 0.116718 
22 0 0.0546637 -1.08801 -1.56471 1.40325 -1.6464 -1.12943 1.43662 0.27996 1.73959 -0.234798 0.0280385 0.00476844 0.304608 -0.121771 0.0254356 -0.304608 -0.0940337 -0.0577935 0.527008 -0.277932 0.113872 
22 0 0.0546637 -1.09108 -1.56586 1.40632 -1.64601 -1.13288 1.43623 0.27996 1.74304 -0.232891 0.027657 0.00438697 0.301938 -0.121189 0.0228991 -0.311093 -0.0944152 -0.0570306 0.539216 -0.27922 0.11099 
22 0 0.0546637 -1.09453 -1.56739 1.409 -1.64601 -1.13556 1.43508 0.27996 1.74687 -0.230602 0.0272755 0.00400549 0.298886 -0.120435 0.0215948 -0.318341 -0.0951781 -0.0562676 0.55333 -0.280689 0.108608 
22 0 0.0540354 -1.09798 -1.56854 1.41131 -1.64563 -1.13825 1.43508 0.27996 1.74956 -0.229076 0.026894 0.00362402 0.295453 -0.119301 0.0219192 -0.325971 -0.0959411 -0.0555047 0.566682 -0.281969 0.105717 
22 0 0.0540354 -1.10105 -1.56969 1.41399 -1.64563 -1.14132 1.43547 0.279577 1.75186 -0.227932 0.0265126 0.00362402 0.292401 -0.117957 0.0226397 -0.3336 -0.0963226 -0.0547417 0.581178 -0.282953 0.1033 
22 0 0.0546637 -1.10412 -1.57084 1.41629 -1.64563 -1.14477 1.437 0.27996 1.75378 -0.226787 0.0261311 0.00324254 0.288968 -0.116653 0.0241879 -0.34123 -0.0970855 -0.0535973 0.596056 -0.284412 0.100905 
22 0 0.0546637 -1.1068 -1.57199 1.41821 -1.64563 -1.1486 1.43815 0.280344 1.75608 -0.225643 0.0261311 0.00324254 0.285916 -0.114676 0.0260886 -0.348478 -0.097467 -0.0524529 0.610552 -0.28539 0.0984811 
22 0 0.055292 -1.10987 -1.57276 1.42013 -1.64563 -1.15244 1.4393 0.280727 1.75876 -0.22488 0.0257496 0.00286107 0.282483 -0.112948 0.0284148 -0.356107 -0.09823 -0.0513085 0.626192 -0.286553 0.0965581 
22 0 0.0565487 -1.11294 -1.57353 1.42204 -1.64601 -1.15551 1.43968 0.281111 1.76145 -0.223735 0.0249866 0.00286107 0.279049 -0.110968 0.0303004 -0.364118 -0.0986114 -0.050164 0.642214 -0.287425 0.0951139 
22 0 0.0565487 -1.11601 -1.57353 1.42434 -1.64601 -1.15896 1.43968 0.281111 1.76452 -0.222591 0.0246052 0.00324254 0.275998 -0.10828 0.0317064 -0.371366 -0.0986114 -0.0490196 0.658236 -0.288295 0.093668 
22 0 0.0565487 -1.11907 -1.57276 1.42665 -1.64678 -1.16241 1.43968 0.281494 1.7672 -0.221447 0.0242237 0.00324254 0.272946 -0.105803 0.0327151 -0.378996 -0.0986114 -0.0478752 0.673877 -0.289454 0.0917374 
22 0 0.0565487 -1.12137 -1.57238 1.42895 -1.64678 -1.16548 1.44007 0.281494 1.76988 -0.220684 0.0234607 0.00362402 0.269894 -0.103292 0.0328999 -0.385863 -0.0986114 -0.0463493 0.690661 -0.290513 0.090791 
22 0 0.0565487 -1.12368 -1.57238 1.43048 -1.64678 -1.16855 1.44045 0.281494 1.77257 -0.219539 0.0226978 0.00362402 0.267224 -0.100533 0.0326543 -0.392729 -0.0986114 -0.0452049 0.707446 -0.29138 0.0893394 
22 0 0.0565487 -1.12598 -1.57276 1.43163 -1.64678 -1.17161 1.44199 0.281878 1.77487 -0.218776 0.0219348 0.00400549 0.264553 -0.0975284 0.0319815 -0.399977 -0.09823 -0.043679 0.724994 -0.291958 0.0883707 
22 0 0.0565487 -1.12789 -1.57276 1.4324 -1.64678 -1.17468 1.4439 0.281878 1.77717 -0.218013 0.0207904 0.00476844 0.262264 -0.0947359 0.0309251 -0.407225 -0.09823 -0.0425345 0.741779 -0.292727 0.0879038 
22 0 0.0559203 -1.12981 -1.57315 1.43393 -1.64678 -1.17775 1.4462 0.281878 1.77909 -0.21725 0.019646 0.00514992 0.259594 -0.0919443 0.0298731 -0.414473 -0.0986114 -0.0410086 0.758946 -0.293015 0.08742 
22 0 0.055292 -1.13135 -1.57276 1.43508 -1.64678 -1.18082 1.44851 0.281878 1.78139 -0.216106 0.018883 0.00591287 0.257687 -0.0889049 0.0284011 -0.420577 -0.0986114 -0.0394827 0.775349 -0.293304 0.0869347 
22 0 0.0546637 -1.13326 -1.57238 1.43662 -1.64716 -1.18427 1.45042 0.282261 1.78331 -0.214199 0.0177386 0.00629435 0.256161 -0.0865342 0.0265898 -0.427062 -0.0986114 -0.0383383 0.791371 -0.29388 0.0859638 
22 0 0.0546637 -1.13518 -1.57199 1.43853 -1.64716 -1.18772 1.45234 0.282261 1.78522 -0.212291 0.0169757 0.00667582 0.254253 -0.0839535 0.0251694 -0.43431 -0.09823 -0.0368124 0.807393 -0.294168 0.0854779 
22 0 0.0546637 -1.1371 -1.57084 1.44045 -1.64716 -1.19079 1.45387 0.282261 1.78714 -0.210765 0.0162127 0.0070573 0.252346 -0.0815818 0.0233709 -0.440795 -0.0978485 -0.035668 0.823796 -0.294456 0.0849919 
22 0 0.0540354 -1.13863 -1.57008 1.44237 -1.64678 -1.19347 1.45579 0.281878 1.78906 -0.208858 0.0158312 0.00743877 0.25082 -0.0795002 0.0228024 -0.44728 -0.0978485 -0.0337606 0.839818 -0.294744 0.0845057 
22 0 0.0540354 -1.14055 -1.56969 1.44429 -1.64678 -1.19654 1.45771 0.281878 1.79059 -0.207332 0.0154498 0.00820172 0.249294 -0.0773779 0.0214336 -0.453765 -0.097467 -0.0322347 0.854315 -0.29532 0.0835329 
22 0 0.0540354 -1.14247 -1.56931 1.4462 -1.6464 -1.19961 1.46001 0.281111 1.79213 -0.205425 0.0150683 0.00896468 0.247768 -0.0750477 0.0204517 -0.46025 -0.0970855 -0.0307088 0.869192 -0.2958 0.0835499 
22 0 0.0546637 -1.14477 -1.56931 1.44774 -1.6464 -1.20229 1.46193 0.281111 1.79366 -0.203136 0.0146868 0.00934615 0.246242 -0.0732176 0.0203083 -0.465591 -0.0970855 -0.0291829 0.883307 -0.296662 0.0820888 
22 0 0.0546637 -1.14669 -1.56893 1.44927 -1.6464 -1.20498 1.46423 0.280344 1.79481 -0.20161 0.0143053 0.00972763 0.244717 -0.071096 0.0189502 -0.471695 -0.0967041 -0.026894 0.896277 -0.297237 0.0811136 
22 0 0.055292 -1.1486 -1.56816 1.45081 -1.64601 -1.20805 1.46615 0.27996 1.79673 -0.200465 0.0139239 0.0104906 0.243191 -0.0692673 0.0188094 -0.477417 -0.0967041 -0.0253681 0.909247 -0.29781 0.0801377 
22 0 0.055292 -1.15052 -1.56739 1.45196 -1.64601 -1.21073 1.46845 0.279577 1.79788 -0.199321 0.0135424 0.0108721 0.242046 -0.0676032 0.0174926 -0.482376 -0.0967041 -0.0238422 0.921836 -0.298579 0.079664 
22 0 0.0559203 -1.15244 -1.56663 1.45349 -1.64563 -1.21303 1.47037 0.279193 1.79941 -0.198177 0.0131609 0.0112535 0.24052 -0.066189 0.0165938 -0.488098 -0.0963226 -0.0219348 0.932898 -0.299437 0.0781988 
22 0 0.0559203 -1.15436 -1.56586 1.45503 -1.64524 -1.21533 1.47228 0.278426 1.80133 -0.196651 0.0131609 0.0120165 0.239757 -0.0647748 0.0156969 -0.492676 -0.0963226 -0.0204089 0.944343 -0.300491 0.0772351 
22 0 0.055292 -1.15589 -1.56586 1.45656 -1.64486 -1.21763 1.47458 0.277276 1.80325 -0.195506 0.0131609 0.012398 0.238613 -0.0640682 0.0152501 -0.49649 -0.0959411 -0.0192645 0.955406 -0.301259 0.0767589 
22 0 0.055292 -1.15781 -1.56624 1.45809 -1.64486 -1.22032 1.47689 0.276508 1.8044 -0.194362 0.0131609 0.0127794 0.237469 -0.063155 0.0151827 -0.499161 -0.0951781 -0.0181201 0.965324 -0.302115 0.0752891 
22 0 0.055292 -1.15934 -1.56624 1.45924 -1.64524 -1.22339 1.47842 0.275358 1.80555 -0.193599 0.0131609 0.0127794 0.237087 -0.062948 0.0155611 -0.50145 -0.0947967 -0.0169757 0.974479 -0.302883 0.0748112 
22 0 0.0546637 -1.16126 -1.56586 1.45963 -1.64563 -1.22569 1.47957 0.275358 1.80708 -0.192836 0.0131609 0.0127794 0.236324 -0.0627417 0.0159405 -0.50412 -0.0940337 -0.0165942 0.98249 -0.30365 0.074334 
22 0 0.0546637 -1.16279 -1.56509 1.46001 -1.64563 -1.22722 1.48034 0.274974 1.809 -0.192073 0.0131609 0.0127794 0.235943 -0.0625353 0.0163198 -0.506027 -0.0932708 -0.0162127 0.989357 -0.304612 0.0743621 
22 0 0.0546637 -1.16433 -1.56471 1.46039 -1.64563 -1.22914 1.48187 0.274207 1.81015 -0.19131 0.0131609 0.0127794 0.235561 -0.0623725 0.0174916 -0.507553 -0.0921263 -0.0162127 0.99546 -0.305664 0.0733933 
22 0 0.0546637 -1.16548 -1.56432 1.46078 -1.64563 -1.23144 1.48379 0.273057 1.8113 -0.190547 0.0135424 0.0127794 0.235561 -0.0624154 0.0182832 -0.509461 -0.0909819 -0.0162127 1.00156 -0.306716 0.0724216 
22 0 0.0540354 -1.16701 -1.56394 1.46154 -1.64563 -1.23413 1.48532 0.27229 1.81245 -0.189784 0.0135424 0.0127794 0.235943 -0.0627079 0.01949 -0.511368 -0.0898375 -0.0165942 1.00462 -0.307964 0.0719552 
22 0 0.0540354 -1.16816 -1.56356 1.46193 -1.64563 -1.23604 1.48724 0.271523 1.81399 -0.18864 0.0139239 0.012398 0.236324 -0.062543 0.0206607 -0.512894 -0.0883116 -0.0165942 1.00881 -0.309213 0.0714882 
22 0 0.0540354 -1.1697 -1.56394 1.46231 -1.64563 -1.23796 1.48877 0.271139 1.81514 -0.187114 0.0143053 0.0120165 0.236706 -0.0628339 0.021867 -0.514038 -0.0867857 -0.0165942 1.0111 -0.310462 0.0710204 
22 0 0.0540354 -1.17161 -1.56432 1.46231 -1.64563 -1.23988 1.49031 0.270372 1.81667 -0.185969 0.0146868 0.0120165 0.237469 -0.063332 0.0226961 -0.51442 -0.0848783 -0.0162127 1.01225 -0.311995 0.0700565 
22 0 0.0540354 -1.17315 -1.56471 1.4627 -1.64563 -1.2418 1.49146 0.269989 1.81859 -0.185206 0.0150683 0.011635 0.23785 -0.0633725 0.0234877 -0.51442 -0.0829709 -0.0162127 1.01263 -0.313529 0.0690907 
22 0 0.0540354 -1.17468 -1.56509 1.46308 -1.64563 -1.24371 1.49299 0.269605 1.82051 -0.184825 0.0154498 0.0112535 0.238613 -0.0636618 0.0246958 -0.513657 -0.081445 -0.0162127 1.01186 -0.315062 0.0681227 
22 0 0.0540354 -1.17622 -1.56586 1.46308 -1.64563 -1.24525 1.49453 0.268455 1.82242 -0.184443 0.0154498 0.0112535 0.239376 -0.0636618 0.0246958 -0.512131 -0.0799191 -0.0158312 1.01072 -0.31651 0.0681604 
22 0 0.0546637 -1.17775 -1.56624 1.46308 -1.64563 -1.24716 1.49606 0.267688 1.82434 -0.184062 0.0158312 0.0112535 0.240139 -0.0641184 0.0247334 -0.510224 -0.0780118 -0.0154498 1.00729 -0.318156 0.0687099 
22 0 0.0546637 -1.17928 -1.56663 1.46308 -1.64563 -1.2487 1.49759 0.266921 1.82626 -0.184062 0.0165942 0.0108721 0.240902 -0.0641182 0.0247332 -0.507935 -0.0764858 -0.0150683 1.00347 -0.320087 0.068763 
22 0 0.0546637 -1.18043 -1.56663 1.46308 -1.64601 -1.25062 1.49913 0.26577 1.82818 -0.18368 0.0169757 0.0108721 0.242046 -0.0643667 0.0251484 -0.506027 -0.0749599 -0.0146868 0.998512 -0.321821 0.0683039 
22 0 0.0540354 -1.18158 -1.56663 1.46346 -1.6464 -1.25215 1.50066 0.265003 1.83009 -0.18368 0.0177386 0.0108721 0.242809 -0.0641183 0.0247332 -0.503738 -0.0726711 -0.0146868 0.993553 -0.323753 0.0683581 
22 -0.000628319 0.0540354 -1.18312 -1.56701 1.46346 -1.6464 -1.25368 1.50181 0.263469 1.83201 -0.183299 0.0185016 0.0108721 0.243954 -0.0641182 0.0247332 -0.500687 -0.0711452 -0.0143053 0.985924 -0.325686 0.0684134 
22 -0.000628319 0.0540354 -1.18427 -1.56739 1.46346 -1.64678 -1.2556 1.50335 0.262319 1.83355 -0.183299 0.0192645 0.0108721 0.24548 -0.0641182 0.0247332 -0.498016 -0.0696193 -0.0139239 0.977913 -0.327819 0.0689862 
22 -0.000628319 0.0540354 -1.18542 -1.56816 1.46346 -1.64678 -1.25752 1.5045 0.261168 1.83546 -0.183299 0.0200275 0.0108721 0.246624 -0.0638699 0.0243182 -0.494583 -0.0677119 -0.0135424 0.969139 -0.329356 0.06801 
22 0 0.0540354 -1.18734 -1.56854 1.46346 -1.64678 -1.25905 1.50565 0.260401 1.83738 -0.183299 0.0207904 0.0108721 0.24815 -0.0640776 0.0239399 -0.490387 -0.0658045 -0.0131609 0.95922 -0.331377 0.0670458 
22 0 0.0534071 -1.18849 -1.56969 1.46346 -1.64678 -1.26059 1.5068 0.258867 1.83892 -0.183299 0.0215534 0.0108721 0.249676 -0.0640777 0.0239402 -0.486191 -0.0635157 -0.0131609 0.94892 -0.333028 0.0676072 
22 0 0.0527788 -1.18964 -1.57046 1.46308 -1.64678 -1.26212 1.50833 0.257717 1.84083 -0.183299 0.0223163 0.0108721 0.25082 -0.0643263 0.0243554 -0.48085 -0.0616083 -0.0127794 0.937476 -0.33505 0.0666408 
22 0 0.0527788 -1.19079 -1.57084 1.46308 -1.64678 -1.26366 1.50948 0.256566 1.84313 -0.183299 0.0230793 0.0104906 0.252346 -0.0645341 0.023977 -0.475509 -0.0593194 -0.0127794 0.924125 -0.336702 0.0672051 
22 0 0.0527788 -1.19232 -1.57161 1.46346 -1.64716 -1.26557 1.51063 0.255032 1.84467 -0.183299 0.0242237 0.0104906 0.254253 -0.0645342 0.0239773 -0.469787 -0.0574121 -0.012398 0.911154 -0.33824 0.0662218 
22 0 0.0527788 -1.19347 -1.57199 1.46308 -1.64716 -1.26749 1.51217 0.253498 1.84659 -0.18368 0.0253681 0.0104906 0.255779 -0.0649909 0.0240147 -0.463302 -0.0558862 -0.0120165 0.896277 -0.339979 0.0657586 
22 0 0.0527788 -1.19501 -1.57238 1.46308 -1.64716 -1.26941 1.5137 0.252348 1.8485 -0.18368 0.0265126 0.0104906 0.257305 -0.0649908 0.0240144 -0.457198 -0.0539788 -0.011635 0.880636 -0.341717 0.0652946 
22 0 0.0527788 -1.19654 -1.57276 1.46346 -1.64755 -1.27094 1.51524 0.250814 1.8508 -0.18368 0.0280385 0.0104906 0.258831 -0.0654475 0.0240518 -0.451095 -0.0524529 -0.0112535 0.864996 -0.343256 0.0643063 
22 0 0.0534071 -1.19808 -1.57315 1.46346 -1.64716 -1.27286 1.51677 0.249663 1.85272 -0.184062 0.0288014 0.0104906 0.259976 -0.0656552 0.0236728 -0.444228 -0.0505455 -0.0108721 0.848592 -0.344593 0.0627919 
22 0 0.0540354 -1.19961 -1.57391 1.46346 -1.64755 -1.27478 1.5183 0.248129 1.85464 -0.184062 0.0299458 0.0104906 0.261501 -0.06632 0.0233312 -0.43698 -0.0490196 -0.0104906 0.830663 -0.345847 0.0623096 
22 0 0.0540354 -1.20114 -1.57506 1.46346 -1.64755 -1.27669 1.51984 0.246211 1.85694 -0.184443 0.0310903 0.0104906 0.263027 -0.0669846 0.022989 -0.429732 -0.0471122 -0.00972763 0.812352 -0.346698 0.0607773 
22 0 0.0540354 -1.20268 -1.57583 1.46346 -1.64793 -1.279 1.52137 0.245061 1.85924 -0.184825 0.0322347 0.0104906 0.264553 -0.0676493 0.0226465 -0.422484 -0.0452049 -0.00934615 0.792897 -0.347547 0.0592433 
22 0 0.0540354 -1.20421 -1.5766 1.46346 -1.64831 -1.28091 1.52252 0.243527 1.86154 -0.185206 0.0329976 0.0104906 0.265698 -0.0687294 0.0215439 -0.415236 -0.043679 -0.00896468 0.77306 -0.348193 0.0571835 
22 0 0.0540354 -1.20613 -1.57736 1.46346 -1.64831 -1.28283 1.52406 0.241993 1.86384 -0.185588 0.0337606 0.0101091 0.266842 -0.0698092 0.0204389 -0.407225 -0.0417716 -0.0085832 0.753223 -0.34835 0.0551116 
22 0 0.0540354 -1.20766 -1.57813 1.46385 -1.6487 -1.28513 1.52521 0.240842 1.86653 -0.185969 0.0345235 0.0101091 0.267987 -0.071096 0.0189502 -0.399214 -0.0398642 -0.0085832 0.733768 -0.348709 0.0535629 
22 0 0.0540354 -1.2092 -1.5789 1.46385 -1.64908 -1.28743 1.52636 0.239692 1.86883 -0.186351 0.034905 0.0101091 0.26875 -0.0726325 0.0178749 -0.39044 -0.0383383 -0.00820172 0.71355 -0.348657 0.0509691 
22 0 0.0540354 -1.21111 -1.57928 1.46385 -1.64985 -1.28973 1.52789 0.238158 1.87151 -0.186732 0.035668 0.00972763 0.269894 -0.0746264 0.0168309 -0.382429 -0.0364309 -0.00782025 0.691806 -0.348807 0.0488986 
22 0 0.0534071 -1.21303 -1.58005 1.46423 -1.65023 -1.29242 1.52943 0.237007 1.87343 -0.187114 0.0364309 0.00972763 0.271038 -0.0763698 0.015365 -0.374037 -0.034905 -0.00743877 0.671206 -0.348748 0.0463079 
22 0 0.0527788 -1.21457 -1.58043 1.46385 -1.65061 -1.29549 1.53096 0.23624 1.87612 -0.187877 0.0371939 0.00972763 0.271801 -0.0781128 0.0138942 -0.366026 -0.0329976 -0.00743877 0.650607 -0.348407 0.0442332 
22 0 0.0527788 -1.21648 -1.5812 1.46385 -1.65138 -1.29817 1.53249 0.235473 1.87842 -0.188258 0.0383383 0.00934615 0.272946 -0.0804745 0.01126 -0.357633 -0.0318532 -0.0070573 0.628481 -0.347925 0.0406097 
22 0 0.0527788 -1.2184 -1.58158 1.46385 -1.65176 -1.30162 1.53364 0.23509 1.88072 -0.18864 0.0391012 0.00934615 0.273709 -0.0823753 0.00858226 -0.349622 -0.0299458 -0.00667582 0.607881 -0.347092 0.0385388 
22 0 0.0527788 -1.2207 -1.58197 1.46423 -1.65253 -1.30469 1.53556 0.234323 1.88302 -0.189021 0.0402457 0.00934615 0.27409 -0.0851429 0.00514606 -0.341611 -0.0284199 -0.00667582 0.586137 -0.346257 0.0364724 
22 0 0.0527788 -1.223 -1.58235 1.46423 -1.6533 -1.30814 1.5371 0.233939 1.88494 -0.189403 0.0410086 0.00934615 0.274853 -0.0874469 0.00166237 -0.3336 -0.026894 -0.00629435 0.565156 -0.34479 0.0328672 
22 0 0.0527788 -1.2253 -1.58273 1.46423 -1.65368 -1.31159 1.53901 0.233939 1.88724 -0.190166 0.042153 0.00934615 0.275235 -0.0903579 -0.00301679 -0.325589 -0.0253681 -0.00591287 0.544938 -0.343253 0.0303019 
22 0 0.0527788 -1.22799 -1.5835 1.46423 -1.65445 -1.31505 1.54093 0.233556 1.88877 -0.190547 0.0432975 0.00972763 0.275616 -0.0930563 -0.00732845 -0.317578 -0.0234607 -0.00591287 0.52472 -0.341713 0.0277465 
22 0 0.0527788 -1.23029 -1.58388 1.46423 -1.65522 -1.31888 1.54246 0.233556 1.89069 -0.190929 0.0440604 0.00972763 0.275998 -0.0958932 -0.0128799 -0.309567 -0.0219348 -0.0055314 0.504501 -0.339475 0.0246963 
22 0 0.0527788 -1.23336 -1.58427 1.46423 -1.65637 -1.3231 1.54477 0.233556 1.89222 -0.191691 0.0452049 0.00972763 0.276379 -0.0987158 -0.018465 -0.301938 -0.0200275 -0.00476844 0.484665 -0.337715 0.0216567 
22 0 0.0527788 -1.23604 -1.58465 1.46385 -1.65752 -1.3277 1.54707 0.233556 1.89376 -0.192073 0.0459678 0.00972763 0.276761 -0.101524 -0.0240839 -0.295071 -0.0185016 -0.00400549 0.465591 -0.335041 0.01763 
22 0 0.0527788 -1.23873 -1.58427 1.46385 -1.65828 -1.33269 1.54937 0.233939 1.89529 -0.192836 0.0467308 0.00972763 0.277142 -0.104515 -0.0301422 -0.288205 -0.0165942 -0.00324254 0.44728 -0.331554 0.0151627 
22 0 0.0527788 -1.24103 -1.58388 1.46385 -1.65905 -1.33729 1.55129 0.233939 1.89644 -0.193217 0.0471122 0.00972763 0.277523 -0.107423 -0.0370695 -0.28172 -0.0150683 -0.00286107 0.429732 -0.326136 0.0127617 
22 0 0.0527788 -1.24333 -1.58312 1.46423 -1.65982 -1.34074 1.55282 0.234323 1.89798 -0.19398 0.0474937 0.00972763 0.277905 -0.110503 -0.0444535 -0.276379 -0.0135424 -0.00247959 0.414855 -0.31863 0.00895544 
22 0 0.0534071 -1.24256 -1.58082 1.46461 -1.66058 -1.34227 1.55435 0.23509 1.90066 -0.195125 0.0482567 0.00972763 0.278668 -0.113823 -0.0514683 -0.272564 -0.0127794 -0.00247959 0.402266 -0.309686 0.00526954 
22 -0.000628319 0.0546637 -1.24218 -1.5812 1.46653 -1.65752 -1.34189 1.55589 0.23509 1.9068 -0.196269 0.0490196 0.00972763 0.279431 -0.116849 -0.0589572 -0.268368 -0.0112535 -0.00286107 0.391203 -0.299313 0.0017246 
22 -0.00188496 0.0565487 -1.24218 -1.58465 1.46845 -1.65522 -1.34189 1.55742 0.233939 1.91101 -0.197032 0.0497826 0.00972763 0.280194 -0.119383 -0.0665003 -0.264553 -0.0101091 -0.00324254 0.382048 -0.288478 -0.00170345 
22 -0.00188496 0.0584336 -1.24371 -1.58849 1.46998 -1.65598 -1.34266 1.55819 0.232022 1.9137 -0.197414 0.0513085 0.00972763 0.281338 -0.122161 -0.0736695 -0.259213 -0.00896468 -0.00324254 0.374037 -0.277013 -0.00643742 
22 -0.00251327 0.0603186 -1.2441 -1.59155 1.47075 -1.65675 -1.34227 1.55972 0.231255 1.91715 -0.197795 0.0528344 0.00972763 0.282864 -0.124448 -0.0808815 -0.253109 -0.00743877 -0.00324254 0.366789 -0.266478 -0.0101468 
22 -0.00314159 0.0615752 -1.24448 -1.59501 1.47113 -1.65713 -1.34151 1.56049 0.230488 1.92175 -0.198177 0.0543603 0.00972763 0.284009 -0.126984 -0.0877149 -0.245861 -0.00591287 -0.00324254 0.36183 -0.256476 -0.0147299 
22 -0.00376991 0.0596903 -1.24525 -1.59692 1.47113 -1.6579 -1.34112 1.56011 0.230104 1.92636 -0.19894 0.0558862 0.0101091 0.285534 -0.129125 -0.0937277 -0.238613 -0.00362402 -0.00362402 0.356489 -0.246488 -0.0192073 
22 -0.00502655 0.0578053 -1.24563 -1.59769 1.47075 -1.65905 -1.34112 1.55934 0.228954 1.93019 -0.199702 0.0577935 0.0101091 0.28706 -0.131429 -0.100207 -0.231365 -0.00133516 -0.00438697 0.35153 -0.237242 -0.0240957 
22 -0.00502655 0.055292 -1.24563 -1.59731 1.47152 -1.66058 -1.34151 1.55934 0.228187 1.93249 -0.200465 0.0593194 0.0104906 0.289349 -0.133529 -0.106287 -0.22488 0.000572213 -0.00476844 0.346952 -0.228477 -0.0289212 
22 -0.00439823 0.0527788 -1.24601 -1.59654 1.47343 -1.66174 -1.34266 1.55972 0.227803 1.93441 -0.201991 0.0608453 0.0108721 0.29202 -0.13579 -0.112839 -0.219158 0.00286107 -0.00514992 0.340848 -0.219971 -0.0341276 
22 -0.00439823 0.0502655 -1.24601 -1.59539 1.47612 -1.6625 -1.34496 1.56126 0.227803 1.93633 -0.20428 0.0619898 0.0108721 0.295071 -0.138131 -0.118567 -0.213054 0.00514992 -0.0055314 0.336271 -0.212189 -0.0397523 
22 -0.00376991 0.0496372 -1.24716 -1.59539 1.47804 -1.66289 -1.34726 1.56279 0.228187 1.93863 -0.20695 0.0638972 0.0112535 0.298505 -0.140276 -0.123883 -0.208858 0.0070573 -0.00591287 0.330549 -0.204408 -0.0452848 
22 -0.00314159 0.0496372 -1.24831 -1.59577 1.47957 -1.66327 -1.34956 1.56394 0.228187 1.94054 -0.208858 0.0654231 0.0112535 0.302319 -0.142692 -0.128808 -0.20428 0.0085832 -0.00629435 0.323682 -0.197343 -0.0512418 
22 -0.00314159 0.0521504 -1.24947 -1.59616 1.4811 -1.66404 -1.35186 1.56548 0.22857 1.94246 -0.211147 0.066949 0.011635 0.305753 -0.145094 -0.13376 -0.201991 0.00934615 -0.00629435 0.31796 -0.190251 -0.0562317 
22 -0.00314159 0.0540354 -1.25023 -1.59654 1.48264 -1.6648 -1.35455 1.56701 0.228954 1.94361 -0.21458 0.0684749 0.011635 0.309949 -0.147597 -0.13787 -0.200084 0.0101091 -0.00629435 0.311093 -0.183201 -0.0628976 
22 -0.00314159 0.055292 -1.251 -1.59692 1.48417 -1.66557 -1.35761 1.56854 0.228954 1.94553 -0.21725 0.0700008 0.0120165 0.314145 -0.150381 -0.141581 -0.198558 0.00972763 -0.00629435 0.303845 -0.176574 -0.0677868 
22 -0.00376991 0.0578053 -1.25138 -1.59692 1.48494 -1.66595 -1.36068 1.56893 0.228954 1.94668 -0.220302 0.0707637 0.012398 0.319486 -0.153157 -0.145315 -0.197414 0.00896468 -0.00591287 0.296597 -0.169964 -0.0734738 
22 -0.00314159 0.0590619 -1.25253 -1.59769 1.48571 -1.66595 -1.36375 1.56893 0.229337 1.94783 -0.224117 0.0715267 0.0127794 0.324445 -0.155926 -0.149073 -0.196269 0.00782025 -0.0055314 0.290112 -0.163813 -0.0791452 
22 -0.00314159 0.0596903 -1.25368 -1.59846 1.48647 -1.66634 -1.36759 1.56893 0.229721 1.94898 -0.227169 0.0715267 0.0131609 0.330549 -0.15881 -0.15197 -0.195125 0.00591287 -0.0055314 0.283627 -0.157647 -0.0838952 
22 -0.00314159 0.0603186 -1.25483 -1.59961 1.48724 -1.66672 -1.37104 1.56893 0.230104 1.95013 -0.23022 0.0719081 0.0139239 0.337034 -0.16152 -0.154424 -0.194362 0.00400549 -0.00514992 0.276761 -0.152395 -0.0878649 
22 -0.00251327 0.0596903 -1.25637 -1.59999 1.48839 -1.6671 -1.37411 1.56893 0.230488 1.95167 -0.234035 0.0719081 0.0150683 0.3439 -0.164227 -0.156893 -0.193217 0.00171664 -0.00514992 0.269894 -0.147586 -0.0901684 
22 -0.00251327 0.0590619 -1.25829 -1.60076 1.48992 -1.66787 -1.37717 1.56969 0.231255 1.9532 -0.237469 0.0719081 0.0158312 0.350767 -0.167521 -0.158525 -0.191691 -0.000190738 -0.0055314 0.264172 -0.143449 -0.0904418 
22 -0.00251327 0.057177 -1.25982 -1.60076 1.49146 -1.66825 -1.38024 1.57008 0.231255 1.95473 -0.241665 0.0719081 0.0169757 0.358778 -0.170774 -0.158807 -0.190166 -0.000953689 -0.00591287 0.258068 -0.139756 -0.0890963 
22 -0.00188496 0.0565487 -1.26135 -1.60114 1.49299 -1.66902 -1.38369 1.57123 0.231638 1.95627 -0.245098 0.0719081 0.0181201 0.36717 -0.174198 -0.159561 -0.187877 -0.000953689 -0.00629435 0.251965 -0.136963 -0.0862068 
22 -0.00188496 0.0540354 -1.2625 -1.60152 1.49453 -1.66979 -1.38676 1.57238 0.231638 1.95704 -0.249676 0.0722896 0.018883 0.375944 -0.177879 -0.158521 -0.185588 -0.000572213 -0.0070573 0.247768 -0.134584 -0.0808803 
22 -0.00188496 0.0527788 -1.26327 -1.60076 1.49568 -1.67056 -1.38983 1.57315 0.231638 1.95857 -0.253872 0.0722896 0.0200275 0.384337 -0.1808 -0.157866 -0.184062 0.000953689 -0.00782025 0.243191 -0.133111 -0.0756862 
22 -0.00188496 0.0515221 -1.26366 -1.60037 1.49644 -1.67094 -1.39136 1.57391 0.231638 1.9601 -0.258831 0.0726711 0.0215534 0.393111 -0.184317 -0.156344 -0.182536 0.00286107 -0.00820172 0.240139 -0.131844 -0.0701113 
22 -0.00251327 0.0515221 -1.26404 -1.60076 1.49798 -1.67017 -1.3929 1.57545 0.231638 1.9624 -0.263409 0.0730526 0.0223163 0.401884 -0.187836 -0.154814 -0.18101 0.00476844 -0.0085832 0.237469 -0.13102 -0.0645975 
22 -0.00251327 0.0521504 -1.26404 -1.60114 1.49951 -1.67017 -1.39443 1.5766 0.230871 1.96394 -0.26875 0.073434 0.0234607 0.411421 -0.191015 -0.152327 -0.179103 0.00591287 -0.0085832 0.234035 -0.129961 -0.0594791 
22 -0.00251327 0.0527788 -1.26442 -1.60152 1.50105 -1.67056 -1.39597 1.57736 0.230871 1.96547 -0.27409 0.074197 0.0246052 0.420958 -0.194195 -0.149828 -0.177577 0.00743877 -0.00896468 0.232128 -0.129158 -0.0556439 
22 -0.00251327 0.0540354 -1.26442 -1.60191 1.5022 -1.67094 -1.3975 1.57775 0.230488 1.96662 -0.280575 0.0749599 0.0253681 0.431258 -0.197793 -0.145964 -0.176051 0.0085832 -0.00896468 0.230602 -0.128374 -0.0526468 
22 -0.00188496 0.0546637 -1.26442 -1.60229 1.50258 -1.67094 -1.39865 1.57775 0.230871 1.96816 -0.286679 0.0761044 0.0261311 0.441558 -0.201092 -0.142521 -0.174907 0.00934615 -0.00934615 0.228695 -0.127613 -0.0504871 
22 -0.00188496 0.055292 -1.26481 -1.60229 1.50296 -1.67132 -1.40018 1.57775 0.230871 1.96931 -0.292782 0.0768673 0.0265126 0.453002 -0.204214 -0.138584 -0.173762 0.0101091 -0.00934615 0.226406 -0.126691 -0.0503924 
22 -0.00188496 0.0565487 -1.26481 -1.60229 1.50373 -1.67171 -1.4021 1.57813 0.230871 1.97007 -0.299268 0.0776303 0.026894 0.464446 -0.207624 -0.134186 -0.172618 0.0108721 -0.00934615 0.22488 -0.125551 -0.0506882 
22 -0.00188496 0.057177 -1.26481 -1.60191 1.50526 -1.67171 -1.40402 1.57736 0.230871 1.97046 -0.305753 0.0783932 0.0272755 0.476654 -0.210851 -0.12929 -0.171855 0.0112535 -0.00934615 0.223735 -0.124684 -0.0522571 
22 -0.00188496 0.057177 -1.26481 -1.60152 1.50603 -1.67171 -1.40632 1.57736 0.230871 1.97123 -0.311856 0.0791562 0.027657 0.488861 -0.214067 -0.124371 -0.171092 0.0112535 -0.00934615 0.222591 -0.123408 -0.0554366 
22 -0.00188496 0.057177 -1.26519 -1.60152 1.50718 -1.67171 -1.40824 1.57698 0.230871 1.97161 -0.31796 0.0799191 0.027657 0.501831 -0.217275 -0.119431 -0.17071 0.0112535 -0.00896468 0.221447 -0.122345 -0.058218 
22 -0.00188496 0.0565487 -1.26519 -1.60152 1.50718 -1.67132 -1.41054 1.5766 0.230871 1.97161 -0.324826 0.0803006 0.027657 0.514801 -0.22029 -0.113993 -0.17071 0.0108721 -0.00896468 0.219921 -0.120842 -0.0617699 
22 -0.00125664 0.0565487 -1.26557 -1.60152 1.50757 -1.67094 -1.41246 1.57621 0.231255 1.97161 -0.331693 0.0803006 0.027657 0.528153 -0.223292 -0.108533 -0.171092 0.0108721 -0.00896468 0.218395 -0.119553 -0.0649238 
22 -0.000628319 0.0559203 -1.26596 -1.60191 1.50757 -1.67056 -1.41437 1.57621 0.230871 1.97161 -0.338178 0.0803006 0.027657 0.541886 -0.225992 -0.103507 -0.171855 0.0104906 -0.00896468 0.216487 -0.118259 -0.0680693 
22 -0.000628319 0.055292 -1.26672 -1.60229 1.50757 -1.67017 -1.41629 1.57698 0.230871 1.97123 -0.345426 0.0799191 0.027657 0.556001 -0.228867 -0.0989389 -0.172999 0.0108721 -0.00896468 0.214961 -0.116721 -0.070766 
22 -0.00188496 0.055292 -1.26787 -1.60229 1.50795 -1.67017 -1.41859 1.57775 0.230488 1.97084 -0.353056 0.0799191 0.027657 0.570878 -0.231546 -0.0938769 -0.173762 0.0112535 -0.00934615 0.214199 -0.115401 -0.0730708 
22 -0.00188496 0.055292 -1.26826 -1.60268 1.50833 -1.67017 -1.42089 1.57851 0.230104 1.97046 -0.360304 0.0799191 0.0280385 0.585756 -0.234401 -0.0892725 -0.174907 0.011635 -0.00934615 0.213054 -0.114042 -0.0737241 
22 -0.00188496 0.055292 -1.26902 -1.60229 1.50872 -1.66979 -1.42243 1.5789 0.229721 1.97046 -0.367933 0.0799191 0.0280385 0.601015 -0.236962 -0.085113 -0.176051 0.012398 -0.00972763 0.212673 -0.112922 -0.0748152 
22 -0.00188496 0.055292 -1.26941 -1.60268 1.5091 -1.66941 -1.42358 1.5789 0.228954 1.97084 -0.375563 0.0799191 0.0284199 0.617418 -0.239233 -0.0814033 -0.177195 0.0127794 -0.0101091 0.21191 -0.111785 -0.0750829 
22 -0.00251327 0.0565487 -1.27017 -1.60306 1.5091 -1.66902 -1.42434 1.57851 0.227803 1.97123 -0.382811 0.0795377 0.0284199 0.633822 -0.241497 -0.077682 -0.17834 0.0135424 -0.0104906 0.211528 -0.110629 -0.0745295 
22 -0.00251327 0.0565487 -1.27056 -1.60383 1.5091 -1.66864 -1.42511 1.57775 0.226653 1.97161 -0.39044 0.0795377 0.0288014 0.650607 -0.243754 -0.0739491 -0.179484 0.0143053 -0.0104906 0.211147 -0.109914 -0.0732139 
22 -0.00251327 0.0559203 -1.27171 -1.60459 1.50948 -1.66825 -1.42511 1.57698 0.225119 1.97161 -0.397688 0.0795377 0.0288014 0.667773 -0.245637 -0.0716173 -0.180629 0.0150683 -0.0108721 0.210765 -0.109197 -0.0718996 
22 -0.00251327 0.055292 -1.27248 -1.60498 1.50948 -1.66787 -1.42588 1.57621 0.223585 1.97161 -0.405699 0.0795377 0.0288014 0.684558 -0.24808 -0.0683398 -0.181773 0.0158312 -0.0112535 0.210765 -0.10826 -0.0709684 
22 -0.00251327 0.055292 -1.27324 -1.60574 1.50948 -1.66749 -1.42626 1.57545 0.221667 1.97123 -0.412947 0.0795377 0.0288014 0.701343 -0.249677 -0.0664641 -0.182536 0.0169757 -0.011635 0.210765 -0.107542 -0.0696568 
22 -0.00251327 0.0546637 -1.27401 -1.60613 1.50948 -1.66749 -1.42665 1.57506 0.219749 1.97084 -0.42134 0.0795377 0.0288014 0.718509 -0.25175 -0.0645885 -0.182918 0.0177386 -0.0120165 0.210765 -0.106584 -0.0679102 
22 -0.00251327 0.0546637 -1.27439 -1.60728 1.50948 -1.66749 -1.42703 1.57468 0.218215 1.97007 -0.428969 0.0795377 0.0288014 0.735676 -0.253345 -0.0627033 -0.18368 0.0181201 -0.0127794 0.211147 -0.105645 -0.0669836 
22 -0.00251327 0.0546637 -1.27478 -1.60804 1.50948 -1.66749 -1.42741 1.5743 0.215914 1.96892 -0.436599 0.0795377 0.0284199 0.752461 -0.255136 -0.0612907 -0.184062 0.018883 -0.0131609 0.211147 -0.104466 -0.0656229 
22 -0.00251327 0.0546637 -1.27554 -1.60881 1.50948 -1.6671 -1.4278 1.57391 0.213997 1.96739 -0.44461 0.0795377 0.0280385 0.769245 -0.256926 -0.0598744 -0.184825 0.0200275 -0.0139239 0.211147 -0.103526 -0.0646993 
22 -0.00251327 0.0540354 -1.27631 -1.60958 1.50948 -1.66672 -1.4278 1.57353 0.211696 1.96586 -0.452621 0.0795377 0.0280385 0.785649 -0.258438 -0.0589298 -0.185206 0.0207904 -0.0143053 0.211528 -0.102587 -0.0637771 
22 -0.00251327 0.0540354 -1.27708 -1.61035 1.50948 -1.66634 -1.42818 1.57315 0.209011 1.96432 -0.46025 0.0795377 0.027657 0.801671 -0.25967 -0.0584591 -0.185969 0.0215534 -0.0150683 0.211528 -0.101405 -0.0624223 
22 -0.00251327 0.0540354 -1.27785 -1.61111 1.50948 -1.66595 -1.42818 1.57276 0.206327 1.9624 -0.46788 0.0799191 0.026894 0.817311 -0.260903 -0.0579877 -0.186732 0.0223163 -0.0154498 0.211528 -0.100248 -0.0618843 
22 -0.00251327 0.0540354 -1.27861 -1.61188 1.50948 -1.66557 -1.42818 1.57238 0.203642 1.9601 -0.475128 0.0799191 0.0265126 0.832952 -0.262137 -0.0575155 -0.187877 0.0230793 -0.0162127 0.21191 -0.0990898 -0.0613472 
22 -0.00188496 0.0546637 -1.27938 -1.61265 1.50987 -1.6648 -1.4278 1.57199 0.200574 1.95819 -0.481994 0.0799191 0.0261311 0.848592 -0.263569 -0.0575224 -0.18864 0.0238422 -0.0165942 0.21191 -0.0979321 -0.0608111 
22 -0.00188496 0.0546637 -1.28015 -1.6138 1.50987 -1.66442 -1.4278 1.57161 0.197506 1.95589 -0.488479 0.0803006 0.0257496 0.862707 -0.264922 -0.0584887 -0.189403 0.0246052 -0.0169757 0.21191 -0.0969911 -0.0598955 
22 -0.00188496 0.055292 -1.28091 -1.61456 1.50987 -1.66404 -1.42741 1.57123 0.194054 1.95397 -0.495346 0.0803006 0.0253681 0.876822 -0.266355 -0.0584976 -0.190166 0.0257496 -0.0173571 0.212291 -0.0960756 -0.0597939 
22 -0.00188496 0.0559203 -1.2813 -1.61533 1.50987 -1.66365 -1.42665 1.57084 0.190603 1.95128 -0.50145 0.0803006 0.0246052 0.889792 -0.267708 -0.0594685 -0.190547 0.0265126 -0.0177386 0.212291 -0.0951336 -0.0588792 
22 -0.00188496 0.0565487 -1.28206 -1.61648 1.50987 -1.66327 -1.4255 1.57008 0.187151 1.9486 -0.507172 0.0803006 0.0242237 0.903143 -0.269341 -0.059963 -0.190929 0.0272755 -0.0181201 0.212673 -0.0946503 -0.0580177 
22 -0.00188496 0.0565487 -1.28168 -1.61648 1.51025 -1.66327 -1.42396 1.56969 0.183316 1.94591 -0.513275 0.0799191 0.0234607 0.915351 -0.270694 -0.0609396 -0.190929 0.027657 -0.0185016 0.213054 -0.0939506 -0.0575374 
22 -0.00251327 0.0565487 -1.28168 -1.61687 1.51025 -1.66289 -1.42243 1.56969 0.180248 1.94246 -0.517853 0.0799191 0.0226978 0.927558 -0.271849 -0.0614338 -0.190929 0.0280385 -0.018883 0.213054 -0.0934661 -0.0566761 
22 -0.00251327 0.0565487 -1.28168 -1.61725 1.51025 -1.6625 -1.42089 1.57008 0.17718 1.93901 -0.522812 0.0795377 0.0223163 0.938621 -0.273004 -0.0619294 -0.190929 0.0284199 -0.0192645 0.213436 -0.0930079 -0.0566261 
22 -0.00251327 0.0559203 -1.2813 -1.61763 1.51025 -1.66174 -1.41974 1.57084 0.173729 1.93556 -0.526246 0.0795377 0.0215534 0.948539 -0.273879 -0.0629075 -0.190929 0.0288014 -0.0200275 0.213817 -0.0925501 -0.0565761 
22 -0.00251327 0.055292 -1.2813 -1.61763 1.51025 -1.66135 -1.41782 1.57046 0.170661 1.93211 -0.53006 0.0791562 0.0207904 0.958076 -0.275231 -0.0638939 -0.190929 0.0291829 -0.0204089 0.214199 -0.0923077 -0.0561462 
22 -0.00251327 0.055292 -1.28091 -1.61802 1.51063 -1.66097 -1.41591 1.57008 0.166826 1.92827 -0.532731 0.0791562 0.019646 0.96685 -0.276584 -0.0648833 -0.190929 0.0295644 -0.0211719 0.21458 -0.092092 -0.0565255 
22 -0.00188496 0.0546637 -1.28053 -1.6184 1.51102 -1.6602 -1.41399 1.56931 0.16299 1.92367 -0.535019 0.0787747 0.0192645 0.974861 -0.277542 -0.0648958 -0.19131 0.0299458 -0.0215534 0.214961 -0.092092 -0.0565259 
22 -0.00188496 0.0546637 -1.27976 -1.61878 1.5114 -1.65943 -1.41207 1.56893 0.159155 1.91945 -0.537308 0.0780118 0.0185016 0.981727 -0.278697 -0.0654009 -0.19131 0.0299458 -0.0219348 0.215343 -0.0918763 -0.0569051 
22 -0.00188496 0.0546637 -1.27938 -1.61917 1.5114 -1.65905 -1.40977 1.56854 0.156087 1.91485 -0.539216 0.0776303 0.0181201 0.987449 -0.280134 -0.0654229 -0.190929 0.0303273 -0.0226978 0.215724 -0.0914447 -0.0576628 
22 -0.00188496 0.0540354 -1.279 -1.61917 1.5114 -1.65828 -1.40785 1.56854 0.152636 1.90986 -0.54036 0.0772488 0.0181201 0.992409 -0.281488 -0.0664205 -0.190929 0.0303273 -0.0234607 0.216869 -0.0912291 -0.0580428 
22 -0.00188496 0.0540354 -1.27823 -1.61955 1.51178 -1.65752 -1.40555 1.56854 0.149568 1.9045 -0.541123 0.0761044 0.0177386 0.996223 -0.283208 -0.0659606 -0.190929 0.0303273 -0.0238422 0.217632 -0.0910132 -0.0584217 
22 -0.00125664 0.0540354 -1.27746 -1.61955 1.51217 -1.65675 -1.40364 1.56893 0.146116 1.89913 -0.541505 0.0753414 0.0177386 0.999275 -0.28473 -0.0650068 -0.190547 0.0303273 -0.0242237 0.219158 -0.0907973 -0.0588005 
22 -0.000628319 0.0540354 -1.27669 -1.61993 1.51255 -1.65637 -1.40172 1.56893 0.143048 1.89337 -0.541505 0.074197 0.0173571 1.00156 -0.285972 -0.0645368 -0.190547 0.0303273 -0.0246052 0.220302 -0.0905814 -0.0591791 
22 -0.000628319 0.0546637 -1.27593 -1.61993 1.51255 -1.6556 -1.39942 1.56893 0.139597 1.88762 -0.541505 0.073434 0.0173571 1.00271 -0.287494 -0.0635796 -0.190547 0.0303273 -0.0249866 0.221447 -0.090823 -0.059609 
22 -0.000628319 0.0546637 -1.27478 -1.61993 1.51293 -1.65522 -1.39712 1.56931 0.136528 1.88187 -0.540742 0.0722896 0.0173571 1.00309 -0.288934 -0.0636019 -0.190547 0.0299458 -0.0253681 0.22221 -0.0908229 -0.0596089 
22 -0.00125664 0.0546637 -1.27401 -1.61993 1.51293 -1.65445 -1.3952 1.56969 0.13346 1.87612 -0.539979 0.0715267 0.0173571 1.00233 -0.290457 -0.0626418 -0.190547 0.0299458 -0.0257496 0.223354 -0.0908229 -0.0596089 
22 -0.00125664 0.055292 -1.27286 -1.61993 1.51332 -1.65445 -1.3929 1.56931 0.130392 1.86998 -0.538071 0.0700008 0.0173571 1.0008 -0.291699 -0.0621681 -0.190547 0.0295644 -0.0257496 0.22488 -0.0908229 -0.0596089 
22 -0.00125664 0.055292 -1.27171 -1.61955 1.5137 -1.65368 -1.3906 1.56931 0.127324 1.86423 -0.535782 0.0684749 0.0173571 0.997749 -0.292941 -0.0616936 -0.190547 0.0291829 -0.0261311 0.227169 -0.0912807 -0.0596604 
22 -0.00125664 0.055292 -1.27056 -1.61955 1.51409 -1.6533 -1.38791 1.56893 0.124256 1.85809 -0.533112 0.066949 0.0173571 0.993935 -0.294664 -0.0612253 -0.190547 0.0284199 -0.0261311 0.229076 -0.0912805 -0.0596601 
22 -0.00125664 0.0546637 -1.26941 -1.61917 1.51447 -1.65291 -1.38561 1.56854 0.121188 1.85234 -0.530442 0.0658045 0.0173571 0.989357 -0.295906 -0.0607493 -0.190547 0.027657 -0.0261311 0.230983 -0.0912805 -0.0596601 
22 -0.00125664 0.0546637 -1.26826 -1.61878 1.51447 -1.65215 -1.38293 1.56854 0.11812 1.84582 -0.526246 0.0642786 0.0173571 0.983635 -0.297711 -0.0592905 -0.190547 0.026894 -0.0257496 0.232509 -0.091522 -0.06009 
22 -0.00125664 0.0546637 -1.26672 -1.61878 1.51485 -1.65176 -1.38062 1.56854 0.115052 1.8393 -0.522431 0.0623713 0.0169757 0.976768 -0.299153 -0.05931 -0.190547 0.0257496 -0.0257496 0.234417 -0.0915219 -0.06009 
22 -0.00125664 0.0546637 -1.26557 -1.61878 1.51524 -1.65138 -1.37832 1.56854 0.111984 1.83278 -0.518235 0.0612268 0.0169757 0.968757 -0.300677 -0.0583386 -0.190547 0.0249866 -0.0257496 0.237087 -0.0915219 -0.06009 
22 -0.00125664 0.0546637 -1.26404 -1.6184 1.51524 -1.65061 -1.37564 1.56816 0.108916 1.82588 -0.513657 0.0600824 0.0165942 0.960365 -0.302401 -0.0578647 -0.190929 0.0242237 -0.0253681 0.238994 -0.0917381 -0.0597109 
22 -0.00125664 0.0546637 -1.2625 -1.6184 1.516 -1.64985 -1.37295 1.56778 0.106231 1.81859 -0.508698 0.0585565 0.0162127 0.950446 -0.304126 -0.0573898 -0.190929 0.0238422 -0.0253681 0.240902 -0.0917381 -0.0597113 
22 -0.00125664 0.0540354 -1.26135 -1.61802 1.516 -1.64908 -1.37065 1.56778 0.103163 1.81207 -0.503357 0.0570306 0.0162127 0.940147 -0.305369 -0.0569079 -0.190929 0.0234607 -0.0249866 0.242428 -0.0917381 -0.0597113 
22 -0.00125664 0.0540354 -1.25982 -1.61802 1.51677 -1.6487 -1.36797 1.56778 0.100479 1.80478 -0.497253 0.0551232 0.0158312 0.928702 -0.306412 -0.0559241 -0.190929 0.0226978 -0.0249866 0.245098 -0.0917381 -0.0597113 
22 -0.000628319 0.0540354 -1.25867 -1.61763 1.51715 -1.64793 -1.36528 1.56739 0.0977943 1.7975 -0.49115 0.0535973 0.0158312 0.916114 -0.307453 -0.0549388 -0.190929 0.0219348 -0.0246052 0.247768 -0.0917381 -0.0597113 
22 -0.000628319 0.0540354 -1.25714 -1.61725 1.51754 -1.64716 -1.3626 1.56701 0.0951097 1.79021 -0.484665 0.0520714 0.0154498 0.903143 -0.308697 -0.0544537 -0.190929 0.0211719 -0.0246052 0.249294 -0.0919542 -0.0593321 
22 -0.000628319 0.0540354 -1.2556 -1.61725 1.5183 -1.6464 -1.35992 1.56624 0.0924252 1.78292 -0.477798 0.050164 0.0150683 0.888647 -0.309738 -0.0534658 -0.190929 0.0204089 -0.0246052 0.251202 -0.0919543 -0.0593324 
22 -0.00125664 0.0540354 -1.25445 -1.61725 1.5183 -1.64563 -1.35723 1.56586 0.0901241 1.77564 -0.470169 0.0490196 0.0143053 0.874151 -0.311059 -0.0519788 -0.190929 0.0192645 -0.0246052 0.253491 -0.0919543 -0.0593324 
22 -0.00188496 0.0546637 -1.2533 -1.61725 1.51869 -1.64486 -1.35493 1.56586 0.0874396 1.76797 -0.462158 0.0471122 0.0135424 0.858511 -0.312099 -0.0509873 -0.190929 0.0185016 -0.0246052 0.256542 -0.0921703 -0.0589531 
22 -0.00188496 0.0546637 -1.25215 -1.61725 1.51907 -1.64409 -1.35225 1.56509 0.084755 1.76068 -0.454147 0.0459678 0.0131609 0.842107 -0.312936 -0.0494919 -0.190929 0.0173571 -0.0246052 0.258068 -0.0921704 -0.0589534 
22 -0.00188496 0.0546637 -1.25062 -1.61725 1.51984 -1.64333 -1.34994 1.56432 0.082454 1.75301 -0.446517 0.0444419 0.0127794 0.824941 -0.313697 -0.0489952 -0.19131 0.0162127 -0.0246052 0.259594 -0.0923863 -0.0585739 
22 -0.00188496 0.0540354 -1.24947 -1.61725 1.52022 -1.64256 -1.34726 1.56394 0.0801529 1.74534 -0.438888 0.0425345 0.012398 0.807393 -0.314736 -0.0480011 -0.19131 0.0154498 -0.0246052 0.261883 -0.0923864 -0.0585742 
22 -0.00188496 0.0540354 -1.24793 -1.61725 1.52099 -1.64218 -1.34458 1.56317 0.0778519 1.73767 -0.430495 0.0410086 0.011635 0.789464 -0.315292 -0.0470014 -0.19131 0.0143053 -0.0249866 0.264172 -0.0926023 -0.0581945 
22 -0.00188496 0.0540354 -1.24716 -1.61687 1.52176 -1.64141 -1.34227 1.56241 0.0755509 1.73038 -0.422103 0.0391012 0.0112535 0.770771 -0.31633 -0.0460033 -0.19131 0.0135424 -0.0249866 0.266461 -0.0928182 -0.057815 
22 -0.00188496 0.0540354 -1.24601 -1.61687 1.52214 -1.64064 -1.33997 1.56164 0.0732498 1.72271 -0.41371 0.0371939 0.0108721 0.751698 -0.316608 -0.0455026 -0.19131 0.0127794 -0.0249866 0.267605 -0.0932496 -0.0570546 
22 -0.00188496 0.0540354 -1.24525 -1.61725 1.52291 -1.63988 -1.33767 1.56087 0.0713323 1.71466 -0.404936 0.035668 0.0108721 0.732242 -0.316958 -0.0439978 -0.190929 0.012398 -0.0249866 0.269131 -0.093681 -0.0562945 
22 -0.00188496 0.0540354 -1.2441 -1.61725 1.52367 -1.63911 -1.33537 1.55972 0.0690312 1.70699 -0.396162 0.0341421 0.0104906 0.712406 -0.317029 -0.042994 -0.190929 0.0120165 -0.0249866 0.270657 -0.0941122 -0.0555337 
22 -0.00188496 0.0540354 -1.24333 -1.61763 1.52406 -1.63796 -1.33307 1.55857 0.0671137 1.6997 -0.38777 0.0322347 0.0104906 0.691424 -0.317306 -0.0424925 -0.190929 0.011635 -0.0246052 0.272946 -0.0949742 -0.0540115 
22 -0.00188496 0.0540354 -1.24295 -1.61763 1.52521 -1.63719 -1.33077 1.55742 0.0651962 1.69203 -0.378996 0.0303273 0.0104906 0.671588 -0.317377 -0.0414887 -0.190929 0.0112535 -0.0246052 0.274472 -0.095835 -0.0524854 
22 -0.00188496 0.0534071 -1.24218 -1.61802 1.52597 -1.63681 -1.32885 1.55627 0.0628951 1.68436 -0.370604 0.0284199 0.0108721 0.65137 -0.317516 -0.0394814 -0.190929 0.0108721 -0.0246052 0.275616 -0.0964799 -0.0513392 
22 -0.00188496 0.0527788 -1.2418 -1.61802 1.52674 -1.63566 -1.32693 1.55474 0.0609776 1.67708 -0.362211 0.0261311 0.0108721 0.63077 -0.317378 -0.0379767 -0.190929 0.0104906 -0.0246052 0.276761 -0.0971243 -0.0501914 
22 -0.00188496 0.0527788 -1.24141 -1.6184 1.52751 -1.63489 -1.32502 1.5532 0.0586766 1.66941 -0.3542 0.0242237 0.0112535 0.609789 -0.317239 -0.036473 -0.190929 0.0101091 -0.0246052 0.277523 -0.098197 -0.0482753 
22 -0.00188496 0.0527788 -1.24141 -1.6184 1.52866 -1.63412 -1.32348 1.55167 0.0571425 1.66212 -0.345808 0.0223163 0.0112535 0.589952 -0.31689 -0.0344705 -0.190929 0.00972763 -0.0246052 0.279049 -0.0994824 -0.0459704 
22 -0.00188496 0.0527788 -1.24141 -1.61917 1.52943 -1.63336 -1.32195 1.55013 0.055225 1.65445 -0.337415 0.0204089 0.0112535 0.569734 -0.316122 -0.0314733 -0.190929 0.00972763 -0.0246052 0.280575 -0.10052 -0.043229 
22 -0.00188496 0.0527788 -1.24141 -1.61993 1.53058 -1.63297 -1.32041 1.5486 0.0533075 1.64678 -0.330167 0.0185016 0.0112535 0.549134 -0.315349 -0.0284827 -0.19131 0.00934615 -0.0249866 0.282101 -0.102013 -0.0405255 
22 -0.00188496 0.0527788 -1.24141 -1.62032 1.53173 -1.63259 -1.31926 1.54668 0.0517734 1.63949 -0.322538 0.0169757 0.0112535 0.529297 -0.314299 -0.0260015 -0.19131 0.00896468 -0.0249866 0.283246 -0.103469 -0.036995 
22 -0.00188496 0.0534071 -1.2418 -1.6207 1.53288 -1.63221 -1.31811 1.54515 0.0506229 1.63221 -0.31529 0.0154498 0.0112535 0.510224 -0.313095 -0.0220366 -0.191691 0.0085832 -0.0249866 0.284009 -0.10538 -0.0334948 
22 -0.00188496 0.0534071 -1.2418 -1.62147 1.53403 -1.63144 -1.31696 1.54323 0.0490889 1.62454 -0.30766 0.0146868 0.0112535 0.490768 -0.3114 -0.0180955 -0.192073 0.00820172 -0.0253681 0.284772 -0.107035 -0.02955 
22 -0.00188496 0.0534071 -1.24218 -1.62223 1.53518 -1.63105 -1.31581 1.54131 0.0479384 1.61725 -0.300793 0.0135424 0.0108721 0.471695 -0.309698 -0.0141714 -0.192454 0.00743877 -0.0253681 0.285534 -0.109355 -0.0252364 
22 -0.00188496 0.0527788 -1.24256 -1.623 1.53633 -1.63029 -1.31505 1.53901 0.0467878 1.60996 -0.29469 0.0127794 0.0104906 0.453765 -0.307774 -0.009777 -0.192836 0.00667582 -0.0253681 0.286297 -0.111248 -0.0216918 
22 -0.00188496 0.0527788 -1.24333 -1.62377 1.53748 -1.6299 -1.31428 1.5371 0.0452538 1.60229 -0.288205 0.0120165 0.0101091 0.435836 -0.30536 -0.0054208 -0.193217 0.00591287 -0.0253681 0.286679 -0.113595 -0.0181684 
22 -0.00188496 0.0527788 -1.24448 -1.62454 1.53863 -1.62952 -1.31389 1.53518 0.0444868 1.59501 -0.282101 0.011635 0.00972763 0.418669 -0.302673 -0.00159099 -0.19398 0.0055314 -0.0253681 0.287442 -0.116103 -0.0133999 
22 -0.00188496 0.0527788 -1.24525 -1.62492 1.54016 -1.62914 -1.31313 1.53326 0.0433363 1.5881 -0.276379 0.011635 0.00934615 0.402266 -0.298324 0.00263043 -0.194743 0.00514992 -0.0253681 0.288586 -0.118438 -0.00983898 
22 -0.00188496 0.0527788 -1.24601 -1.6253 1.54131 -1.62875 -1.31313 1.53096 0.0425693 1.5812 -0.271038 0.011635 0.0085832 0.386244 -0.292751 0.00626468 -0.195888 0.00476844 -0.0253681 0.290112 -0.121183 -0.00545669 
22 -0.00188496 0.0527788 -1.2464 -1.62645 1.54285 -1.62837 -1.31198 1.52751 0.0418023 1.57353 -0.266079 0.0120165 0.00782025 0.373655 -0.285266 0.00975014 -0.197795 0.00476844 -0.0253681 0.291638 -0.124332 -0.000240211 
22 -0.00188496 0.0540354 -1.24486 -1.62684 1.54438 -1.62837 -1.30968 1.52444 0.0410352 1.56509 -0.262264 0.0120165 0.0070573 0.362211 -0.276873 0.0140753 -0.199321 0.00400549 -0.0253681 0.292782 -0.127728 0.00457758 
22 0 0.0546637 -1.24218 -1.62684 1.54515 -1.63029 -1.30814 1.52444 0.0410352 1.55589 -0.257305 0.012398 0.00629435 0.351911 -0.267497 0.0173063 -0.200847 0.00324254 -0.0249866 0.293927 -0.130854 0.00986321 
22 0 0.0565487 -1.23911 -1.62607 1.54477 -1.63105 -1.30853 1.52712 0.0414187 1.54745 -0.252346 0.0127794 0.0055314 0.343519 -0.257186 0.0203985 -0.202373 0.00209812 -0.0246052 0.295071 -0.134172 0.0155966 
22 0.000628319 0.0578053 -1.23719 -1.62569 1.544 -1.63144 -1.30853 1.53019 0.0421858 1.54016 -0.245861 0.0131609 0.00476844 0.336271 -0.246894 0.0234112 -0.203899 0.000572213 -0.0242237 0.296597 -0.137212 0.0218052 
22 0.00125664 0.0578053 -1.23451 -1.62415 1.54362 -1.63182 -1.30853 1.53134 0.0437198 1.53364 -0.240139 0.0127794 0.00438697 0.329786 -0.236403 0.02679 -0.205806 -0.000953689 -0.0234607 0.298886 -0.140434 0.0284741 
22 0.00125664 0.0578053 -1.23106 -1.62147 1.54477 -1.63336 -1.30776 1.53173 0.0452538 1.52789 -0.233654 0.012398 0.00476844 0.324063 -0.226404 0.0301225 -0.207713 -0.00247959 -0.0226978 0.301556 -0.143369 0.0356259 
22 0.00188496 0.0565487 -1.22837 -1.61955 1.54592 -1.63451 -1.30738 1.53096 0.0460208 1.52214 -0.227169 0.0120165 0.00514992 0.319486 -0.216172 0.0329058 -0.210002 -0.00438697 -0.0223163 0.303845 -0.14601 0.043261 
22 0.00188496 0.0540354 -1.22684 -1.61763 1.54668 -1.63451 -1.30738 1.53019 0.0471714 1.51562 -0.220684 0.0120165 0.00591287 0.313382 -0.20621 0.0360895 -0.21191 -0.00629435 -0.0215534 0.306516 -0.148425 0.0505179 
22 0.00188496 0.0515221 -1.22492 -1.6161 1.54707 -1.63412 -1.30738 1.52943 0.0479384 1.5091 -0.214961 0.011635 0.0070573 0.308804 -0.196517 0.0396661 -0.213817 -0.00782025 -0.0215534 0.310712 -0.150735 0.0586826 
22 0.00188496 0.0496372 -1.22339 -1.61495 1.54707 -1.63336 -1.30738 1.52828 0.0494724 1.50373 -0.209239 0.0104906 0.00896468 0.303464 -0.187307 0.0432113 -0.216869 -0.00972763 -0.0211719 0.313382 -0.153556 0.0660293 
22 0.00188496 0.0477522 -1.22185 -1.6138 1.54822 -1.63297 -1.30776 1.52712 0.0510064 1.49836 -0.204662 0.00934615 0.0108721 0.298505 -0.178139 0.0475587 -0.219921 -0.011635 -0.0211719 0.318341 -0.155883 0.0734236 
22 0.00125664 0.0471239 -1.22032 -1.61341 1.54975 -1.63221 -1.30738 1.52636 0.0521569 1.49299 -0.200847 0.0085832 0.0127794 0.293164 -0.168738 0.0513669 -0.222972 -0.0131609 -0.0211719 0.322156 -0.158458 0.0804288 
22 0.00125664 0.0483805 -1.21917 -1.61341 1.5509 -1.63105 -1.30738 1.52559 0.0525404 1.48609 -0.197795 0.00782025 0.0150683 0.287442 -0.16006 0.0556039 -0.227169 -0.0143053 -0.0211719 0.327878 -0.161006 0.0874791 
22 0.00125664 0.0502655 -1.21802 -1.61303 1.55129 -1.63029 -1.30814 1.52674 0.0533075 1.47919 -0.194362 0.00743877 0.0169757 0.28172 -0.151613 0.0593668 -0.230602 -0.0154498 -0.0211719 0.332456 -0.163623 0.0936957 
22 0.00125664 0.0527788 -1.21763 -1.61303 1.5509 -1.6299 -1.30853 1.52751 0.0540745 1.47343 -0.192073 0.00743877 0.0181201 0.275616 -0.143418 0.0635144 -0.235561 -0.0165942 -0.0215534 0.33856 -0.1665 0.0995185 
22 0.00125664 0.0546637 -1.21687 -1.61265 1.55129 -1.62914 -1.30891 1.52751 0.0548415 1.46768 -0.190547 0.00782025 0.0192645 0.269131 -0.135233 0.0675948 -0.239757 -0.0173571 -0.0219348 0.344663 -0.16946 0.104496 
22 0 0.0559203 -1.2161 -1.61188 1.55205 -1.62875 -1.30853 1.52674 0.055992 1.46154 -0.188258 0.0085832 0.0207904 0.263027 -0.127296 0.0720541 -0.244717 -0.0181201 -0.0223163 0.350767 -0.172224 0.109054 
22 0 0.057177 -1.21572 -1.61035 1.5532 -1.62837 -1.30853 1.52597 0.0571425 1.45579 -0.185588 0.00972763 0.0223163 0.256924 -0.11979 0.0748498 -0.248913 -0.018883 -0.0226978 0.357633 -0.175186 0.11186 
22 0 0.0578053 -1.21533 -1.60919 1.55359 -1.6276 -1.30853 1.52521 0.058293 1.45081 -0.183299 0.011635 0.0234607 0.25082 -0.112754 0.0776627 -0.254635 -0.0192645 -0.0230793 0.365644 -0.178145 0.114683 
22 0 0.0578053 -1.21572 -1.60843 1.55359 -1.62684 -1.30891 1.52444 0.0594436 1.44505 -0.180629 0.0131609 0.0246052 0.245098 -0.106371 0.0784836 -0.259213 -0.0200275 -0.0238422 0.373655 -0.181314 0.115733 
22 0 0.057177 -1.21572 -1.60766 1.55359 -1.62645 -1.30929 1.52367 0.0605941 1.43968 -0.177577 0.0143053 0.0257496 0.239376 -0.100676 0.0789742 -0.264553 -0.0211719 -0.0242237 0.382429 -0.184772 0.116351 
22 -0.000628319 0.0565487 -1.21533 -1.60651 1.55359 -1.62569 -1.30968 1.52291 0.0621281 1.4347 -0.174907 0.0154498 0.0265126 0.233654 -0.0958664 0.0779552 -0.270275 -0.0219348 -0.0249866 0.391203 -0.18787 0.11605 
22 -0.00188496 0.055292 -1.21533 -1.60613 1.55359 -1.62454 -1.31006 1.52214 0.0632786 1.42971 -0.172618 0.0154498 0.0272755 0.228695 -0.0916998 0.0750109 -0.275235 -0.0230793 -0.0257496 0.400359 -0.190897 0.114381 
22 -0.00188496 0.0546637 -1.21457 -1.60536 1.55359 -1.62338 -1.31006 1.52137 0.0644292 1.4255 -0.171092 0.0154498 0.0280385 0.222972 -0.0886418 0.0710161 -0.280957 -0.0242237 -0.0265126 0.410277 -0.194106 0.113168 
22 -0.000628319 0.0540354 -1.2138 -1.60498 1.5532 -1.62223 -1.30968 1.52022 0.0655797 1.42166 -0.169566 0.0146868 0.0284199 0.218013 -0.0862043 0.0651089 -0.286297 -0.0253681 -0.0272755 0.419814 -0.196952 0.111019 
22 0 0.0521504 -1.21303 -1.60536 1.55282 -1.62108 -1.30968 1.51869 0.0663467 1.41706 -0.16804 0.0135424 0.0288014 0.213436 -0.0844209 0.0588958 -0.291638 -0.0261311 -0.0280385 0.430114 -0.199798 0.10886 
22 0 0.0515221 -1.21188 -1.60536 1.55205 -1.61955 -1.30968 1.51754 0.0674972 1.41246 -0.166514 0.0120165 0.0291829 0.208858 -0.0835315 0.0527931 -0.29736 -0.0265126 -0.0288014 0.440795 -0.202644 0.106693 
22 0 0.0515221 -1.21073 -1.60574 1.55167 -1.61878 -1.30968 1.51715 0.0686477 1.40785 -0.164988 0.0104906 0.0291829 0.204662 -0.0828667 0.0471196 -0.303082 -0.0272755 -0.0295644 0.452621 -0.205408 0.103134 
22 -0.000628319 0.0515221 -1.20996 -1.60574 1.55129 -1.61802 -1.30968 1.51754 0.0697983 1.40364 -0.163462 0.00896468 0.0291829 0.200847 -0.082185 0.0414482 -0.309186 -0.0284199 -0.0303273 0.463684 -0.208066 0.100478 
22 -0.000628319 0.0515221 -1.20881 -1.60536 1.55129 -1.61725 -1.30968 1.51754 0.0713323 1.3998 -0.161936 0.00782025 0.0291829 0.197414 -0.0817684 0.0370057 -0.315671 -0.0291829 -0.0307088 0.475128 -0.211008 0.0973605 
22 -0.000628319 0.0521504 -1.20805 -1.60498 1.5509 -1.61687 -1.30929 1.51754 0.0728663 1.39635 -0.159648 0.00629435 0.0291829 0.194362 -0.0811677 0.0337488 -0.321775 -0.0299458 -0.0310903 0.488479 -0.213003 0.0941993 
22 -0.000628319 0.0521504 -1.2069 -1.60421 1.5509 -1.61648 -1.30891 1.51677 0.0736333 1.3929 -0.15774 0.0055314 0.0288014 0.190929 -0.0803514 0.0308756 -0.328641 -0.0307088 -0.0314717 0.500687 -0.215749 0.0905891 
22 -0.000628319 0.0521504 -1.20613 -1.60344 1.5509 -1.6161 -1.30853 1.516 0.0744003 1.38945 -0.156214 0.00514992 0.0288014 0.187877 -0.0796078 0.0296112 -0.335889 -0.0314717 -0.0314717 0.514038 -0.217735 0.0874078 
22 0 0.0521504 -1.20536 -1.60268 1.5509 -1.6161 -1.30814 1.51524 0.0751674 1.38599 -0.15507 0.00476844 0.0284199 0.185588 -0.0789404 0.0299531 -0.3439 -0.0322347 -0.0318532 0.528153 -0.220282 0.0833047 
22 -0.000628319 0.0521504 -1.2046 -1.60152 1.55129 -1.61533 -1.30814 1.51447 0.0759344 1.38178 -0.153544 0.00514992 0.0284199 0.182918 -0.0785203 0.0307146 -0.351148 -0.0329976 -0.0318532 0.541505 -0.222257 0.0801034 
22 -0.000628319 0.0521504 -1.20421 -1.60037 1.55129 -1.61495 -1.30776 1.51447 0.0767014 1.37794 -0.152399 0.00514992 0.0284199 0.180247 -0.0776804 0.0322392 -0.358396 -0.0337606 -0.0322347 0.555238 -0.224036 0.0764262 
22 -0.000628319 0.0521504 -1.20383 -1.59961 1.55129 -1.61456 -1.30776 1.51485 0.0774684 1.37411 -0.151255 0.0055314 0.0280385 0.17834 -0.0768755 0.0345606 -0.365644 -0.0345235 -0.0322347 0.570878 -0.226001 0.0732074 
22 -0.000628319 0.0521504 -1.20383 -1.59884 1.55129 -1.61456 -1.30776 1.51485 0.0782354 1.37027 -0.150492 0.00591287 0.0284199 0.176432 -0.0760681 0.0368781 -0.373274 -0.0352865 -0.0322347 0.584993 -0.227962 0.0699799 
22 -0.000628319 0.0521504 -1.20383 -1.59769 1.55129 -1.61418 -1.30776 1.51485 0.0790024 1.36682 -0.149729 0.00629435 0.0284199 0.174144 -0.0755038 0.0396129 -0.381285 -0.0360494 -0.0322347 0.600633 -0.229917 0.0667437 
22 -0.000628319 0.0521504 -1.20383 -1.59692 1.55167 -1.6138 -1.30738 1.51485 0.0797694 1.36375 -0.149348 0.00629435 0.0284199 0.172236 -0.0746909 0.0419225 -0.388914 -0.0364309 -0.0322347 0.616655 -0.231589 0.0639628 
22 0 0.0527788 -1.20344 -1.59616 1.55129 -1.6138 -1.30776 1.51485 0.0801529 1.3603 -0.149348 0.00591287 0.0288014 0.17071 -0.0738754 0.0442281 -0.396925 -0.0364309 -0.0318532 0.633059 -0.233258 0.0611755 
22 0 0.0527788 -1.20306 -1.59501 1.5509 -1.6138 -1.30776 1.51524 0.08092 1.35685 -0.149348 0.00591287 0.0291829 0.169566 -0.0730261 0.0457327 -0.404936 -0.035668 -0.0318532 0.649081 -0.234645 0.0588479 
22 0 0.0527788 -1.20268 -1.59424 1.55052 -1.6138 -1.30814 1.51524 0.0813035 1.3534 -0.149348 0.0055314 0.0295644 0.168421 -0.071932 0.0468135 -0.412566 -0.0352865 -0.0314717 0.665866 -0.23603 0.0565159 
22 -0.000628319 0.0527788 -1.20229 -1.59309 1.54975 -1.6138 -1.30776 1.516 0.0820705 1.35033 -0.149348 0.00514992 0.0299458 0.167659 -0.0710504 0.0475175 -0.420958 -0.034905 -0.0310903 0.682651 -0.237413 0.0541794 
22 0 0.0527788 -1.20191 -1.59194 1.54937 -1.61341 -1.30814 1.51639 0.0828375 1.34764 -0.149348 0.00514992 0.0303273 0.167277 -0.0703815 0.0478457 -0.428588 -0.034905 -0.0310903 0.700198 -0.238792 0.0518385 
22 0 0.0521504 -1.20114 -1.59117 1.54898 -1.6138 -1.30814 1.51677 0.083221 1.34496 -0.149348 0.00514992 0.0307088 0.166896 -0.0699253 0.0477998 -0.436599 -0.0345235 -0.0310903 0.717746 -0.239894 0.0499625 
22 0 0.0521504 -1.20076 -1.58964 1.5486 -1.6138 -1.30853 1.51792 0.083988 1.34227 -0.149348 0.00514992 0.0310903 0.166514 -0.069226 0.0473338 -0.444991 -0.0345235 -0.0307088 0.735294 -0.240994 0.0480838 
22 0 0.0521504 -1.19999 -1.58734 1.54822 -1.6138 -1.30853 1.51869 0.0843715 1.33959 -0.149348 0.00514992 0.0314717 0.166514 -0.0687384 0.0464928 -0.453384 -0.0345235 -0.0307088 0.752842 -0.242294 0.0466688 
22 0 0.0521504 -1.19923 -1.5858 1.54783 -1.61418 -1.30891 1.51984 0.0851385 1.33691 -0.149348 0.00514992 0.0318532 0.166514 -0.0684625 0.0452786 -0.461395 -0.0341421 -0.0303273 0.77039 -0.243391 0.0447843 
22 0 0.0515221 -1.19846 -1.58388 1.54783 -1.61418 -1.30891 1.5206 0.0859055 1.3346 -0.148966 0.00476844 0.0322347 0.166896 -0.0680065 0.0452335 -0.469787 -0.0341421 -0.0295644 0.788319 -0.244212 0.0433692 
22 0 0.0515221 -1.19769 -1.58197 1.54783 -1.61418 -1.30891 1.52137 0.0862891 1.3323 -0.148966 0.00476844 0.0329976 0.166896 -0.0675184 0.0443947 -0.47818 -0.0337606 -0.0284199 0.805867 -0.245033 0.0419524 
22 0 0.0515221 -1.19693 -1.58043 1.54745 -1.61418 -1.30891 1.52176 0.0870561 1.33 -0.148585 0.00476844 0.0337606 0.167277 -0.0670298 0.0435564 -0.486191 -0.0337606 -0.027657 0.823415 -0.246328 0.0405276 
22 0 0.0515221 -1.19654 -1.57928 1.54707 -1.6138 -1.30891 1.52252 0.0878231 1.3277 -0.148585 0.00438697 0.034905 0.167659 -0.0665409 0.0427188 -0.494202 -0.0337606 -0.026894 0.8402 -0.247077 0.0400464 
22 0 0.0521504 -1.19616 -1.57813 1.54668 -1.61341 -1.30891 1.52367 0.0885901 1.32578 -0.148203 0.00438697 0.035668 0.16804 -0.0660846 0.0426745 -0.502213 -0.0333791 -0.0261311 0.856603 -0.248371 0.0386188 
22 0 0.0521504 -1.19577 -1.57698 1.54668 -1.61341 -1.30891 1.52444 0.0889736 1.32425 -0.147822 0.00438697 0.0364309 0.168421 -0.0660845 0.0426743 -0.509842 -0.0333791 -0.0253681 0.871862 -0.249392 0.0376622 
22 0 0.0527788 -1.19501 -1.57583 1.5463 -1.61341 -1.30929 1.52521 0.0897406 1.32272 -0.147822 0.00400549 0.0375753 0.168803 -0.0658729 0.0430482 -0.517472 -0.0329976 -0.0246052 0.887503 -0.250345 0.0376459 
22 0 0.0527788 -1.19462 -1.57391 1.54553 -1.6138 -1.30929 1.52597 0.0905076 1.32118 -0.147822 0.00400549 0.0387198 0.169184 -0.0658729 0.0430485 -0.525101 -0.0329976 -0.0242237 0.903143 -0.251365 0.0366885 
22 0 0.0527788 -1.19424 -1.57199 1.54515 -1.61341 -1.30891 1.52674 0.0912746 1.32003 -0.147822 0.00400549 0.0398642 0.169947 -0.0661174 0.0434671 -0.532731 -0.0326162 -0.0238422 0.916876 -0.25259 0.0361967 
22 0 0.0527788 -1.19386 -1.57008 1.54477 -1.61341 -1.30891 1.52751 0.0924252 1.3185 -0.147822 0.00400549 0.0410086 0.170329 -0.0663618 0.0438858 -0.539979 -0.0326162 -0.0230793 0.930991 -0.25361 0.0352353 
22 0 0.0527788 -1.19309 -1.56816 1.54438 -1.61341 -1.30891 1.52828 0.0931922 1.31773 -0.14744 0.00438697 0.0417716 0.171473 -0.0663617 0.0438858 -0.546845 -0.0322347 -0.0226978 0.944343 -0.25504 0.0352105 
22 0 0.0527788 -1.19232 -1.56663 1.54477 -1.61303 -1.30853 1.52866 0.0943427 1.31735 -0.14744 0.00438697 0.042916 0.172236 -0.0668504 0.0447239 -0.552949 -0.0322347 -0.0219348 0.957694 -0.255993 0.0351928 
22 0 0.0527788 -1.19194 -1.56548 1.54477 -1.61226 -1.30814 1.52943 0.0954932 1.31696 -0.147059 0.00438697 0.0440604 0.173381 -0.0670942 0.0451429 -0.559052 -0.0318532 -0.0215534 0.969902 -0.257355 0.0361186 
22 0 0.0521504 -1.19156 -1.56432 1.54477 -1.61226 -1.30776 1.53019 0.0962602 1.31696 -0.147059 0.00476844 0.0452049 0.174907 -0.0673382 0.0455622 -0.56363 -0.0318532 -0.0211719 0.982109 -0.258513 0.0365745 
22 0 0.0521504 -1.19079 -1.56356 1.54438 -1.61226 -1.30738 1.53058 0.0970272 1.31658 -0.146677 0.00476844 0.0463493 0.176051 -0.0675821 0.0459816 -0.568589 -0.0318532 -0.0207904 0.993553 -0.259944 0.0365525 
22 0 0.0521504 -1.19041 -1.56241 1.544 -1.61226 -1.30738 1.53058 0.0981778 1.31658 -0.146677 0.00514992 0.0471122 0.177195 -0.067582 0.0459816 -0.573167 -0.0318532 -0.0200275 1.00347 -0.26158 0.0370036 
22 0 0.0515221 -1.18964 -1.56087 1.54362 -1.61188 -1.30661 1.53058 0.0989448 1.3162 -0.146677 0.00514992 0.0478752 0.178721 -0.0678259 0.0464012 -0.577745 -0.0314717 -0.0192645 1.01263 -0.263012 0.036983 
22 0 0.0515221 -1.18887 -1.55972 1.54323 -1.6115 -1.30584 1.53096 0.100095 1.3162 -0.146677 0.00514992 0.0490196 0.179866 -0.0680697 0.046821 -0.581559 -0.0318532 -0.0185016 1.0214 -0.264648 0.037437 
22 0 0.0515221 -1.1881 -1.55819 1.54323 -1.61111 -1.30507 1.53134 0.100862 1.31658 -0.147059 0.0055314 0.0497826 0.181773 -0.0685258 0.046867 -0.585756 -0.0318532 -0.0181201 1.02941 -0.266285 0.0378929 
22 0 0.0515221 -1.18734 -1.55704 1.54323 -1.61111 -1.30469 1.53211 0.101629 1.3162 -0.147059 0.00591287 0.0505455 0.183299 -0.0685256 0.0468668 -0.588426 -0.0318532 -0.0173571 1.03552 -0.267787 0.0369164 
22 0 0.0515221 -1.18657 -1.55589 1.54323 -1.61073 -1.30392 1.53211 0.10278 1.3162 -0.147059 0.00629435 0.0513085 0.185206 -0.0687694 0.0472869 -0.591859 -0.0318532 -0.0169757 1.04047 -0.269221 0.0368972 
22 0 0.0515221 -1.1858 -1.55474 1.54323 -1.60996 -1.30277 1.53249 0.103547 1.3162 -0.147059 0.00667582 0.0520714 0.186732 -0.0690129 0.0477071 -0.594911 -0.0318532 -0.0162127 1.04582 -0.271133 0.036872 
22 0 0.0521504 -1.18542 -1.55397 1.54285 -1.60958 -1.30162 1.53288 0.104697 1.31658 -0.147059 0.00743877 0.0528344 0.18864 -0.0692564 0.0481275 -0.596819 -0.0318532 -0.0154498 1.04887 -0.272568 0.0368535 
22 0 0.0521504 -1.18465 -1.55359 1.54246 -1.60919 -1.30086 1.53326 0.106231 1.31696 -0.147059 0.00782025 0.0532158 0.190547 -0.0692563 0.0481274 -0.598344 -0.0314717 -0.0146868 1.05154 -0.274208 0.0373142 
22 0 0.0521504 -1.18389 -1.5532 1.54246 -1.60881 -1.30009 1.53364 0.106998 1.31735 -0.147059 0.0085832 0.0539788 0.192836 -0.0694998 0.048548 -0.59987 -0.0314717 -0.0143053 1.05383 -0.276122 0.0372915 
22 0 0.0527788 -1.18312 -1.55282 1.5417 -1.60843 -1.29932 1.53364 0.107765 1.31811 -0.14744 0.00896468 0.0543603 0.194743 -0.0697431 0.0489686 -0.600633 -0.0314717 -0.0131609 1.05459 -0.277558 0.0372749 
22 0 0.0527788 -1.18235 -1.55205 1.54131 -1.60843 -1.29817 1.53364 0.108149 1.3185 -0.14744 0.00934615 0.0551232 0.197032 -0.069743 0.0489686 -0.601015 -0.0310903 -0.012398 1.05421 -0.279473 0.0372532 
22 0 0.0527788 -1.18158 -1.5509 1.54093 -1.60804 -1.29702 1.53364 0.108916 1.31888 -0.147822 0.00972763 0.0558862 0.199321 -0.0699863 0.0493894 -0.601015 -0.0310903 -0.011635 1.0523 -0.281115 0.0377199 
22 0 0.0521504 -1.18082 -1.54975 1.54055 -1.60766 -1.29549 1.53364 0.109683 1.31926 -0.147822 0.0108721 0.0562676 0.20161 -0.0702295 0.0498104 -0.600252 -0.0310903 -0.0112535 1.04963 -0.282826 0.037217 
22 0 0.0521504 -1.18005 -1.5486 1.54055 -1.60728 -1.29434 1.53364 0.109683 1.32003 -0.148203 0.011635 0.0570306 0.203899 -0.0704725 0.0502314 -0.598726 -0.0307088 -0.0104906 1.04696 -0.284264 0.037202 
22 0 0.0521504 -1.17928 -1.54783 1.54055 -1.60689 -1.29319 1.53364 0.110066 1.32041 -0.148585 0.012398 0.0574121 0.206188 -0.0707155 0.0506527 -0.597581 -0.0307088 -0.00972763 1.04162 -0.285976 0.036698 
22 0 0.0521504 -1.1789 -1.54668 1.54055 -1.60651 -1.29203 1.53364 0.11045 1.32118 -0.148585 0.0139239 0.058175 0.208858 -0.0709583 0.0510741 -0.596056 -0.0307088 -0.00896468 1.03704 -0.287415 0.0366832 
22 0 0.0521504 -1.17813 -1.54592 1.54093 -1.60574 -1.2905 1.53364 0.110833 1.32195 -0.148966 0.0150683 0.0585565 0.211528 -0.0712011 0.0514956 -0.593767 -0.0307088 -0.0085832 1.02979 -0.288786 0.0376457 
22 0 0.0515221 -1.17737 -1.54515 1.54093 -1.60536 -1.28935 1.53364 0.110833 1.32272 -0.148966 0.0162127 0.0593194 0.213817 -0.0716574 0.0515435 -0.590333 -0.0303273 -0.00782025 1.02178 -0.290431 0.0381202 
22 0 0.0515221 -1.17698 -1.54477 1.54093 -1.60459 -1.28743 1.53364 0.110833 1.32348 -0.149348 0.0177386 0.0597009 0.216487 -0.0719 0.0519651 -0.587663 -0.0303273 -0.0070573 1.01301 -0.291666 0.0376208 
22 0 0.0521504 -1.1766 -1.54477 1.54131 -1.60421 -1.2859 1.53364 0.111217 1.32425 -0.149348 0.0192645 0.0600824 0.219158 -0.0718999 0.0519651 -0.58423 -0.0299458 -0.00629435 1.00347 -0.292832 0.0381012 
22 0 0.0521504 -1.17583 -1.54477 1.54131 -1.60383 -1.28475 1.53364 0.110833 1.3254 -0.149729 0.0207904 0.0604639 0.221828 -0.0721426 0.0523871 -0.579652 -0.0295644 -0.00591287 0.993553 -0.293998 0.038583 
22 0 0.0521504 -1.17545 -1.54438 1.54131 -1.60344 -1.28321 1.53403 0.111217 1.32655 -0.150111 0.0219348 0.0608453 0.224117 -0.072356 0.0520127 -0.575456 -0.0291829 -0.00514992 0.982109 -0.295164 0.0390662 
22 0 0.0521504 -1.17507 -1.544 1.54131 -1.60268 -1.28168 1.53403 0.110833 1.32732 -0.150492 0.0226978 0.0612268 0.226787 -0.0728125 0.0520612 -0.570115 -0.0288014 -0.00438697 0.968376 -0.296331 0.0395507 
22 0 0.0521504 -1.1743 -1.54323 1.54131 -1.60268 -1.27976 1.53403 0.110833 1.32847 -0.150492 0.0238422 0.0616083 0.229839 -0.0732392 0.0513108 -0.564775 -0.0284199 -0.00362402 0.956168 -0.297016 0.0400396 
22 0 0.0521504 -1.17391 -1.54246 1.5417 -1.60229 -1.27823 1.53441 0.110833 1.32923 -0.150874 0.0249866 0.0619898 0.232128 -0.0734529 0.050937 -0.559052 -0.0280385 -0.00286107 0.940909 -0.297567 0.0390516 
22 0 0.0521504 -1.17315 -1.54208 1.54131 -1.60229 -1.27708 1.53479 0.110833 1.33039 -0.150874 0.0265126 0.0623713 0.234798 -0.0740931 0.0498123 -0.552186 -0.0272755 -0.00209812 0.925269 -0.298048 0.0390485 
22 0 0.0521504 -1.17315 -1.5417 1.54131 -1.60191 -1.27554 1.53479 0.11045 1.33115 -0.151255 0.0280385 0.0627527 0.237469 -0.0747326 0.0486859 -0.545701 -0.0265126 -0.00171664 0.909247 -0.298597 0.0380602 
22 0 0.0521504 -1.17276 -1.54093 1.54131 -1.60191 -1.27439 1.53518 0.110833 1.3323 -0.151255 0.0295644 0.0627527 0.240139 -0.0753717 0.0475581 -0.538834 -0.0257496 -0.000953689 0.892462 -0.298872 0.0375656 
22 0 0.0521504 -1.17238 -1.54016 1.54131 -1.60191 -1.27286 1.53556 0.11045 1.33345 -0.151255 0.0310903 0.0627527 0.242809 -0.0760102 0.0464289 -0.531586 -0.0249866 -0.000190738 0.874533 -0.299146 0.0370708 
22 0 0.0521504 -1.17238 -1.53978 1.54131 -1.60152 -1.27171 1.53595 0.11045 1.3346 -0.151255 0.0333791 0.0631342 0.245861 -0.0766482 0.0452982 -0.523957 -0.0238422 0.000572213 0.85584 -0.29894 0.0365802 
22 0 0.0521504 -1.172 -1.5394 1.5417 -1.60152 -1.27017 1.53595 0.110066 1.33575 -0.151255 0.034905 0.0631342 0.248531 -0.0772857 0.0441662 -0.516327 -0.0226978 0.00133516 0.836385 -0.298733 0.0360892 
22 0 0.0521504 -1.172 -1.53901 1.5417 -1.60152 -1.26902 1.53671 0.109683 1.33691 -0.151255 0.0364309 0.0631342 0.25082 -0.0781349 0.0426545 -0.508316 -0.0219348 0.00209812 0.81693 -0.298527 0.0355986 
22 0 0.0521504 -1.17161 -1.53863 1.54208 -1.60152 -1.26826 1.5371 0.109299 1.33806 -0.151255 0.0379568 0.0635157 0.253491 -0.0792284 0.0415632 -0.499924 -0.0207904 0.00324254 0.797093 -0.297839 0.0351125 
22 0 0.0521504 -1.17161 -1.53825 1.54208 -1.60191 -1.26749 1.53786 0.108916 1.33921 -0.151255 0.0398642 0.0635157 0.256161 -0.0805335 0.0400901 -0.491913 -0.019646 0.00362402 0.776875 -0.296945 0.0341375 
22 0 0.0521504 -1.17161 -1.53748 1.54208 -1.60229 -1.26672 1.53863 0.108916 1.34074 -0.151637 0.0413901 0.0638972 0.25845 -0.0815918 0.03819 -0.483139 -0.018883 0.00400549 0.755131 -0.295777 0.0336591 
22 0 0.0521504 -1.17161 -1.53671 1.54208 -1.60268 -1.26634 1.5394 0.108532 1.34189 -0.151637 0.0432975 0.0642786 0.260739 -0.0831065 0.036328 -0.474746 -0.0177386 0.00438697 0.733768 -0.294675 0.0322007 
22 0 0.0521504 -1.17161 -1.53595 1.54208 -1.60268 -1.26557 1.54016 0.108149 1.34342 -0.152018 0.0448234 0.0646601 0.263409 -0.0850781 0.0345021 -0.465591 -0.0165942 0.00438697 0.712024 -0.293572 0.0307461 
22 0 0.0521504 -1.17161 -1.53518 1.54208 -1.60306 -1.26557 1.54093 0.108149 1.34496 -0.152018 0.0463493 0.0650416 0.265698 -0.0868013 0.032245 -0.456817 -0.0154498 0.00476844 0.689517 -0.29178 0.0288178 
22 0 0.0521504 -1.172 -1.53479 1.54208 -1.60344 -1.26519 1.54208 0.107765 1.34649 -0.152399 0.0474937 0.0654231 0.267987 -0.0887331 0.0295956 -0.447662 -0.0143053 0.00476844 0.667773 -0.290258 0.0264049 
22 0 0.0521504 -1.172 -1.53403 1.54208 -1.60344 -1.26519 1.54246 0.107765 1.34803 -0.152399 0.0486381 0.0658045 0.269894 -0.090872 0.0265498 -0.438888 -0.0131609 0.00514992 0.645266 -0.288463 0.024493 
22 0 0.0521504 -1.17238 -1.53326 1.5417 -1.60383 -1.26519 1.54362 0.107382 1.34994 -0.152781 0.0497826 0.066186 0.272564 -0.0927981 0.0238789 -0.429732 -0.0120165 0.00514992 0.623522 -0.286187 0.0226003 
22 0 0.0521504 -1.17276 -1.53249 1.5417 -1.60383 -1.26557 1.54438 0.107382 1.35148 -0.153162 0.0513085 0.066186 0.274853 -0.0953899 0.0208451 -0.420958 -0.0104906 0.0055314 0.601015 -0.28439 0.0207053 
22 0 0.0521504 -1.17315 -1.53211 1.54131 -1.60421 -1.26596 1.54553 0.107765 1.3534 -0.153162 0.0524529 0.0665675 0.276761 -0.0977702 0.0181866 -0.411803 -0.0101091 0.0055314 0.580034 -0.281692 0.0178775 
22 0 0.0521504 -1.17391 -1.53134 1.54131 -1.60459 -1.26672 1.5463 0.107765 1.35531 -0.153544 0.0535973 0.066949 0.278668 -0.100312 0.0143045 -0.40341 -0.00972763 0.0055314 0.557527 -0.279202 0.0155419 
22 0 0.0521504 -1.17468 -1.53058 1.54093 -1.60498 -1.26749 1.54783 0.107765 1.35723 -0.154307 0.0551232 0.0677119 0.281338 -0.103055 0.010008 -0.394636 -0.00972763 0.00591287 0.536927 -0.276076 0.011802 
22 0 0.0521504 -1.17545 -1.52943 1.54055 -1.60574 -1.26826 1.54937 0.107765 1.35953 -0.154688 0.0566491 0.0680934 0.283246 -0.106203 0.00489378 -0.385863 -0.00972763 0.00629435 0.516327 -0.273157 0.0085585 
22 0 0.0521504 -1.1766 -1.52828 1.54016 -1.60574 -1.26941 1.5509 0.107765 1.36222 -0.15507 0.0577935 0.0688563 0.285534 -0.109134 0.000145616 -0.377852 -0.0101091 0.00629435 0.494965 -0.270022 0.00486924 
22 0 0.0521504 -1.17813 -1.52751 1.54016 -1.60651 -1.27094 1.55282 0.107765 1.36452 -0.155833 0.058938 0.0692378 0.28706 -0.112722 -0.00500699 -0.369459 -0.0101091 0.00667582 0.474746 -0.266142 0.00171489 
22 0 0.0521504 -1.17928 -1.52597 1.54016 -1.60728 -1.27286 1.55474 0.107765 1.3672 -0.156596 0.0597009 0.0696193 0.289349 -0.116502 -0.0106023 -0.36183 -0.0104906 0.00667582 0.454528 -0.262308 -0.00235879 
22 0 0.0521504 -1.18082 -1.52406 1.53978 -1.60843 -1.27516 1.55627 0.107765 1.3695 -0.157359 0.0604639 0.0703822 0.291638 -0.12027 -0.0162416 -0.3542 -0.0104906 0.00667582 0.435454 -0.258423 -0.00545463 
22 0 0.0521504 -1.18197 -1.52291 1.53978 -1.60881 -1.27785 1.55781 0.108149 1.37257 -0.158503 0.0616083 0.0707637 0.293545 -0.124426 -0.0227465 -0.346952 -0.0101091 0.00667582 0.416762 -0.254322 -0.00897953 
22 0 0.0521504 -1.1835 -1.52099 1.53978 -1.60919 -1.27976 1.55972 0.108532 1.37564 -0.159648 0.0623713 0.0711452 0.295453 -0.128827 -0.0288789 -0.340848 -0.0101091 0.00629435 0.398833 -0.249226 -0.0114799 
22 0 0.0521504 -1.18504 -1.51907 1.54016 -1.60996 -1.28168 1.56126 0.108532 1.37909 -0.161173 0.0631342 0.0715267 0.29736 -0.133146 -0.0359164 -0.334745 -0.0101091 0.00629435 0.382048 -0.242238 -0.0138305 
22 0 0.0521504 -1.18619 -1.51754 1.54016 -1.61073 -1.28321 1.56241 0.109299 1.38254 -0.162699 0.0642786 0.0719081 0.300031 -0.137709 -0.0425884 -0.329404 -0.00972763 0.00591287 0.365644 -0.234054 -0.0156026 
22 0 0.0521504 -1.18657 -1.51409 1.54016 -1.61111 -1.2836 1.56394 0.109683 1.38638 -0.164225 0.0650416 0.0719081 0.302319 -0.142643 -0.0501756 -0.326352 -0.00972763 0.00514992 0.351911 -0.224251 -0.0176794 
22 0 0.0527788 -1.1858 -1.51102 1.54055 -1.61035 -1.28245 1.56471 0.11045 1.39213 -0.16537 0.0658045 0.0715267 0.304227 -0.147551 -0.0578446 -0.322919 -0.00934615 0.00438697 0.339704 -0.21331 -0.0200706 
22 -0.000628319 0.0546637 -1.1858 -1.51025 1.5417 -1.60766 -1.28091 1.56586 0.110833 1.39827 -0.166896 0.0665675 0.0711452 0.306897 -0.152432 -0.0655966 -0.319104 -0.00934615 0.00362402 0.330167 -0.201415 -0.021432 
22 -0.00188496 0.0559203 -1.18695 -1.51217 1.54285 -1.60651 -1.28053 1.56701 0.11045 1.40364 -0.167659 0.0680934 0.0711452 0.309567 -0.157558 -0.0729986 -0.31529 -0.00896468 0.00247959 0.321393 -0.188398 -0.0230965 
22 -0.00188496 0.057177 -1.1881 -1.5137 1.54438 -1.60766 -1.28015 1.56778 0.109683 1.40977 -0.168421 0.0696193 0.0703822 0.312238 -0.161914 -0.0809131 -0.309567 -0.00782025 0.00133516 0.314145 -0.174443 -0.0237546 
22 -0.00251327 0.0578053 -1.18887 -1.51485 1.54477 -1.60804 -1.27976 1.56893 0.108916 1.41629 -0.169184 0.0711452 0.0700008 0.31529 -0.166797 -0.0880364 -0.303845 -0.00667582 0.000190738 0.309186 -0.161287 -0.0257239 
22 -0.00314159 0.057177 -1.18887 -1.51562 1.54515 -1.60881 -1.27976 1.56854 0.108532 1.42281 -0.17071 0.0726711 0.0696193 0.318723 -0.171188 -0.0952247 -0.297742 -0.00476844 -0.000953689 0.303845 -0.148381 -0.0272231 
22 -0.00439823 0.0546637 -1.18964 -1.516 1.54438 -1.60881 -1.27976 1.56701 0.108149 1.42933 -0.172236 0.0738155 0.0692378 0.321775 -0.175368 -0.102032 -0.291257 -0.00247959 -0.00209812 0.300031 -0.135584 -0.0303581 
22 -0.00439823 0.0521504 -1.18964 -1.51639 1.54362 -1.60919 -1.27861 1.56586 0.108149 1.43508 -0.173762 0.0745785 0.0684749 0.325589 -0.179341 -0.108449 -0.28439 -0.000572213 -0.00324254 0.295071 -0.123459 -0.0322204 
22 -0.00314159 0.0496372 -1.19002 -1.51639 1.54323 -1.61035 -1.279 1.56509 0.107765 1.4393 -0.176432 0.0753414 0.0677119 0.329786 -0.183292 -0.114925 -0.278668 0.00171664 -0.00476844 0.291638 -0.111647 -0.0352903 
22 -0.00251327 0.0471239 -1.19041 -1.516 1.54323 -1.61073 -1.28015 1.56624 0.107382 1.44352 -0.180247 0.0768673 0.0665675 0.333982 -0.186971 -0.119632 -0.272946 0.00400549 -0.00591287 0.286679 -0.100815 -0.0391905 
22 -0.00251327 0.0464956 -1.19117 -1.51524 1.54438 -1.6115 -1.28168 1.56739 0.106998 1.44774 -0.183299 0.0783932 0.0654231 0.339323 -0.190281 -0.123447 -0.267987 0.00514992 -0.00667582 0.283246 -0.0902472 -0.0434366 
22 -0.00251327 0.0464956 -1.19117 -1.51409 1.54553 -1.61226 -1.2836 1.56893 0.107382 1.45234 -0.187877 0.0803006 0.0635157 0.344663 -0.193584 -0.12729 -0.264172 0.00591287 -0.00782025 0.278286 -0.0801539 -0.0476445 
22 -0.00251327 0.0477522 -1.19117 -1.51293 1.5463 -1.61265 -1.28513 1.57008 0.107765 1.45694 -0.192073 0.081445 0.0619898 0.349622 -0.196526 -0.130221 -0.260739 0.00629435 -0.0085832 0.27409 -0.0703469 -0.0529899 
22 -0.00251327 0.0496372 -1.19156 -1.51332 1.54592 -1.61341 -1.28705 1.57084 0.108149 1.46154 -0.196269 0.0829709 0.0600824 0.356107 -0.199757 -0.13273 -0.257305 0.00629435 -0.0085832 0.267987 -0.0612446 -0.0587091 
22 -0.00251327 0.0521504 -1.19156 -1.51332 1.54553 -1.61418 -1.28935 1.57161 0.108532 1.46653 -0.200465 0.0833524 0.0585565 0.362211 -0.202985 -0.135256 -0.255779 0.00591287 -0.0085832 0.263409 -0.0523611 -0.0639696 
22 -0.00251327 0.0546637 -1.19156 -1.51332 1.54515 -1.61495 -1.29127 1.57161 0.109683 1.4719 -0.204662 0.0833524 0.0566491 0.368315 -0.206625 -0.136437 -0.254635 0.00514992 -0.00896468 0.258068 -0.0443892 -0.0692544 
22 -0.00251327 0.0565487 -1.19156 -1.51332 1.54438 -1.61533 -1.29319 1.57084 0.110833 1.47765 -0.208858 0.0833524 0.0555047 0.375563 -0.209796 -0.137594 -0.253872 0.00400549 -0.00896468 0.251965 -0.0374961 -0.0726734 
22 -0.00251327 0.0578053 -1.19232 -1.5137 1.54477 -1.61571 -1.29549 1.57008 0.111601 1.48302 -0.212291 0.0829709 0.0543603 0.382811 -0.212968 -0.138759 -0.253109 0.00247959 -0.00934615 0.247387 -0.0312961 -0.0765189 
22 -0.00251327 0.057177 -1.19232 -1.5137 1.54515 -1.61648 -1.29779 1.56931 0.111984 1.48877 -0.216487 0.0825895 0.0535973 0.390822 -0.216612 -0.139968 -0.252728 0.00171664 -0.00972763 0.241283 -0.0266077 -0.0778463 
22 -0.00251327 0.0565487 -1.19309 -1.51332 1.54515 -1.61802 -1.29932 1.56893 0.111984 1.49491 -0.220684 0.082208 0.0532158 0.399214 -0.220083 -0.140703 -0.252346 0.00133516 -0.0104906 0.235943 -0.0225893 -0.0788666 
22 -0.00188496 0.0540354 -1.19347 -1.51178 1.54515 -1.61878 -1.30201 1.56893 0.111984 1.50066 -0.225643 0.0818265 0.0528344 0.40837 -0.223382 -0.140958 -0.252346 0.00171664 -0.0108721 0.230983 -0.0198652 -0.077768 
22 -0.00188496 0.0527788 -1.19386 -1.51063 1.54477 -1.61917 -1.30507 1.57008 0.111217 1.50603 -0.229839 0.0810636 0.0520714 0.417525 -0.226806 -0.140278 -0.252728 0.00247959 -0.0112535 0.225643 -0.0178068 -0.0763775 
22 -0.00188496 0.0508938 -1.19386 -1.51025 1.54515 -1.61917 -1.30776 1.57161 0.110833 1.51102 -0.23518 0.0806821 0.0513085 0.427443 -0.230407 -0.140083 -0.253109 0.00362402 -0.0112535 0.221828 -0.0166272 -0.0743422 
22 -0.00188496 0.0496372 -1.19386 -1.51025 1.54515 -1.61917 -1.31044 1.57276 0.110833 1.51715 -0.239757 0.0806821 0.050927 0.437362 -0.233485 -0.138419 -0.253491 0.00476844 -0.0108721 0.21725 -0.0160872 -0.0712531 
22 -0.00188496 0.0490088 -1.19386 -1.50987 1.54515 -1.61917 -1.31274 1.57391 0.11045 1.52329 -0.244717 0.0803006 0.050164 0.44728 -0.236565 -0.136746 -0.253872 0.00591287 -0.0108721 0.213817 -0.0157796 -0.0685713 
22 -0.00251327 0.0490088 -1.19386 -1.50987 1.54515 -1.61917 -1.31466 1.5743 0.109299 1.52981 -0.249676 0.0803006 0.0497826 0.456817 -0.239822 -0.135558 -0.253872 0.0070573 -0.0108721 0.211528 -0.0157064 -0.0662953 
22 -0.00251327 0.0490088 -1.19424 -1.51025 1.54515 -1.61878 -1.31696 1.57391 0.108532 1.53595 -0.254635 0.0799191 0.0494011 0.467498 -0.242904 -0.133871 -0.253872 0.00782025 -0.0104906 0.208095 -0.0156561 -0.0647778 
22 -0.00251327 0.0496372 -1.19462 -1.51102 1.54515 -1.61878 -1.32003 1.57391 0.107765 1.5417 -0.26112 0.0795377 0.0490196 0.47818 -0.246106 -0.131223 -0.253491 0.0085832 -0.00972763 0.205425 -0.0156046 -0.0632602 
22 -0.00251327 0.0496372 -1.19501 -1.5114 1.54477 -1.61917 -1.3231 1.57315 0.106998 1.54783 -0.267224 0.0787747 0.0486381 0.490005 -0.249128 -0.128067 -0.253109 0.00896468 -0.00934615 0.203517 -0.0155784 -0.0625007 
22 -0.00251327 0.0502655 -1.19501 -1.51178 1.54438 -1.61955 -1.32617 1.57199 0.106615 1.55359 -0.27409 0.0780118 0.0482567 0.50145 -0.252444 -0.124434 -0.252728 0.00934615 -0.00896468 0.201991 -0.0153661 -0.0628553 
22 -0.00188496 0.0508938 -1.19501 -1.51217 1.544 -1.61955 -1.32923 1.57123 0.106615 1.55972 -0.28172 0.0772488 0.0478752 0.513275 -0.255279 -0.120754 -0.251965 0.00934615 -0.0085832 0.199702 -0.0151537 -0.0632094 
22 -0.00188496 0.0515221 -1.19501 -1.51255 1.54323 -1.61993 -1.33154 1.57046 0.106615 1.56624 -0.289731 0.0768673 0.0471122 0.525101 -0.258403 -0.116591 -0.251202 0.00934615 -0.0085832 0.197795 -0.0145163 -0.0642712 
22 -0.00188496 0.0515221 -1.19539 -1.51255 1.54323 -1.62032 -1.3346 1.56969 0.105848 1.57276 -0.298123 0.0761044 0.0467308 0.53769 -0.261337 -0.111915 -0.250439 0.00934615 -0.0085832 0.196651 -0.0138784 -0.0653315 
22 -0.00188496 0.0521504 -1.19616 -1.51293 1.54362 -1.62032 -1.33882 1.56893 0.105081 1.5789 -0.306897 0.0753414 0.0455863 0.550278 -0.26426 -0.107219 -0.249676 0.00896468 -0.00820172 0.195506 -0.0132401 -0.0663905 
22 -0.00188496 0.0521504 -1.19693 -1.51332 1.54438 -1.62032 -1.34304 1.56816 0.104314 1.58503 -0.315671 0.0745785 0.0444419 0.563249 -0.267174 -0.102505 -0.249294 0.0085832 -0.00820172 0.194362 -0.0123884 -0.0678007 
22 -0.000628319 0.0521504 -1.19731 -1.51332 1.544 -1.6207 -1.34649 1.56701 0.103547 1.59079 -0.324063 0.0738155 0.043679 0.5766 -0.270078 -0.0977714 -0.249676 0.00820172 -0.00820172 0.192836 -0.0112987 -0.0688046 
22 -0.000628319 0.0521504 -1.19769 -1.51332 1.54362 -1.6207 -1.34956 1.56624 0.103163 1.59769 -0.332837 0.0726711 0.0425345 0.590333 -0.272682 -0.0934953 -0.250439 0.00743877 -0.00820172 0.19131 -0.0101851 -0.0690514 
22 -0.00125664 0.0521504 -1.19846 -1.51332 1.54323 -1.6207 -1.35186 1.56548 0.102396 1.60383 -0.341611 0.0715267 0.0417716 0.604067 -0.275277 -0.0892039 -0.251202 0.0070573 -0.00820172 0.189403 -0.00928544 -0.0689475 
22 -0.00188496 0.0527788 -1.19923 -1.5137 1.54285 -1.62032 -1.3557 1.56548 0.100862 1.60919 -0.350767 0.0700008 0.0413901 0.6178 -0.277864 -0.0848973 -0.252346 0.00667582 -0.00820172 0.187877 -0.00838522 -0.068843 
22 -0.00188496 0.0534071 -1.19999 -1.51447 1.54285 -1.61993 -1.35915 1.56663 0.0997118 1.61533 -0.360304 0.0680934 0.0406271 0.632677 -0.279962 -0.0805611 -0.253491 0.00667582 -0.00782025 0.187114 -0.0070101 -0.0679322 
22 -0.00251327 0.0540354 -1.20076 -1.51524 1.54362 -1.61955 -1.36183 1.56663 0.0985613 1.62223 -0.369841 0.0658045 0.0402457 0.646792 -0.28205 -0.0762133 -0.254635 0.00667582 -0.00782025 0.185969 -0.00566024 -0.0677767 
22 -0.00251327 0.0546637 -1.20153 -1.51562 1.544 -1.61955 -1.36413 1.56548 0.0974108 1.62952 -0.378996 0.0638972 0.0394827 0.662432 -0.284041 -0.0728323 -0.255779 0.00667582 -0.00743877 0.185206 -0.00428589 -0.0668699 
22 -0.00251327 0.0546637 -1.20268 -1.51639 1.54438 -1.61917 -1.36682 1.56432 0.0958767 1.63681 -0.388533 0.0616083 0.0387198 0.678073 -0.286112 -0.0684624 -0.256542 0.00667582 -0.0070573 0.184443 -0.00269913 -0.0663149 
22 -0.00251327 0.0546637 -1.20383 -1.51715 1.544 -1.61878 -1.3695 1.56241 0.0947262 1.64409 -0.39807 0.0597009 0.0379568 0.693332 -0.287411 -0.0645598 -0.257687 0.00667582 -0.00667582 0.18368 -0.00108705 -0.0650115 
22 -0.00314159 0.055292 -1.20498 -1.51869 1.544 -1.61802 -1.37219 1.55972 0.0935757 1.65138 -0.407225 0.0574121 0.0371939 0.708591 -0.288901 -0.0611453 -0.25845 0.0070573 -0.00629435 0.182918 0.000261776 -0.0648599 
22 -0.00314159 0.055292 -1.20651 -1.51984 1.544 -1.61802 -1.37487 1.55742 0.0920417 1.65867 -0.416762 0.0551232 0.0360494 0.724994 -0.289904 -0.0577197 -0.259594 0.00743877 -0.00591287 0.182155 0.00161031 -0.0647086 
22 -0.00314159 0.0546637 -1.20728 -1.52137 1.54438 -1.6184 -1.37756 1.55474 0.0905076 1.66595 -0.426299 0.0528344 0.034905 0.740635 -0.290822 -0.0552724 -0.259976 0.00782025 -0.00514992 0.181392 0.00340788 -0.0645074 
22 -0.00314159 0.0546637 -1.20805 -1.52291 1.54438 -1.6184 -1.38024 1.55282 0.0885901 1.67286 -0.435836 0.0505455 0.0341421 0.756657 -0.291535 -0.0523301 -0.260357 0.00820172 -0.00476844 0.18101 0.00475572 -0.0643569 
22 -0.00314159 0.0546637 -1.20843 -1.52406 1.54438 -1.6184 -1.38331 1.55129 0.0874396 1.67976 -0.444991 0.0482567 0.0329976 0.772297 -0.292041 -0.0488946 -0.260739 0.0085832 -0.00438697 0.180629 0.00612953 -0.0634612 
22 -0.00314159 0.0546637 -1.20958 -1.52559 1.544 -1.61878 -1.38599 1.54975 0.085522 1.68666 -0.453765 0.0463493 0.0318532 0.788319 -0.292336 -0.0449682 -0.260739 0.00896468 -0.00438697 0.180247 0.0072656 -0.0629645 
22 -0.00314159 0.0540354 -1.21035 -1.52674 1.54362 -1.61878 -1.38868 1.54822 0.083988 1.69357 -0.462539 0.0444419 0.0310903 0.80396 -0.292552 -0.0420245 -0.26112 0.00896468 -0.00400549 0.179866 0.00816298 -0.0628664 
22 -0.00314159 0.0540354 -1.21111 -1.52789 1.54362 -1.61878 -1.39136 1.54668 0.082454 1.70047 -0.470932 0.042153 0.0299458 0.819219 -0.292763 -0.0390819 -0.261501 0.00934615 -0.00362402 0.179484 0.00908855 -0.062023 
22 -0.00314159 0.0540354 -1.2115 -1.52904 1.544 -1.61878 -1.39405 1.54515 0.0801529 1.70737 -0.479706 0.0402457 0.0295644 0.833715 -0.292968 -0.0361401 -0.261883 0.00972763 -0.00362402 0.179103 0.0102245 -0.0615287 
22 -0.00314159 0.0540354 -1.21188 -1.53019 1.54438 -1.61917 -1.39635 1.54362 0.0778519 1.71389 -0.487716 0.0387198 0.0291829 0.848592 -0.292622 -0.034185 -0.262264 0.0101091 -0.00362402 0.178721 0.0111215 -0.0614319 
22 -0.00251327 0.0540354 -1.21227 -1.53134 1.54438 -1.61955 -1.39903 1.5417 0.0759344 1.72003 -0.496109 0.0368124 0.0288014 0.861944 -0.29234 -0.031253 -0.262264 0.0104906 -0.00400549 0.17834 0.0120191 -0.0613344 
22 -0.00251327 0.0540354 -1.21265 -1.53249 1.54438 -1.61955 -1.40095 1.54055 0.0736333 1.72655 -0.503738 0.035668 0.0284199 0.875677 -0.29178 -0.0288178 -0.262646 0.0104906 -0.00400549 0.177958 0.0126792 -0.0616311 
22 -0.00251327 0.0546637 -1.21342 -1.53364 1.54438 -1.61993 -1.40325 1.53978 0.0717158 1.73268 -0.510987 0.0345235 0.0288014 0.887884 -0.291426 -0.0268707 -0.262646 0.0104906 -0.00400549 0.177958 0.0131279 -0.0615827 
22 -0.00251327 0.0546637 -1.21342 -1.53441 1.54438 -1.6207 -1.40555 1.53901 0.0694147 1.7392 -0.517472 0.0333791 0.0288014 0.900092 -0.29107 -0.0249259 -0.262264 0.0101091 -0.00400549 0.177577 0.0140247 -0.0614858 
22 -0.00251327 0.055292 -1.21342 -1.53518 1.54438 -1.62185 -1.40747 1.53825 0.0671137 1.74534 -0.523957 0.0322347 0.0291829 0.911917 -0.290233 -0.022994 -0.262264 0.0101091 -0.00400549 0.177195 0.0146845 -0.061782 
22 -0.00251327 0.055292 -1.21342 -1.53556 1.54438 -1.62262 -1.40939 1.53786 0.0648127 1.75186 -0.530442 0.0307088 0.0295644 0.922217 -0.289393 -0.0210661 -0.261883 0.0101091 -0.00400549 0.177195 0.015581 -0.0616855 
22 -0.00251327 0.0559203 -1.21342 -1.53595 1.54438 -1.62338 -1.41131 1.53671 0.0621281 1.758 -0.535401 0.0299458 0.0303273 0.932136 -0.288762 -0.0196229 -0.261883 0.0101091 -0.00400549 0.176814 0.0167166 -0.0611933 
22 -0.00251327 0.0559203 -1.21303 -1.53595 1.54438 -1.62415 -1.41284 1.53556 0.0598271 1.76413 -0.54036 0.0291829 0.0310903 0.940909 -0.287919 -0.0177022 -0.261501 0.0101091 -0.00400549 0.176814 0.0176127 -0.0610972 
22 -0.00251327 0.055292 -1.21265 -1.53556 1.54477 -1.6253 -1.41476 1.53479 0.057526 1.76988 -0.544938 0.0284199 0.0318532 0.949302 -0.287074 -0.0157854 -0.260739 0.0101091 -0.00400549 0.176814 0.0187205 -0.0613445 
22 -0.00251327 0.055292 -1.21227 -1.53595 1.54438 -1.62607 -1.41629 1.53403 0.0548415 1.77602 -0.549134 0.027657 0.0333791 0.956931 -0.286439 -0.0143505 -0.260357 0.0101091 -0.00400549 0.177195 0.0196162 -0.0612485 
22 -0.00251327 0.055292 -1.21188 -1.53595 1.54438 -1.62722 -1.41782 1.53364 0.0525404 1.78177 -0.552186 0.026894 0.0345235 0.963035 -0.285537 -0.0134105 -0.259594 0.0101091 -0.00362402 0.177195 0.0205126 -0.0611517 
22 -0.00188496 0.0546637 -1.2115 -1.53595 1.54438 -1.62799 -1.41974 1.53326 0.0502394 1.78753 -0.555619 0.0261311 0.035668 0.968757 -0.2849 -0.01198 -0.259213 0.0101091 -0.00362402 0.177195 0.0214088 -0.0610552 
22 -0.00188496 0.0546637 -1.21073 -1.53595 1.54438 -1.62914 -1.42128 1.53326 0.0479384 1.79328 -0.558289 0.0257496 0.0371939 0.973716 -0.284263 -0.0105518 -0.25845 0.0101091 -0.00362402 0.177577 0.0220677 -0.0613499 
22 -0.00188496 0.0546637 -1.21035 -1.53595 1.54477 -1.63029 -1.42281 1.53326 0.0460208 1.79865 -0.560197 0.0249866 0.0383383 0.97715 -0.283837 -0.0096009 -0.257687 0.0101091 -0.00324254 0.177958 0.0227531 -0.0609105 
22 -0.00188496 0.0546637 -1.20958 -1.53556 1.54477 -1.63144 -1.42434 1.53288 0.0437198 1.80402 -0.561723 0.0246052 0.0398642 0.97982 -0.282985 -0.0077021 -0.257305 0.0101091 -0.00324254 0.17834 0.0234116 -0.0612051 
22 -0.00188496 0.0546637 -1.20881 -1.53556 1.54477 -1.63297 -1.42588 1.53326 0.0418023 1.809 -0.563249 0.0238422 0.0410086 0.982109 -0.282558 -0.00675419 -0.256924 0.00972763 -0.00286107 0.179103 0.0240969 -0.0607663 
22 -0.00188496 0.0540354 -1.20805 -1.53518 1.54515 -1.63412 -1.42741 1.53326 0.0395012 1.81437 -0.564012 0.0234607 0.042153 0.982872 -0.281917 -0.00533419 -0.256161 0.00934615 -0.00247959 0.179866 0.024728 -0.0617952 
22 -0.00188496 0.0540354 -1.20728 -1.53479 1.54477 -1.63527 -1.42895 1.53326 0.0375837 1.81974 -0.564012 0.0226978 0.043679 0.982872 -0.281539 -0.00342426 -0.255779 0.00934615 -0.00209812 0.18101 0.0253858 -0.0620896 
22 -0.00188496 0.0540354 -1.20613 -1.53479 1.54477 -1.63681 -1.43048 1.53326 0.0356661 1.82511 -0.56363 0.0219348 0.0452049 0.981727 -0.280895 -0.0020088 -0.255398 0.00896468 -0.00171664 0.182536 0.0258067 -0.0627741 
22 -0.00188496 0.0540354 -1.20536 -1.53441 1.54477 -1.63834 -1.43201 1.53326 0.0333651 1.83009 -0.562867 0.0215534 0.0467308 0.979438 -0.280465 -0.00106639 -0.255016 0.0085832 -0.000953689 0.184062 0.0262275 -0.063459 
22 -0.00188496 0.0540354 -1.2046 -1.53403 1.54477 -1.63988 -1.43355 1.53326 0.0314476 1.83508 -0.561723 0.0207904 0.0474937 0.976768 -0.27982 0.000345371 -0.254635 0.00782025 -0.000190738 0.185588 0.0266748 -0.0634113 
22 -0.00188496 0.0540354 -1.20344 -1.53364 1.54477 -1.64141 -1.43508 1.53364 0.0291465 1.84007 -0.560578 0.0200275 0.0486381 0.972953 -0.27939 0.00128532 -0.254253 0.00743877 0.000572213 0.186732 0.027096 -0.0640942 
22 -0.00188496 0.0540354 -1.20268 -1.53326 1.54477 -1.64333 -1.43662 1.53364 0.027229 1.84544 -0.559052 0.0192645 0.0494011 0.967994 -0.278958 0.00222428 -0.254253 0.0070573 0.00133516 0.188258 0.0273064 -0.0644369 
22 -0.00188496 0.0534071 -1.20153 -1.53211 1.54477 -1.64486 -1.43815 1.53403 0.0253115 1.85004 -0.557527 0.0185016 0.050164 0.962272 -0.278789 0.00365427 -0.254253 0.00667582 0.00209812 0.190166 0.0272801 -0.0651694 
22 -0.00188496 0.0534071 -1.20076 -1.53134 1.54438 -1.64601 -1.43968 1.53441 0.0233939 1.85502 -0.554856 0.0181201 0.0505455 0.955787 -0.278572 0.00412235 -0.254253 0.00591287 0.00247959 0.192454 0.02728 -0.06517 
22 -0.00188496 0.0527788 -1.19961 -1.53058 1.54438 -1.64755 -1.44122 1.53479 0.0218599 1.85962 -0.551804 0.0173571 0.050927 0.948539 -0.27814 0.00505931 -0.254253 0.0055314 0.00324254 0.194362 0.0270694 -0.064828 
22 -0.00188496 0.0527788 -1.19884 -1.52943 1.54438 -1.6487 -1.44275 1.53518 0.0199424 1.86461 -0.549134 0.0165942 0.0513085 0.940528 -0.277924 0.00552665 -0.254635 0.00476844 0.00362402 0.196269 0.0270694 -0.0648282 
22 -0.00188496 0.0527788 -1.19769 -1.52866 1.54438 -1.65023 -1.44429 1.53595 0.0180248 1.8696 -0.545701 0.0162127 0.0516899 0.931754 -0.277924 0.00552716 -0.255016 0.00438697 0.00400549 0.198177 0.0268588 -0.0644861 
22 -0.00188496 0.0521504 -1.19693 -1.52828 1.544 -1.65138 -1.4462 1.53671 0.0164908 1.87458 -0.541505 0.0158312 0.0520714 0.922217 -0.277707 0.00599428 -0.255398 0.00362402 0.00438697 0.201228 0.0266218 -0.0648776 
22 -0.00188496 0.0521504 -1.19577 -1.52751 1.544 -1.65253 -1.44774 1.53748 0.0149568 1.87918 -0.53769 0.0154498 0.0520714 0.911536 -0.277491 0.00646164 -0.255779 0.00286107 0.00476844 0.203517 0.0264113 -0.0645353 
22 -0.00188496 0.0521504 -1.19501 -1.52674 1.544 -1.65368 -1.44966 1.53825 0.0134227 1.88417 -0.533494 0.0146868 0.0520714 0.900855 -0.277274 0.00692875 -0.256161 0.00247959 0.00476844 0.205425 0.0261742 -0.064927 
22 -0.00188496 0.0521504 -1.19462 -1.52636 1.544 -1.65483 -1.45119 1.53901 0.0115052 1.88877 -0.529297 0.0143053 0.0520714 0.888647 -0.277274 0.00692926 -0.256542 0.00209812 0.00514992 0.208095 0.0261743 -0.064927 
22 -0.00188496 0.0521504 -1.19386 -1.52559 1.54362 -1.6556 -1.45272 1.53978 0.0103547 1.89337 -0.524338 0.0139239 0.0520714 0.876822 -0.27684 0.00786277 -0.256924 0.00209812 0.00514992 0.211528 0.0257265 -0.0649766 
22 -0.00188496 0.0521504 -1.19347 -1.52482 1.54362 -1.65675 -1.45464 1.54055 0.00843715 1.89798 -0.51976 0.0131609 0.0520714 0.864233 -0.276623 0.00832866 -0.257305 0.00171664 0.00514992 0.213817 0.0252789 -0.0650261 
22 -0.00188496 0.0521504 -1.19271 -1.52406 1.54285 -1.65713 -1.45656 1.54131 0.00690312 1.90258 -0.514801 0.0127794 0.0516899 0.850881 -0.275929 0.0087692 -0.258068 0.00133516 0.00514992 0.216106 0.0248312 -0.0650756 
22 -0.00188496 0.0521504 -1.19232 -1.52367 1.54285 -1.6579 -1.45848 1.5417 0.0053691 1.90718 -0.509461 0.012398 0.0513085 0.83753 -0.275711 0.0092347 -0.259213 0.00133516 0.0055314 0.219539 0.0241727 -0.0647823 
22 -0.00188496 0.0521504 -1.19194 -1.52329 1.54208 -1.65905 -1.46039 1.54246 0.00383507 1.91178 -0.504501 0.012398 0.050927 0.823796 -0.275277 0.0101658 -0.260357 0.000953689 0.0055314 0.221828 0.0233037 -0.0641462 
22 -0.00188496 0.0521504 -1.19194 -1.52252 1.54208 -1.65943 -1.46231 1.54285 0.00230104 1.91677 -0.498779 0.0120165 0.050164 0.8093 -0.274624 0.01156 -0.26112 0.000572213 0.00591287 0.224117 0.0219867 -0.0635581 
22 -0.00188496 0.0521504 -1.19194 -1.52214 1.5417 -1.6602 -1.46423 1.54323 0.000767014 1.92099 -0.494202 0.0120165 0.0494011 0.794804 -0.273929 0.0119966 -0.262264 0.000190738 0.00591287 0.226787 0.0211175 -0.0629199 
22 -0.00188496 0.0521504 -1.19156 -1.52176 1.5417 -1.66097 -1.46615 1.54362 -0.000767014 1.92559 -0.488098 0.0120165 0.0486381 0.779545 -0.273234 0.0124328 -0.263027 -0.000190738 0.00629435 0.229839 0.0195626 -0.0627226 
22 -0.00188496 0.0521504 -1.19156 -1.52099 1.54131 -1.66174 -1.46806 1.54438 -0.00153403 1.93019 -0.483139 0.0120165 0.0478752 0.764668 -0.272799 0.0133595 -0.264172 -0.000572213 0.00629435 0.231746 0.0180344 -0.0617864 
22 -0.00188496 0.0521504 -1.19156 -1.5206 1.54093 -1.66212 -1.47037 1.54515 -0.00268455 1.93441 -0.477798 0.0120165 0.0471122 0.74979 -0.272103 0.0137938 -0.264935 -0.000953689 0.00629435 0.233654 0.0162957 -0.0605023 
22 -0.00188496 0.0521504 -1.19156 -1.5206 1.54055 -1.66289 -1.47228 1.54592 -0.00383507 1.93863 -0.472457 0.011635 0.0459678 0.734531 -0.27119 0.0146899 -0.265698 -0.00133516 0.00667582 0.236706 0.0143188 -0.0596087 
22 -0.00188496 0.0521504 -1.19194 -1.52022 1.53978 -1.66327 -1.47458 1.54668 -0.00498559 1.94323 -0.467498 0.011635 0.0448234 0.718891 -0.270238 0.0146339 -0.266461 -0.00171664 0.00667582 0.238994 0.0119497 -0.0572755 
22 -0.00188496 0.0521504 -1.19232 -1.52022 1.53978 -1.66404 -1.47689 1.54783 -0.00613611 1.94706 -0.461776 0.0112535 0.043679 0.704013 -0.269542 0.0150645 -0.267605 -0.00247959 0.0070573 0.24052 0.00976238 -0.0560251 
22 -0.00188496 0.0521504 -1.19271 -1.52022 1.5394 -1.6648 -1.47957 1.54822 -0.00728663 1.95167 -0.456817 0.0108721 0.0425345 0.688754 -0.268331 0.0145173 -0.269512 -0.00324254 0.0070573 0.241665 0.00694546 -0.0537217 
22 -0.00188496 0.0521504 -1.19309 -1.52022 1.53901 -1.66519 -1.48225 1.54898 -0.00843715 1.95589 -0.451095 0.0104906 0.0417716 0.673495 -0.267161 0.0149196 -0.271038 -0.00362402 0.0070573 0.243191 0.00367962 -0.0514527 
22 -0.00188496 0.0521504 -1.19386 -1.52022 1.53863 -1.66595 -1.48494 1.54898 -0.00958767 1.95972 -0.445373 0.0101091 0.0406271 0.658999 -0.26595 0.0143729 -0.272564 -0.00476844 0.00743877 0.244717 0.000173208 -0.0495684 
22 -0.00188496 0.0521504 -1.19462 -1.52022 1.53825 -1.66672 -1.48724 1.54937 -0.0103547 1.96394 -0.440795 0.00972763 0.0398642 0.644121 -0.264304 0.0147447 -0.274472 -0.00591287 0.00743877 0.246242 -0.00351084 -0.0465666 
22 -0.00188496 0.0521504 -1.19577 -1.52022 1.53825 -1.66749 -1.48992 1.54975 -0.0115052 1.96777 -0.435073 0.00896468 0.0387198 0.628481 -0.262618 0.0141698 -0.276761 -0.00667582 0.00782025 0.247005 -0.00809537 -0.0436316 
22 -0.00188496 0.0521504 -1.19654 -1.5206 1.53786 -1.66787 -1.49299 1.54975 -0.0126557 1.97161 -0.430495 0.0085832 0.0379568 0.614748 -0.260973 0.0145397 -0.279431 -0.00782025 0.00820172 0.247387 -0.0122287 -0.0406311 
22 -0.00188496 0.0521504 -1.19769 -1.5206 1.53786 -1.66864 -1.49568 1.54975 -0.0134227 1.97583 -0.425917 0.00820172 0.0368124 0.600252 -0.259071 0.0144222 -0.282101 -0.00934615 0.00820172 0.24815 -0.0165333 -0.036488 
22 -0.00188496 0.0521504 -1.19884 -1.52022 1.53748 -1.66902 -1.49798 1.54937 -0.0149568 1.98005 -0.421721 0.00743877 0.035668 0.586519 -0.256992 0.0156998 -0.284772 -0.0104906 0.00820172 0.248531 -0.0201361 -0.0318721 
22 -0.00188496 0.0521504 -1.19999 -1.5206 1.53748 -1.66941 -1.4999 1.54937 -0.0164908 1.98426 -0.416762 0.00629435 0.034905 0.573167 -0.254874 0.0160332 -0.287823 -0.011635 0.00820172 0.249294 -0.0237312 -0.0272255 
22 -0.00188496 0.0521504 -1.20114 -1.52099 1.53748 -1.66979 -1.5022 1.5486 -0.0184083 1.98887 -0.412566 0.0055314 0.0337606 0.560197 -0.252756 0.0163645 -0.290875 -0.012398 0.00782025 0.249676 -0.0270296 -0.0213769 
22 -0.00251327 0.0521504 -1.20229 -1.52176 1.53748 -1.66941 -1.50373 1.54822 -0.0203259 1.99309 -0.40837 0.00476844 0.0326162 0.547227 -0.250423 0.0171454 -0.293545 -0.012398 0.00743877 0.250439 -0.0305181 -0.0151218 
22 -0.00251327 0.0521504 -1.20383 -1.52252 1.53748 -1.66941 -1.50488 1.54745 -0.0222434 1.99769 -0.404936 0.00362402 0.0318532 0.535782 -0.247615 0.0178902 -0.29736 -0.0120165 0.00667582 0.251202 -0.0337392 -0.00842165 
22 -0.00251327 0.0521504 -1.20498 -1.52291 1.53748 -1.66979 -1.50603 1.54745 -0.0245444 2.00191 -0.401122 0.00286107 0.0310903 0.523957 -0.245027 0.018181 -0.300031 -0.011635 0.00591287 0.252346 -0.0367375 -0.00205218 
22 -0.00251327 0.0521504 -1.20575 -1.52406 1.53748 -1.67017 -1.50757 1.54783 -0.0268455 2.00574 -0.39807 0.00286107 0.0303273 0.512512 -0.242005 0.019364 -0.302701 -0.0108721 0.00514992 0.253872 -0.0395672 0.00320082 
22 -0.00251327 0.0521504 -1.20651 -1.52482 1.53786 -1.67094 -1.5091 1.54822 -0.0283795 2.00958 -0.395399 0.00286107 0.0291829 0.501831 -0.238985 0.0205386 -0.305371 -0.0104906 0.00400549 0.255779 -0.0423846 0.00848377 
22 -0.00314159 0.0521504 -1.20613 -1.52559 1.53786 -1.67132 -1.51025 1.54822 -0.0299135 2.01379 -0.393492 0.00324254 0.0288014 0.491531 -0.234982 0.0207165 -0.307279 -0.0104906 0.00286107 0.257305 -0.0452447 0.0130134 
22 -0.00314159 0.0521504 -1.20651 -1.52597 1.53786 -1.67209 -1.51102 1.54745 -0.0310641 2.01763 -0.391966 0.00362402 0.0284199 0.482376 -0.23051 0.0208565 -0.308804 -0.0112535 0.00133516 0.25845 -0.048096 0.017569 
22 -0.00251327 0.0521504 -1.20651 -1.52674 1.53786 -1.67247 -1.51178 1.54668 -0.0325981 2.0207 -0.390822 0.00438697 0.0280385 0.473602 -0.225314 0.0204845 -0.309949 -0.012398 0.000190738 0.259594 -0.0507984 0.0209782 
22 -0.00251327 0.0521504 -1.20651 -1.52751 1.53825 -1.67324 -1.51255 1.54668 -0.0341321 2.02377 -0.390059 0.00476844 0.0280385 0.465591 -0.219908 0.020549 -0.311475 -0.0135424 -0.000953689 0.26112 -0.0534962 0.0244055 
22 -0.00251327 0.0521504 -1.20651 -1.52828 1.53863 -1.67362 -1.51293 1.54707 -0.0352826 2.02683 -0.388914 0.00514992 0.0280385 0.458343 -0.214213 0.0192348 -0.313001 -0.0150683 -0.00247959 0.262646 -0.0564483 0.0274464 
22 -0.00188496 0.0521504 -1.20613 -1.52866 1.53863 -1.67516 -1.5137 1.54745 -0.0364332 2.0299 -0.388151 0.00476844 0.0284199 0.452621 -0.208348 0.0192615 -0.314908 -0.0169757 -0.00438697 0.264172 -0.0596568 0.0300993 
22 -0.00188496 0.0521504 -1.20536 -1.52904 1.53901 -1.67593 -1.51447 1.54707 -0.0375837 2.03259 -0.386244 0.00438697 0.0284199 0.447662 -0.20202 0.0192487 -0.316434 -0.0192645 -0.00629435 0.265316 -0.0626032 0.0331746 
22 -0.00188496 0.0521504 -1.20421 -1.52904 1.53901 -1.67631 -1.51485 1.54745 -0.0383507 2.03489 -0.383955 0.00400549 0.0288014 0.443465 -0.195701 0.0192306 -0.317578 -0.0215534 -0.00782025 0.266079 -0.0658075 0.035861 
22 -0.00188496 0.0515221 -1.20344 -1.52943 1.53901 -1.67708 -1.51562 1.54783 -0.0391177 2.03642 -0.381666 0.00286107 0.0295644 0.440032 -0.189899 0.020127 -0.318723 -0.0238422 -0.00972763 0.266461 -0.0692058 0.0389587 
22 -0.00188496 0.0515221 -1.20268 -1.53019 1.53901 -1.67784 -1.51639 1.54898 -0.0395012 2.03872 -0.379377 0.000953689 0.0299458 0.437743 -0.183636 0.0209743 -0.319867 -0.0265126 -0.0120165 0.266842 -0.0726011 0.042077 
22 -0.00188496 0.0515221 -1.20191 -1.53096 1.53901 -1.67861 -1.51754 1.54975 -0.0395012 2.04102 -0.376707 -0.000953689 0.0307088 0.435836 -0.177382 0.0218073 -0.321393 -0.0291829 -0.0139239 0.266842 -0.0759241 0.0460238 
22 -0.00188496 0.0515221 -1.20153 -1.53173 1.5394 -1.67938 -1.5183 1.55052 -0.0402682 2.04332 -0.372892 -0.00286107 0.0310903 0.43431 -0.171642 0.0235334 -0.322919 -0.0318532 -0.0162127 0.266842 -0.0790471 0.049596 
22 -0.00188496 0.0515221 -1.20114 -1.53211 1.54016 -1.67976 -1.51907 1.5509 -0.0406517 2.04486 -0.370222 -0.0055314 0.0314717 0.433547 -0.166122 0.0248236 -0.324826 -0.0341421 -0.0185016 0.266842 -0.0823581 0.0535938 
22 -0.00188496 0.0515221 -1.20076 -1.53288 1.54093 -1.68053 -1.51945 1.55052 -0.0410352 2.04639 -0.366789 -0.00820172 0.0318532 0.432784 -0.160646 0.0269595 -0.326352 -0.0368124 -0.0207904 0.266461 -0.0852032 0.0576237 
22 -0.00188496 0.0515221 -1.19999 -1.53288 1.54131 -1.68129 -1.51984 1.55013 -0.0410352 2.04793 -0.363355 -0.0104906 0.0314717 0.432403 -0.15564 0.0291103 -0.327497 -0.0387198 -0.0230793 0.266461 -0.0875048 0.0624987 
22 -0.00188496 0.0515221 -1.19961 -1.53364 1.54131 -1.68206 -1.52022 1.5509 -0.0414187 2.04908 -0.361067 -0.012398 0.0314717 0.43164 -0.151102 0.0312792 -0.329404 -0.0406271 -0.0249866 0.266842 -0.0896042 0.0669895 
22 -0.00188496 0.0521504 -1.19961 -1.53403 1.5417 -1.68244 -1.52099 1.55129 -0.0418023 2.05023 -0.359159 -0.0139239 0.0307088 0.430495 -0.146601 0.0342785 -0.331312 -0.0425345 -0.026894 0.267224 -0.0914231 0.0719121 
22 -0.00188496 0.0521504 -1.19923 -1.53479 1.5417 -1.68283 -1.5206 1.55167 -0.0421858 2.05099 -0.357633 -0.0150683 0.0295644 0.429732 -0.142598 0.0381405 -0.333219 -0.0440604 -0.0288014 0.267987 -0.0930411 0.0764431 
22 -0.00188496 0.0521504 -1.19884 -1.53518 1.54246 -1.68283 -1.52022 1.55167 -0.0425693 2.05099 -0.35687 -0.0158312 0.0284199 0.428588 -0.139239 0.0407727 -0.334363 -0.0455863 -0.0303273 0.26875 -0.0942905 0.082227 
22 -0.00188496 0.0527788 -1.19846 -1.53595 1.54323 -1.68321 -1.52022 1.55244 -0.0429528 2.05099 -0.356107 -0.0169757 0.0272755 0.427062 -0.136125 0.0438308 -0.335508 -0.0471122 -0.0310903 0.270275 -0.0952378 0.0863719 
22 -0.00188496 0.0540354 -1.19808 -1.53633 1.54323 -1.6836 -1.52022 1.55359 -0.0429528 2.04984 -0.355344 -0.0177386 0.0253681 0.425536 -0.133255 0.0473129 -0.336271 -0.0486381 -0.0322347 0.272946 -0.0963611 0.0909459 
22 -0.00188496 0.0540354 -1.19808 -1.5371 1.54323 -1.68398 -1.5206 1.5555 -0.0429528 2.04946 -0.3542 -0.0181201 0.0234607 0.42401 -0.13106 0.0504287 -0.337415 -0.050164 -0.0329976 0.275235 -0.0972889 0.0951144 
22 -0.00188496 0.0540354 -1.19808 -1.5371 1.54323 -1.68475 -1.52022 1.55781 -0.0425693 2.04869 -0.353056 -0.0181201 0.0215534 0.422484 -0.128888 0.0543662 -0.33856 -0.0513085 -0.0333791 0.276761 -0.0982074 0.0992941 
22 -0.00251327 0.0546637 -1.19846 -1.5371 1.54362 -1.68513 -1.52022 1.55934 -0.0421858 2.04831 -0.351911 -0.0173571 0.018883 0.420958 -0.127364 0.057112 -0.340085 -0.0524529 -0.0337606 0.279431 -0.0984745 0.103049 
22 -0.00251327 0.0546637 -1.19846 -1.53671 1.54438 -1.68551 -1.51984 1.56087 -0.0421858 2.04716 -0.350004 -0.0169757 0.0165942 0.419432 -0.126079 0.0602915 -0.341993 -0.0535973 -0.0341421 0.283627 -0.0982745 0.106794 
22 -0.00251327 0.0546637 -1.19884 -1.5371 1.54438 -1.6859 -1.51945 1.56164 -0.0421858 2.04639 -0.348096 -0.0162127 0.0135424 0.417144 -0.125031 0.0639047 -0.343519 -0.0539788 -0.0337606 0.286679 -0.0981649 0.109711 
22 -0.00251327 0.0546637 -1.19999 -1.53748 1.54438 -1.68628 -1.51907 1.56202 -0.0421858 2.04524 -0.345808 -0.0154498 0.0108721 0.414092 -0.124437 0.067564 -0.345426 -0.0543603 -0.0337606 0.291638 -0.0976903 0.11178 
22 -0.00251327 0.0540354 -1.20076 -1.53748 1.544 -1.68628 -1.5183 1.56202 -0.0421858 2.04371 -0.344282 -0.0150683 0.00820172 0.41104 -0.124516 0.0708863 -0.347715 -0.0543603 -0.0333791 0.295834 -0.0974928 0.113442 
22 -0.00251327 0.0540354 -1.20191 -1.53786 1.544 -1.68628 -1.51754 1.56202 -0.0425693 2.04256 -0.342756 -0.0146868 0.00514992 0.407988 -0.124572 0.0733775 -0.350767 -0.0547417 -0.0333791 0.301938 -0.0968348 0.115086 
22 -0.00251327 0.0540354 -1.20306 -1.53786 1.54438 -1.68628 -1.51715 1.56202 -0.0425693 2.04064 -0.34123 -0.0150683 0.00286107 0.403792 -0.124879 0.0771421 -0.353819 -0.0543603 -0.0329976 0.307279 -0.096097 0.115473 
22 -0.00251327 0.0534071 -1.2046 -1.53825 1.54515 -1.68628 -1.516 1.56202 -0.0425693 2.03834 -0.339323 -0.0150683 0.000190738 0.400359 -0.125386 0.0796913 -0.35687 -0.0539788 -0.0326162 0.313382 -0.0950787 0.116266 
22 -0.00251327 0.0527788 -1.20651 -1.53978 1.54592 -1.68628 -1.51447 1.56317 -0.0429528 2.03642 -0.337415 -0.0150683 -0.00247959 0.395781 -0.126125 0.0826871 -0.360304 -0.0535973 -0.0322347 0.319867 -0.0943411 0.116652 
22 -0.00251327 0.0521504 -1.20843 -1.54093 1.5463 -1.6859 -1.51409 1.56548 -0.0433363 2.03335 -0.335508 -0.0146868 -0.00514992 0.391585 -0.126848 0.0848547 -0.363737 -0.0528344 -0.0318532 0.326352 -0.0934238 0.116614 
22 -0.00251327 0.0521504 -1.21073 -1.5417 1.54553 -1.68628 -1.51409 1.56778 -0.0433363 2.03029 -0.333219 -0.0143053 -0.00782025 0.385863 -0.127803 0.087471 -0.368315 -0.0516899 -0.0314717 0.332837 -0.092327 0.116154 
22 -0.00251327 0.0521504 -1.21303 -1.5417 1.54515 -1.68628 -1.51447 1.56931 -0.0429528 2.0276 -0.330549 -0.0131609 -0.0108721 0.380903 -0.128744 0.0892588 -0.373274 -0.0505455 -0.0310903 0.340085 -0.0910513 0.115271 
22 -0.00314159 0.0515221 -1.21572 -1.5417 1.54515 -1.68628 -1.51409 1.56931 -0.0425693 2.02492 -0.327497 -0.011635 -0.0131609 0.375563 -0.128979 0.0897061 -0.378996 -0.0494011 -0.0307088 0.348096 -0.0895958 0.113969 
22 -0.00314159 0.0521504 -1.2184 -1.5417 1.54553 -1.68628 -1.51332 1.56893 -0.0425693 2.02262 -0.325589 -0.0101091 -0.0146868 0.370222 -0.128744 0.0892588 -0.383955 -0.0482567 -0.0303273 0.356107 -0.0881396 0.11267 
22 -0.00376991 0.0521504 -1.21955 -1.54131 1.54668 -1.68628 -1.51332 1.56893 -0.0421858 2.02031 -0.323682 -0.00896468 -0.0162127 0.365263 -0.127567 0.0870243 -0.389677 -0.0471122 -0.0295644 0.3645 -0.0863219 0.110536 
22 -0.00376991 0.0527788 -1.22109 -1.5417 1.54668 -1.6859 -1.51293 1.56893 -0.0418023 2.01801 -0.321775 -0.00782025 -0.0173571 0.359922 -0.12568 0.0834569 -0.395399 -0.0463493 -0.0288014 0.373274 -0.0845022 0.10841 
22 -0.00376991 0.0527788 -1.22185 -1.54285 1.5463 -1.68475 -1.51255 1.56854 -0.0410352 2.0161 -0.320249 -0.00782025 -0.0173571 0.356107 -0.122851 0.0789518 -0.400359 -0.0455863 -0.027657 0.382429 -0.0826804 0.106293 
22 -0.00314159 0.0527788 -1.22262 -1.54438 1.54553 -1.6836 -1.5114 1.56778 -0.0398847 2.01456 -0.320249 -0.0085832 -0.0165942 0.352293 -0.119074 0.0735243 -0.406081 -0.0455863 -0.0265126 0.391585 -0.0806746 0.103767 
22 -0.00251327 0.0527788 -1.22224 -1.54515 1.54477 -1.68321 -1.50948 1.56701 -0.0387342 2.01303 -0.32063 -0.00972763 -0.0158312 0.349241 -0.114562 0.0668087 -0.410658 -0.0463493 -0.0253681 0.40074 -0.0787582 0.100436 
22 -0.00188496 0.0527788 -1.22109 -1.5463 1.544 -1.68283 -1.5068 1.56739 -0.0372002 2.01111 -0.321012 -0.0112535 -0.0150683 0.346952 -0.109592 0.0609062 -0.415618 -0.0474937 -0.0242237 0.409895 -0.0767453 0.0979336 
22 -0.000628319 0.0527788 -1.21955 -1.54707 1.54246 -1.68244 -1.50526 1.56931 -0.0356661 2.00881 -0.321775 -0.0131609 -0.0146868 0.344663 -0.104632 0.055865 -0.420195 -0.0490196 -0.0226978 0.419432 -0.0748192 0.0946289 
22 0 0.0521504 -1.21725 -1.54707 1.5417 -1.68244 -1.50335 1.57238 -0.0337486 2.00612 -0.322156 -0.0150683 -0.0139239 0.342756 -0.0996615 0.0508612 -0.425536 -0.0505455 -0.0204089 0.429351 -0.0728876 0.0913381 
22 0 0.0521504 -1.21495 -1.54668 1.54093 -1.68244 -1.50143 1.57545 -0.0318311 2.00382 -0.322156 -0.0165942 -0.0135424 0.340467 -0.0949257 0.0463235 -0.430114 -0.0524529 -0.0185016 0.439651 -0.0707653 0.0876533 
22 0 0.0521504 -1.21227 -1.54668 1.54093 -1.68244 -1.49951 1.57736 -0.0299135 2.00191 -0.321775 -0.0185016 -0.0127794 0.338178 -0.0904602 0.0430544 -0.435073 -0.0547417 -0.0165942 0.451095 -0.0692794 0.0843968 
22 0 0.0515221 -1.21111 -1.5463 1.54131 -1.68244 -1.49721 1.5789 -0.027996 1.9996 -0.32063 -0.019646 -0.0127794 0.335126 -0.0865172 0.0414645 -0.439651 -0.0566491 -0.0143053 0.462539 -0.0671443 0.0807426 
22 0 0.0515221 -1.21073 -1.54668 1.54208 -1.68283 -1.49529 1.58005 -0.026462 1.9973 -0.319867 -0.0211719 -0.0131609 0.331312 -0.0830669 0.040732 -0.44461 -0.058175 -0.012398 0.473983 -0.0659164 0.07711 
22 0 0.0515221 -1.21035 -1.54668 1.54323 -1.68283 -1.49338 1.58082 -0.0249279 1.995 -0.318723 -0.0219348 -0.0135424 0.32826 -0.0798977 0.0412282 -0.449569 -0.0597009 -0.0108721 0.486191 -0.0642248 0.0734872 
22 0 0.0515221 -1.20996 -1.5463 1.544 -1.68321 -1.49184 1.5812 -0.0241609 1.99232 -0.317578 -0.0226978 -0.0139239 0.323682 -0.0770085 0.0429435 -0.454147 -0.0608453 -0.00896468 0.499161 -0.0629835 0.0698776 
22 0 0.0521504 -1.21035 -1.5463 1.54477 -1.6836 -1.49069 1.58197 -0.0230104 1.98925 -0.316052 -0.0234607 -0.0150683 0.319867 -0.0738754 0.0442281 -0.459106 -0.0616083 -0.00782025 0.510987 -0.0614684 0.0666796 
22 0 0.0521504 -1.21035 -1.5463 1.54515 -1.6836 -1.48877 1.58273 -0.0218599 1.98618 -0.314527 -0.0238422 -0.0158312 0.314527 -0.0710192 0.0467217 -0.463684 -0.0623713 -0.00667582 0.524338 -0.0604049 0.0634893 
22 0 0.0521504 -1.21111 -1.54592 1.54592 -1.6836 -1.48762 1.58388 -0.0214764 1.98311 -0.312238 -0.0242237 -0.0173571 0.31033 -0.0688611 0.0496693 -0.469406 -0.0623713 -0.00591287 0.536927 -0.0593362 0.0603072 
22 0 0.0521504 -1.21188 -1.54553 1.54668 -1.6836 -1.48647 1.58465 -0.0210929 1.97966 -0.309949 -0.0242237 -0.0185016 0.30499 -0.0660309 0.0529288 -0.474365 -0.0619898 -0.00514992 0.549897 -0.0586454 0.0579246 
22 0 0.0521504 -1.21265 -1.54553 1.54707 -1.6836 -1.48494 1.58503 -0.0207094 1.97583 -0.308042 -0.0246052 -0.0192645 0.300031 -0.0634114 0.0558008 -0.480087 -0.0612268 -0.00438697 0.563249 -0.0579518 0.055546 
22 0 0.0521504 -1.2138 -1.54515 1.54783 -1.6836 -1.4834 1.58542 -0.0203259 1.97161 -0.306134 -0.0246052 -0.0200275 0.29469 -0.0605755 0.0590278 -0.486191 -0.0604639 -0.00400549 0.5766 -0.0572552 0.0531716 
22 0 0.0521504 -1.21495 -1.54477 1.54822 -1.68398 -1.48149 1.5858 -0.0203259 1.96739 -0.303845 -0.0246052 -0.0204089 0.289731 -0.0574967 0.0618194 -0.491913 -0.0597009 -0.00362402 0.590715 -0.0569414 0.0515883 
22 0 0.0521504 -1.2161 -1.54477 1.5486 -1.68436 -1.47957 1.58657 -0.0199424 1.96279 -0.301556 -0.0246052 -0.0204089 0.284772 -0.0534837 0.0637081 -0.498016 -0.058938 -0.00324254 0.604829 -0.0568194 0.0503997 
22 0 0.0521504 -1.21687 -1.54477 1.54898 -1.68436 -1.47804 1.58772 -0.0195589 1.95819 -0.299649 -0.0249866 -0.0204089 0.279431 -0.0499021 0.0648553 -0.50412 -0.058175 -0.00286107 0.618944 -0.0568896 0.0496054 
22 -0.000628319 0.0521504 -1.21687 -1.54438 1.54937 -1.68475 -1.47612 1.58887 -0.0191753 1.95358 -0.298123 -0.0253681 -0.0204089 0.274853 -0.045416 0.0658901 -0.509842 -0.0577935 -0.00247959 0.634203 -0.0569596 0.0488105 
22 -0.000628319 0.0527788 -1.21687 -1.54438 1.54937 -1.68475 -1.4742 1.59079 -0.0184083 1.94898 -0.296216 -0.0257496 -0.0204089 0.269894 -0.0413625 0.0661943 -0.515946 -0.0577935 -0.00209812 0.647936 -0.0572231 0.0484078 
22 -0.00125664 0.0527788 -1.21725 -1.54438 1.54898 -1.68475 -1.47228 1.5927 -0.0176413 1.94438 -0.294308 -0.0265126 -0.0204089 0.266079 -0.0366212 0.0660315 -0.522049 -0.058175 -0.00171664 0.662432 -0.0574862 0.0480058 
22 -0.00125664 0.0540354 -1.21763 -1.544 1.5486 -1.68475 -1.47037 1.59462 -0.0176413 1.93978 -0.292401 -0.027657 -0.0204089 0.261501 -0.0318841 0.0658694 -0.52739 -0.0585565 -0.00133516 0.67731 -0.0579428 0.0479965 
22 -0.000628319 0.0540354 -1.21725 -1.544 1.5486 -1.68475 -1.46806 1.59577 -0.0172578 1.93518 -0.290875 -0.0280385 -0.0204089 0.257687 -0.0271263 0.0649421 -0.533112 -0.058938 -0.000572213 0.691043 -0.0585928 0.0483812 
22 -0.000628319 0.0540354 -1.21687 -1.544 1.5486 -1.68475 -1.46538 1.59692 -0.0168743 1.93057 -0.289349 -0.0288014 -0.0207904 0.254253 -0.0223719 0.0640216 -0.538453 -0.0597009 -0.000190738 0.705921 -0.0590496 0.0483718 
22 0 0.0540354 -1.2161 -1.54438 1.54822 -1.68475 -1.4627 1.59769 -0.0164908 1.92597 -0.287823 -0.0291829 -0.0207904 0.25082 -0.0178335 0.0627529 -0.543412 -0.0600824 0.000190738 0.719654 -0.0601564 0.0487481 
22 0 0.0534071 -1.21572 -1.54438 1.54822 -1.68475 -1.45963 1.59846 -0.0164908 1.92099 -0.286297 -0.0299458 -0.0207904 0.24815 -0.0132708 0.0607356 -0.548371 -0.0604639 0.000572213 0.73415 -0.0612636 0.049125 
22 0 0.0527788 -1.21495 -1.54438 1.54822 -1.68513 -1.45694 1.59922 -0.0164908 1.916 -0.284009 -0.0307088 -0.0211719 0.244717 -0.00921494 0.0602915 -0.552567 -0.0608453 0.000953689 0.748264 -0.0625642 0.0498978 
22 0 0.0527788 -1.21418 -1.544 1.54822 -1.68551 -1.45464 1.60076 -0.0164908 1.91025 -0.282101 -0.0314717 -0.0211719 0.242046 -0.00534538 0.0587456 -0.557527 -0.0612268 0.000953689 0.761997 -0.0636716 0.0502767 
22 0 0.0521504 -1.2138 -1.544 1.5486 -1.6859 -1.45272 1.60306 -0.0168743 1.9045 -0.280575 -0.0322347 -0.0215534 0.239376 -0.0015054 0.0579595 -0.561341 -0.0612268 0.000953689 0.776112 -0.0652364 0.0506484 
22 0 0.0521504 -1.21342 -1.544 1.5486 -1.68666 -1.45004 1.60536 -0.0164908 1.89874 -0.278668 -0.0329976 -0.0219348 0.237087 0.00209328 0.0575761 -0.5663 -0.0608453 0.000953689 0.788701 -0.067066 0.0506161 
22 0 0.0515221 -1.21303 -1.54362 1.54898 -1.68705 -1.44774 1.60766 -0.0164908 1.89261 -0.275998 -0.0337606 -0.0226978 0.234417 0.00524035 0.0572424 -0.570115 -0.0604639 0.000953689 0.801671 -0.0692827 0.0513795 
22 0 0.0515221 -1.21303 -1.54323 1.54937 -1.68743 -1.44582 1.60958 -0.0164908 1.88685 -0.273709 -0.0341421 -0.0234607 0.232128 0.00838578 0.0569105 -0.575074 -0.0600824 0.000953689 0.81426 -0.071765 0.0517396 
22 -0.000628319 0.0515221 -1.21303 -1.54285 1.54975 -1.68743 -1.44275 1.61073 -0.0168743 1.88072 -0.271801 -0.0345235 -0.0242237 0.229839 0.0110806 0.0566273 -0.578889 -0.0597009 0.000572213 0.825704 -0.0745134 0.051694 
22 -0.000628319 0.0521504 -1.21303 -1.54246 1.55052 -1.68743 -1.43968 1.6115 -0.0168743 1.8742 -0.270657 -0.034905 -0.0249866 0.227169 0.0137742 0.0563454 -0.583085 -0.0593194 0.000572213 0.837911 -0.0774568 0.0520494 
22 -0.000628319 0.0527788 -1.21342 -1.54208 1.55129 -1.68743 -1.43662 1.61265 -0.0172578 1.86806 -0.269131 -0.034905 -0.0261311 0.224498 0.0159888 0.0568513 -0.586519 -0.058938 0.000190738 0.849737 -0.0802086 0.0520048 
22 -0.000628319 0.0540354 -1.21418 -1.5417 1.55167 -1.68743 -1.43393 1.61418 -0.0176413 1.86231 -0.267987 -0.0345235 -0.026894 0.22221 0.0179929 0.0570096 -0.589189 -0.0585565 0.000190738 0.860037 -0.0836867 0.0515423 
22 -0.000628319 0.0540354 -1.21457 -1.5417 1.55167 -1.68743 -1.43125 1.61495 -0.0180248 1.85617 -0.267605 -0.0345235 -0.0280385 0.219921 0.0193382 0.0568689 -0.591478 -0.058175 -0.000190738 0.869955 -0.0866359 0.051901 
22 -0.000628319 0.0546637 -1.21533 -1.5417 1.55167 -1.68781 -1.42818 1.61533 -0.0184083 1.84965 -0.267224 -0.0345235 -0.0291829 0.21725 0.0206832 0.0567286 -0.593767 -0.0577935 -0.000190738 0.87911 -0.0903128 0.0518417 
22 -0.000628319 0.0546637 -1.21572 -1.5417 1.55167 -1.6882 -1.42434 1.61533 -0.0187918 1.84313 -0.267605 -0.0345235 -0.0307088 0.214961 0.0217893 0.0569801 -0.595293 -0.0574121 -0.000572213 0.888266 -0.0937987 0.0513758 
22 -0.000628319 0.055292 -1.21572 -1.5417 1.55129 -1.68896 -1.42089 1.6161 -0.0191753 1.83661 -0.267605 -0.0345235 -0.0314717 0.213436 0.0229243 0.0564953 -0.596819 -0.0574121 -0.000953689 0.896658 -0.0977478 0.0508999 
22 -0.000628319 0.055292 -1.21572 -1.54131 1.55129 -1.68935 -1.41782 1.61725 -0.0195589 1.82971 -0.267605 -0.0345235 -0.0322347 0.21191 0.0238197 0.0564031 -0.597963 -0.0570306 -0.00133516 0.904288 -0.1017 0.0504213 
22 -0.000628319 0.055292 -1.21572 -1.54093 1.55129 -1.68973 -1.41476 1.6184 -0.0195589 1.82319 -0.267224 -0.0341421 -0.0329976 0.210384 0.0245066 0.0559659 -0.599107 -0.0566491 -0.00171664 0.911154 -0.105851 0.050351 
22 -0.000628319 0.055292 -1.21533 -1.54055 1.55129 -1.69011 -1.41169 1.61878 -0.0199424 1.81629 -0.266842 -0.0341421 -0.0337606 0.209239 0.0251934 0.0555293 -0.600252 -0.0558862 -0.00209812 0.916114 -0.110077 0.0494483 
22 -0.000628319 0.055292 -1.21533 -1.54055 1.55129 -1.69011 -1.40824 1.6184 -0.0199424 1.80977 -0.266079 -0.0337606 -0.0345235 0.208476 0.0258802 0.0550931 -0.601015 -0.0551232 -0.00247959 0.921836 -0.114503 0.0489535 
22 -0.000628319 0.0546637 -1.21572 -1.54131 1.55129 -1.69011 -1.4044 1.6184 -0.0199424 1.80287 -0.265316 -0.0329976 -0.0352865 0.207713 0.0267759 0.0550013 -0.601396 -0.0543603 -0.00286107 0.92565 -0.118469 0.0484643 
22 -0.000628319 0.0546637 -1.2161 -1.54208 1.5509 -1.69011 -1.40095 1.6184 -0.0195589 1.79635 -0.264935 -0.0326162 -0.0364309 0.207332 0.0274628 0.0545659 -0.601396 -0.0532158 -0.00400549 0.929847 -0.123099 0.0483809 
22 -0.000628319 0.0546637 -1.2161 -1.54285 1.5509 -1.6905 -1.39673 1.61802 -0.0195589 1.78983 -0.264553 -0.0322347 -0.0371939 0.207332 0.0278816 0.0552514 -0.601015 -0.0520714 -0.00514992 0.931754 -0.127341 0.0474611 
22 0 0.0546637 -1.2161 -1.54323 1.5509 -1.69088 -1.39328 1.61802 -0.0195589 1.78254 -0.264172 -0.0318532 -0.0383383 0.207332 0.028329 0.0552067 -0.59987 -0.0505455 -0.00629435 0.932898 -0.131979 0.0473752 
22 0 0.0546637 -1.21572 -1.54323 1.5509 -1.69127 -1.38906 1.61802 -0.0195589 1.77525 -0.26379 -0.0314717 -0.0394827 0.207332 0.0285383 0.0555496 -0.599107 -0.0490196 -0.00743877 0.933661 -0.136229 0.0464468 
22 0 0.0540354 -1.21572 -1.54323 1.5509 -1.69165 -1.38561 1.61802 -0.0191753 1.76797 -0.26379 -0.0310903 -0.0406271 0.207332 0.0285088 0.0562817 -0.597963 -0.0471122 -0.0085832 0.933661 -0.14068 0.0459356 
22 0 0.0540354 -1.21572 -1.54323 1.55129 -1.69203 -1.38178 1.61802 -0.0195589 1.76068 -0.26379 -0.0310903 -0.0417716 0.207713 0.0286888 0.0573577 -0.596819 -0.0455863 -0.00934615 0.932898 -0.145332 0.0458465 
22 0 0.0540354 -1.21572 -1.54323 1.55129 -1.69203 -1.37794 1.61763 -0.0191753 1.75301 -0.264172 -0.0307088 -0.042916 0.207713 0.0286888 0.0573577 -0.595293 -0.0440604 -0.0104906 0.931754 -0.15006 0.0448961 
22 0 0.0540354 -1.21533 -1.54362 1.55167 -1.6928 -1.37449 1.61763 -0.0191753 1.74534 -0.264172 -0.0307088 -0.043679 0.208095 0.02866 0.0580895 -0.593004 -0.0425345 -0.011635 0.929847 -0.154722 0.0448051 
22 0 0.0534071 -1.21533 -1.54362 1.55167 -1.69318 -1.37065 1.61763 -0.0191753 1.73805 -0.264172 -0.0303273 -0.0444419 0.208858 0.0284217 0.0584798 -0.589952 -0.0410086 -0.0120165 0.92565 -0.159191 0.044285 
22 0 0.0527788 -1.21533 -1.544 1.55167 -1.69357 -1.36644 1.61763 -0.0191753 1.73038 -0.264172 -0.0299458 -0.0452049 0.209621 0.0281836 0.0588696 -0.587282 -0.0394827 -0.0127794 0.922217 -0.163862 0.0441942 
22 0 0.0527788 -1.21533 -1.54438 1.55167 -1.69395 -1.36298 1.61725 -0.0191753 1.7231 -0.264172 -0.0295644 -0.0455863 0.210384 0.0281837 0.0588695 -0.58423 -0.0383383 -0.0131609 0.916876 -0.168141 0.0432374 
22 0 0.0527788 -1.21533 -1.54438 1.55129 -1.69472 -1.35915 1.61687 -0.0187918 1.71543 -0.264172 -0.0288014 -0.0459678 0.211147 0.0281837 0.0588695 -0.580034 -0.0368124 -0.0135424 0.911917 -0.172821 0.0431452 
22 0 0.0521504 -1.21495 -1.544 1.55129 -1.6951 -1.35531 1.61687 -0.0187918 1.70776 -0.264172 -0.0280385 -0.0463493 0.212291 0.0279741 0.0585265 -0.5766 -0.0352865 -0.0139239 0.904669 -0.177308 0.0426171 
22 0 0.0521504 -1.21495 -1.54438 1.55129 -1.69587 -1.35148 1.61648 -0.0187918 1.70009 -0.264172 -0.027657 -0.0467308 0.213054 0.0280029 0.0577935 -0.572023 -0.0341421 -0.0143053 0.89704 -0.181528 0.0425346 
22 0 0.0521504 -1.21457 -1.544 1.55167 -1.69625 -1.34764 1.6161 -0.0187918 1.69203 -0.264172 -0.0265126 -0.0467308 0.214199 0.0280028 0.0577941 -0.568208 -0.0326162 -0.0146868 0.88941 -0.186023 0.0420037 
22 0 0.0521504 -1.21418 -1.544 1.55167 -1.69663 -1.34381 1.61571 -0.0187918 1.68475 -0.264172 -0.0257496 -0.0471122 0.215343 0.0277934 0.0574508 -0.56363 -0.0318532 -0.0146868 0.880636 -0.190052 0.0414799 
22 0 0.0521504 -1.2138 -1.544 1.55167 -1.69702 -1.34036 1.61533 -0.0187918 1.67669 -0.264553 -0.0249866 -0.0474937 0.216487 0.0273749 0.0567636 -0.559052 -0.0307088 -0.0146868 0.871099 -0.194284 0.0413976 
22 0 0.0521504 -1.21342 -1.544 1.55167 -1.6974 -1.33652 1.61495 -0.0187918 1.66902 -0.264553 -0.0238422 -0.0478752 0.218013 0.0271655 0.056421 -0.553712 -0.0291829 -0.0150683 0.861181 -0.19805 0.0413257 
22 0 0.0521504 -1.21303 -1.54438 1.55129 -1.6974 -1.33269 1.61456 -0.0184083 1.66097 -0.264935 -0.0230793 -0.0482567 0.219158 0.0269562 0.0560774 -0.548753 -0.0280385 -0.0150683 0.850881 -0.202089 0.040799 
22 0 0.0521504 -1.21265 -1.54477 1.55129 -1.69779 -1.32885 1.61418 -0.0184083 1.6533 -0.265316 -0.0223163 -0.0486381 0.220684 0.026538 0.0553893 -0.54303 -0.0265126 -0.0146868 0.839818 -0.205459 0.0398312 
22 0 0.0521504 -1.21188 -1.54477 1.55129 -1.69817 -1.32578 1.61418 -0.0184083 1.64486 -0.265698 -0.0215534 -0.0490196 0.22221 0.0261199 0.0547013 -0.536927 -0.0253681 -0.0146868 0.82723 -0.209033 0.0393084 
22 0 0.0521504 -1.21188 -1.54515 1.55129 -1.69855 -1.32233 1.6138 -0.0184083 1.63719 -0.265698 -0.0207904 -0.0494011 0.223354 0.0254929 0.0536695 -0.530823 -0.0234607 -0.0146868 0.815023 -0.212136 0.0387932 
22 0 0.0521504 -1.2115 -1.54515 1.5509 -1.69932 -1.31888 1.6138 -0.0180248 1.62914 -0.266079 -0.0204089 -0.0494011 0.22488 0.0248664 0.0526355 -0.52472 -0.0223163 -0.0146868 0.802052 -0.21504 0.0378244 
22 0 0.0521504 -1.21111 -1.54515 1.5509 -1.6997 -1.31581 1.61341 -0.0180248 1.62147 -0.266079 -0.0200275 -0.050164 0.226406 0.0240318 0.051255 -0.518235 -0.0211719 -0.0143053 0.788319 -0.217945 0.0368518 
22 0 0.0521504 -1.21073 -1.54515 1.55129 -1.70009 -1.31236 1.61341 -0.0180248 1.61341 -0.266079 -0.019646 -0.0505455 0.228313 0.0234063 0.0502183 -0.512131 -0.0200275 -0.0139239 0.774968 -0.22058 0.0363391 
22 0 0.0521504 -1.21073 -1.54515 1.5509 -1.70047 -1.30891 1.61303 -0.0180248 1.60574 -0.266461 -0.0192645 -0.050927 0.23022 0.0225731 0.0488343 -0.506027 -0.0192645 -0.0135424 0.760853 -0.223014 0.0353702 
22 0 0.0521504 -1.21035 -1.54477 1.5509 -1.70085 -1.30622 1.61303 -0.0180248 1.59807 -0.266461 -0.0192645 -0.0516899 0.231746 0.0217405 0.0474482 -0.499161 -0.018883 -0.0131609 0.745212 -0.224772 0.0339535 
22 0 0.0521504 -1.21035 -1.54477 1.5509 -1.70162 -1.30277 1.61265 -0.0176413 1.59002 -0.267224 -0.018883 -0.0520714 0.233272 0.0204932 0.0453652 -0.492676 -0.0177386 -0.0127794 0.730335 -0.226733 0.0329885 
22 0 0.0521504 -1.20996 -1.54477 1.5509 -1.702 -1.2997 1.61226 -0.0176413 1.58235 -0.267605 -0.018883 -0.0524529 0.23518 0.0192475 0.0432775 -0.486191 -0.0169757 -0.012398 0.715076 -0.228424 0.0324882 
22 0 0.0521504 -1.20996 -1.54438 1.5509 -1.702 -1.29702 1.61188 -0.0176413 1.57506 -0.268368 -0.018883 -0.0528344 0.237087 0.0180037 0.0411852 -0.479324 -0.0162127 -0.0120165 0.699054 -0.229912 0.0315302 
22 0 0.0521504 -1.20958 -1.544 1.55052 -1.70239 -1.29434 1.61188 -0.0172578 1.56778 -0.269131 -0.018883 -0.0528344 0.238994 0.0165547 0.0387381 -0.472457 -0.0154498 -0.011635 0.683032 -0.230861 0.031506 
22 0 0.0521504 -1.20958 -1.544 1.55052 -1.70277 -1.29165 1.61188 -0.0172578 1.56049 -0.270275 -0.0185016 -0.0532158 0.240902 0.0148654 0.0366753 -0.465972 -0.0146868 -0.011635 0.668154 -0.231605 0.0310259 
22 0 0.0521504 -1.20958 -1.544 1.55013 -1.70315 -1.28935 1.61188 -0.0168743 1.5532 -0.271038 -0.0185016 -0.0532158 0.242428 0.0134208 0.0342154 -0.459487 -0.0139239 -0.0112535 0.652132 -0.232143 0.0300891 
22 0 0.0521504 -1.20958 -1.54362 1.54975 -1.70354 -1.28705 1.6115 -0.0168743 1.54592 -0.271801 -0.0181201 -0.0528344 0.244335 0.0117348 0.03214 -0.453002 -0.0135424 -0.0112535 0.635729 -0.232682 0.0291505 
22 0 0.0521504 -1.20958 -1.54362 1.54975 -1.70392 -1.28475 1.6115 -0.0164908 1.53901 -0.272564 -0.0181201 -0.0528344 0.246624 0.0102947 0.0296671 -0.446136 -0.0127794 -0.0112535 0.619326 -0.232746 0.0282251 
22 0 0.0521504 -1.20958 -1.54323 1.54937 -1.7043 -1.28283 1.61111 -0.0161073 1.53211 -0.273327 -0.0177386 -0.0528344 0.248531 0.00861224 0.027579 -0.440032 -0.0120165 -0.0112535 0.603685 -0.232541 0.0277676 
22 0 0.0521504 -1.20958 -1.54323 1.54898 -1.70469 -1.28091 1.6115 -0.0157238 1.52521 -0.274853 -0.0173571 -0.0524529 0.250439 0.00713635 0.02584 -0.433928 -0.0108721 -0.0112535 0.588426 -0.231861 0.0273241 
22 0 0.0521504 -1.20958 -1.54285 1.54898 -1.70507 -1.279 1.6115 -0.0153403 1.5183 -0.276379 -0.0173571 -0.0520714 0.251965 0.00521108 0.024132 -0.427443 -0.00972763 -0.0112535 0.572786 -0.231182 0.0268815 
22 0 0.0521504 -1.20996 -1.54285 1.5486 -1.70546 -1.27746 1.6115 -0.0149568 1.51178 -0.278286 -0.0169757 -0.0520714 0.253872 0.00353257 0.022026 -0.421721 -0.0085832 -0.011635 0.557145 -0.230297 0.0259839 
22 0 0.0521504 -1.21035 -1.54246 1.54822 -1.70622 -1.27631 1.6115 -0.0141898 1.50488 -0.279812 -0.0169757 -0.0516899 0.255779 0.00136265 0.0206985 -0.415999 -0.00743877 -0.011635 0.543412 -0.229144 0.0255571 
22 0 0.0521504 -1.21035 -1.54246 1.54783 -1.70661 -1.27516 1.6115 -0.0138062 1.49836 -0.281338 -0.0169757 -0.0516899 0.257305 -0.000764615 0.0186138 -0.409895 -0.00667582 -0.0120165 0.528153 -0.22799 0.0251314 
22 0 0.0521504 -1.21073 -1.54208 1.54745 -1.70699 -1.27401 1.61188 -0.0130392 1.49223 -0.282864 -0.0165942 -0.0513085 0.258831 -0.00293411 0.0172749 -0.404555 -0.00591287 -0.0120165 0.51442 -0.226632 0.0242538 
22 0 0.0521504 -1.21111 -1.54131 1.54707 -1.70737 -1.27286 1.61188 -0.0126557 1.48571 -0.285534 -0.0169757 -0.0513085 0.259976 -0.00510363 0.0159309 -0.399214 -0.00476844 -0.0120165 0.500305 -0.224593 0.0229422 
22 0 0.0521504 -1.2115 -1.54093 1.54668 -1.70776 -1.27171 1.61188 -0.0115052 1.47957 -0.287823 -0.0169757 -0.0513085 0.261501 -0.0074768 0.0142196 -0.393874 -0.00362402 -0.0120165 0.486954 -0.222761 0.022087 
22 0 0.0521504 -1.21227 -1.54055 1.54592 -1.70814 -1.27133 1.61265 -0.0107382 1.47305 -0.290112 -0.0169757 -0.0513085 0.263409 -0.00984961 0.0125011 -0.389296 -0.00286107 -0.0120165 0.473983 -0.220457 0.0212518 
22 0 0.0521504 -1.21265 -1.5394 1.54515 -1.70929 -1.27133 1.61341 -0.00920417 1.46653 -0.292401 -0.0173571 -0.0513085 0.264935 -0.0122221 0.0107753 -0.384337 -0.00247959 -0.0120165 0.462158 -0.218006 0.0190601 
22 0 0.0521504 -1.21303 -1.53825 1.544 -1.70967 -1.27094 1.61418 -0.00767014 1.46078 -0.295071 -0.0173571 -0.0513085 0.266461 -0.0152495 0.00870691 -0.38014 -0.00209812 -0.011635 0.449569 -0.215968 0.0177724 
22 0 0.0521504 -1.21342 -1.5371 1.54362 -1.71006 -1.27017 1.61456 -0.00613611 1.45503 -0.297742 -0.0173571 -0.0513085 0.267987 -0.0183238 0.00739157 -0.375563 -0.00209812 -0.011635 0.438506 -0.213044 0.0156197 
22 0 0.0521504 -1.21418 -1.53556 1.54323 -1.71044 -1.26979 1.61495 -0.00460208 1.44966 -0.300031 -0.0173571 -0.0513085 0.269131 -0.0213513 0.0053028 -0.372129 -0.00171664 -0.011635 0.427825 -0.210327 0.0139234 
22 0 0.0521504 -1.21457 -1.53364 1.54285 -1.71082 -1.26941 1.61571 -0.00306806 1.44467 -0.302319 -0.0173571 -0.0513085 0.270657 -0.025034 0.00286095 -0.368696 -0.00171664 -0.011635 0.418288 -0.206931 0.0118169 
22 0 0.0521504 -1.21495 -1.53211 1.54246 -1.71159 -1.26902 1.61648 -0.00153403 1.4393 -0.305371 -0.0173571 -0.0513085 0.272183 -0.0280608 0.000747112 -0.365644 -0.00171664 -0.011635 0.40837 -0.203535 0.00972587 
22 0 0.0521504 -1.21533 -1.53019 1.54208 -1.71197 -1.26902 1.61687 0 1.43432 -0.308042 -0.0169757 -0.0513085 0.273327 -0.0315411 -0.00135145 -0.363355 -0.00133516 -0.011635 0.398833 -0.199878 0.00810986 
22 0 0.0521504 -1.21533 -1.52866 1.54131 -1.71197 -1.26826 1.61725 0.00191753 1.42895 -0.310712 -0.0169757 -0.0513085 0.274853 -0.03497 -0.00423921 -0.36183 -0.00133516 -0.011635 0.390059 -0.195805 0.00563747 
22 0 0.0521504 -1.21533 -1.52712 1.54093 -1.71197 -1.26787 1.61763 0.00421858 1.42396 -0.313764 -0.0165942 -0.0513085 0.275616 -0.0382486 -0.0059903 -0.361067 -0.000953689 -0.011635 0.382429 -0.191733 0.00318645 
22 0 0.0521504 -1.21533 -1.52597 1.54016 -1.71236 -1.26711 1.6184 0.00613611 1.41936 -0.316052 -0.0162127 -0.050927 0.276761 -0.0417287 -0.0081299 -0.360685 -0.000190738 -0.0120165 0.3748 -0.186881 0.00212426 
22 0 0.0521504 -1.21533 -1.52521 1.53978 -1.71236 -1.26672 1.61878 0.00843715 1.41476 -0.31796 -0.0158312 -0.0505455 0.277905 -0.0447535 -0.0103069 -0.360685 0.000572213 -0.0120165 0.367933 -0.181617 0.000219682 
22 0 0.0521504 -1.21572 -1.52482 1.53978 -1.71197 -1.26596 1.61993 0.0111217 1.41092 -0.319867 -0.0158312 -0.050164 0.279431 -0.0475223 -0.0129 -0.360685 0.00171664 -0.0120165 0.363355 -0.176147 -0.00208758 
22 0 0.0521504 -1.2161 -1.52406 1.5394 -1.71159 -1.26557 1.62032 0.0130392 1.40709 -0.322156 -0.0150683 -0.0494011 0.281338 -0.0502325 -0.0162939 -0.360685 0.00286107 -0.0120165 0.357633 -0.170214 -0.00433909 
22 0 0.0521504 -1.2161 -1.52367 1.5394 -1.71197 -1.26519 1.6207 0.0153403 1.40364 -0.324445 -0.0146868 -0.0490196 0.282864 -0.0526811 -0.0201105 -0.360685 0.00400549 -0.011635 0.353819 -0.164544 -0.00701078 
22 0 0.0521504 -1.21648 -1.52252 1.5394 -1.71197 -1.26404 1.6207 0.0180248 1.3998 -0.326352 -0.0139239 -0.0482567 0.284772 -0.0546669 -0.0239643 -0.360685 0.00438697 -0.0112535 0.350004 -0.158366 -0.00875776 
22 0 0.0521504 -1.21648 -1.52099 1.5394 -1.71159 -1.26289 1.62032 0.0207094 1.39712 -0.32826 -0.0127794 -0.0471122 0.286679 -0.0568433 -0.028222 -0.360304 0.00514992 -0.0108721 0.347715 -0.152705 -0.0113708 
22 0 0.0521504 -1.21687 -1.5206 1.53978 -1.71121 -1.26174 1.62032 0.0230104 1.39481 -0.33093 -0.011635 -0.0463493 0.288968 -0.0586874 -0.0336985 -0.359541 0.0055314 -0.0101091 0.345808 -0.147258 -0.0135439 
22 0 0.0521504 -1.21725 -1.52022 1.53978 -1.71121 -1.26097 1.62032 0.0253115 1.39213 -0.3336 -0.0104906 -0.0452049 0.291257 -0.0605164 -0.0391984 -0.358396 0.00591287 -0.00972763 0.3439 -0.141606 -0.0160999 
22 0 0.0515221 -1.21763 -1.52022 1.54016 -1.71121 -1.2602 1.61993 0.027229 1.38906 -0.335508 -0.00934615 -0.0440604 0.293164 -0.0623303 -0.0447216 -0.35687 0.00667582 -0.00934615 0.342374 -0.136379 -0.0178177 
22 0 0.0515221 -1.2184 -1.51984 1.54016 -1.71121 -1.25982 1.61955 0.0291465 1.38638 -0.338178 -0.00743877 -0.042916 0.295071 -0.0641288 -0.0502685 -0.355344 0.0070573 -0.00896468 0.34123 -0.131409 -0.0199553 
22 0 0.0515221 -1.21878 -1.51907 1.53978 -1.71159 -1.25905 1.61917 0.0314476 1.38369 -0.341611 -0.00591287 -0.0413901 0.29736 -0.0656463 -0.056243 -0.353437 0.00743877 -0.0085832 0.340848 -0.126232 -0.0224716 
22 0 0.0515221 -1.21955 -1.5183 1.5394 -1.71159 -1.25867 1.61878 0.0341321 1.38139 -0.344663 -0.00438697 -0.0402457 0.300031 -0.0671454 -0.0622408 -0.35153 0.00782025 -0.0085832 0.340467 -0.121982 -0.0250381 
22 0 0.0515221 -1.2207 -1.51792 1.53978 -1.71159 -1.2579 1.6184 0.0360496 1.37947 -0.348096 -0.00324254 -0.0387198 0.302319 -0.0684363 -0.0678602 -0.349241 0.00743877 -0.00820172 0.339704 -0.117694 -0.0267533 
22 0 0.0515221 -1.22109 -1.51677 1.53978 -1.71197 -1.25752 1.6184 0.0379672 1.37679 -0.351911 -0.00247959 -0.0371939 0.30499 -0.0696023 -0.0722894 -0.347715 0.0070573 -0.00782025 0.338941 -0.113696 -0.029714 
22 0 0.0521504 -1.22147 -1.51485 1.54016 -1.71159 -1.25714 1.6184 0.0395012 1.37449 -0.354963 -0.00171664 -0.0360494 0.308423 -0.0705703 -0.0763273 -0.346952 0.00591287 -0.00743877 0.337415 -0.110158 -0.0326927 
22 0 0.0521504 -1.22147 -1.51409 1.54055 -1.71082 -1.25637 1.6184 0.0414187 1.37219 -0.358778 -0.000953689 -0.034905 0.312238 -0.0713427 -0.0799696 -0.346571 0.00476844 -0.00667582 0.334745 -0.107256 -0.0344817 
22 0 0.0540354 -1.22224 -1.51409 1.54055 -1.70967 -1.2556 1.6184 0.0441033 1.36989 -0.362211 -0.000572213 -0.0341421 0.316052 -0.0721927 -0.0828108 -0.346571 0.00286107 -0.00591287 0.332074 -0.104176 -0.0374685 
22 0 0.055292 -1.223 -1.51447 1.54093 -1.70891 -1.25522 1.61878 0.0464043 1.36874 -0.366026 -0.000190738 -0.0333791 0.321012 -0.0728526 -0.0852501 -0.345808 0.000572213 -0.00514992 0.329786 -0.101521 -0.0396643 
22 -0.000628319 0.0565487 -1.22415 -1.51485 1.54093 -1.70852 -1.25483 1.61878 0.0483219 1.36835 -0.369841 0.000572213 -0.0326162 0.325971 -0.0733239 -0.087285 -0.345045 -0.000953689 -0.00400549 0.327497 -0.0995694 -0.0423235 
22 -0.000628319 0.057177 -1.2253 -1.51562 1.54093 -1.70814 -1.25483 1.6184 0.0498559 1.3672 -0.372892 0.000953689 -0.0314717 0.33093 -0.0736943 -0.0881037 -0.3439 -0.00286107 -0.00324254 0.324063 -0.0975841 -0.0441584 
22 -0.000628319 0.0578053 -1.22646 -1.51677 1.54055 -1.70814 -1.25483 1.61763 0.0517734 1.36605 -0.377089 0.00133516 -0.0307088 0.337034 -0.073978 -0.0897319 -0.341993 -0.00400549 -0.00247959 0.321393 -0.0956289 -0.046799 
22 -0.000628319 0.0590619 -1.22722 -1.51754 1.54055 -1.70814 -1.25483 1.61687 0.0540745 1.36528 -0.380903 0.00133516 -0.0295644 0.342756 -0.0741628 -0.0901418 -0.339323 -0.00514992 -0.00247959 0.318723 -0.0940699 -0.0478542 
22 -0.000628319 0.0590619 -1.22799 -1.51792 1.54016 -1.70852 -1.25483 1.61571 0.0563755 1.36452 -0.3851 0.000953689 -0.0284199 0.348859 -0.0743477 -0.0905515 -0.336652 -0.00591287 -0.00209812 0.314908 -0.0920527 -0.0488592 
22 -0.000628319 0.0590619 -1.22876 -1.5183 1.53978 -1.70852 -1.25522 1.61418 0.0590601 1.36413 -0.389677 0.000953689 -0.027657 0.356107 -0.0744353 -0.0897402 -0.334363 -0.00629435 -0.00209812 0.311856 -0.0902502 -0.0494799 
22 0 0.0578053 -1.22952 -1.5183 1.53978 -1.70929 -1.25445 1.61226 0.0617446 1.36375 -0.394255 0.000572213 -0.0265126 0.363355 -0.0742503 -0.0893303 -0.332074 -0.00667582 -0.00247959 0.308042 -0.0881748 -0.0488639 
22 0 0.057177 -1.23029 -1.5183 1.54016 -1.70929 -1.25368 1.61035 0.0636621 1.36375 -0.398833 0.000572213 -0.0257496 0.370222 -0.0741523 -0.0881094 -0.329786 -0.00667582 -0.00286107 0.303845 -0.086283 -0.0470641 
22 0 0.0565487 -1.23029 -1.5183 1.54055 -1.70891 -1.25215 1.60919 0.0655797 1.36337 -0.40341 0.000572213 -0.0246052 0.377852 -0.0740533 -0.0868894 -0.328641 -0.00667582 -0.00362402 0.300793 -0.0832618 -0.0455577 
22 0 0.055292 -1.23106 -1.51869 1.54093 -1.70852 -1.25023 1.60881 0.0671137 1.3626 -0.407607 0.000572213 -0.0234607 0.385863 -0.0739536 -0.08567 -0.328641 -0.00591287 -0.00476844 0.295834 -0.0806661 -0.0433007 
22 0 0.0546637 -1.23144 -1.51869 1.54131 -1.70814 -1.24908 1.60919 0.0686477 1.36222 -0.411421 0.000572213 -0.0223163 0.393492 -0.0739382 -0.0836405 -0.329404 -0.00514992 -0.00591287 0.293164 -0.0776114 -0.0410088 
22 -0.000628319 0.0546637 -1.23144 -1.5183 1.54208 -1.70776 -1.24716 1.60996 0.0697983 1.36183 -0.415618 0.000953689 -0.0215534 0.401503 -0.0736498 -0.082015 -0.330549 -0.00362402 -0.00667582 0.289349 -0.0752582 -0.0391916 
22 -0.00188496 0.055292 -1.23106 -1.51869 1.54323 -1.70699 -1.24448 1.61035 0.0717158 1.36183 -0.419432 0.000953689 -0.0207904 0.409895 -0.0735264 -0.0787715 -0.330549 -0.00171664 -0.00782025 0.285916 -0.073115 -0.0370032 
22 -0.00188496 0.057177 -1.23067 -1.51907 1.54438 -1.70661 -1.24141 1.61035 0.0732498 1.36183 -0.42401 0.00171664 -0.0200275 0.418288 -0.0733159 -0.0763404 -0.330167 -0.000190738 -0.0085832 0.284009 -0.070585 -0.0363732 
22 -0.00188496 0.0578053 -1.23067 -1.52022 1.54515 -1.70661 -1.23834 1.61035 0.0747838 1.36183 -0.428206 0.00247959 -0.0192645 0.427062 -0.0729943 -0.072698 -0.329404 0.00209812 -0.00934615 0.280957 -0.0685125 -0.0357873 
22 -0.00251327 0.0590619 -1.23106 -1.52137 1.54553 -1.70699 -1.23566 1.60996 0.0763179 1.36222 -0.432784 0.00324254 -0.0185016 0.436217 -0.073313 -0.0694639 -0.327878 0.00400549 -0.0101091 0.277905 -0.0667225 -0.0364145 
22 -0.00251327 0.0596903 -1.23106 -1.52214 1.54515 -1.70699 -1.23297 1.60919 0.0782354 1.36222 -0.437743 0.00438697 -0.0177386 0.445754 -0.0729784 -0.0658291 -0.326352 0.00514992 -0.0104906 0.275616 -0.0647225 -0.0374147 
22 -0.00188496 0.0596903 -1.23106 -1.52291 1.54553 -1.70776 -1.23067 1.60804 0.0797694 1.36222 -0.442702 0.00514992 -0.0169757 0.455291 -0.0729039 -0.0617941 -0.324063 0.00667582 -0.0104906 0.272946 -0.0630028 -0.0396191 
22 -0.00188496 0.0590619 -1.23106 -1.52367 1.54592 -1.70852 -1.22914 1.60613 0.0813035 1.36222 -0.448043 0.00629435 -0.0165942 0.465591 -0.072821 -0.0577631 -0.321012 0.00782025 -0.0101091 0.269131 -0.0614925 -0.0414433 
22 -0.00188496 0.057177 -1.23144 -1.52406 1.54668 -1.70929 -1.22761 1.60421 0.082454 1.36183 -0.453002 0.00743877 -0.0162127 0.475891 -0.0722717 -0.053743 -0.318341 0.00896468 -0.00934615 0.266461 -0.0598024 -0.0444229 
22 -0.000628319 0.0565487 -1.23182 -1.52482 1.54707 -1.71006 -1.22646 1.60268 0.0836045 1.36183 -0.458724 0.0085832 -0.0158312 0.486572 -0.072101 -0.0505274 -0.315671 0.00972763 -0.0085832 0.263027 -0.0583206 -0.047022 
22 -0.000628319 0.0546637 -1.23221 -1.52521 1.54707 -1.71044 -1.2253 1.60152 0.084755 1.36145 -0.463684 0.00934615 -0.0154498 0.497635 -0.0716061 -0.0457148 -0.312238 0.0101091 -0.00820172 0.259594 -0.0566238 -0.0499833 
22 -0.000628319 0.0534071 -1.23259 -1.52559 1.54707 -1.71082 -1.22415 1.60076 0.0862891 1.36145 -0.469406 0.0101091 -0.0150683 0.508698 -0.071227 -0.0421113 -0.309567 0.0104906 -0.0070573 0.256924 -0.0551361 -0.0525666 
22 -0.000628319 0.0521504 -1.23259 -1.52597 1.54668 -1.71082 -1.223 1.60037 0.0878231 1.36183 -0.475509 0.0112535 -0.0143053 0.520142 -0.0711033 -0.0381045 -0.307279 0.0108721 -0.00667582 0.253109 -0.0536174 -0.0543589 
22 -0.00125664 0.0527788 -1.23297 -1.52636 1.54668 -1.71044 -1.22185 1.60037 0.0893571 1.36222 -0.48085 0.0120165 -0.0135424 0.531968 -0.0709714 -0.0341019 -0.305371 0.011635 -0.00591287 0.249676 -0.0520977 -0.0561462 
22 -0.000628319 0.0540354 -1.23336 -1.52712 1.54668 -1.71006 -1.22032 1.60076 0.0905076 1.36298 -0.486954 0.0127794 -0.012398 0.544175 -0.0705709 -0.0305126 -0.303845 0.012398 -0.0055314 0.247387 -0.0507629 -0.0567809 
22 -0.000628319 0.055292 -1.23374 -1.52866 1.54668 -1.71006 -1.21878 1.60114 0.0916582 1.36413 -0.49382 0.0139239 -0.011635 0.556001 -0.0706217 -0.0269109 -0.302319 0.0139239 -0.0055314 0.243191 -0.0494283 -0.0574142 
22 0 0.057177 -1.23374 -1.52981 1.54668 -1.71006 -1.21687 1.60114 0.0924252 1.36528 -0.499542 0.0143053 -0.0108721 0.568589 -0.0708647 -0.0237029 -0.301556 0.0158312 -0.0055314 0.24052 -0.0476127 -0.0572168 
22 0 0.0578053 -1.23374 -1.53058 1.5463 -1.71082 -1.21495 1.60076 0.0931922 1.36567 -0.506027 0.0150683 -0.0101091 0.581178 -0.0711026 -0.0204956 -0.300793 0.0173571 -0.0055314 0.238231 -0.0462513 -0.057069 
22 0 0.0590619 -1.23336 -1.53096 1.5463 -1.71121 -1.21303 1.60076 0.0943427 1.36644 -0.513657 0.0158312 -0.00934615 0.593767 -0.0712775 -0.0180904 -0.300031 0.018883 -0.0055314 0.234798 -0.0451032 -0.0565572 
22 -0.000628319 0.0596903 -1.23336 -1.53096 1.54592 -1.71159 -1.21111 1.60114 0.0954932 1.36682 -0.520142 0.0165942 -0.0085832 0.6075 -0.07165 -0.0160756 -0.298886 0.0200275 -0.0055314 0.232128 -0.0439552 -0.0560462 
22 -0.000628319 0.0596903 -1.23336 -1.53134 1.54592 -1.71197 -1.20996 1.60076 0.0966437 1.3672 -0.526246 0.0173571 -0.00782025 0.620089 -0.0718195 -0.0136706 -0.297742 0.0207904 -0.00514992 0.230602 -0.0425663 -0.0551237 
22 -0.000628319 0.0596903 -1.23336 -1.53096 1.5463 -1.71236 -1.2092 1.60114 0.0981778 1.36797 -0.532731 0.0181201 -0.00667582 0.634203 -0.0721875 -0.011655 -0.295834 0.0215534 -0.00476844 0.228695 -0.0411772 -0.0542032 
22 -0.000628319 0.0590619 -1.23297 -1.53096 1.54592 -1.71274 -1.20843 1.60152 0.0997118 1.36874 -0.539597 0.018883 -0.00591287 0.647173 -0.0730114 -0.00961475 -0.293927 0.0223163 -0.00400549 0.226024 -0.039605 -0.0544227 
22 -0.000628319 0.0590619 -1.23297 -1.53096 1.54592 -1.71313 -1.20728 1.60229 0.101629 1.3695 -0.546082 0.0192645 -0.00476844 0.661288 -0.0735775 -0.00798594 -0.292401 0.0226978 -0.00324254 0.224117 -0.0384864 -0.0546896 
22 -0.000628319 0.0578053 -1.23297 -1.53096 1.54592 -1.71313 -1.20613 1.60229 0.103163 1.37065 -0.551804 0.019646 -0.00362402 0.675021 -0.0746003 -0.00633055 -0.291257 0.0234607 -0.00247959 0.222972 -0.0369436 -0.0556806 
22 -0.000628319 0.057177 -1.23336 -1.53134 1.54592 -1.71313 -1.20498 1.60229 0.104697 1.37219 -0.558289 0.0200275 -0.00247959 0.689517 -0.075622 -0.00467275 -0.289731 0.0238422 -0.00133516 0.22221 -0.0358254 -0.0559457 
22 0 0.057177 -1.23336 -1.53173 1.54592 -1.71313 -1.20421 1.60229 0.106231 1.37334 -0.564393 0.0204089 -0.000953689 0.703632 -0.0765906 -0.00381648 -0.288586 0.0242237 -0.000572213 0.221447 -0.0340706 -0.0572937 
22 0 0.0565487 -1.23374 -1.53249 1.54592 -1.71274 -1.20344 1.60229 0.107765 1.37526 -0.570115 0.0204089 0.000572213 0.717746 -0.077814 -0.0025432 -0.28706 0.0249866 0.000190738 0.220684 -0.0325281 -0.0582774 
22 0 0.0565487 -1.23413 -1.53288 1.54553 -1.71313 -1.20229 1.60191 0.108916 1.37679 -0.576219 0.0207904 0.00171664 0.732242 -0.0789857 -0.00207299 -0.285534 0.0261311 0.00133516 0.219539 -0.0309583 -0.0584896 
22 0 0.055292 -1.23413 -1.53364 1.54553 -1.71313 -1.20153 1.60191 0.110066 1.37832 -0.581941 0.0207904 0.00286107 0.745975 -0.0804124 -0.00118505 -0.284772 0.0272755 0.00209812 0.218776 -0.0298413 -0.0587506 
22 0 0.0546637 -1.23451 -1.53364 1.54515 -1.71351 -1.20076 1.60191 0.110833 1.37986 -0.587282 0.0211719 0.00400549 0.759709 -0.0815844 -0.000712647 -0.284009 0.0280385 0.00286107 0.218013 -0.0280599 -0.0593204 
22 0 0.0546637 -1.23413 -1.53326 1.54438 -1.71389 -1.20038 1.60191 0.112368 1.38139 -0.593004 0.0211719 0.0055314 0.773442 -0.0832658 0.000596737 -0.284009 0.0288014 0.00362402 0.216869 -0.0269434 -0.0595798 
22 0 0.0546637 -1.23413 -1.53288 1.544 -1.71428 -1.19999 1.60229 0.113518 1.38293 -0.597581 0.0215534 0.00667582 0.786793 -0.084897 0.00110026 -0.284009 0.0295644 0.00400549 0.216106 -0.0258272 -0.0598388 
22 0 0.0546637 -1.23374 -1.53288 1.544 -1.71428 -1.19961 1.60268 0.115436 1.38446 -0.603304 0.0215534 0.00782025 0.799001 -0.0865286 0.00160506 -0.28439 0.0299458 0.00476844 0.215724 -0.0247111 -0.0600973 
22 0 0.0546637 -1.23336 -1.53249 1.54362 -1.71466 -1.19884 1.60306 0.116586 1.38638 -0.607881 0.0215534 0.00934615 0.811589 -0.0881606 0.00211112 -0.28439 0.0303273 0.00514992 0.215724 -0.0235953 -0.0603552 
22 0 0.055292 -1.23297 -1.53249 1.54362 -1.71466 -1.19808 1.60421 0.117737 1.38829 -0.61284 0.0215534 0.0101091 0.823415 -0.0904574 0.00225553 -0.284772 0.0307088 0.0055314 0.215724 -0.0224797 -0.0606127 
22 0 0.0565487 -1.23259 -1.53211 1.54323 -1.71428 -1.19769 1.60498 0.118887 1.39021 -0.617418 0.0215534 0.011635 0.834478 -0.092246 0.00155695 -0.28439 0.0307088 0.00629435 0.215724 -0.0213643 -0.0608696 
22 0 0.0565487 -1.23221 -1.53211 1.54323 -1.71428 -1.19693 1.60574 0.120038 1.39175 -0.621996 0.0215534 0.0127794 0.845541 -0.0945449 0.00170032 -0.28439 0.0307088 0.00667582 0.216106 -0.0204622 -0.0607709 
22 0 0.0565487 -1.23182 -1.53173 1.54285 -1.71428 -1.19654 1.60651 0.120805 1.39366 -0.625429 0.0219348 0.0139239 0.856603 -0.09705 0.00144951 -0.284009 0.0307088 0.00743877 0.216487 -0.0195595 -0.0606715 
22 0 0.0565487 -1.23106 -1.53134 1.54246 -1.71428 -1.19616 1.60728 0.122339 1.39597 -0.629244 0.0219348 0.0150683 0.86614 -0.0998116 0.0016214 -0.283627 0.0307088 0.00820172 0.216869 -0.0188689 -0.0602164 
22 0 0.0565487 -1.23067 -1.53019 1.54208 -1.71428 -1.19577 1.60766 0.123489 1.39788 -0.632296 0.0219348 0.0162127 0.875296 -0.10232 0.00136859 -0.283627 0.0307088 0.00934615 0.217632 -0.0184172 -0.0601663 
22 0 0.0565487 -1.22991 -1.52943 1.54208 -1.71389 -1.19539 1.60843 0.123873 1.40018 -0.635729 0.0223163 0.0169757 0.883688 -0.10529 0.00114279 -0.283246 0.0307088 0.0104906 0.218395 -0.0179389 -0.0593563 
22 0 0.055292 -1.22876 -1.52866 1.54208 -1.71351 -1.19501 1.60843 0.12464 1.40287 -0.638781 0.0226978 0.0177386 0.891699 -0.107801 0.000886927 -0.282483 0.0307088 0.0112535 0.219539 -0.0176992 -0.0589514 
22 0 0.055292 -1.22761 -1.52789 1.54208 -1.71351 -1.19462 1.60919 0.125407 1.40517 -0.640688 0.0230793 0.0185016 0.898947 -0.110774 0.000657833 -0.282101 0.0307088 0.012398 0.220302 -0.0172205 -0.0581425 
22 0 0.0546637 -1.22684 -1.52712 1.54208 -1.71313 -1.19424 1.60996 0.12579 1.40785 -0.641833 0.0234607 0.0192645 0.905432 -0.113544 0.00082775 -0.281338 0.0307088 0.0135424 0.221065 -0.0165011 -0.0569296 
22 0 0.0546637 -1.22569 -1.52674 1.5417 -1.71274 -1.19424 1.61073 0.126941 1.41054 -0.642596 0.0238422 0.0200275 0.911917 -0.116983 0.00062456 -0.280957 0.0303273 0.0146868 0.22221 -0.0160216 -0.0561222 
22 0 0.0546637 -1.22454 -1.52636 1.54131 -1.71236 -1.19386 1.6115 0.127708 1.41399 -0.642596 0.0238422 0.0211719 0.916495 -0.120013 0.00122555 -0.280194 0.0303273 0.0158312 0.222972 -0.0155416 -0.0553151 
22 0 0.0546637 -1.22377 -1.52559 1.54131 -1.71236 -1.19386 1.61188 0.128475 1.41744 -0.642596 0.0234607 0.0219348 0.921073 -0.123457 0.00102097 -0.279812 0.0303273 0.0169757 0.223735 -0.0150612 -0.0545085 
22 0 0.0546637 -1.22262 -1.52482 1.54131 -1.71197 -1.19347 1.61188 0.128858 1.42089 -0.642214 0.0234607 0.0230793 0.924125 -0.126904 0.000814336 -0.279049 0.0303273 0.0181201 0.22488 -0.0148206 -0.0541052 
22 0 0.055292 -1.22147 -1.52406 1.54093 -1.71159 -1.19309 1.61188 0.129242 1.42434 -0.641451 0.0230793 0.0238422 0.926795 -0.130353 0.000605583 -0.278668 0.0303273 0.0192645 0.226406 -0.0145802 -0.0537023 
22 0 0.055292 -1.22032 -1.52291 1.54093 -1.71121 -1.19309 1.61226 0.129625 1.4278 -0.640688 0.0230793 0.0253681 0.929084 -0.134062 0.000831026 -0.278286 0.0299458 0.0200275 0.227932 -0.0145802 -0.0537022 
22 0 0.055292 -1.21878 -1.52214 1.54055 -1.71044 -1.19309 1.61303 0.130392 1.43163 -0.639544 0.0230793 0.026894 0.929847 -0.137774 0.00105691 -0.277905 0.0291829 0.0207904 0.229076 -0.0148206 -0.0541052 
22 0 0.055292 -1.21763 -1.52099 1.54055 -1.71006 -1.19271 1.61341 0.130776 1.43585 -0.638018 0.0226978 0.0284199 0.929847 -0.141231 0.000844027 -0.277142 0.0288014 0.0219348 0.23022 -0.0148205 -0.0541052 
22 0 0.055292 -1.21648 -1.5206 1.54055 -1.70929 -1.19271 1.61341 0.131543 1.44007 -0.63611 0.0219348 0.0299458 0.929084 -0.144948 0.00106924 -0.276761 0.0280385 0.0230793 0.231365 -0.0150609 -0.0545083 
22 0 0.055292 -1.21533 -1.52022 1.54055 -1.70814 -1.19271 1.61303 0.131926 1.44429 -0.633822 0.0211719 0.0318532 0.926795 -0.148669 0.00129478 -0.275998 0.027657 0.0238422 0.232128 -0.0153012 -0.0549115 
22 0 0.055292 -1.21418 -1.51984 1.54055 -1.70776 -1.19271 1.61303 0.131926 1.44851 -0.631533 0.0204089 0.0333791 0.924125 -0.152134 0.00107739 -0.275616 0.0272755 0.0246052 0.233654 -0.0155413 -0.0553149 
22 0 0.055292 -1.21342 -1.51984 1.54016 -1.70699 -1.19271 1.61265 0.131926 1.45311 -0.628862 0.0192645 0.034905 0.921073 -0.15586 0.00130201 -0.275235 0.026894 0.0253681 0.235561 -0.0155412 -0.0553148 
22 0 0.0546637 -1.21265 -1.51907 1.54016 -1.70622 -1.19309 1.61265 0.13231 1.45771 -0.625048 0.0181201 0.0360494 0.916495 -0.159331 0.00108096 -0.274853 0.0265126 0.0261311 0.23785 -0.0155412 -0.0553148 
22 0 0.0546637 -1.2115 -1.51869 1.53978 -1.70584 -1.19347 1.61265 0.13231 1.46308 -0.621996 0.0177386 0.0371939 0.911154 -0.163063 0.00130453 -0.27409 0.0261311 0.0265126 0.239376 -0.0157522 -0.0549586 
22 0 0.0546637 -1.21035 -1.51792 1.53978 -1.70507 -1.19386 1.61265 0.132693 1.46806 -0.618563 0.0169757 0.0379568 0.905051 -0.166589 0.00194877 -0.273709 0.0261311 0.0272755 0.240902 -0.0157523 -0.0549589 
22 0 0.0546637 -1.20958 -1.51754 1.5394 -1.70469 -1.19424 1.61226 0.13231 1.47305 -0.614366 0.0165942 0.0383383 0.898566 -0.170068 0.00172395 -0.273327 0.0257496 0.0280385 0.242809 -0.0157523 -0.0549589 
22 0 0.0546637 -1.20881 -1.51677 1.5394 -1.7043 -1.19501 1.6115 0.13231 1.4788 -0.61017 0.0165942 0.0387198 0.891318 -0.17334 0.00191976 -0.272946 0.0253681 0.0288014 0.24548 -0.0159632 -0.0546026 
22 0 0.0546637 -1.20805 -1.51639 1.53901 -1.70354 -1.19539 1.6115 0.13231 1.48417 -0.605592 0.0162127 0.0387198 0.882925 -0.176874 0.00256802 -0.272946 0.0253681 0.0291829 0.247768 -0.0162036 -0.0550065 
22 0 0.0546637 -1.20766 -1.516 1.53901 -1.70315 -1.19616 1.61073 0.131926 1.48954 -0.601015 0.0162127 0.0391012 0.874151 -0.180151 0.00276503 -0.272946 0.0253681 0.0291829 0.249676 -0.0166254 -0.0542929 
22 0 0.0546637 -1.2069 -1.51524 1.53863 -1.70239 -1.19693 1.61035 0.131926 1.49491 -0.595674 0.0162127 0.0391012 0.864233 -0.18322 0.00338885 -0.272946 0.0249866 0.0295644 0.251583 -0.0168365 -0.0539373 
22 0 0.0546637 -1.20651 -1.51485 1.53863 -1.70162 -1.19769 1.61035 0.131926 1.50028 -0.590715 0.0162127 0.0394827 0.85317 -0.185984 0.00267463 -0.273327 0.0249866 0.0295644 0.254635 -0.017258 -0.0532232 
22 0 0.0546637 -1.20575 -1.51485 1.53863 -1.70124 -1.19884 1.60996 0.131543 1.50565 -0.585756 0.0158312 0.0394827 0.842489 -0.189057 0.00329937 -0.273327 0.0249866 0.0295644 0.257305 -0.0179207 -0.0529141 
22 0 0.0546637 -1.20575 -1.51447 1.53825 -1.70085 -1.19961 1.60958 0.131159 1.5114 -0.579652 0.0158312 0.0394827 0.830663 -0.191662 0.00389809 -0.273327 0.0249866 0.0295644 0.258831 -0.0183418 -0.0521988 
22 0 0.0546637 -1.20536 -1.51485 1.53825 -1.70047 -1.20076 1.60958 0.130392 1.51677 -0.574693 0.0158312 0.0394827 0.817693 -0.19422 0.00360826 -0.273709 0.0246052 0.0291829 0.261501 -0.0190045 -0.0518888 
22 0 0.0546637 -1.20498 -1.51447 1.53825 -1.70009 -1.20191 1.60919 0.130392 1.52252 -0.568971 0.0158312 0.0391012 0.805104 -0.196569 0.0037485 -0.273709 0.0246052 0.0291829 0.264935 -0.0194254 -0.0511724 
22 0 0.0546637 -1.20498 -1.51409 1.53825 -1.6997 -1.20344 1.60881 0.129242 1.52866 -0.563249 0.0158312 0.0387198 0.791371 -0.198967 0.00478278 -0.273709 0.0246052 0.0291829 0.267224 -0.0196361 -0.0508153 
22 0 0.0546637 -1.20498 -1.5137 1.53786 -1.69932 -1.20498 1.60843 0.128858 1.53441 -0.557527 0.0158312 0.0383383 0.777638 -0.200848 0.00489628 -0.27409 0.0246052 0.0288014 0.269512 -0.020088 -0.0508619 
22 0 0.0546637 -1.20498 -1.51332 1.53786 -1.69894 -1.20651 1.60804 0.128091 1.54055 -0.551041 0.0158312 0.0379568 0.76276 -0.20273 0.00500969 -0.27409 0.0246052 0.0288014 0.273327 -0.0205398 -0.050908 
22 0 0.0546637 -1.20498 -1.51332 1.53748 -1.69855 -1.20805 1.60766 0.127708 1.54668 -0.545319 0.0158312 0.0371939 0.748264 -0.204141 0.00509469 -0.274853 0.0246052 0.0288014 0.275616 -0.0214126 -0.0502369 
22 0 0.0546637 -1.20498 -1.51293 1.53748 -1.69817 -1.20996 1.60689 0.126941 1.55282 -0.538834 0.0158312 0.0368124 0.733005 -0.205812 0.00564352 -0.275616 0.0246052 0.0284199 0.277905 -0.0223171 -0.0503298 
22 0 0.0546637 -1.20536 -1.51293 1.53748 -1.69779 -1.21188 1.60651 0.12579 1.55896 -0.531968 0.0162127 0.0360494 0.716983 -0.2068 0.00660065 -0.276379 0.0246052 0.0280385 0.280575 -0.0234 -0.0492971 
22 0 0.0546637 -1.20575 -1.51255 1.5371 -1.6974 -1.2138 1.60536 0.125023 1.56509 -0.525101 0.0162127 0.0352865 0.700961 -0.207743 0.00665961 -0.277523 0.0246052 0.0280385 0.283627 -0.0245147 -0.0490287 
22 0 0.0546637 -1.20613 -1.51293 1.5371 -1.6974 -1.21572 1.60421 0.124256 1.57123 -0.518997 0.0162127 0.0345235 0.684939 -0.208213 0.00668749 -0.278286 0.0246052 0.0272755 0.285534 -0.0256296 -0.0487598 
22 0 0.0546637 -1.20613 -1.51255 1.53671 -1.69702 -1.21763 1.60306 0.123489 1.57736 -0.512894 0.0162127 0.0337606 0.667391 -0.208684 0.00671634 -0.279431 0.0246052 0.026894 0.287823 -0.0271972 -0.0485358 
22 0 0.0540354 -1.2069 -1.51293 1.53671 -1.69702 -1.21994 1.60229 0.122339 1.5835 -0.506027 0.0162127 0.0329976 0.650988 -0.208684 0.00671602 -0.279812 0.0246052 0.0265126 0.291257 -0.0294284 -0.0479951 
22 0 0.0540354 -1.20728 -1.51293 1.53633 -1.69663 -1.22185 1.60191 0.121572 1.58964 -0.499924 0.0162127 0.0326162 0.634203 -0.208425 0.00625092 -0.280575 0.0246052 0.0261311 0.293545 -0.0312076 -0.0474071 
22 0 0.0540354 -1.20805 -1.51293 1.53633 -1.69663 -1.22454 1.60114 0.120421 1.59616 -0.494202 0.0162127 0.0318532 0.617037 -0.208167 0.00578596 -0.280957 0.0246052 0.0257496 0.295453 -0.0334403 -0.0468623 
22 0 0.0540354 -1.20881 -1.51332 1.53633 -1.69663 -1.22684 1.60076 0.119271 1.60268 -0.487335 0.0162127 0.0318532 0.600252 -0.207696 0.00575775 -0.281338 0.0246052 0.0249866 0.297742 -0.0360949 -0.0455874 
22 0 0.0540354 -1.20958 -1.51332 1.53595 -1.69625 -1.22952 1.59999 0.117737 1.60919 -0.481231 0.0158312 0.0314717 0.583848 -0.206966 0.00526567 -0.28172 0.0246052 0.0246052 0.300412 -0.0392365 -0.0451257 
22 0 0.0540354 -1.21035 -1.5137 1.53633 -1.69625 -1.23221 1.59922 0.116203 1.61571 -0.475509 0.0158312 0.0314717 0.567063 -0.205717 0.00384445 -0.282101 0.0246052 0.0238422 0.302319 -0.0428012 -0.0439285 
22 0 0.0540354 -1.21111 -1.5137 1.53595 -1.69625 -1.23489 1.59769 0.114669 1.62223 -0.469024 0.0154498 0.0314717 0.551423 -0.204516 0.00332571 -0.282864 0.0242237 0.0234607 0.303464 -0.0463678 -0.0427235 
22 0 0.0540354 -1.21227 -1.51409 1.53595 -1.69625 -1.23758 1.59654 0.112751 1.62875 -0.462539 0.0146868 0.0318532 0.535401 -0.203105 0.00324298 -0.283246 0.0242237 0.0230793 0.304608 -0.0501468 -0.0411414 
22 0 0.0540354 -1.21303 -1.51447 1.53595 -1.69663 -1.24103 1.59577 0.111217 1.63527 -0.456817 0.0139239 0.0318532 0.51976 -0.201482 0.00359452 -0.284009 0.0242237 0.0226978 0.306134 -0.0545931 -0.0392201 
22 0 0.0540354 -1.21418 -1.51485 1.53595 -1.69625 -1.2441 1.59501 0.109683 1.64179 -0.450713 0.0127794 0.0322347 0.504501 -0.19986 0.00394465 -0.284772 0.0238422 0.0219348 0.307279 -0.0590419 -0.0372831 
22 0 0.0540354 -1.21572 -1.51524 1.53595 -1.69663 -1.24755 1.59424 0.108149 1.64831 -0.444991 0.0120165 0.0326162 0.489624 -0.197509 0.00380457 -0.285916 0.0234607 0.0215534 0.308042 -0.0639852 -0.0361636 
22 0 0.0540354 -1.21725 -1.51562 1.53595 -1.69702 -1.251 1.59385 0.106615 1.65483 -0.440032 0.0104906 0.0329976 0.475128 -0.195208 0.00455555 -0.28706 0.0234607 0.0211719 0.308423 -0.0691069 -0.0338612 
22 0 0.0540354 -1.21878 -1.516 1.53595 -1.69702 -1.25522 1.59309 0.104697 1.66135 -0.433928 0.00934615 0.0329976 0.461395 -0.192649 0.00484371 -0.288586 0.0230793 0.0207904 0.308804 -0.0742318 -0.0315367 
22 0 0.0540354 -1.22109 -1.51639 1.53556 -1.69702 -1.25867 1.5927 0.10278 1.66825 -0.428969 0.00820172 0.0329976 0.44728 -0.189669 0.00598752 -0.290112 0.0226978 0.0200275 0.309186 -0.0795695 -0.0288081 
22 0 0.0540354 -1.22262 -1.516 1.53595 -1.69702 -1.26212 1.59117 0.101629 1.67516 -0.424392 0.0070573 0.0329976 0.434691 -0.185917 0.00575389 -0.29202 0.0223163 0.019646 0.309567 -0.0851193 -0.0256676 
22 0 0.0540354 -1.22377 -1.516 1.53633 -1.69702 -1.26442 1.58925 0.100095 1.68283 -0.420195 0.00629435 0.0333791 0.422484 -0.180553 0.00585757 -0.29469 0.0223163 0.0192645 0.309949 -0.0906712 -0.022494 
22 -0.000628319 0.0540354 -1.22377 -1.51639 1.53633 -1.69625 -1.26711 1.58695 0.0981778 1.68973 -0.416381 0.00629435 0.0333791 0.411803 -0.174727 0.00592741 -0.297742 0.0223163 0.0185016 0.310712 -0.0957229 -0.0184359 
22 0 0.0540354 -1.22377 -1.51715 1.53671 -1.6951 -1.26826 1.58503 0.0958767 1.69663 -0.414092 0.00629435 0.0337606 0.402266 -0.168184 0.0055133 -0.300031 0.0223163 0.0177386 0.311475 -0.101232 -0.0143719 
22 0 0.0546637 -1.223 -1.51792 1.53671 -1.69433 -1.26979 1.58427 0.0943427 1.70315 -0.411421 0.00667582 0.0337606 0.393874 -0.160717 0.00504049 -0.302319 0.0219348 0.0173571 0.312238 -0.106326 -0.0110558 
22 0 0.0559203 -1.22185 -1.51869 1.53671 -1.69433 -1.27209 1.58465 0.0924252 1.70929 -0.408751 0.00667582 0.0337606 0.386625 -0.15217 0.00578137 -0.304227 0.0215534 0.0169757 0.312619 -0.11091 -0.00684852 
22 0 0.0565487 -1.22032 -1.51907 1.53671 -1.69433 -1.27401 1.58695 0.0908911 1.71543 -0.406462 0.00629435 0.0341421 0.380903 -0.143591 0.00565327 -0.305753 0.0211719 0.0165942 0.313764 -0.11554 -0.0034339 
22 0 0.057177 -1.2184 -1.52022 1.53633 -1.69472 -1.27554 1.58849 0.0901241 1.72233 -0.404173 0.0055314 0.0341421 0.375944 -0.135028 0.00552094 -0.306516 0.019646 0.0162127 0.31529 -0.120169 1.19579e-05 
22 0 0.057177 -1.21687 -1.5206 1.53633 -1.69587 -1.27669 1.58964 0.0893571 1.72962 -0.40074 0.00476844 0.0341421 0.372129 -0.125857 0.00659684 -0.306897 0.0181201 0.0154498 0.317578 -0.124333 0.00351606 
22 0 0.057177 -1.21533 -1.52099 1.53633 -1.69663 -1.27861 1.58964 0.0882066 1.7369 -0.397688 0.00362402 0.0341421 0.368315 -0.117166 0.00768049 -0.30766 0.0154498 0.0146868 0.319486 -0.128236 0.00748257 
22 0 0.0565487 -1.2138 -1.52099 1.53671 -1.6974 -1.28091 1.58849 0.0870561 1.74342 -0.394255 0.00209812 0.0345235 0.366026 -0.108906 0.00794866 -0.308042 0.0127794 0.0139239 0.32063 -0.132339 0.0118913 
22 0 0.0540354 -1.21303 -1.51984 1.5371 -1.6974 -1.28283 1.58734 0.0859055 1.75033 -0.39044 -0.000190738 0.0345235 0.3645 -0.100546 0.0102419 -0.309186 0.00934615 0.0131609 0.321775 -0.136435 0.0163371 
22 0 0.0527788 -1.21188 -1.51945 1.53748 -1.69779 -1.28513 1.5858 0.084755 1.75761 -0.387007 -0.00209812 0.0345235 0.362974 -0.0924056 0.0121072 -0.310712 0.00629435 0.011635 0.322538 -0.140202 0.0221079 
22 0 0.0508938 -1.21111 -1.51945 1.53825 -1.6974 -1.28743 1.58503 0.0836045 1.76375 -0.382811 -0.00400549 0.034905 0.36183 -0.0847367 0.013976 -0.312619 0.00324254 0.0104906 0.323682 -0.143954 0.0279253 
22 0 0.0496372 -1.21035 -1.52022 1.53901 -1.6974 -1.2905 1.58465 0.082454 1.76988 -0.379377 -0.00667582 0.034905 0.361448 -0.0773295 0.0162356 -0.31529 0.000190738 0.0085832 0.324826 -0.147956 0.0333532 
22 0 0.0490088 -1.21035 -1.52099 1.53901 -1.69702 -1.29319 1.58465 0.08092 1.77679 -0.375563 -0.00896468 0.0352865 0.361067 -0.0703888 0.0184985 -0.317197 -0.00247959 0.0070573 0.326352 -0.151611 0.0401275 
22 0 0.0490088 -1.21035 -1.52137 1.53901 -1.69702 -1.29664 1.58503 0.0797694 1.78292 -0.371748 -0.0108721 0.0352865 0.361067 -0.0632487 0.0211107 -0.318723 -0.00514992 0.0055314 0.327497 -0.155512 0.04652 
22 0 0.0490088 -1.21035 -1.52214 1.53901 -1.69702 -1.30009 1.58542 0.0782354 1.78944 -0.369078 -0.0131609 0.035668 0.361067 -0.0565718 0.0237254 -0.32063 -0.00743877 0.00362402 0.328641 -0.158656 0.0534108 
22 0 0.0496372 -1.21035 -1.52252 1.5394 -1.69663 -1.30354 1.58465 0.0767014 1.79673 -0.36717 -0.0146868 0.035668 0.361448 -0.0503563 0.0263461 -0.322919 -0.0101091 0.00133516 0.329404 -0.162048 0.0599144 
22 0 0.0502655 -1.20996 -1.52329 1.5394 -1.69702 -1.30661 1.58388 0.0755509 1.80325 -0.365644 -0.0158312 0.035668 0.361448 -0.0444308 0.0301259 -0.324826 -0.0127794 -0.000190738 0.330549 -0.164759 0.0660299 
22 0 0.0515221 -1.20958 -1.52329 1.5394 -1.6974 -1.30929 1.58273 0.0740168 1.809 -0.3645 -0.0169757 0.0352865 0.361448 -0.0391312 0.0327623 -0.326352 -0.0143053 -0.00209812 0.331693 -0.167259 0.0717438 
22 0 0.0527788 -1.2092 -1.52291 1.5394 -1.69779 -1.31198 1.58197 0.0728663 1.81437 -0.363737 -0.0177386 0.034905 0.360685 -0.0341152 0.0365527 -0.327878 -0.0162127 -0.00400549 0.334363 -0.169551 0.0770486 
22 0 0.0540354 -1.20881 -1.52329 1.53901 -1.69779 -1.31466 1.58197 0.0717158 1.82012 -0.363355 -0.0181201 0.0341421 0.360304 -0.029307 0.0399458 -0.330167 -0.0181201 -0.00591287 0.337415 -0.17145 0.0814917 
22 0 0.0546637 -1.20881 -1.52329 1.5394 -1.6974 -1.31773 1.58273 0.0701818 1.82588 -0.362593 -0.0181201 0.0333791 0.359541 -0.0251935 0.0437584 -0.332456 -0.0192645 -0.0070573 0.340085 -0.172962 0.0850609 
22 0 0.0559203 -1.20881 -1.52367 1.53978 -1.6974 -1.3208 1.58388 0.0686477 1.83125 -0.361448 -0.0173571 0.0318532 0.359159 -0.0217389 0.0472286 -0.334745 -0.0204089 -0.0085832 0.344282 -0.174279 0.0881948 
22 0 0.0565487 -1.20881 -1.52367 1.53978 -1.6974 -1.32425 1.58503 0.0674972 1.837 -0.359922 -0.0162127 0.0307088 0.358396 -0.0183117 0.0514387 -0.336652 -0.0219348 -0.00934615 0.348096 -0.175497 0.090001 
22 0 0.0565487 -1.20881 -1.52329 1.53978 -1.6974 -1.32732 1.58618 0.0663467 1.84237 -0.358015 -0.0154498 0.0291829 0.358015 -0.0153011 0.0549115 -0.338941 -0.0230793 -0.0104906 0.352674 -0.176714 0.0918123 
22 0 0.0565487 -1.2092 -1.52329 1.5394 -1.6974 -1.33 1.58695 0.0651962 1.84774 -0.356107 -0.0146868 0.0280385 0.357252 -0.0129769 0.0588174 -0.34123 -0.0242237 -0.0112535 0.357633 -0.177929 0.0936284 
22 0 0.0559203 -1.20958 -1.52367 1.5394 -1.6974 -1.33269 1.58734 0.0636621 1.85311 -0.353819 -0.0135424 0.026894 0.356489 -0.0106469 0.0627067 -0.343519 -0.0249866 -0.0120165 0.363355 -0.178584 0.0940933 
22 0 0.0546637 -1.21035 -1.52406 1.5394 -1.6974 -1.33499 1.58734 0.0617446 1.85809 -0.352293 -0.0127794 0.0253681 0.355344 -0.00897378 0.0662796 -0.345426 -0.0253681 -0.012398 0.368315 -0.179521 0.0941177 
22 0 0.0546637 -1.2115 -1.52444 1.5394 -1.69702 -1.33806 1.58734 0.0598271 1.86308 -0.350004 -0.0112535 0.0242237 0.353437 -0.00750841 0.0694911 -0.347715 -0.0249866 -0.0127794 0.3748 -0.180367 0.0927997 
22 0 0.0540354 -1.21265 -1.52444 1.5394 -1.69702 -1.34074 1.58734 0.058293 1.86806 -0.347715 -0.0101091 0.0230793 0.35153 -0.00670197 0.0723978 -0.350767 -0.0246052 -0.0131609 0.381285 -0.18093 0.0919195 
22 0 0.0540354 -1.2138 -1.52406 1.5394 -1.69663 -1.34266 1.58734 0.056759 1.87343 -0.345808 -0.00934615 0.0223163 0.349241 -0.00655518 0.0750055 -0.353437 -0.0242237 -0.0135424 0.387007 -0.1814 0.0896937 
22 0 0.0527788 -1.21495 -1.52367 1.5394 -1.69587 -1.34496 1.58695 0.0548415 1.8788 -0.344282 -0.00820172 0.0219348 0.347333 -0.00751855 0.0773738 -0.356107 -0.0234607 -0.0139239 0.393492 -0.181209 0.087006 
22 0 0.0521504 -1.21648 -1.52406 1.53978 -1.69548 -1.34726 1.58695 0.0525404 1.88379 -0.342756 -0.00667582 0.0211719 0.344663 -0.00933791 0.0783495 -0.358778 -0.0223163 -0.0143053 0.400359 -0.181106 0.0834294 
22 0 0.0521504 -1.21878 -1.52444 1.54016 -1.69472 -1.34994 1.58695 0.0506229 1.88839 -0.340848 -0.00514992 0.0204089 0.340467 -0.0120569 0.0794403 -0.36183 -0.0215534 -0.0143053 0.406081 -0.180717 0.0802986 
22 0 0.0521504 -1.2207 -1.52482 1.53978 -1.69472 -1.35301 1.58772 0.0490889 1.89299 -0.338178 -0.00362402 0.0200275 0.337034 -0.0158722 0.0795406 -0.364881 -0.0204089 -0.0146868 0.412184 -0.180131 0.0767246 
22 -0.000628319 0.0521504 -1.223 -1.52482 1.5394 -1.69472 -1.3557 1.58695 0.0475549 1.89874 -0.336271 -0.00209812 0.0192645 0.331693 -0.0198855 0.0785287 -0.369078 -0.019646 -0.0146868 0.419051 -0.17907 0.0731537 
22 -0.00188496 0.0521504 -1.22492 -1.52521 1.5394 -1.69318 -1.35761 1.5858 0.0456373 1.90526 -0.335126 -0.000190738 0.0185016 0.327115 -0.0247831 0.076858 -0.372892 -0.018883 -0.0150683 0.424773 -0.178002 0.0695929 
22 -0.00188496 0.0521504 -1.22684 -1.52597 1.5394 -1.69127 -1.35992 1.5835 0.0437198 1.91063 -0.333982 0.00171664 0.0177386 0.321775 -0.0298784 0.0740501 -0.37747 -0.0177386 -0.0150683 0.430495 -0.176458 0.0660414 
22 -0.00188496 0.0521504 -1.22876 -1.52636 1.53978 -1.68973 -1.3626 1.58197 0.0421858 1.91523 -0.332837 0.00324254 0.0169757 0.316052 -0.0347158 0.0700347 -0.381666 -0.0165942 -0.0146868 0.43698 -0.175183 0.0620606 
22 -0.00188496 0.0521504 -1.23106 -1.52828 1.53978 -1.6882 -1.36567 1.58043 0.0410352 1.9206 -0.332074 0.00438697 0.0162127 0.311475 -0.0395511 0.0659848 -0.3851 -0.0158312 -0.0146868 0.441939 -0.17343 0.0580957 
22 -0.00125664 0.0521504 -1.23336 -1.53019 1.5394 -1.68705 -1.36682 1.5789 0.0395012 1.92636 -0.331693 0.0055314 0.0150683 0.306897 -0.0434253 0.0602451 -0.388533 -0.0150683 -0.0143053 0.447662 -0.171397 0.0545896 
22 -0.000628319 0.0527788 -1.23374 -1.53134 1.5394 -1.68628 -1.36835 1.57813 0.0383507 1.93172 -0.331312 0.0055314 0.0135424 0.303082 -0.0468333 0.0544158 -0.390822 -0.0143053 -0.0139239 0.453765 -0.169433 0.0502216 
22 -0.000628319 0.0534071 -1.23297 -1.53173 1.53901 -1.6859 -1.37065 1.57775 0.0372002 1.93633 -0.33093 0.0055314 0.012398 0.300031 -0.0492879 0.0476755 -0.392348 -0.0135424 -0.0135424 0.458343 -0.167585 0.0471836 
22 0 0.0540354 -1.23221 -1.53211 1.53863 -1.6859 -1.37257 1.5789 0.0356661 1.9417 -0.33093 0.00476844 0.011635 0.296979 -0.0513005 0.0416414 -0.393874 -0.0131609 -0.0127794 0.464065 -0.165335 0.0432934 
22 0 0.0540354 -1.23067 -1.53211 1.53825 -1.68551 -1.37411 1.58005 0.0348991 1.94745 -0.33093 0.00362402 0.0104906 0.29469 -0.0526315 0.0359123 -0.394636 -0.0135424 -0.0120165 0.469024 -0.163278 0.039853 
22 0 0.0540354 -1.22914 -1.53211 1.53786 -1.68513 -1.37526 1.58043 0.0341321 1.9532 -0.330549 0.00209812 0.00972763 0.293164 -0.0533205 0.0312847 -0.395399 -0.0139239 -0.0112535 0.473983 -0.160948 0.0368692 
22 0 0.0527788 -1.22761 -1.53173 1.53748 -1.68475 -1.37641 1.58043 0.0333651 1.95972 -0.329786 0.000190738 0.00934615 0.291257 -0.0533355 0.0269847 -0.395781 -0.0146868 -0.0101091 0.47818 -0.158614 0.0339003 
22 0 0.0527788 -1.22607 -1.53173 1.53748 -1.6836 -1.37756 1.58043 0.0325981 1.96547 -0.329023 -0.00171664 0.0085832 0.289349 -0.0529675 0.0242167 -0.396925 -0.0158312 -0.0085832 0.482376 -0.156477 0.0313714 
22 0 0.0521504 -1.22492 -1.53134 1.53786 -1.68321 -1.37794 1.58043 0.0318311 1.97123 -0.327497 -0.00324254 0.00782025 0.287823 -0.0519748 0.0225729 -0.397688 -0.0165942 -0.0070573 0.485428 -0.153671 0.0284461 
22 0 0.0521504 -1.22339 -1.53096 1.53863 -1.68244 -1.37794 1.58043 0.0310641 1.97698 -0.325589 -0.00476844 0.00743877 0.286297 -0.0506087 0.0224639 -0.398451 -0.0173571 -0.0055314 0.489242 -0.151529 0.0259426 
22 0 0.0521504 -1.22224 -1.53058 1.53978 -1.68206 -1.37871 1.58043 0.02953 1.98196 -0.323682 -0.00629435 0.0070573 0.285153 -0.0492843 0.0231384 -0.399214 -0.0181201 -0.00400549 0.491531 -0.149122 0.0238887 
22 0 0.0521504 -1.22147 -1.53058 1.54093 -1.68168 -1.37947 1.58082 0.027996 1.98695 -0.320249 -0.0070573 0.0070573 0.283627 -0.047586 0.0253382 -0.399977 -0.0185016 -0.00286107 0.49382 -0.147179 0.0218262 
22 0 0.0515221 -1.22109 -1.53058 1.54208 -1.68168 -1.38024 1.58158 0.0268455 1.99193 -0.317197 -0.00743877 0.00667582 0.282101 -0.0461331 0.0279404 -0.400359 -0.018883 -0.00171664 0.49649 -0.14477 0.0197917 
22 0 0.0521504 -1.22032 -1.52981 1.54285 -1.68206 -1.38101 1.58273 0.0253115 1.9973 -0.313764 -0.00743877 0.00667582 0.280194 -0.0440146 0.030866 -0.400359 -0.018883 -0.000572213 0.499161 -0.142562 0.0181835 
22 0 0.0521504 -1.21955 -1.52943 1.54362 -1.68206 -1.38216 1.5835 0.0241609 2.00267 -0.309949 -0.0070573 0.00667582 0.278286 -0.0421384 0.0341888 -0.400359 -0.018883 0.000572213 0.500687 -0.140558 0.0169977 
22 0 0.0527788 -1.21878 -1.52828 1.544 -1.68244 -1.38369 1.5835 0.0230104 2.00728 -0.307279 -0.00667582 0.0070573 0.276761 -0.0398038 0.037458 -0.399977 -0.0185016 0.00133516 0.50145 -0.138554 0.0158167 
22 0 0.0540354 -1.21802 -1.52751 1.54477 -1.68283 -1.38446 1.58388 0.0214764 2.01188 -0.304227 -0.00629435 0.00743877 0.274853 -0.0372556 0.0410784 -0.399977 -0.0181201 0.00247959 0.502594 -0.136957 0.0154672 
22 0 0.0540354 -1.21763 -1.52674 1.54515 -1.68283 -1.38484 1.58388 0.0203259 2.01648 -0.300793 -0.00591287 0.00782025 0.272564 -0.0340064 0.0442294 -0.399214 -0.0177386 0.00324254 0.503738 -0.135418 0.0142716 
22 0 0.0540354 -1.21725 -1.52597 1.54553 -1.68283 -1.38561 1.58388 0.0187918 2.0207 -0.297742 -0.0055314 0.00820172 0.269894 -0.0307548 0.047362 -0.398833 -0.0169757 0.00362402 0.504501 -0.133358 0.0139479 
22 0 0.0546637 -1.21725 -1.52521 1.5463 -1.68321 -1.38676 1.58427 0.0172578 2.02492 -0.29469 -0.00514992 0.00896468 0.267224 -0.0272594 0.0500697 -0.39807 -0.0162127 0.00400549 0.504883 -0.131763 0.0136034 
22 0 0.0546637 -1.21725 -1.52444 1.54668 -1.6836 -1.38829 1.58465 0.0153403 2.02913 -0.291257 -0.00476844 0.00934615 0.264553 -0.0235223 0.0523551 -0.396544 -0.0154498 0.00476844 0.505264 -0.130371 0.0136706 
22 0 0.0546637 -1.21763 -1.52406 1.54783 -1.68398 -1.38945 1.58503 0.0141898 2.03297 -0.288586 -0.00476844 0.00972763 0.26112 -0.0190643 0.0534121 -0.394255 -0.0143053 0.00514992 0.505646 -0.128981 0.0137377 
22 0 0.0546637 -1.21725 -1.52329 1.54822 -1.68475 -1.3906 1.5858 0.0130392 2.03681 -0.285916 -0.00438697 0.0104906 0.258068 -0.0152717 0.0541523 -0.391585 -0.0131609 0.0055314 0.506027 -0.12733 0.0142366 
22 -0.000628319 0.0540354 -1.21725 -1.52252 1.54822 -1.68551 -1.39175 1.58618 0.0122722 2.04064 -0.282864 -0.00438697 0.0108721 0.255016 -0.0107612 0.0536823 -0.388533 -0.011635 0.00591287 0.506027 -0.12568 0.0147343 
22 -0.000628319 0.0540354 -1.21687 -1.52176 1.54745 -1.68551 -1.3929 1.58657 0.0115052 2.04486 -0.281338 -0.00438697 0.011635 0.251583 -0.00643424 0.0521082 -0.383955 -0.0101091 0.00629435 0.505646 -0.12429 0.0148003 
22 -0.000628319 0.0540354 -1.21687 -1.5206 1.54707 -1.6859 -1.39405 1.58695 0.00997118 2.04869 -0.279812 -0.00438697 0.0120165 0.248531 -0.00231867 0.0501918 -0.38014 -0.00896468 0.00667582 0.505264 -0.122901 0.0148663 
22 0 0.0540354 -1.2161 -1.51945 1.54668 -1.68628 -1.3952 1.58772 0.00882066 2.05253 -0.278668 -0.00438697 0.012398 0.245098 0.00158699 0.0479355 -0.375563 -0.00782025 0.00743877 0.504501 -0.121773 0.0145026 
22 0 0.0534071 -1.21495 -1.51869 1.5463 -1.68666 -1.39597 1.58772 0.00767014 2.05636 -0.276761 -0.00476844 0.0127794 0.241665 0.00510929 0.0442422 -0.371366 -0.00743877 0.00782025 0.503357 -0.120441 0.0137327 
22 0 0.0527788 -1.21342 -1.51792 1.54592 -1.68666 -1.39673 1.5881 0.00690312 2.05982 -0.274853 -0.00476844 0.0131609 0.238613 0.00863656 0.0405685 -0.36717 -0.0070573 0.00896468 0.501831 -0.119313 0.0133712 
22 0.000628319 0.0521504 -1.21227 -1.51715 1.54553 -1.68666 -1.3975 1.58925 0.0057526 2.06365 -0.272946 -0.00514992 0.0131609 0.235561 0.0115488 0.0358588 -0.363355 -0.0070573 0.00972763 0.500687 -0.117925 0.013439 
22 0.00125664 0.0521504 -1.21111 -1.51715 1.54515 -1.68666 -1.39827 1.5904 0.0053691 2.0671 -0.27142 -0.00591287 0.0135424 0.232509 0.0142268 0.031559 -0.359541 -0.00743877 0.0108721 0.498779 -0.116594 0.0126735 
22 0.00125664 0.0521504 -1.20996 -1.51754 1.54477 -1.68705 -1.39903 1.59194 0.00498559 2.07017 -0.26875 -0.00667582 0.0135424 0.23022 0.0164633 0.0273121 -0.355726 -0.00782025 0.0120165 0.496109 -0.115467 0.0123145 
22 0.000628319 0.0521504 -1.20881 -1.51754 1.54438 -1.68705 -1.39942 1.59347 0.00421858 2.07401 -0.265316 -0.00782025 0.0139239 0.22755 0.0189531 0.022691 -0.352674 -0.00820172 0.0127794 0.493057 -0.113877 0.0119796 
22 0 0.0521504 -1.20766 -1.51715 1.544 -1.68743 -1.40018 1.59462 0.00383507 2.07746 -0.262646 -0.00896468 0.0139239 0.22488 0.0211635 0.0192109 -0.348478 -0.0085832 0.0135424 0.490387 -0.112492 0.0120492 
22 0.000628319 0.0521504 -1.20651 -1.51677 1.54362 -1.68781 -1.40057 1.59577 0.00306806 2.08091 -0.259594 -0.00972763 0.0139239 0.222591 0.0228862 0.0165117 -0.345426 -0.00896468 0.0146868 0.486572 -0.11142 0.0108632 
22 0.000628319 0.0521504 -1.20536 -1.516 1.54285 -1.68858 -1.40133 1.59692 0.00268455 2.08398 -0.255779 -0.0108721 0.0135424 0.220302 0.0245676 0.0145563 -0.342756 -0.00896468 0.0154498 0.483139 -0.110294 0.0105081 
22 0.000628319 0.0521504 -1.20421 -1.51485 1.54246 -1.68935 -1.4021 1.59769 0.00191753 2.08743 -0.253109 -0.0120165 0.0135424 0.218013 0.0260034 0.0129893 -0.338941 -0.00934615 0.0162127 0.479324 -0.108706 0.0101778 
22 0.000628319 0.0521504 -1.20306 -1.5137 1.54246 -1.68973 -1.40248 1.59884 0.00153403 2.09088 -0.250057 -0.0127794 0.0131609 0.215724 0.0271931 0.0118086 -0.335889 -0.00934615 0.0165942 0.474746 -0.107173 0.00902252 
22 0.000628319 0.0521504 -1.20229 -1.51255 1.54208 -1.6905 -1.40364 1.60037 0.00115052 2.09356 -0.247005 -0.0135424 0.0131609 0.213436 0.028136 0.0110127 -0.332837 -0.00972763 0.0169757 0.470932 -0.106101 0.00784578 
22 0.000628319 0.0521504 -1.20153 -1.51102 1.5417 -1.69088 -1.4044 1.60191 0.000767014 2.09663 -0.245098 -0.0146868 0.0127794 0.210765 0.0288314 0.010601 -0.329023 -0.00972763 0.0173571 0.465591 -0.104771 0.00709631 
22 0.000628319 0.0521504 -1.20114 -1.50987 1.5417 -1.69165 -1.40555 1.60383 0.000383507 2.09932 -0.243191 -0.0154498 0.012398 0.208095 0.0292805 0.0105705 -0.325971 -0.00972763 0.0177386 0.461395 -0.103699 0.00592439 
22 0.000628319 0.0521504 -1.20038 -1.50833 1.5417 -1.69203 -1.40632 1.60536 0.000383507 2.10162 -0.241283 -0.0165942 0.0120165 0.205425 0.0297292 0.0105407 -0.322538 -0.00972763 0.0181201 0.456436 -0.102165 0.00478113 
22 0.000628319 0.0521504 -1.19999 -1.50757 1.54131 -1.69203 -1.40709 1.60689 0 2.1043 -0.238994 -0.0181201 0.011635 0.202754 0.0301779 0.0105108 -0.318723 -0.00972763 0.0181201 0.451858 -0.101092 0.00361466 
22 0.000628319 0.0515221 -1.19961 -1.50757 1.54131 -1.69242 -1.40747 1.60881 0 2.1066 -0.237469 -0.018883 0.0112535 0.200084 0.0306266 0.010481 -0.314908 -0.00972763 0.0185016 0.446517 -0.100479 0.00242362 
22 0.000628319 0.0515221 -1.19961 -1.5068 1.54093 -1.69318 -1.409 1.61035 -0.000383507 2.10852 -0.235943 -0.019646 0.0104906 0.197414 0.0310752 0.0104512 -0.310712 -0.00972763 0.0185016 0.441558 -0.0998653 0.00123412 
22 0.000628319 0.0515221 -1.19923 -1.50603 1.54055 -1.69433 -1.40977 1.61188 -0.000767014 2.11044 -0.234798 -0.0204089 0.0101091 0.195125 0.0312769 0.0108026 -0.307279 -0.00972763 0.018883 0.43698 -0.0993012 -0.000773303 
22 0.000628319 0.0515221 -1.19884 -1.50526 1.54016 -1.69472 -1.41092 1.61265 -0.000383507 2.11197 -0.233272 -0.0211719 0.00972763 0.192836 0.0317253 0.0107732 -0.303082 -0.00972763 0.018883 0.431258 -0.0993511 -0.00159195 
22 0 0.0515221 -1.19884 -1.5045 1.5394 -1.6951 -1.41131 1.61418 -0.000383507 2.11389 -0.231746 -0.0215534 0.00934615 0.190547 0.0317255 0.010773 -0.299649 -0.0104906 0.0185016 0.42668 -0.0996558 -0.00283635 
22 0 0.0515221 -1.19884 -1.50373 1.53901 -1.69548 -1.41207 1.6161 -0.000383507 2.11542 -0.23022 -0.0215534 0.0085832 0.18864 0.0316802 0.0115056 -0.296216 -0.0108721 0.0185016 0.420577 -0.100372 -0.00329103 
22 0 0.0521504 -1.19884 -1.50258 1.53863 -1.69625 -1.41284 1.61763 -0.000767014 2.11696 -0.228695 -0.0215534 0.00820172 0.187114 0.0316802 0.0115061 -0.29202 -0.011635 0.0177386 0.415618 -0.101087 -0.00374527 
22 0 0.0521504 -1.19884 -1.50143 1.53825 -1.69702 -1.41322 1.61917 -0.000383507 2.11849 -0.227932 -0.0215534 0.00782025 0.185588 0.0314332 0.0118879 -0.288968 -0.012398 0.0169757 0.409895 -0.102008 -0.00380441 
22 0 0.0521504 -1.19923 -1.50028 1.53825 -1.69779 -1.41361 1.62032 -0.000767014 2.12003 -0.226787 -0.0211719 0.00743877 0.18368 0.0312316 0.011536 -0.285153 -0.0131609 0.0162127 0.403792 -0.103389 -0.0038921 
22 0 0.0521504 -1.19923 -1.49951 1.53786 -1.69817 -1.41361 1.62147 -0.00115052 2.12118 -0.226024 -0.0207904 0.0070573 0.182536 0.0312316 0.0115362 -0.282101 -0.0135424 0.0158312 0.398833 -0.104565 -0.00437752 
22 0 0.0521504 -1.19923 -1.49874 1.53825 -1.69855 -1.41361 1.62223 -0.00115052 2.12233 -0.225261 -0.0207904 0.00667582 0.18101 0.03103 0.0111843 -0.278668 -0.0143053 0.0146868 0.392729 -0.105488 -0.00443811 
22 0 0.0521504 -1.19923 -1.49798 1.53786 -1.69932 -1.41361 1.623 -0.00153403 2.12348 -0.224498 -0.0204089 0.00667582 0.179866 0.0312768 0.0108029 -0.274853 -0.0146868 0.0139239 0.386625 -0.106664 -0.00492377 
22 0 0.0521504 -1.19961 -1.49759 1.53786 -1.6997 -1.41322 1.62377 -0.00153403 2.12424 -0.223735 -0.0200275 0.00667582 0.179103 0.0310754 0.0104508 -0.27142 -0.0154498 0.0131609 0.381666 -0.107586 -0.00498481 
22 0 0.0515221 -1.19961 -1.49721 1.53786 -1.70009 -1.41361 1.62454 -0.00153403 2.1254 -0.223354 -0.019646 0.00667582 0.17834 0.0308739 0.0100989 -0.267605 -0.0162127 0.012398 0.375181 -0.108253 -0.00461589 
22 0 0.0515221 -1.19999 -1.49644 1.53786 -1.70047 -1.41361 1.6253 -0.00153403 2.12655 -0.223354 -0.019646 0.0070573 0.177958 0.0306725 0.00974678 -0.264172 -0.0169757 0.011635 0.368696 -0.108715 -0.00464623 
22 0 0.0515221 -1.20038 -1.49568 1.53786 -1.70085 -1.41361 1.62645 -0.00153403 2.12693 -0.223354 -0.019646 0.0070573 0.177577 0.0306724 0.00974702 -0.260357 -0.0181201 0.0108721 0.363355 -0.108714 -0.00464598 
22 0 0.0515221 -1.20038 -1.49491 1.53825 -1.70162 -1.41361 1.6276 -0.00153403 2.1277 -0.223735 -0.0192645 0.0070573 0.177195 0.0304711 0.00939457 -0.256542 -0.0192645 0.0101091 0.35687 -0.108253 -0.00461636 
22 0 0.0515221 -1.20076 -1.49376 1.53825 -1.70162 -1.41361 1.62837 -0.00153403 2.12808 -0.224117 -0.0192645 0.0070573 0.177195 0.0302697 0.00904223 -0.252728 -0.0200275 0.00972763 0.350385 -0.107792 -0.00458649 
22 0 0.0515221 -1.20114 -1.49261 1.53825 -1.702 -1.41361 1.62914 -0.00115052 2.12846 -0.22488 -0.018883 0.0070573 0.177195 0.0300223 0.0094243 -0.24815 -0.0211719 0.00934615 0.344663 -0.107331 -0.00455664 
22 0 0.0515221 -1.20114 -1.49146 1.53825 -1.702 -1.41361 1.62952 -0.00153403 2.12846 -0.225261 -0.018883 0.0070573 0.177195 0.0298211 0.00907152 -0.244717 -0.0223163 0.0085832 0.338178 -0.106664 -0.00492357 
22 0 0.0515221 -1.20153 -1.49107 1.53825 -1.70162 -1.41361 1.63029 -0.00115052 2.12885 -0.226024 -0.0185016 0.0070573 0.177577 0.029821 0.00907176 -0.240139 -0.0226978 0.00820172 0.331312 -0.105742 -0.00486483 
22 0 0.0521504 -1.20191 -1.49031 1.53825 -1.70162 -1.41399 1.63067 -0.00115052 2.12846 -0.226787 -0.0185016 0.0070573 0.177958 0.029821 0.00907176 -0.236706 -0.0230793 0.00782025 0.325971 -0.105281 -0.0048341 
22 0 0.0521504 -1.20229 -1.48992 1.53825 -1.70162 -1.41437 1.63105 -0.000767014 2.12846 -0.22755 -0.0185016 0.0070573 0.178721 0.0295736 0.00945374 -0.232128 -0.0230793 0.00743877 0.319867 -0.10482 -0.00480415 
22 0 0.0521504 -1.20268 -1.48992 1.53825 -1.70162 -1.41437 1.63144 -0.000767014 2.12808 -0.228313 -0.0185016 0.0070573 0.179103 0.0295737 0.00945367 -0.227932 -0.0230793 0.0070573 0.313382 -0.104153 -0.00517002 
22 0 0.0521504 -1.20268 -1.48992 1.53825 -1.70162 -1.41476 1.63182 -0.000383507 2.12808 -0.229076 -0.0185016 0.0070573 0.179866 0.0295737 0.00945367 -0.223735 -0.0226978 0.0070573 0.308042 -0.103947 -0.00556599 
22 0 0.0521504 -1.20306 -1.48954 1.53825 -1.702 -1.41514 1.63259 -0.000383507 2.1277 -0.23022 -0.0185016 0.0070573 0.18101 0.0295737 0.00945367 -0.219539 -0.0223163 0.00667582 0.302701 -0.10374 -0.00596192 
22 0 0.0521504 -1.20306 -1.48877 1.53825 -1.70239 -1.41552 1.63336 -0.000383507 2.12693 -0.231365 -0.018883 0.0070573 0.181773 0.0295737 0.00945367 -0.214961 -0.0219348 0.00629435 0.296597 -0.103534 -0.00635767 
22 0 0.0515221 -1.20306 -1.48839 1.53825 -1.702 -1.41591 1.63412 -0.000383507 2.12616 -0.232509 -0.018883 0.0070573 0.182918 0.0295737 0.00945367 -0.211147 -0.0215534 0.00591287 0.29202 -0.10374 -0.00596192 
22 0 0.0515221 -1.20306 -1.48801 1.53825 -1.702 -1.41629 1.63489 -0.000383507 2.1254 -0.233654 -0.018883 0.0070573 0.184062 0.0295737 0.00945367 -0.20695 -0.0211719 0.0055314 0.285916 -0.103995 -0.00638862 
22 0 0.0515221 -1.20306 -1.48762 1.53825 -1.702 -1.41591 1.63604 -0.000383507 2.12424 -0.234798 -0.018883 0.0070573 0.185206 0.0295737 0.00945367 -0.202754 -0.0207904 0.00514992 0.280575 -0.104662 -0.00602287 
22 0 0.0515221 -1.20306 -1.48724 1.53825 -1.702 -1.41629 1.63681 0 2.12271 -0.235561 -0.0192645 0.0070573 0.186351 0.0295737 0.00945367 -0.199702 -0.0207904 0.00476844 0.275616 -0.105123 -0.00605377 
22 0 0.0521504 -1.20344 -1.48724 1.53825 -1.70162 -1.41591 1.63757 0 2.12079 -0.236324 -0.0192645 0.0070573 0.187495 0.0295737 0.00945367 -0.196269 -0.0207904 0.00438697 0.269894 -0.105839 -0.00651191 
22 0 0.0521504 -1.20383 -1.48686 1.53825 -1.70162 -1.41591 1.63873 0 2.11926 -0.237087 -0.0192645 0.0070573 0.188258 0.0295737 0.00945367 -0.193599 -0.0211719 0.00400549 0.265316 -0.106299 -0.00654183 
22 0 0.0521504 -1.20383 -1.48724 1.53825 -1.70162 -1.41552 1.63949 0 2.11696 -0.23785 -0.019646 0.0070573 0.189403 0.0295737 0.00945367 -0.19131 -0.0215534 0.00362402 0.259213 -0.10676 -0.00657248 
22 0 0.0521504 -1.20421 -1.48686 1.53863 -1.70162 -1.41552 1.64064 0.000383507 2.11466 -0.238613 -0.019646 0.0070573 0.190547 0.0293263 0.00983578 -0.189021 -0.0215534 0.00324254 0.254635 -0.107221 -0.00660313 
22 0 0.0521504 -1.20421 -1.48686 1.53863 -1.70162 -1.41514 1.64141 0.000383507 2.11197 -0.239376 -0.019646 0.0070573 0.191691 0.0293264 0.00983571 -0.186732 -0.0219348 0.00286107 0.249676 -0.107634 -0.00580736 
22 0 0.0521504 -1.2046 -1.48686 1.53863 -1.70162 -1.41437 1.64218 0.000383507 2.10929 -0.240139 -0.019646 0.0070573 0.192454 0.029079 0.010218 -0.184825 -0.0219348 0.00247959 0.244717 -0.10784 -0.005411 
22 0 0.0521504 -1.2046 -1.48647 1.53901 -1.70162 -1.41322 1.64333 0.000383507 2.1066 -0.24052 -0.0192645 0.0070573 0.193599 0.0288777 0.00986508 -0.183299 -0.0215534 0.00209812 0.24052 -0.108047 -0.00501347 
22 0 0.0521504 -1.2046 -1.48647 1.5394 -1.70162 -1.41246 1.64448 0.000383507 2.10392 -0.240902 -0.0192645 0.0070573 0.194362 0.028832 0.0105997 -0.181773 -0.0211719 0.00171664 0.235943 -0.107538 -0.00415906 
22 0 0.0521504 -1.2046 -1.48609 1.53978 -1.70162 -1.41092 1.64563 0 2.10085 -0.241283 -0.018883 0.0070573 0.194743 0.028832 0.0106002 -0.179866 -0.0207904 0.00133516 0.232128 -0.107028 -0.0033047 
22 0 0.0521504 -1.20421 -1.48609 1.54016 -1.70162 -1.40977 1.6464 0 2.0974 -0.241283 -0.018883 0.0070573 0.195506 0.028383 0.0106303 -0.177958 -0.0200275 0.000953689 0.229076 -0.106312 -0.00284931 
22 0 0.0521504 -1.20421 -1.48647 1.54055 -1.70162 -1.40785 1.64716 -0.000383507 2.09433 -0.241665 -0.0185016 0.0070573 0.195888 0.0283832 0.0106301 -0.176051 -0.019646 0.000572213 0.225261 -0.10534 -0.00196643 
22 0 0.0521504 -1.20421 -1.48647 1.54093 -1.70162 -1.40594 1.64831 -0.000383507 2.0905 -0.241665 -0.0185016 0.0070573 0.196651 0.0283832 0.0106301 -0.174525 -0.018883 0.000572213 0.222591 -0.104418 -0.00190983 
22 0 0.0521504 -1.20383 -1.48647 1.54093 -1.70162 -1.40479 1.64908 -0.000767014 2.08666 -0.241665 -0.0185016 0.0070573 0.196651 0.0281359 0.0110127 -0.172618 -0.0177386 0.000572213 0.220684 -0.103241 -0.00142577 
22 0 0.0515221 -1.20383 -1.48609 1.54093 -1.70162 -1.40325 1.64985 -0.000767014 2.08283 -0.241665 -0.0181201 0.0070573 0.197032 0.028136 0.0110127 -0.170329 -0.0165942 0.000190738 0.217632 -0.101859 -0.00134 
22 0 0.0515221 -1.20344 -1.48609 1.54093 -1.702 -1.40172 1.651 -0.000383507 2.07861 -0.241283 -0.0181201 0.0070573 0.197032 0.0279344 0.0106598 -0.16804 -0.0154498 0.000190738 0.215343 -0.100272 -0.0016501 
22 0 0.0521504 -1.20306 -1.48647 1.54131 -1.70162 -1.3998 1.65138 -0.000383507 2.07401 -0.240902 -0.0177386 0.0070573 0.197032 0.0279344 0.01066 -0.166133 -0.0143053 0.000190738 0.213817 -0.0988909 -0.00156406 
22 0 0.0521504 -1.20306 -1.48686 1.54131 -1.70162 -1.39827 1.65215 0 2.06902 -0.24052 -0.0173571 0.0070573 0.197032 0.0277328 0.010307 -0.164225 -0.0131609 0.000190738 0.212291 -0.0975102 -0.00147813 
22 0 0.0521504 -1.20306 -1.48762 1.5417 -1.70162 -1.39635 1.65291 0 2.06403 -0.240139 -0.0173571 0.0070573 0.196651 0.0277327 0.0103072 -0.161936 -0.0120165 0.000190738 0.210765 -0.0963848 -0.00181525 
22 0 0.0521504 -1.20306 -1.48801 1.5417 -1.70162 -1.39481 1.6533 0 2.05905 -0.238994 -0.0169757 0.0070573 0.196651 0.0277327 0.0103072 -0.160029 -0.0108721 0.000190738 0.208858 -0.0952099 -0.00133515 
22 0 0.0521504 -1.20268 -1.48839 1.5417 -1.70162 -1.3929 1.65368 0.000383507 2.0533 -0.238231 -0.0169757 0.00667582 0.196269 0.0275312 0.00995406 -0.158503 -0.00972763 0.000572213 0.20695 -0.0940351 -0.000855942 
22 0 0.0521504 -1.20268 -1.48839 1.54208 -1.702 -1.39098 1.65407 0.000383507 2.04793 -0.237469 -0.0165942 0.00667582 0.195888 0.0275311 0.0099543 -0.156977 -0.00934615 0.000572213 0.205425 -0.0929106 -0.00119249 
22 0 0.0521504 -1.20268 -1.48877 1.54208 -1.702 -1.38945 1.65483 0.000383507 2.04217 -0.236706 -0.0165942 0.00667582 0.195506 0.0275311 0.0099543 -0.155833 -0.0085832 0.000572213 0.204662 -0.0917363 -0.00071423 
22 0 0.0521504 -1.20229 -1.48877 1.54208 -1.702 -1.38791 1.65522 0.000383507 2.03642 -0.235943 -0.0162127 0.00667582 0.195125 0.0273296 0.009601 -0.154307 -0.0085832 0.000572213 0.203517 -0.0910224 -0.000265879 
22 0 0.0521504 -1.20153 -1.48877 1.54208 -1.702 -1.38599 1.65598 0.000383507 2.03029 -0.234798 -0.0162127 0.00667582 0.194743 0.0273296 0.00960124 -0.152781 -0.0085832 0.000572213 0.202754 -0.0901034 -0.0002097 
22 0 0.0521504 -1.20114 -1.48916 1.54208 -1.702 -1.38369 1.65675 0.000767014 2.02415 -0.233654 -0.0158312 0.00629435 0.194362 0.0273296 0.00960124 -0.151255 -0.0085832 0.000572213 0.20161 -0.0896434 -0.000180866 
22 0 0.0521504 -1.20076 -1.48954 1.54208 -1.702 -1.38178 1.65713 0.000767014 2.01801 -0.232128 -0.0158312 0.00629435 0.19398 0.0270821 0.00998408 -0.149729 -0.00896468 0.000572213 0.200465 -0.089184 -0.000152775 
22 0 0.0521504 -1.19999 -1.49031 1.54208 -1.702 -1.37986 1.65713 0.000767014 2.01188 -0.23022 -0.0158312 0.00629435 0.193217 0.0270822 0.00998401 -0.148585 -0.00934615 0.000572213 0.199321 -0.0891839 -0.000152531 
22 0 0.0521504 -1.19961 -1.49069 1.5417 -1.702 -1.37756 1.65713 0.000767014 2.00574 -0.228695 -0.0158312 0.00591287 0.192454 0.0270822 0.00998401 -0.147822 -0.00934615 0.000572213 0.198558 -0.0891839 -0.000152531 
22 0 0.0521504 -1.19884 -1.49107 1.54208 -1.702 -1.37526 1.65713 0.00115052 1.99922 -0.22755 -0.0158312 0.00591287 0.191691 0.0270822 0.00998401 -0.147059 -0.00972763 0.000572213 0.197795 -0.0894388 -0.000572888 
22 0 0.0521504 -1.19846 -1.49146 1.54208 -1.702 -1.37334 1.65713 0.00115052 1.99232 -0.226024 -0.0158312 0.00591287 0.190929 0.0270822 0.00998401 -0.145914 -0.00972763 0.000572213 0.197032 -0.0896936 -0.000993338 
22 0 0.0521504 -1.19769 -1.49184 1.54208 -1.70239 -1.37142 1.65713 0.00153403 1.9858 -0.22488 -0.0158312 0.00591287 0.189784 0.0272839 0.0103368 -0.145151 -0.00972763 0.000572213 0.196651 -0.0896935 -0.000993278 
22 0 0.0521504 -1.19731 -1.49184 1.54208 -1.70239 -1.36912 1.65713 0.00153403 1.97928 -0.222972 -0.0158312 0.0055314 0.18864 0.0272838 0.0103371 -0.144007 -0.0101091 0.000572213 0.196269 -0.0899483 -0.00141394 
22 0 0.0521504 -1.19654 -1.49223 1.54208 -1.70277 -1.36682 1.65675 0.00191753 1.97238 -0.221065 -0.0162127 0.0055314 0.187495 0.0270365 0.01072 -0.143244 -0.0101091 0.000572213 0.195888 -0.0901529 -0.00102138 
22 0 0.0515221 -1.19616 -1.49261 1.54208 -1.70277 -1.3649 1.65675 0.00191753 1.96547 -0.219158 -0.0162127 0.0055314 0.186351 0.0272384 0.0110726 -0.1421 -0.0101091 0.000572213 0.195506 -0.0904078 -0.00144252 
22 0 0.0515221 -1.19577 -1.49261 1.5417 -1.70277 -1.3626 1.65675 0.00230104 1.95857 -0.217632 -0.0162127 0.0055314 0.185206 0.027687 0.011043 -0.141337 -0.0101091 0.000572213 0.195506 -0.0906124 -0.00104981 
22 0 0.0515221 -1.19539 -1.49261 1.54208 -1.70315 -1.36068 1.65675 0.00306806 1.95167 -0.216106 -0.0162127 0.0055314 0.184062 0.027889 0.0113952 -0.140574 -0.0101091 0.000572213 0.195125 -0.0908171 -0.000657308 
22 0 0.0515221 -1.19501 -1.49299 1.54208 -1.70354 -1.35877 1.65637 0.00345156 1.94438 -0.213817 -0.0162127 0.0055314 0.182155 0.027889 0.0113954 -0.139811 -0.0101091 0.000572213 0.195125 -0.0910217 -0.000264638 
22 0 0.0515221 -1.19462 -1.49299 1.5417 -1.70354 -1.35646 1.65675 0.00383507 1.93709 -0.211528 -0.0158312 0.0055314 0.180629 0.0280908 0.0117477 -0.139048 -0.0101091 0.000572213 0.194743 -0.0914815 -0.000293347 
22 0 0.0515221 -1.19424 -1.49299 1.5417 -1.70392 -1.35416 1.65675 0.00460208 1.92981 -0.209621 -0.0158312 0.0055314 0.179103 0.0282927 0.0121001 -0.137903 -0.0101091 0.000572213 0.194743 -0.0918901 0.000494323 
22 0 0.0521504 -1.19347 -1.49338 1.5417 -1.70392 -1.35186 1.65675 0.00460208 1.92252 -0.208095 -0.0154498 0.0055314 0.177958 0.0284946 0.0124523 -0.13714 -0.0101091 0.000572213 0.194362 -0.0922989 0.00128114 
22 0 0.0521504 -1.19309 -1.49299 1.54208 -1.7043 -1.34994 1.65675 0.00460208 1.91523 -0.205806 -0.0150683 0.0055314 0.176432 0.0286966 0.0128044 -0.135996 -0.0101091 0.000572213 0.194362 -0.0929634 0.00164636 
22 0 0.0521504 -1.19271 -1.49299 1.54208 -1.70469 -1.34726 1.65675 0.00460208 1.90795 -0.203136 -0.0143053 0.0055314 0.174907 0.0288986 0.0131564 -0.13447 -0.0101091 0.000572213 0.19398 -0.0931675 0.00204047 
22 0 0.0521504 -1.19194 -1.49299 1.54208 -1.70507 -1.34496 1.65675 0.00498559 1.90066 -0.200847 -0.0139239 0.0055314 0.172999 0.0291007 0.0135083 -0.133326 -0.0101091 0.000572213 0.19398 -0.0935755 0.0028299 
22 0 0.0521504 -1.19117 -1.49299 1.5417 -1.70546 -1.34266 1.65675 0.00498559 1.89337 -0.199321 -0.0131609 0.0055314 0.171473 0.0293028 0.01386 -0.132181 -0.0101091 0.000572213 0.193599 -0.094036 0.00280146 
22 0 0.0521504 -1.19079 -1.49299 1.54208 -1.70546 -1.34036 1.65675 0.00498559 1.88609 -0.197032 -0.012398 0.0055314 0.169947 0.0297513 0.0138294 -0.131037 -0.0101091 0.000572213 0.193599 -0.0944435 0.00359246 
22 0 0.0521504 -1.19002 -1.49261 1.5417 -1.70622 -1.33767 1.65675 0.0053691 1.87842 -0.194743 -0.011635 0.0055314 0.168803 0.0297515 0.0138292 -0.130655 -0.0101091 0.000572213 0.193217 -0.0948513 0.00438261 
22 0 0.0521504 -1.18925 -1.49299 1.5417 -1.70661 -1.33499 1.65675 0.0053691 1.87113 -0.192836 -0.0104906 0.0055314 0.167277 0.0299537 0.0141804 -0.129892 -0.00972763 0.000572213 0.192454 -0.0952588 0.00517344 
22 0 0.0521504 -1.18887 -1.49299 1.5417 -1.70661 -1.33269 1.65675 0.0057526 1.86346 -0.19131 -0.0101091 0.0055314 0.166133 0.0297071 0.0145634 -0.129511 -0.00972763 0.000572213 0.192073 -0.0954627 0.00556816 
22 0 0.0521504 -1.1881 -1.49299 1.5417 -1.70737 -1.33039 1.65675 0.0057526 1.85579 -0.189784 -0.00934615 0.0055314 0.164225 0.0297072 0.0145633 -0.129129 -0.00972763 0.000572213 0.191691 -0.0958695 0.00636097 
22 0 0.0515221 -1.1881 -1.49299 1.5417 -1.70776 -1.32808 1.65675 0.00613611 1.84812 -0.188258 -0.00896468 0.0055314 0.162699 0.0299095 0.0149144 -0.128367 -0.00934615 0.000572213 0.190929 -0.0962763 0.00715351 
22 0 0.0515221 -1.18772 -1.49299 1.5417 -1.70814 -1.32617 1.65675 0.00651962 1.84007 -0.186351 -0.0085832 0.0055314 0.161555 0.0299095 0.0149146 -0.127985 -0.00934615 0.000572213 0.190547 -0.0964799 0.00754907 
22 0 0.0515221 -1.18734 -1.49261 1.5417 -1.70891 -1.32425 1.65675 0.00690312 1.8324 -0.184443 -0.0085832 0.0055314 0.16041 0.0297073 0.0145631 -0.127222 -0.00934615 0.000572213 0.190166 -0.0966831 0.00794576 
22 0 0.0515221 -1.18734 -1.49223 1.54131 -1.70967 -1.32195 1.65675 0.00728663 1.82434 -0.183299 -0.00820172 0.00591287 0.159266 0.0297072 0.0145633 -0.126841 -0.00934615 0.000572213 0.189784 -0.0969403 0.00752363 
22 0 0.0515221 -1.18695 -1.49146 1.54131 -1.71006 -1.32041 1.65675 0.00805364 1.81667 -0.182155 -0.0085832 0.00591287 0.158503 0.0297072 0.0145633 -0.126078 -0.00896468 0.000572213 0.189403 -0.0969402 0.00752369 
22 0 0.0515221 -1.18657 -1.49107 1.54093 -1.71082 -1.31811 1.65675 0.00882066 1.80862 -0.18101 -0.0085832 0.00591287 0.157359 0.0297072 0.0145633 -0.125696 -0.00896468 0.000572213 0.189403 -0.0969402 0.00752369 
22 0 0.0521504 -1.18619 -1.49031 1.54131 -1.71121 -1.3162 1.65675 0.00920417 1.80095 -0.179866 -0.00896468 0.00591287 0.156596 0.0297072 0.0145633 -0.125696 -0.00896468 0.000572213 0.189021 -0.0969402 0.00752369 
22 0 0.0521504 -1.18542 -1.48992 1.54131 -1.71159 -1.31389 1.65637 0.00997118 1.79289 -0.178721 -0.00896468 0.00591287 0.155833 0.0297072 0.0145633 -0.125315 -0.00896468 0.000572213 0.189021 -0.0971973 0.00710173 
22 0 0.0521504 -1.18542 -1.48954 1.54131 -1.71159 -1.31198 1.65637 0.0107382 1.78522 -0.177195 -0.00934615 0.00591287 0.154688 0.0297072 0.0145633 -0.124933 -0.00896468 0.000572213 0.189021 -0.0969937 0.00670545 
22 0 0.0521504 -1.18504 -1.48954 1.54131 -1.71197 -1.30968 1.65637 0.0115052 1.77755 -0.176051 -0.00934615 0.00591287 0.153925 0.0294608 0.0149461 -0.12417 -0.00896468 0.000572213 0.189021 -0.0969938 0.00670513 
22 0 0.0521504 -1.18504 -1.48954 1.54131 -1.71197 -1.30776 1.65598 0.0118887 1.76988 -0.175288 -0.00934615 0.00591287 0.153544 0.0294609 0.0149461 -0.123789 -0.00896468 0.000572213 0.189403 -0.0967902 0.00630895 
22 0 0.0521504 -1.18465 -1.48954 1.54131 -1.71274 -1.30584 1.6556 0.0122722 1.7626 -0.174907 -0.00934615 0.00591287 0.152781 0.0294609 0.0149461 -0.123026 -0.00896468 0.000572213 0.189403 -0.0965336 0.00673044 
22 0 0.0521504 -1.18465 -1.48954 1.54093 -1.71351 -1.30354 1.6556 0.0130392 1.75493 -0.174144 -0.00934615 0.00591287 0.152399 0.0292145 0.015329 -0.122263 -0.00896468 0.000572213 0.189784 -0.09633 0.00633448 
22 0 0.0521504 -1.18427 -1.48916 1.54093 -1.71389 -1.30162 1.65598 0.0138062 1.74726 -0.173762 -0.00934615 0.00591287 0.152399 0.0292146 0.0153289 -0.1215 -0.00934615 0.000572213 0.189784 -0.0963301 0.00633416 
22 0 0.0521504 -1.18427 -1.48877 1.54093 -1.71466 -1.30009 1.6556 0.0145733 1.73959 -0.173381 -0.00934615 0.00591287 0.152018 0.0289682 0.015712 -0.120737 -0.00934615 0.000572213 0.189784 -0.0963301 0.00633416 
22 0 0.0521504 -1.18389 -1.48839 1.54055 -1.71504 -1.29855 1.6556 0.0157238 1.7323 -0.172999 -0.00934615 0.00591287 0.152018 0.0287659 0.0153603 -0.119593 -0.00934615 0.000572213 0.189403 -0.0965334 0.00673082 
22 0 0.0521504 -1.18389 -1.48801 1.54093 -1.71581 -1.29664 1.65522 0.0164908 1.7254 -0.172618 -0.00934615 0.00591287 0.151637 0.0285195 0.0157438 -0.118448 -0.00934615 0.000572213 0.189403 -0.0965335 0.0067305 
22 0 0.0521504 -1.18389 -1.48762 1.54093 -1.71619 -1.29472 1.65483 0.0176413 1.71773 -0.172236 -0.00934615 0.00591287 0.151637 0.0282734 0.0161271 -0.117304 -0.00972763 0.000572213 0.189021 -0.0965335 0.0067305 
22 0 0.0515221 -1.18389 -1.48724 1.54093 -1.71658 -1.2928 1.65445 0.0187918 1.71044 -0.171855 -0.00934615 0.00591287 0.151255 0.0282734 0.016127 -0.115778 -0.00972763 0.000572213 0.18864 -0.0965335 0.0067305 
22 0 0.0515221 -1.18389 -1.48686 1.54093 -1.71734 -1.29127 1.65445 0.0195589 1.70315 -0.171473 -0.00934615 0.00591287 0.151255 0.0280272 0.0165105 -0.114633 -0.00972763 0.000572213 0.187877 -0.0965335 0.0067305 
22 0 0.0521504 -1.18389 -1.48686 1.54093 -1.71773 -1.28973 1.65407 0.0203259 1.69587 -0.171473 -0.00934615 0.00591287 0.151255 0.0275784 0.0165427 -0.113489 -0.0101091 0.000572213 0.187495 -0.0965335 0.0067305 
22 0 0.0521504 -1.1835 -1.48686 1.54093 -1.71811 -1.2882 1.65368 0.0214764 1.68858 -0.171092 -0.00934615 0.00591287 0.150874 0.0273324 0.0169263 -0.112345 -0.0101091 0.000572213 0.187114 -0.0965335 0.0067305 
22 0 0.0521504 -1.1835 -1.48686 1.54055 -1.71888 -1.28628 1.6533 0.0226269 1.68168 -0.171092 -0.00934615 0.00591287 0.150874 0.0270864 0.0173101 -0.111582 -0.0101091 0.000572213 0.186351 -0.0965335 0.0067305 
22 0 0.0521504 -1.1835 -1.48647 1.54055 -1.71926 -1.28475 1.65291 0.0233939 1.67477 -0.17071 -0.00934615 0.00591287 0.150874 0.0266375 0.0173426 -0.1112 -0.0101091 0.000572213 0.185969 -0.0967904 0.00630857 
22 0 0.0521504 -1.1835 -1.48647 1.54055 -1.71964 -1.2836 1.65253 0.0245444 1.66787 -0.17071 -0.00934615 0.00591287 0.150492 0.0263916 0.0177266 -0.110437 -0.0104906 0.000572213 0.185206 -0.0967903 0.00630863 
22 0 0.0521504 -1.1835 -1.48647 1.54055 -1.72003 -1.28206 1.65253 0.025695 1.66097 -0.170329 -0.00934615 0.00591287 0.150492 0.0256963 0.0181443 -0.110056 -0.0104906 0.000572213 0.184062 -0.0967903 0.00630863 
22 0 0.0521504 -1.1835 -1.48609 1.54093 -1.7208 -1.28053 1.65215 0.0268455 1.65407 -0.170329 -0.00934615 0.00591287 0.150492 0.0254509 0.0185282 -0.109674 -0.0104906 0.000572213 0.183299 -0.0967903 0.00630863 
22 0 0.0521504 -1.1835 -1.48609 1.54093 -1.72118 -1.279 1.65176 0.027996 1.64678 -0.169947 -0.00934615 0.00591287 0.150492 0.0250019 0.0185612 -0.108911 -0.0104906 0.000572213 0.181773 -0.0967903 0.00630863 
22 0 0.0521504 -1.1835 -1.48609 1.54055 -1.72156 -1.27785 1.65138 0.028763 1.64026 -0.169947 -0.00934615 0.00591287 0.150492 0.0245102 0.019331 -0.10853 -0.0104906 0.000572213 0.180629 -0.0967903 0.00630863 
22 0 0.0521504 -1.1835 -1.48609 1.54055 -1.72233 -1.27631 1.651 0.02953 1.63336 -0.169566 -0.00934615 0.00591287 0.150492 0.0240614 0.0193641 -0.107385 -0.0104906 0.000572213 0.179484 -0.0967903 0.00630863 
22 0 0.0521504 -1.1835 -1.48571 1.54055 -1.7231 -1.27554 1.65061 0.030297 1.62645 -0.169566 -0.00934615 0.00591287 0.150492 0.0235698 0.0201348 -0.106622 -0.0104906 0.000572213 0.178721 -0.0967903 0.00630863 
22 0 0.0515221 -1.18312 -1.48571 1.54055 -1.72386 -1.27439 1.65061 0.0306806 1.61993 -0.169184 -0.00934615 0.00591287 0.150492 0.0230787 0.020906 -0.105859 -0.0104906 0.000572213 0.177577 -0.0967903 0.00630863 
22 0 0.0515221 -1.1835 -1.48571 1.54055 -1.72463 -1.27324 1.65061 0.0318311 1.61303 -0.169184 -0.00934615 0.00591287 0.150492 0.0223429 0.0220635 -0.104715 -0.0101091 0.000572213 0.176814 -0.0967903 0.00630863 
22 0 0.0521504 -1.18312 -1.48532 1.54055 -1.7254 -1.27209 1.65061 0.0322146 1.60613 -0.168803 -0.00934615 0.00591287 0.150111 0.0216073 0.0232225 -0.103952 -0.0101091 0.000572213 0.175669 -0.0967903 0.00630863 
22 0 0.0521504 -1.18312 -1.48532 1.54055 -1.72578 -1.27094 1.65061 0.0329816 1.59999 -0.168803 -0.00934615 0.00591287 0.150111 0.0211168 0.0239961 -0.103189 -0.0104906 0.000572213 0.174525 -0.0965336 0.00673044 
22 0 0.0521504 -1.18312 -1.48456 1.54055 -1.72616 -1.27017 1.65023 0.0337486 1.59309 -0.168421 -0.00972763 0.00591287 0.150111 0.0208722 0.0243828 -0.102045 -0.0104906 0.000572213 0.172618 -0.0965335 0.0067305 
22 0 0.0521504 -1.18312 -1.48456 1.54055 -1.72616 -1.26902 1.65023 0.0341321 1.58695 -0.168421 -0.00972763 0.00591287 0.150111 0.0203822 0.0251571 -0.1009 -0.0104906 0.000572213 0.171092 -0.0965335 0.0067305 
22 0 0.0521504 -1.18312 -1.48456 1.54055 -1.72616 -1.26787 1.64985 0.0345156 1.58043 -0.16804 -0.00972763 0.00591287 0.149729 0.0203825 0.0251569 -0.0993744 -0.0104906 0.000572213 0.169566 -0.0965335 0.0067305 
22 0 0.0521504 -1.18312 -1.48456 1.54055 -1.72616 -1.26672 1.64985 0.0348991 1.57391 -0.16804 -0.00972763 0.00591287 0.149729 0.0203825 0.0251569 -0.0978485 -0.0104906 0.000572213 0.168803 -0.0965335 0.0067305 
22 0 0.0521504 -1.18312 -1.48456 1.54055 -1.72616 -1.26596 1.64985 0.0352826 1.56778 -0.16804 -0.00972763 0.00591287 0.149729 0.0203825 0.0251569 -0.0963226 -0.0104906 0.000572213 0.167659 -0.0965335 0.0067305 
22 0 0.0521504 -1.18312 -1.48456 1.54055 -1.72655 -1.26481 1.64985 0.0356661 1.56126 -0.167659 -0.00972763 0.00591287 0.149348 0.0204232 0.0244173 -0.0947967 -0.0104906 0.000572213 0.166133 -0.0965335 0.0067305 
22 0 0.0521504 -1.18274 -1.48456 1.54055 -1.72655 -1.26404 1.64985 0.0360496 1.55512 -0.167659 -0.00972763 0.00591287 0.149348 0.020668 0.0240309 -0.0940337 -0.0104906 0.000572213 0.164607 -0.09633 0.00633448 
22 0 0.0521504 -1.18274 -1.48417 1.54055 -1.72655 -1.26289 1.64946 0.0360496 1.54937 -0.167277 -0.00972763 0.00591287 0.148966 0.020913 0.023644 -0.0928893 -0.0108721 0.000572213 0.162699 -0.0963301 0.00633416 
22 0 0.0521504 -1.18274 -1.48417 1.54055 -1.72655 -1.26174 1.64946 0.0364332 1.54362 -0.167277 -0.00972763 0.00591287 0.148966 0.0211581 0.0232573 -0.0921263 -0.0108721 0.000572213 0.161173 -0.0963301 0.00633416 
22 0 0.0521504 -1.18274 -1.48379 1.54055 -1.72655 -1.26097 1.64908 0.0368167 1.53748 -0.166896 -0.00972763 0.00591287 0.148585 0.0211995 0.022518 -0.0913634 -0.0108721 0.000572213 0.160029 -0.0963301 0.00633416 
22 0 0.0521504 -1.18235 -1.48379 1.54055 -1.72655 -1.25982 1.64908 0.0368167 1.53173 -0.166514 -0.00972763 0.0055314 0.148585 0.0214446 0.0221321 -0.0906004 -0.0108721 0.000572213 0.158885 -0.0960734 0.00675581 
22 0 0.0521504 -1.18197 -1.4834 1.54055 -1.72655 -1.25867 1.64908 0.0368167 1.52597 -0.166133 -0.00972763 0.0055314 0.148203 0.0219351 0.0213597 -0.0898375 -0.0108721 0.000572213 0.15774 -0.0958698 0.00636001 
22 0 0.0521504 -1.18197 -1.4834 1.54055 -1.72655 -1.25752 1.64908 0.0372002 1.52022 -0.165751 -0.00972763 0.0055314 0.147822 0.0221808 0.0209734 -0.0890745 -0.0104906 0.000572213 0.156596 -0.0956133 0.00678117 
22 0 0.0515221 -1.18158 -1.48302 1.54055 -1.72655 -1.25637 1.6487 0.0372002 1.51485 -0.16537 -0.00972763 0.0055314 0.14744 0.0224264 0.0205875 -0.0883116 -0.0104906 0.000572213 0.154688 -0.0954097 0.00638552 
22 0 0.0515221 -1.18158 -1.48302 1.54055 -1.72616 -1.2556 1.6487 0.0372002 1.50948 -0.164607 -0.00972763 0.0055314 0.147059 0.0224265 0.0205874 -0.0875486 -0.0104906 0.000572213 0.153162 -0.0954098 0.00638521 
22 0 0.0515221 -1.1812 -1.48302 1.54055 -1.72616 -1.25483 1.6487 0.0372002 1.50411 -0.164225 -0.00972763 0.0055314 0.146677 0.022672 0.0202017 -0.0871672 -0.0104906 0.000572213 0.152018 -0.0949498 0.00641048 
22 0 0.0515221 -1.18082 -1.48302 1.54055 -1.72616 -1.25368 1.6487 0.0375837 1.49874 -0.163462 -0.00972763 0.0055314 0.146296 0.0226721 0.0202016 -0.0864042 -0.0104906 0.000572213 0.150874 -0.0949497 0.00641072 
22 0 0.0515221 -1.18082 -1.48264 1.54055 -1.72578 -1.25292 1.64831 0.0375837 1.49376 -0.162699 -0.00972763 0.0055314 0.145914 0.0226721 0.0202016 -0.0856413 -0.0101091 0.000572213 0.150111 -0.0949497 0.00641072 
22 0 0.0521504 -1.18082 -1.48264 1.54055 -1.72578 -1.25177 1.64831 0.0375837 1.48839 -0.161936 -0.00972763 0.0055314 0.145533 0.0224264 0.0205875 -0.0852598 -0.0101091 0.000572213 0.148966 -0.0947461 0.00601534 
22 0 0.0521504 -1.18043 -1.48302 1.54055 -1.72578 -1.25062 1.64793 0.0375837 1.4834 -0.161173 -0.00972763 0.0055314 0.145151 0.0224265 0.0205874 -0.0844968 -0.0101091 0.000572213 0.148203 -0.0944897 0.00643616 
22 0 0.0521504 -1.18043 -1.48302 1.54055 -1.72578 -1.24947 1.64793 0.0375837 1.4788 -0.16041 -0.00972763 0.0055314 0.14477 0.0221808 0.0209734 -0.0837339 -0.0101091 0.000572213 0.146677 -0.0944896 0.00643622 
22 0 0.0521504 -1.18005 -1.48264 1.54055 -1.72578 -1.2487 1.64755 0.0379672 1.47382 -0.159648 -0.00972763 0.0055314 0.144388 0.0221809 0.0209734 -0.0825895 -0.0101091 0.000572213 0.145533 -0.0942861 0.00604099 
22 0 0.0521504 -1.17967 -1.48264 1.54055 -1.72578 -1.24793 1.64755 0.0379672 1.46921 -0.158885 -0.00972763 0.0055314 0.144007 0.0219353 0.0213595 -0.081445 -0.0101091 0.000572213 0.14477 -0.0942862 0.00604067 
22 0 0.0521504 -1.17967 -1.48302 1.54055 -1.72578 -1.24716 1.64755 0.0375837 1.46423 -0.158122 -0.00972763 0.0055314 0.143626 0.0219354 0.0213595 -0.0803006 -0.0101091 0.000572213 0.144007 -0.0945428 0.00561943 
22 0 0.0521504 -1.17967 -1.48264 1.54055 -1.72578 -1.24601 1.64716 0.0375837 1.46001 -0.157359 -0.00972763 0.0055314 0.143244 0.0216899 0.0217457 -0.0787747 -0.0101091 0.000572213 0.143626 -0.0942863 0.00604061 
22 0 0.0521504 -1.17928 -1.48302 1.54055 -1.72578 -1.24525 1.64716 0.0379672 1.45579 -0.156596 -0.00972763 0.0055314 0.142863 0.0214863 0.0213932 -0.0776303 -0.0101091 0.000572213 0.142863 -0.0945428 0.00561943 
22 0 0.0521504 -1.17928 -1.48264 1.54055 -1.72578 -1.2441 1.64716 0.0379672 1.45157 -0.156214 -0.00972763 0.0055314 0.142863 0.0214863 0.0213935 -0.0764858 -0.0101091 0.000572213 0.142481 -0.0942863 0.00604061 
22 0 0.0521504 -1.17928 -1.48264 1.54055 -1.72578 -1.24333 1.64716 0.0379672 1.44736 -0.155451 -0.00972763 0.0055314 0.142481 0.0214863 0.0213935 -0.0757229 -0.0101091 0.000572213 0.1421 -0.0945428 0.00561943 
22 0 0.0521504 -1.1789 -1.48264 1.54055 -1.72578 -1.24218 1.64678 0.0379672 1.44352 -0.154688 -0.00972763 0.0055314 0.142481 0.0214863 0.0213935 -0.0753414 -0.0101091 0.000572213 0.141718 -0.0945427 0.00561949 
22 0 0.0521504 -1.1789 -1.48302 1.54055 -1.72578 -1.24141 1.64678 0.0379672 1.43968 -0.153925 -0.00972763 0.0055314 0.142481 0.0214863 0.0213935 -0.0745785 -0.00972763 0.000572213 0.141337 -0.0945427 0.00561949 
22 0 0.0521504 -1.1789 -1.48264 1.54055 -1.72578 -1.24064 1.64678 0.0379672 1.43585 -0.153544 -0.00934615 0.0055314 0.142481 0.0214863 0.0213935 -0.0745785 -0.00972763 0.000572213 0.141337 -0.0945427 0.00561949 
22 0 0.0521504 -1.1789 -1.48302 1.54055 -1.72578 -1.23988 1.6464 0.0379672 1.43201 -0.152781 -0.00934615 0.0055314 0.142481 0.0212826 0.0210409 -0.074197 -0.00934615 0.000572213 0.140955 -0.0945427 0.00561949 
22 0 0.0521504 -1.1789 -1.48302 1.54055 -1.72578 -1.23911 1.6464 0.0379672 1.42818 -0.152018 -0.00896468 0.0055314 0.142481 0.0215281 0.0206549 -0.0738155 -0.00934615 0.000572213 0.140574 -0.0945427 0.00561949 
22 0 0.0521504 -1.17928 -1.48302 1.54055 -1.72578 -1.23834 1.64601 0.0379672 1.42473 -0.150874 -0.0085832 0.0055314 0.142481 0.0213246 0.0203021 -0.073434 -0.00896468 0.000572213 0.140192 -0.0945427 0.00561949 
22 0 0.0521504 -1.1789 -1.48302 1.54055 -1.72578 -1.23796 1.64601 0.0379672 1.42089 -0.150492 -0.0085832 0.0055314 0.142481 0.0211211 0.0199495 -0.0730526 -0.00896468 0.000572213 0.139811 -0.0945427 0.00561949 
22 0 0.0521504 -1.1789 -1.48302 1.54055 -1.72578 -1.23719 1.64563 0.0379672 1.41744 -0.149729 -0.00820172 0.0055314 0.142481 0.0209177 0.0195967 -0.0726711 -0.0085832 0.000572213 0.139429 -0.0945427 0.00561949 
22 0 0.0521504 -1.1789 -1.48264 1.54016 -1.72616 -1.23643 1.64563 0.0379672 1.41399 -0.149348 -0.00820172 0.0055314 0.142481 0.0209602 0.0188574 -0.0722896 -0.0085832 0.000572213 0.139048 -0.0945427 0.00561949 
22 0 0.0521504 -1.1789 -1.48264 1.54016 -1.72616 -1.23604 1.64563 0.0379672 1.41054 -0.148966 -0.00820172 0.0055314 0.142481 0.0207569 0.0185047 -0.0719081 -0.00820172 0.000572213 0.138666 -0.0945427 0.00561949 
22 0 0.0521504 -1.1789 -1.48225 1.53978 -1.72616 -1.23566 1.64563 0.0383507 1.40747 -0.148585 -0.00820172 0.0055314 0.142481 0.0205537 0.0181515 -0.0715267 -0.00820172 0.000572213 0.138285 -0.0945427 0.00561949 
22 0 0.0521504 -1.17928 -1.48187 1.54016 -1.72616 -1.23528 1.64601 0.0379672 1.4044 -0.148203 -0.00820172 0.0055314 0.142863 0.0203505 0.0177982 -0.0711452 -0.00820172 0.000572213 0.138285 -0.0947992 0.00519809 
22 0 0.0521504 -1.17928 -1.48187 1.53978 -1.72578 -1.23489 1.64601 0.0379672 1.40172 -0.147822 -0.00782025 0.0055314 0.142863 0.0201474 0.0174448 -0.0707637 -0.00820172 0.000572213 0.137903 -0.0947991 0.00519815 
22 0 0.0521504 -1.17928 -1.48149 1.54016 -1.72578 -1.23413 1.64601 0.0383507 1.39903 -0.147822 -0.00782025 0.0055314 0.142863 0.0199443 0.0170912 -0.0703822 -0.00820172 0.000572213 0.137903 -0.0947991 0.00519815 
22 0 0.0521504 -1.17967 -1.48149 1.53978 -1.72578 -1.23374 1.64601 0.0383507 1.39635 -0.147059 -0.00782025 0.0055314 0.142863 0.0197413 0.0167375 -0.0700008 -0.00820172 0.000572213 0.137903 -0.0950556 0.0047766 
22 0 0.0521504 -1.17928 -1.48187 1.53978 -1.7254 -1.23336 1.64601 0.0383507 1.39366 -0.146677 -0.00782025 0.0055314 0.142863 0.0190887 0.016416 -0.0696193 -0.00820172 0.000572213 0.137903 -0.0950555 0.00477666 
22 0 0.0521504 -1.17967 -1.48187 1.5394 -1.7254 -1.23336 1.64601 0.0383507 1.39136 -0.146296 -0.00782025 0.0055314 0.142863 0.018886 0.0160618 -0.0692378 -0.00820172 0.000572213 0.137903 -0.0950555 0.00477666 
22 0 0.0521504 -1.17967 -1.48187 1.5394 -1.7254 -1.23297 1.64601 0.0383507 1.38945 -0.145914 -0.00743877 0.0055314 0.143244 0.0184805 0.0153525 -0.0688563 -0.00820172 0.000572213 0.137903 -0.0953118 0.00435496 
22 0 0.0521504 -1.17967 -1.48149 1.53901 -1.7254 -1.23259 1.64601 0.0387342 1.38714 -0.145533 -0.00743877 0.0055314 0.143244 0.018075 0.0146434 -0.0684749 -0.00820172 0.000572213 0.137903 -0.0955155 0.00475083 
22 0 0.0521504 -1.17967 -1.48149 1.5394 -1.7254 -1.23221 1.64601 0.0387342 1.38484 -0.14477 -0.00743877 0.0055314 0.143626 0.0174669 0.0135797 -0.0677119 -0.00820172 0.000572213 0.137903 -0.0955155 0.00475051 
22 0 0.0521504 -1.17967 -1.48149 1.53901 -1.7254 -1.23221 1.64601 0.0387342 1.38293 -0.144388 -0.00743877 0.0055314 0.143626 0.0170622 0.0128682 -0.0673304 -0.00782025 0.000572213 0.138285 -0.0957719 0.00432865 
22 0 0.0521504 -1.17967 -1.48149 1.53901 -1.7254 -1.23182 1.64601 0.0387342 1.38101 -0.144007 -0.00743877 0.0055314 0.143626 0.0166574 0.0121572 -0.0665675 -0.00782025 0.000572213 0.138285 -0.0957718 0.0043287 
22 0 0.0521504 -1.17967 -1.4811 1.53901 -1.7254 -1.23182 1.64601 0.0387342 1.37947 -0.143244 -0.00743877 0.0055314 0.144007 0.0162529 0.0114456 -0.066186 -0.00782025 0.000572213 0.138285 -0.0957718 0.0043287 
22 0 0.0521504 -1.17967 -1.4811 1.53901 -1.7254 -1.23144 1.64601 0.0391177 1.37794 -0.142863 -0.0070573 0.0055314 0.144007 0.0158486 0.0107335 -0.0654231 -0.00782025 0.000572213 0.138666 -0.0960281 0.00390668 
22 0 0.0521504 -1.17967 -1.4811 1.53901 -1.7254 -1.23106 1.64601 0.0391177 1.37641 -0.142481 -0.0070573 0.0055314 0.144007 0.0152424 0.00966538 -0.0642786 -0.00782025 0.000572213 0.138666 -0.096028 0.00390674 
22 0 0.0521504 -1.18005 -1.4811 1.53901 -1.72501 -1.23106 1.64601 0.0391177 1.37526 -0.1421 -0.0070573 0.0055314 0.144388 0.0147923 0.00969554 -0.0635157 -0.00782025 0.000572213 0.139048 -0.096028 0.00390674 
22 0 0.0521504 -1.18005 -1.4811 1.53863 -1.72501 -1.23067 1.64601 0.0395012 1.37411 -0.141718 -0.0070573 0.0055314 0.144388 0.0143889 0.00898065 -0.0623713 -0.00743877 0.000953689 0.139048 -0.0964883 0.00387999 
22 0 0.0521504 -1.18005 -1.4811 1.53863 -1.72501 -1.23067 1.64601 0.0398847 1.37295 -0.141337 -0.0070573 0.0055314 0.144388 0.0141869 0.00862434 -0.0612268 -0.00743877 0.000953689 0.139048 -0.0964882 0.00388024 
22 0 0.0521504 -1.18005 -1.4811 1.53863 -1.72501 -1.23029 1.6464 0.0402682 1.3718 -0.140955 -0.0070573 0.0055314 0.144388 0.0139852 0.00826714 -0.0600824 -0.00743877 0.000953689 0.139429 -0.0964882 0.00388024 
22 0 0.0521504 -1.18005 -1.4811 1.53863 -1.72501 -1.23029 1.6464 0.0402682 1.37142 -0.140574 -0.00667582 0.0055314 0.14477 0.0137834 0.00790982 -0.0593194 -0.00743877 0.000953689 0.139429 -0.0964882 0.00388024 
22 0 0.0521504 -1.18005 -1.4811 1.53863 -1.72501 -1.23029 1.6464 0.0406517 1.37065 -0.140192 -0.00667582 0.0055314 0.14477 0.013535 0.00829694 -0.0585565 -0.0070573 0.000953689 0.139429 -0.0964882 0.00388024 
22 0 0.0521504 -1.18043 -1.4811 1.53863 -1.72501 -1.23029 1.64601 0.0410352 1.37027 -0.140192 -0.00667582 0.0055314 0.14477 0.0135351 0.00829688 -0.058175 -0.0070573 0.000953689 0.139048 -0.0964882 0.00388024 
22 0 0.0521504 -1.18043 -1.4811 1.53863 -1.72501 -1.23029 1.64601 0.0418023 1.36989 -0.139811 -0.00667582 0.0055314 0.14477 0.0135351 0.00829688 -0.0577935 -0.0070573 0.000953689 0.139048 -0.0964882 0.00388024 
22 0 0.0521504 -1.18043 -1.4811 1.53825 -1.7254 -1.23029 1.6464 0.0421858 1.36989 -0.139429 -0.00629435 0.0055314 0.14477 0.0135351 0.00829688 -0.0577935 -0.0070573 0.000953689 0.138666 -0.0964882 0.00388024 
22 0 0.0521504 -1.18043 -1.48072 1.53825 -1.7254 -1.23029 1.6464 0.0429528 1.36989 -0.139429 -0.00629435 0.0055314 0.14477 0.0132868 0.00868389 -0.0574121 -0.0070573 0.00133516 0.138666 -0.0967444 0.0034579 
22 0 0.0521504 -1.18082 -1.48034 1.53825 -1.7254 -1.23029 1.64601 0.0437198 1.36989 -0.139048 -0.00629435 0.0055314 0.14477 0.0132869 0.00868383 -0.0574121 -0.00667582 0.00133516 0.138285 -0.0967443 0.00345796 
22 0 0.0521504 -1.18082 -1.48034 1.53825 -1.72501 -1.23029 1.64601 0.0448703 1.36989 -0.138666 -0.00629435 0.0055314 0.14477 0.0132869 0.00868383 -0.0577935 -0.00667582 0.00133516 0.138285 -0.0967443 0.00345796 
22 0 0.0521504 -1.18082 -1.48034 1.53825 -1.72501 -1.23029 1.64601 0.0456373 1.37027 -0.138666 -0.00629435 0.0055314 0.14477 0.0132869 0.00868383 -0.0577935 -0.00667582 0.00133516 0.138285 -0.0967443 0.00345796 
22 0 0.0521504 -1.18082 -1.48034 1.53825 -1.72463 -1.23067 1.64601 0.0464043 1.37104 -0.138285 -0.00629435 0.00591287 0.14477 0.0132869 0.00868383 -0.058175 -0.00629435 0.00133516 0.138285 -0.0967443 0.00345796 
22 0 0.0521504 -1.18082 -1.48034 1.53825 -1.72463 -1.23067 1.6464 0.0475549 1.37142 -0.138285 -0.00629435 0.00591287 0.14477 0.0132869 0.00868383 -0.058175 -0.00629435 0.00133516 0.138285 -0.0967443 0.00345796 
22 0 0.0521504 -1.1812 -1.48034 1.53825 -1.72463 -1.23106 1.64601 0.0487054 1.3718 -0.137903 -0.00629435 0.00591287 0.14477 0.0130851 0.00832614 -0.058175 -0.00629435 0.00133516 0.138285 -0.0967443 0.00345796 
22 0 0.0521504 -1.1812 -1.48034 1.53825 -1.72463 -1.23106 1.64601 0.0498559 1.37257 -0.137903 -0.00629435 0.00591287 0.144388 0.0130851 0.00832638 -0.0585565 -0.00591287 0.00133516 0.138666 -0.0967443 0.00345796 
22 0 0.0521504 -1.1812 -1.48034 1.53786 -1.72463 -1.23144 1.64563 0.0510064 1.37334 -0.137522 -0.00629435 0.00591287 0.144388 0.0130851 0.00832638 -0.0585565 -0.00591287 0.00133516 0.138666 -0.0967443 0.00345796 
22 0 0.0521504 -1.18158 -1.48034 1.53786 -1.72501 -1.23182 1.64563 0.0525404 1.37449 -0.137522 -0.00629435 0.00591287 0.144388 0.0130851 0.00832638 -0.0585565 -0.00591287 0.00133516 0.139048 -0.0967443 0.00345796 
22 0 0.0521504 -1.18158 -1.48034 1.53786 -1.72463 -1.23221 1.64524 0.053691 1.37526 -0.137522 -0.00629435 0.00591287 0.144388 0.0131318 0.00758127 -0.058938 -0.00591287 0.00133516 0.139429 -0.0967443 0.00345796 
22 0 0.0521504 -1.18158 -1.47995 1.53786 -1.72463 -1.23259 1.64524 0.0548415 1.37679 -0.137522 -0.00629435 0.00591287 0.144388 0.0131317 0.00758183 -0.058938 -0.00591287 0.00133516 0.139429 -0.0967443 0.00345796 
22 0 0.0521504 -1.18158 -1.47995 1.53786 -1.72463 -1.23297 1.64524 0.055992 1.37794 -0.137522 -0.00629435 0.00591287 0.144388 0.0131317 0.00758183 -0.058938 -0.00591287 0.00133516 0.139811 -0.0967443 0.00345796 
22 0 0.0521504 -1.18158 -1.48034 1.53786 -1.72463 -1.23336 1.64524 0.057526 1.37947 -0.137522 -0.00629435 0.00591287 0.144388 0.0129301 0.00722386 -0.058938 -0.00591287 0.00133516 0.139811 -0.0967443 0.00345796 
22 0 0.0521504 -1.18158 -1.48034 1.53786 -1.72463 -1.23374 1.64486 0.0586766 1.38101 -0.137522 -0.00629435 0.00629435 0.144388 0.0129301 0.00722411 -0.058938 -0.0055314 0.00133516 0.140192 -0.0967443 0.00345796 
22 0 0.0521504 -1.18197 -1.48034 1.53786 -1.72463 -1.23413 1.64486 0.0602106 1.38254 -0.137522 -0.00629435 0.00629435 0.144007 0.0129301 0.00722411 -0.058938 -0.0055314 0.00133516 0.140192 -0.0967443 0.00345796 
22 0 0.0521504 -1.18197 -1.47995 1.53786 -1.72463 -1.23413 1.64448 0.0617446 1.38408 -0.137522 -0.00629435 0.00629435 0.144007 0.0129772 0.00647882 -0.0593194 -0.0055314 0.00133516 0.140192 -0.0967443 0.00345796 
22 0 0.0521504 -1.18197 -1.48034 1.53786 -1.72463 -1.23489 1.64409 0.0632786 1.38599 -0.137522 -0.00591287 0.00629435 0.144007 0.0129771 0.00647939 -0.0593194 -0.0055314 0.00171664 0.140192 -0.0967443 0.00345796 
22 0 0.0521504 -1.18197 -1.48034 1.53786 -1.72463 -1.23528 1.64409 0.0644292 1.38791 -0.137522 -0.00591287 0.00629435 0.144007 0.0129771 0.00647939 -0.0593194 -0.0055314 0.00171664 0.140192 -0.0970005 0.00303547 
22 0 0.0521504 -1.18158 -1.47995 1.53786 -1.72463 -1.23566 1.64371 0.0659632 1.38983 -0.137522 -0.00591287 0.00629435 0.144007 0.0127757 0.00612113 -0.0593194 -0.0055314 0.00171664 0.140192 -0.0970004 0.00303553 
22 0 0.0521504 -1.18197 -1.47995 1.53786 -1.72463 -1.23604 1.64371 0.0674972 1.39175 -0.137522 -0.00591287 0.00629435 0.144007 0.0127757 0.00612137 -0.0593194 -0.0055314 0.00171664 0.140192 -0.0970004 0.00303553 
22 0 0.0521504 -1.18197 -1.48034 1.53786 -1.72463 -1.23643 1.64371 0.0690312 1.39366 -0.137522 -0.00591287 0.00629435 0.144007 0.0125743 0.00576298 -0.058938 -0.0055314 0.00171664 0.140192 -0.0970004 0.00303553 
22 0 0.0521504 -1.18197 -1.47995 1.53825 -1.72463 -1.23681 1.64333 0.0701818 1.39597 -0.137522 -0.00591287 0.00629435 0.144007 0.0125743 0.00576323 -0.0593194 -0.0055314 0.00171664 0.140192 -0.0967444 0.0034579 
22 0 0.0521504 -1.18197 -1.47995 1.53825 -1.72463 -1.23758 1.64333 0.0717158 1.39788 -0.137522 -0.00591287 0.00629435 0.144007 0.0125743 0.00576323 -0.058938 -0.0055314 0.00171664 0.140192 -0.0967443 0.00345796 
22 0 0.0521504 -1.18197 -1.48034 1.53825 -1.72463 -1.23796 1.64333 0.0732498 1.40018 -0.137522 -0.00591287 0.00629435 0.144007 0.012373 0.00540469 -0.058938 -0.00514992 0.00171664 0.139811 -0.0967443 0.00345796 
22 0 0.0521504 -1.18197 -1.47995 1.53825 -1.72425 -1.23834 1.64294 0.0744003 1.40248 -0.13714 -0.00591287 0.00629435 0.144007 0.012373 0.00540494 -0.058938 -0.00514992 0.00171664 0.139811 -0.0967443 0.00345796 
22 0 0.0521504 -1.18158 -1.48034 1.53786 -1.72463 -1.23911 1.64294 0.0755509 1.40479 -0.13714 -0.00591287 0.00629435 0.144007 0.0121718 0.00504627 -0.058938 -0.00476844 0.00171664 0.139811 -0.0967443 0.00345796 
22 0 0.0521504 -1.18158 -1.47995 1.53786 -1.72463 -1.23949 1.64294 0.0770849 1.40747 -0.13714 -0.00591287 0.00629435 0.144007 0.0121717 0.00504652 -0.058938 -0.00476844 0.00171664 0.139811 -0.0967443 0.00345796 
22 0 0.0521504 -1.18158 -1.47995 1.53786 -1.72425 -1.24026 1.64294 0.0782354 1.41015 -0.13714 -0.00591287 0.00629435 0.144007 0.0119705 0.00468771 -0.058938 -0.00438697 0.00209812 0.139811 -0.0967443 0.00345796 
22 0 0.0521504 -1.1812 -1.47995 1.53786 -1.72425 -1.24064 1.64256 0.0793859 1.41284 -0.13714 -0.00591287 0.00629435 0.144007 0.0119705 0.00468796 -0.058938 -0.00438697 0.00209812 0.139811 -0.0965401 0.00306267 
22 0 0.0521504 -1.1812 -1.47995 1.53786 -1.72463 -1.24103 1.64256 0.0801529 1.41591 -0.136759 -0.00591287 0.00629435 0.144007 0.0119705 0.00468796 -0.058938 -0.00400549 0.00209812 0.139811 -0.0965402 0.00306235 
22 0 0.0521504 -1.1812 -1.47995 1.53786 -1.72463 -1.2418 1.64256 0.0813035 1.41936 -0.136759 -0.00591287 0.00629435 0.144007 0.0117694 0.00432901 -0.058938 -0.00400549 0.00209812 0.139429 -0.0965402 0.00306235 
22 0 0.0521504 -1.1812 -1.47995 1.53786 -1.72463 -1.24218 1.64256 0.081687 1.42243 -0.136378 -0.00591287 0.00667582 0.144007 0.0117693 0.00432926 -0.058938 -0.00362402 0.00209812 0.139429 -0.0965402 0.00306235 
22 0 0.0521504 -1.18082 -1.47995 1.53786 -1.72463 -1.24256 1.64256 0.0828375 1.42588 -0.136378 -0.00591287 0.00667582 0.144007 0.0115683 0.00397017 -0.058938 -0.00362402 0.00209812 0.139811 -0.0965402 0.00306235 
22 0 0.0521504 -1.18082 -1.47995 1.53786 -1.72463 -1.24295 1.64256 0.0836045 1.42933 -0.135996 -0.00591287 0.00667582 0.144007 0.0113672 0.0036112 -0.058938 -0.00324254 0.00209812 0.139811 -0.0965402 0.00306235 
22 0 0.0521504 -1.1812 -1.47995 1.53786 -1.72463 -1.24371 1.64294 0.083988 1.43317 -0.135996 -0.00591287 0.00667582 0.144007 0.0113672 0.00361145 -0.0585565 -0.00324254 0.00209812 0.139811 -0.0965402 0.00306235 
22 0 0.0521504 -1.18082 -1.47995 1.53825 -1.72463 -1.24448 1.64294 0.084755 1.43662 -0.135615 -0.00591287 0.00667582 0.144007 0.0111662 0.00325209 -0.0585565 -0.00286107 0.00209812 0.139811 -0.0965402 0.00306235 
22 0 0.0521504 -1.18082 -1.47995 1.53825 -1.72463 -1.24486 1.64294 0.085522 1.44084 -0.135233 -0.00591287 0.00667582 0.144007 0.0109653 0.00289284 -0.0585565 -0.00247959 0.00209812 0.139811 -0.0965402 0.00306235 
22 0 0.0521504 -1.18082 -1.47995 1.53825 -1.72463 -1.24563 1.64294 0.0862891 1.44467 -0.135233 -0.00591287 0.00667582 0.143626 0.0109653 0.00289309 -0.0585565 -0.00247959 0.00209812 0.139811 -0.0965402 0.00306235 
22 0 0.0521504 -1.18082 -1.47995 1.53825 -1.72463 -1.2464 1.64294 0.0870561 1.44889 -0.134852 -0.00591287 0.00667582 0.143626 0.0107644 0.00253345 -0.0585565 -0.00209812 0.00209812 0.139811 -0.0965402 0.00306235 
22 0 0.0521504 -1.18082 -1.47995 1.53825 -1.72463 -1.24716 1.64294 0.0874396 1.45311 -0.13447 -0.00591287 0.00667582 0.143626 0.0107644 0.0025337 -0.0585565 -0.00171664 0.00209812 0.140192 -0.0965402 0.00306235 
22 0 0.0521504 -1.18082 -1.47995 1.53825 -1.72463 -1.24793 1.64294 0.0878231 1.45733 -0.13447 -0.00591287 0.00667582 0.143626 0.0105636 0.00217393 -0.0585565 -0.00133516 0.00209812 0.140192 -0.0965402 0.00306235 
22 0 0.0521504 -1.18082 -1.47995 1.53825 -1.72463 -1.2487 1.64294 0.0882066 1.46193 -0.134089 -0.00591287 0.00667582 0.143626 0.0105636 0.00217418 -0.0585565 -0.000953689 0.00209812 0.140192 -0.0965402 0.00306235 
22 0 0.0521504 -1.18082 -1.47995 1.53825 -1.72463 -1.24985 1.64294 0.0889736 1.46691 -0.133707 -0.00591287 0.00667582 0.143244 0.0103629 0.00181427 -0.0585565 -0.000572213 0.00209812 0.140192 -0.0965402 0.00306235 
22 0 0.0521504 -1.18082 -1.47957 1.53825 -1.72463 -1.25023 1.64256 0.0893571 1.47152 -0.133326 -0.00591287 0.00667582 0.143244 0.0103628 0.00181451 -0.0585565 -0.000190738 0.00209812 0.140574 -0.0965402 0.00306235 
22 0 0.0521504 -1.18082 -1.47995 1.53825 -1.72463 -1.251 1.64256 0.0901241 1.4765 -0.132944 -0.00591287 0.00667582 0.143244 0.0101131 0.00220159 -0.0585565 0.000572213 0.00209812 0.140574 -0.0965402 0.00306235 
22 0 0.0521504 -1.18082 -1.47995 1.53825 -1.72463 -1.25177 1.64256 0.0905076 1.48149 -0.132563 -0.00591287 0.00667582 0.143244 0.0101132 0.00220152 -0.0585565 0.00133516 0.00209812 0.140574 -0.0965402 0.00306235 
22 0 0.0521504 -1.18082 -1.47995 1.53825 -1.72463 -1.25253 1.64256 0.0912746 1.48609 -0.132181 -0.00629435 0.00667582 0.142863 0.0101132 0.00220152 -0.0585565 0.00171664 0.00209812 0.140574 -0.0965402 0.00306235 
22 0 0.0521504 -1.18082 -1.47995 1.53825 -1.72463 -1.25368 1.64256 0.0916582 1.49146 -0.132181 -0.00629435 0.00667582 0.142863 0.0101132 0.00220152 -0.058175 0.00247959 0.00209812 0.140574 -0.0965402 0.00306235 
22 0 0.0521504 -1.18082 -1.47995 1.53825 -1.72463 -1.25483 1.64218 0.0920417 1.49644 -0.1318 -0.00629435 0.00667582 0.142863 0.0101132 0.00220152 -0.058175 0.00286107 0.00209812 0.140574 -0.0965402 0.00306235 
22 0 0.0521504 -1.18082 -1.47995 1.53825 -1.72463 -1.2556 1.64218 0.0928087 1.50143 -0.131418 -0.00629435 0.00667582 0.142481 0.0101132 0.00220152 -0.058175 0.00324254 0.00209812 0.140955 -0.0965402 0.00306235 
22 0 0.0521504 -1.18082 -1.47995 1.53825 -1.72463 -1.25675 1.64218 0.0931922 1.5068 -0.131037 -0.00629435 0.00667582 0.142481 0.0101132 0.00220152 -0.058175 0.00362402 0.00209812 0.140955 -0.0965402 0.00306235 
22 0 0.0521504 -1.18082 -1.47995 1.53825 -1.72463 -1.2579 1.64179 0.0939592 1.51217 -0.130655 -0.00629435 0.00667582 0.142481 0.0101132 0.00220152 -0.0577935 0.00362402 0.00209812 0.140955 -0.0965402 0.00306235 
22 0 0.0521504 -1.18082 -1.47995 1.53786 -1.72463 -1.25905 1.64141 0.0947262 1.51754 -0.130274 -0.00629435 0.0070573 0.142481 0.0101132 0.00220152 -0.0577935 0.00362402 0.00209812 0.140955 -0.0965402 0.00306235 
22 0 0.0521504 -1.18082 -1.47995 1.53825 -1.72463 -1.2602 1.64103 0.0954932 1.52291 -0.129892 -0.00629435 0.0070573 0.1421 0.0101132 0.00220152 -0.0574121 0.00324254 0.00209812 0.140955 -0.0965402 0.00306235 
22 0 0.0521504 -1.18082 -1.47995 1.53825 -1.72463 -1.26097 1.64064 0.0958767 1.52828 -0.129892 -0.00629435 0.0070573 0.1421 0.0101132 0.00220152 -0.0574121 0.00324254 0.00209812 0.141337 -0.0965402 0.00306235 
22 0 0.0521504 -1.18082 -1.47995 1.53786 -1.72463 -1.26212 1.64026 0.0966437 1.53364 -0.129511 -0.00667582 0.0070573 0.1421 0.0101132 0.00220152 -0.0570306 0.00286107 0.00209812 0.141337 -0.0965402 0.00306235 
22 0 0.0521504 -1.18082 -1.47995 1.53786 -1.72463 -1.26327 1.63988 0.0974108 1.53901 -0.129129 -0.00667582 0.0070573 0.1421 0.0101132 0.00220152 -0.0570306 0.00286107 0.00209812 0.141337 -0.0965402 0.00306235 
22 0 0.0521504 -1.18082 -1.48034 1.53825 -1.72463 -1.26481 1.63949 0.0981778 1.54438 -0.129129 -0.00667582 0.0070573 0.1421 0.0101132 0.00220152 -0.0570306 0.00247959 0.00209812 0.141718 -0.0965402 0.00306235 
22 0 0.0521504 -1.18082 -1.47995 1.53786 -1.72463 -1.26634 1.63911 0.0989448 1.54975 -0.128748 -0.00667582 0.0070573 0.141718 0.0101132 0.00220152 -0.0570306 0.00247959 0.00209812 0.141718 -0.0965402 0.00306235 
22 0 0.0521504 -1.18082 -1.47995 1.53825 -1.72463 -1.26787 1.63873 0.0993283 1.5555 -0.128367 -0.00667582 0.0070573 0.141718 0.0101132 0.00220152 -0.0566491 0.00247959 0.00209812 0.141718 -0.0965402 0.00306235 
22 0 0.0521504 -1.18082 -1.47995 1.53825 -1.72463 -1.26941 1.63834 0.100479 1.56087 -0.128367 -0.00667582 0.0070573 0.141718 0.0101132 0.00220152 -0.0566491 0.00209812 0.00209812 0.1421 -0.0965402 0.00306235 
22 0 0.0521504 -1.1812 -1.47995 1.53786 -1.72463 -1.27056 1.63796 0.101246 1.56663 -0.127985 -0.00667582 0.00743877 0.141718 0.0101132 0.00220152 -0.0566491 0.00209812 0.00209812 0.1421 -0.0965402 0.00306235 
22 0 0.0521504 -1.1812 -1.47995 1.53786 -1.72463 -1.27209 1.63757 0.102013 1.57238 -0.127985 -0.00667582 0.00743877 0.141337 0.0101132 0.00220152 -0.0566491 0.00209812 0.00247959 0.142481 -0.0967962 0.00263988 
22 0 0.0521504 -1.18082 -1.47995 1.53786 -1.72463 -1.27363 1.63719 0.10278 1.57775 -0.127604 -0.00667582 0.00743877 0.141337 0.0101132 0.00220152 -0.0566491 0.00209812 0.00247959 0.142481 -0.0967961 0.00263994 
22 0 0.0521504 -1.18082 -1.47995 1.53786 -1.72463 -1.27516 1.63681 0.103163 1.5835 -0.127222 -0.00667582 0.00743877 0.141337 0.0101132 0.00220152 -0.0566491 0.00209812 0.00247959 0.142863 -0.0967961 0.00263994 
22 0 0.0521504 -1.1812 -1.47995 1.53786 -1.72463 -1.27669 1.63642 0.104314 1.58887 -0.127222 -0.00667582 0.00743877 0.140955 0.0101132 0.00220152 -0.0562676 0.00209812 0.00247959 0.143244 -0.0967961 0.00263994 
22 0 0.0521504 -1.1812 -1.47995 1.53786 -1.72463 -1.27823 1.63604 0.105081 1.59462 -0.126841 -0.00629435 0.00743877 0.140955 0.0101132 0.00220152 -0.0562676 0.00247959 0.00247959 0.143244 -0.0970521 0.0022173 
22 0 0.0521504 -1.1812 -1.47995 1.53786 -1.72463 -1.27976 1.63527 0.105848 1.60037 -0.126459 -0.00667582 0.00743877 0.140955 0.0101132 0.00220152 -0.0562676 0.00247959 0.00247959 0.143626 -0.097052 0.00221736 
22 0 0.0521504 -1.1812 -1.47995 1.53786 -1.72463 -1.2813 1.63489 0.106615 1.60613 -0.126078 -0.00667582 0.00743877 0.140955 0.0101132 0.00220152 -0.0562676 0.00247959 0.00247959 0.144007 -0.097052 0.00221736 
22 0 0.0521504 -1.1812 -1.47995 1.53786 -1.72501 -1.28283 1.63489 0.106998 1.61188 -0.125696 -0.00667582 0.00743877 0.140574 0.0101132 0.00220152 -0.0562676 0.00247959 0.00247959 0.144388 -0.0973079 0.00179457 
22 0 0.0521504 -1.1812 -1.47995 1.53786 -1.72463 -1.28436 1.63451 0.107765 1.61763 -0.125315 -0.00667582 0.00743877 0.140574 0.00986359 0.00258873 -0.0562676 0.00247959 0.00247959 0.14477 -0.0973078 0.00179463 
22 0 0.0521504 -1.1812 -1.47995 1.53786 -1.72501 -1.2859 1.63412 0.108149 1.623 -0.125315 -0.00667582 0.00743877 0.140574 0.00986368 0.00258867 -0.0562676 0.00247959 0.00247959 0.145533 -0.0973078 0.00179463 
22 0 0.0521504 -1.1812 -1.47995 1.53786 -1.72463 -1.28782 1.63374 0.108532 1.62875 -0.124933 -0.00667582 0.00743877 0.140192 0.00986368 0.00258867 -0.0562676 0.00247959 0.00247959 0.146296 -0.0975636 0.00137168 
22 0 0.0521504 -1.1812 -1.47995 1.53786 -1.72501 -1.28935 1.63336 0.108916 1.63451 -0.124552 -0.00667582 0.00743877 0.140192 0.00986368 0.00258867 -0.0562676 0.00247959 0.00247959 0.146677 -0.0975635 0.00137174 
22 0 0.0521504 -1.1812 -1.47995 1.53786 -1.72501 -1.29088 1.63336 0.109299 1.64026 -0.12417 -0.00667582 0.00743877 0.140192 0.00986368 0.00258867 -0.0562676 0.00247959 0.00247959 0.147059 -0.0975635 0.00137174 
22 0 0.0521504 -1.1812 -1.47995 1.53786 -1.72501 -1.29242 1.63297 0.109299 1.64601 -0.12417 -0.00667582 0.00743877 0.139811 0.00986368 0.00258867 -0.0562676 0.00247959 0.00247959 0.147822 -0.0975635 0.00137174 
22 0 0.0521504 -1.1812 -1.47995 1.53786 -1.72501 -1.29434 1.63259 0.109299 1.65176 -0.123789 -0.00629435 0.00743877 0.139811 0.00986368 0.00258867 -0.0566491 0.00247959 0.00247959 0.148203 -0.0978193 0.000948647 
22 0 0.0521504 -1.1812 -1.47995 1.53786 -1.72501 -1.29587 1.63259 0.109683 1.65752 -0.123789 -0.00667582 0.00743877 0.139811 0.00986368 0.00258867 -0.0566491 0.00247959 0.00247959 0.148585 -0.0978192 0.000948707 
22 0 0.0521504 -1.1812 -1.47995 1.53786 -1.72501 -1.2974 1.63221 0.109299 1.66289 -0.123407 -0.00629435 0.00743877 0.139811 0.0094131 0.00261638 -0.0566491 0.00247959 0.00247959 0.148966 -0.0978192 0.000948707 
22 0 0.0521504 -1.18158 -1.47995 1.53786 -1.72501 -1.29932 1.63182 0.109299 1.66864 -0.123407 -0.00667582 0.00743877 0.139811 0.00941327 0.00261618 -0.0566491 0.00247959 0.00247959 0.149729 -0.0982796 0.000920795 
22 0 0.0521504 -1.18158 -1.47995 1.53786 -1.72501 -1.30124 1.63182 0.109299 1.67401 -0.123026 -0.00667582 0.00743877 0.139811 0.00941327 0.00261618 -0.0566491 0.00247959 0.00247959 0.150111 -0.0982794 0.000921044 
22 0 0.0521504 -1.18158 -1.47995 1.53786 -1.72463 -1.30277 1.63144 0.109299 1.67938 -0.123026 -0.00667582 0.00743877 0.139811 0.00941327 0.00261618 -0.0566491 0.00247959 0.00247959 0.150492 -0.0982794 0.000921044 
22 0 0.0521504 -1.1812 -1.47995 1.53786 -1.72501 -1.30431 1.63144 0.108916 1.68513 -0.122644 -0.00629435 0.00743877 0.139811 0.00941327 0.00261618 -0.0570306 0.00247959 0.00247959 0.150492 -0.0985351 0.000497626 
22 0 0.0521504 -1.18158 -1.47995 1.53786 -1.72463 -1.30584 1.63144 0.109299 1.6905 -0.122644 -0.00667582 0.00743877 0.139811 0.00921244 0.00225603 -0.0570306 0.00247959 0.00247959 0.150874 -0.098535 0.000497685 
22 0 0.0521504 -1.18158 -1.47995 1.53786 -1.72501 -1.30738 1.63144 0.108916 1.69587 -0.122644 -0.00667582 0.00743877 0.139811 0.00921239 0.00225628 -0.0574121 0.00247959 0.00247959 0.151255 -0.0987906 7.4114e-05 
22 0 0.0521504 -1.18158 -1.48034 1.53786 -1.72501 -1.30929 1.63105 0.108916 1.70162 -0.122644 -0.00667582 0.00743877 0.139811 0.00921239 0.00225628 -0.0574121 0.00247959 0.00247959 0.151637 -0.0987905 7.41731e-05 
22 0 0.0521504 -1.18158 -1.48034 1.53786 -1.72501 -1.31083 1.63105 0.108916 1.70699 -0.122263 -0.00667582 0.00743877 0.139811 0.00901162 0.00189598 -0.0574121 0.00247959 0.00247959 0.152018 -0.099046 -0.000349551 
22 0 0.0521504 -1.18158 -1.48034 1.53786 -1.72501 -1.31274 1.63105 0.108916 1.71236 -0.122263 -0.00667582 0.00743877 0.139811 0.00876183 0.00228375 -0.0577935 0.00247959 0.00247959 0.152399 -0.0993013 -0.000773362 
22 0 0.0521504 -1.18158 -1.48034 1.53786 -1.72501 -1.31428 1.63105 0.108916 1.71734 -0.122263 -0.00667582 0.00743877 0.139811 0.00876192 0.00228368 -0.0577935 0.00247959 0.00247959 0.152399 -0.0997618 -0.000801914 
22 0 0.0521504 -1.18158 -1.48034 1.53786 -1.72501 -1.31581 1.63067 0.108532 1.72271 -0.122263 -0.00629435 0.00743877 0.139811 0.00856113 0.00192326 -0.058175 0.00247959 0.00247959 0.152781 -0.0997616 -0.000801664 
22 0 0.0521504 -1.18158 -1.47995 1.53786 -1.7254 -1.31773 1.63067 0.108532 1.7277 -0.121881 -0.00667582 0.00743877 0.139811 0.00856108 0.00192351 -0.058175 0.00247959 0.00247959 0.153162 -0.100017 -0.00122586 
22 0 0.0521504 -1.18158 -1.48034 1.53786 -1.7254 -1.31926 1.63067 0.108149 1.73307 -0.121881 -0.00667582 0.00743877 0.140192 0.00856108 0.00192351 -0.058175 0.00247959 0.00247959 0.153544 -0.100477 -0.00125459 
22 0 0.0521504 -1.18158 -1.48034 1.53786 -1.72501 -1.3208 1.63029 0.108149 1.73805 -0.121881 -0.00667582 0.00743877 0.140192 0.00836034 0.00156295 -0.0585565 0.00247959 0.00247959 0.153544 -0.100733 -0.00167886 
22 0 0.0521504 -1.18158 -1.48034 1.53786 -1.7254 -1.32272 1.63067 0.108149 1.74342 -0.1215 -0.00667582 0.00743877 0.140192 0.00836029 0.0015632 -0.0585565 0.00247959 0.00247959 0.153925 -0.101193 -0.00170776 
22 0 0.0521504 -1.18158 -1.48034 1.53825 -1.7254 -1.32425 1.63029 0.107765 1.74841 -0.1215 -0.00667582 0.00743877 0.140192 0.00836029 0.0015632 -0.058938 0.00247959 0.00247959 0.153925 -0.101448 -0.00213235 
22 0 0.0521504 -1.18158 -1.48034 1.53786 -1.7254 -1.32578 1.63029 0.107765 1.75301 -0.121118 -0.00667582 0.00743877 0.140192 0.00836029 0.0015632 -0.058938 0.00247959 0.00247959 0.153925 -0.101703 -0.00255728 
22 0 0.0521504 -1.18158 -1.48034 1.53786 -1.7254 -1.32732 1.63029 0.107765 1.758 -0.121118 -0.00667582 0.00743877 0.139811 0.00836029 0.0015632 -0.0593194 0.00247959 0.00247959 0.153925 -0.102164 -0.00258654 
22 0 0.0521504 -1.18197 -1.48034 1.53786 -1.7254 -1.32885 1.63029 0.107382 1.76298 -0.121118 -0.00629435 0.00743877 0.140192 0.00836029 0.0015632 -0.0593194 0.00247959 0.00247959 0.153544 -0.102419 -0.0030116 
22 0 0.0521504 -1.18158 -1.48034 1.53786 -1.7254 -1.33 1.63029 0.107382 1.76758 -0.120737 -0.00667582 0.00743877 0.140192 0.00836029 0.0015632 -0.0593194 0.00247959 0.00247959 0.153544 -0.10288 -0.00304103 
22 0 0.0521504 -1.18158 -1.48034 1.53786 -1.7254 -1.33154 1.6299 0.107382 1.77219 -0.120737 -0.00667582 0.00743877 0.139811 0.00836029 0.0015632 -0.0597009 0.00247959 0.00247959 0.153162 -0.103134 -0.00346642 
22 0 0.0521504 -1.18158 -1.47995 1.53786 -1.7254 -1.33269 1.63029 0.107382 1.77717 -0.120356 -0.00667582 0.00743877 0.140192 0.00836029 0.0015632 -0.0600824 0.00247959 0.00209812 0.153162 -0.103644 -0.00431822 
22 0 0.0521504 -1.18158 -1.47995 1.53786 -1.72578 -1.33422 1.6299 0.106998 1.78139 -0.120356 -0.00667582 0.00743877 0.139811 0.00836029 0.0015632 -0.0600824 0.00247959 0.00209812 0.153162 -0.10385 -0.00392137 
22 0 0.0521504 -1.18158 -1.47995 1.53786 -1.7254 -1.33537 1.6299 0.106998 1.78599 -0.119974 -0.00629435 0.00743877 0.140192 0.00836029 0.0015632 -0.0604639 0.00247959 0.00209812 0.153162 -0.104105 -0.0043478 
22 0 0.0521504 -1.18158 -1.48034 1.53825 -1.7254 -1.33652 1.6299 0.106998 1.79059 -0.119974 -0.00629435 0.00743877 0.140192 0.00836029 0.0015632 -0.0600824 0.00247959 0.00209812 0.153162 -0.104359 -0.00477402 
22 0 0.0521504 -1.18158 -1.48034 1.53786 -1.7254 -1.33767 1.6299 0.106998 1.7952 -0.119593 -0.00629435 0.00743877 0.140192 0.00836029 0.0015632 -0.0600824 0.00247959 0.00209812 0.153162 -0.104359 -0.00477396 
22 0 0.0521504 -1.18158 -1.48072 1.53825 -1.7254 -1.33882 1.62952 0.106615 1.79941 -0.119593 -0.00667582 0.00743877 0.140192 0.00836029 0.0015632 -0.0597009 0.00247959 0.00209812 0.153544 -0.104614 -0.00520038 
22 0 0.0521504 -1.1812 -1.48072 1.53825 -1.7254 -1.33997 1.62952 0.106615 1.80402 -0.119211 -0.00667582 0.00743877 0.140192 0.00836029 0.0015632 -0.0597009 0.00247959 0.00209812 0.153544 -0.104614 -0.00520032 
22 0 0.0521504 -1.18158 -1.48034 1.53825 -1.72578 -1.34074 1.62952 0.106231 1.80824 -0.119211 -0.00667582 0.00743877 0.140192 0.00815961 0.0012025 -0.0593194 0.00247959 0.00209812 0.153925 -0.10482 -0.00480357 
22 0 0.0521504 -1.18158 -1.48034 1.53825 -1.72578 -1.34151 1.62952 0.106231 1.81207 -0.11883 -0.00667582 0.00743877 0.140192 0.00815956 0.00120275 -0.058938 0.00247959 0.00171664 0.153925 -0.10482 -0.0048039 
22 0 0.0521504 -1.18158 -1.48034 1.53825 -1.72616 -1.34266 1.62914 0.106231 1.81629 -0.11883 -0.00667582 0.00743877 0.140192 0.00815956 0.00120275 -0.058938 0.00247959 0.00171664 0.153925 -0.10482 -0.0048039 
22 0 0.0521504 -1.1812 -1.48034 1.53825 -1.72616 -1.34381 1.62914 0.106231 1.82051 -0.118448 -0.00629435 0.00743877 0.140192 0.00815956 0.00120275 -0.0585565 0.00247959 0.00171664 0.153925 -0.10482 -0.0048039 
22 0 0.0521504 -1.18158 -1.48034 1.53825 -1.72616 -1.34458 1.62914 0.105848 1.82473 -0.118448 -0.00629435 0.00743877 0.140192 0.00795893 0.000841913 -0.0585565 0.00247959 0.00171664 0.153925 -0.10482 -0.0048039 
22 0 0.0521504 -1.18158 -1.48034 1.53825 -1.72578 -1.34573 1.62914 0.105464 1.82894 -0.118067 -0.00629435 0.00743877 0.140192 0.00795888 0.000842164 -0.0585565 0.00247959 0.00171664 0.153925 -0.104566 -0.00437757 
22 0 0.0521504 -1.18158 -1.48072 1.53825 -1.72616 -1.34649 1.62914 0.105464 1.83278 -0.118067 -0.00629435 0.00743877 0.140192 0.00795888 0.000842164 -0.058175 0.00247959 0.00171664 0.153925 -0.104565 -0.00437752 
22 0 0.0521504 -1.18158 -1.48072 1.53825 -1.72616 -1.34688 1.62914 0.105464 1.83661 -0.118067 -0.00629435 0.00743877 0.140192 0.00775831 0.000481186 -0.058175 0.00247959 0.00171664 0.153544 -0.104565 -0.00437752 
22 0 0.0521504 -1.18158 -1.4811 1.53825 -1.72616 -1.34764 1.62914 0.105464 1.84045 -0.117685 -0.00629435 0.00743877 0.140192 0.00775826 0.000481437 -0.058175 0.00247959 0.00171664 0.153544 -0.104565 -0.00437752 
22 0 0.0521504 -1.18158 -1.48072 1.53825 -1.72616 -1.34841 1.62914 0.105464 1.8439 -0.117685 -0.00629435 0.00743877 0.140192 0.00775826 0.000481437 -0.058175 0.00247959 0.00171664 0.153544 -0.10482 -0.00480396 
22 0 0.0521504 -1.18158 -1.4811 1.53825 -1.72655 -1.34879 1.62914 0.105464 1.84735 -0.117685 -0.00629435 0.00743877 0.140192 0.00755775 0.00012032 -0.058175 0.00247959 0.00171664 0.153544 -0.104614 -0.0052 
22 0 0.0521504 -1.18158 -1.4811 1.53825 -1.72616 -1.34956 1.62875 0.105464 1.85119 -0.117304 -0.00629435 0.00743877 0.140192 0.0075577 0.000120571 -0.058175 0.00247959 0.00171664 0.153544 -0.104614 -0.00520032 
22 0 0.0521504 -1.18197 -1.4811 1.53786 -1.72655 -1.35033 1.62875 0.105081 1.85502 -0.117304 -0.00629435 0.00743877 0.140192 0.0075577 0.000120571 -0.058175 0.00247959 0.00171664 0.153544 -0.104614 -0.00520032 
22 0 0.0521504 -1.18197 -1.48072 1.53786 -1.72655 -1.35109 1.62875 0.105081 1.85847 -0.117304 -0.00629435 0.00743877 0.140192 0.00730756 0.000508297 -0.0577935 0.00247959 0.00171664 0.153544 -0.104614 -0.00520032 
22 0 0.0521504 -1.18197 -1.4811 1.53786 -1.72655 -1.35186 1.62875 0.105081 1.86193 -0.117304 -0.00629435 0.00743877 0.140192 0.00710713 0.000146983 -0.0577935 0.00247959 0.00171664 0.153544 -0.10482 -0.00480357 
22 0 0.0521504 -1.18197 -1.48072 1.53786 -1.72693 -1.35263 1.62875 0.105081 1.86576 -0.117304 -0.00629435 0.00743877 0.140192 0.00710707 0.000147234 -0.0577935 0.00247959 0.00171664 0.153544 -0.10482 -0.0048039 
22 0 0.0521504 -1.18197 -1.4811 1.53786 -1.72693 -1.35301 1.62875 0.105081 1.86921 -0.117304 -0.00629435 0.00743877 0.140192 0.00710707 0.000147234 -0.0577935 0.00247959 0.00171664 0.153544 -0.104614 -0.0052 
22 0 0.0521504 -1.18197 -1.4811 1.53786 -1.72693 -1.3534 1.62875 0.105081 1.87266 -0.117304 -0.00629435 0.00743877 0.140192 0.00710707 0.000147234 -0.0577935 0.00247959 0.00171664 0.153544 -0.104869 -0.0056269 
22 0 0.0521504 -1.18197 -1.4811 1.53786 -1.72693 -1.35378 1.62875 0.105081 1.87612 -0.117304 -0.00629435 0.00743877 0.140192 0.0069066 -0.00021415 -0.0577935 0.00247959 0.00171664 0.153544 -0.104868 -0.00562684 
22 0 0.0521504 -1.18235 -1.48149 1.53786 -1.72693 -1.35416 1.62837 0.105081 1.87957 -0.117304 -0.00629435 0.00743877 0.140192 0.00690654 -0.000213899 -0.0577935 0.00247959 0.00171664 0.153544 -0.104868 -0.00562684 
22 0 0.0521504 -1.18235 -1.48149 1.53786 -1.72693 -1.35455 1.62837 0.105081 1.88264 -0.117304 -0.00629435 0.00743877 0.140192 0.00690654 -0.000213899 -0.0577935 0.00247959 0.00171664 0.153544 -0.104868 -0.00562684 
22 0 0.0521504 -1.18235 -1.48149 1.53786 -1.72693 -1.35455 1.62875 0.105464 1.8857 -0.117304 -0.00629435 0.00743877 0.140192 0.00690654 -0.000213899 -0.0577935 0.00247959 0.00171664 0.153544 -0.104868 -0.00562684 
22 0 0.0521504 -1.18235 -1.48149 1.53786 -1.72693 -1.35493 1.62875 0.105464 1.88877 -0.117304 -0.00629435 0.00743877 0.140192 0.00690654 -0.000213899 -0.0577935 0.00247959 0.00171664 0.153544 -0.104868 -0.00562684 
22 0 0.0521504 -1.18235 -1.48149 1.53786 -1.72693 -1.35531 1.62837 0.105464 1.89146 -0.117304 -0.00629435 0.00743877 0.140192 0.00690654 -0.000213899 -0.0577935 0.00247959 0.00171664 0.153162 -0.105123 -0.00605358 
22 0 0.0521504 -1.18235 -1.48149 1.53825 -1.72732 -1.3557 1.62875 0.105464 1.89452 -0.117304 -0.00629435 0.00743877 0.140192 0.00665631 0.000173987 -0.0577935 0.00247959 0.00171664 0.153162 -0.105123 -0.00605352 
22 0 0.0521504 -1.18235 -1.48149 1.53786 -1.72732 -1.3557 1.62875 0.105464 1.89721 -0.117304 -0.00629435 0.00743877 0.140192 0.00665641 0.000173919 -0.0577935 0.00247959 0.00171664 0.153162 -0.105123 -0.00605352 
22 0 0.0521504 -1.18235 -1.48187 1.53786 -1.72732 -1.35608 1.62875 0.105464 1.89989 -0.117304 -0.00629435 0.00743877 0.140192 0.00665641 0.000173919 -0.0577935 0.00247959 0.00171664 0.153162 -0.105377 -0.00648039 
22 0 0.0521504 -1.18274 -1.48187 1.53825 -1.72732 -1.35646 1.62837 0.105081 1.90296 -0.117685 -0.00629435 0.00743877 0.140192 0.00665641 0.000173919 -0.0577935 0.00247959 0.00171664 0.153162 -0.105377 -0.00648034 
22 0 0.0521504 -1.18235 -1.48187 1.53825 -1.72732 -1.35646 1.62837 0.105081 1.90565 -0.117685 -0.00629435 0.00743877 0.140192 0.00665641 0.000173919 -0.0577935 0.00247959 0.00171664 0.153162 -0.105377 -0.00648034 
22 0 0.0521504 -1.18274 -1.48187 1.53825 -1.72732 -1.35646 1.62837 0.105464 1.90833 -0.117685 -0.00629435 0.00743877 0.140192 0.00665641 0.000173919 -0.0577935 0.00247959 0.00171664 0.153162 -0.105377 -0.00648034 
22 0 0.0521504 -1.18274 -1.48225 1.53825 -1.72732 -1.35646 1.62837 0.105464 1.91101 -0.117685 -0.00629435 0.00743877 0.140192 0.00645592 -0.000187595 -0.0577935 0.00247959 0.00171664 0.153162 -0.105632 -0.00690738 
22 0 0.0521504 -1.18274 -1.48225 1.53825 -1.72732 -1.35646 1.62837 0.105081 1.9137 -0.117685 -0.00629435 0.00743877 0.140192 0.00665646 0.000173668 -0.0577935 0.00247959 0.00171664 0.153162 -0.105631 -0.00690732 
22 0 0.0521504 -1.18274 -1.48264 1.53825 -1.72732 -1.35646 1.62837 0.105464 1.91638 -0.117685 -0.00629435 0.00743877 0.140192 0.00665641 0.000173919 -0.0577935 0.00247959 0.00171664 0.153162 -0.105631 -0.00690732 
22 0 0.0521504 -1.18274 -1.48264 1.53825 -1.72732 -1.35646 1.62837 0.105464 1.91907 -0.117685 -0.00629435 0.00743877 0.140192 0.00665641 0.000173919 -0.0577935 0.00247959 0.00171664 0.153162 -0.105631 -0.00690732 
22 0 0.0521504 -1.18274 -1.48264 1.53825 -1.72732 -1.35646 1.62837 0.105464 1.92175 -0.117685 -0.00591287 0.00743877 0.140192 0.00665641 0.000173919 -0.0577935 0.00247959 0.00171664 0.153162 -0.105631 -0.00690732 
22 0 0.0521504 -1.18274 -1.48302 1.53825 -1.72732 -1.35646 1.62837 0.105464 1.92405 -0.117304 -0.00591287 0.00743877 0.140192 0.00665641 0.000173919 -0.0577935 0.00247959 0.00171664 0.153162 -0.105631 -0.00690732 
22 0 0.0521504 -1.18274 -1.48264 1.53825 -1.72732 -1.35646 1.62837 0.105464 1.92674 -0.117304 -0.00591287 0.00743877 0.140192 0.00645592 -0.000187595 -0.0577935 0.00247959 0.00171664 0.153162 -0.105631 -0.00690732 
22 0 0.0521504 -1.18274 -1.48302 1.53825 -1.72732 -1.35608 1.62837 0.105464 1.92904 -0.117304 -0.00591287 0.00743877 0.140192 0.00645586 -0.000187343 -0.0577935 0.00247959 0.00171664 0.153162 -0.105631 -0.00690732 
22 0 0.0521504 -1.18235 -1.48302 1.53825 -1.72732 -1.35608 1.62837 0.105464 1.93134 -0.117685 -0.00591287 0.00743877 0.140192 0.00665646 0.000173668 -0.0577935 0.00247959 0.00171664 0.153162 -0.105631 -0.00690732 
22 0 0.0521504 -1.18274 -1.48302 1.53825 -1.7277 -1.35608 1.62837 0.105464 1.93364 -0.117685 -0.00591287 0.00743877 0.140192 0.00665641 0.000173919 -0.0577935 0.00247959 0.00171664 0.153162 -0.105425 -0.00730318 
22 0 0.0521504 -1.18235 -1.48302 1.53825 -1.72732 -1.35608 1.62837 0.105464 1.93556 -0.117304 -0.00591287 0.00743877 0.140192 0.00665641 0.000173919 -0.0577935 0.00247959 0.00171664 0.153162 -0.105425 -0.0073035 
22 0 0.0521504 -1.18274 -1.4834 1.53825 -1.72732 -1.3557 1.62837 0.105464 1.93786 -0.117304 -0.00591287 0.00743877 0.140192 0.00665641 0.000173919 -0.0577935 0.00247959 0.00171664 0.153162 -0.105425 -0.0073035 
22 0 0.0521504 -1.18274 -1.48302 1.53825 -1.72732 -1.3557 1.62837 0.105464 1.93978 -0.117304 -0.00591287 0.00743877 0.140192 0.00665641 0.000173919 -0.0577935 0.00247959 0.00171664 0.153162 -0.105171 -0.0068766 
22 0 0.0521504 -1.18235 -1.4834 1.53825 -1.72732 -1.3557 1.62837 0.105464 1.9417 -0.117304 -0.00591287 0.00743877 0.140192 0.00665641 0.000173919 -0.0577935 0.00247959 0.00171664 0.153544 -0.105171 -0.00687654 
22 0 0.0521504 -1.18274 -1.4834 1.53825 -1.72732 -1.3557 1.62837 0.105464 1.94361 -0.117685 -0.00591287 0.00743877 0.140192 0.00690645 -0.000213831 -0.0577935 0.00247959 0.00171664 0.153544 -0.105171 -0.00687654 
22 0 0.0521504 -1.18235 -1.48379 1.53825 -1.7277 -1.35531 1.62837 0.105464 1.94553 -0.117304 -0.00591287 0.00743877 0.140192 0.00690654 -0.000213899 -0.0577935 0.00247959 0.00171664 0.153544 -0.105171 -0.00687654 
22 0 0.0521504 -1.18235 -1.48379 1.53825 -1.7277 -1.35531 1.62837 0.105464 1.94745 -0.117685 -0.00591287 0.00743877 0.140192 0.00690654 -0.000213899 -0.0577935 0.00247959 0.00171664 0.153544 -0.105171 -0.00687654 
22 0 0.0521504 -1.18235 -1.48417 1.53825 -1.72732 -1.35531 1.62837 0.105081 1.94937 -0.117304 -0.00591287 0.00743877 0.140192 0.00690654 -0.000213899 -0.0577935 0.00247959 0.00171664 0.153544 -0.104964 -0.00727225 
22 0 0.0521504 -1.18235 -1.48417 1.53825 -1.7277 -1.35493 1.62875 0.105464 1.95128 -0.117304 -0.00591287 0.00743877 0.140192 0.00690654 -0.000213899 -0.0577935 0.00247959 0.00171664 0.153544 -0.104964 -0.00727257 
22 0 0.0521504 -1.18235 -1.48456 1.53825 -1.7277 -1.35493 1.62837 0.105464 1.9532 -0.117304 -0.0055314 0.00743877 0.140192 0.00690654 -0.000213899 -0.0577935 0.00247959 0.00171664 0.153544 -0.104964 -0.00727257 
22 0 0.0521504 -1.18235 -1.48494 1.53825 -1.7277 -1.35493 1.62837 0.105464 1.95512 -0.117304 -0.0055314 0.00743877 0.140192 0.00690654 -0.000213899 -0.0577935 0.00247959 0.00171664 0.153544 -0.104964 -0.00727257 
22 0 0.0521504 -1.18235 -1.48494 1.53825 -1.7277 -1.35493 1.62837 0.105464 1.95665 -0.117304 -0.0055314 0.00743877 0.140192 0.00690654 -0.000213899 -0.0577935 0.00247959 0.00171664 0.153544 -0.104964 -0.00727257 
22 0 0.0521504 -1.18235 -1.48494 1.53825 -1.7277 -1.35455 1.62837 0.105081 1.95857 -0.117304 -0.00591287 0.00743877 0.140192 0.00690654 -0.000213899 -0.0577935 0.00247959 0.00171664 0.153544 -0.10471 -0.00684584 
22 0 0.0521504 -1.18235 -1.48532 1.53825 -1.7277 -1.35455 1.62837 0.105081 1.96049 -0.117304 -0.00591287 0.00743877 0.140192 0.00690654 -0.000213899 -0.0577935 0.00247959 0.00171664 0.153162 -0.10471 -0.00684579 
22 0 0.0521504 -1.18235 -1.48532 1.53825 -1.7277 -1.35416 1.62837 0.105081 1.96202 -0.117304 -0.0055314 0.00743877 0.140192 0.00690654 -0.000213899 -0.0577935 0.00247959 0.00171664 0.153162 -0.10471 -0.00684579 
22 0 0.0521504 -1.18274 -1.48571 1.53825 -1.7277 -1.35416 1.62837 0.105081 1.96394 -0.117304 -0.0055314 0.00743877 0.140192 0.00690654 -0.000213899 -0.0577935 0.00247959 0.00171664 0.153544 -0.10471 -0.00684579 
22 0 0.0521504 -1.18235 -1.48571 1.53825 -1.7277 -1.35416 1.62799 0.105081 1.96547 -0.117304 -0.0055314 0.00743877 0.140192 0.00690654 -0.000213899 -0.0577935 0.00247959 0.00171664 0.153544 -0.10471 -0.00684579 
22 0 0.0521504 -1.18235 -1.48571 1.53825 -1.72808 -1.35416 1.62799 0.105081 1.96701 -0.117304 -0.0055314 0.00743877 0.140192 0.00690654 -0.000213899 -0.0577935 0.00247959 0.00171664 0.153544 -0.10471 -0.00684579 
22 0 0.0521504 -1.18274 -1.48609 1.53825 -1.72808 -1.35378 1.62799 0.105464 1.96854 -0.117304 -0.0055314 0.00743877 0.140192 0.00690654 -0.000213899 -0.0577935 0.00247959 0.00171664 0.153162 -0.10471 -0.00684579 
22 0 0.0521504 -1.18274 -1.48609 1.53825 -1.72808 -1.3534 1.62799 0.105081 1.97007 -0.117304 -0.0055314 0.00743877 0.140192 0.00690654 -0.000213899 -0.0577935 0.00247959 0.00133516 0.153162 -0.10471 -0.00684579 
22 0 0.0521504 -1.18235 -1.48609 1.53825 -1.72808 -1.3534 1.62799 0.105081 1.97161 -0.117304 -0.0055314 0.00743877 0.140192 0.00715665 -0.000601512 -0.0577935 0.00247959 0.00171664 0.153162 -0.10471 -0.00684579 
22 0 0.0521504 -1.18235 -1.48647 1.53825 -1.72808 -1.35301 1.62799 0.105464 1.97314 -0.117304 -0.0055314 0.00743877 0.140192 0.00715674 -0.00060158 -0.0577935 0.00247959 0.00133516 0.153162 -0.10471 -0.00684579 
22 0 0.0521504 -1.18274 -1.48647 1.53825 -1.72808 -1.35301 1.62799 0.105464 1.97429 -0.117304 -0.0055314 0.00743877 0.140192 0.00715674 -0.00060158 -0.0577935 0.00247959 0.00133516 0.153162 -0.10471 -0.00684579 
22 0 0.0521504 -1.18274 -1.48647 1.53825 -1.72808 -1.35301 1.62799 0.105464 1.97544 -0.117304 -0.0055314 0.00743877 0.140192 0.00715674 -0.00060158 -0.0577935 0.00247959 0.00133516 0.153162 -0.10471 -0.00684579 
22 0 0.0521504 -1.18235 -1.48686 1.53863 -1.72808 -1.35263 1.62837 0.105464 1.97698 -0.117304 -0.0055314 0.00743877 0.140192 0.00715674 -0.00060158 -0.0577935 0.00247959 0.00133516 0.153162 -0.10471 -0.00684579 
22 0 0.0521504 -1.18235 -1.48686 1.53863 -1.72808 -1.35263 1.62799 0.105464 1.97813 -0.117304 -0.0055314 0.00743877 0.140192 0.00715674 -0.00060158 -0.0577935 0.00247959 0.00133516 0.153544 -0.10471 -0.00684579 
22 0 0.0521504 -1.18274 -1.48686 1.53825 -1.72808 -1.35263 1.62799 0.105464 1.97928 -0.117304 -0.0055314 0.00743877 0.140192 0.00715674 -0.00060158 -0.0577935 0.00247959 0.00133516 0.153162 -0.10471 -0.00684579 
22 0 0.0521504 -1.18235 -1.48686 1.53825 -1.72808 -1.35225 1.62799 0.105464 1.98043 -0.117304 -0.0055314 0.00743877 0.140192 0.00715674 -0.00060158 -0.0577935 0.00247959 0.00133516 0.153162 -0.10471 -0.00684579 
22 0 0.0521504 -1.18235 -1.48686 1.53825 -1.72808 -1.35225 1.62799 0.105464 1.9812 -0.117304 -0.0055314 0.00743877 0.140192 0.00715674 -0.00060158 -0.0577935 0.00247959 0.00133516 0.153162 -0.10471 -0.00684579 
22 0 0.0521504 -1.18235 -1.48686 1.53863 -1.72808 -1.35186 1.62837 0.105081 1.98235 -0.117304 -0.0055314 0.00743877 0.140192 0.00715674 -0.00060158 -0.0577935 0.00247959 0.00133516 0.153162 -0.10471 -0.00684579 
22 0 0.0521504 -1.18235 -1.48724 1.53863 -1.72808 -1.35186 1.62837 0.105081 1.9835 -0.117304 -0.0055314 0.00743877 0.140192 0.00715674 -0.00060158 -0.0577935 0.00247959 0.00133516 0.153162 -0.10471 -0.00684579 
22 0 0.0521504 -1.18235 -1.48724 1.53825 -1.72847 -1.35225 1.62837 0.105464 1.98426 -0.117304 -0.0055314 0.00743877 0.140192 0.00715674 -0.00060158 -0.0577935 0.00247959 0.00133516 0.153162 -0.10471 -0.00684579 
22 0 0.0521504 -1.18235 -1.48724 1.53863 -1.72808 -1.35186 1.62837 0.105464 1.98542 -0.117304 -0.0055314 0.00743877 0.140192 0.00715674 -0.00060158 -0.0577935 0.00247959 0.00133516 0.153162 -0.10471 -0.00684579 
22 0 0.0521504 -1.18235 -1.48724 1.53863 -1.72847 -1.35186 1.62837 0.105081 1.98618 -0.117304 -0.0055314 0.00743877 0.140192 0.00715674 -0.00060158 -0.0577935 0.00247959 0.00133516 0.153162 -0.10471 -0.00684579 
22 0 0.0521504 -1.18235 -1.48762 1.53863 -1.72808 -1.35186 1.62875 0.105081 1.98695 -0.117304 -0.0055314 0.00743877 0.140192 0.00715674 -0.00060158 -0.0577935 0.00247959 0.00133516 0.153162 -0.10471 -0.00684579 
22 0 0.0521504 -1.18197 -1.48762 1.53863 -1.72808 -1.35186 1.62837 0.105081 1.9881 -0.117304 -0.0055314 0.00743877 0.140192 0.00715674 -0.00060158 -0.0577935 0.00247959 0.00133516 0.153162 -0.10471 -0.00684579 
22 0 0.0521504 -1.18197 -1.48762 1.53863 -1.72808 -1.35186 1.62837 0.105081 1.98887 -0.117304 -0.0055314 0.00743877 0.140192 0.00715674 -0.00060158 -0.0577935 0.00247959 0.00133516 0.153162 -0.10471 -0.00684579 
22 0 0.0521504 -1.18197 -1.48762 1.53863 -1.72808 -1.35148 1.62837 0.105464 1.98925 -0.117304 -0.0055314 0.00743877 0.140192 0.00715674 -0.00060158 -0.0574121 0.00247959 0.00133516 0.153162 -0.10471 -0.00684579 
22 0 0.0521504 -1.18197 -1.48762 1.53863 -1.72847 -1.35148 1.62875 0.105081 1.9904 -0.117304 -0.0055314 0.00743877 0.140192 0.00715674 -0.00060158 -0.0577935 0.00247959 0.00133516 0.153162 -0.10471 -0.00684579 
22 0 0.0521504 -1.18235 -1.48762 1.53863 -1.72847 -1.35148 1.62875 0.105081 1.99117 -0.117304 -0.0055314 0.00743877 0.140192 0.00715674 -0.00060158 -0.0577935 0.00247959 0.00133516 0.153162 -0.10471 -0.00684579 
22 0 0.0521504 -1.18197 -1.48801 1.53863 -1.72847 -1.35109 1.62875 0.105081 1.99193 -0.117304 -0.0055314 0.00743877 0.140192 0.00715674 -0.00060158 -0.0577935 0.00247959 0.00133516 0.153162 -0.10471 -0.00684579 
22 0 0.0521504 -1.18197 -1.48801 1.53863 -1.72847 -1.35109 1.62875 0.105081 1.9927 -0.117304 -0.0055314 0.00743877 0.140192 0.00715674 -0.00060158 -0.0577935 0.00247959 0.00133516 0.153162 -0.10471 -0.00684579 
22 0 0.0521504 -1.18197 -1.48762 1.53863 -1.72847 -1.35071 1.62875 0.105081 1.99309 -0.117304 -0.0055314 0.00743877 0.140192 0.00715674 -0.00060158 -0.0577935 0.00247959 0.00133516 0.153162 -0.10471 -0.00684579 
22 0 0.0521504 -1.18197 -1.48801 1.53863 -1.72847 -1.35071 1.62875 0.105081 1.99424 -0.117304 -0.0055314 0.00743877 0.140192 0.00715674 -0.00060158 -0.0577935 0.00247959 0.00133516 0.153162 -0.10471 -0.00684579 
22 0 0.0521504 -1.18197 -1.48801 1.53863 -1.72847 -1.35033 1.62875 0.105081 1.995 -0.117304 -0.00591287 0.00743877 0.140192 0.00715674 -0.00060158 -0.0574121 0.00247959 0.00133516 0.153162 -0.104456 -0.0064192 
22 0 0.0521504 -1.18197 -1.48801 1.53863 -1.72847 -1.35033 1.62875 0.105081 1.99577 -0.117304 -0.0055314 0.00743877 0.140192 0.00715674 -0.00060158 -0.0577935 0.00247959 0.00133516 0.153162 -0.104456 -0.00641914 
22 0 0.0521504 -1.18197 -1.48801 1.53863 -1.72808 -1.34994 1.62875 0.105081 1.99654 -0.117304 -0.00591287 0.00743877 0.140192 0.00715674 -0.00060158 -0.0577935 0.00247959 0.00133516 0.153162 -0.104456 -0.00641914 
22 0 0.0521504 -1.18197 -1.48801 1.53863 -1.72847 -1.34994 1.62875 0.105081 1.9973 -0.117304 -0.00591287 0.00743877 0.140192 0.00715674 -0.00060158 -0.0577935 0.00247959 0.00133516 0.153162 -0.104456 -0.00641914 
22 0 0.0521504 -1.18197 -1.48801 1.53863 -1.72847 -1.34956 1.62875 0.105081 1.99807 -0.117304 -0.00591287 0.00743877 0.140192 0.00715674 -0.00060158 -0.0574121 0.00247959 0.00133516 0.153162 -0.104456 -0.00641914 
22 0 0.0521504 -1.18197 -1.48801 1.53825 -1.72847 -1.34918 1.62875 0.105081 1.99922 -0.117304 -0.00591287 0.00743877 0.140192 0.00715674 -0.00060158 -0.0577935 0.00247959 0.00133516 0.153162 -0.104456 -0.00641914 
22 0 0.0521504 -1.18197 -1.48801 1.53825 -1.72847 -1.34879 1.62875 0.105081 1.99999 -0.117304 -0.00591287 0.00743877 0.140192 0.00715674 -0.00060158 -0.0577935 0.00247959 0.00133516 0.153162 -0.104456 -0.00641914 
22 0 0.0521504 -1.18197 -1.48801 1.53825 -1.72847 -1.34841 1.62875 0.105081 2.00076 -0.117304 -0.00591287 0.00743877 0.140192 0.00715674 -0.00060158 -0.0577935 0.00247959 0.00133516 0.153162 -0.104456 -0.00641914 
22 0 0.0521504 -1.18197 -1.48801 1.53825 -1.72847 -1.34803 1.62875 0.105081 2.00152 -0.117304 -0.00591287 0.00743877 0.140192 0.00715674 -0.00060158 -0.0577935 0.00247959 0.00133516 0.153162 -0.104456 -0.00641914 
22 0 0.0521504 -1.18197 -1.48801 1.53863 -1.72847 -1.34764 1.62875 0.105081 2.00229 -0.117304 -0.00591287 0.00743877 0.140192 0.00715674 -0.00060158 -0.0577935 0.00247959 0.00133516 0.153162 -0.104662 -0.00602275 
22 0 0.0521504 -1.18197 -1.48801 1.53863 -1.72847 -1.34726 1.62875 0.105081 2.00344 -0.117304 -0.00591287 0.00743877 0.140192 0.00715674 -0.00060158 -0.0577935 0.00247959 0.00133516 0.153162 -0.104662 -0.00602308 
22 0 0.0521504 -1.18197 -1.48801 1.53863 -1.72847 -1.34688 1.62837 0.105081 2.00421 -0.117304 -0.00591287 0.00743877 0.140192 0.00715674 -0.00060158 -0.0577935 0.00247959 0.00133516 0.153162 -0.104662 -0.00602308 
22 0 0.0521504 -1.18197 -1.48801 1.53825 -1.72847 -1.34649 1.62875 0.105081 2.00497 -0.117304 -0.00591287 0.00743877 0.140192 0.00715674 -0.00060158 -0.0577935 0.00247959 0.00133516 0.153162 -0.104662 -0.00602308 
22 0 0.0521504 -1.18197 -1.48762 1.53825 -1.72847 -1.34611 1.62875 0.105081 2.00612 -0.117304 -0.00591287 0.00743877 0.140192 0.00715674 -0.00060158 -0.0577935 0.00247959 0.00133516 0.153162 -0.104662 -0.00602308 
22 0 0.0521504 -1.18197 -1.48801 1.53863 -1.72847 -1.34573 1.62875 0.105081 2.00689 -0.117304 -0.00591287 0.00743877 0.140192 0.00715674 -0.00060158 -0.0577935 0.00247959 0.00133516 0.153162 -0.104662 -0.00602308 
22 0 0.0521504 -1.18197 -1.48762 1.53863 -1.72847 -1.34534 1.62875 0.105081 2.00766 -0.117304 -0.00591287 0.00743877 0.140192 0.00715674 -0.00060158 -0.0577935 0.00247959 0.00133516 0.153162 -0.104662 -0.00602308 
22 0 0.0521504 -1.18197 -1.48762 1.53863 -1.72847 -1.34496 1.62875 0.105464 2.00843 -0.117304 -0.00591287 0.00743877 0.140192 0.00715674 -0.00060158 -0.0577935 0.00247959 0.00133516 0.153162 -0.104662 -0.00602308 
22 0 0.0521504 -1.18197 -1.48762 1.53863 -1.72847 -1.34458 1.62875 0.105081 2.00919 -0.117304 -0.00591287 0.00743877 0.140192 0.00715674 -0.00060158 -0.0577935 0.00247959 0.00133516 0.153162 -0.104662 -0.00602308 
22 0 0.0521504 -1.18197 -1.48762 1.53863 -1.72847 -1.34419 1.62875 0.105081 2.00996 -0.117304 -0.00591287 0.00743877 0.140192 0.00715674 -0.00060158 -0.0577935 0.00247959 0.00133516 0.153162 -0.104662 -0.00602308 
22 0 0.0521504 -1.18197 -1.48762 1.53863 -1.72847 -1.34381 1.62875 0.105464 2.01073 -0.117304 -0.00591287 0.00743877 0.140192 0.00715674 -0.00060158 -0.0574121 0.00247959 0.00133516 0.153162 -0.104662 -0.00602308 
22 0 0.0521504 -1.18197 -1.48762 1.53863 -1.72847 -1.34304 1.62914 0.105081 2.01149 -0.117304 -0.00591287 0.00743877 0.140192 0.00715674 -0.00060158 -0.0574121 0.00247959 0.00133516 0.153162 -0.104662 -0.00602308 
22 0 0.0521504 -1.18197 -1.48762 1.53863 -1.72847 -1.34266 1.62914 0.105081 2.01188 -0.117304 -0.00591287 0.00743877 0.140192 0.00715674 -0.00060158 -0.0574121 0.00247959 0.00133516 0.153162 -0.104662 -0.00602308 
22 0 0.0521504 -1.18197 -1.48762 1.53863 -1.72847 -1.34227 1.62914 0.105081 2.01264 -0.117304 -0.00591287 0.00743877 0.140192 0.00715674 -0.00060158 -0.0577935 0.00247959 0.00133516 0.153162 -0.104662 -0.00602308 
22 0 0.0521504 -1.18197 -1.48762 1.53863 -1.72847 -1.34189 1.62914 0.105081 2.01341 -0.117304 -0.00591287 0.00743877 0.140192 0.00715674 -0.00060158 -0.0577935 0.00247959 0.00133516 0.153162 -0.104662 -0.00602308 
22 0 0.0521504 -1.18197 -1.48762 1.53863 -1.72847 -1.34151 1.62914 0.105081 2.01379 -0.117304 -0.00629435 0.00743877 0.140192 0.00715674 -0.00060158 -0.0577935 0.00247959 0.00133516 0.153162 -0.104868 -0.00562652 
22 0 0.0521504 -1.18197 -1.48762 1.53863 -1.72847 -1.34112 1.62914 0.105081 2.01456 -0.117304 -0.00629435 0.00743877 0.140192 0.00735725 -0.000240686 -0.0577935 0.00247959 0.00133516 0.153162 -0.104868 -0.00562684 
22 0 0.0521504 -1.18197 -1.48724 1.53863 -1.72847 -1.34036 1.62952 0.105081 2.01495 -0.117304 -0.00629435 0.00743877 0.140192 0.0071568 -0.000601831 -0.0577935 0.00247959 0.00133516 0.153162 -0.104868 -0.00562684 
22 0 0.0521504 -1.18197 -1.48724 1.53863 -1.72847 -1.33997 1.62914 0.105081 2.01533 -0.117304 -0.00629435 0.00743877 0.140192 0.00715674 -0.00060158 -0.0574121 0.00247959 0.00133516 0.153162 -0.104868 -0.00562684 
22 0 0.0521504 -1.18197 -1.48724 1.53863 -1.72847 -1.33959 1.62952 0.105081 2.0161 -0.117304 -0.00629435 0.00743877 0.140192 0.00735725 -0.000240686 -0.0574121 0.00247959 0.00133516 0.153162 -0.104868 -0.00562684 
22 0 0.0521504 -1.18197 -1.48724 1.53863 -1.72847 -1.33882 1.62952 0.105081 2.01648 -0.117304 -0.00629435 0.00743877 0.140192 0.00735719 -0.000240435 -0.0574121 0.00247959 0.00133516 0.153162 -0.104868 -0.00562684 
22 0 0.0521504 -1.18197 -1.48724 1.53863 -1.72847 -1.33882 1.6299 0.105081 2.01686 -0.117304 -0.00629435 0.00743877 0.140192 0.00735719 -0.000240435 -0.0574121 0.00247959 0.00133516 0.153162 -0.104868 -0.00562684 
22 0 0.0521504 -1.18197 -1.48724 1.53863 -1.72847 -1.33844 1.6299 0.105081 2.01763 -0.117304 -0.00629435 0.00743877 0.140192 0.00735719 -0.000240435 -0.0574121 0.00247959 0.00133516 0.153162 -0.104868 -0.00562684 
22 0 0.0521504 -1.18197 -1.48724 1.53863 -1.72847 -1.33767 1.6299 0.105081 2.01763 -0.117304 -0.00629435 0.00743877 0.140192 0.00735719 -0.000240435 -0.0574121 0.00247959 0.00133516 0.153162 -0.104868 -0.00562684 
22 0 0.0521504 -1.18197 -1.48724 1.53863 -1.72847 -1.33729 1.6299 0.105081 2.0184 -0.117304 -0.00629435 0.00743877 0.140192 0.00735719 -0.000240435 -0.0574121 0.00247959 0.00133516 0.153162 -0.104868 -0.00562684 
22 0 0.0521504 -1.18197 -1.48724 1.53863 -1.72847 -1.33691 1.6299 0.105464 2.0184 -0.117304 -0.00629435 0.00743877 0.140192 0.00735719 -0.000240435 -0.0574121 0.00247959 0.00133516 0.153162 -0.104868 -0.00562684 
22 0 0.0521504 -1.18197 -1.48724 1.53863 -1.72847 -1.33652 1.6299 0.105464 2.01878 -0.117304 -0.00629435 0.00743877 0.140192 0.00735719 -0.000240435 -0.0574121 0.00247959 0.00133516 0.153162 -0.104868 -0.00562684 
22 0 0.0521504 -1.18197 -1.48724 1.53863 -1.72847 -1.33614 1.63029 0.105081 2.01916 -0.117304 -0.00629435 0.00743877 0.139811 0.00735719 -0.000240435 -0.0574121 0.00247959 0.00133516 0.153162 -0.104868 -0.00562684 
22 0 0.0521504 -1.18197 -1.48724 1.53863 -1.72847 -1.33575 1.63029 0.105081 2.01955 -0.117304 -0.00629435 0.00743877 0.139811 0.00735719 -0.000240435 -0.0574121 0.00247959 0.00133516 0.153162 -0.104868 -0.00562684 
22 0 0.0521504 -1.18197 -1.48724 1.53863 -1.72847 -1.33537 1.63029 0.105081 2.01955 -0.117304 -0.00629435 0.00743877 0.139811 0.00735719 -0.000240435 -0.0574121 0.00247959 0.00133516 0.153162 -0.104868 -0.00562684 
22 0 0.0521504 -1.18197 -1.48724 1.53863 -1.72847 -1.33499 1.63067 0.105081 2.01993 -0.117304 -0.00629435 0.00743877 0.139811 0.00735719 -0.000240435 -0.0574121 0.00247959 0.00133516 0.153162 -0.104868 -0.00562684 
22 0 0.0521504 -1.18197 -1.48724 1.53863 -1.72847 -1.3346 1.63067 0.105081 2.02031 -0.117304 -0.00629435 0.00743877 0.139811 0.00735719 -0.000240435 -0.0574121 0.00247959 0.00133516 0.153162 -0.105075 -0.0052301 
22 0 0.0521504 -1.18197 -1.48724 1.53825 -1.72847 -1.33422 1.63105 0.105081 2.02031 -0.117304 -0.00629435 0.00743877 0.139811 0.00735719 -0.000240435 -0.0574121 0.00247959 0.00133516 0.153162 -0.105075 -0.00523043 
22 0 0.0521504 -1.18197 -1.48724 1.53863 -1.72847 -1.33422 1.63105 0.105081 2.0207 -0.117304 -0.00629435 0.00743877 0.139811 0.00735719 -0.000240435 -0.0574121 0.00247959 0.00133516 0.153162 -0.105075 -0.00523043 
22 0 0.0521504 -1.18197 -1.48724 1.53863 -1.72847 -1.33384 1.63144 0.105081 2.02108 -0.117304 -0.00629435 0.00743877 0.139811 0.00735719 -0.000240435 -0.0574121 0.00247959 0.00133516 0.153162 -0.105075 -0.00523043 
22 0 0.0521504 -1.18197 -1.48724 1.53825 -1.72847 -1.33384 1.63144 0.105081 2.02108 -0.117304 -0.00629435 0.00743877 0.139811 0.00735719 -0.000240435 -0.0574121 0.00247959 0.00133516 0.152781 -0.105075 -0.00523043 
22 0 0.0521504 -1.18197 -1.48686 1.53863 -1.72847 -1.33307 1.63182 0.105081 2.02146 -0.117304 -0.00629435 0.00743877 0.139811 0.00735719 -0.000240435 -0.0574121 0.00247959 0.00133516 0.152781 -0.105075 -0.00523043 
22 0 0.0521504 -1.18235 -1.48686 1.53863 -1.72847 -1.33307 1.63182 0.105081 2.02146 -0.117304 -0.00629435 0.00743877 0.139811 0.00735719 -0.000240435 -0.0574121 0.00247959 0.00133516 0.152781 -0.105075 -0.00523043 
22 0 0.0521504 -1.18197 -1.48686 1.53863 -1.72847 -1.33269 1.63221 0.105081 2.02185 -0.117304 -0.00629435 0.00743877 0.139811 0.00735719 -0.000240435 -0.0574121 0.00247959 0.00133516 0.152781 -0.105329 -0.00565718 
22 0 0.0521504 -1.18197 -1.48686 1.53863 -1.72847 -1.33269 1.63221 0.105081 2.02185 -0.117304 -0.00629435 0.00743877 0.139811 0.00710698 0.000147303 -0.0574121 0.00247959 0.00133516 0.152781 -0.105329 -0.00565712 
22 0 0.0521504 -1.18197 -1.48686 1.53863 -1.72847 -1.3323 1.63259 0.105081 2.02185 -0.117304 -0.00629435 0.00743877 0.139811 0.00710707 0.000147234 -0.0574121 0.00247959 0.00133516 0.152781 -0.105329 -0.00565712 
22 0 0.0521504 -1.18197 -1.48724 1.53825 -1.72847 -1.33192 1.63297 0.104697 2.02223 -0.117304 -0.00629435 0.00743877 0.139811 0.00710707 0.000147234 -0.0574121 0.00247959 0.00133516 0.152781 -0.105329 -0.00565712 
22 0 0.0521504 -1.18197 -1.48686 1.53863 -1.72847 -1.33192 1.63297 0.104697 2.02223 -0.117304 -0.00629435 0.00743877 0.139811 0.00710707 0.000147234 -0.0574121 0.00247959 0.00171664 0.152781 -0.105329 -0.00565712 
22 0 0.0521504 -1.18235 -1.48686 1.53863 -1.72847 -1.33154 1.63336 0.105081 2.02223 -0.117304 -0.00629435 0.00743877 0.139811 0.00710707 0.000147234 -0.0574121 0.00247959 0.00133516 0.152781 -0.105329 -0.00565712 
22 0 0.0521504 -1.18197 -1.48686 1.53863 -1.72847 -1.33154 1.63374 0.104697 2.02262 -0.117304 -0.00629435 0.00743877 0.139811 0.00710707 0.000147234 -0.0574121 0.00247959 0.00171664 0.152781 -0.105329 -0.00565712 
22 0 0.0521504 -1.18197 -1.48724 1.53863 -1.72847 -1.33115 1.63412 0.104697 2.02262 -0.117304 -0.00629435 0.00743877 0.139811 0.00710707 0.000147234 -0.0574121 0.00247959 0.00171664 0.152781 -0.105329 -0.00565712 
22 0 0.0521504 -1.18197 -1.48686 1.53863 -1.72847 -1.33115 1.63412 0.105081 2.02262 -0.117304 -0.00629435 0.00743877 0.139811 0.00710707 0.000147234 -0.0577935 0.00247959 0.00171664 0.152781 -0.105329 -0.00565712 
22 0 0.0521504 -1.18197 -1.48686 1.53825 -1.72847 -1.33115 1.63489 0.104697 2.02262 -0.117304 -0.00629435 0.00743877 0.139811 0.00710707 0.000147234 -0.0577935 0.00247959 0.00171664 0.152781 -0.105329 -0.00565712 
22 0 0.0521504 -1.18197 -1.48686 1.53863 -1.72847 -1.33077 1.63527 0.104697 2.02262 -0.117304 -0.00629435 0.00743877 0.139811 0.00710707 0.000147234 -0.0574121 0.00247959 0.00171664 0.152781 -0.105329 -0.00565712 
22 0 0.0521504 -1.18197 -1.48686 1.53825 -1.72847 -1.33077 1.63566 0.104697 2.02262 -0.117304 -0.00629435 0.00743877 0.139811 0.00730771 0.000507978 -0.0574121 0.00247959 0.00171664 0.152781 -0.105329 -0.00565712 
22 0 0.0521504 -1.18197 -1.48686 1.53863 -1.72847 -1.33077 1.63566 0.104697 2.02262 -0.117304 -0.00629435 0.00743877 0.139811 0.00730765 0.000508229 -0.0574121 0.00247959 0.00171664 0.152781 -0.105329 -0.00565712 
22 0 0.0521504 -1.18197 -1.48686 1.53863 -1.72847 -1.33077 1.63604 0.104697 2.02262 -0.117304 -0.00629435 0.00743877 0.139811 0.00730765 0.000508229 -0.0574121 0.00247959 0.00171664 0.152781 -0.105329 -0.00565712 
22 0 0.0521504 -1.18197 -1.48686 1.53863 -1.72847 -1.33077 1.63642 0.104697 2.02262 -0.117304 -0.00629435 0.00743877 0.139811 0.00730765 0.000508229 -0.0574121 0.00247959 0.00171664 0.152781 -0.105329 -0.00565712 
22 0 0.0521504 -1.18197 -1.48686 1.53863 -1.72847 -1.33077 1.63681 0.104697 2.02262 -0.117304 -0.00629435 0.00743877 0.139811 0.00730765 0.000508229 -0.0574121 0.00247959 0.00171664 0.152781 -0.105329 -0.00565712 
22 0 0.0521504 -1.18197 -1.48686 1.53863 -1.72847 -1.33077 1.63757 0.104697 2.02262 -0.117304 -0.00629435 0.00743877 0.139811 0.00730765 0.000508229 -0.0577935 0.00247959 0.00171664 0.152781 -0.105535 -0.00526022 
22 0 0.0521504 -1.18197 -1.48686 1.53863 -1.72847 -1.33077 1.63796 0.104697 2.02262 -0.117304 -0.00629435 0.00743877 0.139811 0.00730765 0.000508229 -0.0577935 0.00247959 0.00171664 0.152781 -0.105536 -0.00526055 
22 0 0.0521504 -1.18197 -1.48686 1.53863 -1.72847 -1.33077 1.63834 0.104697 2.02262 -0.117304 -0.00629435 0.00743877 0.139811 0.00730765 0.000508229 -0.0574121 0.00247959 0.00171664 0.152399 -0.105536 -0.00526055 
22 0 0.0521504 -1.18197 -1.48686 1.53863 -1.72847 -1.33077 1.63873 0.104697 2.02262 -0.117304 -0.00629435 0.00743877 0.139811 0.00730765 0.000508229 -0.0574121 0.00247959 0.00171664 0.152399 -0.105536 -0.00526055 
22 0 0.0521504 -1.18197 -1.48686 1.53863 -1.72847 -1.33077 1.63911 0.104697 2.02262 -0.117304 -0.00629435 0.00743877 0.139811 0.00730765 0.000508229 -0.0574121 0.00247959 0.00171664 0.152399 -0.105536 -0.00526055 
22 0 0.0521504 -1.18197 -1.48686 1.53863 -1.72847 -1.33077 1.63988 0.104697 2.02262 -0.117304 -0.00629435 0.00743877 0.139811 0.00730765 0.000508229 -0.0574121 0.00247959 0.00171664 0.152399 -0.105536 -0.00526055 
22 0 0.0521504 -1.18197 -1.48686 1.53825 -1.72847 -1.33077 1.64026 0.104697 2.02262 -0.117304 -0.00629435 0.00743877 0.139811 0.00730765 0.000508229 -0.0574121 0.00247959 0.00171664 0.152399 -0.105536 -0.00526055 
22 0 0.0521504 -1.18197 -1.48686 1.53863 -1.72847 -1.33077 1.64064 0.104697 2.02262 -0.117304 -0.00629435 0.00743877 0.139811 0.00730765 0.000508229 -0.0574121 0.00247959 0.00171664 0.152399 -0.105536 -0.00526055 
22 0 0.0521504 -1.18197 -1.48686 1.53863 -1.72847 -1.33077 1.64103 0.104697 2.02262 -0.117304 -0.00629435 0.00743877 0.139429 0.00730765 0.000508229 -0.0574121 0.00247959 0.00171664 0.152399 -0.105536 -0.00526055 
22 0 0.0521504 -1.18197 -1.48686 1.53863 -1.72847 -1.33077 1.64141 0.104697 2.02262 -0.117304 -0.00629435 0.00743877 0.139429 0.00730765 0.000508229 -0.0574121 0.00247959 0.00171664 0.152018 -0.105536 -0.00526055 
22 0 0.0521504 -1.18197 -1.48686 1.53825 -1.72847 -1.33077 1.64218 0.104697 2.02262 -0.117304 -0.00629435 0.00743877 0.139429 0.00730765 0.000508229 -0.0574121 0.00247959 0.00171664 0.152018 -0.105536 -0.00526055 
22 0 0.0521504 -1.18197 -1.48686 1.53863 -1.72847 -1.33077 1.64256 0.104697 2.02262 -0.117304 -0.00629435 0.00743877 0.139429 0.00730765 0.000508229 -0.0574121 0.00247959 0.00171664 0.152018 -0.105536 -0.00526055 
22 0 0.0521504 -1.18197 -1.48686 1.53825 -1.72847 -1.33077 1.64294 0.104697 2.02262 -0.117304 -0.00629435 0.00743877 0.139429 0.00730765 0.000508229 -0.0574121 0.00247959 0.00171664 0.152018 -0.105536 -0.00526055 
22 0 0.0521504 -1.18197 -1.48686 1.53863 -1.72847 -1.33115 1.64333 0.104697 2.02262 -0.117304 -0.00629435 0.00743877 0.139429 0.00730765 0.000508229 -0.0574121 0.00247959 0.00171664 0.152018 -0.105536 -0.00526055 
22 0 0.0521504 -1.18235 -1.48686 1.53863 -1.72847 -1.33115 1.64371 0.104697 2.02223 -0.117304 -0.00629435 0.00743877 0.139429 0.00730765 0.000508229 -0.0574121 0.00247959 0.00171664 0.152018 -0.105536 -0.00526055 
22 0 0.0521504 -1.18235 -1.48686 1.53863 -1.72847 -1.33115 1.64409 0.104697 2.02262 -0.117304 -0.00629435 0.00743877 0.139429 0.00730765 0.000508229 -0.0574121 0.00247959 0.00171664 0.151637 -0.105536 -0.00526055 
22 0 0.0521504 -1.18197 -1.48686 1.53863 -1.72847 -1.33115 1.64448 0.104697 2.02262 -0.117304 -0.00629435 0.00743877 0.139429 0.00730765 0.000508229 -0.0574121 0.00247959 0.00171664 0.151637 -0.105536 -0.00526055 
22 0 0.0521504 -1.18197 -1.48686 1.53863 -1.72847 -1.33115 1.64486 0.104697 2.02262 -0.117304 -0.00629435 0.00743877 0.139048 0.00730765 0.000508229 -0.0574121 0.00247959 0.00171664 0.151637 -0.105536 -0.00526055 
22 0 0.0521504 -1.18197 -1.48686 1.53863 -1.72847 -1.33154 1.64486 0.104697 2.02262 -0.117304 -0.00629435 0.00743877 0.139048 0.00730765 0.000508229 -0.0574121 0.00247959 0.00171664 0.151637 -0.105536 -0.00526055 
22 0 0.0521504 -1.18197 -1.48686 1.53863 -1.72847 -1.33154 1.64524 0.104697 2.02223 -0.117304 -0.00629435 0.00743877 0.138666 0.00730765 0.000508229 -0.0574121 0.00247959 0.00171664 0.151637 -0.105536 -0.00526055 
22 0 0.0521504 -1.18197 -1.48686 1.53863 -1.72847 -1.33115 1.64563 0.104697 2.02223 -0.117304 -0.00629435 0.00743877 0.138666 0.00730765 0.000508229 -0.0574121 0.00247959 0.00171664 0.151637 -0.105536 -0.00526055 
22 0 0.0521504 -1.18197 -1.48686 1.53825 -1.72847 -1.33154 1.64601 0.104697 2.02223 -0.117304 -0.00629435 0.00743877 0.138285 0.00730765 0.000508229 -0.0574121 0.00247959 0.00171664 0.151637 -0.105536 -0.00526055 
22 0 0.0521504 -1.18197 -1.48686 1.53863 -1.72847 -1.33154 1.64601 0.104697 2.02223 -0.117304 -0.00629435 0.00743877 0.137903 0.00730765 0.000508229 -0.0574121 0.00247959 0.00171664 0.151637 -0.105536 -0.00526055 
22 0 0.0521504 -1.18197 -1.48686 1.53825 -1.72847 -1.33192 1.6464 0.104697 2.02223 -0.117304 -0.00629435 0.00743877 0.137903 0.00730765 0.000508229 -0.0574121 0.00247959 0.00171664 0.151637 -0.105536 -0.00526055 
22 0 0.0521504 -1.18197 -1.48686 1.53863 -1.72847 -1.33192 1.6464 0.104697 2.02223 -0.116922 -0.00629435 0.00743877 0.137522 0.00730765 0.000508229 -0.0574121 0.00247959 0.00171664 0.151637 -0.105536 -0.00526055 
22 0 0.0521504 -1.18235 -1.48686 1.53863 -1.72847 -1.33192 1.6464 0.104697 2.02262 -0.116922 -0.00629435 0.00743877 0.13714 0.00730765 0.000508229 -0.0574121 0.00247959 0.00171664 0.151637 -0.105536 -0.00526055 
22 0 0.0521504 -1.18197 -1.48686 1.53863 -1.72847 -1.33192 1.6464 0.105081 2.02223 -0.116922 -0.00629435 0.00743877 0.136378 0.00730765 0.000508229 -0.0574121 0.00247959 0.00171664 0.151637 -0.10579 -0.00568746 
22 0 0.0521504 -1.18197 -1.48686 1.53863 -1.72847 -1.33192 1.6464 0.105081 2.02223 -0.116541 -0.00629435 0.00743877 0.135996 0.00730765 0.000508229 -0.0574121 0.00247959 0.00171664 0.151637 -0.10579 -0.0056874 
22 0 0.0521504 -1.18197 -1.48686 1.53825 -1.72847 -1.33192 1.6464 0.105081 2.02262 -0.116541 -0.00629435 0.00743877 0.135996 0.00730765 0.000508229 -0.0574121 0.00247959 0.00171664 0.151637 -0.10579 -0.0056874 
22 0 0.0521504 -1.18197 -1.48686 1.53825 -1.72847 -1.3323 1.6464 0.105081 2.02262 -0.116159 -0.00629435 0.00743877 0.135615 0.00730765 0.000508229 -0.0574121 0.00247959 0.00171664 0.151637 -0.10579 -0.0056874 
22 0 0.0521504 -1.18197 -1.48686 1.53825 -1.72847 -1.3323 1.6464 0.105081 2.02262 -0.115778 -0.00629435 0.00743877 0.134852 0.00730765 0.000508229 -0.0574121 0.00247959 0.00171664 0.151637 -0.10579 -0.0056874 
22 0 0.0521504 -1.18197 -1.48686 1.53863 -1.72847 -1.3323 1.6464 0.105081 2.02262 -0.115396 -0.00629435 0.00743877 0.13447 0.00730765 0.000508229 -0.0574121 0.00247959 0.00171664 0.151637 -0.10579 -0.0056874 
22 0 0.0521504 -1.18197 -1.48686 1.53863 -1.72847 -1.3323 1.6464 0.105081 2.02262 -0.115396 -0.00629435 0.00743877 0.13447 0.00730765 0.000508229 -0.0574121 0.00247959 0.00171664 0.151637 -0.10579 -0.0056874 
22 0 0.0521504 -1.18235 -1.48686 1.53825 -1.72847 -1.3323 1.6464 0.105081 2.02262 -0.115015 -0.00629435 0.00743877 0.133707 0.00730765 0.000508229 -0.0574121 0.00247959 0.00171664 0.151255 -0.10579 -0.0056874 
22 0 0.0521504 -1.18197 -1.48686 1.53863 -1.72847 -1.33269 1.6464 0.105081 2.02223 -0.114633 -0.00629435 0.00743877 0.133326 0.00730765 0.000508229 -0.0574121 0.00247959 0.00171664 0.151255 -0.10579 -0.0056874 
22 0 0.0521504 -1.18197 -1.48686 1.53863 -1.72847 -1.33269 1.6464 0.105081 2.02262 -0.114633 -0.00629435 0.00743877 0.132944 0.00730765 0.000508229 -0.0574121 0.00247959 0.00171664 0.151255 -0.10579 -0.0056874 
22 0 0.0521504 -1.18197 -1.48686 1.53863 -1.72847 -1.33269 1.6464 0.105081 2.02262 -0.114252 -0.00629435 0.00743877 0.132563 0.00730765 0.000508229 -0.0574121 0.00247959 0.00171664 0.151255 -0.10579 -0.0056874 
22 0 0.0521504 -1.18197 -1.48686 1.53825 -1.72847 -1.33307 1.6464 0.105081 2.02223 -0.11387 -0.00629435 0.0070573 0.132181 0.00730765 0.000508229 -0.0574121 0.00247959 0.00171664 0.151255 -0.10579 -0.0056874 
22 0 0.0521504 -1.18197 -1.48686 1.53863 -1.72847 -1.33307 1.64601 0.105081 2.02262 -0.11387 -0.00629435 0.00743877 0.1318 0.00730765 0.000508229 -0.0574121 0.00247959 0.00171664 0.150874 -0.10579 -0.0056874 
22 0 0.0521504 -1.18197 -1.48686 1.53863 -1.72847 -1.33307 1.64601 0.105081 2.02223 -0.113489 -0.00629435 0.00743877 0.131418 0.00730765 0.000508229 -0.0574121 0.00247959 0.00171664 0.150874 -0.10579 -0.0056874 
22 0 0.0521504 -1.18197 -1.48686 1.53863 -1.72847 -1.33345 1.64601 0.105081 2.02262 -0.113489 -0.00629435 0.00743877 0.131037 0.00730765 0.000508229 -0.0574121 0.00247959 0.00171664 0.150874 -0.10579 -0.0056874 
22 0 0.0521504 -1.18197 -1.48686 1.53863 -1.72847 -1.33345 1.64563 0.105081 2.02223 -0.113108 -0.00629435 0.00743877 0.130655 0.0075576 0.000120639 -0.0574121 0.00247959 0.00171664 0.150492 -0.10579 -0.0056874 
22 0 0.0521504 -1.18197 -1.48686 1.53863 -1.72847 -1.33345 1.64563 0.105081 2.02262 -0.113108 -0.00629435 0.00743877 0.130274 0.0075577 0.000120571 -0.0574121 0.00247959 0.00171664 0.150492 -0.10579 -0.0056874 
22 0 0.0521504 -1.18235 -1.48686 1.53863 -1.72847 -1.33384 1.64563 0.105081 2.02223 -0.112726 -0.00629435 0.00743877 0.129892 0.0075577 0.000120571 -0.0574121 0.00247959 0.00171664 0.150492 -0.10579 -0.0056874 
22 0 0.0521504 -1.18197 -1.48686 1.53825 -1.72847 -1.33384 1.64524 0.105081 2.02262 -0.112345 -0.00629435 0.00743877 0.129511 0.0075577 0.000120571 -0.0574121 0.00247959 0.00171664 0.150492 -0.10579 -0.0056874 
22 0 0.0521504 -1.18235 -1.48686 1.53863 -1.72847 -1.33422 1.64486 0.105081 2.02223 -0.112345 -0.00629435 0.00743877 0.128748 0.0075577 0.000120571 -0.0574121 0.00247959 0.00171664 0.150111 -0.10579 -0.0056874 
22 0 0.0521504 -1.18235 -1.48686 1.53863 -1.72847 -1.33422 1.64486 0.104697 2.02262 -0.111963 -0.00629435 0.00743877 0.128367 0.0075577 0.000120571 -0.0574121 0.00247959 0.00171664 0.150111 -0.10579 -0.0056874 
22 0 0.0521504 -1.18197 -1.48686 1.53863 -1.72847 -1.33422 1.64486 0.105081 2.02262 -0.111963 -0.00629435 0.00743877 0.127985 0.0075577 0.000120571 -0.0574121 0.00247959 0.00171664 0.150111 -0.10579 -0.0056874 
22 0 0.0521504 -1.18197 -1.48686 1.53863 -1.72847 -1.33422 1.64486 0.104697 2.02262 -0.111963 -0.00629435 0.00743877 0.127604 0.0078077 -0.000266882 -0.0574121 0.00247959 0.00171664 0.150111 -0.10579 -0.0056874 
22 0 0.0521504 -1.18235 -1.48686 1.53863 -1.72847 -1.3346 1.64486 0.104697 2.02223 -0.111582 -0.00629435 0.00743877 0.127222 0.0078078 -0.00026695 -0.0574121 0.00247959 0.00171664 0.150111 -0.10579 -0.0056874 
22 0 0.0521504 -1.18235 -1.48686 1.53825 -1.72847 -1.3346 1.64448 0.104697 2.02262 -0.111582 -0.00629435 0.00743877 0.126841 0.0078078 -0.00026695 -0.0574121 0.00247959 0.00171664 0.150111 -0.10579 -0.0056874 
22 0 0.0521504 -1.18235 -1.48686 1.53825 -1.72847 -1.3346 1.64448 0.104697 2.02262 -0.111582 -0.00629435 0.00743877 0.126841 0.0078078 -0.00026695 -0.0574121 0.00247959 0.00171664 0.150111 -0.10579 -0.0056874 
22 0 0.0521504 -1.18235 -1.48686 1.53863 -1.72847 -1.3346 1.64448 0.104697 2.02223 -0.1112 -0.00629435 0.00743877 0.126459 0.0078078 -0.00026695 -0.0574121 0.00247959 0.00171664 0.150111 -0.10579 -0.0056874 
22 0 0.0521504 -1.18235 -1.48686 1.53863 -1.72847 -1.33499 1.64409 0.104697 2.02262 -0.1112 -0.00629435 0.00743877 0.126078 0.0078078 -0.00026695 -0.0574121 0.00247959 0.00171664 0.150111 -0.10579 -0.0056874 
22 0 0.0521504 -1.18235 -1.48686 1.53863 -1.72847 -1.33499 1.64409 0.104697 2.02223 -0.1112 -0.00629435 0.00743877 0.125696 0.0078078 -0.00026695 -0.0574121 0.00247959 0.00171664 0.150111 -0.10579 -0.0056874 
22 0 0.0521504 -1.18235 -1.48686 1.53825 -1.72847 -1.33499 1.64371 0.104697 2.02223 -0.1112 -0.00629435 0.00743877 0.125696 0.0078078 -0.00026695 -0.0574121 0.00247959 0.00171664 0.150111 -0.10579 -0.0056874 
22 0 0.0521504 -1.18235 -1.48686 1.53863 -1.72847 -1.33537 1.64371 0.104697 2.02223 -0.1112 -0.00629435 0.00743877 0.125315 0.0078078 -0.00026695 -0.0574121 0.00247959 0.00171664 0.150111 -0.10579 -0.0056874 
22 0 0.0521504 -1.18235 -1.48686 1.53863 -1.72847 -1.33537 1.64371 0.104697 2.02223 -0.1112 -0.00629435 0.00743877 0.125315 0.0078078 -0.00026695 -0.0574121 0.00247959 0.00171664 0.149729 -0.10579 -0.0056874 
22 0 0.0521504 -1.18235 -1.48686 1.53863 -1.72847 -1.33537 1.64371 0.104697 2.02223 -0.1112 -0.00629435 0.00743877 0.125315 0.00805787 -0.000654266 -0.0574121 0.00247959 0.00171664 0.149729 -0.10579 -0.0056874 
22 0 0.0521504 -1.18235 -1.48686 1.53825 -1.72847 -1.33537 1.64333 0.104697 2.02262 -0.1112 -0.00629435 0.00743877 0.125315 0.00805796 -0.000654334 -0.0574121 0.00247959 0.00171664 0.149729 -0.10579 -0.0056874 
22 0 0.0521504 -1.18235 -1.48686 1.53825 -1.72847 -1.33575 1.64333 0.104697 2.02223 -0.1112 -0.00629435 0.00743877 0.125315 0.00805796 -0.000654334 -0.0574121 0.00247959 0.00171664 0.149729 -0.10579 -0.0056874 
22 0 0.0521504 -1.18235 -1.48686 1.53863 -1.72847 -1.33575 1.64333 0.104697 2.02223 -0.1112 -0.00629435 0.00743877 0.125315 0.0078077 -0.000266882 -0.0574121 0.00247959 0.00171664 0.149729 -0.10579 -0.0056874 
22 0 0.0521504 -1.18235 -1.48686 1.53825 -1.72847 -1.33575 1.64294 0.104314 2.02223 -0.1112 -0.00629435 0.00743877 0.125696 0.0078078 -0.00026695 -0.0574121 0.00247959 0.00171664 0.149729 -0.10579 -0.0056874 
22 0 0.0521504 -1.18235 -1.48686 1.53825 -1.72847 -1.33537 1.64294 0.104314 2.02223 -0.1112 -0.00629435 0.00743877 0.125696 0.0078078 -0.00026695 -0.0574121 0.00247959 0.00171664 0.149729 -0.10579 -0.0056874 
22 0 0.0521504 -1.18235 -1.48686 1.53825 -1.72847 -1.33575 1.64294 0.104314 2.02223 -0.1112 -0.00629435 0.00743877 0.125696 0.0078078 -0.00026695 -0.0574121 0.00247959 0.00171664 0.149729 -0.10579 -0.0056874 
22 0 0.0521504 -1.18197 -1.48686 1.53863 -1.72847 -1.33575 1.64294 0.104314 2.02223 -0.1112 -0.00629435 0.00743877 0.125696 0.0078078 -0.00026695 -0.0574121 0.00247959 0.00171664 0.149729 -0.10579 -0.0056874 
22 0 0.0521504 -1.18235 -1.48686 1.53863 -1.72847 -1.33575 1.64294 0.104314 2.02223 -0.1112 -0.00629435 0.00743877 0.126078 0.0078078 -0.00026695 -0.0574121 0.00247959 0.00171664 0.149729 -0.10579 -0.0056874 
22 0 0.0521504 -1.18235 -1.48686 1.53825 -1.72847 -1.33575 1.64294 0.104314 2.02223 -0.1112 -0.00629435 0.00743877 0.126078 0.0078078 -0.00026695 -0.0574121 0.00247959 0.00171664 0.149729 -0.10579 -0.0056874 
22 0 0.0521504 -1.18235 -1.48686 1.53863 -1.72847 -1.33575 1.64294 0.104314 2.02223 -0.1112 -0.00629435 0.00743877 0.126078 0.0078078 -0.00026695 -0.0574121 0.00247959 0.00171664 0.149729 -0.10579 -0.0056874 
22 0 0.0521504 -1.18235 -1.48686 1.53825 -1.72847 -1.33575 1.64294 0.104314 2.02185 -0.1112 -0.00629435 0.00743877 0.126078 0.0078078 -0.00026695 -0.0574121 0.00247959 0.00171664 0.149729 -0.10579 -0.0056874 
22 0 0.0521504 -1.18235 -1.48686 1.53863 -1.72847 -1.33575 1.64294 0.104314 2.02185 -0.1112 -0.00629435 0.00743877 0.126078 0.0078078 -0.00026695 -0.0574121 0.00247959 0.00171664 0.149729 -0.10579 -0.0056874 
22 0 0.0521504 -1.18235 -1.48647 1.53863 -1.72847 -1.33575 1.64294 0.104314 2.02185 -0.1112 -0.00629435 0.00743877 0.126078 0.0078078 -0.00026695 -0.0574121 0.00247959 0.00171664 0.149729 -0.10579 -0.0056874 
22 0 0.0521504 -1.18235 -1.48686 1.53863 -1.72847 -1.33575 1.64294 0.104314 2.02185 -0.1112 -0.00629435 0.00743877 0.126078 0.0078078 -0.00026695 -0.0574121 0.00247959 0.00171664 0.149729 -0.10579 -0.0056874 
22 0 0.0521504 -1.18235 -1.48647 1.53863 -1.72847 -1.33575 1.64294 0.104314 2.02185 -0.1112 -0.00629435 0.00743877 0.126078 0.0078078 -0.00026695 -0.0574121 0.00247959 0.00171664 0.149729 -0.10579 -0.0056874 
22 0 0.0521504 -1.18235 -1.48686 1.53863 -1.72847 -1.33575 1.64294 0.10393 2.02185 -0.1112 -0.00629435 0.00743877 0.126078 0.0078078 -0.00026695 -0.0574121 0.00247959 0.00171664 0.149729 -0.10579 -0.0056874 
22 0 0.0521504 -1.18235 -1.48647 1.53863 -1.72847 -1.33575 1.64294 0.104314 2.02185 -0.1112 -0.00629435 0.00743877 0.126078 0.0078078 -0.00026695 -0.0574121 0.00247959 0.00171664 0.149729 -0.10579 -0.0056874 
22 0 0.0521504 -1.18235 -1.48647 1.53863 -1.72847 -1.33575 1.64294 0.10393 2.02185 -0.1112 -0.00629435 0.00743877 0.126078 0.0078078 -0.00026695 -0.0574121 0.00247959 0.00171664 0.149729 -0.10579 -0.0056874 
22 0 0.0521504 -1.18197 -1.48647 1.53863 -1.72847 -1.33575 1.64294 0.104314 2.02185 -0.1112 -0.00629435 0.00743877 0.126078 0.0078078 -0.00026695 -0.0574121 0.00247959 0.00171664 0.149729 -0.106045 -0.00611447 
22 0 0.0521504 -1.18235 -1.48647 1.53863 -1.72847 -1.33575 1.64294 0.104314 2.02185 -0.1112 -0.00629435 0.00743877 0.126078 0.0078078 -0.00026695 -0.0574121 0.00247959 0.00171664 0.149729 -0.106045 -0.00611441 
22 0 0.0521504 -1.18235 -1.48647 1.53863 -1.72847 -1.33575 1.64333 0.104314 2.02185 -0.1112 -0.00629435 0.00743877 0.126078 0.0078078 -0.00026695 -0.0574121 0.00247959 0.00171664 0.149729 -0.106045 -0.00611441 
22 0 0.0521504 -1.18235 -1.48647 1.53863 -1.72847 -1.33575 1.64294 0.104314 2.02185 -0.1112 -0.00629435 0.00743877 0.126078 0.0078078 -0.00026695 -0.0574121 0.00247959 0.00171664 0.149729 -0.106045 -0.00611441 
22 0 0.0521504 -1.18235 -1.48647 1.53863 -1.72847 -1.33575 1.64294 0.104314 2.02185 -0.1112 -0.00629435 0.00743877 0.126078 0.0078078 -0.00026695 -0.0574121 0.00247959 0.00171664 0.149729 -0.106045 -0.00611441 
22 0 0.0521504 -1.18235 -1.48647 1.53863 -1.72847 -1.33575 1.64294 0.104314 2.02185 -0.1112 -0.00629435 0.00743877 0.126078 0.0078078 -0.00026695 -0.0574121 0.00247959 0.00171664 0.149729 -0.106045 -0.00611441 
22 0 0.0521504 -1.18235 -1.48686 1.53863 -1.72847 -1.33575 1.64294 0.104314 2.02185 -0.1112 -0.00629435 0.00743877 0.126078 0.0078078 -0.00026695 -0.0574121 0.00247959 0.00171664 0.149729 -0.106045 -0.00611441 
22 0 0.0521504 -1.18235 -1.48647 1.53863 -1.72847 -1.33575 1.64294 0.104314 2.02185 -0.1112 -0.00629435 0.00743877 0.126078 0.0078078 -0.00026695 -0.0574121 0.00247959 0.00171664 0.149729 -0.106045 -0.00611441 
22 0 0.0521504 -1.18235 -1.48647 1.53863 -1.72847 -1.33575 1.64294 0.104314 2.02185 -0.1112 -0.00629435 0.00743877 0.126078 0.0078078 -0.00026695 -0.0574121 0.00247959 0.00171664 0.149729 -0.106045 -0.00611441 
22 0 0.0521504 -1.18235 -1.48686 1.53863 -1.72847 -1.33575 1.64294 0.104314 2.02185 -0.1112 -0.00629435 0.00743877 0.126078 0.0078078 -0.00026695 -0.0574121 0.00247959 0.00171664 0.149729 -0.106045 -0.00611441 
22 0 0.0521504 -1.18235 -1.48686 1.53825 -1.72847 -1.33575 1.64333 0.104314 2.02185 -0.1112 -0.00629435 0.00743877 0.126078 0.0078078 -0.00026695 -0.0574121 0.00247959 0.00171664 0.149729 -0.106045 -0.00611441 
22 0 0.0521504 -1.18235 -1.48686 1.53863 -1.72847 -1.33575 1.64333 0.104697 2.02185 -0.1112 -0.00629435 0.00743877 0.126078 0.0078078 -0.00026695 -0.0574121 0.00247959 0.00171664 0.149729 -0.106045 -0.00611441 
22 0 0.0521504 -1.18274 -1.48647 1.53863 -1.72847 -1.33575 1.64333 0.104314 2.02185 -0.1112 -0.00629435 0.00743877 0.126078 0.0078078 -0.00026695 -0.0574121 0.00247959 0.00171664 0.149729 -0.106045 -0.00611441 
22 0 0.0521504 -1.18274 -1.48647 1.53863 -1.72847 -1.33575 1.64333 0.104314 2.02185 -0.1112 -0.00629435 0.00743877 0.126078 0.0078078 -0.00026695 -0.0574121 0.00247959 0.00171664 0.149729 -0.106045 -0.00611441 
22 0 0.0521504 -1.18274 -1.48647 1.53825 -1.72847 -1.33575 1.64333 0.104314 2.02185 -0.1112 -0.00629435 0.00743877 0.126078 0.0078078 -0.00026695 -0.0574121 0.00247959 0.00171664 0.149729 -0.106045 -0.00611441 
22 0 0.0521504 -1.18274 -1.48647 1.53863 -1.72847 -1.33575 1.64333 0.104314 2.02185 -0.1112 -0.00629435 0.00743877 0.126078 0.0078078 -0.00026695 -0.0574121 0.00247959 0.00171664 0.149729 -0.106045 -0.00611441 
22 0 0.0521504 -1.18274 -1.48686 1.53863 -1.72847 -1.33575 1.64333 0.104314 2.02185 -0.1112 -0.00629435 0.00743877 0.126078 0.0078078 -0.00026695 -0.0574121 0.00247959 0.00171664 0.149729 -0.106045 -0.00611441 
22 0 0.0521504 -1.18274 -1.48686 1.53863 -1.72847 -1.33575 1.64333 0.104314 2.02185 -0.1112 -0.00629435 0.00743877 0.126078 0.0078078 -0.00026695 -0.0574121 0.00247959 0.00171664 0.149729 -0.106045 -0.00611441 
22 0 0.0521504 -1.18274 -1.48686 1.53863 -1.72847 -1.33575 1.64333 0.104697 2.02185 -0.1112 -0.00629435 0.00743877 0.126078 0.0078078 -0.00026695 -0.0574121 0.00247959 0.00171664 0.149729 -0.106045 -0.00611441 
22 0 0.0521504 -1.18274 -1.48647 1.53863 -1.72847 -1.33575 1.64333 0.104314 2.02185 -0.1112 -0.00629435 0.00743877 0.126078 0.0078078 -0.00026695 -0.0574121 0.00247959 0.00171664 0.149729 -0.106045 -0.00611441 
22 0 0.0521504 -1.18274 -1.48647 1.53863 -1.72847 -1.33575 1.64333 0.104314 2.02185 -0.1112 -0.00629435 0.00743877 0.126078 0.0078078 -0.00026695 -0.0574121 0.00247959 0.00171664 0.149729 -0.106045 -0.00611441 
22 0 0.0521504 -1.18274 -1.48686 1.53863 -1.72847 -1.33575 1.64333 0.104314 2.02185 -0.1112 -0.00629435 0.00743877 0.126078 0.0078078 -0.00026695 -0.0574121 0.00247959 0.00171664 0.149729 -0.106045 -0.00611441 
22 0 0.0521504 -1.18274 -1.48647 1.53863 -1.72847 -1.33575 1.64333 0.104314 2.02146 -0.1112 -0.00629435 0.00743877 0.126078 0.0078078 -0.00026695 -0.0574121 0.00247959 0.00171664 0.149729 -0.106045 -0.00611441 
22 0 0.0521504 -1.18274 -1.48647 1.53863 -1.72808 -1.33575 1.64333 0.104314 2.02185 -0.1112 -0.00629435 0.00743877 0.126078 0.0078078 -0.00026695 -0.0574121 0.00247959 0.00171664 0.149729 -0.106045 -0.00611441 
22 0 0.0521504 -1.18274 -1.48647 1.53863 -1.72847 -1.33575 1.64333 0.104314 2.02185 -0.1112 -0.00629435 0.00743877 0.126078 0.0078078 -0.00026695 -0.0574121 0.00247959 0.00171664 0.149729 -0.106045 -0.00611441 
22 0 0.0521504 -1.18274 -1.48647 1.53863 -1.72847 -1.33575 1.64333 0.104314 2.02146 -0.1112 -0.00629435 0.00743877 0.126078 0.0078078 -0.00026695 -0.0574121 0.00247959 0.00171664 0.149729 -0.106045 -0.00611441 
22 0 0.0521504 -1.18274 -1.48647 1.53863 -1.72847 -1.33575 1.64333 0.104314 2.02146 -0.1112 -0.00629435 0.00743877 0.126078 0.0078078 -0.00026695 -0.0574121 0.00247959 0.00171664 0.149729 -0.106299 -0.00654164 
22 0 0.0521504 -1.18274 -1.48647 1.53863 -1.72847 -1.33575 1.64294 0.104314 2.02146 -0.1112 -0.00629435 0.00743877 0.126078 0.0078078 -0.00026695 -0.0574121 0.00247959 0.00171664 0.149729 -0.106299 -0.00654158 
22 0 0.0521504 -1.18274 -1.48647 1.53863 -1.72847 -1.33575 1.64333 0.104314 2.02146 -0.1112 -0.00629435 0.00743877 0.126078 0.0078078 -0.00026695 -0.0574121 0.00247959 0.00171664 0.149729 -0.106299 -0.00654158 
22 0 0.0521504 -1.18235 -1.48647 1.53863 -1.72847 -1.33575 1.64294 0.104314 2.02146 -0.1112 -0.00629435 0.00743877 0.126078 0.0078078 -0.00026695 -0.0574121 0.00247959 0.00171664 0.149729 -0.106299 -0.00654158 
22 0 0.0521504 -1.18274 -1.48647 1.53863 -1.72847 -1.33575 1.64333 0.104314 2.02146 -0.1112 -0.00629435 0.00743877 0.126078 0.0078078 -0.00026695 -0.0574121 0.00247959 0.00171664 0.149729 -0.106299 -0.00654158 
22 0 0.0521504 -1.18235 -1.48647 1.53863 -1.72847 -1.33575 1.64294 0.104314 2.02146 -0.1112 -0.00629435 0.00743877 0.126078 0.0078078 -0.00026695 -0.0574121 0.00247959 0.00171664 0.149729 -0.106299 -0.00654158 
22 0 0.0521504 -1.18235 -1.48647 1.53863 -1.72847 -1.33575 1.64294 0.104314 2.02146 -0.1112 -0.00629435 0.00743877 0.126078 0.0078078 -0.00026695 -0.0574121 0.00247959 0.00171664 0.149729 -0.106299 -0.00654158 
22 0 0.0521504 -1.18235 -1.48647 1.53863 -1.72847 -1.33575 1.64294 0.104314 2.02108 -0.1112 -0.00629435 0.00743877 0.126078 0.0078078 -0.00026695 -0.0574121 0.00247959 0.00171664 0.149729 -0.106299 -0.00654158 
22 0 0.0521504 -1.18235 -1.48647 1.53863 -1.72847 -1.33575 1.64294 0.104314 2.02146 -0.1112 -0.00629435 0.00743877 0.126078 0.0078078 -0.00026695 -0.0574121 0.00247959 0.00171664 0.149729 -0.106299 -0.00654158 
22 0 0.0521504 -1.18235 -1.48647 1.53863 -1.72847 -1.33575 1.64294 0.104314 2.02146 -0.1112 -0.00629435 0.00743877 0.126078 0.0078078 -0.00026695 -0.0574121 0.00247959 0.00171664 0.149729 -0.106299 -0.00654158 
22 0 0.0521504 -1.18274 -1.48647 1.53863 -1.72847 -1.33575 1.64294 0.104314 2.02146 -0.1112 -0.00629435 0.00743877 0.126078 0.0078078 -0.00026695 -0.0574121 0.00247959 0.00171664 0.149729 -0.106299 -0.00654158 
22 0 0.0521504 -1.18235 -1.48647 1.53863 -1.72847 -1.33575 1.64294 0.104314 2.02108 -0.1112 -0.00629435 0.00743877 0.126078 0.0078078 -0.00026695 -0.0574121 0.00247959 0.00171664 0.149729 -0.106299 -0.00654158 
22 0 0.0521504 -1.18274 -1.48647 1.53863 -1.72847 -1.33575 1.64294 0.104314 2.02146 -0.1112 -0.00629435 0.00743877 0.126078 0.0078078 -0.00026695 -0.0574121 0.00247959 0.00171664 0.149729 -0.106299 -0.00654158 
22 0 0.0521504 -1.18274 -1.48647 1.53863 -1.72847 -1.33575 1.64294 0.104314 2.02146 -0.1112 -0.00629435 0.00743877 0.126078 0.0078078 -0.00026695 -0.0574121 0.00247959 0.00171664 0.149729 -0.106299 -0.00654158 
22 0 0.0521504 -1.18274 -1.48647 1.53863 -1.72847 -1.33575 1.64294 0.104314 2.02146 -0.1112 -0.00629435 0.00743877 0.126078 0.0078078 -0.00026695 -0.0574121 0.00247959 0.00171664 0.149729 -0.106299 -0.00654158 
22 0 0.0521504 -1.18235 -1.48647 1.53863 -1.72847 -1.33575 1.64294 0.104314 2.02146 -0.1112 -0.00629435 0.00743877 0.126078 0.0078078 -0.00026695 -0.0574121 0.00247959 0.00171664 0.149729 -0.106299 -0.00654158 
22 0 0.0521504 -1.18274 -1.48647 1.53863 -1.72847 -1.33575 1.64294 0.104314 2.02108 -0.1112 -0.00629435 0.00743877 0.126078 0.0078078 -0.00026695 -0.0574121 0.00247959 0.00171664 0.149729 -0.106299 -0.00654158 
22 0 0.0521504 -1.18274 -1.48647 1.53863 -1.72847 -1.33575 1.64294 0.104314 2.02146 -0.1112 -0.00629435 0.00743877 0.126078 0.0078078 -0.00026695 -0.0574121 0.00247959 0.00171664 0.149729 -0.106299 -0.00654158 
22 0 0.0521504 -1.18274 -1.48647 1.53863 -1.72847 -1.33575 1.64294 0.104314 2.02108 -0.1112 -0.00629435 0.00743877 0.126078 0.0078078 -0.00026695 -0.0574121 0.00247959 0.00171664 0.149729 -0.106299 -0.00654158 
22 0 0.0521504 -1.18274 -1.48647 1.53863 -1.72847 -1.33575 1.64294 0.104314 2.02108 -0.1112 -0.00629435 0.00743877 0.126078 0.0078078 -0.00026695 -0.0574121 0.00247959 0.00171664 0.149729 -0.106299 -0.00654158 
22 0 0.0521504 -1.18274 -1.48647 1.53825 -1.72847 -1.33575 1.64294 0.104314 2.02108 -0.1112 -0.00629435 0.00743877 0.126078 0.0078078 -0.00026695 -0.0574121 0.00247959 0.00171664 0.149729 -0.106299 -0.00654158 
22 0 0.0521504 -1.18274 -1.48647 1.53825 -1.72847 -1.33575 1.64294 0.104697 2.02108 -0.1112 -0.00629435 0.00743877 0.126078 0.0078078 -0.00026695 -0.0574121 0.00247959 0.00171664 0.149729 -0.106299 -0.00654158 
22 0 0.0521504 -1.18274 -1.48647 1.53825 -1.72847 -1.33575 1.64294 0.104314 2.0207 -0.1112 -0.00629435 0.00743877 0.126078 0.0078078 -0.00026695 -0.0574121 0.00247959 0.00171664 0.149729 -0.106299 -0.00654158 
22 0 0.0521504 -1.18235 -1.48647 1.53863 -1.72847 -1.33575 1.64294 0.104314 2.0207 -0.1112 -0.00629435 0.00743877 0.126078 0.0078078 -0.00026695 -0.0574121 0.00247959 0.00171664 0.149729 -0.106299 -0.00654158 
22 0 0.0521504 -1.18274 -1.48647 1.53825 -1.72847 -1.33537 1.64294 0.104314 2.0207 -0.1112 -0.00629435 0.00743877 0.126078 0.0078078 -0.00026695 -0.0574121 0.00247959 0.00171664 0.149729 -0.106505 -0.00614456 
22 0 0.0521504 -1.18235 -1.48647 1.53863 -1.72847 -1.33575 1.64294 0.104314 2.0207 -0.1112 -0.00629435 0.00743877 0.126078 0.0078078 -0.00026695 -0.0574121 0.00247959 0.00171664 0.149729 -0.106505 -0.00614489 
22 0 0.0521504 -1.18235 -1.48647 1.53863 -1.72847 -1.33575 1.64294 0.104314 2.0207 -0.1112 -0.00629435 0.00743877 0.126078 0.00760742 -0.000628218 -0.0574121 0.00247959 0.00171664 0.149729 -0.106505 -0.00614489 
22 0 0.0521504 -1.18235 -1.48647 1.53863 -1.72847 -1.33537 1.64294 0.104314 2.0207 -0.1112 -0.00629435 0.00743877 0.126078 0.00780785 -0.000267201 -0.0574121 0.00247959 0.00171664 0.149729 -0.106505 -0.00614489 
22 0 0.0521504 -1.18235 -1.48647 1.53863 -1.72847 -1.33575 1.64294 0.104314 2.02031 -0.1112 -0.00629435 0.00743877 0.126078 0.0078078 -0.00026695 -0.0574121 0.00247959 0.00171664 0.149729 -0.106505 -0.00614489 
22 0 0.0521504 -1.18274 -1.48647 1.53863 -1.72847 -1.33537 1.64294 0.104314 2.02031 -0.1112 -0.00629435 0.00743877 0.126078 0.0078078 -0.00026695 -0.0574121 0.00247959 0.00171664 0.149729 -0.106505 -0.00614489 
22 0 0.0521504 -1.18235 -1.48647 1.53863 -1.72847 -1.33537 1.64294 0.104314 2.02031 -0.1112 -0.00629435 0.00743877 0.126078 0.0078078 -0.00026695 -0.0574121 0.00247959 0.00171664 0.149729 -0.106505 -0.00614489 
22 0 0.0521504 -1.18274 -1.48647 1.53863 -1.72847 -1.33537 1.64294 0.104314 2.02031 -0.1112 -0.00629435 0.00743877 0.126078 0.0078078 -0.00026695 -0.0574121 0.00247959 0.00171664 0.149729 -0.10676 -0.00657228 
22 0 0.0521504 -1.18274 -1.48647 1.53863 -1.72847 -1.33537 1.64294 0.104314 2.02031 -0.1112 -0.00629435 0.00743877 0.126078 0.0078078 -0.00026695 -0.0574121 0.00247959 0.00171664 0.149729 -0.10676 -0.00657222 
22 0 0.0521504 -1.18274 -1.48647 1.53863 -1.72847 -1.33537 1.64294 0.104314 2.01993 -0.1112 -0.00629435 0.00743877 0.126078 0.00760742 -0.000628218 -0.0574121 0.00247959 0.00171664 0.149729 -0.10676 -0.00657222 
22 0 0.0521504 -1.18274 -1.48647 1.53863 -1.72847 -1.33537 1.64294 0.104314 2.01993 -0.1112 -0.00629435 0.00743877 0.126078 0.00780785 -0.000267201 -0.0574121 0.00247959 0.00171664 0.149729 -0.10676 -0.00657222 
22 0 0.0521504 -1.18235 -1.48647 1.53863 -1.72847 -1.33537 1.64294 0.104314 2.01993 -0.1112 -0.00629435 0.00743877 0.126078 0.00760742 -0.000628218 -0.0574121 0.00247959 0.00171664 0.149729 -0.10676 -0.00657222 
22 0 0.0521504 -1.18235 -1.48647 1.53863 -1.72847 -1.33537 1.64294 0.104314 2.01993 -0.1112 -0.00629435 0.00743877 0.126078 0.00760737 -0.000627967 -0.0574121 0.00247959 0.00171664 0.149729 -0.10676 -0.00657222 
22 0 0.0521504 -1.18274 -1.48647 1.53863 -1.72847 -1.33537 1.64294 0.104314 2.01955 -0.1112 -0.00629435 0.00743877 0.126078 0.00760737 -0.000627967 -0.0574121 0.00247959 0.00171664 0.149729 -0.10676 -0.00657222 
22 0 0.0521504 -1.18274 -1.48647 1.53863 -1.72847 -1.33537 1.64294 0.104314 2.01955 -0.1112 -0.00629435 0.00743877 0.126078 0.00780785 -0.000267201 -0.0574121 0.00247959 0.00171664 0.149729 -0.10676 -0.00657222 
22 0 0.0521504 -1.18235 -1.48647 1.53863 -1.72847 -1.33537 1.64294 0.104314 2.01955 -0.1112 -0.00629435 0.00743877 0.126078 0.00760742 -0.000628218 -0.0574121 0.00247959 0.00171664 0.149729 -0.10676 -0.00657222 
22 0 0.0521504 -1.18235 -1.48647 1.53825 -1.72847 -1.33537 1.64294 0.104314 2.01916 -0.1112 -0.00629435 0.00743877 0.126078 0.00760737 -0.000627967 -0.0574121 0.00247959 0.00171664 0.149729 -0.10676 -0.00657222 
22 0 0.0521504 -1.18274 -1.48647 1.53863 -1.72847 -1.33537 1.64333 0.104314 2.01916 -0.111582 -0.00629435 0.00743877 0.126078 0.00760737 -0.000627967 -0.0574121 0.00247959 0.00171664 0.149729 -0.10676 -0.00657222 
22 0 0.0521504 -1.18235 -1.48647 1.53863 -1.72847 -1.33537 1.64294 0.104314 2.01878 -0.111582 -0.00629435 0.00743877 0.126078 0.00760737 -0.000627967 -0.0574121 0.00247959 0.00171664 0.149729 -0.10676 -0.00657222 
22 0 0.0521504 -1.18274 -1.48647 1.53863 -1.72847 -1.33537 1.64294 0.104314 2.01878 -0.111582 -0.00629435 0.00743877 0.126078 0.00760737 -0.000627967 -0.0574121 0.00247959 0.00171664 0.149729 -0.10676 -0.00657222 
22 0 0.0521504 -1.18235 -1.48647 1.53863 -1.72847 -1.33537 1.64294 0.104314 2.0184 -0.111582 -0.00629435 0.00743877 0.126078 0.00760737 -0.000627967 -0.0574121 0.00247959 0.00171664 0.149729 -0.10676 -0.00657222 
22 0 0.0521504 -1.18274 -1.48647 1.53863 -1.72847 -1.33575 1.64333 0.104314 2.01801 -0.111582 -0.00629435 0.00743877 0.126078 0.00760737 -0.000627967 -0.0574121 0.00247959 0.00171664 0.149729 -0.10676 -0.00657222 
22 0 0.0521504 -1.18235 -1.48647 1.53863 -1.72847 -1.33537 1.64294 0.104314 2.01801 -0.111582 -0.00629435 0.00743877 0.126078 0.00760737 -0.000627967 -0.0574121 0.00247959 0.00171664 0.149729 -0.10676 -0.00657222 
22 0 0.0521504 -1.18274 -1.48647 1.53863 -1.72847 -1.33575 1.64294 0.104314 2.01763 -0.111582 -0.00629435 0.00743877 0.126078 0.00760737 -0.000627967 -0.0574121 0.00247959 0.00171664 0.149729 -0.10676 -0.00657222 
22 0 0.0521504 -1.18235 -1.48647 1.53863 -1.72847 -1.33537 1.64294 0.104314 2.01725 -0.111582 -0.00629435 0.00743877 0.126078 0.00760737 -0.000627967 -0.0574121 0.00247959 0.00171664 0.149729 -0.10676 -0.00657222 
22 0 0.0521504 -1.18274 -1.48647 1.53863 -1.72847 -1.33537 1.64294 0.104314 2.01725 -0.111582 -0.00629435 0.00743877 0.126078 0.00760737 -0.000627967 -0.0574121 0.00247959 0.00171664 0.149729 -0.10676 -0.00657222 
22 0 0.0521504 -1.18235 -1.48647 1.53863 -1.72847 -1.33575 1.64294 0.104314 2.01686 -0.111582 -0.00629435 0.00743877 0.126078 0.00760737 -0.000627967 -0.0574121 0.00247959 0.00171664 0.149729 -0.10676 -0.00657222 
22 0 0.0521504 -1.18274 -1.48647 1.53863 -1.72847 -1.33575 1.64294 0.104314 2.01648 -0.111582 -0.00629435 0.00743877 0.126078 0.00760737 -0.000627967 -0.0574121 0.00247959 0.00171664 0.149729 -0.10676 -0.00657222 
22 0 0.0521504 -1.18235 -1.48647 1.53863 -1.72847 -1.33575 1.64294 0.104314 2.01648 -0.111582 -0.00629435 0.00743877 0.126078 0.00760737 -0.000627967 -0.0574121 0.00247959 0.00171664 0.149729 -0.10676 -0.00657222 
22 0 0.0521504 -1.18274 -1.48647 1.53863 -1.72847 -1.33575 1.64294 0.104314 2.0161 -0.111582 -0.00629435 0.00743877 0.126078 0.00760737 -0.000627967 -0.0574121 0.00247959 0.00171664 0.149729 -0.10676 -0.00657222 
22 0 0.0521504 -1.18235 -1.48647 1.53863 -1.72847 -1.33575 1.64333 0.104314 2.01571 -0.111582 -0.00629435 0.00743877 0.126078 0.00760737 -0.000627967 -0.0574121 0.00247959 0.00171664 0.149729 -0.10676 -0.00657222 
22 0 0.0521504 -1.18235 -1.48647 1.53863 -1.72847 -1.33575 1.64294 0.104314 2.01533 -0.111582 -0.00629435 0.00743877 0.126078 0.00760737 -0.000627967 -0.0574121 0.00247959 0.00171664 0.149729 -0.10676 -0.00657222 
22 0 0.0521504 -1.18274 -1.48647 1.53863 -1.72847 -1.33575 1.64294 0.104314 2.01495 -0.111582 -0.00629435 0.00743877 0.126078 0.00760737 -0.000627967 -0.0574121 0.00247959 0.00171664 0.149729 -0.10676 -0.00657222 
22 0 0.0521504 -1.18235 -1.48647 1.53863 -1.72847 -1.33575 1.64294 0.104314 2.01495 -0.111582 -0.00629435 0.00743877 0.126078 0.00760737 -0.000627967 -0.0574121 0.00247959 0.00171664 0.149729 -0.10676 -0.00657222 
22 0 0.0521504 -1.18274 -1.48647 1.53863 -1.72847 -1.33575 1.64294 0.104314 2.01456 -0.111582 -0.00629435 0.00743877 0.126078 0.00760737 -0.000627967 -0.0574121 0.00247959 0.00171664 0.149729 -0.10676 -0.00657222 
22 0 0.0521504 -1.18274 -1.48647 1.53863 -1.72847 -1.33575 1.64294 0.104314 2.01418 -0.111582 -0.00629435 0.00743877 0.126078 0.00760737 -0.000627967 -0.0574121 0.00247959 0.00171664 0.149729 -0.106966 -0.00617505 
22 0 0.0521504 -1.18274 -1.48647 1.53863 -1.72808 -1.33575 1.64294 0.104314 2.01379 -0.111582 -0.00629435 0.00743877 0.126078 0.00760737 -0.000627967 -0.0574121 0.00247959 0.00171664 0.149729 -0.106966 -0.00617538 
22 0 0.0521504 -1.18274 -1.48647 1.53863 -1.72847 -1.33575 1.64333 0.104314 2.01379 -0.111582 -0.00629435 0.00743877 0.126078 0.00760737 -0.000627967 -0.0574121 0.00247959 0.00171664 0.149729 -0.106966 -0.00617538 
22 0 0.0521504 -1.18274 -1.48647 1.53863 -1.72847 -1.33575 1.64294 0.104314 2.01341 -0.111582 -0.00629435 0.00743877 0.126078 0.00760737 -0.000627967 -0.0574121 0.00247959 0.00171664 0.149729 -0.106966 -0.00617538 
22 0 0.0521504 -1.18274 -1.48647 1.53863 -1.72847 -1.33575 1.64294 0.104314 2.01303 -0.111582 -0.00629435 0.00743877 0.126078 0.00760737 -0.000627967 -0.0574121 0.00247959 0.00171664 0.149729 -0.106966 -0.00617538 
22 0 0.0521504 -1.18274 -1.48647 1.53863 -1.72847 -1.33575 1.64333 0.104314 2.01303 -0.111582 -0.00629435 0.00743877 0.126078 0.00760737 -0.000627967 -0.0574121 0.00247959 0.00171664 0.149729 -0.106966 -0.00617538 
22 0 0.0521504 -1.18274 -1.48647 1.53863 -1.72847 -1.33575 1.64294 0.104314 2.01264 -0.111582 -0.00629435 0.00743877 0.125696 0.00760737 -0.000627967 -0.0574121 0.00247959 0.00171664 0.149729 -0.106966 -0.00617538 
22 0 0.0521504 -1.18274 -1.48647 1.53863 -1.72847 -1.33575 1.64294 0.104697 2.01264 -0.111582 -0.00629435 0.00743877 0.126078 0.00760737 -0.000627967 -0.0574121 0.00247959 0.00171664 0.149348 -0.106966 -0.00617538 
22 0 0.0521504 -1.18274 -1.48647 1.53863 -1.72847 -1.33575 1.64294 0.104314 2.01226 -0.111582 -0.00629435 0.00743877 0.126078 0.00760737 -0.000627967 -0.0574121 0.00247959 0.00171664 0.149729 -0.106966 -0.00617538 
22 0 0.0521504 -1.18274 -1.48647 1.53863 -1.72847 -1.33575 1.64294 0.104314 2.01188 -0.111582 -0.00629435 0.00743877 0.126078 0.00760737 -0.000627967 -0.0574121 0.00247959 0.00171664 0.149348 -0.107221 -0.00660293 
22 0 0.0521504 -1.18274 -1.48647 1.53863 -1.72847 -1.33575 1.64294 0.104697 2.01188 -0.111582 -0.00629435 0.00743877 0.126078 0.00760737 -0.000627967 -0.0574121 0.00247959 0.00171664 0.149348 -0.107221 -0.00660287 
22 0 0.0521504 -1.18274 -1.48647 1.53863 -1.72847 -1.33575 1.64294 0.104314 2.01149 -0.111582 -0.00629435 0.00743877 0.126078 0.00760737 -0.000627967 -0.0574121 0.00247959 0.00171664 0.149348 -0.107221 -0.00660287 
22 0 0.0521504 -1.18274 -1.48647 1.53863 -1.72847 -1.33575 1.64294 0.104314 2.01111 -0.111582 -0.00629435 0.00743877 0.125696 0.00760737 -0.000627967 -0.0574121 0.00247959 0.00171664 0.149348 -0.107221 -0.00660287 
22 0 0.0521504 -1.18274 -1.48609 1.53863 -1.72847 -1.33575 1.64294 0.104314 2.01111 -0.111582 -0.00629435 0.00743877 0.125696 0.00760737 -0.000627967 -0.0574121 0.00247959 0.00171664 0.149348 -0.107221 -0.00660287 
22 0 0.0521504 -1.18274 -1.48647 1.53863 -1.72847 -1.33575 1.64294 0.104314 2.01073 -0.111582 -0.00629435 0.00743877 0.125696 0.00760737 -0.000627967 -0.0574121 0.00247959 0.00171664 0.149348 -0.107221 -0.00660287 
22 0 0.0521504 -1.18274 -1.48647 1.53863 -1.72847 -1.33575 1.64294 0.104697 2.01034 -0.111582 -0.00629435 0.00743877 0.125696 0.00760737 -0.000627967 -0.0574121 0.00247959 0.00171664 0.149348 -0.107221 -0.00660287 
22 0 0.0521504 -1.18274 -1.48647 1.53863 -1.72847 -1.33575 1.64294 0.104314 2.01034 -0.111582 -0.00629435 0.00743877 0.125696 0.00760737 -0.000627967 -0.0574121 0.00247959 0.00171664 0.149348 -0.107221 -0.00660287 
22 0 0.0521504 -1.18274 -1.48647 1.53863 -1.72847 -1.33537 1.64294 0.104697 2.00996 -0.111582 -0.00629435 0.00743877 0.125696 0.00760737 -0.000627967 -0.0574121 0.00247959 0.00171664 0.149348 -0.107221 -0.00660287 
22 0 0.0521504 -1.18274 -1.48647 1.53863 -1.72847 -1.33575 1.64294 0.104314 2.00996 -0.111582 -0.00629435 0.00743877 0.125696 0.00760737 -0.000627967 -0.0574121 0.00247959 0.00171664 0.149348 -0.107221 -0.00660287 
22 0 0.0521504 -1.18274 -1.48647 1.53863 -1.72847 -1.33575 1.64294 0.104697 2.00958 -0.111582 -0.00629435 0.00743877 0.125696 0.00760737 -0.000627967 -0.0574121 0.00247959 0.00171664 0.149348 -0.107221 -0.00660287 
22 0 0.0521504 -1.18274 -1.48647 1.53863 -1.72847 -1.33575 1.64294 0.104314 2.00919 -0.111582 -0.00629435 0.00743877 0.125696 0.00760737 -0.000627967 -0.0574121 0.00247959 0.00171664 0.149348 -0.107221 -0.00660287 
22 0 0.0521504 -1.18274 -1.48647 1.53863 -1.72847 -1.33575 1.64294 0.104314 2.00919 -0.111582 -0.00629435 0.00743877 0.125696 0.00760737 -0.000627967 -0.0574121 0.00247959 0.00171664 0.149348 -0.107221 -0.00660287 
22 0 0.0521504 -1.18274 -1.48647 1.53863 -1.72847 -1.33575 1.64294 0.104314 2.00881 -0.111582 -0.00629435 0.00743877 0.125696 0.00760737 -0.000627967 -0.0574121 0.00247959 0.00171664 0.149348 -0.107221 -0.00660287 
22 0 0.0521504 -1.18274 -1.48647 1.53863 -1.72847 -1.33575 1.64333 0.104314 2.00881 -0.111582 -0.00629435 0.00743877 0.125696 0.00760737 -0.000627967 -0.0574121 0.00247959 0.00171664 0.149348 -0.107221 -0.00660287 
22 0 0.0521504 -1.18274 -1.48647 1.53863 -1.72847 -1.33575 1.64294 0.104314 2.00881 -0.111582 -0.00629435 0.00743877 0.125696 0.00760737 -0.000627967 -0.0574121 0.00247959 0.00171664 0.149348 -0.107221 -0.00660287 
22 0 0.0521504 -1.18274 -1.48647 1.53863 -1.72847 -1.33575 1.64294 0.104697 2.00843 -0.111582 -0.00629435 0.00743877 0.125696 0.00760737 -0.000627967 -0.0574121 0.00247959 0.00171664 0.149348 -0.107221 -0.00660287 
22 0 0.0521504 -1.18312 -1.48647 1.53863 -1.72847 -1.33575 1.64294 0.104314 2.00843 -0.111582 -0.00629435 0.00743877 0.125696 0.00760737 -0.000627967 -0.0574121 0.00247959 0.00171664 0.149348 -0.107221 -0.00660287 
22 0 0.0521504 -1.18274 -1.48647 1.53863 -1.72847 -1.33575 1.64294 0.104314 2.00804 -0.111582 -0.00629435 0.00743877 0.125696 0.00760737 -0.000627967 -0.0574121 0.00247959 0.00171664 0.149348 -0.107427 -0.00620553 
22 0 0.0521504 -1.18312 -1.48647 1.53863 -1.72847 -1.33575 1.64294 0.104697 2.00804 -0.111582 -0.00629435 0.00743877 0.125696 0.00760737 -0.000627967 -0.0574121 0.00247959 0.00171664 0.149348 -0.107427 -0.00620586 
22 0 0.0521504 -1.18312 -1.48647 1.53863 -1.72847 -1.33575 1.64294 0.104314 2.00804 -0.111582 -0.00629435 0.00743877 0.125696 0.00760737 -0.000627967 -0.0574121 0.00247959 0.00171664 0.149348 -0.107427 -0.00620586 
22 0 0.0521504 -1.18312 -1.48647 1.53863 -1.72847 -1.33575 1.64294 0.104314 2.00766 -0.111582 -0.00629435 0.00743877 0.125696 0.00760737 -0.000627967 -0.0574121 0.00247959 0.00171664 0.149348 -0.107427 -0.00620586 
22 0 0.0521504 -1.18274 -1.48647 1.53863 -1.72847 -1.33575 1.64294 0.104314 2.00766 -0.111582 -0.00629435 0.00743877 0.125696 0.00760737 -0.000627967 -0.0574121 0.00247959 0.00171664 0.149348 -0.107427 -0.00620586 
22 0 0.0521504 -1.18312 -1.48647 1.53863 -1.72847 -1.33575 1.64333 0.104697 2.00766 -0.111582 -0.00629435 0.00743877 0.125696 0.0073571 -0.000240367 -0.0574121 0.00247959 0.00171664 0.149348 -0.107427 -0.00620586 
22 0 0.0521504 -1.18312 -1.48647 1.53863 -1.72847 -1.33575 1.64294 0.104314 2.00766 -0.111582 -0.00629435 0.00743877 0.125696 0.00735719 -0.000240435 -0.0574121 0.00247959 0.00171664 0.149348 -0.107682 -0.00663359 
22 0 0.0521504 -1.18312 -1.48609 1.53863 -1.72847 -1.33575 1.64294 0.104314 2.00728 -0.111582 -0.00629435 0.00743877 0.125696 0.00735719 -0.000240435 -0.0574121 0.00247959 0.00171664 0.149348 -0.107682 -0.00663354 
22 0 0.0521504 -1.18312 -1.48647 1.53863 -1.72847 -1.33575 1.64294 0.104314 2.00728 -0.111582 -0.00629435 0.00743877 0.125696 0.00735719 -0.000240435 -0.0574121 0.00247959 0.00171664 0.149348 -0.107682 -0.00663354 
22 0 0.0521504 -1.18312 -1.48647 1.53863 -1.72847 -1.33575 1.64294 0.104314 2.00728 -0.111582 -0.00629435 0.00743877 0.125696 0.00735719 -0.000240435 -0.0574121 0.00247959 0.00171664 0.149348 -0.107888 -0.00623604 
22 0 0.0521504 -1.18312 -1.48647 1.53863 -1.72847 -1.33575 1.64294 0.104314 2.00689 -0.111582 -0.00629435 0.00743877 0.125696 0.00735719 -0.000240435 -0.0574121 0.00247959 0.00171664 0.149348 -0.107889 -0.00623637 
22 0 0.0521504 -1.18312 -1.48609 1.53863 -1.72847 -1.33575 1.64294 0.104697 2.00689 -0.111582 -0.00629435 0.00743877 0.125696 0.00735719 -0.000240435 -0.0574121 0.00247959 0.00171664 0.149348 -0.107889 -0.00623637 
22 0 0.0521504 -1.1835 -1.48647 1.53863 -1.72847 -1.33575 1.64294 0.104314 2.00689 -0.111582 -0.00629435 0.00743877 0.125696 0.00735719 -0.000240435 -0.0574121 0.00247959 0.00171664 0.149348 -0.107889 -0.00623637 
22 0 0.0521504 -1.18312 -1.48647 1.53863 -1.72847 -1.33575 1.64294 0.104314 2.00689 -0.111582 -0.00629435 0.00743877 0.125696 0.00735719 -0.000240435 -0.0574121 0.00247959 0.00171664 0.149348 -0.107889 -0.00623637 
22 0 0.0521504 -1.1835 -1.48647 1.53863 -1.72847 -1.33575 1.64333 0.104314 2.00651 -0.111582 -0.00629435 0.00743877 0.125696 0.00735719 -0.000240435 -0.0574121 0.00247959 0.00171664 0.149348 -0.107889 -0.00623637 
22 0 0.0521504 -1.18312 -1.48647 1.53863 -1.72847 -1.33575 1.64294 0.104697 2.00651 -0.111582 -0.00629435 0.00743877 0.125696 0.00735719 -0.000240435 -0.0574121 0.00247959 0.00171664 0.149348 -0.107889 -0.00623637 
22 0 0.0521504 -1.1835 -1.48647 1.53863 -1.72847 -1.33575 1.64294 0.104314 2.00651 -0.111582 -0.00629435 0.00743877 0.125696 0.00735719 -0.000240435 -0.0574121 0.00247959 0.00171664 0.149348 -0.107889 -0.00623637 
22 0 0.0521504 -1.1835 -1.48609 1.53863 -1.72847 -1.33575 1.64294 0.104314 2.00651 -0.111582 -0.00629435 0.00743877 0.125696 0.00735719 -0.000240435 -0.0574121 0.00247959 0.00171664 0.149348 -0.107889 -0.00623637 
22 0 0.0521504 -1.1835 -1.48647 1.53863 -1.72847 -1.33575 1.64333 0.104697 2.00651 -0.111582 -0.00629435 0.00743877 0.125696 0.00735719 -0.000240435 -0.0574121 0.00247959 0.00171664 0.149348 -0.107889 -0.00623637 
22 0 0.0521504 -1.1835 -1.48609 1.53863 -1.72847 -1.33537 1.64294 0.104314 2.00651 -0.111582 -0.00629435 0.00743877 0.125696 0.00735719 -0.000240435 -0.0574121 0.00247959 0.00171664 0.149348 -0.107889 -0.00623637 
22 0 0.0521504 -1.1835 -1.48647 1.53863 -1.72847 -1.33575 1.64294 0.104697 2.00612 -0.111582 -0.00629435 0.00743877 0.125696 0.00735719 -0.000240435 -0.0574121 0.00247959 0.00171664 0.149348 -0.108143 -0.00666427 
22 0 0.0521504 -1.1835 -1.48609 1.53901 -1.72847 -1.33537 1.64294 0.104314 2.00651 -0.111582 -0.00629435 0.00743877 0.125696 0.00735719 -0.000240435 -0.0574121 0.00247959 0.00171664 0.149348 -0.108143 -0.00666421 
22 0 0.0521504 -1.1835 -1.48647 1.53863 -1.72847 -1.33537 1.64294 0.104314 2.00612 -0.111582 -0.00629435 0.00743877 0.125696 0.00735719 -0.000240435 -0.0574121 0.00247959 0.00171664 0.149348 -0.108143 -0.00666421 
22 0 0.0521504 -1.18389 -1.48647 1.53863 -1.72847 -1.33537 1.64294 0.104314 2.00612 -0.111582 -0.00629435 0.00743877 0.125696 0.00735719 -0.000240435 -0.0574121 0.00247959 0.00171664 0.149348 -0.108143 -0.00666421 
22 0 0.0521504 -1.18389 -1.48609 1.53863 -1.72847 -1.33537 1.64294 0.104314 2.00612 -0.111582 -0.00629435 0.00743877 0.125696 0.00735719 -0.000240435 -0.0574121 0.00247959 0.00171664 0.149348 -0.108143 -0.00666421 
22 0 0.0521504 -1.18389 -1.48609 1.53863 -1.72847 -1.33537 1.64294 0.104697 2.00612 -0.111582 -0.00629435 0.00743877 0.125696 0.00735719 -0.000240435 -0.0574121 0.00247959 0.00171664 0.149348 -0.10835 -0.00626656 
22 0 0.0521504 -1.18389 -1.48609 1.53863 -1.72847 -1.33537 1.64294 0.104314 2.00612 -0.111582 -0.00629435 0.00743877 0.125696 0.00735719 -0.000240435 -0.0574121 0.00247959 0.00171664 0.149348 -0.10835 -0.00626689 
22 0 0.0521504 -1.18389 -1.48609 1.53901 -1.72847 -1.33537 1.64294 0.104314 2.00612 -0.111582 -0.00629435 0.00743877 0.125696 0.00735719 -0.000240435 -0.0574121 0.00247959 0.00171664 0.149348 -0.10835 -0.00626689 
22 0 0.0521504 -1.18389 -1.48647 1.53863 -1.72847 -1.33537 1.64294 0.104314 2.00612 -0.111582 -0.00629435 0.00743877 0.125696 0.00735719 -0.000240435 -0.0574121 0.00247959 0.00171664 0.149348 -0.10835 -0.00626689 
22 0 0.0521504 -1.18427 -1.48647 1.53901 -1.72847 -1.33537 1.64333 0.104697 2.00612 -0.111582 -0.00629435 0.00743877 0.125696 0.00735719 -0.000240435 -0.0574121 0.00247959 0.00171664 0.149348 -0.10835 -0.00626689 
22 0 0.0521504 -1.18427 -1.48647 1.53901 -1.72847 -1.33537 1.64333 0.104314 2.00612 -0.111582 -0.00629435 0.00743877 0.125696 0.00735719 -0.000240435 -0.0574121 0.00247959 0.00171664 0.149348 -0.10835 -0.00626689 
22 0 0.0521504 -1.18427 -1.48647 1.53863 -1.72847 -1.33537 1.64333 0.104314 2.00612 -0.111582 -0.00629435 0.00743877 0.125696 0.00735719 -0.000240435 -0.0574121 0.00247959 0.00171664 0.149348 -0.10835 -0.00626689 
22 0 0.0521504 -1.18427 -1.48609 1.53863 -1.72847 -1.33537 1.64333 0.104697 2.00612 -0.111582 -0.00629435 0.00743877 0.125696 0.00735719 -0.000240435 -0.0574121 0.00247959 0.00171664 0.149348 -0.10835 -0.00626689 
22 0 0.0521504 -1.18427 -1.48647 1.53863 -1.72847 -1.33537 1.64333 0.104697 2.00612 -0.111582 -0.00629435 0.00743877 0.125696 0.00735719 -0.000240435 -0.0574121 0.00247959 0.00171664 0.149348 -0.10835 -0.00626689 
22 0 0.0521504 -1.18427 -1.48609 1.53901 -1.72847 -1.33537 1.64333 0.104314 2.00612 -0.111582 -0.00629435 0.00743877 0.125696 0.0071568 -0.000601831 -0.0574121 0.00247959 0.00171664 0.149348 -0.10835 -0.00626689 
22 0 0.0521504 -1.18465 -1.48647 1.53863 -1.72847 -1.33537 1.64333 0.104314 2.00612 -0.111582 -0.00629435 0.00743877 0.125696 0.00715674 -0.00060158 -0.0574121 0.00247959 0.00171664 0.149348 -0.10835 -0.00626689 
22 0 0.0521504 -1.18427 -1.48609 1.53863 -1.72847 -1.33537 1.64294 0.104314 2.00612 -0.111582 -0.00629435 0.00743877 0.125696 0.00715674 -0.00060158 -0.0574121 0.00247959 0.00171664 0.149348 -0.10835 -0.00626689 
22 0 0.0521504 -1.18427 -1.48609 1.53901 -1.72847 -1.33537 1.64333 0.104697 2.00651 -0.111582 -0.00629435 0.00743877 0.125696 0.00715674 -0.00060158 -0.0574121 0.00247959 0.00171664 0.149348 -0.10835 -0.00626689 
22 0 0.0521504 -1.18465 -1.48609 1.53901 -1.72847 -1.33537 1.64294 0.104314 2.00612 -0.111582 -0.00629435 0.00743877 0.125696 0.00715674 -0.00060158 -0.0574121 0.00247959 0.00171664 0.149348 -0.10835 -0.00626689 
22 0 0.0521504 -1.18465 -1.48609 1.53901 -1.72847 -1.33537 1.64333 0.104697 2.00612 -0.111582 -0.00629435 0.00743877 0.125696 0.00715674 -0.00060158 -0.0574121 0.00247959 0.00171664 0.149348 -0.108604 -0.00669496 
22 0 0.0521504 -1.18465 -1.48609 1.53863 -1.72847 -1.33537 1.64333 0.104697 2.00612 -0.111582 -0.00629435 0.00743877 0.125696 0.00715674 -0.00060158 -0.0574121 0.00247959 0.00171664 0.149348 -0.108604 -0.0066949 
22 0 0.0521504 -1.18465 -1.48647 1.53863 -1.72847 -1.33537 1.64333 0.104697 2.00612 -0.111582 -0.00629435 0.00743877 0.125696 0.00715674 -0.00060158 -0.0574121 0.00247959 0.00171664 0.149348 -0.108604 -0.0066949 
22 0 0.0521504 -1.18504 -1.48609 1.53863 -1.72847 -1.33537 1.64333 0.104697 2.00612 -0.111582 -0.00629435 0.00743877 0.125696 0.00715674 -0.00060158 -0.0574121 0.00247959 0.00171664 0.149348 -0.108604 -0.0066949 
22 0 0.0521504 -1.18504 -1.48609 1.53863 -1.72847 -1.33537 1.64333 0.104697 2.00612 -0.111582 -0.00629435 0.00743877 0.125696 0.00715674 -0.00060158 -0.0574121 0.00247959 0.00171664 0.149348 -0.108604 -0.0066949 
22 0 0.0521504 -1.18504 -1.48609 1.53863 -1.72847 -1.33575 1.64333 0.104697 2.00612 -0.111582 -0.00629435 0.00743877 0.125696 0.00715674 -0.00060158 -0.0574121 0.00247959 0.00171664 0.149348 -0.108604 -0.0066949 
22 0 0.0521504 -1.18504 -1.48609 1.53863 -1.72847 -1.33575 1.64294 0.104697 2.00612 -0.111582 -0.00629435 0.00743877 0.125696 0.00715674 -0.00060158 -0.0574121 0.00247959 0.00171664 0.149348 -0.108604 -0.0066949 
22 0 0.0521504 -1.18504 -1.48609 1.53863 -1.72847 -1.33537 1.64294 0.104697 2.00612 -0.111582 -0.00629435 0.00743877 0.125696 0.00715674 -0.00060158 -0.0574121 0.00247959 0.00171664 0.149348 -0.108604 -0.0066949 
22 0 0.0521504 -1.18504 -1.48647 1.53901 -1.72847 -1.33537 1.64294 0.104697 2.00612 -0.111582 -0.00629435 0.00743877 0.125696 0.00715674 -0.00060158 -0.0574121 0.00247959 0.00171664 0.149348 -0.108604 -0.0066949 
22 0 0.0521504 -1.18542 -1.48609 1.53863 -1.72847 -1.33537 1.64294 0.104697 2.00651 -0.111582 -0.00629435 0.00743877 0.125696 0.00715674 -0.00060158 -0.0574121 0.00247959 0.00171664 0.149348 -0.108604 -0.0066949 
22 0 0.0521504 -1.18504 -1.48609 1.53901 -1.72847 -1.33537 1.64294 0.104697 2.00651 -0.111582 -0.00629435 0.00743877 0.125696 0.00715674 -0.00060158 -0.0574121 0.00247959 0.00171664 0.149348 -0.108604 -0.0066949 
22 0 0.0521504 -1.18542 -1.48609 1.53901 -1.72847 -1.33537 1.64333 0.104314 2.00612 -0.111582 -0.00629435 0.00743877 0.125696 0.00715674 -0.00060158 -0.0574121 0.00247959 0.00171664 0.149348 -0.108811 -0.00629709 
22 0 0.0521504 -1.18542 -1.48609 1.53863 -1.72847 -1.33537 1.64294 0.104697 2.00651 -0.111582 -0.00629435 0.00743877 0.125696 0.00715674 -0.00060158 -0.0574121 0.00247959 0.00171664 0.149348 -0.108811 -0.00629742 
22 0 0.0521504 -1.18542 -1.48609 1.53901 -1.72847 -1.33575 1.64294 0.104697 2.00612 -0.111582 -0.00629435 0.00743877 0.125696 0.00690645 -0.000213831 -0.0574121 0.00247959 0.00171664 0.149348 -0.108811 -0.00629742 
22 0 0.0521504 -1.18542 -1.48609 1.53901 -1.72847 -1.33575 1.64333 0.104697 2.00612 -0.111582 -0.00629435 0.00743877 0.125696 0.00690654 -0.000213899 -0.0574121 0.00247959 0.00171664 0.149348 -0.108811 -0.00629742 
22 0 0.0521504 -1.18542 -1.48609 1.53863 -1.72847 -1.33575 1.64294 0.104697 2.00612 -0.111582 -0.00629435 0.00743877 0.125696 0.00690654 -0.000213899 -0.0574121 0.00247959 0.00171664 0.149348 -0.108811 -0.00629742 
22 0 0.0521504 -1.18542 -1.48609 1.53863 -1.72847 -1.33575 1.64294 0.104314 2.00651 -0.111582 -0.00629435 0.00743877 0.125696 0.00690654 -0.000213899 -0.0574121 0.00247959 0.00171664 0.149348 -0.108811 -0.00629742 
22 0 0.0521504 -1.18542 -1.48609 1.53863 -1.72847 -1.33537 1.64333 0.104697 2.00612 -0.111582 -0.00629435 0.00743877 0.125696 0.00690654 -0.000213899 -0.0574121 0.00247959 0.00171664 0.149348 -0.109065 -0.00672566 
22 0 0.0521504 -1.1858 -1.48609 1.53901 -1.72847 -1.33537 1.64294 0.104697 2.00651 -0.111582 -0.00629435 0.00743877 0.125696 0.00690654 -0.000213899 -0.0574121 0.00247959 0.00171664 0.149348 -0.109065 -0.0067256 
22 0 0.0521504 -1.1858 -1.48609 1.53901 -1.72847 -1.33575 1.64333 0.104697 2.00612 -0.111582 -0.00629435 0.00743877 0.125696 0.00690654 -0.000213899 -0.0574121 0.00247959 0.00171664 0.149348 -0.109065 -0.0067256 
22 0 0.0521504 -1.1858 -1.48609 1.53863 -1.72847 -1.33575 1.64294 0.104697 2.00612 -0.111582 -0.00629435 0.00743877 0.125696 0.00690654 -0.000213899 -0.0574121 0.00247959 0.00171664 0.149348 -0.109065 -0.0067256 
22 0 0.0521504 -1.1858 -1.48609 1.53863 -1.72847 -1.33537 1.64294 0.104697 2.00612 -0.111582 -0.00629435 0.00743877 0.125696 0.00690654 -0.000213899 -0.0574121 0.00247959 0.00171664 0.149348 -0.109065 -0.0067256 
22 0 0.0521504 -1.18619 -1.48609 1.53901 -1.72847 -1.33575 1.64294 0.104697 2.00612 -0.111582 -0.00629435 0.00743877 0.125696 0.00690654 -0.000213899 -0.0574121 0.00247959 0.00171664 0.149348 -0.109065 -0.0067256 
22 0 0.0521504 -1.18619 -1.48609 1.53863 -1.72847 -1.33575 1.64294 0.104697 2.00612 -0.111582 -0.00629435 0.00743877 0.125696 0.00690654 -0.000213899 -0.0574121 0.00247959 0.00171664 0.149348 -0.109065 -0.0067256 
22 0 0.0521504 -1.18619 -1.48609 1.53863 -1.72847 -1.33575 1.64333 0.104697 2.00651 -0.111582 -0.00629435 0.00743877 0.125696 0.00690654 -0.000213899 -0.0574121 0.00247959 0.00171664 0.149348 -0.109065 -0.0067256 
22 0 0.0521504 -1.18619 -1.48609 1.53863 -1.72847 -1.33537 1.64294 0.104697 2.00651 -0.111582 -0.00629435 0.00743877 0.125696 0.00690654 -0.000213899 -0.0574121 0.00247959 0.00171664 0.149348 -0.109065 -0.0067256 
22 0 0.0521504 -1.18619 -1.48609 1.53901 -1.72847 -1.33575 1.64294 0.104697 2.00612 -0.111582 -0.00629435 0.00743877 0.125696 0.00690654 -0.000213899 -0.0574121 0.00247959 0.00171664 0.149348 -0.109065 -0.0067256 
22 0 0.0521504 -1.18619 -1.48609 1.53901 -1.72847 -1.33575 1.64294 0.104697 2.00612 -0.111582 -0.00629435 0.00743877 0.125696 0.00690654 -0.000213899 -0.0574121 0.00247959 0.00171664 0.149348 -0.109065 -0.0067256 
22 0 0.0521504 -1.18619 -1.48609 1.53863 -1.72847 -1.33575 1.64294 0.104314 2.00612 -0.111582 -0.00629435 0.00743877 0.125696 0.00690654 -0.000213899 -0.0574121 0.00247959 0.00171664 0.149348 -0.109065 -0.0067256 
22 0 0.0521504 -1.18657 -1.48609 1.53863 -1.72847 -1.33575 1.64333 0.104697 2.00651 -0.111582 -0.00629435 0.00743877 0.125696 0.00690654 -0.000213899 -0.0574121 0.00247959 0.00171664 0.149348 -0.109065 -0.0067256 
22 0 0.0521504 -1.18657 -1.48609 1.53863 -1.72847 -1.33575 1.64294 0.104697 2.00651 -0.111582 -0.00629435 0.00743877 0.125696 0.00690654 -0.000213899 -0.0574121 0.00247959 0.00171664 0.149348 -0.109065 -0.0067256 
22 0 0.0521504 -1.18619 -1.48609 1.53901 -1.72847 -1.33575 1.64294 0.104697 2.00651 -0.111582 -0.00629435 0.00743877 0.125696 0.00690654 -0.000213899 -0.0574121 0.00247959 0.00171664 0.149348 -0.109065 -0.0067256 
22 0 0.0521504 -1.18657 -1.48609 1.53901 -1.72847 -1.33537 1.64294 0.104697 2.00612 -0.111582 -0.00629435 0.00743877 0.125696 0.00690654 -0.000213899 -0.0574121 0.00247959 0.00171664 0.149348 -0.109065 -0.0067256 
22 0 0.0521504 -1.18657 -1.48609 1.53901 -1.72847 -1.33537 1.64294 0.104697 2.00651 -0.111582 -0.00629435 0.00743877 0.125696 0.00690654 -0.000213899 -0.0574121 0.00247959 0.00171664 0.149348 -0.109065 -0.0067256 
22 0 0.0521504 -1.18657 -1.48609 1.53901 -1.72847 -1.33575 1.64294 0.104697 2.00651 -0.111582 -0.00629435 0.00743877 0.125696 0.00690654 -0.000213899 -0.0574121 0.00247959 0.00171664 0.149348 -0.109272 -0.00632764 
22 0 0.0521504 -1.18657 -1.48609 1.53901 -1.72847 -1.33575 1.64333 0.104697 2.00612 -0.111582 -0.00629435 0.00743877 0.125696 0.00690654 -0.000213899 -0.0574121 0.00247959 0.00171664 0.149348 -0.109272 -0.00632797 
22 0 0.0521504 -1.18695 -1.48609 1.53901 -1.72847 -1.33537 1.64294 0.104697 2.00651 -0.111582 -0.00629435 0.00743877 0.125696 0.00690654 -0.000213899 -0.0574121 0.00247959 0.00171664 0.149348 -0.109272 -0.00632797 
22 0 0.0521504 -1.18657 -1.48609 1.53901 -1.72847 -1.33575 1.64294 0.104697 2.00651 -0.111582 -0.00629435 0.00743877 0.125696 0.00690654 -0.000213899 -0.0574121 0.00247959 0.00171664 0.149348 -0.109272 -0.00632797 
22 0 0.0521504 -1.18695 -1.48609 1.53901 -1.72847 -1.33575 1.64333 0.104697 2.00612 -0.111582 -0.00629435 0.00743877 0.125696 0.00690654 -0.000213899 -0.0574121 0.00247959 0.00171664 0.149348 -0.109272 -0.00632797 
22 0 0.0521504 -1.18695 -1.48609 1.53901 -1.72847 -1.33537 1.64294 0.104697 2.00651 -0.111582 -0.00629435 0.00743877 0.125696 0.00690654 -0.000213899 -0.0574121 0.00247959 0.00171664 0.149348 -0.109272 -0.00632797 
22 0 0.0521504 -1.18695 -1.48609 1.53901 -1.72847 -1.33575 1.64294 0.104697 2.00651 -0.111582 -0.00629435 0.00743877 0.125696 0.00690654 -0.000213899 -0.0574121 0.00247959 0.00171664 0.149348 -0.109272 -0.00632797 
22 0 0.0521504 -1.18695 -1.48609 1.53901 -1.72847 -1.33575 1.64333 0.104697 2.00612 -0.111582 -0.00629435 0.00743877 0.125696 0.00690654 -0.000213899 -0.0574121 0.00247959 0.00171664 0.148966 -0.109272 -0.00632797 
22 0 0.0521504 -1.18695 -1.48609 1.53901 -1.72847 -1.33575 1.64333 0.104697 2.00651 -0.111582 -0.00629435 0.00743877 0.125696 0.00690654 -0.000213899 -0.0574121 0.00247959 0.00171664 0.148966 -0.109527 -0.00675637 
22 0 0.0521504 -1.18695 -1.48647 1.53863 -1.72847 -1.33537 1.64333 0.104697 2.00612 -0.111582 -0.00629435 0.00743877 0.125696 0.00690654 -0.000213899 -0.0574121 0.00247959 0.00171664 0.148966 -0.109526 -0.00675631 
22 0 0.0521504 -1.18695 -1.48609 1.53863 -1.72847 -1.33575 1.64294 0.104697 2.00651 -0.111582 -0.00629435 0.00743877 0.125696 0.00690654 -0.000213899 -0.0574121 0.00247959 0.00171664 0.148966 -0.109526 -0.00675631 
22 0 0.0521504 -1.18695 -1.48609 1.53901 -1.72847 -1.33575 1.64294 0.104697 2.00651 -0.111582 -0.00629435 0.00743877 0.125696 0.00690654 -0.000213899 -0.0574121 0.00247959 0.00171664 0.148966 -0.109526 -0.00675631 
22 0 0.0521504 -1.18734 -1.48609 1.53863 -1.72847 -1.33537 1.64333 0.104697 2.00651 -0.111582 -0.00629435 0.00743877 0.125696 0.00690654 -0.000213899 -0.0574121 0.00247959 0.00171664 0.148966 -0.109526 -0.00675631 
22 0 0.0521504 -1.18695 -1.48609 1.53901 -1.72847 -1.33575 1.64294 0.104697 2.00651 -0.111582 -0.00629435 0.00743877 0.125696 0.00690654 -0.000213899 -0.0574121 0.00247959 0.00171664 0.148966 -0.109526 -0.00675631 
22 0 0.0521504 -1.18695 -1.48609 1.53863 -1.72847 -1.33575 1.64294 0.104697 2.00651 -0.111582 -0.00629435 0.00743877 0.125696 0.00690654 -0.000213899 -0.0574121 0.00247959 0.00171664 0.148966 -0.109526 -0.00675631 
22 0 0.0521504 -1.18695 -1.48609 1.53901 -1.72847 -1.33575 1.64294 0.104697 2.00612 -0.111582 -0.00629435 0.00743877 0.125696 0.00690654 -0.000213899 -0.0574121 0.00247959 0.00171664 0.148966 -0.109526 -0.00675631 
22 0 0.0521504 -1.18695 -1.48609 1.53901 -1.72847 -1.33575 1.64294 0.104697 2.00612 -0.111582 -0.00629435 0.00743877 0.125696 0.00690654 -0.000213899 -0.0574121 0.00247959 0.00171664 0.148966 -0.109526 -0.00675631 
22 0 0.0521504 -1.18695 -1.48609 1.53901 -1.72847 -1.33575 1.64294 0.104697 2.00651 -0.111582 -0.00629435 0.00743877 0.125696 0.00690654 -0.000213899 -0.0574121 0.00247959 0.00171664 0.148966 -0.109526 -0.00675631 
22 0 0.0521504 -1.18695 -1.48609 1.53863 -1.72847 -1.33575 1.64333 0.104697 2.00651 -0.111582 -0.00629435 0.00743877 0.125696 0.00690654 -0.000213899 -0.0574121 0.00247959 0.00171664 0.148966 -0.109526 -0.00675631 
22 0 0.0521504 -1.18695 -1.48609 1.53901 -1.72847 -1.33537 1.64294 0.104697 2.00651 -0.111582 -0.00629435 0.00743877 0.125696 0.00690654 -0.000213899 -0.0574121 0.00247959 0.00171664 0.148966 -0.109526 -0.00675631 
22 0 0.0521504 -1.18695 -1.48609 1.53901 -1.72847 -1.33575 1.64333 0.104697 2.00651 -0.111582 -0.00629435 0.00743877 0.125696 0.00690654 -0.000213899 -0.0574121 0.00247959 0.00171664 0.148966 -0.109526 -0.00675631 
22 0 0.0521504 -1.18695 -1.48609 1.53863 -1.72847 -1.33575 1.64333 0.104697 2.00612 -0.111582 -0.00629435 0.00743877 0.125696 0.00690654 -0.000213899 -0.0577935 0.00247959 0.00171664 0.148966 -0.109526 -0.00675631 
22 0 0.0521504 -1.18695 -1.48609 1.53863 -1.72847 -1.33575 1.64333 0.104697 2.00612 -0.111582 -0.00629435 0.00743877 0.125696 0.00690654 -0.000213899 -0.0577935 0.00247959 0.00171664 0.148966 -0.109526 -0.00675631 
22 0 0.0521504 -1.18695 -1.48609 1.53901 -1.72847 -1.33575 1.64294 0.104697 2.00651 -0.111582 -0.00629435 0.00743877 0.125696 0.00690654 -0.000213899 -0.0577935 0.00247959 0.00171664 0.148966 -0.109526 -0.00675631 
22 0 0.0521504 -1.18734 -1.48609 1.53901 -1.72847 -1.33575 1.64333 0.104697 2.00651 -0.111582 -0.00629435 0.00743877 0.125696 0.00690654 -0.000213899 -0.0574121 0.00247959 0.00171664 0.148966 -0.109526 -0.00675631 
22 0 0.0521504 -1.18695 -1.48609 1.53863 -1.72847 -1.33575 1.64294 0.104697 2.00651 -0.111582 -0.00629435 0.00743877 0.125696 0.00690654 -0.000213899 -0.0574121 0.00247959 0.00171664 0.148966 -0.109526 -0.00675631 
22 0 0.0521504 -1.18695 -1.48609 1.53901 -1.72847 -1.33575 1.64294 0.104697 2.00651 -0.111582 -0.00629435 0.00743877 0.125696 0.00690654 -0.000213899 -0.0574121 0.00247959 0.00171664 0.148966 -0.109526 -0.00675631 
22 0 0.0521504 -1.18734 -1.48609 1.53901 -1.72847 -1.33575 1.64333 0.104697 2.00651 -0.111582 -0.00629435 0.00743877 0.125696 0.00690654 -0.000213899 -0.0574121 0.00247959 0.00171664 0.148966 -0.109526 -0.00675631 
22 0 0.0521504 -1.18695 -1.48609 1.53863 -1.72847 -1.33575 1.64294 0.104697 2.00651 -0.111582 -0.00629435 0.00743877 0.125696 0.00690654 -0.000213899 -0.0574121 0.00247959 0.00171664 0.148966 -0.109526 -0.00675631 
22 0 0.0521504 -1.18695 -1.48609 1.53863 -1.72847 -1.33537 1.64294 0.104697 2.00651 -0.111582 -0.00629435 0.00743877 0.125696 0.00690654 -0.000213899 -0.0577935 0.00247959 0.00171664 0.148966 -0.109526 -0.00675631 
22 0 0.0521504 -1.18695 -1.48609 1.53901 -1.72847 -1.33575 1.64294 0.104697 2.00612 -0.111582 -0.00629435 0.00743877 0.125696 0.00690654 -0.000213899 -0.0577935 0.00247959 0.00171664 0.148966 -0.109526 -0.00675631 
22 0 0.0521504 -1.18695 -1.48609 1.53901 -1.72847 -1.33575 1.64294 0.104697 2.00612 -0.111582 -0.00629435 0.00743877 0.125696 0.00690654 -0.000213899 -0.0577935 0.00247959 0.00171664 0.148966 -0.109526 -0.00675631 
22 0 0.0521504 -1.18695 -1.48609 1.53901 -1.72847 -1.33575 1.64333 0.104697 2.00651 -0.111582 -0.00629435 0.00743877 0.125696 0.00690654 -0.000213899 -0.0577935 0.00247959 0.00171664 0.148966 -0.109781 -0.00718488 
22 0 0.0521504 -1.18695 -1.48609 1.53901 -1.72847 -1.33575 1.64294 0.104697 2.00651 -0.111582 -0.00629435 0.00743877 0.125696 0.00690654 -0.000213899 -0.0577935 0.00247959 0.00171664 0.148966 -0.109781 -0.00718482 
22 0 0.0521504 -1.18695 -1.48609 1.53901 -1.72847 -1.33575 1.64294 0.104697 2.00612 -0.111582 -0.00629435 0.00743877 0.125696 0.00690654 -0.000213899 -0.0577935 0.00247959 0.00171664 0.148966 -0.109781 -0.00718482 
22 0 0.0521504 -1.18695 -1.48609 1.53901 -1.72847 -1.33537 1.64294 0.104697 2.00612 -0.111582 -0.00629435 0.00743877 0.125696 0.00690654 -0.000213899 -0.0577935 0.00247959 0.00171664 0.148966 -0.109781 -0.00718482 
22 0 0.0521504 -1.18695 -1.48609 1.53901 -1.72847 -1.33537 1.64333 0.104697 2.00612 -0.111582 -0.00629435 0.00743877 0.125696 0.00690654 -0.000213899 -0.0577935 0.00247959 0.00171664 0.148966 -0.109781 -0.00718482 
22 0 0.0521504 -1.18734 -1.48609 1.53901 -1.72847 -1.33537 1.64294 0.104697 2.00612 -0.111582 -0.00629435 0.00743877 0.125696 0.00690654 -0.000213899 -0.0577935 0.00247959 0.00171664 0.148966 -0.109781 -0.00718482 
22 0 0.0521504 -1.18695 -1.48609 1.53901 -1.72847 -1.33537 1.64294 0.104697 2.00612 -0.111582 -0.00629435 0.00743877 0.125696 0.00690654 -0.000213899 -0.0577935 0.00247959 0.00171664 0.148966 -0.109781 -0.00718482 
22 0 0.0521504 -1.18695 -1.48609 1.53901 -1.72847 -1.33537 1.64294 0.104697 2.00651 -0.111582 -0.00629435 0.00743877 0.125696 0.00690654 -0.000213899 -0.0577935 0.00247959 0.00171664 0.148966 -0.109781 -0.00718482 
22 0 0.0521504 -1.18695 -1.48609 1.53901 -1.72847 -1.33537 1.64294 0.104697 2.00612 -0.111582 -0.00629435 0.00743877 0.125696 0.00690654 -0.000213899 -0.0577935 0.00247959 0.00171664 0.148966 -0.109781 -0.00718482 
22 0 0.0521504 -1.18734 -1.48609 1.53901 -1.72847 -1.33537 1.64294 0.104697 2.00612 -0.111582 -0.00629435 0.00743877 0.125696 0.00690654 -0.000213899 -0.0577935 0.00247959 0.00171664 0.148966 -0.109781 -0.00718482 
22 0 0.0521504 -1.18695 -1.48609 1.53901 -1.72847 -1.33537 1.64294 0.104697 2.00612 -0.111582 -0.00629435 0.00743877 0.125696 0.00690654 -0.000213899 -0.0577935 0.00247959 0.00171664 0.148966 -0.109781 -0.00718482 
22 0 0.0521504 -1.18695 -1.48609 1.53901 -1.72847 -1.33537 1.64294 0.104697 2.00612 -0.111582 -0.00629435 0.00743877 0.125696 0.00690654 -0.000213899 -0.0577935 0.00247959 0.00171664 0.148966 -0.109781 -0.00718482 
22 0 0.0521504 -1.18695 -1.48609 1.53901 -1.72847 -1.33537 1.64294 0.104697 2.00612 -0.111582 -0.00629435 0.00743877 0.125696 0.00690654 -0.000213899 -0.0577935 0.00247959 0.00171664 0.148966 -0.109781 -0.00718482 
22 0 0.0521504 -1.18695 -1.48609 1.53901 -1.72847 -1.33537 1.64294 0.104697 2.00612 -0.111582 -0.00629435 0.00743877 0.125696 0.00690654 -0.000213899 -0.0577935 0.00247959 0.00171664 0.148966 -0.110035 -0.00761354 
22 0 0.0521504 -1.18695 -1.48609 1.53901 -1.72847 -1.33537 1.64294 0.104697 2.00612 -0.111582 -0.00629435 0.00743877 0.125696 0.00690654 -0.000213899 -0.0577935 0.00247959 0.00171664 0.148966 -0.110242 -0.00721538 
22 0 0.0521504 -1.18734 -1.48609 1.53863 -1.72847 -1.33537 1.64294 0.104697 2.00612 -0.111582 -0.00629435 0.00743877 0.125696 0.00690654 -0.000213899 -0.0577935 0.00247959 0.00171664 0.148966 -0.110242 -0.00721571 
22 0 0.0521504 -1.18734 -1.48609 1.53901 -1.72847 -1.33537 1.64333 0.104697 2.00612 -0.111582 -0.00629435 0.00743877 0.125696 0.00690654 -0.000213899 -0.0577935 0.00247959 0.00171664 0.148966 -0.110242 -0.00721571 
22 0 0.0521504 -1.18734 -1.48609 1.53901 -1.72847 -1.33537 1.64294 0.104697 2.00612 -0.111582 -0.00629435 0.00743877 0.125696 0.00690654 -0.000213899 -0.0577935 0.00247959 0.00171664 0.148966 -0.110242 -0.00721571 
22 0 0.0521504 -1.18695 -1.48609 1.53901 -1.72847 -1.33537 1.64294 0.104697 2.00612 -0.111582 -0.00629435 0.00743877 0.125696 0.00690654 -0.000213899 -0.0577935 0.00247959 0.00171664 0.148966 -0.110242 -0.00721571 
22 0 0.0521504 -1.18734 -1.48609 1.53901 -1.72847 -1.33537 1.64294 0.104697 2.00612 -0.111582 -0.00629435 0.00743877 0.125696 0.00690654 -0.000213899 -0.0577935 0.00247959 0.00171664 0.148966 -0.110242 -0.00721571 
22 0 0.0521504 -1.18695 -1.48609 1.53901 -1.72847 -1.33537 1.64294 0.104697 2.00612 -0.111582 -0.00629435 0.00743877 0.125696 0.00690654 -0.000213899 -0.0577935 0.00247959 0.00171664 0.148966 -0.110242 -0.00721571 
22 0 0.0521504 -1.18695 -1.48609 1.53901 -1.72847 -1.33537 1.64294 0.104697 2.00612 -0.111582 -0.00629435 0.00743877 0.125696 0.00690654 -0.000213899 -0.0577935 0.00247959 0.00171664 0.148966 -0.110242 -0.00721571 
22 0 0.0521504 -1.18695 -1.48609 1.53901 -1.72847 -1.33537 1.64294 0.104697 2.00612 -0.111582 -0.00629435 0.00743877 0.125315 0.00690654 -0.000213899 -0.0577935 0.00247959 0.00171664 0.148966 -0.110242 -0.00721571 
22 0 0.0521504 -1.18695 -1.48609 1.53901 -1.72847 -1.33537 1.64294 0.104697 2.00651 -0.111582 -0.00629435 0.00743877 0.125315 0.00690654 -0.000213899 -0.0577935 0.00247959 0.00171664 0.149348 -0.110242 -0.00721571 
22 0 0.0521504 -1.18734 -1.48609 1.53863 -1.72847 -1.33537 1.64294 0.104697 2.00612 -0.111582 -0.00629435 0.00743877 0.125315 0.00670613 -0.000575424 -0.0577935 0.00247959 0.00171664 0.149348 -0.110497 -0.0076446 
22 0 0.0521504 -1.18734 -1.48609 1.53901 -1.72847 -1.33537 1.64333 0.104697 2.00651 -0.111582 -0.00629435 0.00743877 0.125315 0.0069066 -0.00021415 -0.0577935 0.00247959 0.00171664 0.149348 -0.110496 -0.00764454 
22 0 0.0521504 -1.18734 -1.48609 1.53901 -1.72847 -1.33537 1.64294 0.104697 2.00612 -0.111582 -0.00629435 0.00743877 0.125315 0.00670613 -0.000575424 -0.0577935 0.00247959 0.00171664 0.149348 -0.110496 -0.00764454 
22 0 0.0521504 -1.18695 -1.48609 1.53901 -1.72847 -1.33537 1.64294 0.104697 2.00612 -0.111582 -0.00629435 0.00743877 0.125315 0.00670607 -0.000575172 -0.0577935 0.00247959 0.00171664 0.149348 -0.110496 -0.00764454 
22 0 0.0521504 -1.18734 -1.48571 1.53901 -1.72847 -1.33537 1.64294 0.104697 2.00651 -0.111582 -0.00629435 0.00743877 0.125315 0.00670607 -0.000575172 -0.0577935 0.00247959 0.00171664 0.149348 -0.110496 -0.00764454 
22 0 0.0521504 -1.18695 -1.48609 1.53901 -1.72847 -1.33537 1.64333 0.104697 2.00651 -0.111582 -0.00629435 0.00743877 0.125315 0.00670607 -0.000575172 -0.0577935 0.00247959 0.00171664 0.149348 -0.110496 -0.00764454 
22 0 0.0521504 -1.18734 -1.48609 1.53901 -1.72847 -1.33537 1.64294 0.104697 2.00612 -0.111582 -0.00629435 0.00743877 0.125315 0.00670607 -0.000575172 -0.0577935 0.00247959 0.00171664 0.149348 -0.110496 -0.00764454 
22 0 0.0521504 -1.18734 -1.48609 1.53901 -1.72847 -1.33537 1.64294 0.104697 2.00651 -0.111582 -0.00629435 0.00743877 0.125315 0.00670607 -0.000575172 -0.0577935 0.00247959 0.00171664 0.149348 -0.110703 -0.00724628 
22 0 0.0521504 -1.18734 -1.48609 1.53901 -1.72847 -1.33537 1.64294 0.104697 2.00612 -0.111582 -0.00629435 0.00743877 0.125315 0.00670607 -0.000575172 -0.0577935 0.00247959 0.00171664 0.149348 -0.110703 -0.00724662 
22 0 0.0521504 -1.18734 -1.48609 1.53901 -1.72847 -1.33537 1.64294 0.104697 2.00612 -0.111582 -0.00629435 0.00743877 0.125315 0.00670607 -0.000575172 -0.0577935 0.00247959 0.00171664 0.149348 -0.110958 -0.00767567 
22 0 0.0521504 -1.18734 -1.48609 1.53901 -1.72847 -1.33575 1.64294 0.104697 2.00612 -0.111582 -0.00629435 0.00743877 0.125315 0.00670607 -0.000575172 -0.0577935 0.00247959 0.00171664 0.149348 -0.110958 -0.00767561 
22 0 0.0521504 -1.18695 -1.48609 1.53901 -1.72847 -1.33537 1.64294 0.104697 2.00612 -0.111582 -0.00629435 0.00743877 0.125315 0.00670607 -0.000575172 -0.0577935 0.00247959 0.00171664 0.149348 -0.110958 -0.00767561 
22 0 0.0521504 -1.18734 -1.48609 1.53901 -1.72847 -1.33537 1.64294 0.104697 2.00612 -0.111582 -0.00629435 0.00743877 0.125315 0.00670607 -0.000575172 -0.0577935 0.00247959 0.00171664 0.149348 -0.110958 -0.00767561 
22 0 0.0521504 -1.18734 -1.48609 1.53901 -1.72847 -1.33537 1.64294 0.104697 2.00651 -0.111582 -0.00629435 0.00743877 0.125315 0.00670607 -0.000575172 -0.0577935 0.00247959 0.00171664 0.149348 -0.110958 -0.00767561 
22 0 0.0521504 -1.18734 -1.48609 1.53901 -1.72847 -1.33537 1.64294 0.104697 2.00612 -0.111582 -0.00629435 0.00743877 0.125315 0.00670607 -0.000575172 -0.0577935 0.00247959 0.00171664 0.149348 -0.110958 -0.00767561 
22 0 0.0521504 -1.18734 -1.48609 1.53901 -1.72847 -1.33537 1.64294 0.104697 2.00612 -0.111582 -0.00629435 0.00743877 0.125315 0.00670607 -0.000575172 -0.0577935 0.00247959 0.00171664 0.149348 -0.110958 -0.00767561 
22 0 0.0521504 -1.18734 -1.48609 1.53901 -1.72847 -1.33537 1.64294 0.104697 2.00612 -0.111582 -0.00629435 0.0070573 0.125315 0.00670607 -0.000575172 -0.0577935 0.00247959 0.00171664 0.149348 -0.110958 -0.00767561 
22 0 0.0521504 -1.18734 -1.48609 1.53901 -1.72847 -1.33537 1.64294 0.104697 2.00612 -0.111582 -0.00629435 0.00743877 0.125315 0.00650572 -0.000936836 -0.0577935 0.00247959 0.00171664 0.149348 -0.110958 -0.00767561 
22 0 0.0521504 -1.18695 -1.48609 1.53901 -1.72847 -1.33575 1.64294 0.104697 2.00612 -0.111582 -0.00629435 0.00743877 0.125315 0.00650566 -0.000936585 -0.0577935 0.00247959 0.00171664 0.149348 -0.111165 -0.00727719 
22 0 0.0521504 -1.18734 -1.48609 1.53901 -1.72847 -1.33537 1.64333 0.104697 2.00612 -0.111582 -0.00629435 0.00743877 0.125315 0.00650566 -0.000936585 -0.0577935 0.00247959 0.00171664 0.149348 -0.111419 -0.00770675 
22 0 0.0521504 -1.18734 -1.48609 1.53901 -1.72847 -1.33537 1.64294 0.104697 2.00651 -0.111582 -0.00629435 0.00743877 0.125315 0.00650566 -0.000936585 -0.0577935 0.00247959 0.00171664 0.149348 -0.111419 -0.0077067 
22 0 0.0521504 -1.18734 -1.48609 1.53901 -1.72847 -1.33537 1.64333 0.104697 2.00612 -0.111582 -0.00629435 0.00743877 0.125315 0.00650566 -0.000936585 -0.0577935 0.00247959 0.00171664 0.149348 -0.111419 -0.0077067 
22 0 0.0521504 -1.18734 -1.48609 1.53901 -1.72847 -1.33537 1.64294 0.104697 2.00612 -0.111582 -0.00629435 0.00743877 0.125315 0.00650566 -0.000936585 -0.0577935 0.00247959 0.00171664 0.149348 -0.111419 -0.0077067 
22 0 0.0521504 -1.18695 -1.48609 1.53901 -1.72847 -1.33537 1.64333 0.104697 2.00612 -0.111582 -0.00629435 0.00743877 0.125315 0.00630536 -0.00129839 -0.0577935 0.00247959 0.00171664 0.149348 -0.111419 -0.0077067 
22 0 0.0521504 -1.18734 -1.48609 1.53901 -1.72847 -1.33575 1.64294 0.104697 2.00612 -0.111582 -0.00629435 0.00743877 0.125315 0.00630531 -0.00129814 -0.0577935 0.00247959 0.00133516 0.149348 -0.111419 -0.0077067 
22 0 0.0521504 -1.18734 -1.48609 1.53901 -1.72847 -1.33575 1.64333 0.104697 2.00612 -0.111582 -0.00629435 0.00743877 0.125315 0.00630531 -0.00129814 -0.0577935 0.00247959 0.00171664 0.149348 -0.111419 -0.0077067 
22 0 0.0521504 -1.18734 -1.48609 1.53901 -1.72847 -1.33575 1.64294 0.104697 2.00612 -0.111582 -0.00629435 0.00743877 0.124933 0.00630531 -0.00129814 -0.0577935 0.00247959 0.00171664 0.149348 -0.111419 -0.0077067 
22 0 0.0521504 -1.18734 -1.48609 1.53901 -1.72847 -1.33575 1.64294 0.104697 2.00612 -0.111582 -0.00629435 0.00743877 0.124933 0.00630531 -0.00129814 -0.0577935 0.00247959 0.00171664 0.149348 -0.111419 -0.0077067 
22 0 0.0521504 -1.18695 -1.48609 1.53901 -1.72847 -1.33537 1.64294 0.104697 2.00612 -0.111582 -0.00629435 0.00743877 0.124933 0.00630531 -0.00129814 -0.0577935 0.00247959 0.00133516 0.149348 -0.111881 -0.00773806 
22 0 0.0521504 -1.18734 -1.48609 1.53901 -1.72847 -1.33537 1.64294 0.104697 2.00612 -0.111582 -0.00629435 0.0070573 0.124933 0.00630531 -0.00129814 -0.0577935 0.00247959 0.00133516 0.149348 -0.111881 -0.0077378 
22 0 0.0521504 -1.18734 -1.48609 1.53901 -1.72847 -1.33537 1.64294 0.104697 2.00612 -0.111582 -0.00629435 0.0070573 0.124933 0.00610507 -0.00166008 -0.0577935 0.00247959 0.00133516 0.149348 -0.111881 -0.0077378 
22 0 0.0521504 -1.18734 -1.48609 1.53901 -1.72847 -1.33537 1.64294 0.104697 2.00612 -0.111582 -0.00629435 0.0070573 0.124933 0.00610501 -0.00165983 -0.0577935 0.00247959 0.00133516 0.149348 -0.111881 -0.0077378 
22 0 0.0521504 -1.18734 -1.48609 1.53901 -1.72847 -1.33575 1.64294 0.104697 2.00612 -0.111582 -0.00629435 0.0070573 0.124933 0.00610501 -0.00165983 -0.0577935 0.00247959 0.00133516 0.149348 -0.111881 -0.0077378 
22 0 0.0521504 -1.18695 -1.48609 1.53901 -1.72847 -1.33537 1.64294 0.104697 2.00612 -0.111582 -0.00629435 0.0070573 0.124933 0.00610501 -0.00165983 -0.0577935 0.00247959 0.00133516 0.149348 -0.112135 -0.00816736 
22 0 0.0521504 -1.18734 -1.48609 1.53901 -1.72847 -1.33575 1.64294 0.104697 2.00612 -0.111582 -0.00629435 0.0070573 0.124552 0.00610501 -0.00165983 -0.0577935 0.00247959 0.00133516 0.149348 -0.112135 -0.0081673 
22 0 0.0521504 -1.18695 -1.48609 1.53901 -1.72847 -1.33575 1.64294 0.104697 2.00612 -0.111582 -0.00629435 0.0070573 0.124552 0.00610501 -0.00165983 -0.0577935 0.00247959 0.00133516 0.149348 -0.112135 -0.0081673 
22 0 0.0521504 -1.18734 -1.48609 1.53901 -1.72847 -1.33537 1.64294 0.104697 2.00612 -0.111582 -0.00629435 0.0070573 0.124552 0.00590483 -0.00202191 -0.0577935 0.00247959 0.00133516 0.149348 -0.112135 -0.0081673 
22 0 0.0521504 -1.18734 -1.48609 1.53901 -1.72847 -1.33575 1.64294 0.104697 2.00612 -0.111582 -0.00629435 0.0070573 0.124552 0.00590477 -0.00202166 -0.0577935 0.00247959 0.00133516 0.149348 -0.112596 -0.00819884 
22 0 0.0521504 -1.18734 -1.48647 1.53901 -1.72847 -1.33537 1.64294 0.104697 2.00612 -0.111582 -0.00629435 0.0070573 0.124552 0.00590477 -0.00202166 -0.0577935 0.00247959 0.00133516 0.149348 -0.112596 -0.00819858 
22 0 0.0521504 -1.18734 -1.48609 1.53901 -1.72847 -1.33575 1.64294 0.104697 2.00612 -0.111582 -0.00629435 0.0070573 0.124552 0.00590477 -0.00202166 -0.0577935 0.00247959 0.00133516 0.149348 -0.112596 -0.00819858 
22 0 0.0521504 -1.18734 -1.48609 1.53901 -1.72847 -1.33575 1.64294 0.104697 2.00612 -0.111582 -0.00629435 0.0070573 0.124552 0.00590477 -0.00202166 -0.0577935 0.00247959 0.00133516 0.149348 -0.112851 -0.00862845 
22 0 0.0521504 -1.18734 -1.48609 1.53901 -1.72847 -1.33575 1.64333 0.104697 2.00651 -0.111582 -0.00629435 0.0070573 0.124552 0.00570464 -0.00238389 -0.0577935 0.00247959 0.00133516 0.149348 -0.11285 -0.00862839 
22 0 0.0521504 -1.18734 -1.48609 1.53901 -1.72847 -1.33537 1.64294 0.104697 2.00612 -0.111582 -0.00629435 0.0070573 0.124552 0.00570459 -0.00238363 -0.0577935 0.00247959 0.00133516 0.149348 -0.11285 -0.00862839 
22 0 0.0521504 -1.18695 -1.48609 1.53901 -1.72847 -1.33575 1.64294 0.104697 2.00651 -0.111582 -0.00629435 0.0070573 0.124552 0.00570459 -0.00238363 -0.0577935 0.00247959 0.00133516 0.149348 -0.11285 -0.00862839 
22 0 0.0521504 -1.18734 -1.48609 1.53901 -1.72847 -1.33575 1.64294 0.104697 2.00651 -0.111582 -0.00629435 0.0070573 0.124552 0.00550452 -0.002746 -0.0577935 0.00247959 0.00133516 0.149348 -0.113312 -0.00866011 
22 0 0.0521504 -1.18734 -1.48609 1.53901 -1.72847 -1.33575 1.64333 0.104697 2.00651 -0.111582 -0.00629435 0.0070573 0.124552 0.00550446 -0.00274575 -0.0577935 0.00247959 0.00133516 0.149348 -0.113312 -0.00865985 
22 0 0.0521504 -1.18734 -1.48609 1.53901 -1.72847 -1.33575 1.64294 0.104697 2.00612 -0.111582 -0.00629435 0.0070573 0.124552 0.00530445 -0.00310825 -0.0577935 0.00247959 0.00133516 0.149348 -0.113312 -0.00865985 
22 0 0.0521504 -1.18734 -1.48609 1.53901 -1.72847 -1.33537 1.64294 0.104697 2.00612 -0.111582 -0.00629435 0.0070573 0.124552 0.0053044 -0.003108 -0.0577935 0.00247959 0.00133516 0.149348 -0.113312 -0.00865985 
22 0 0.0521504 -1.18734 -1.48609 1.53901 -1.72847 -1.33537 1.64294 0.104697 2.00612 -0.111582 -0.00629435 0.0070573 0.124552 0.00510444 -0.00347064 -0.0577935 0.00247959 0.00133516 0.149348 -0.113566 -0.00909006 
22 0 0.0521504 -1.18734 -1.48609 1.53901 -1.72847 -1.33537 1.64294 0.104697 2.00651 -0.111582 -0.00629435 0.0070573 0.124552 0.00510439 -0.00347039 -0.0577935 0.00247959 0.00133516 0.149348 -0.113566 -0.00909 
22 0 0.0521504 -1.18734 -1.48609 1.53901 -1.72847 -1.33537 1.64294 0.104697 2.00612 -0.111582 -0.00629435 0.0070573 0.124552 0.00490449 -0.00383318 -0.0577935 0.00247959 0.00133516 0.149348 -0.113566 -0.00909 
22 0 0.0521504 -1.18734 -1.48609 1.53901 -1.72847 -1.33575 1.64294 0.104697 2.00651 -0.111582 -0.00629435 0.0070573 0.124552 0.0047046 -0.00419585 -0.0577935 0.00247959 0.00133516 0.149348 -0.113774 -0.00869099 
22 0 0.0521504 -1.18734 -1.48609 1.53901 -1.72847 -1.33537 1.64294 0.104697 2.00612 -0.111582 -0.00629435 0.0070573 0.124552 0.00450476 -0.00455866 -0.0577935 0.00247959 0.00133516 0.149348 -0.114028 -0.0091217 
22 0 0.0521504 -1.18734 -1.48609 1.53901 -1.72847 -1.33537 1.64294 0.104697 2.00612 -0.111582 -0.00629435 0.0070573 0.124552 0.00405361 -0.0045332 -0.0577935 0.00247959 0.00133516 0.149348 -0.114028 -0.00912164 
22 0 0.0521504 -1.18734 -1.48609 1.53901 -1.72847 -1.33575 1.64294 0.104697 2.00612 -0.111582 -0.00629435 0.0070573 0.124552 0.00365448 -0.00526073 -0.0577935 0.00247959 0.00133516 0.149348 -0.114028 -0.00912164 
22 0 0.0521504 -1.18734 -1.48609 1.53901 -1.72847 -1.33575 1.64294 0.104697 2.00612 -0.111582 -0.00629435 0.0070573 0.124552 0.00345462 -0.00562333 -0.0577935 0.00247959 0.00133516 0.149348 -0.114028 -0.00912164 
22 0 0.0521504 -1.18734 -1.48609 1.53901 -1.72847 -1.33537 1.64294 0.104697 2.00612 -0.111582 -0.00629435 0.0070573 0.124552 0.003255 -0.00598684 -0.0577935 0.00247959 0.00133516 0.149348 -0.114282 -0.00955216 
22 0 0.0521504 -1.18734 -1.48609 1.53901 -1.72847 -1.33537 1.64294 0.104697 2.00612 -0.111582 -0.00629435 0.0070573 0.124552 0.00305544 -0.00635049 -0.0577935 0.00247959 0.00133516 0.149348 -0.114489 -0.00915296 
22 0 0.0521504 -1.18734 -1.48609 1.53901 -1.72847 -1.33537 1.64333 0.104697 2.00651 -0.111582 -0.00629435 0.0070573 0.124552 0.00265666 -0.00707897 -0.0577935 0.00247959 0.00133516 0.149348 -0.114489 -0.00915329 
22 0 0.0521504 -1.18734 -1.48609 1.53901 -1.72847 -1.33537 1.64294 0.104697 2.00651 -0.111582 -0.00629435 0.0070573 0.124552 0.0024571 -0.00744229 -0.0577935 0.00247959 0.00133516 0.149348 -0.114744 -0.00958399 
22 0 0.0521504 -1.18734 -1.48609 1.53901 -1.72847 -1.33537 1.64294 0.104697 2.00612 -0.111582 -0.00629435 0.0070573 0.124552 0.00225777 -0.0078065 -0.0577935 0.00247959 0.000953689 0.149348 -0.114743 -0.00958393 
22 0 0.0521504 -1.18734 -1.48609 1.53901 -1.72847 -1.33537 1.64294 0.104697 2.00651 -0.111582 -0.00629435 0.0070573 0.124552 0.0020585 -0.00817086 -0.0577935 0.00247959 0.000953689 0.149348 -0.114951 -0.00918463 
22 0 0.0521504 -1.18734 -1.48609 1.53901 -1.72847 -1.33575 1.64333 0.104697 2.00651 -0.111582 -0.00629435 0.0070573 0.124552 0.00185929 -0.00853536 -0.0577935 0.00247959 0.000953689 0.149348 -0.115205 -0.00961584 
22 0 0.0521504 -1.18734 -1.48609 1.53901 -1.72847 -1.33537 1.64294 0.104697 2.00651 -0.111582 -0.00629435 0.0070573 0.124552 0.00140788 -0.00851131 -0.0577935 0.00247959 0.00133516 0.149348 -0.115205 -0.00961578 
22 0 0.0521504 -1.18734 -1.48609 1.53901 -1.72847 -1.33575 1.64294 0.104697 2.00612 -0.111582 -0.00629435 0.0070573 0.124552 0.00120894 -0.00887653 -0.0577935 0.00247959 0.00133516 0.149348 -0.115205 -0.00961578 
22 0 0.0521504 -1.18734 -1.48609 1.53901 -1.72847 -1.33537 1.64294 0.104697 2.00612 -0.111582 -0.00629435 0.0070573 0.124552 0.00120888 -0.00887628 -0.0577935 0.00247959 0.00133516 0.149348 -0.115413 -0.00921631 
22 0 0.0521504 -1.18734 -1.48609 1.53901 -1.72847 -1.33575 1.64333 0.104697 2.00651 -0.111582 -0.00629435 0.0070573 0.124552 0.00100983 -0.00924145 -0.0577935 0.00247959 0.00133516 0.149348 -0.115667 -0.00964769 
22 0 0.0521504 -1.18734 -1.48609 1.53901 -1.72885 -1.33575 1.64294 0.104697 2.00612 -0.111582 -0.00629435 0.0070573 0.124552 0.00100977 -0.00924119 -0.0577935 0.00247959 0.00133516 0.149348 -0.115667 -0.00964763 
22 0 0.0521504 -1.18734 -1.48609 1.53901 -1.72847 -1.33575 1.64294 0.104697 2.00651 -0.111582 -0.00629435 0.0070573 0.124552 0.000757555 -0.00885273 -0.0577935 0.00247959 0.000953689 0.149348 -0.115874 -0.009248 
22 0 0.0521504 -1.18734 -1.48609 1.53901 -1.72885 -1.33575 1.64333 0.104697 2.00651 -0.111582 -0.00629435 0.0070573 0.124552 0.000956899 -0.00848815 -0.0577935 0.00247959 0.000953689 0.149348 -0.116129 -0.00967955 
22 0 0.0521504 -1.18734 -1.48609 1.53901 -1.72847 -1.33575 1.64294 0.104697 2.00612 -0.111582 -0.00629435 0.0070573 0.124552 0.00095684 -0.0084879 -0.0577935 0.00247959 0.00133516 0.149729 -0.116129 -0.00967949 
22 0 0.0521504 -1.18734 -1.48609 1.53901 -1.72847 -1.33575 1.64333 0.105081 2.00651 -0.111582 -0.00629435 0.0070573 0.124552 0.00095684 -0.0084879 -0.0577935 0.00247959 0.00133516 0.149729 -0.116336 -0.0092797 
22 0 0.0521504 -1.18734 -1.48609 1.53901 -1.72847 -1.33575 1.64333 0.104697 2.00651 -0.111582 -0.00629435 0.0070573 0.124552 0.00095684 -0.0084879 -0.0577935 0.00247959 0.00133516 0.149729 -0.116336 -0.00928004 
22 0 0.0521504 -1.18734 -1.48609 1.53901 -1.72847 -1.33575 1.64294 0.104697 2.00651 -0.111582 -0.00629435 0.0070573 0.124552 0.00095684 -0.0084879 -0.0577935 0.00247959 0.00133516 0.149729 -0.116336 -0.00928004 
22 0 0.0521504 -1.18734 -1.48609 1.53901 -1.72847 -1.33575 1.64333 0.104697 2.00651 -0.111582 -0.00629435 0.0070573 0.124552 0.00095684 -0.0084879 -0.0577935 0.00247959 0.00133516 0.149729 -0.116544 -0.00888008 
22 0 0.0521504 -1.18734 -1.48609 1.53901 -1.72847 -1.33575 1.64333 0.105081 2.00651 -0.111582 -0.00629435 0.0070573 0.124552 0.00095684 -0.0084879 -0.0577935 0.00247959 0.00133516 0.149729 -0.116544 -0.00888042 
22 0 0.0521504 -1.18734 -1.48609 1.53901 -1.72847 -1.33575 1.64333 0.104697 2.00651 -0.111582 -0.00629435 0.0070573 0.124552 0.00095684 -0.0084879 -0.0577935 0.00247959 0.00133516 0.149729 -0.116544 -0.00888042 
22 0 0.0521504 -1.18734 -1.48609 1.53901 -1.72885 -1.33575 1.64333 0.105081 2.00651 -0.111582 -0.00629435 0.0070573 0.124552 0.00095684 -0.0084879 -0.0577935 0.00247959 0.00133516 0.149729 -0.117006 -0.00891223 
22 0 0.0521504 -1.18734 -1.48609 1.53901 -1.72847 -1.33575 1.64333 0.105081 2.00651 -0.111582 -0.00629435 0.0070573 0.124552 0.00095684 -0.0084879 -0.0577935 0.00247959 0.00133516 0.149729 -0.117006 -0.00891197 
22 0 0.0521504 -1.18734 -1.48609 1.53901 -1.72847 -1.33575 1.64294 0.104697 2.00651 -0.111582 -0.00629435 0.0070573 0.124552 0.00095684 -0.0084879 -0.0577935 0.00247959 0.00133516 0.149729 -0.117006 -0.00891197 
22 0 0.0521504 -1.18734 -1.48609 1.53901 -1.72847 -1.33575 1.64333 0.105081 2.00651 -0.1112 -0.00629435 0.0070573 0.124552 0.00095684 -0.0084879 -0.0577935 0.00247959 0.00133516 0.149729 -0.117006 -0.00891197 
22 0 0.0521504 -1.18734 -1.48609 1.53901 -1.72847 -1.33614 1.64333 0.105081 2.00651 -0.111582 -0.00629435 0.0070573 0.124552 0.00095684 -0.0084879 -0.0577935 0.00247959 0.00133516 0.149729 -0.117213 -0.00851167 
22 0 0.0521504 -1.18734 -1.48609 1.53901 -1.72847 -1.33614 1.64333 0.104697 2.00651 -0.111582 -0.00629435 0.0070573 0.124552 0.00095684 -0.0084879 -0.0577935 0.00247959 0.00133516 0.149729 -0.117213 -0.00851201 
22 0 0.0521504 -1.18734 -1.48609 1.53901 -1.72847 -1.33614 1.64294 0.105081 2.00651 -0.111582 -0.00629435 0.0070573 0.124552 0.00095684 -0.0084879 -0.0577935 0.00247959 0.00133516 0.149729 -0.117213 -0.00851201 
22 0 0.0521504 -1.18734 -1.48647 1.53901 -1.72847 -1.33614 1.64333 0.105081 2.00651 -0.111582 -0.00629435 0.0070573 0.124552 0.00095684 -0.0084879 -0.0577935 0.00247959 0.00133516 0.149729 -0.117213 -0.00851201 
22 0 0.0521504 -1.18734 -1.48647 1.53901 -1.72885 -1.33614 1.64294 0.105081 2.00651 -0.111582 -0.00629435 0.0070573 0.124552 0.00095684 -0.0084879 -0.0577935 0.00247959 0.00133516 0.149729 -0.117421 -0.00811153 
22 0 0.0521504 -1.18734 -1.48609 1.53901 -1.72847 -1.33614 1.64333 0.105081 2.00651 -0.111582 -0.00629435 0.0070573 0.124552 0.00095684 -0.0084879 -0.0577935 0.00247959 0.00133516 0.149729 -0.117676 -0.00854347 
22 0 0.0521504 -1.18734 -1.48609 1.53901 -1.72847 -1.33614 1.64333 0.104697 2.00651 -0.111582 -0.00629435 0.0070573 0.124552 0.00095684 -0.0084879 -0.0577935 0.00247959 0.00133516 0.149729 -0.117675 -0.00854341 
22 0 0.0521504 -1.18734 -1.48647 1.53901 -1.72847 -1.33614 1.64333 0.105081 2.00651 -0.111582 -0.00629435 0.0070573 0.124552 0.00095684 -0.0084879 -0.0577935 0.00247959 0.00133516 0.149729 -0.117675 -0.00854341 
22 0 0.0521504 -1.18734 -1.48647 1.53901 -1.72847 -1.33652 1.64333 0.105081 2.00689 -0.111582 -0.00629435 0.0070573 0.124552 0.00070476 -0.0080993 -0.0577935 0.00247959 0.00133516 0.149729 -0.117675 -0.00854341 
22 0 0.0521504 -1.18734 -1.48647 1.53901 -1.72847 -1.33652 1.64333 0.105081 2.00689 -0.111582 -0.00629435 0.0070573 0.124552 0.000704855 -0.00809937 -0.0577935 0.00247959 0.00133516 0.149729 -0.117675 -0.00854341 
22 0 0.0521504 -1.18734 -1.48647 1.53901 -1.72847 -1.33652 1.64294 0.104697 2.00689 -0.111582 -0.00629435 0.0070573 0.124552 0.000704855 -0.00809937 -0.0577935 0.00247959 0.00133516 0.149729 -0.117883 -0.00814278 
22 0 0.0521504 -1.18734 -1.48647 1.53901 -1.72847 -1.33652 1.64294 0.105081 2.00651 -0.111582 -0.00629435 0.0070573 0.124552 0.000704855 -0.00809937 -0.0577935 0.00247959 0.00133516 0.149729 -0.117883 -0.00814311 
22 0 0.0521504 -1.18734 -1.48647 1.53901 -1.72847 -1.33652 1.64294 0.104697 2.00689 -0.111582 -0.00629435 0.0070573 0.124552 0.000704855 -0.00809937 -0.0577935 0.00247959 0.00133516 0.149729 -0.117883 -0.00814311 
22 0 0.0521504 -1.18734 -1.48647 1.53901 -1.72885 -1.33652 1.64333 0.104697 2.00689 -0.111582 -0.00629435 0.0070573 0.124552 0.000704855 -0.00809937 -0.0577935 0.00247959 0.00133516 0.149729 -0.117883 -0.00814311 
22 0 0.0521504 -1.18734 -1.48647 1.53901 -1.72847 -1.33652 1.64294 0.104697 2.00651 -0.111582 -0.00629435 0.0070573 0.124552 0.000704855 -0.00809937 -0.0577935 0.00247959 0.00133516 0.149729 -0.117883 -0.00814311 
22 0 0.0521504 -1.18734 -1.48647 1.53901 -1.72847 -1.33691 1.64333 0.104697 2.00651 -0.111582 -0.00629435 0.0070573 0.124552 0.000704855 -0.00809937 -0.0577935 0.00247959 0.00133516 0.149729 -0.117883 -0.00814311 
22 0 0.0521504 -1.18734 -1.48647 1.53901 -1.72847 -1.33652 1.64333 0.104697 2.00651 -0.111582 -0.00629435 0.0070573 0.124552 0.000704855 -0.00809937 -0.0577935 0.00247959 0.00133516 0.149729 -0.117883 -0.00814311 
22 0 0.0521504 -1.18734 -1.48647 1.53901 -1.72847 -1.33691 1.64294 0.105081 2.00651 -0.111582 -0.00629435 0.0070573 0.124552 0.000704855 -0.00809937 -0.0577935 0.00247959 0.00133516 0.149729 -0.117883 -0.00814311 
22 0 0.0521504 -1.18734 -1.48647 1.53901 -1.72885 -1.33691 1.64294 0.105081 2.00651 -0.111582 -0.00629435 0.0070573 0.124552 0.000452836 -0.00771064 -0.0577935 0.00247959 0.00133516 0.149729 -0.117883 -0.00814311 
22 0 0.0521504 -1.18734 -1.48647 1.53901 -1.72885 -1.33691 1.64333 0.105081 2.00651 -0.111582 -0.00629435 0.0070573 0.124552 0.000253642 -0.00807585 -0.0577935 0.00247959 0.00133516 0.149729 -0.11809 -0.00774231 
22 0 0.0521504 -1.18734 -1.48609 1.53901 -1.72847 -1.33691 1.64333 0.105081 2.00689 -0.111582 -0.00629435 0.0070573 0.124552 0.000253583 -0.00807559 -0.0577935 0.00247959 0.00133516 0.149729 -0.11809 -0.00774265 
22 0 0.0521504 -1.18734 -1.48647 1.53901 -1.72847 -1.33691 1.64294 0.105081 2.00651 -0.111582 -0.00629435 0.0070573 0.124552 0.000253583 -0.00807559 -0.0577935 0.00247959 0.00133516 0.149729 -0.11809 -0.00774265 
22 0 0.0521504 -1.18734 -1.48609 1.53901 -1.72847 -1.33729 1.64333 0.104697 2.00689 -0.111582 -0.00629435 0.0070573 0.124552 0.000253583 -0.00807559 -0.0577935 0.00247959 0.00133516 0.149729 -0.118345 -0.00817444 
22 0 0.0521504 -1.18734 -1.48647 1.53901 -1.72847 -1.33691 1.64333 0.105081 2.00651 -0.111582 -0.00629435 0.0070573 0.124552 0.000253583 -0.00807559 -0.0577935 0.00247959 0.00133516 0.149729 -0.118345 -0.00817438 
22 0 0.0521504 -1.18734 -1.48647 1.53901 -1.72885 -1.33729 1.64333 0.105081 2.00689 -0.111582 -0.00629435 0.0070573 0.124552 0.000253583 -0.00807559 -0.0577935 0.00247959 0.00133516 0.149729 -0.118345 -0.00817438 
22 0 0.0521504 -1.18734 -1.48647 1.53901 -1.72885 -1.33729 1.64294 0.105081 2.00689 -0.111582 -0.00629435 0.0070573 0.124552 0.000253583 -0.00807559 -0.0577935 0.00247959 0.00133516 0.149729 -0.118345 -0.00817438 
22 0 0.0521504 -1.18734 -1.48647 1.53901 -1.72885 -1.33729 1.64294 0.105081 2.00651 -0.111582 -0.00629435 0.0070573 0.124552 0.000253583 -0.00807559 -0.0577935 0.00247959 0.00133516 0.149729 -0.118345 -0.00817438 
22 0 0.0521504 -1.18734 -1.48647 1.53901 -1.72885 -1.33729 1.64294 0.105081 2.00651 -0.111582 -0.00629435 0.0070573 0.124552 0.000253583 -0.00807559 -0.0577935 0.00247959 0.00133516 0.149729 -0.118345 -0.00817438 
22 0 0.0521504 -1.18734 -1.48647 1.53901 -1.72885 -1.33729 1.64294 0.105081 2.00651 -0.111582 -0.00629435 0.0070573 0.124552 1.5445e-06 -0.00768671 -0.0577935 0.00247959 0.00133516 0.149729 -0.118345 -0.00817438 
22 0 0.0521504 -1.18734 -1.48609 1.5394 -1.72885 -1.33729 1.64333 0.105081 2.00651 -0.111582 -0.00629435 0.0070573 0.124552 1.639e-06 -0.00768678 -0.0577935 0.00247959 0.00133516 0.149729 -0.118345 -0.00817438 
22 0 0.0521504 -1.18734 -1.48647 1.53901 -1.72885 -1.33767 1.64333 0.105081 2.00689 -0.111582 -0.00629435 0.0070573 0.124552 1.639e-06 -0.00768678 -0.0577935 0.00247959 0.00133516 0.149729 -0.118345 -0.00817438 
22 0 0.0521504 -1.18734 -1.48647 1.53901 -1.72885 -1.33729 1.64294 0.105081 2.00651 -0.111582 -0.00629435 0.0070573 0.124552 1.639e-06 -0.00768678 -0.0577935 0.00247959 0.00133516 0.149729 -0.118345 -0.00817438 
22 0 0.0521504 -1.18734 -1.48647 1.5394 -1.72885 -1.33729 1.64333 0.105081 2.00651 -0.111582 -0.00629435 0.0070573 0.124552 1.639e-06 -0.00768678 -0.0577935 0.00247959 0.00133516 0.149729 -0.118345 -0.00817438 
22 0 0.0521504 -1.18734 -1.48647 1.53901 -1.72885 -1.33767 1.64294 0.105081 2.00651 -0.111582 -0.00629435 0.0070573 0.124552 1.639e-06 -0.00768678 -0.0577935 0.00247959 0.00133516 0.149729 -0.118552 -0.00777341 
22 0 0.0521504 -1.18734 -1.48647 1.53901 -1.72885 -1.33767 1.64294 0.104697 2.00689 -0.111582 -0.00629435 0.0070573 0.124552 1.639e-06 -0.00768678 -0.0577935 0.00247959 0.00133516 0.149729 -0.118553 -0.00777374 
22 0 0.0521504 -1.18734 -1.48647 1.5394 -1.72885 -1.33767 1.64333 0.105081 2.00651 -0.111582 -0.00629435 0.0070573 0.124552 -0.000197668 -0.00805205 -0.0577935 0.00247959 0.00133516 0.149729 -0.118553 -0.00777374 
22 0 0.0521504 -1.18734 -1.48647 1.53901 -1.72885 -1.33767 1.64333 0.105081 2.00651 -0.111582 -0.00629435 0.0070573 0.124552 -0.000197728 -0.00805179 -0.0577935 0.00247959 0.00133516 0.149729 -0.118553 -0.00777374 
22 0 0.0521504 -1.18734 -1.48647 1.53901 -1.72885 -1.33767 1.64333 0.105081 2.00651 -0.111582 -0.00629435 0.0070573 0.124552 -0.000197728 -0.00805179 -0.0577935 0.00247959 0.00133516 0.149729 -0.118553 -0.00777374 
22 0 0.0521504 -1.18734 -1.48647 1.53901 -1.72885 -1.33767 1.64333 0.105081 2.00689 -0.111582 -0.00629435 0.0070573 0.124552 -0.000197728 -0.00805179 -0.0577935 0.00247959 0.00133516 0.149729 -0.118807 -0.0082057 
22 0 0.0521504 -1.18734 -1.48647 1.53901 -1.72885 -1.33767 1.64333 0.105081 2.00689 -0.111582 -0.00629435 0.0070573 0.124552 -0.000197728 -0.00805179 -0.0577935 0.00247959 0.00133516 0.149729 -0.118807 -0.00820565 
22 0 0.0521504 -1.18734 -1.48647 1.53901 -1.72885 -1.33767 1.64294 0.105081 2.00689 -0.111582 -0.00629435 0.0070573 0.124552 -0.000197728 -0.00805179 -0.0577935 0.00247959 0.00133516 0.149729 -0.118807 -0.00820565 
22 0 0.0521504 -1.18772 -1.48647 1.5394 -1.72885 -1.33806 1.64294 0.105081 2.00651 -0.111582 -0.00629435 0.0070573 0.124552 -0.000197728 -0.00805179 -0.0577935 0.00247959 0.00133516 0.149729 -0.118807 -0.00820565 
22 0 0.0521504 -1.18734 -1.48609 1.53901 -1.72885 -1.33767 1.64333 0.105081 2.00651 -0.111582 -0.00629435 0.0070573 0.124552 -0.000449785 -0.00766276 -0.0577935 0.00247959 0.00133516 0.149729 -0.118807 -0.00820565 
22 0 0.0521504 -1.18772 -1.48647 1.53901 -1.72847 -1.33767 1.64294 0.105081 2.00689 -0.111582 -0.00629435 0.0070573 0.124552 -0.00044969 -0.00766283 -0.0577935 0.00247959 0.00133516 0.149729 -0.118807 -0.00820565 
22 0 0.0521504 -1.18734 -1.48609 1.53901 -1.72885 -1.33767 1.64333 0.105081 2.00651 -0.111582 -0.00629435 0.0070573 0.124552 -0.00044969 -0.00766283 -0.0577935 0.00247959 0.00133516 0.149729 -0.118807 -0.00820565 
22 0 0.0521504 -1.18734 -1.48609 1.5394 -1.72885 -1.33767 1.64333 0.105081 2.00651 -0.111582 -0.00629435 0.0070573 0.124552 -0.00044969 -0.00766283 -0.0577935 0.00247959 0.00133516 0.149729 -0.118807 -0.00820565 
22 0 0.0521504 -1.18734 -1.48647 1.5394 -1.72885 -1.33806 1.64333 0.104697 2.00689 -0.111582 -0.00629435 0.0070573 0.124552 -0.00044969 -0.00766283 -0.0577935 0.00247959 0.00133516 0.149729 -0.118807 -0.00820565 
22 0 0.0521504 -1.18734 -1.48609 1.53901 -1.72885 -1.33767 1.64333 0.104697 2.00689 -0.111582 -0.00629435 0.0070573 0.124552 -0.00044969 -0.00766283 -0.0577935 0.00247959 0.00133516 0.149729 -0.118807 -0.00820565 
22 0 0.0521504 -1.18734 -1.48647 1.5394 -1.72885 -1.33767 1.64333 0.105081 2.00689 -0.111582 -0.00629435 0.0070573 0.124552 -0.00044969 -0.00766283 -0.0577935 0.00247959 0.00133516 0.149729 -0.119015 -0.00780451 
22 0 0.0521504 -1.18734 -1.48647 1.53901 -1.72885 -1.33806 1.64333 0.105081 2.00651 -0.111582 -0.00629435 0.0070573 0.124552 -0.00044969 -0.00766283 -0.0577935 0.00247959 0.00133516 0.149729 -0.119015 -0.00780485 
22 0 0.0521504 -1.18734 -1.48647 1.53901 -1.72885 -1.33806 1.64333 0.105081 2.00689 -0.111582 -0.00629435 0.0070573 0.124552 -0.00044969 -0.00766283 -0.0577935 0.00247959 0.00133516 0.149729 -0.119015 -0.00780485 
22 0 0.0521504 -1.18734 -1.48647 1.5394 -1.72885 -1.33806 1.64294 0.105081 2.00651 -0.111582 -0.00629435 0.0070573 0.124552 -0.00044969 -0.00766283 -0.0577935 0.00247959 0.00133516 0.149348 -0.119015 -0.00780485 
22 0 0.0521504 -1.18734 -1.48609 1.5394 -1.72885 -1.33806 1.64294 0.105081 2.00651 -0.111582 -0.00629435 0.0070573 0.124552 -0.00044969 -0.00766283 -0.0577935 0.00247959 0.00133516 0.149348 -0.119015 -0.00780485 
22 0 0.0521504 -1.18734 -1.48647 1.5394 -1.72885 -1.33767 1.64294 0.105081 2.00689 -0.111582 -0.00629435 0.0070573 0.124552 -0.00044969 -0.00766283 -0.0577935 0.00247959 0.00133516 0.149348 -0.119015 -0.00780485 
22 0 0.0521504 -1.18734 -1.48609 1.5394 -1.72885 -1.33767 1.64333 0.105081 2.00689 -0.111582 -0.00629435 0.0070573 0.124552 -0.00044969 -0.00766283 -0.0577935 0.00247959 0.00133516 0.149348 -0.119015 -0.00780485 
22 0 0.0521504 -1.18734 -1.48647 1.5394 -1.72885 -1.33767 1.64294 0.105081 2.00651 -0.111582 -0.00629435 0.0070573 0.124552 -0.000701687 -0.00727367 -0.0577935 0.00247959 0.00133516 0.149348 -0.119015 -0.00780485 
22 0 0.0521504 -1.18734 -1.48647 1.5394 -1.72885 -1.33767 1.64294 0.105081 2.00651 -0.111582 -0.00629435 0.0070573 0.124552 -0.000701593 -0.00727373 -0.0577935 0.00247959 0.00133516 0.149348 -0.119015 -0.00780485 
22 0 0.0521504 -1.18734 -1.48647 1.53901 -1.72885 -1.33767 1.64333 0.105081 2.00651 -0.111582 -0.00629435 0.0070573 0.124552 -0.000701593 -0.00727373 -0.0577935 0.00247959 0.00133516 0.149348 -0.119015 -0.00780485 
22 0 0.0521504 -1.18734 -1.48647 1.5394 -1.72885 -1.33767 1.64333 0.104697 2.00689 -0.111582 -0.00629435 0.0070573 0.124552 -0.000701593 -0.00727373 -0.0577935 0.00247959 0.00133516 0.149348 -0.119015 -0.00780485 
22 0 0.0521504 -1.18734 -1.48647 1.5394 -1.72885 -1.33767 1.64333 0.105081 2.00651 -0.111582 -0.00629435 0.0070573 0.124552 -0.000701593 -0.00727373 -0.0577935 0.00247959 0.00133516 0.149348 -0.119015 -0.00780485 
22 0 0.0521504 -1.18734 -1.48647 1.53901 -1.72885 -1.33767 1.64333 0.104697 2.00689 -0.111582 -0.00629435 0.0070573 0.124552 -0.000701593 -0.00727373 -0.0577935 0.00247959 0.00133516 0.149348 -0.119015 -0.00780485 
22 0 0.0521504 -1.18734 -1.48647 1.53901 -1.72885 -1.33767 1.64294 0.105081 2.00651 -0.111582 -0.00629435 0.0070573 0.124552 -0.000953529 -0.00688443 -0.0577935 0.00247959 0.00133516 0.149348 -0.119269 -0.00823698 
22 0 0.0521504 -1.18734 -1.48647 1.5394 -1.72885 -1.33806 1.64294 0.105081 2.00651 -0.111582 -0.00629435 0.0070573 0.124552 -0.000953435 -0.0068845 -0.0577935 0.00247959 0.00133516 0.149348 -0.119269 -0.00823693 
22 0 0.0521504 -1.18734 -1.48647 1.53901 -1.72847 -1.33806 1.64294 0.105081 2.00651 -0.111582 -0.00629435 0.0070573 0.124552 -0.000953435 -0.0068845 -0.0577935 0.00247959 0.00133516 0.149348 -0.119269 -0.00823693 
22 0 0.0521504 -1.18734 -1.48647 1.5394 -1.72885 -1.33767 1.64333 0.105081 2.00651 -0.111582 -0.00629435 0.0070573 0.124552 -0.00120531 -0.00649505 -0.0577935 0.00247959 0.00133516 0.149348 -0.119269 -0.00823693 
22 0 0.0521504 -1.18734 -1.48647 1.5394 -1.72885 -1.33767 1.64333 0.105081 2.00689 -0.111582 -0.00629435 0.0070573 0.124552 -0.00120522 -0.00649512 -0.0577935 0.00247959 0.00133516 0.149348 -0.119477 -0.00783563 
22 0 0.0521504 -1.18734 -1.48609 1.5394 -1.72885 -1.33767 1.64294 0.105081 2.00689 -0.111582 -0.00629435 0.0070573 0.124552 -0.00120522 -0.00649512 -0.0577935 0.00247959 0.00133516 0.149348 -0.119477 -0.00783597 
22 0 0.0521504 -1.18734 -1.48609 1.5394 -1.72885 -1.33767 1.64333 0.105081 2.00689 -0.111582 -0.00629435 0.0070573 0.124552 -0.00120522 -0.00649512 -0.0577935 0.00247959 0.00133516 0.149348 -0.119477 -0.00783597 
22 0 0.0521504 -1.18734 -1.48647 1.5394 -1.72847 -1.33767 1.64294 0.105081 2.00651 -0.111582 -0.00629435 0.0070573 0.124552 -0.00145703 -0.00610554 -0.0577935 0.00247959 0.00133516 0.149348 -0.119477 -0.00783597 
22 0 0.0521504 -1.18734 -1.48647 1.5394 -1.72885 -1.33767 1.64333 0.105081 2.00689 -0.111582 -0.00629435 0.0070573 0.124552 -0.00145694 -0.00610561 -0.0577935 0.00247959 0.00133516 0.149348 -0.119477 -0.00783597 
22 0 0.0521504 -1.18734 -1.48647 1.53901 -1.72885 -1.33767 1.64294 0.105081 2.00651 -0.111582 -0.00629435 0.0070573 0.124552 -0.00145694 -0.00610561 -0.0577935 0.00247959 0.00133516 0.149348 -0.119477 -0.00783597 
22 0 0.0521504 -1.18734 -1.48647 1.5394 -1.72885 -1.33767 1.64333 0.105081 2.00651 -0.111582 -0.00629435 0.0070573 0.124552 -0.00170869 -0.00571589 -0.0577935 0.00247959 0.00133516 0.149348 -0.119477 -0.00783597 
22 0 0.0521504 -1.18734 -1.48647 1.5394 -1.72885 -1.33767 1.64294 0.105081 2.00651 -0.111582 -0.00629435 0.0070573 0.124552 -0.0017086 -0.00571595 -0.0577935 0.00247959 0.00133516 0.149348 -0.119477 -0.00783597 
22 0 0.0521504 -1.18734 -1.48647 1.53901 -1.72885 -1.33767 1.64333 0.105081 2.00651 -0.111582 -0.00629435 0.0070573 0.124552 -0.0017086 -0.00571595 -0.0577935 0.00247959 0.00133516 0.149348 -0.119477 -0.00783597 
22 0 0.0521504 -1.18734 -1.48647 1.5394 -1.72847 -1.33767 1.64294 0.105081 2.00651 -0.111582 -0.00629435 0.0070573 0.124552 -0.00196029 -0.00532609 -0.0577935 0.00247959 0.00133516 0.149348 -0.119477 -0.00783597 
22 0 0.0521504 -1.18734 -1.48647 1.53901 -1.72885 -1.33767 1.64294 0.105081 2.00689 -0.111582 -0.00629435 0.0070573 0.124552 -0.0019602 -0.00532616 -0.0577935 0.00247959 0.00133516 0.149348 -0.119477 -0.00783597 
22 0 0.0521504 -1.18734 -1.48647 1.53901 -1.72885 -1.33806 1.64333 0.105081 2.00651 -0.111582 -0.00629435 0.0070573 0.124552 -0.0019602 -0.00532616 -0.0577935 0.00247959 0.00133516 0.149348 -0.119477 -0.00783597 
22 0 0.0521504 -1.18734 -1.48647 1.5394 -1.72885 -1.33767 1.64333 0.105081 2.00689 -0.111582 -0.00629435 0.0070573 0.124552 -0.00221183 -0.00493616 -0.0577935 0.00247959 0.00133516 0.149348 -0.119732 -0.00826826 
22 0 0.0521504 -1.18734 -1.48647 1.5394 -1.72885 -1.33767 1.64294 0.105081 2.00651 -0.111582 -0.00629435 0.0070573 0.124552 -0.00221174 -0.00493623 -0.0577935 0.00247959 0.00133516 0.149348 -0.119731 -0.00826821 
22 0 0.0521504 -1.18734 -1.48647 1.5394 -1.72847 -1.33767 1.64294 0.105081 2.00689 -0.111582 -0.00629435 0.0070573 0.124552 -0.00221174 -0.00493623 -0.0577935 0.00247959 0.00133516 0.149348 -0.119731 -0.00826821 
22 0 0.0521504 -1.18734 -1.48647 1.5394 -1.72885 -1.33767 1.64294 0.105081 2.00651 -0.111582 -0.00629435 0.0070573 0.124552 -0.00221174 -0.00493623 -0.0577935 0.00247959 0.00133516 0.149348 -0.119731 -0.00826821 
22 0 0.0521504 -1.18734 -1.48647 1.5394 -1.72885 -1.33767 1.64333 0.105081 2.00651 -0.111582 -0.00629435 0.0070573 0.124552 -0.00246331 -0.0045461 -0.0577935 0.00247959 0.00133516 0.149348 -0.119731 -0.00826821 
22 0 0.0521504 -1.18734 -1.48647 1.53901 -1.72847 -1.33767 1.64333 0.105081 2.00651 -0.111582 -0.00629435 0.0070573 0.124552 -0.00266318 -0.00491147 -0.0577935 0.00247959 0.00133516 0.149348 -0.119731 -0.00826821 
22 0 0.0521504 -1.18734 -1.48647 1.53901 -1.72885 -1.33767 1.64333 0.105081 2.00651 -0.111582 -0.00629435 0.0070573 0.124552 -0.00266324 -0.00491122 -0.0577935 0.00247959 0.00133516 0.149348 -0.119939 -0.00786675 
22 0 0.0521504 -1.18734 -1.48647 1.53901 -1.72847 -1.33767 1.64333 0.105081 2.00689 -0.111582 -0.00629435 0.0070573 0.124552 -0.00266324 -0.00491122 -0.0577935 0.00247959 0.00133516 0.149348 -0.119939 -0.00786709 
22 0 0.0521504 -1.18734 -1.48647 1.5394 -1.72847 -1.33767 1.64333 0.105081 2.00689 -0.111582 -0.00629435 0.0070573 0.124552 -0.00291483 -0.00452093 -0.0577935 0.00247959 0.00133516 0.149348 -0.119939 -0.00786709 
22 0 0.0521504 -1.18734 -1.48647 1.5394 -1.72847 -1.33767 1.64294 0.105081 2.00651 -0.111582 -0.00629435 0.0070573 0.124552 -0.00291473 -0.004521 -0.0577935 0.00247959 0.00133516 0.149348 -0.119939 -0.00786709 
22 0 0.0521504 -1.18734 -1.48647 1.5394 -1.72847 -1.33767 1.64333 0.105081 2.00689 -0.111582 -0.00629435 0.0070573 0.124552 -0.00291473 -0.004521 -0.0577935 0.00247959 0.00133516 0.149348 -0.119939 -0.00786709 
22 0 0.0521504 -1.18734 -1.48647 1.53901 -1.72847 -1.33767 1.64294 0.105081 2.00651 -0.111582 -0.00629435 0.0070573 0.124552 -0.00316626 -0.00413057 -0.0577935 0.00247959 0.00133516 0.149348 -0.119939 -0.00786709 
22 0 0.0521504 -1.18734 -1.48647 1.5394 -1.72847 -1.33767 1.64294 0.105081 2.00651 -0.111582 -0.00629435 0.0070573 0.124552 -0.00316617 -0.00413064 -0.0577935 0.00247959 0.00133516 0.149348 -0.119939 -0.00786709 
22 0 0.0521504 -1.18734 -1.48647 1.5394 -1.72885 -1.33767 1.64333 0.105081 2.00651 -0.111582 -0.00629435 0.0070573 0.124552 -0.00341764 -0.00374008 -0.0577935 0.00247959 0.00133516 0.149348 -0.119939 -0.00786709 
22 0 0.0521504 -1.18734 -1.48647 1.5394 -1.72885 -1.33767 1.64333 0.105081 2.00651 -0.111582 -0.00629435 0.0070573 0.124552 -0.00341754 -0.00374014 -0.0577935 0.00247959 0.00133516 0.149348 -0.119939 -0.00786709 
22 0 0.0521504 -1.18734 -1.48647 1.5394 -1.72847 -1.33767 1.64333 0.105081 2.00689 -0.111582 -0.00629435 0.0070573 0.124552 -0.00341754 -0.00374014 -0.0577935 0.00247959 0.00133516 0.149348 -0.119939 -0.00786709 
22 0 0.0521504 -1.18734 -1.48647 1.53901 -1.72847 -1.33767 1.64333 0.105081 2.00689 -0.111582 -0.00629435 0.0070573 0.124552 -0.00366895 -0.00334944 -0.0577935 0.00247959 0.00133516 0.149348 -0.119939 -0.00786709 
22 0 0.0521504 -1.18734 -1.48647 1.53901 -1.72847 -1.33767 1.64333 0.105081 2.00651 -0.111582 -0.00629435 0.0070573 0.124552 -0.00366886 -0.00334951 -0.0574121 0.00247959 0.00133516 0.149348 -0.119939 -0.00786709 
22 0 0.0521504 -1.18734 -1.48647 1.53901 -1.72847 -1.33767 1.64333 0.105081 2.00689 -0.111582 -0.00629435 0.0070573 0.124552 -0.0039202 -0.00295866 -0.0574121 0.00247959 0.00133516 0.149348 -0.119939 -0.00786709 
22 0 0.0521504 -1.18734 -1.48647 1.53901 -1.72847 -1.33767 1.64333 0.105081 2.00689 -0.111582 -0.00629435 0.0070573 0.124552 -0.00392011 -0.00295873 -0.0577935 0.00247959 0.00133516 0.149348 -0.119939 -0.00786709 
22 0 0.0521504 -1.18734 -1.48647 1.53901 -1.72847 -1.33767 1.64333 0.105081 2.00651 -0.111582 -0.00629435 0.0070573 0.124552 -0.0041204 -0.00332413 -0.0577935 0.00247959 0.00133516 0.149348 -0.119939 -0.00786709 
22 0 0.0521504 -1.18734 -1.48647 1.53901 -1.72847 -1.33806 1.64333 0.105081 2.00651 -0.111582 -0.00629435 0.0070573 0.124552 -0.00437183 -0.00293288 -0.0577935 0.00247959 0.00133516 0.149348 -0.119939 -0.00786709 
22 0 0.0521504 -1.18734 -1.48647 1.53901 -1.72847 -1.33767 1.64333 0.105081 2.00651 -0.111582 -0.00629435 0.0070573 0.124552 -0.00437173 -0.00293295 -0.0577935 0.00247959 0.00133516 0.149348 -0.119939 -0.00786709 
22 0 0.0521504 -1.18734 -1.48647 1.53901 -1.72847 -1.33767 1.64333 0.105081 2.00651 -0.111582 -0.00629435 0.0070573 0.124552 -0.00437173 -0.00293295 -0.0577935 0.00247959 0.00133516 0.149348 -0.119939 -0.00786709 
22 0 0.0521504 -1.18734 -1.48647 1.53901 -1.72847 -1.33767 1.64333 0.105081 2.00689 -0.111582 -0.00629435 0.0070573 0.124552 -0.00437173 -0.00293295 -0.0577935 0.00247959 0.00133516 0.149348 -0.119939 -0.00786709 
22 0 0.0521504 -1.18734 -1.48647 1.53901 -1.72847 -1.33767 1.64333 0.105081 2.00651 -0.111582 -0.00629435 0.0070573 0.124552 -0.00437173 -0.00293295 -0.0577935 0.00247959 0.00133516 0.149348 -0.119939 -0.00786709 
22 0 0.0521504 -1.18734 -1.48647 1.53901 -1.72847 -1.33767 1.64333 0.105081 2.00651 -0.111582 -0.00629435 0.0070573 0.124552 -0.00437173 -0.00293295 -0.0577935 0.00247959 0.00133516 0.149348 -0.119939 -0.00786709 
22 0 0.0521504 -1.18734 -1.48647 1.53901 -1.72847 -1.33767 1.64333 0.105464 2.00651 -0.111582 -0.00629435 0.0070573 0.124552 -0.00437173 -0.00293295 -0.0577935 0.00247959 0.00133516 0.149348 -0.119939 -0.00786709 
22 0 0.0521504 -1.18734 -1.48647 1.53901 -1.72847 -1.33767 1.64333 0.105081 2.00651 -0.111582 -0.00629435 0.0070573 0.124552 -0.00437173 -0.00293295 -0.0577935 0.00247959 0.00133516 0.149348 -0.120194 -0.00829956 
22 0 0.0521504 -1.18734 -1.48647 1.53901 -1.72847 -1.33767 1.64333 0.105081 2.00689 -0.111582 -0.00629435 0.0070573 0.124552 -0.00437173 -0.00293295 -0.0577935 0.00247959 0.00133516 0.149348 -0.120194 -0.00829951 
22 0 0.0521504 -1.18734 -1.48647 1.53901 -1.72847 -1.33767 1.64333 0.105081 2.00651 -0.111582 -0.00629435 0.0070573 0.124552 -0.00437173 -0.00293295 -0.0577935 0.00247959 0.00133516 0.149348 -0.120194 -0.00829951 
22 0 0.0521504 -1.18734 -1.48647 1.53901 -1.72808 -1.33767 1.64333 0.105081 2.00651 -0.111582 -0.00629435 0.0070573 0.124552 -0.00437173 -0.00293295 -0.0577935 0.00247959 0.00133516 0.149348 -0.120194 -0.00829951 
22 0 0.0521504 -1.18734 -1.48647 1.53901 -1.72847 -1.33767 1.64371 0.105081 2.00651 -0.111582 -0.00629435 0.0070573 0.124552 -0.00437173 -0.00293295 -0.0577935 0.00247959 0.00133516 0.149348 -0.120401 -0.0078979 
22 0 0.0521504 -1.18734 -1.48647 1.53863 -1.72847 -1.33767 1.64333 0.105081 2.00651 -0.111582 -0.00629435 0.0070573 0.124552 -0.00437173 -0.00293295 -0.0577935 0.00247959 0.00133516 0.149348 -0.120401 -0.00789824 
22 0 0.0521504 -1.18734 -1.48647 1.53863 -1.72847 -1.33767 1.64333 0.105081 2.00651 -0.111582 -0.00629435 0.0070573 0.124552 -0.00437173 -0.00293295 -0.0577935 0.00247959 0.00133516 0.149348 -0.120401 -0.00789824 
22 0 0.0521504 -1.18734 -1.48647 1.53863 -1.72808 -1.33767 1.64371 0.105081 2.00651 -0.111582 -0.00629435 0.0070573 0.124552 -0.00437173 -0.00293295 -0.0577935 0.00247959 0.00133516 0.149348 -0.120401 -0.00789824 
22 0 0.0521504 -1.18734 -1.48609 1.53863 -1.72808 -1.33767 1.64371 0.105081 2.00651 -0.111582 -0.00629435 0.0070573 0.124552 -0.00437173 -0.00293295 -0.0577935 0.00247959 0.00133516 0.149348 -0.120401 -0.00789824 
22 0 0.0521504 -1.18734 -1.48647 1.53863 -1.72808 -1.33767 1.64371 0.105081 2.00651 -0.111582 -0.00629435 0.0070573 0.124552 -0.00437173 -0.00293295 -0.0577935 0.00247959 0.00133516 0.149348 -0.120401 -0.00789824 
22 0 0.0521504 -1.18734 -1.48647 1.53863 -1.72808 -1.33767 1.64371 0.105464 2.00651 -0.111582 -0.00629435 0.0070573 0.124552 -0.00437173 -0.00293295 -0.0574121 0.00247959 0.00133516 0.149348 -0.120401 -0.00789824 
22 0 0.0521504 -1.18734 -1.48647 1.53863 -1.72808 -1.33767 1.64371 0.105464 2.00651 -0.111582 -0.00629435 0.0070573 0.124552 -0.00437173 -0.00293295 -0.0577935 0.00247959 0.00133516 0.149348 -0.120401 -0.00789824 
22 0 0.0521504 -1.18695 -1.48647 1.53863 -1.72808 -1.33767 1.64371 0.105081 2.00651 -0.111582 -0.00629435 0.0070573 0.124552 -0.00437173 -0.00293295 -0.0577935 0.00247959 0.00133516 0.149348 -0.120401 -0.00789824 
22 0 0.0521504 -1.18695 -1.48647 1.53863 -1.72808 -1.33767 1.64371 0.105464 2.00651 -0.111582 -0.00629435 0.0070573 0.124552 -0.00437173 -0.00293295 -0.0577935 0.00247959 0.00133516 0.149348 -0.120401 -0.00789824 
22 0 0.0521504 -1.18695 -1.48647 1.53863 -1.72808 -1.33767 1.64371 0.105464 2.00651 -0.111582 -0.00629435 0.0070573 0.124552 -0.00437173 -0.00293295 -0.0577935 0.00247959 0.00133516 0.149348 -0.120401 -0.00789824 
22 0 0.0521504 -1.18695 -1.48647 1.53863 -1.72808 -1.33767 1.64371 0.105464 2.00651 -0.111582 -0.00629435 0.0070573 0.124552 -0.00437173 -0.00293295 -0.0577935 0.00247959 0.00133516 0.149348 -0.120401 -0.00789824 
22 0 0.0521504 -1.18695 -1.48647 1.53863 -1.72808 -1.33806 1.64371 0.105464 2.00651 -0.111582 -0.00629435 0.0070573 0.124552 -0.00437173 -0.00293295 -0.0577935 0.00247959 0.00133516 0.149348 -0.120401 -0.00789824 
22 0 0.0521504 -1.18695 -1.48647 1.53863 -1.72808 -1.33767 1.64371 0.105464 2.00612 -0.111582 -0.00629435 0.0070573 0.124552 -0.00437173 -0.00293295 -0.0577935 0.00247959 0.00133516 0.149348 -0.120401 -0.00789824 
22 0 0.0521504 -1.18695 -1.48647 1.53825 -1.72808 -1.33767 1.64371 0.105464 2.00651 -0.111582 -0.00629435 0.0070573 0.124552 -0.00437173 -0.00293295 -0.0577935 0.00247959 0.00133516 0.149348 -0.120401 -0.00789824 
22 0 0.0521504 -1.18695 -1.48647 1.53825 -1.72808 -1.33767 1.64371 0.105464 2.00612 -0.111582 -0.00629435 0.0070573 0.124552 -0.00437173 -0.00293295 -0.0577935 0.00247959 0.00133516 0.149348 -0.120401 -0.00789824 
22 0 0.0521504 -1.18695 -1.48647 1.53825 -1.72808 -1.33767 1.64371 0.105848 2.00651 -0.111582 -0.00629435 0.0070573 0.124552 -0.00437173 -0.00293295 -0.0577935 0.00247959 0.00133516 0.149348 -0.120401 -0.00789824 
22 0 0.0521504 -1.18695 -1.48609 1.53786 -1.72808 -1.33767 1.64371 0.105464 2.00651 -0.111582 -0.00629435 0.0070573 0.124552 -0.00462304 -0.00254181 -0.0577935 0.00247959 0.00133516 0.149348 -0.120401 -0.00789824 
22 0 0.0521504 -1.18695 -1.48647 1.53786 -1.72808 -1.33767 1.64371 0.105848 2.00612 -0.111582 -0.00629435 0.0070573 0.124552 -0.00462294 -0.00254188 -0.0577935 0.00247959 0.00133516 0.149348 -0.120401 -0.00789824 
22 0 0.0521504 -1.18695 -1.48647 1.53786 -1.72808 -1.33767 1.64371 0.105848 2.00651 -0.111582 -0.00629435 0.0070573 0.124552 -0.00462294 -0.00254188 -0.0577935 0.00247959 0.00133516 0.149348 -0.120401 -0.00789824 
22 0 0.0521504 -1.18695 -1.48609 1.53786 -1.7277 -1.33767 1.64371 0.105848 2.00612 -0.111582 -0.00629435 0.0070573 0.124552 -0.00462294 -0.00254188 -0.0577935 0.00247959 0.00133516 0.149348 -0.120401 -0.00789824 
22 0 0.0521504 -1.18695 -1.48647 1.53786 -1.7277 -1.33767 1.64371 0.105848 2.00651 -0.111582 -0.00629435 0.0070573 0.124552 -0.00462294 -0.00254188 -0.0577935 0.00247959 0.00133516 0.149348 -0.120401 -0.00789824 
22 0 0.0521504 -1.18695 -1.48609 1.53786 -1.7277 -1.33767 1.64371 0.105848 2.00651 -0.111582 -0.00629435 0.0070573 0.124552 -0.00462294 -0.00254188 -0.0577935 0.00247959 0.00133516 0.149348 -0.120401 -0.00789824 
22 0 0.0521504 -1.18695 -1.48609 1.53786 -1.7277 -1.33767 1.64371 0.105848 2.00612 -0.111582 -0.00629435 0.0070573 0.124552 -0.00462294 -0.00254188 -0.0577935 0.00247959 0.00133516 0.149348 -0.120401 -0.00789824 
22 0 0.0521504 -1.18695 -1.48609 1.53786 -1.7277 -1.33767 1.64371 0.106231 2.00612 -0.111582 -0.00629435 0.0070573 0.124552 -0.00462294 -0.00254188 -0.0577935 0.00247959 0.00133516 0.149348 -0.120401 -0.00789824 
22 0 0.0521504 -1.18695 -1.48609 1.53786 -1.7277 -1.33767 1.64371 0.106231 2.00651 -0.111582 -0.00629435 0.0070573 0.124552 -0.00487418 -0.00215061 -0.0577935 0.00247959 0.00133516 0.149348 -0.120656 -0.00833088 
22 0 0.0521504 -1.18695 -1.48609 1.53786 -1.7277 -1.33767 1.64409 0.106231 2.00651 -0.111582 -0.00629435 0.0070573 0.124552 -0.00487409 -0.00215068 -0.0577935 0.00247959 0.00133516 0.149348 -0.120863 -0.00792904 
22 0 0.0521504 -1.18695 -1.48571 1.53786 -1.7277 -1.33767 1.64371 0.106231 2.00612 -0.111582 -0.00629435 0.0070573 0.124552 -0.00487409 -0.00215068 -0.0577935 0.00247959 0.00133516 0.149348 -0.120864 -0.00792939 
22 0 0.0521504 -1.18695 -1.48571 1.53786 -1.7277 -1.33767 1.64409 0.106231 2.00612 -0.111582 -0.00629435 0.0070573 0.124552 -0.00487409 -0.00215068 -0.0577935 0.00247959 0.00133516 0.149348 -0.120864 -0.00792939 
22 0 0.0521504 -1.18695 -1.48571 1.53786 -1.7277 -1.33767 1.64409 0.106231 2.00651 -0.111582 -0.00629435 0.0070573 0.124552 -0.00487409 -0.00215068 -0.0577935 0.00247959 0.00133516 0.149348 -0.120864 -0.00792939 
22 0 0.0521504 -1.18695 -1.48571 1.53786 -1.7277 -1.33767 1.64409 0.106231 2.00612 -0.111582 -0.00629435 0.0070573 0.124552 -0.00487409 -0.00215068 -0.0577935 0.00247959 0.00133516 0.149348 -0.120864 -0.00792939 
22 0 0.0521504 -1.18695 -1.48571 1.53786 -1.7277 -1.33767 1.64409 0.106615 2.00612 -0.111582 -0.00629435 0.0070573 0.124552 -0.00512527 -0.00175927 -0.0577935 0.00247959 0.00133516 0.149348 -0.120864 -0.00792939 
22 0 0.0521504 -1.18695 -1.48571 1.53786 -1.7277 -1.33767 1.64409 0.106615 2.00612 -0.111582 -0.00629435 0.0070573 0.124552 -0.00512517 -0.00175933 -0.0577935 0.00247959 0.00133516 0.149348 -0.120864 -0.00792939 
22 0 0.0521504 -1.18695 -1.48571 1.53786 -1.7277 -1.33767 1.64409 0.106615 2.00651 -0.111582 -0.00629435 0.0070573 0.124552 -0.00512517 -0.00175933 -0.0577935 0.00247959 0.00133516 0.148966 -0.120864 -0.00792939 
22 0 0.0521504 -1.18695 -1.48571 1.53786 -1.7277 -1.33767 1.64409 0.106615 2.00612 -0.111582 -0.00629435 0.0070573 0.124552 -0.00512517 -0.00175933 -0.0577935 0.00247959 0.00133516 0.148966 -0.120864 -0.00792939 
22 0 0.0521504 -1.18695 -1.48571 1.53786 -1.72808 -1.33767 1.64409 0.106615 2.00651 -0.111582 -0.00629435 0.0070573 0.124552 -0.00512517 -0.00175933 -0.0577935 0.00247959 0.00133516 0.148966 -0.120864 -0.00792939 
22 0 0.0521504 -1.18695 -1.48571 1.53786 -1.72808 -1.33767 1.64409 0.106615 2.00651 -0.111582 -0.00629435 0.0070573 0.124552 -0.00512517 -0.00175933 -0.0577935 0.00247959 0.00133516 0.148966 -0.120864 -0.00792939 
22 0 0.0521504 -1.18695 -1.48571 1.53786 -1.7277 -1.33767 1.64409 0.106615 2.00612 -0.111582 -0.00629435 0.0070573 0.124552 -0.00512517 -0.00175933 -0.0577935 0.00247959 0.00133516 0.148966 -0.121118 -0.0083622 
22 0 0.0521504 -1.18734 -1.48532 1.53786 -1.72808 -1.33767 1.64409 0.106615 2.00651 -0.111582 -0.00629435 0.0070573 0.124552 -0.00512517 -0.00175933 -0.0577935 0.00247959 0.00133516 0.148966 -0.121118 -0.00836215 
22 0 0.0521504 -1.18734 -1.48532 1.53786 -1.7277 -1.33806 1.64409 0.106615 2.00651 -0.111582 -0.00629435 0.0070573 0.124552 -0.00512517 -0.00175933 -0.0577935 0.00247959 0.00133516 0.148966 -0.121118 -0.00836215 
22 0 0.0521504 -1.18734 -1.48494 1.53786 -1.7277 -1.33806 1.64409 0.106615 2.00651 -0.111582 -0.00629435 0.0070573 0.124552 -0.00512517 -0.00175933 -0.0577935 0.00247959 0.00133516 0.149348 -0.121118 -0.00836215 
22 0 0.0521504 -1.18734 -1.48494 1.53786 -1.7277 -1.33806 1.64409 0.106615 2.00651 -0.111582 -0.00629435 0.0070573 0.124552 -0.00512517 -0.00175933 -0.0577935 0.00247959 0.00133516 0.148966 -0.121118 -0.00836215 
22 0 0.0521504 -1.18734 -1.48456 1.53786 -1.7277 -1.33806 1.64409 0.106615 2.00612 -0.111582 -0.00629435 0.0070573 0.124552 -0.00512517 -0.00175933 -0.0577935 0.00247959 0.00133516 0.148966 -0.121118 -0.00836215 
22 0 0.0521504 -1.18734 -1.48417 1.53786 -1.7277 -1.33806 1.64409 0.106615 2.00612 -0.111582 -0.00629435 0.0070573 0.124552 -0.00512517 -0.00175933 -0.0577935 0.00247959 0.00133516 0.148966 -0.121118 -0.00836215 
22 0 0.0521504 -1.18734 -1.48379 1.53825 -1.7277 -1.33806 1.64409 0.106615 2.00612 -0.111582 -0.00629435 0.0070573 0.124552 -0.00512517 -0.00175933 -0.0577935 0.00247959 0.00133516 0.148966 -0.121118 -0.00836215 
22 0 0.0521504 -1.18734 -1.4834 1.53825 -1.7277 -1.33806 1.64409 0.106615 2.00612 -0.111582 -0.00629435 0.0070573 0.124552 -0.00512517 -0.00175933 -0.0577935 0.00247959 0.00133516 0.148966 -0.121118 -0.00836215 
22 0 0.0521504 -1.18734 -1.48302 1.53825 -1.72808 -1.33806 1.64409 0.106615 2.00612 -0.111582 -0.00629435 0.0070573 0.124552 -0.00512517 -0.00175933 -0.0577935 0.00247959 0.00133516 0.148966 -0.121118 -0.00836215 
22 0 0.0521504 -1.18734 -1.48302 1.53825 -1.7277 -1.33806 1.64371 0.106615 2.00612 -0.111582 -0.00629435 0.0070573 0.124552 -0.00512517 -0.00175933 -0.0577935 0.00247959 0.00133516 0.148966 -0.121118 -0.00836215 
22 0 0.0521504 -1.18734 -1.48264 1.53825 -1.7277 -1.33844 1.64371 0.106615 2.00612 -0.111582 -0.00629435 0.0070573 0.124552 -0.00512517 -0.00175933 -0.0577935 0.00247959 0.00133516 0.148966 -0.121326 -0.0079602 
22 0 0.0521504 -1.18734 -1.48225 1.53825 -1.7277 -1.33844 1.64371 0.106615 2.00612 -0.111582 -0.00629435 0.0070573 0.124552 -0.00512517 -0.00175933 -0.0577935 0.00247959 0.00133516 0.148966 -0.121326 -0.00796055 
22 0 0.0521504 -1.18734 -1.48187 1.53825 -1.7277 -1.33844 1.64371 0.106615 2.00612 -0.111582 -0.00629435 0.0070573 0.124552 -0.00512517 -0.00175933 -0.0577935 0.00247959 0.00133516 0.148966 -0.121326 -0.00796055 
22 0 0.0521504 -1.18734 -1.48225 1.53825 -1.7277 -1.33844 1.64371 0.106615 2.00612 -0.111582 -0.00629435 0.0070573 0.124552 -0.00537629 -0.00136778 -0.0577935 0.00247959 0.00133516 0.148966 -0.121326 -0.00796055 
22 0 0.0521504 -1.18734 -1.48187 1.53825 -1.7277 -1.33844 1.64371 0.106615 2.00612 -0.111582 -0.00629435 0.0070573 0.124552 -0.00537619 -0.00136785 -0.0577935 0.00247959 0.00133516 0.148966 -0.121326 -0.00796055 
22 0 0.0521504 -1.18734 -1.48149 1.53825 -1.7277 -1.33844 1.64409 0.106998 2.00651 -0.111582 -0.00629435 0.0070573 0.124552 -0.00537619 -0.00136785 -0.0577935 0.00247959 0.00133516 0.148966 -0.121326 -0.00796055 
22 0 0.0521504 -1.18734 -1.48149 1.53825 -1.7277 -1.33844 1.64409 0.106998 2.00651 -0.111582 -0.00629435 0.0070573 0.124552 -0.00537619 -0.00136785 -0.0577935 0.00247959 0.00133516 0.148585 -0.121326 -0.00796055 
22 0 0.0521504 -1.18695 -1.48149 1.53825 -1.7277 -1.33844 1.64409 0.106998 2.00651 -0.111582 -0.00629435 0.0070573 0.124552 -0.00537619 -0.00136785 -0.0577935 0.00247959 0.00133516 0.148585 -0.121326 -0.00796055 
22 0 0.0521504 -1.18734 -1.4811 1.53863 -1.7277 -1.33844 1.64409 0.106998 2.00651 -0.111582 -0.00629435 0.0070573 0.124552 -0.00537619 -0.00136785 -0.0577935 0.00247959 0.00133516 0.148585 -0.121326 -0.00796055 
22 0 0.0521504 -1.18734 -1.4811 1.53825 -1.7277 -1.33844 1.64409 0.106998 2.00651 -0.111582 -0.00629435 0.0070573 0.124552 -0.00537619 -0.00136785 -0.0577935 0.00247959 0.00133516 0.148203 -0.121326 -0.00796055 
22 0 0.0521504 -1.18695 -1.4811 1.53863 -1.7277 -1.33844 1.64409 0.107382 2.00651 -0.111582 -0.00629435 0.0070573 0.124552 -0.00537619 -0.00136785 -0.0577935 0.00247959 0.00133516 0.148203 -0.121326 -0.00796055 
22 0 0.0521504 -1.18695 -1.4811 1.53863 -1.7277 -1.33844 1.64409 0.107765 2.00651 -0.111582 -0.00629435 0.0070573 0.124552 -0.00537619 -0.00136785 -0.0574121 0.00247959 0.00133516 0.148203 -0.121326 -0.00796055 
22 0 0.0521504 -1.18734 -1.48072 1.53863 -1.7277 -1.33844 1.64448 0.107765 2.00651 -0.111582 -0.00629435 0.0070573 0.124552 -0.00537619 -0.00136785 -0.0574121 0.00247959 0.00133516 0.147822 -0.121326 -0.00796055 
22 0 0.0521504 -1.18695 -1.4811 1.53863 -1.7277 -1.33844 1.64448 0.108149 2.00651 -0.111582 -0.00629435 0.0070573 0.124552 -0.00537619 -0.00136785 -0.0574121 0.00247959 0.00133516 0.147822 -0.121326 -0.00796055 
22 0 0.0521504 -1.18695 -1.4811 1.53863 -1.7277 -1.33844 1.64448 0.108149 2.00651 -0.111582 -0.00629435 0.0070573 0.124552 -0.00537619 -0.00136785 -0.0574121 0.00247959 0.00133516 0.14744 -0.121326 -0.00796055 
22 0 0.0521504 -1.18695 -1.4811 1.53825 -1.7277 -1.33882 1.64448 0.108149 2.00651 -0.111582 -0.00629435 0.0070573 0.124552 -0.00537619 -0.00136785 -0.0574121 0.00247959 0.00133516 0.147059 -0.121326 -0.00796055 
22 0 0.0521504 -1.18695 -1.4811 1.53825 -1.7277 -1.33882 1.64486 0.108149 2.00651 -0.111582 -0.00629435 0.0070573 0.124552 -0.00537619 -0.00136785 -0.0574121 0.00247959 0.00171664 0.147059 -0.121326 -0.00796055 
22 0 0.0521504 -1.18734 -1.4811 1.53825 -1.7277 -1.33882 1.64486 0.108149 2.00651 -0.111582 -0.00629435 0.0070573 0.124552 -0.00537619 -0.00136785 -0.0574121 0.00247959 0.00171664 0.146677 -0.121326 -0.00796055 
22 0 0.0521504 -1.18734 -1.4811 1.53825 -1.72808 -1.33882 1.64486 0.108149 2.00651 -0.111582 -0.00629435 0.0070573 0.124552 -0.00537619 -0.00136785 -0.0574121 0.00247959 0.00171664 0.146677 -0.121326 -0.00796055 
22 0 0.0521504 -1.18734 -1.4811 1.53863 -1.7277 -1.33882 1.64486 0.108149 2.00651 -0.111582 -0.00629435 0.0070573 0.124552 -0.00537619 -0.00136785 -0.0574121 0.00247959 0.00171664 0.146296 -0.121326 -0.00796055 
22 0 0.0521504 -1.18695 -1.4811 1.53825 -1.7277 -1.33882 1.64486 0.108149 2.00651 -0.111582 -0.00629435 0.0070573 0.124552 -0.00562725 -0.00097616 -0.0574121 0.00247959 0.00171664 0.145914 -0.121326 -0.00796055 
22 0 0.0521504 -1.18734 -1.48149 1.53825 -1.7277 -1.33882 1.64486 0.108149 2.00651 -0.111582 -0.00629435 0.0070573 0.124552 -0.00562715 -0.000976228 -0.0574121 0.00247959 0.00171664 0.145533 -0.121326 -0.00796055 
22 0 0.0521504 -1.18734 -1.48149 1.53825 -1.7277 -1.33882 1.64524 0.108149 2.00651 -0.111582 -0.00629435 0.0070573 0.124552 -0.00562715 -0.000976228 -0.0574121 0.00247959 0.00171664 0.145533 -0.121326 -0.00796055 
22 0 0.0521504 -1.18734 -1.48149 1.53863 -1.7277 -1.33882 1.64486 0.108149 2.00651 -0.111582 -0.00629435 0.0070573 0.12417 -0.00562715 -0.000976228 -0.0574121 0.00247959 0.00171664 0.145151 -0.121326 -0.00796055 
22 0 0.0521504 -1.18734 -1.48149 1.53825 -1.72808 -1.33882 1.64524 0.108149 2.00651 -0.111582 -0.00629435 0.0070573 0.12417 -0.00562715 -0.000976228 -0.0574121 0.00247959 0.00171664 0.145151 -0.121326 -0.00796055 
22 0 0.0521504 -1.18695 -1.48187 1.53825 -1.72808 -1.33882 1.64524 0.108149 2.00651 -0.111963 -0.00629435 0.0070573 0.12417 -0.00562715 -0.000976228 -0.0574121 0.00247959 0.00171664 0.145151 -0.121326 -0.00796055 
22 0 0.0521504 -1.18695 -1.48187 1.53825 -1.7277 -1.33882 1.64524 0.108149 2.00651 -0.111963 -0.00629435 0.00743877 0.12417 -0.00562715 -0.000976228 -0.0574121 0.00247959 0.00171664 0.14477 -0.121326 -0.00796055 
22 0 0.0521504 -1.18695 -1.48187 1.53825 -1.72808 -1.33882 1.64524 0.108149 2.00651 -0.111963 -0.00629435 0.0070573 0.12417 -0.00562715 -0.000976228 -0.0574121 0.00247959 0.00171664 0.14477 -0.121326 -0.00796055 
22 0 0.0521504 -1.18695 -1.48187 1.53825 -1.7277 -1.33882 1.64524 0.108149 2.00651 -0.111963 -0.00629435 0.0070573 0.12417 -0.00562715 -0.000976228 -0.0574121 0.00247959 0.00171664 0.144388 -0.121326 -0.00796055 
22 0 0.0521504 -1.18734 -1.48187 1.53863 -1.7277 -1.33882 1.64524 0.108149 2.00651 -0.111963 -0.00629435 0.00743877 0.123789 -0.00562715 -0.000976228 -0.0574121 0.00247959 0.00171664 0.144388 -0.121326 -0.00796055 
22 0 0.0521504 -1.18695 -1.48225 1.53863 -1.7277 -1.33882 1.64524 0.108149 2.00651 -0.111963 -0.00629435 0.00743877 0.123789 -0.00562715 -0.000976228 -0.0574121 0.00247959 0.00171664 0.144007 -0.121326 -0.00796055 
22 0 0.0521504 -1.18734 -1.48225 1.53863 -1.7277 -1.33882 1.64524 0.108149 2.00651 -0.111963 -0.00629435 0.00743877 0.123789 -0.00562715 -0.000976228 -0.0574121 0.00247959 0.00171664 0.144007 -0.121326 -0.00796055 
22 0 0.0521504 -1.18695 -1.48225 1.53863 -1.7277 -1.33882 1.64524 0.108149 2.00651 -0.111963 -0.00629435 0.0070573 0.123407 -0.00562715 -0.000976228 -0.0574121 0.00247959 0.00171664 0.144007 -0.121326 -0.00796055 
22 0 0.0521504 -1.18695 -1.48225 1.53863 -1.7277 -1.33882 1.64524 0.108149 2.00651 -0.111963 -0.00629435 0.00743877 0.123407 -0.00562715 -0.000976228 -0.0574121 0.00247959 0.00171664 0.143626 -0.121326 -0.00796055 
22 0 0.0521504 -1.18695 -1.48264 1.53863 -1.7277 -1.33882 1.64524 0.108149 2.00651 -0.111963 -0.00629435 0.00743877 0.123407 -0.00562715 -0.000976228 -0.0574121 0.00247959 0.00171664 0.143626 -0.121326 -0.00796055 
22 0 0.0521504 -1.18695 -1.48264 1.53863 -1.72808 -1.33882 1.64524 0.108149 2.00651 -0.111963 -0.00629435 0.00743877 0.123026 -0.00562715 -0.000976228 -0.0574121 0.00247959 0.00171664 0.143244 -0.121326 -0.00796055 
22 0 0.0521504 -1.18695 -1.48264 1.53825 -1.72808 -1.33882 1.64524 0.108149 2.00651 -0.111963 -0.00629435 0.00743877 0.123026 -0.00562715 -0.000976228 -0.0574121 0.00247959 0.00171664 0.143244 -0.121326 -0.00796055 
22 0 0.0521504 -1.18695 -1.48264 1.53863 -1.7277 -1.33882 1.64486 0.108149 2.00651 -0.111963 -0.00629435 0.00743877 0.123026 -0.00562715 -0.000976228 -0.0574121 0.00247959 0.00171664 0.142863 -0.121326 -0.00796055 
22 0 0.0521504 -1.18695 -1.48264 1.53863 -1.72808 -1.33882 1.64486 0.108149 2.00651 -0.111963 -0.00629435 0.00743877 0.123026 -0.00562715 -0.000976228 -0.0574121 0.00247959 0.00171664 0.142481 -0.121326 -0.00796055 
22 0 0.0521504 -1.18695 -1.48302 1.53825 -1.7277 -1.33882 1.64486 0.108149 2.00651 -0.111963 -0.00629435 0.00743877 0.123026 -0.00562715 -0.000976228 -0.0574121 0.00247959 0.00171664 0.142481 -0.121326 -0.00796055 
22 0 0.0521504 -1.18695 -1.48302 1.53863 -1.7277 -1.33882 1.64486 0.108149 2.00651 -0.111963 -0.00629435 0.00743877 0.123026 -0.00562715 -0.000976228 -0.0574121 0.00247959 0.00171664 0.1421 -0.121326 -0.00796055 
22 0 0.0521504 -1.18695 -1.48302 1.53863 -1.7277 -1.33882 1.64486 0.108149 2.00689 -0.111963 -0.00629435 0.00743877 0.123026 -0.00562715 -0.000976228 -0.0574121 0.00247959 0.00171664 0.1421 -0.121326 -0.00796055 
22 0 0.0521504 -1.18695 -1.48302 1.53825 -1.7277 -1.33882 1.64486 0.108149 2.00651 -0.111963 -0.00629435 0.00743877 0.123026 -0.00562715 -0.000976228 -0.0574121 0.00247959 0.00171664 0.141718 -0.121118 -0.00836181 
22 0 0.0521504 -1.18734 -1.48302 1.53825 -1.7277 -1.33882 1.64486 0.108149 2.00651 -0.112345 -0.00629435 0.00743877 0.123026 -0.00562715 -0.000976228 -0.0570306 0.00247959 0.00171664 0.141718 -0.121118 -0.00836215 
22 0 0.0521504 -1.18695 -1.48302 1.53863 -1.7277 -1.33882 1.64486 0.108149 2.00651 -0.112345 -0.00629435 0.00743877 0.123026 -0.00562715 -0.000976228 -0.0570306 0.00247959 0.00171664 0.141337 -0.121118 -0.00836215 
22 0 0.0521504 -1.18695 -1.48302 1.53825 -1.72808 -1.33882 1.64486 0.108149 2.00651 -0.112345 -0.00629435 0.00743877 0.123026 -0.00562715 -0.000976228 -0.0570306 0.00247959 0.00171664 0.140955 -0.121118 -0.00836215 
22 0 0.0521504 -1.18695 -1.48302 1.53863 -1.72808 -1.33882 1.64486 0.108149 2.00651 -0.112726 -0.00629435 0.00743877 0.123026 -0.00562715 -0.000976228 -0.0570306 0.00247959 0.00171664 0.140955 -0.121118 -0.00836215 
22 0 0.0521504 -1.18695 -1.48302 1.53863 -1.72808 -1.33882 1.64486 0.108149 2.00651 -0.112726 -0.00629435 0.00743877 0.123026 -0.00562715 -0.000976228 -0.0570306 0.00247959 0.00171664 0.140574 -0.121118 -0.00836215 
22 0 0.0521504 -1.18695 -1.48302 1.53863 -1.72808 -1.33882 1.64486 0.108149 2.00651 -0.112726 -0.00629435 0.00743877 0.123026 -0.00562715 -0.000976228 -0.0566491 0.00247959 0.00171664 0.140192 -0.121118 -0.00836215 
22 0 0.0521504 -1.18695 -1.48302 1.53863 -1.7277 -1.33882 1.64486 0.108149 2.00651 -0.112726 -0.00629435 0.00743877 0.123026 -0.00587815 -0.000584399 -0.0566491 0.00247959 0.00171664 0.139811 -0.121118 -0.00836215 
22 0 0.0521504 -1.18695 -1.48302 1.53863 -1.7277 -1.33882 1.64486 0.108149 2.00651 -0.112726 -0.00629435 0.00743877 0.123026 -0.00587805 -0.000584466 -0.0566491 0.00247959 0.00171664 0.139429 -0.121118 -0.00836215 
22 0 0.0521504 -1.18695 -1.48302 1.53863 -1.72808 -1.33882 1.64486 0.108149 2.00651 -0.112726 -0.00629435 0.00743877 0.123026 -0.00587805 -0.000584466 -0.0562676 0.00247959 0.00171664 0.139048 -0.121118 -0.00836215 
22 0 0.0521504 -1.18695 -1.48302 1.53863 -1.7277 -1.33882 1.64486 0.108149 2.00651 -0.112726 -0.00629435 0.00743877 0.123026 -0.00587805 -0.000584466 -0.0562676 0.00247959 0.00171664 0.138666 -0.121118 -0.00836215 
22 0 0.0521504 -1.18695 -1.48302 1.53825 -1.7277 -1.33882 1.64486 0.108149 2.00651 -0.112726 -0.00629435 0.00743877 0.123026 -0.00587805 -0.000584466 -0.0558862 0.00247959 0.00171664 0.138285 -0.121118 -0.00836215 
22 0 0.0521504 -1.18695 -1.48302 1.53863 -1.7277 -1.33844 1.64486 0.108149 2.00651 -0.112726 -0.00629435 0.00743877 0.123026 -0.00587805 -0.000584466 -0.0558862 0.00247959 0.00171664 0.137903 -0.121118 -0.00836215 
22 0 0.0521504 -1.18695 -1.48302 1.53825 -1.72808 -1.33844 1.64524 0.108149 2.00651 -0.112726 -0.00629435 0.00743877 0.123026 -0.00587805 -0.000584466 -0.0555047 0.00247959 0.00209812 0.137903 -0.121118 -0.00836215 
22 0 0.0521504 -1.18695 -1.48302 1.53825 -1.72808 -1.33882 1.64486 0.108149 2.00651 -0.112726 -0.00629435 0.00743877 0.123026 -0.00587805 -0.000584466 -0.0551232 0.00247959 0.00171664 0.137522 -0.120864 -0.00792944 
22 0 0.0521504 -1.18695 -1.48302 1.53863 -1.7277 -1.33882 1.64486 0.108149 2.00651 -0.112726 -0.00629435 0.00743877 0.123026 -0.00587805 -0.000584466 -0.0551232 0.00247959 0.00209812 0.13714 -0.120864 -0.00792939 
22 0 0.0521504 -1.18695 -1.48302 1.53863 -1.72808 -1.33844 1.64486 0.108149 2.00651 -0.112726 -0.00629435 0.00743877 0.123026 -0.00612898 -0.000192498 -0.0547417 0.00247959 0.00209812 0.136759 -0.120864 -0.00792939 
