22 -0.000953674 0.0188828 0.242809 -1.39622 0.000572213 -0.494202 0.246242 1.39394 0.00133516 0.499161 -0.195888 -0.0619898 0.000953689 0.389677 -0.249179 -0.00212244 -0.19398 0.0608453 0.00133516 0.39807 -0.251971 -0.0030118
22 -0.000953674 0.0188828 0.242809 -1.39661 0.000572213 -0.494202 0.246242 1.39394 0.00133516 0.499161 -0.195888 -0.0619898 0.000953689 0.389677 -0.249179 -0.00212244 -0.19398 0.0608453 0.00133516 0.39807 -0.251971 -0.0030118
22 -0.000953674 0.0188828 0.242809 -1.39661 0.000572213 -0.494202 0.246242 1.39394 0.00133516 0.499161 -0.195888 -0.0619898 0.00133516 0.389677 -0.249179 -0.00212244 -0.19398 0.0608453 0.00133516 0.39807 -0.251971 -0.0030118
22 -0.000953674 0.0188828 0.242809 -1.39661 0.000572213 -0.494202 0.246242 1.39394 0.00133516 0.499161 -0.195888 -0.0619898 0.000953689 0.389677 -0.249179 -0.00212244 -0.19398 0.0608453 0.00133516 0.39807 -0.251971 -0.0030118
22 -0.000572205 0.0188828 0.242809 -1.39661 0.000572213 -0.494202 0.246242 1.39394 0.00133516 0.499161 -0.195888 -0.0619898 0.000953689 0.389677 -0.249179 -0.00212244 -0.19398 0.0608453 0.00133516 0.39807 -0.251971 -0.0030118
22 -0.000572205 0.0188828 0.242809 -1.39661 0.000572213 -0.494202 0.246242 1.39394 0.00133516 0.499161 -0.195888 -0.0619898 0.000953689 0.389677 -0.249179 -0.00212244 -0.19398 0.0608453 0.00133516 0.39807 -0.251971 -0.0030118
22 -0.000953674 0.0188828 0.242809 -1.39661 0.000572213 -0.494202 0.246242 1.39394 0.00133516 0.499161 -0.195888 -0.0619898 0.000953689 0.389677 -0.249179 -0.00212244 -0.19398 0.0608453 0.00133516 0.39807 -0.251971 -0.0030118
22 -0.000953674 0.0188828 0.242809 -1.39661 0.000572213 -0.494202 0.246242 1.39394 0.00133516 0.499161 -0.195888 -0.0619898 0.000953689 0.389677 -0.249179 -0.00212244 -0.19398 0.0608453 0.00133516 0.39807 -0.251971 -0.0030118
22 -0.000572205 0.0188828 0.242809 -1.39661 0.000572213 -0.494202 0.246242 1.39394 0.00133516 0.499161 -0.195888 -0.0619898 0.00133516 0.389677 -0.249179 -0.00212244 -0.19398 0.0608453 0.00133516 0.39807 -0.251971 -0.0030118
22 -0.000953674 0.0188828 0.242809 -1.39661 0.000572213 -0.494202 0.246242 1.39394 0.00133516 0.499161 -0.195888 -0.0619898 0.00133516 0.389677 -0.249179 -0.00212244 -0.19398 0.0608453 0.00133516 0.39807 -0.251971 -0.0030118
22 -0.000953674 0.0188828 0.242809 -1.39661 0.000572213 -0.494202 0.246242 1.39394 0.00133516 0.499161 -0.195888 -0.0619898 0.00133516 0.389677 -0.249179 -0.00212244 -0.19398 0.0608453 0.00133516 0.39807 -0.251971 -0.0030118
22 -0.000572205 0.0188828 0.242809 -1.39661 0.000572213 -0.494202 0.246242 1.39394 0.00133516 0.499161 -0.195888 -0.0619898 0.00133516 0.389677 -0.249179 -0.00212244 -0.19398 0.0608453 0.00133516 0.39807 -0.251971 -0.0030118
22 -0.000572205 0.0188828 0.242809 -1.39661 0.000572213 -0.494202 0.246242 1.39394 0.00133516 0.498779 -0.195888 -0.0619898 0.00133516 0.389677 -0.249179 -0.00212244 -0.19398 0.0608453 0.00133516 0.39807 -0.251971 -0.0030118
22 -0.000953674 0.0188828 0.242809 -1.39661 0.000572213 -0.494202 0.246242 1.39394 0.00133516 0.498779 -0.195888 -0.0619898 0.00133516 0.389677 -0.249179 -0.00212244 -0.19398 0.0608453 0.00133516 0.39807 -0.251971 -0.0030118
22 -0.000953674 0.0188828 0.242809 -1.39661 0.000572213 -0.494202 0.246242 1.39394 0.00133516 0.498779 -0.195888 -0.0619898 0.00133516 0.389677 -0.249179 -0.00212244 -0.19398 0.0608453 0.00133516 0.39807 -0.251971 -0.0030118
22 -0.000953674 0.0188828 0.242809 -1.39661 0.000572213 -0.494202 0.246242 1.39394 0.00133516 0.498779 -0.195888 -0.0619898 0.00133516 0.389677 -0.249179 -0.00212244 -0.19398 0.0608453 0.00133516 0.39807 -0.251971 -0.0030118
22 -0.000953674 0.0188828 0.242809 -1.39661 0.000572213 -0.494202 0.246242 1.39394 0.00133516 0.498779 -0.195888 -0.0619898 0.000953689 0.389677 -0.249179 -0.00212244 -0.19398 0.0608453 0.00133516 0.39807 -0.251971 -0.0030118
22 -0.000953674 0.0188828 0.242809 -1.39661 0.000572213 -0.494202 0.246242 1.39394 0.00133516 0.498779 -0.195888 -0.0619898 0.000953689 0.389677 -0.249179 -0.00212244 -0.19398 0.0608453 0.00133516 0.39807 -0.251971 -0.0030118
22 -0.000953674 0.0188828 0.242809 -1.39622 0.000572213 -0.494202 0.246242 1.39394 0.00133516 0.498779 -0.195888 -0.0619898 0.000953689 0.389677 -0.249179 -0.00212244 -0.19398 0.0608453 0.00133516 0.39807 -0.251971 -0.0030118
22 -0.000953674 0.0188828 0.242809 -1.39622 0.000572213 -0.494202 0.246242 1.39394 0.00133516 0.498779 -0.195888 -0.0619898 0.000953689 0.389677 -0.249179 -0.00212244 -0.19398 0.0608453 0.00133516 0.39807 -0.251971 -0.0030118
22 -0.000953674 0.0185013 0.242809 -1.39622 0.000572213 -0.494202 0.246242 1.39394 0.00133516 0.498779 -0.195888 -0.0619898 0.000953689 0.389677 -0.249179 -0.00212244 -0.19398 0.0608453 0.00133516 0.39807 -0.251971 -0.0030118
22 -0.000572205 0.0188828 0.242809 -1.39622 0.000572213 -0.494202 0.246242 1.39394 0.00133516 0.498779 -0.195888 -0.0619898 0.000953689 0.389677 -0.249179 -0.00212244 -0.19398 0.0608453 0.00133516 0.39807 -0.251971 -0.0030118
22 -0.000953674 0.0188828 0.242809 -1.39622 0.000572213 -0.494202 0.246242 1.39394 0.00133516 0.498779 -0.195888 -0.0619898 0.000953689 0.389677 -0.249179 -0.00212244 -0.19398 0.0608453 0.00133516 0.39807 -0.251971 -0.0030118
22 -0.000953674 0.0188828 0.242809 -1.39622 0.000572213 -0.494202 0.246242 1.39394 0.00133516 0.498779 -0.195888 -0.0619898 0.000953689 0.389677 -0.249179 -0.00212244 -0.19398 0.0608453 0.00133516 0.39807 -0.251971 -0.0030118
22 -0.000953674 0.0188828 0.242809 -1.39622 0.000572213 -0.494202 0.246242 1.39394 0.00133516 0.498779 -0.195888 -0.0619898 0.000953689 0.389677 -0.249179 -0.00212244 -0.19398 0.0608453 0.00133516 0.39807 -0.251971 -0.0030118
22 -0.000572205 0.0188828 0.242809 -1.39622 0.000572213 -0.494202 0.246242 1.39394 0.00133516 0.498779 -0.195888 -0.0619898 0.000953689 0.389677 -0.249179 -0.00212244 -0.19398 0.0608453 0.00133516 0.39807 -0.251971 -0.0030118
22 -0.000953674 0.0188828 0.242809 -1.39622 0.000572213 -0.494202 0.246242 1.39394 0.00133516 0.498779 -0.195888 -0.0619898 0.000953689 0.389677 -0.249179 -0.00212244 -0.19398 0.0608453 0.00133516 0.39807 -0.251971 -0.0030118
22 -0.000953674 0.0188828 0.242809 -1.39622 0.000572213 -0.494202 0.246242 1.39394 0.00133516 0.498779 -0.195888 -0.0619898 0.000953689 0.389677 -0.249179 -0.00212244 -0.19398 0.0608453 0.00133516 0.39807 -0.251971 -0.0030118
22 -0.000572205 0.0188828 0.242809 -1.39622 0.000572213 -0.494202 0.246242 1.39394 0.00133516 0.498779 -0.195888 -0.0619898 0.000953689 0.389677 -0.249179 -0.00212244 -0.19398 0.0608453 0.00133516 0.39807 -0.251971 -0.0030118
22 -0.000953674 0.0188828 0.242809 -1.39622 0.000572213 -0.494202 0.246242 1.39394 0.00133516 0.498779 -0.195888 -0.0619898 0.000953689 0.389677 -0.249179 -0.00212244 -0.19398 0.0608453 0.00133516 0.39807 -0.251971 -0.0030118
22 -0.000953674 0.0188828 0.242809 -1.39622 0.000572213 -0.494202 0.246242 1.39394 0.00133516 0.498779 -0.195888 -0.0619898 0.000953689 0.389677 -0.249179 -0.00212244 -0.19398 0.0608453 0.00133516 0.39807 -0.251971 -0.0030118
22 -0.000953674 0.0188828 0.242809 -1.39622 0.000572213 -0.494202 0.246242 1.39394 0.00133516 0.498779 -0.195888 -0.0619898 0.000953689 0.389677 -0.249179 -0.00212244 -0.19398 0.0608453 0.00133516 0.39807 -0.251971 -0.0030118
22 -0.000953674 0.0185013 0.242809 -1.39622 0.000572213 -0.494202 0.246242 1.39394 0.00133516 0.498779 -0.195888 -0.0619898 0.000953689 0.389677 -0.249179 -0.00212244 -0.19398 0.0608453 0.00133516 0.39807 -0.251971 -0.0030118
22 -0.000953674 0.0188828 0.242809 -1.39622 0.000572213 -0.494202 0.246242 1.39394 0.00133516 0.498779 -0.195888 -0.0619898 0.000953689 0.389677 -0.249179 -0.00212244 -0.19398 0.0608453 0.00133516 0.39807 -0.251971 -0.0030118
22 -0.000953674 0.0188828 0.242428 -1.39622 0.000572213 -0.494202 0.246242 1.39394 0.00133516 0.498779 -0.195888 -0.0619898 0.000953689 0.389677 -0.249179 -0.00212244 -0.19398 0.0608453 0.00133516 0.39807 -0.251971 -0.0030118
22 -0.000953674 0.0188828 0.242428 -1.39622 0.000572213 -0.494202 0.246242 1.39394 0.00133516 0.498779 -0.195888 -0.0619898 0.00133516 0.389677 -0.249179 -0.00212244 -0.19398 0.0608453 0.00133516 0.39807 -0.251971 -0.0030118
22 -0.000953674 0.0188828 0.242428 -1.39622 0.000572213 -0.494202 0.246242 1.39394 0.00133516 0.498779 -0.195888 -0.0619898 0.00133516 0.389677 -0.249179 -0.00212244 -0.19398 0.0608453 0.00133516 0.39807 -0.251971 -0.0030118
22 -0.000572205 0.0188828 0.242428 -1.39622 0.000572213 -0.494202 0.246242 1.39394 0.00133516 0.498779 -0.195888 -0.0619898 0.00133516 0.389677 -0.249179 -0.00212244 -0.19398 0.0608453 0.00133516 0.39807 -0.251971 -0.0030118
22 -0.000953674 0.0188828 0.242428 -1.39622 0.000572213 -0.494202 0.246242 1.39394 0.00133516 0.498779 -0.195888 -0.0619898 0.00133516 0.389677 -0.249179 -0.00212244 -0.19398 0.0608453 0.00133516 0.39807 -0.251971 -0.0030118
22 -0.000953674 0.0188828 0.242428 -1.39622 0.000572213 -0.494202 0.246242 1.39394 0.00133516 0.498779 -0.195888 -0.0619898 0.00133516 0.389677 -0.249179 -0.00212244 -0.19398 0.0608453 0.00133516 0.39807 -0.251971 -0.0030118
22 -0.000953674 0.0188828 0.242046 -1.39622 0.000572213 -0.494202 0.246242 1.39394 0.00133516 0.498779 -0.195888 -0.0619898 0.00133516 0.389677 -0.249179 -0.00212244 -0.19398 0.0608453 0.00133516 0.39807 -0.251971 -0.0030118
22 -0.000953674 0.0188828 0.242046 -1.39622 0.000572213 -0.494202 0.246242 1.39394 0.00133516 0.498779 -0.195888 -0.0619898 0.00133516 0.389677 -0.249179 -0.00212244 -0.19398 0.0608453 0.00133516 0.39807 -0.251971 -0.0030118
22 -0.000953674 0.0188828 0.242046 -1.39622 0.000572213 -0.494583 0.246242 1.39394 0.00133516 0.498779 -0.195888 -0.0619898 0.00133516 0.389677 -0.249179 -0.00212244 -0.19398 0.0608453 0.00133516 0.39807 -0.251971 -0.0030118
22 -0.000953674 0.0188828 0.241665 -1.39622 0.000572213 -0.494583 0.246242 1.39394 0.00133516 0.498398 -0.195888 -0.0619898 0.00133516 0.389677 -0.249179 -0.00212244 -0.19398 0.0608453 0.00133516 0.39807 -0.251971 -0.0030118
22 -0.000572205 0.0188828 0.241665 -1.39622 0.000572213 -0.494583 0.246242 1.39355 0.00133516 0.498398 -0.195888 -0.0619898 0.00133516 0.389677 -0.249179 -0.00212244 -0.19398 0.0608453 0.00133516 0.39807 -0.251971 -0.0030118
22 -0.000572205 0.0188828 0.241283 -1.39622 0.000572213 -0.494583 0.246242 1.39355 0.00133516 0.498398 -0.195888 -0.0619898 0.00133516 0.389677 -0.249179 -0.00212244 -0.19398 0.0608453 0.00133516 0.39807 -0.251971 -0.0030118
22 -0.000572205 0.0188828 0.241283 -1.39622 0.000572213 -0.494583 0.246242 1.39355 0.00133516 0.498398 -0.195888 -0.0619898 0.00133516 0.389677 -0.249179 -0.00212244 -0.19398 0.0608453 0.00133516 0.39807 -0.251971 -0.0030118
22 -0.000572205 0.0188828 0.240902 -1.39584 0.000572213 -0.494965 0.246242 1.39355 0.00133516 0.498398 -0.195888 -0.0619898 0.00133516 0.389677 -0.249179 -0.00212244 -0.19398 0.0608453 0.00133516 0.39807 -0.251971 -0.0030118
22 -0.000953674 0.0188828 0.24052 -1.39584 0.000572213 -0.494965 0.246242 1.39355 0.00133516 0.498398 -0.195888 -0.0619898 0.00133516 0.389677 -0.249179 -0.00212244 -0.19398 0.0608453 0.00133516 0.39807 -0.251971 -0.0030118
22 -0.000572205 0.0188828 0.240139 -1.39584 0.000572213 -0.494965 0.246242 1.39355 0.00133516 0.498016 -0.195888 -0.0619898 0.00133516 0.389677 -0.249179 -0.00212244 -0.19398 0.0608453 0.00133516 0.39807 -0.251971 -0.0030118
22 -0.000572205 0.0188828 0.240139 -1.39584 0.000572213 -0.494965 0.246242 1.39355 0.00133516 0.498016 -0.195888 -0.0619898 0.00133516 0.389677 -0.249179 -0.00212244 -0.19398 0.0608453 0.00133516 0.39807 -0.251971 -0.0030118
22 -0.000572205 0.0188828 0.239757 -1.39584 0.000572213 -0.495346 0.246242 1.39355 0.00133516 0.498016 -0.195888 -0.0619898 0.00133516 0.389677 -0.249179 -0.00212244 -0.19398 0.0608453 0.00133516 0.39807 -0.251971 -0.0030118
22 -0.000953674 0.0188828 0.239376 -1.39584 0.000572213 -0.495346 0.246242 1.39355 0.00133516 0.498016 -0.195888 -0.0619898 0.00133516 0.389677 -0.249179 -0.00212244 -0.19398 0.0608453 0.00133516 0.39807 -0.251971 -0.0030118
22 -0.000953674 0.0188828 0.239376 -1.39584 0.000572213 -0.495727 0.246242 1.39355 0.00133516 0.497635 -0.195888 -0.0619898 0.00133516 0.389677 -0.249179 -0.00212244 -0.19398 0.0608453 0.00133516 0.39807 -0.251971 -0.0030118
22 -0.000572205 0.0188828 0.238994 -1.39546 0.000572213 -0.495727 0.246242 1.39317 0.00133516 0.497635 -0.195888 -0.0619898 0.00133516 0.389677 -0.249179 -0.00212244 -0.19398 0.0608453 0.00133516 0.39807 -0.251971 -0.0030118
22 -0.000572205 0.0188828 0.238613 -1.39546 0.000572213 -0.496109 0.246242 1.39317 0.00133516 0.497635 -0.195888 -0.0619898 0.00133516 0.389677 -0.249179 -0.00212244 -0.19398 0.0608453 0.00133516 0.39807 -0.251971 -0.0030118
22 -0.000572205 0.0188828 0.238231 -1.39546 0.000572213 -0.496109 0.246242 1.39317 0.00133516 0.497635 -0.195888 -0.0619898 0.00133516 0.389677 -0.249179 -0.00212244 -0.19398 0.0608453 0.00133516 0.39807 -0.251971 -0.0030118
22 -0.000953674 0.0188828 0.23785 -1.39546 0.000572213 -0.49649 0.246242 1.39317 0.00133516 0.497635 -0.195888 -0.0619898 0.00133516 0.389677 -0.249179 -0.00212244 -0.19398 0.0608453 0.00133516 0.39807 -0.251971 -0.0030118
22 -0.000953674 0.0188828 0.237469 -1.39546 0.000572213 -0.49649 0.246242 1.39317 0.00133516 0.497253 -0.195888 -0.0619898 0.00133516 0.389677 -0.249179 -0.00212244 -0.19398 0.0608453 0.00133516 0.39807 -0.251971 -0.0030118
22 -0.000953674 0.0188828 0.237087 -1.39546 0.000572213 -0.496872 0.246242 1.39317 0.00133516 0.497253 -0.195888 -0.0619898 0.00133516 0.389677 -0.249179 -0.00212244 -0.19398 0.0608453 0.00133516 0.39807 -0.251971 -0.0030118
22 -0.000953674 0.0188828 0.236706 -1.39508 0.000572213 -0.496872 0.246624 1.39317 0.00133516 0.497253 -0.195888 -0.0619898 0.00133516 0.389677 -0.249179 -0.00212244 -0.19398 0.0608453 0.00133516 0.39807 -0.251971 -0.0030118
22 -0.000953674 0.0188828 0.236324 -1.39508 0.000572213 -0.497253 0.246624 1.39317 0.00133516 0.497253 -0.195888 -0.0619898 0.00133516 0.389677 -0.249179 -0.00212244 -0.19398 0.0608453 0.00133516 0.39807 -0.251971 -0.0030118
22 -0.000953674 0.0188828 0.235561 -1.39508 0.000572213 -0.497253 0.246624 1.39317 0.00133516 0.497253 -0.195888 -0.0619898 0.00133516 0.389677 -0.249179 -0.00212244 -0.19398 0.0608453 0.00133516 0.39807 -0.251971 -0.0030118
22 -0.000953674 0.0188828 0.23518 -1.39508 0.000572213 -0.497635 0.246624 1.39317 0.00133516 0.497253 -0.195888 -0.0619898 0.000953689 0.389677 -0.249179 -0.00212244 -0.19398 0.0608453 0.00133516 0.39807 -0.251971 -0.0030118
22 -0.000953674 0.0188828 0.234417 -1.3947 0.000572213 -0.498016 0.247005 1.39317 0.00133516 0.497253 -0.195888 -0.0619898 0.000953689 0.389677 -0.249179 -0.00212244 -0.19398 0.0608453 0.00133516 0.39807 -0.251971 -0.0030118
22 -0.000953674 0.0188828 0.233654 -1.3947 0.000572213 -0.498016 0.247005 1.39317 0.00133516 0.497253 -0.195888 -0.0619898 0.000953689 0.389677 -0.249179 -0.00212244 -0.194362 0.0608453 0.00133516 0.39807 -0.251971 -0.0030118
22 -0.000953674 0.0188828 0.232891 -1.3947 0.000572213 -0.498398 0.247387 1.39317 0.00133516 0.497253 -0.195888 -0.0619898 0.000953689 0.389677 -0.249179 -0.00212244 -0.19398 0.0608453 0.00133516 0.39807 -0.251971 -0.0030118
22 -0.000953674 0.0188828 0.232128 -1.3947 0.000572213 -0.498398 0.247387 1.39317 0.00133516 0.497253 -0.195888 -0.0619898 0.00133516 0.389677 -0.249179 -0.00212244 -0.19398 0.0608453 0.00133516 0.39807 -0.251971 -0.0030118
22 -0.000953674 0.0188828 0.231365 -1.3947 0.000572213 -0.498398 0.247768 1.39317 0.00133516 0.497253 -0.195888 -0.0619898 0.00133516 0.389677 -0.249179 -0.00212244 -0.19398 0.0608453 0.00133516 0.39807 -0.251971 -0.0030118
22 -0.000953674 0.0188828 0.230602 -1.39432 0.000572213 -0.498779 0.247768 1.39317 0.00133516 0.497253 -0.195888 -0.0619898 0.00133516 0.389677 -0.249179 -0.00212244 -0.19398 0.0608453 0.00133516 0.39807 -0.251971 -0.0030118
22 -0.000953674 0.0188828 0.229839 -1.39432 0.000572213 -0.498779 0.24815 1.39317 0.00133516 0.497253 -0.195888 -0.0619898 0.00133516 0.389677 -0.249179 -0.00212244 -0.19398 0.0608453 0.00133516 0.39807 -0.251971 -0.0030118
22 -0.000953674 0.0188828 0.229076 -1.39432 0.000572213 -0.498779 0.24815 1.39317 0.00133516 0.497253 -0.195888 -0.0619898 0.00133516 0.389677 -0.249179 -0.00212244 -0.19398 0.0608453 0.00133516 0.39807 -0.251971 -0.0030118
22 -0.000953674 0.0188828 0.227932 -1.39432 0.000572213 -0.498779 0.248531 1.39317 0.00133516 0.497253 -0.195888 -0.0619898 0.000953689 0.389677 -0.249179 -0.00212244 -0.19398 0.0608453 0.00133516 0.39807 -0.251971 -0.0030118
22 -0.000572205 0.0188828 0.227169 -1.39432 0.000572213 -0.499161 0.248531 1.39279 0.00133516 0.497253 -0.195888 -0.0619898 0.000953689 0.389677 -0.249179 -0.00212244 -0.19398 0.0608453 0.00133516 0.39807 -0.251971 -0.0030118
22 -0.000953674 0.0188828 0.226406 -1.39394 0.000572213 -0.499161 0.248913 1.39279 0.00133516 0.497253 -0.195888 -0.0619898 0.000953689 0.389677 -0.249179 -0.00212244 -0.19398 0.0608453 0.00133516 0.39807 -0.251971 -0.0030118
22 -0.000572205 0.0188828 0.225261 -1.39394 0.000572213 -0.499161 0.249294 1.39279 0.00133516 0.497253 -0.195888 -0.0619898 0.000953689 0.389677 -0.249179 -0.00212244 -0.19398 0.0608453 0.00133516 0.39807 -0.251971 -0.0030118
22 -0.000572205 0.0188828 0.224117 -1.39394 0.000572213 -0.499161 0.249294 1.39279 0.00133516 0.497253 -0.195888 -0.0619898 0.00133516 0.389677 -0.249179 -0.00212244 -0.19398 0.0608453 0.00133516 0.39807 -0.251971 -0.0030118
22 -0.000953674 0.0188828 0.223354 -1.39394 0.000572213 -0.499542 0.249676 1.39279 0.00133516 0.497253 -0.195888 -0.0619898 0.00133516 0.389677 -0.249179 -0.00212244 -0.19398 0.0608453 0.00133516 0.39807 -0.251971 -0.0030118
22 -0.000572205 0.0188828 0.22221 -1.39394 0.000572213 -0.499542 0.249676 1.39279 0.00133516 0.497253 -0.195888 -0.0619898 0.00133516 0.389677 -0.249179 -0.00212244 -0.19398 0.0608453 0.00133516 0.39807 -0.251971 -0.0030118
22 -0.000953674 0.0188828 0.221065 -1.39394 0.000572213 -0.499924 0.250057 1.39279 0.00133516 0.497253 -0.195888 -0.0619898 0.00133516 0.389677 -0.249179 -0.00212244 -0.19398 0.0608453 0.00133516 0.39807 -0.251971 -0.0030118
22 -0.000572205 0.0188828 0.219921 -1.39394 0.000572213 -0.499924 0.250057 1.39279 0.00133516 0.497253 -0.195888 -0.0619898 0.00133516 0.389677 -0.249179 -0.00212244 -0.19398 0.0608453 0.00133516 0.39807 -0.251971 -0.0030118
22 -0.000953674 0.0188828 0.218776 -1.39394 0.000572213 -0.499924 0.250439 1.39279 0.00133516 0.497253 -0.195888 -0.0619898 0.00133516 0.389677 -0.249179 -0.00212244 -0.19398 0.0608453 0.00133516 0.39807 -0.251971 -0.0030118
22 -0.000953674 0.0188828 0.217632 -1.39394 0.000572213 -0.500305 0.25082 1.39279 0.00133516 0.497253 -0.195888 -0.0619898 0.000953689 0.389677 -0.249179 -0.00212244 -0.19398 0.0608453 0.00133516 0.39807 -0.251971 -0.0030118
22 -0.000953674 0.0188828 0.216487 -1.39394 0.000572213 -0.500687 0.25082 1.39279 0.00133516 0.496872 -0.195888 -0.0619898 0.000953689 0.389677 -0.249179 -0.00212244 -0.19398 0.0608453 0.00133516 0.39807 -0.251971 -0.0030118
22 -0.000953674 0.0188828 0.214961 -1.39394 0.000572213 -0.500687 0.251202 1.39279 0.00133516 0.496872 -0.195888 -0.0619898 0.000953689 0.389677 -0.249179 -0.00212244 -0.19398 0.0608453 0.00133516 0.39807 -0.251971 -0.0030118
22 -0.000953674 0.0188828 0.213817 -1.39394 0.000572213 -0.501068 0.251583 1.39279 0.00133516 0.496872 -0.195888 -0.0619898 0.000953689 0.389677 -0.249179 -0.00212244 -0.19398 0.0608453 0.00133516 0.39807 -0.251971 -0.0030118
22 -0.000953674 0.0188828 0.212673 -1.39394 0.000572213 -0.501068 0.251965 1.39279 0.00133516 0.496872 -0.195888 -0.0619898 0.000953689 0.389677 -0.249179 -0.00212244 -0.19398 0.0608453 0.00133516 0.39807 -0.251971 -0.0030118
22 -0.000953674 0.0188828 0.211528 -1.39394 0.000572213 -0.50145 0.252346 1.39279 0.00133516 0.496872 -0.195888 -0.0619898 0.000953689 0.389677 -0.249179 -0.00212244 -0.19398 0.0608453 0.00133516 0.39807 -0.251971 -0.0030118
22 -0.000572205 0.0188828 0.210002 -1.39394 0.000572213 -0.501831 0.252728 1.39279 0.00133516 0.496872 -0.195888 -0.0619898 0.00133516 0.389677 -0.249179 -0.00212244 -0.19398 0.0608453 0.00133516 0.39807 -0.251971 -0.0030118
22 -0.000572205 0.0188828 0.208858 -1.39394 0.000572213 -0.502213 0.253491 1.39279 0.00133516 0.496872 -0.195888 -0.0619898 0.00133516 0.389677 -0.249179 -0.00212244 -0.19398 0.0608453 0.00133516 0.39807 -0.251971 -0.0030118
22 -0.000953674 0.0188828 0.207332 -1.39394 0.000572213 -0.502594 0.254253 1.39279 0.00133516 0.496872 -0.195888 -0.0619898 0.00133516 0.389677 -0.249179 -0.00212244 -0.19398 0.0608453 0.00133516 0.39807 -0.251971 -0.0030118
22 -0.000572205 0.0188828 0.205806 -1.39394 0.000572213 -0.502976 0.254635 1.39279 0.00133516 0.496872 -0.195888 -0.0619898 0.00133516 0.389677 -0.249179 -0.00212244 -0.19398 0.0608453 0.00133516 0.39807 -0.251971 -0.0030118
22 -0.000953674 0.0188828 0.204662 -1.39394 0.000572213 -0.503738 0.255398 1.39279 0.00133516 0.496872 -0.195888 -0.0619898 0.000953689 0.389677 -0.249179 -0.00212244 -0.19398 0.0608453 0.00133516 0.39807 -0.251971 -0.0030118
22 -0.000953674 0.0188828 0.203136 -1.39394 0.000572213 -0.504501 0.255779 1.39279 0.00133516 0.496872 -0.195888 -0.0619898 0.000953689 0.389677 -0.249179 -0.00212244 -0.19398 0.0608453 0.00133516 0.39807 -0.251971 -0.0030118
22 -0.000953674 0.0188828 0.20161 -1.39394 0.000572213 -0.505264 0.256542 1.39279 0.00133516 0.496872 -0.195888 -0.0619898 0.000953689 0.389677 -0.249179 -0.00212244 -0.19398 0.0608453 0.00133516 0.39807 -0.251971 -0.0030118
22 -0.000953674 0.0188828 0.200084 -1.39394 0.000572213 -0.506027 0.256924 1.39279 0.00133516 0.496872 -0.195888 -0.0619898 0.000953689 0.389677 -0.249179 -0.00212244 -0.19398 0.0608453 0.00133516 0.39807 -0.251971 -0.0030118
22 -0.000953674 0.0185013 0.19894 -1.39394 0.000572213 -0.507172 0.257305 1.39279 0.00133516 0.496872 -0.195888 -0.0619898 0.000953689 0.389677 -0.249179 -0.00212244 -0.19398 0.0608453 0.00133516 0.39807 -0.251971 -0.0030118
22 -0.000953674 0.0188828 0.197795 -1.39394 0.000572213 -0.507935 0.257687 1.39241 0.00133516 0.496872 -0.195888 -0.0619898 0.00133516 0.389677 -0.249179 -0.00212244 -0.19398 0.0608453 0.00133516 0.39807 -0.251971 -0.0030118
22 -0.000953674 0.0188828 0.195888 -1.39394 0.000572213 -0.509079 0.25845 1.39241 0.00133516 0.496872 -0.195888 -0.0619898 0.00133516 0.389677 -0.249179 -0.00212244 -0.19398 0.0608453 0.00133516 0.39807 -0.251971 -0.0030118
22 -0.000953674 0.0188828 0.194743 -1.39394 0.000953689 -0.509842 0.258831 1.39241 0.000953689 0.496872 -0.195888 -0.0619898 0.00133516 0.389677 -0.249179 -0.00212244 -0.19398 0.0608453 0.00133516 0.39807 -0.251971 -0.0030118
22 -0.000572205 0.0188828 0.192836 -1.39394 0.000953689 -0.510987 0.259213 1.39241 0.00133516 0.496872 -0.195888 -0.0619898 0.00133516 0.389677 -0.249179 -0.00212244 -0.19398 0.0608453 0.00133516 0.39807 -0.251971 -0.0030118
22 -0.000572205 0.0188828 0.191691 -1.39394 0.000953689 -0.512131 0.259594 1.39241 0.000953689 0.496872 -0.195888 -0.0619898 0.00133516 0.389677 -0.249179 -0.00212244 -0.19398 0.0608453 0.00133516 0.39807 -0.251971 -0.0030118
22 -0.000572205 0.0188828 0.189784 -1.39394 0.000953689 -0.513657 0.259976 1.39203 0.00133516 0.496872 -0.195888 -0.0619898 0.00133516 0.389677 -0.249179 -0.00212244 -0.19398 0.0608453 0.00133516 0.39807 -0.251971 -0.0030118
22 -0.000572205 0.0188828 0.18864 -1.39394 0.000953689 -0.51442 0.260357 1.39203 0.000953689 0.496872 -0.195888 -0.0619898 0.00133516 0.389677 -0.249179 -0.00212244 -0.19398 0.0608453 0.00133516 0.39807 -0.251971 -0.0030118
22 -0.000953674 0.0185013 0.187114 -1.39394 0.000953689 -0.515564 0.260739 1.39165 0.000953689 0.496872 -0.195888 -0.0619898 0.00133516 0.389677 -0.249179 -0.00212244 -0.19398 0.0608453 0.00133516 0.39807 -0.251971 -0.0030118
22 -0.000953674 0.0188828 0.185588 -1.39394 0.000953689 -0.516709 0.260739 1.39165 0.000953689 0.496872 -0.195888 -0.0619898 0.00133516 0.389677 -0.249179 -0.00212244 -0.19398 0.0608453 0.00133516 0.39807 -0.251971 -0.0030118
22 -0.000953674 0.0185013 0.184062 -1.39394 0.000953689 -0.518235 0.26112 1.39126 0.000953689 0.496872 -0.195888 -0.0619898 0.00133516 0.389677 -0.249179 -0.00212244 -0.19398 0.0608453 0.00133516 0.39807 -0.251971 -0.0030118
22 -0.000953674 0.0188828 0.182536 -1.39394 0.000953689 -0.51976 0.26112 1.39126 0.000953689 0.496872 -0.195888 -0.0619898 0.00133516 0.389677 -0.249179 -0.00212244 -0.19398 0.0608453 0.00133516 0.39807 -0.251971 -0.0030118
22 -0.000953674 0.0188828 0.180629 -1.39394 0.000953689 -0.520905 0.261501 1.39088 0.00133516 0.49649 -0.195888 -0.0619898 0.00133516 0.389677 -0.249179 -0.00212244 -0.19398 0.0608453 0.00133516 0.39807 -0.251971 -0.0030118
22 -0.000953674 0.0185013 0.179103 -1.39394 0.000953689 -0.522431 0.261883 1.39088 0.000953689 0.49649 -0.195888 -0.0619898 0.00133516 0.389677 -0.249179 -0.00212244 -0.19398 0.0608453 0.00133516 0.39807 -0.251971 -0.0030118
22 -0.000572205 0.0188828 0.177195 -1.39394 0.000953689 -0.523957 0.262264 1.3905 0.000953689 0.49649 -0.195888 -0.0619898 0.00133516 0.389677 -0.249179 -0.00212244 -0.19398 0.0608453 0.00133516 0.39807 -0.251971 -0.0030118
22 -0.000572205 0.0188828 0.175669 -1.39394 0.000953689 -0.525483 0.262646 1.3905 0.000953689 0.49649 -0.195888 -0.0619898 0.000953689 0.389677 -0.249179 -0.00212244 -0.19398 0.0608453 0.00133516 0.39807 -0.251971 -0.0030118
22 -0.000953674 0.0188828 0.174144 -1.39394 0.000953689 -0.527008 0.263027 1.3905 0.000953689 0.496109 -0.195888 -0.0619898 0.00133516 0.389677 -0.249179 -0.00212244 -0.194362 0.0608453 0.00133516 0.39807 -0.251971 -0.0030118
22 -0.000953674 0.0188828 0.172618 -1.39394 0.000953689 -0.528534 0.263409 1.39012 0.00133516 0.496109 -0.195888 -0.0619898 0.00133516 0.389677 -0.249179 -0.00212244 -0.194362 0.0608453 0.00133516 0.39807 -0.251971 -0.0030118
22 -0.000572205 0.0188828 0.17071 -1.39394 0.000953689 -0.530442 0.264172 1.39012 0.000953689 0.496109 -0.195888 -0.0619898 0.00133516 0.389677 -0.249179 -0.00212244 -0.19398 0.0608453 0.00133516 0.39807 -0.251971 -0.0030118
22 -0.000953674 0.0188828 0.168803 -1.39394 0.000953689 -0.532349 0.264553 1.39012 0.00133516 0.495727 -0.195888 -0.0619898 0.00133516 0.389677 -0.249179 -0.00212244 -0.19398 0.0608453 0.00133516 0.39807 -0.251971 -0.0030118
22 -0.000953674 0.0188828 0.167277 -1.39394 0.000953689 -0.533875 0.265316 1.38974 0.00133516 0.495727 -0.195888 -0.0619898 0.00133516 0.389677 -0.249179 -0.00212244 -0.19398 0.0608453 0.00133516 0.39807 -0.251971 -0.0030118
22 -0.000953674 0.0188828 0.164988 -1.39394 0.000953689 -0.535401 0.266079 1.38974 0.00133516 0.495346 -0.195888 -0.0619898 0.00133516 0.389677 -0.249179 -0.00212244 -0.19398 0.0608453 0.00133516 0.39807 -0.251971 -0.0030118
22 -0.000953674 0.0188828 0.163081 -1.39394 0.000953689 -0.53769 0.266842 1.38936 0.000953689 0.494965 -0.195888 -0.0619898 0.00133516 0.389677 -0.249179 -0.00212244 -0.19398 0.0608453 0.00133516 0.39807 -0.251971 -0.0030118
22 -0.000953674 0.0188828 0.161173 -1.39394 0.000953689 -0.539597 0.267605 1.38898 0.000953689 0.494583 -0.195888 -0.0619898 0.00133516 0.389677 -0.249179 -0.00212244 -0.19398 0.0608453 0.00133516 0.39807 -0.251971 -0.0030118
22 -0.000953674 0.0188828 0.159648 -1.39394 0.000953689 -0.541123 0.268368 1.38859 0.000953689 0.494202 -0.195888 -0.0619898 0.00133516 0.389677 -0.249179 -0.00212244 -0.194362 0.0608453 0.00133516 0.39807 -0.251971 -0.0030118
22 -0.000953674 0.0188828 0.15774 -1.39394 0.000953689 -0.543412 0.269131 1.38821 0.000953689 0.493439 -0.195888 -0.0619898 0.00133516 0.389677 -0.249179 -0.00212244 -0.19398 0.0608453 0.00133516 0.39807 -0.251971 -0.0030118
22 -0.000953674 0.0188828 0.155451 -1.39394 0.000953689 -0.545319 0.269512 1.38745 0.000953689 0.493057 -0.195888 -0.0619898 0.00133516 0.389677 -0.249179 -0.00212244 -0.19398 0.0608453 0.00133516 0.39807 -0.251971 -0.0030118
22 -0.000953674 0.0188828 0.153925 -1.39394 0.000953689 -0.547227 0.270275 1.38707 0.000953689 0.492294 -0.195888 -0.0619898 0.00133516 0.389677 -0.249179 -0.00212244 -0.19398 0.0608453 0.00133516 0.39807 -0.251971 -0.0030118
22 -0.000953674 0.0188828 0.151637 -1.39394 0.000953689 -0.549134 0.271038 1.38669 0.000953689 0.491913 -0.195888 -0.0619898 0.00133516 0.389677 -0.249179 -0.00212244 -0.19398 0.0608453 0.00133516 0.39807 -0.251971 -0.0030118
22 -0.000953674 0.0185013 0.149348 -1.39394 0.000953689 -0.551423 0.272183 1.38631 0.000953689 0.49115 -0.195888 -0.0619898 0.000953689 0.389677 -0.249179 -0.00212244 -0.19398 0.0608453 0.00133516 0.39807 -0.251971 -0.0030118
22 -0.000953674 0.0188828 0.14744 -1.39394 0.000953689 -0.553712 0.272946 1.38592 0.000953689 0.490387 -0.195888 -0.0619898 0.00133516 0.389677 -0.249179 -0.00212244 -0.19398 0.0608453 0.00133516 0.39807 -0.251971 -0.0030118
22 -0.000953674 0.0188828 0.145533 -1.39394 0.000953689 -0.556001 0.273709 1.38554 0.000953689 0.489624 -0.195888 -0.0619898 0.000953689 0.389677 -0.249179 -0.00212244 -0.19398 0.0608453 0.00133516 0.39807 -0.251971 -0.0030118
22 -0.000953674 0.0185013 0.143244 -1.39394 0.000953689 -0.557908 0.27409 1.38516 0.000953689 0.488479 -0.195888 -0.0619898 0.00133516 0.389677 -0.249179 -0.00212244 -0.19398 0.0608453 0.00133516 0.39807 -0.251971 -0.0030118
22 -0.000953674 0.0188828 0.141718 -1.39394 0.000953689 -0.560197 0.274472 1.3844 0.000953689 0.486954 -0.195888 -0.0619898 0.00133516 0.389677 -0.249179 -0.00212244 -0.19398 0.0608453 0.00133516 0.39807 -0.251971 -0.0030118
22 -0.000953674 0.0188828 0.139429 -1.39394 0.000953689 -0.562867 0.274853 1.38364 0.000953689 0.485809 -0.195888 -0.0619898 0.000953689 0.389677 -0.249179 -0.00212244 -0.19398 0.0608453 0.00133516 0.39807 -0.251971 -0.0030118
22 -0.000572205 0.0185013 0.13714 -1.39394 0.000953689 -0.564775 0.275235 1.38249 0.00133516 0.484665 -0.195888 -0.0619898 0.000953689 0.389677 -0.249179 -0.00212244 -0.19398 0.0608453 0.00133516 0.39807 -0.251971 -0.0030118
22 -0.000953674 0.0188828 0.135233 -1.39394 0.000953689 -0.567445 0.275616 1.38135 0.00133516 0.483139 -0.195888 -0.0619898 0.000953689 0.389677 -0.249179 -0.00212244 -0.19398 0.0608453 0.00133516 0.39807 -0.251971 -0.0030118
22 -0.000953674 0.0188828 0.132944 -1.39394 0.000953689 -0.569734 0.275998 1.38058 0.00133516 0.481994 -0.195888 -0.0619898 0.000953689 0.389677 -0.249179 -0.00212244 -0.19398 0.0608453 0.00133516 0.39807 -0.251971 -0.0030118
22 -0.000953674 0.0188828 0.130655 -1.39394 0.000953689 -0.572023 0.276379 1.37982 0.00133516 0.480087 -0.195888 -0.0619898 0.000953689 0.389677 -0.249179 -0.00212244 -0.19398 0.0608453 0.00133516 0.39807 -0.251971 -0.0030118
22 -0.000953674 0.0188828 0.128367 -1.39394 0.000953689 -0.574693 0.276761 1.37906 0.00133516 0.478943 -0.195888 -0.0619898 0.000953689 0.389677 -0.249179 -0.00212244 -0.19398 0.0608453 0.00133516 0.39807 -0.251971 -0.0030118
22 -0.000953674 0.0188828 0.126078 -1.39394 0.000953689 -0.576982 0.277142 1.37868 0.00133516 0.477798 -0.195888 -0.0619898 0.00133516 0.389677 -0.249179 -0.00212244 -0.19398 0.0608453 0.00133516 0.39807 -0.251971 -0.0030118
22 -0.000953674 0.0188828 0.12417 -1.39394 0.000953689 -0.579652 0.277905 1.37829 0.00133516 0.476272 -0.195888 -0.0619898 0.00133516 0.389677 -0.249179 -0.00212244 -0.19398 0.0608453 0.00133516 0.39807 -0.251971 -0.0030118
22 -0.000953674 0.0188828 0.121881 -1.39394 0.000953689 -0.582322 0.278668 1.37791 0.00133516 0.473983 -0.195888 -0.0619898 0.00133516 0.389677 -0.249179 -0.00212244 -0.19398 0.0608453 0.00133516 0.39807 -0.251971 -0.0030118
22 -0.000953674 0.0185013 0.119593 -1.39394 0.000953689 -0.584611 0.279431 1.37753 0.00133516 0.472457 -0.195888 -0.0619898 0.00133516 0.389677 -0.249179 -0.00212244 -0.19398 0.0608453 0.00133516 0.39807 -0.251971 -0.0030118
22 -0.000953674 0.0188828 0.117304 -1.39394 0.000953689 -0.587663 0.279812 1.37715 0.00133516 0.470932 -0.195888 -0.0619898 0.00133516 0.389677 -0.249179 -0.00212244 -0.19398 0.0608453 0.00133516 0.39807 -0.251971 -0.0030118
22 -0.000953674 0.0188828 0.114633 -1.39394 0.000953689 -0.589952 0.280194 1.37639 0.00133516 0.469024 -0.195888 -0.0619898 0.00133516 0.389677 -0.249179 -0.00212244 -0.19398 0.0608453 0.00133516 0.39807 -0.251971 -0.0030118
22 -0.000572205 0.0185013 0.112345 -1.39394 0.000953689 -0.592622 0.280957 1.37601 0.00133516 0.467117 -0.195888 -0.0619898 0.00133516 0.389677 -0.249179 -0.00212244 -0.19398 0.0608453 0.00133516 0.39807 -0.251971 -0.0030118
22 -0.000953674 0.0185013 0.110437 -1.39394 0.000953689 -0.595293 0.281338 1.37524 0.00133516 0.465591 -0.195888 -0.0619898 0.00133516 0.389677 -0.249179 -0.00212244 -0.19398 0.0608453 0.00133516 0.39807 -0.251971 -0.0030118
22 -0.000572205 0.0188828 0.107767 -1.39394 0.000953689 -0.597963 0.28172 1.37486 0.00133516 0.464065 -0.195888 -0.0619898 0.00133516 0.389677 -0.249179 -0.00212244 -0.19398 0.0608453 0.00133516 0.39807 -0.251971 -0.0030118
22 -0.000953674 0.0188828 0.105478 -1.39394 0.000953689 -0.601015 0.28172 1.3741 0.00133516 0.461395 -0.195888 -0.0619898 0.00133516 0.389677 -0.249179 -0.00212244 -0.19398 0.0608453 0.00133516 0.39807 -0.251971 -0.0030118
22 -0.000572205 0.0188828 0.102808 -1.39394 0.000953689 -0.603685 0.282101 1.37372 0.00133516 0.459869 -0.195888 -0.0619898 0.00133516 0.389677 -0.249179 -0.00212244 -0.19398 0.0608453 0.00133516 0.39807 -0.251971 -0.0030118
22 -0.000953674 0.0188828 0.100519 -1.39394 0.000953689 -0.606737 0.282483 1.37295 0.00133516 0.457961 -0.195888 -0.0619898 0.00133516 0.389677 -0.249179 -0.00212244 -0.19398 0.0608453 0.00133516 0.39807 -0.251971 -0.0030118
22 -0.000572205 0.0188828 0.09823 -1.39394 0.000953689 -0.609026 0.282483 1.37219 0.00133516 0.455673 -0.195888 -0.0619898 0.00133516 0.389677 -0.249179 -0.00212244 -0.19398 0.0608453 0.00133516 0.39807 -0.251971 -0.0030118
22 -0.000953674 0.0188828 0.0955596 -1.39394 0.000953689 -0.612078 0.282864 1.37143 0.000953689 0.454147 -0.195888 -0.0619898 0.00133516 0.389677 -0.249179 -0.00212244 -0.19398 0.0608453 0.00133516 0.39807 -0.251971 -0.0030118
22 -0.000572205 0.0188828 0.0932708 -1.39394 0.000953689 -0.615129 0.283246 1.37067 0.000953689 0.452239 -0.195888 -0.0619898 0.00133516 0.389677 -0.249179 -0.00212244 -0.19398 0.0608453 0.00133516 0.39807 -0.251971 -0.0030118
22 -0.000953674 0.0188828 0.0906004 -1.39394 0.000953689 -0.6178 0.283627 1.36876 0.000953689 0.450332 -0.195888 -0.0619898 0.00133516 0.389677 -0.249179 -0.00212244 -0.194362 0.0608453 0.00133516 0.39807 -0.251971 -0.0030118
22 -0.000572205 0.0185013 0.0883116 -1.39394 0.000953689 -0.620851 0.284009 1.36799 0.00133516 0.448043 -0.195888 -0.0619898 0.00133516 0.389677 -0.249179 -0.00212244 -0.194362 0.0608453 0.00133516 0.39807 -0.251971 -0.0030118
22 -0.000572205 0.0185013 0.0856413 -1.39394 0.000953689 -0.623522 0.284009 1.36723 0.00133516 0.446136 -0.195888 -0.0619898 0.00133516 0.389677 -0.249179 -0.00212244 -0.194362 0.0608453 0.00133516 0.39807 -0.251971 -0.0030118
22 -0.000953674 0.0185013 0.0833524 -1.39394 0.000953689 -0.626955 0.28439 1.36609 0.00133516 0.443847 -0.195888 -0.0619898 0.00133516 0.389677 -0.249179 -0.00212244 -0.194362 0.0608453 0.00133516 0.39807 -0.251971 -0.0030118
22 -0.000953674 0.0185013 0.0806821 -1.39394 0.000953689 -0.630007 0.28439 1.36532 0.00133516 0.441939 -0.195888 -0.0619898 0.000953689 0.389677 -0.249179 -0.00212244 -0.19398 0.0608453 0.00133516 0.39807 -0.251971 -0.0030118
22 -0.000953674 0.0185013 0.0780118 -1.39394 0.000953689 -0.633059 0.284772 1.36494 0.00133516 0.440032 -0.195888 -0.0619898 0.00133516 0.389677 -0.249179 -0.00212244 -0.19398 0.0608453 0.00133516 0.39807 -0.251971 -0.0030118
22 -0.000572205 0.0185013 0.0753414 -1.39394 0.000953689 -0.63611 0.284772 1.3638 0.00133516 0.438125 -0.195888 -0.0619898 0.00133516 0.389677 -0.249179 -0.00212244 -0.19398 0.0608453 0.00133516 0.39807 -0.251971 -0.0030118
22 -0.000572205 0.0185013 0.0730526 -1.39394 0.000953689 -0.639162 0.284772 1.36265 0.00133516 0.435454 -0.195888 -0.0619898 0.00133516 0.389677 -0.249179 -0.00212244 -0.194362 0.0608453 0.00133516 0.39807 -0.251971 -0.0030118
22 -0.000953674 0.0185013 0.0703822 -1.39394 0.000953689 -0.642596 0.284772 1.36189 0.00133516 0.433547 -0.195888 -0.0619898 0.00133516 0.389677 -0.249179 -0.00212244 -0.194362 0.0608453 0.00133516 0.39807 -0.251971 -0.0030118
22 -0.000953674 0.0185013 0.0677119 -1.39394 0.000953689 -0.645647 0.284772 1.36151 0.00133516 0.431258 -0.195888 -0.0619898 0.00133516 0.389677 -0.249179 -0.00212244 -0.194362 0.0608453 0.00133516 0.39807 -0.251971 -0.0030118
22 -0.000572205 0.0185013 0.0650416 -1.39432 0.000953689 -0.649081 0.284772 1.36075 0.00133516 0.429351 -0.195888 -0.0619898 0.000953689 0.389677 -0.249179 -0.00212244 -0.194362 0.0608453 0.00133516 0.39807 -0.251971 -0.0030118
22 -0.000953674 0.0188828 0.0623713 -1.39432 0.000953689 -0.652132 0.284772 1.3596 0.00133516 0.427443 -0.195888 -0.0619898 0.000953689 0.389677 -0.249179 -0.00212244 -0.194362 0.0608453 0.00133516 0.39807 -0.251971 -0.0030118
22 -0.000953674 0.0185013 0.0600824 -1.39432 0.000953689 -0.655566 0.285153 1.35884 0.00133516 0.424392 -0.195888 -0.0619898 0.000953689 0.389677 -0.249179 -0.00212244 -0.194362 0.0608453 0.00133516 0.39807 -0.251971 -0.0030118
22 -0.000953674 0.0185013 0.0570306 -1.39432 0.000953689 -0.658999 0.285153 1.3577 0.00133516 0.422484 -0.195888 -0.0619898 0.000953689 0.389677 -0.249179 -0.00212244 -0.194362 0.0608453 0.00133516 0.39807 -0.251971 -0.0030118
22 -0.000953674 0.0185013 0.0547417 -1.39432 0.000953689 -0.662432 0.285153 1.35617 0.00133516 0.420195 -0.195888 -0.0619898 0.000953689 0.389677 -0.249179 -0.00212244 -0.194362 0.0608453 0.00133516 0.39807 -0.251971 -0.0030118
22 -0.000572205 0.0188828 0.0516899 -1.39432 0.000953689 -0.665866 0.285153 1.35541 0.00133516 0.417525 -0.195888 -0.0619898 0.000953689 0.389677 -0.249179 -0.00212244 -0.194362 0.0608453 0.00133516 0.39807 -0.251971 -0.0030118
22 -0.000572205 0.0185013 0.0490196 -1.39432 0.000953689 -0.66968 0.285153 1.35426 0.00133516 0.415618 -0.195888 -0.0619898 0.00133516 0.389677 -0.249179 -0.00212244 -0.194362 0.0608453 0.00133516 0.39807 -0.251971 -0.0030118
22 -0.000572205 0.0188828 0.0467308 -1.39432 0.000953689 -0.672732 0.285534 1.3535 0.00133516 0.413329 -0.195888 -0.0619898 0.00133516 0.389677 -0.249179 -0.00212244 -0.194362 0.0608453 0.00133516 0.39807 -0.251971 -0.0030118
22 -0.000572205 0.0185013 0.043679 -1.39432 0.000953689 -0.676547 0.285534 1.35274 0.00133516 0.410658 -0.195888 -0.0619898 0.00133516 0.389677 -0.249179 -0.00212244 -0.194362 0.0608453 0.00133516 0.39807 -0.251971 -0.0030118
22 -0.000953674 0.0185013 0.0410086 -1.39432 0.000953689 -0.67998 0.285534 1.35197 0.00133516 0.40837 -0.195888 -0.0619898 0.00133516 0.389677 -0.249179 -0.00212244 -0.19398 0.0608453 0.00133516 0.39807 -0.251971 -0.0030118
22 -0.000953674 0.0185013 0.0383383 -1.39432 0.000953689 -0.683795 0.285534 1.35121 0.00133516 0.405699 -0.195888 -0.0619898 0.00133516 0.389677 -0.249179 -0.00212244 -0.19398 0.0608453 0.00133516 0.39807 -0.251971 -0.0030118
22 -0.000953674 0.0185013 0.035668 -1.39432 0.000953689 -0.68761 0.285534 1.35007 0.00133516 0.40341 -0.195888 -0.0619898 0.00133516 0.389677 -0.249179 -0.00212244 -0.19398 0.0608453 0.00133516 0.39807 -0.251971 -0.0030118
22 -0.000953674 0.0185013 0.0329976 -1.39432 0.000953689 -0.691043 0.285534 1.3493 0.00133516 0.401122 -0.195888 -0.0619898 0.000953689 0.389677 -0.249179 -0.00212244 -0.19398 0.0608453 0.00133516 0.39807 -0.251971 -0.0030118
22 -0.000953674 0.0185013 0.0303273 -1.39432 0.000953689 -0.694858 0.285534 1.34892 0.00133516 0.39807 -0.195888 -0.0619898 0.000953689 0.389677 -0.249179 -0.00212244 -0.19398 0.0608453 0.00133516 0.39807 -0.251971 -0.0030118
22 -0.000953674 0.0185013 0.0272755 -1.3947 0.000953689 -0.698672 0.285534 1.34816 0.00133516 0.395781 -0.195888 -0.0619898 0.000953689 0.389677 -0.249179 -0.00212244 -0.194362 0.0608453 0.00133516 0.39807 -0.251971 -0.0030118
22 -0.000953674 0.0185013 0.0242237 -1.3947 0.00133516 -0.702487 0.285534 1.3474 0.00133516 0.393111 -0.195888 -0.0619898 0.000953689 0.389677 -0.249179 -0.00212244 -0.19398 0.0608453 0.00133516 0.39807 -0.251971 -0.0030118
22 -0.000953674 0.0185013 0.0215534 -1.3947 0.00133516 -0.706683 0.285534 1.34663 0.00133516 0.390822 -0.195888 -0.0619898 0.00133516 0.389677 -0.249179 -0.00212244 -0.19398 0.0608453 0.00133516 0.39807 -0.251971 -0.0030118
22 -0.000572205 0.0185013 0.0185016 -1.3947 0.00133516 -0.710117 0.285534 1.34587 0.00133516 0.388151 -0.195888 -0.0619898 0.00133516 0.389677 -0.249179 -0.00212244 -0.19398 0.0608453 0.00133516 0.39807 -0.251971 -0.0030118
22 -0.000953674 0.0185013 0.0154498 -1.3947 0.00133516 -0.714313 0.285534 1.34396 0.00133516 0.385481 -0.195888 -0.0619898 0.00133516 0.389677 -0.249179 -0.00212244 -0.19398 0.0608453 0.00133516 0.39807 -0.251971 -0.0030118
22 -0.000953674 0.0185013 0.012398 -1.3947 0.00133516 -0.718509 0.285534 1.34282 0.00133516 0.383192 -0.195888 -0.0619898 0.00133516 0.389677 -0.249179 -0.00212244 -0.19398 0.0608453 0.00133516 0.39807 -0.251971 -0.0030118
22 -0.000953674 0.0185013 0.00972763 -1.3947 0.00133516 -0.722324 0.285534 1.34205 0.00133516 0.380522 -0.195888 -0.0619898 0.00133516 0.389677 -0.249179 -0.00212244 -0.19398 0.0608453 0.00133516 0.39807 -0.251971 -0.0030118
22 -0.000953674 0.0185013 0.00667582 -1.3947 0.00133516 -0.72652 0.285534 1.34091 0.00133516 0.378233 -0.195888 -0.0619898 0.000953689 0.389677 -0.249179 -0.00212244 -0.19398 0.0608453 0.00133516 0.39807 -0.251971 -0.0030118
22 -0.000953674 0.0185013 0.00362402 -1.39508 0.00133516 -0.730716 0.285534 1.34053 0.00133516 0.375563 -0.195888 -0.0619898 0.00133516 0.389677 -0.249179 -0.00212244 -0.19398 0.0608453 0.00133516 0.39807 -0.251971 -0.0030118
22 -0.000953674 0.0185013 0.000572213 -1.39508 0.00133516 -0.734531 0.285534 1.33977 0.00133516 0.372892 -0.195888 -0.0619898 0.000953689 0.389677 -0.249179 -0.00212244 -0.19398 0.0608453 0.00133516 0.39807 -0.251971 -0.0030118
22 -0.000953674 0.0185013 -0.00209812 -1.39508 0.00133516 -0.739109 0.285534 1.33862 0.00133516 0.370604 -0.195888 -0.0619898 0.000953689 0.389677 -0.249179 -0.00212244 -0.19398 0.0608453 0.00133516 0.39807 -0.251971 -0.0030118
22 -0.000953674 0.0185013 -0.0055314 -1.39508 0.00133516 -0.743305 0.285534 1.33748 0.00133516 0.367552 -0.195888 -0.0619898 0.000953689 0.389677 -0.249179 -0.00212244 -0.19398 0.0608453 0.00133516 0.39807 -0.251971 -0.0030118
22 -0.000953674 0.0185013 -0.0085832 -1.39508 0.00133516 -0.74712 0.285534 1.33671 0.00133516 0.365644 -0.195888 -0.0619898 0.00133516 0.389677 -0.249179 -0.00212244 -0.19398 0.0608453 0.00133516 0.39807 -0.251971 -0.0030118
22 -0.000953674 0.0188828 -0.011635 -1.39546 0.00133516 -0.751698 0.285534 1.33633 0.00133516 0.362974 -0.195888 -0.0619898 0.00133516 0.389677 -0.249179 -0.00212244 -0.19398 0.0608453 0.00133516 0.39807 -0.251971 -0.0030118
22 -0.000953674 0.0185013 -0.0146868 -1.39546 0.00133516 -0.756275 0.285534 1.33557 0.00133516 0.360304 -0.195888 -0.0619898 0.00133516 0.389677 -0.249179 -0.00212244 -0.19398 0.0608453 0.00133516 0.39807 -0.251971 -0.0030118
22 -0.000953674 0.0185013 -0.0177386 -1.39546 0.00133516 -0.76009 0.285534 1.33481 0.00133516 0.357633 -0.195888 -0.0619898 0.00133516 0.389677 -0.249179 -0.00212244 -0.19398 0.0608453 0.00133516 0.39807 -0.251971 -0.0030118
22 -0.000572205 0.0185013 -0.0207904 -1.39546 0.00133516 -0.764668 0.285534 1.33404 0.00133516 0.354963 -0.195888 -0.0619898 0.00133516 0.389677 -0.249179 -0.00212244 -0.19398 0.0608453 0.00133516 0.39807 -0.251971 -0.0030118
22 -0.000572205 0.0185013 -0.0238422 -1.39546 0.00133516 -0.769245 0.285534 1.33252 0.00133516 0.352674 -0.195888 -0.0619898 0.00133516 0.389677 -0.249179 -0.00212244 -0.19398 0.0608453 0.00133516 0.39807 -0.251971 -0.0030118
22 -0.000953674 0.0185013 -0.026894 -1.39546 0.00133516 -0.773442 0.285534 1.33099 0.00133516 0.350004 -0.195888 -0.0619898 0.00133516 0.389677 -0.249179 -0.00212244 -0.19398 0.0608453 0.00133516 0.39807 -0.251971 -0.0030118
22 -0.000953674 0.0185013 -0.0303273 -1.39546 0.00133516 -0.778019 0.285534 1.33023 0.00133516 0.347333 -0.195888 -0.0619898 0.00133516 0.389677 -0.249179 -0.00212244 -0.19398 0.0608453 0.00133516 0.39807 -0.251971 -0.0030118
22 -0.000572205 0.0185013 -0.0333791 -1.39546 0.00133516 -0.782597 0.285534 1.32947 0.00133516 0.345045 -0.195888 -0.0619898 0.00133516 0.389677 -0.249179 -0.00212244 -0.19398 0.0608453 0.00133516 0.39807 -0.251971 -0.0030118
22 -0.000953674 0.0185013 -0.0364309 -1.39546 0.00133516 -0.787556 0.285534 1.32832 0.00133516 0.342374 -0.195888 -0.0619898 0.00133516 0.389677 -0.249179 -0.00212244 -0.19398 0.0608453 0.00133516 0.39807 -0.251971 -0.0030118
22 -0.000953674 0.0185013 -0.0394827 -1.39546 0.00133516 -0.792134 0.285916 1.32794 0.00133516 0.340085 -0.195888 -0.0619898 0.00133516 0.389677 -0.249179 -0.00212244 -0.19398 0.0608453 0.00133516 0.39807 -0.251971 -0.0030118
22 -0.000953674 0.0185013 -0.042916 -1.39546 0.00133516 -0.796712 0.285916 1.3268 0.00133516 0.337034 -0.195888 -0.0619898 0.000953689 0.389677 -0.249179 -0.00212244 -0.19398 0.0608453 0.00133516 0.39807 -0.251971 -0.0030118
22 -0.000953674 0.0188828 -0.0463493 -1.39546 0.00133516 -0.801671 0.285916 1.32565 0.00133516 0.334745 -0.195888 -0.0619898 0.000953689 0.389677 -0.249179 -0.00212244 -0.19398 0.0608453 0.00133516 0.39807 -0.251971 -0.0030118
22 -0.000953674 0.0185013 -0.0494011 -1.39584 0.00133516 -0.80663 0.285916 1.32451 0.00133516 0.332074 -0.195888 -0.0619898 0.000953689 0.389677 -0.249179 -0.00212244 -0.19398 0.0608453 0.00133516 0.39807 -0.251971 -0.0030118
22 -0.000953674 0.0185013 -0.0528344 -1.39584 0.00133516 -0.810826 0.285916 1.32413 0.00133516 0.329404 -0.195888 -0.0619898 0.000953689 0.389677 -0.249179 -0.00212244 -0.19398 0.0608453 0.00133516 0.39807 -0.251971 -0.0030118
22 -0.000953674 0.0185013 -0.0562676 -1.39584 0.00133516 -0.815785 0.285916 1.32336 0.00133516 0.327497 -0.195888 -0.0619898 0.00133516 0.389677 -0.249179 -0.00212244 -0.19398 0.0608453 0.00133516 0.39807 -0.251971 -0.0030118
22 -0.000953674 0.0185013 -0.0597009 -1.39584 0.00133516 -0.820745 0.285916 1.3226 0.00133516 0.324445 -0.195888 -0.0619898 0.00133516 0.389677 -0.249179 -0.00212244 -0.19398 0.0608453 0.00133516 0.39807 -0.251971 -0.0030118
22 -0.000953674 0.0185013 -0.0627527 -1.39584 0.00133516 -0.825704 0.285916 1.32184 0.00133516 0.322156 -0.195888 -0.0619898 0.00133516 0.389677 -0.249179 -0.00212244 -0.19398 0.0608453 0.00133516 0.39807 -0.251971 -0.0030118
22 -0.000572205 0.0185013 -0.066186 -1.39584 0.00133516 -0.830663 0.285916 1.32069 0.00133516 0.319486 -0.195888 -0.0619898 0.00133516 0.389677 -0.249179 -0.00212244 -0.19398 0.0608453 0.00133516 0.39807 -0.251971 -0.0030118
22 -0.000572205 0.0185013 -0.0692378 -1.39584 0.00133516 -0.835241 0.285916 1.31878 0.00133516 0.317197 -0.195888 -0.0619898 0.00133516 0.389677 -0.249179 -0.00212244 -0.19398 0.0608453 0.00133516 0.39807 -0.251971 -0.0030118
22 -0.000953674 0.0185013 -0.0726711 -1.39584 0.00133516 -0.8402 0.285916 1.31802 0.00133516 0.314908 -0.195888 -0.0619898 0.000953689 0.389677 -0.249179 -0.00212244 -0.19398 0.0608453 0.00133516 0.39807 -0.251971 -0.0030118
22 -0.000953674 0.0185013 -0.0761044 -1.39584 0.00133516 -0.845159 0.285916 1.31688 0.00133516 0.311856 -0.195888 -0.0619898 0.000953689 0.389677 -0.249179 -0.00212244 -0.19398 0.0608453 0.00133516 0.39807 -0.251971 -0.0030118
22 -0.000572205 0.0185013 -0.0795377 -1.39622 0.00133516 -0.8505 0.286297 1.31573 0.00133516 0.309567 -0.195888 -0.0619898 0.000953689 0.389677 -0.249179 -0.00212244 -0.19398 0.0608453 0.00133516 0.39807 -0.251971 -0.0030118
22 -0.000953674 0.0185013 -0.0829709 -1.39622 0.00133516 -0.855077 0.286297 1.31497 0.00133516 0.306897 -0.195888 -0.0619898 0.00133516 0.389677 -0.249179 -0.00212244 -0.19398 0.0608453 0.00133516 0.39807 -0.251971 -0.0030118
22 -0.000572205 0.0185013 -0.0864042 -1.39622 0.00133516 -0.860037 0.286297 1.31383 0.00133516 0.304608 -0.195888 -0.0619898 0.00133516 0.389677 -0.249179 -0.00212244 -0.19398 0.0608453 0.00133516 0.39807 -0.251971 -0.0030118
22 -0.000953674 0.0185013 -0.0898375 -1.39622 0.00133516 -0.865377 0.286297 1.31268 0.00133516 0.302319 -0.195888 -0.0619898 0.00133516 0.389677 -0.249179 -0.00212244 -0.19398 0.0608453 0.00133516 0.39807 -0.251971 -0.0030118
22 -0.000953674 0.0185013 -0.0936522 -1.39622 0.00133516 -0.870336 0.286679 1.31192 0.00133516 0.299268 -0.195888 -0.0619898 0.00133516 0.389677 -0.249179 -0.00212244 -0.19398 0.0608453 0.00133516 0.39807 -0.251971 -0.0030118
22 -0.000953674 0.0185013 -0.0970855 -1.39622 0.00133516 -0.875677 0.286679 1.31116 0.00133516 0.296979 -0.195888 -0.0619898 0.00133516 0.389677 -0.249179 -0.00212244 -0.19398 0.0608453 0.00133516 0.39807 -0.251971 -0.0030118
22 -0.000953674 0.0188828 -0.100519 -1.39622 0.00171664 -0.881018 0.286679 1.31039 0.00133516 0.294308 -0.195888 -0.0619898 0.00133516 0.389677 -0.249179 -0.00212244 -0.19398 0.0608453 0.00133516 0.39807 -0.251971 -0.0030118
22 -0.000953674 0.0185013 -0.103952 -1.39622 0.00171664 -0.885596 0.28706 1.30963 0.00133516 0.29202 -0.195888 -0.0619898 0.00133516 0.389677 -0.249179 -0.00212244 -0.19398 0.0608453 0.00133516 0.39807 -0.251971 -0.0030118
22 -0.000953674 0.0185013 -0.107385 -1.39622 0.00171664 -0.890936 0.28706 1.30848 0.00133516 0.289731 -0.195888 -0.0619898 0.00133516 0.389677 -0.249179 -0.00212244 -0.19398 0.0608453 0.00133516 0.39807 -0.251971 -0.0030118
22 -0.000953674 0.0185013 -0.110819 -1.39661 0.00171664 -0.895895 0.287442 1.30696 0.00133516 0.286679 -0.195888 -0.0619898 0.00133516 0.389677 -0.249179 -0.00212244 -0.19398 0.0608453 0.00133516 0.39807 -0.251971 -0.0030118
22 -0.000953674 0.0188828 -0.114252 -1.39661 0.00171664 -0.901617 0.287442 1.30581 0.00133516 0.28439 -0.195888 -0.0619898 0.00133516 0.389677 -0.249179 -0.00212244 -0.19398 0.0608453 0.00133516 0.39807 -0.251971 -0.0030118
22 -0.000953674 0.0185013 -0.118067 -1.39661 0.00171664 -0.906577 0.287442 1.30467 0.00133516 0.28172 -0.195888 -0.0619898 0.00133516 0.389677 -0.249179 -0.00212244 -0.19398 0.0608453 0.00133516 0.39807 -0.251971 -0.0030118
22 -0.000953674 0.0188828 -0.1215 -1.39661 0.00171664 -0.911917 0.287823 1.30353 0.00133516 0.279431 -0.195888 -0.0619898 0.00133516 0.389677 -0.249179 -0.00212244 -0.19398 0.0608453 0.00133516 0.39807 -0.251971 -0.0030118
22 -0.000953674 0.0188828 -0.125315 -1.39661 0.00171664 -0.917639 0.287823 1.30276 0.00133516 0.277142 -0.195888 -0.0619898 0.00133516 0.389677 -0.249179 -0.00212244 -0.19398 0.0608453 0.00133516 0.39807 -0.251971 -0.0030118
22 -0.000953674 0.0188828 -0.128748 -1.39661 0.00171664 -0.922217 0.288205 1.30162 0.00133516 0.27409 -0.195888 -0.0619898 0.00133516 0.389677 -0.249179 -0.00212244 -0.194362 0.0608453 0.00133516 0.39807 -0.251971 -0.0030118
22 -0.000953674 0.0192642 -0.132181 -1.39661 0.00171664 -0.927939 0.288205 1.30009 0.00133516 0.271801 -0.195888 -0.0619898 0.00133516 0.389677 -0.249179 -0.00212244 -0.19398 0.0608453 0.00133516 0.39807 -0.251971 -0.0030118
22 -0.000572205 0.0200272 -0.135996 -1.39661 0.00209812 -0.93328 0.288586 1.29933 0.00133516 0.269131 -0.195888 -0.0619898 0.00133516 0.389677 -0.249179 -0.00212244 -0.19398 0.0608453 0.00133516 0.39807 -0.251971 -0.0030118
22 -0.000953674 0.0207901 -0.139429 -1.39661 0.00209812 -0.938621 0.288968 1.29895 0.00133516 0.266842 -0.195888 -0.0619898 0.00133516 0.389677 -0.249179 -0.00212244 -0.19398 0.0608453 0.00133516 0.39807 -0.251971 -0.0030118
22 -0.000953674 0.0211716 -0.143244 -1.39661 0.00209812 -0.944343 0.288968 1.29818 0.00133516 0.264935 -0.195888 -0.0619898 0.00133516 0.389677 -0.249179 -0.00212244 -0.19398 0.0608453 0.00133516 0.39807 -0.251971 -0.0030118
22 -0.000953674 0.0219345 -0.146677 -1.39699 0.00209812 -0.950065 0.289349 1.29704 0.00133516 0.261883 -0.195888 -0.0619898 0.00133516 0.389677 -0.249179 -0.00212244 -0.19398 0.0608453 0.00133516 0.39807 -0.251971 -0.0030118
22 -0.000953674 0.0230789 -0.150492 -1.39699 0.00209812 -0.955406 0.290112 1.29628 0.00133516 0.259594 -0.195888 -0.0619898 0.00133516 0.389677 -0.249179 -0.00212244 -0.19398 0.0608453 0.00133516 0.39807 -0.251971 -0.0030118
22 -0.000953674 0.0238419 -0.153925 -1.39699 0.00209812 -0.960746 0.290494 1.29437 0.00133516 0.257305 -0.195888 -0.0619898 0.00133516 0.389677 -0.249179 -0.00212244 -0.19398 0.0608453 0.00133516 0.39807 -0.251971 -0.0030118
22 -0.000953674 0.0246048 -0.157359 -1.39699 0.00209812 -0.966468 0.291257 1.29323 0.00133516 0.254635 -0.195888 -0.0619898 0.00133516 0.389677 -0.249179 -0.00212244 -0.19398 0.0608453 0.00133516 0.39807 -0.251971 -0.0030118
22 -0.000953674 0.0249863 -0.161173 -1.39699 0.00247959 -0.971809 0.291638 1.29208 0.00133516 0.252728 -0.195888 -0.0619898 0.00133516 0.389677 -0.249179 -0.00212244 -0.19398 0.0608453 0.00133516 0.39807 -0.251971 -0.0030118
22 -0.000953674 0.0257492 -0.164988 -1.39699 0.00247959 -0.977531 0.29202 1.29132 0.00133516 0.250057 -0.195888 -0.0619898 0.00133516 0.389677 -0.249179 -0.00212244 -0.19398 0.0608453 0.00133516 0.39807 -0.251971 -0.0030118
22 -0.000953674 0.0265121 -0.168803 -1.39699 0.00247959 -0.983253 0.292782 1.29056 0.00133516 0.247768 -0.195888 -0.0619898 0.00133516 0.389677 -0.249179 -0.00212244 -0.19398 0.0608453 0.00133516 0.39807 -0.251971 -0.0030118
22 -0.000953674 0.0272751 -0.172236 -1.39737 0.00247959 -0.988975 0.293164 1.28941 0.00133516 0.24548 -0.195888 -0.0619898 0.00133516 0.389677 -0.249179 -0.00212244 -0.19398 0.0608453 0.00133516 0.39807 -0.251971 -0.0030118
22 -0.000953674 0.0276566 -0.176051 -1.39737 0.00247959 -0.994698 0.293545 1.28789 0.00133516 0.242809 -0.195888 -0.0619898 0.00133516 0.389677 -0.249179 -0.00212244 -0.19398 0.0608453 0.00133516 0.39807 -0.251971 -0.0030118
22 -0.000953674 0.0284195 -0.179866 -1.39737 0.00286107 -1.00042 0.294308 1.28674 0.00133516 0.240902 -0.195888 -0.0619898 0.00133516 0.389677 -0.249179 -0.00212244 -0.19398 0.0608453 0.00133516 0.39807 -0.251971 -0.0030118
22 -0.000572205 0.028801 -0.183299 -1.39737 0.00286107 -1.00652 0.294308 1.28598 0.00133516 0.238994 -0.195888 -0.0619898 0.00133516 0.389677 -0.249179 -0.00212244 -0.19398 0.0608453 0.00133516 0.39807 -0.251971 -0.0030118
22 -0.000572205 0.0291824 -0.187114 -1.39775 0.00286107 -1.01225 0.29469 1.28521 0.00133516 0.236324 -0.195888 -0.0619898 0.00133516 0.389677 -0.249179 -0.00212244 -0.19398 0.0608453 0.00133516 0.39807 -0.251971 -0.0030118
22 -0.000572205 0.0295639 -0.190929 -1.39775 0.00286107 -1.01797 0.295071 1.28445 0.00133516 0.234417 -0.195888 -0.0619898 0.00133516 0.389677 -0.249179 -0.00212244 -0.19398 0.0608453 0.00133516 0.39807 -0.251971 -0.0030118
22 -0.000572205 0.0299454 -0.194362 -1.39775 0.00286107 -1.02369 0.295453 1.28331 0.00133516 0.232128 -0.195888 -0.0619898 0.00133516 0.389677 -0.249179 -0.00212244 -0.19398 0.0608453 0.00133516 0.39807 -0.251971 -0.0030118
22 -0.000572205 0.0299454 -0.198177 -1.39775 0.00286107 -1.02941 0.295834 1.2814 0.00133516 0.229839 -0.195888 -0.0619898 0.00133516 0.389677 -0.249179 -0.00212244 -0.19398 0.0608453 0.00133516 0.39807 -0.251971 -0.0030118
22 -0.000572205 0.0303268 -0.201991 -1.39775 0.00286107 -1.03513 0.296216 1.28026 0.00133516 0.227932 -0.195888 -0.0619898 0.00133516 0.389677 -0.249179 -0.00212244 -0.19398 0.0608453 0.00133516 0.39807 -0.251971 -0.0030118
22 -0.000572205 0.0307083 -0.205806 -1.39775 0.00286107 -1.04086 0.296979 1.27949 0.00133516 0.225643 -0.195888 -0.0619898 0.00133516 0.389677 -0.249179 -0.00212244 -0.19398 0.0608453 0.00133516 0.39807 -0.251971 -0.0030118
22 -0.000572205 0.0314722 -0.209621 -1.39813 0.00286107 -1.04696 0.29736 1.27835 0.00133516 0.223354 -0.195888 -0.0619898 0.00133516 0.389677 -0.249179 -0.00212244 -0.19398 0.0608453 0.00133516 0.39807 -0.251971 -0.0030118
22 -0.000572205 0.0318537 -0.213054 -1.39813 0.00286107 -1.05268 0.297742 1.27759 0.00133516 0.221447 -0.195888 -0.0619898 0.00133516 0.389677 -0.249179 -0.00212244 -0.19398 0.0608453 0.00133516 0.39807 -0.251971 -0.0030118
22 -0.000572205 0.0326166 -0.21725 -1.39813 0.00286107 -1.05879 0.298123 1.27606 0.00133516 0.219158 -0.195888 -0.0619898 0.00133516 0.389677 -0.249179 -0.00212244 -0.19398 0.0608453 0.00133516 0.39807 -0.251971 -0.0030118
22 -0.000572205 0.0329981 -0.221065 -1.39813 0.00286107 -1.06451 0.298505 1.27491 0.00133516 0.21725 -0.195888 -0.0619898 0.00133516 0.389677 -0.249179 -0.00212244 -0.19398 0.0608453 0.00133516 0.39807 -0.251971 -0.0030118
22 -0.000572205 0.033761 -0.224498 -1.39851 0.00286107 -1.07061 0.298886 1.27415 0.00133516 0.215343 -0.195888 -0.0619898 0.00133516 0.389677 -0.249179 -0.00212244 -0.19398 0.0608453 0.00133516 0.39807 -0.251971 -0.0030118
22 -0.000572205 0.034524 -0.228313 -1.39851 0.00286107 -1.07671 0.299268 1.27301 0.00133516 0.212673 -0.195888 -0.0619898 0.00133516 0.389677 -0.249179 -0.00212244 -0.19398 0.0608453 0.00133516 0.39807 -0.251971 -0.0030118
22 -0.000572205 0.0352869 -0.231746 -1.39851 0.00286107 -1.08244 0.299649 1.27224 0.00133516 0.210765 -0.195888 -0.0619898 0.00133516 0.389677 -0.249179 -0.00212244 -0.19398 0.0608453 0.00133516 0.39807 -0.251971 -0.0030118
22 -0.000572205 0.0360498 -0.235943 -1.39889 0.00286107 -1.08854 0.300031 1.27148 0.00133516 0.208476 -0.195888 -0.0619898 0.00133516 0.389677 -0.249179 -0.00212244 -0.19398 0.0608453 0.00133516 0.39807 -0.251971 -0.0030118
22 -0.000572205 0.0364313 -0.239757 -1.39889 0.00286107 -1.09464 0.300412 1.26957 0.00133516 0.206188 -0.195888 -0.0619898 0.00133516 0.389677 -0.249179 -0.00212244 -0.19398 0.0608453 0.00133516 0.39807 -0.251971 -0.0030118
22 -0.000572205 0.0371943 -0.243572 -1.39889 0.00324254 -1.10075 0.300793 1.26843 0.00133516 0.20428 -0.195888 -0.0619898 0.00133516 0.389677 -0.249179 -0.00212244 -0.19398 0.0608453 0.00133516 0.39807 -0.251971 -0.0030118
22 -0.000572205 0.0379572 -0.247387 -1.39889 0.00324254 -1.10685 0.301175 1.26729 0.00133516 0.202373 -0.195888 -0.0623713 0.00133516 0.389677 -0.249179 -0.00212244 -0.19398 0.0608453 0.00133516 0.39807 -0.251971 -0.0030118
22 -0.000572205 0.0383387 -0.251202 -1.39928 0.00324254 -1.11295 0.301556 1.26652 0.00133516 0.199702 -0.195888 -0.0623713 0.00133516 0.389677 -0.249179 -0.00212244 -0.19398 0.0608453 0.00133516 0.39807 -0.251971 -0.0030118
22 -0.000572205 0.0391016 -0.255016 -1.39928 0.00324254 -1.11906 0.302319 1.26576 0.00133516 0.197795 -0.195888 -0.0623713 0.00133516 0.389677 -0.249179 -0.00212244 -0.19398 0.0608453 0.00133516 0.39807 -0.251971 -0.0030118
22 -0.000572205 0.0394831 -0.259213 -1.39928 0.00324254 -1.12516 0.303082 1.26462 0.00133516 0.195888 -0.195888 -0.0623713 0.00133516 0.389677 -0.249179 -0.00212244 -0.194362 0.0608453 0.00133516 0.39807 -0.251971 -0.0030118
22 -0.000572205 0.0398645 -0.262646 -1.39966 0.00324254 -1.13127 0.303845 1.26309 0.00133516 0.193217 -0.195888 -0.0623713 0.00133516 0.389677 -0.249179 -0.00212244 -0.194362 0.0608453 0.00133516 0.39807 -0.251971 -0.0030118
22 -0.000572205 0.0406275 -0.266842 -1.39966 0.00324254 -1.13775 0.304608 1.26194 0.00133516 0.19131 -0.195888 -0.0623713 0.00133516 0.389677 -0.249179 -0.00212244 -0.194362 0.0608453 0.00133516 0.39807 -0.251971 -0.0030118
22 -0.000572205 0.0413904 -0.270657 -1.40004 0.00324254 -1.14385 0.30499 1.26118 0.00133516 0.189403 -0.195888 -0.0623713 0.00133516 0.389677 -0.249179 -0.00212244 -0.194362 0.0608453 0.00133516 0.39807 -0.251971 -0.0030118
22 -0.000572205 0.0421534 -0.274853 -1.40004 0.00324254 -1.14996 0.305753 1.26042 0.00133516 0.187114 -0.195888 -0.0623713 0.00133516 0.389677 -0.249179 -0.00212244 -0.19398 0.0608453 0.00133516 0.39807 -0.251971 -0.0030118
22 -0.000190735 0.0429163 -0.278668 -1.40042 0.00362402 -1.15644 0.306134 1.25966 0.00133516 0.184825 -0.195888 -0.0623713 0.00133516 0.389677 -0.249179 -0.00212244 -0.194362 0.0608453 0.00133516 0.39807 -0.251971 -0.0030118
22 -0.000190735 0.0436792 -0.282483 -1.4008 0.00362402 -1.16217 0.306897 1.25889 0.00133516 0.182918 -0.195888 -0.0623713 0.00133516 0.389677 -0.249179 -0.00212244 -0.194362 0.0608453 0.00133516 0.39807 -0.251971 -0.0030118
22 -0.000190735 0.0440607 -0.286679 -1.40118 0.00362402 -1.16865 0.307279 1.25699 0.00133516 0.180629 -0.195888 -0.0623713 0.00133516 0.389677 -0.249179 -0.00212244 -0.194362 0.0608453 0.00133516 0.39807 -0.251971 -0.0030118
22 -0.000190735 0.0448236 -0.290494 -1.40156 0.00362402 -1.17475 0.308042 1.25584 0.00133516 0.179103 -0.195888 -0.0623713 0.00133516 0.389677 -0.249179 -0.00212244 -0.194362 0.0608453 0.00133516 0.39807 -0.251971 -0.0030118
22 -0.000190735 0.0452051 -0.294308 -1.40195 0.00400549 -1.18086 0.308423 1.25508 0.00133516 0.177195 -0.195888 -0.0623713 0.00133516 0.389677 -0.249179 -0.00212244 -0.194362 0.0608453 0.00133516 0.39807 -0.251971 -0.0030118
22 -0.000190735 0.0459681 -0.298886 -1.40233 0.00400549 -1.18696 0.309186 1.25393 0.00133516 0.174907 -0.195888 -0.0623713 0.00133516 0.389677 -0.249179 -0.00212244 -0.194362 0.0608453 0.00133516 0.39807 -0.251971 -0.0030118
22 -0.000190735 0.0463495 -0.302701 -1.40271 0.00438697 -1.19306 0.309949 1.25317 0.00133516 0.172999 -0.195888 -0.0623713 0.00133516 0.389677 -0.249179 -0.00212244 -0.194362 0.0608453 0.00133516 0.39807 -0.251971 -0.0030118
22 -0.000190735 0.046731 -0.306897 -1.40309 0.00476844 -1.19917 0.31033 1.25241 0.00133516 0.171092 -0.195888 -0.0623713 0.00133516 0.389677 -0.249179 -0.00212244 -0.194362 0.0608453 0.00133516 0.39807 -0.251971 -0.0030118
22 -0.000190735 0.0471125 -0.311093 -1.40347 0.00476844 -1.20527 0.310712 1.25088 0.00133516 0.169184 -0.195888 -0.0623713 0.00133516 0.389677 -0.249179 -0.00212244 -0.194362 0.0608453 0.00133516 0.39807 -0.251971 -0.0030118
22 -0.000190735 0.0474939 -0.31529 -1.40385 0.00514992 -1.21138 0.311093 1.24974 0.00133516 0.167277 -0.195888 -0.0623713 0.00133516 0.389677 -0.249179 -0.00212244 -0.194362 0.0608453 0.00133516 0.39807 -0.251971 -0.0030118
22 -0.000572205 0.0478754 -0.319104 -1.40424 0.0055314 -1.21748 0.311475 1.24897 0.00133516 0.165751 -0.195888 -0.0623713 0.00133516 0.389677 -0.249179 -0.00212244 -0.194362 0.0608453 0.00133516 0.39807 -0.251971 -0.0030118
22 -0.000190735 0.0482569 -0.323301 -1.405 0.00591287 -1.22358 0.311856 1.24821 0.00133516 0.163844 -0.195888 -0.0623713 0.00133516 0.389677 -0.249179 -0.00212244 -0.194362 0.0608453 0.00133516 0.39807 -0.251971 -0.0030118
22 -0.000190735 0.0490198 -0.327497 -1.40538 0.00591287 -1.2293 0.312238 1.24745 0.00133516 0.161936 -0.195888 -0.0623713 0.00133516 0.389677 -0.249179 -0.00212244 -0.194362 0.0608453 0.00133516 0.39807 -0.251971 -0.0030118
22 -0.000190735 0.0494013 -0.331312 -1.40614 0.00629435 -1.23503 0.312619 1.24669 0.00133516 0.160029 -0.195888 -0.0623713 0.00133516 0.389677 -0.249179 -0.00212244 -0.194362 0.0608453 0.00133516 0.39807 -0.251971 -0.0030118
22 -0.000190735 0.0501642 -0.335889 -1.40652 0.00667582 -1.24113 0.313001 1.24516 0.00133516 0.158122 -0.195888 -0.0623713 0.00133516 0.389677 -0.249179 -0.00212244 -0.194362 0.0608453 0.00133516 0.39807 -0.251971 -0.0030118
22 -0.000190735 0.0505457 -0.340085 -1.40729 0.0070573 -1.24685 0.313382 1.24363 0.00133516 0.155833 -0.195888 -0.0627527 0.00133516 0.389677 -0.249179 -0.00212244 -0.194362 0.0608453 0.00133516 0.39807 -0.251971 -0.0030118
22 -0.000190735 0.0509272 -0.3439 -1.40843 0.00743877 -1.25296 0.313764 1.24287 0.00133516 0.154307 -0.195888 -0.0627527 0.00133516 0.389677 -0.249179 -0.00212244 -0.194362 0.0608453 0.00133516 0.39807 -0.251971 -0.0030118
22 -0.000190735 0.0513086 -0.348096 -1.40881 0.00782025 -1.25868 0.314527 1.24173 0.00133516 0.152781 -0.195888 -0.0627527 0.00133516 0.389677 -0.249179 -0.00212244 -0.194362 0.0608453 0.00133516 0.39807 -0.251971 -0.0030118
22 -0.000190735 0.0520716 -0.352293 -1.40919 0.0085832 -1.2644 0.31529 1.24096 0.00133516 0.150874 -0.195888 -0.0627527 0.00133516 0.389677 -0.249179 -0.00212244 -0.194362 0.0608453 0.00133516 0.39807 -0.251971 -0.0030118
22 -0.000190735 0.052453 -0.356489 -1.40958 0.00934615 -1.27012 0.316434 1.23982 0.00133516 0.148585 -0.195888 -0.0627527 0.00133516 0.389677 -0.249179 -0.00212244 -0.194362 0.0608453 0.00133516 0.39807 -0.251971 -0.0030118
22 -0.000190735 0.053216 -0.360685 -1.41034 0.0101091 -1.27584 0.317197 1.23867 0.00133516 0.147059 -0.195888 -0.0627527 0.00133516 0.389677 -0.249179 -0.00212244 -0.194362 0.0608453 0.00133516 0.39807 -0.251971 -0.0030118
22 -0.000190735 0.0535975 -0.364881 -1.4111 0.0112535 -1.28157 0.31796 1.23753 0.00133516 0.145151 -0.195888 -0.0627527 0.00133516 0.389677 -0.249179 -0.00212244 -0.194362 0.0608453 0.00133516 0.39807 -0.251971 -0.0030118
22 -0.000190735 0.0539789 -0.368696 -1.41148 0.0120165 -1.28729 0.318723 1.23677 0.00133516 0.143244 -0.195888 -0.0631342 0.00133516 0.389677 -0.249179 -0.00212244 -0.194362 0.0608453 0.00133516 0.39807 -0.251971 -0.0030118
22 -0.000190735 0.0543604 -0.373274 -1.41186 0.0131609 -1.29301 0.319486 1.236 0.00133516 0.141718 -0.195888 -0.0631342 0.00133516 0.389677 -0.249179 -0.00212244 -0.194362 0.0608453 0.00133516 0.39807 -0.251971 -0.0030118
22 -0.000190735 0.0547419 -0.37747 -1.41263 0.0139239 -1.29873 0.320249 1.23524 0.00133516 0.139811 -0.195888 -0.0631342 0.00133516 0.389677 -0.249179 -0.00212244 -0.19398 0.0608453 0.00133516 0.39807 -0.251971 -0.0030118
22 -0.000190735 0.0551233 -0.381285 -1.41339 0.0150683 -1.30407 0.321012 1.2341 0.00133516 0.137522 -0.195888 -0.0631342 0.00133516 0.389677 -0.249179 -0.00212244 -0.194362 0.0608453 0.00133516 0.39807 -0.251971 -0.0030118
22 -0.000190735 0.0555048 -0.385863 -1.41415 0.0162127 -1.30903 0.322156 1.23257 0.00133516 0.135996 -0.195888 -0.0631342 0.00133516 0.389677 -0.249179 -0.00212244 -0.194362 0.0608453 0.00133516 0.39807 -0.251971 -0.0030118
22 -0.000190735 0.0555048 -0.389677 -1.41492 0.0177386 -1.31476 0.322919 1.23105 0.00133516 0.134089 -0.195888 -0.0631342 0.00133516 0.389677 -0.249179 -0.00212244 -0.194362 0.0608453 0.00133516 0.39807 -0.251971 -0.0030118
22 -0.000190735 0.0558863 -0.393492 -1.41568 0.018883 -1.3201 0.323682 1.23028 0.00133516 0.132181 -0.195888 -0.0631342 0.00133516 0.389677 -0.249179 -0.00212244 -0.194362 0.0608453 0.00133516 0.39807 -0.251971 -0.0030118
22 -0.000190735 0.0562677 -0.39807 -1.41606 0.0200275 -1.32544 0.324445 1.22952 0.00133516 0.130274 -0.195888 -0.0631342 0.00133516 0.389677 -0.249179 -0.00212244 -0.194362 0.0608453 0.00133516 0.39807 -0.251971 -0.0030118
22 -0.000190735 0.0562677 -0.401884 -1.41682 0.0211719 -1.33078 0.324826 1.22837 0.00133516 0.129129 -0.195888 -0.0631342 0.00133516 0.389677 -0.249179 -0.00212244 -0.194362 0.0608453 0.00133516 0.39807 -0.251971 -0.0030118
22 -0.000190735 0.0566492 -0.405699 -1.41759 0.0226978 -1.33574 0.325208 1.22761 0.00133516 0.127604 -0.195888 -0.0631342 0.00133516 0.389677 -0.249179 -0.00212244 -0.194362 0.0608453 0.00133516 0.39807 -0.251971 -0.0030118
22 -0.000190735 0.0570307 -0.410277 -1.41835 0.0242237 -1.3407 0.325589 1.22609 0.00133516 0.125315 -0.195888 -0.0631342 0.00133516 0.389677 -0.249179 -0.00212244 -0.194362 0.0608453 0.00133516 0.39807 -0.251971 -0.0030118
22 -0.000190735 0.0574121 -0.414092 -1.41911 0.0253681 -1.34565 0.326352 1.22494 0.00133516 0.123789 -0.195888 -0.0631342 0.00133516 0.389677 -0.249179 -0.00212244 -0.194362 0.0608453 0.00133516 0.39807 -0.251971 -0.0030118
22 -0.000190735 0.0577936 -0.417906 -1.42026 0.026894 -1.35061 0.326734 1.22418 0.00133516 0.122263 -0.195888 -0.0631342 0.00133516 0.389677 -0.249179 -0.00212244 -0.194362 0.0608453 0.00133516 0.39807 -0.251971 -0.0030118
22 -0.000190735 0.0585566 -0.422103 -1.4214 0.0284199 -1.35557 0.327497 1.22342 0.00133516 0.120737 -0.195888 -0.0631342 0.00133516 0.389677 -0.249179 -0.00212244 -0.194362 0.0608453 0.00133516 0.39807 -0.251971 -0.0030118
22 -0.000190735 0.058938 -0.425917 -1.42178 0.0303273 -1.36053 0.328641 1.22265 0.00133516 0.118448 -0.195888 -0.0631342 0.00133516 0.389677 -0.249179 -0.00212244 -0.194362 0.0608453 0.00133516 0.39807 -0.251971 -0.0030118
22 -0.000572205 0.0593195 -0.430114 -1.42255 0.0314717 -1.36473 0.329404 1.22151 0.00133516 0.117304 -0.195888 -0.0631342 0.00133516 0.389677 -0.249179 -0.00212244 -0.194362 0.0608453 0.00133516 0.39807 -0.251971 -0.0030118
22 -0.000190735 0.0600824 -0.433928 -1.42331 0.0329976 -1.36931 0.330167 1.21998 0.00133516 0.115778 -0.195888 -0.0631342 0.00133516 0.389677 -0.249179 -0.00212244 -0.194362 0.0608453 0.00133516 0.39807 -0.251971 -0.0030118
22 -0.000572205 0.0604639 -0.437743 -1.42407 0.0341421 -1.37427 0.331312 1.21846 0.00133516 0.11387 -0.195888 -0.0631342 0.00133516 0.389677 -0.249179 -0.00212244 -0.194362 0.0608453 0.00133516 0.39807 -0.251971 -0.0030118
22 -0.000572205 0.0612268 -0.441558 -1.42483 0.0364309 -1.37846 0.332074 1.21769 0.00133516 0.111963 -0.195888 -0.0631342 0.00133516 0.389677 -0.249179 -0.00212244 -0.194362 0.0608453 0.00133516 0.39807 -0.251971 -0.0030118
22 -0.000190735 0.0616083 -0.445373 -1.4256 0.0379568 -1.38266 0.332837 1.21655 0.00133516 0.110437 -0.195888 -0.0631342 0.00133516 0.389677 -0.249179 -0.00212244 -0.19398 0.0608453 0.00133516 0.39807 -0.251971 -0.0030118
22 -0.000572205 0.0619898 -0.449187 -1.42674 0.0394827 -1.38724 0.333982 1.21579 0.00133516 0.108911 -0.195888 -0.0631342 0.00133516 0.389677 -0.249179 -0.00212244 -0.194362 0.0608453 0.00133516 0.39807 -0.251971 -0.0030118
22 -0.000572205 0.0627527 -0.453002 -1.42751 0.0410086 -1.39143 0.335126 1.21464 0.00133516 0.107385 -0.195888 -0.0631342 0.00133516 0.389677 -0.249179 -0.00212244 -0.194362 0.0608453 0.00133516 0.39807 -0.251971 -0.0030118
22 -0.000572205 0.0631342 -0.456436 -1.42865 0.0432975 -1.39525 0.336271 1.21312 0.00133516 0.105859 -0.195888 -0.0631342 0.00133516 0.389677 -0.249179 -0.00212244 -0.194362 0.0608453 0.00133516 0.39807 -0.251971 -0.0030118
22 -0.000572205 0.0635157 -0.46025 -1.42941 0.0448234 -1.39944 0.337034 1.21197 0.00133516 0.104334 -0.195888 -0.0631342 0.00133516 0.389677 -0.249179 -0.00212244 -0.194362 0.0608453 0.00133516 0.39807 -0.251971 -0.0030118
22 -0.000572205 0.0638971 -0.463684 -1.43018 0.0463493 -1.40364 0.337797 1.21121 0.00133516 0.103189 -0.195888 -0.0631342 0.00133516 0.389677 -0.249179 -0.00212244 -0.19398 0.0608453 0.00133516 0.39807 -0.251971 -0.0030118
22 -0.000572205 0.0642786 -0.467498 -1.43132 0.0486381 -1.40707 0.33856 1.21045 0.00133516 0.101663 -0.195888 -0.0631342 0.00133516 0.389677 -0.249179 -0.00212244 -0.194362 0.0608453 0.00133516 0.39807 -0.251971 -0.0030118
22 -0.000572205 0.0650415 -0.470932 -1.43246 0.050164 -1.41127 0.339323 1.20968 0.00133516 0.0997559 -0.195888 -0.0631342 0.00133516 0.389677 -0.249179 -0.00212244 -0.19398 0.0608453 0.00133516 0.39807 -0.251971 -0.0030118
22 -0.000572205 0.065423 -0.474365 -1.43361 0.0520714 -1.4147 0.340085 1.20816 0.00133516 0.09823 -0.195888 -0.0631342 0.00133516 0.389677 -0.249179 -0.00212244 -0.19398 0.0608453 0.00133516 0.39807 -0.251971 -0.0030118
22 -0.000572205 0.066186 -0.477417 -1.43475 0.0539788 -1.41852 0.341611 1.20663 0.00133516 0.0970855 -0.195888 -0.0631342 0.00133516 0.389677 -0.249179 -0.00212244 -0.19398 0.0608453 0.00133516 0.39807 -0.251971 -0.0030118
22 -0.000572205 0.0665674 -0.48085 -1.43552 0.0558862 -1.42195 0.342374 1.20549 0.00133516 0.0955596 -0.195888 -0.0631342 0.00133516 0.389677 -0.249179 -0.00212244 -0.19398 0.0608453 0.00133516 0.39807 -0.251971 -0.0030118
22 -0.000572205 0.0673304 -0.484283 -1.43666 0.0574121 -1.42538 0.343137 1.20472 0.00133516 0.0940337 -0.195888 -0.0631342 0.00133516 0.389677 -0.249179 -0.00212244 -0.19398 0.0608453 0.00133516 0.39807 -0.251971 -0.0030118
22 -0.000572205 0.0680933 -0.487716 -1.43742 0.0593194 -1.4292 0.344282 1.20358 0.00133516 0.0928893 -0.195888 -0.0631342 0.00133516 0.389677 -0.249179 -0.00212244 -0.19398 0.0608453 0.00133516 0.39807 -0.251971 -0.0030118
22 -0.000572205 0.0684748 -0.490768 -1.43819 0.0616083 -1.43225 0.345045 1.20282 0.00133516 0.0917449 -0.195888 -0.0631342 0.00133516 0.389677 -0.249179 -0.00212244 -0.19398 0.0608453 0.00133516 0.39807 -0.251971 -0.0030118
22 -0.000572205 0.0692377 -0.494202 -1.43933 0.0631342 -1.43606 0.346189 1.20129 0.00133516 0.0906004 -0.195888 -0.0631342 0.00133516 0.389677 -0.249179 -0.00212244 -0.19398 0.0608453 0.00133516 0.39807 -0.251971 -0.0030118
22 -0.000572205 0.0700006 -0.497635 -1.44009 0.0650416 -1.43912 0.347333 1.20015 0.00133516 0.0890745 -0.195888 -0.0631342 0.00133516 0.389677 -0.249179 -0.00212244 -0.19398 0.0608453 0.00133516 0.39807 -0.251971 -0.0030118
22 -0.000572205 0.0703821 -0.500687 -1.44124 0.066949 -1.44255 0.348478 1.19938 0.00133516 0.0871672 -0.195888 -0.0631342 0.00133516 0.389677 -0.249179 -0.00212244 -0.19398 0.0608453 0.00133516 0.39807 -0.251971 -0.0030118
22 -0.000572205 0.0711451 -0.50412 -1.442 0.0688563 -1.4456 0.349241 1.19862 0.00133516 0.0860227 -0.195888 -0.0631342 0.00133516 0.389677 -0.249179 -0.00212244 -0.19398 0.0608453 0.00133516 0.39807 -0.251971 -0.0030118
22 -0.000572205 0.0715265 -0.507172 -1.44315 0.0707637 -1.44942 0.350385 1.19786 0.00133516 0.0848783 -0.195888 -0.0631342 0.00133516 0.389677 -0.249179 -0.00212244 -0.19398 0.0608453 0.00133516 0.39807 -0.251971 -0.0030118
22 -0.000572205 0.071908 -0.510224 -1.44429 0.0726711 -1.45247 0.351148 1.19709 0.00133516 0.0837339 -0.195888 -0.0631342 0.00133516 0.389677 -0.249179 -0.00212244 -0.19398 0.0608453 0.00133516 0.39807 -0.251971 -0.0030118
22 -0.000572205 0.0722895 -0.513275 -1.44582 0.0749599 -1.4559 0.351911 1.19595 0.00133516 0.082208 -0.195888 -0.0631342 0.00133516 0.389677 -0.249179 -0.00212244 -0.19398 0.0608453 0.00133516 0.39807 -0.251971 -0.0030118
22 -0.000572205 0.0730524 -0.516327 -1.44696 0.0768673 -1.45895 0.353056 1.19404 0.00133516 0.0806821 -0.195888 -0.0631342 0.00133516 0.389677 -0.249179 -0.00212244 -0.19398 0.0608453 0.00133516 0.39807 -0.251971 -0.0030118
22 -0.000572205 0.0734339 -0.519379 -1.44772 0.0787747 -1.46239 0.3542 1.19328 0.00133516 0.0799191 -0.195888 -0.0631342 0.00133516 0.389677 -0.249179 -0.00212244 -0.19398 0.0608453 0.00133516 0.39807 -0.251971 -0.0030118
22 -0.000572205 0.0741968 -0.522431 -1.44887 0.0806821 -1.46582 0.355344 1.19252 0.00133516 0.0787747 -0.195888 -0.0631342 0.00133516 0.389677 -0.249179 -0.00212244 -0.19398 0.0608453 0.00133516 0.39807 -0.251971 -0.0030118
22 -0.000572205 0.0749598 -0.525101 -1.44963 0.0825895 -1.46887 0.356107 1.19137 0.00133516 0.0776303 -0.195888 -0.0631342 0.00133516 0.389677 -0.249179 -0.00212244 -0.19398 0.0608453 0.00133516 0.39807 -0.251971 -0.0030118
22 -0.000572205 0.0757227 -0.528153 -1.45078 0.0841154 -1.47192 0.357252 1.19099 0.00133516 0.0761044 -0.195888 -0.0631342 0.00133516 0.389677 -0.249179 -0.00212244 -0.19398 0.0608453 0.00133516 0.39807 -0.251971 -0.0030118
22 -0.000572205 0.0761042 -0.530823 -1.45192 0.0864042 -1.47536 0.358396 1.19023 0.00133516 0.0745785 -0.195888 -0.0631342 0.00133516 0.389677 -0.249179 -0.00212244 -0.19398 0.0608453 0.00133516 0.39807 -0.251971 -0.0030118
22 -0.000572205 0.0772486 -0.534257 -1.45306 0.0879301 -1.47879 0.359541 1.18908 0.00133516 0.073434 -0.195888 -0.0631342 0.00133516 0.389677 -0.249179 -0.00212244 -0.19398 0.0608453 0.00133516 0.39807 -0.251971 -0.0030118
22 -0.000190735 0.07763 -0.536927 -1.45383 0.0898375 -1.48146 0.361067 1.18794 0.00133516 0.0722896 -0.195888 -0.0631342 0.00133516 0.389677 -0.249179 -0.00212244 -0.19398 0.0608453 0.00133516 0.39807 -0.251971 -0.0030118
22 -0.000572205 0.078393 -0.539979 -1.45459 0.0917449 -1.48489 0.36183 1.18718 0.00133516 0.0711452 -0.195888 -0.0631342 0.00133516 0.389677 -0.249179 -0.00212244 -0.19398 0.0608453 0.00133516 0.39807 -0.251971 -0.0030118
22 -0.000572205 0.0787745 -0.542649 -1.45535 0.0932708 -1.48833 0.362974 1.18679 0.00133516 0.0700008 -0.195888 -0.0631342 0.00133516 0.389677 -0.249179 -0.00212244 -0.19398 0.0608453 0.00133516 0.39807 -0.251971 -0.0030118
22 -0.000572205 0.0795374 -0.545701 -1.4565 0.0951781 -1.49176 0.363737 1.18603 0.00133516 0.0684749 -0.195888 -0.0631342 0.00133516 0.389677 -0.249179 -0.00212244 -0.19398 0.0608453 0.00133516 0.39807 -0.251971 -0.0030118
22 -0.000572205 0.0799189 -0.548753 -1.45802 0.0967041 -1.49481 0.364881 1.18527 0.00133516 0.0677119 -0.195888 -0.0631342 0.00133516 0.389677 -0.249179 -0.00212244 -0.19398 0.0608453 0.00133516 0.39807 -0.251971 -0.0030118
22 -0.000572205 0.0806818 -0.551423 -1.45917 0.0989929 -1.49863 0.366026 1.18412 0.00133516 0.066949 -0.195888 -0.0631342 0.00133516 0.389677 -0.249179 -0.00212244 -0.19398 0.0608453 0.00133516 0.39807 -0.251971 -0.0030118
22 -0.000572205 0.0810633 -0.554093 -1.45993 0.100519 -1.50168 0.36717 1.1826 0.00133516 0.0658045 -0.195888 -0.0631342 0.00133516 0.389677 -0.249179 -0.00212244 -0.19398 0.0608453 0.00133516 0.39807 -0.251971 -0.0030118
22 -0.000572205 0.0814447 -0.556764 -1.46107 0.102426 -1.50549 0.368315 1.18107 0.00133516 0.0650416 -0.195888 -0.0631342 0.00133516 0.389677 -0.249179 -0.00212244 -0.19398 0.0608453 0.00133516 0.39807 -0.251971 -0.0030118
22 -0.000572205 0.0822077 -0.559815 -1.46184 0.104334 -1.50855 0.369078 1.18069 0.00133516 0.0635157 -0.195888 -0.0631342 0.00133516 0.389677 -0.249179 -0.00212244 -0.19398 0.0608453 0.00133516 0.39807 -0.251971 -0.0030118
22 -0.000572205 0.0825891 -0.562486 -1.4626 0.105859 -1.51236 0.370222 1.17955 0.00133516 0.0619898 -0.195888 -0.0631342 0.00133516 0.389677 -0.249179 -0.00212244 -0.19398 0.0608453 0.00133516 0.39807 -0.251971 -0.0030118
22 -0.000572205 0.0833521 -0.565538 -1.46413 0.107767 -1.51617 0.371748 1.17878 0.00133516 0.0608453 -0.195888 -0.0631342 0.00133516 0.389677 -0.249179 -0.00212244 -0.19398 0.0608453 0.00133516 0.39807 -0.251971 -0.0030118
22 -0.000572205 0.084115 -0.568208 -1.46489 0.109293 -1.51961 0.373274 1.1784 0.00133516 0.0600824 -0.195888 -0.0631342 0.00133516 0.389677 -0.249179 -0.00212244 -0.19398 0.0608453 0.00133516 0.39807 -0.251971 -0.0030118
22 -0.000190735 0.084878 -0.57126 -1.46565 0.111582 -1.52342 0.374037 1.17764 0.00133516 0.058938 -0.195888 -0.0631342 0.00133516 0.389677 -0.249179 -0.00212244 -0.19398 0.0608453 0.00133516 0.39807 -0.251971 -0.0030118
22 -0.000190735 0.0856409 -0.57393 -1.4668 0.113108 -1.52724 0.375181 1.17649 0.00133516 0.058175 -0.195888 -0.0631342 0.00133516 0.389677 -0.249179 -0.00212244 -0.19398 0.0608453 0.00133516 0.39807 -0.251971 -0.0030118
22 -0.000190735 0.0867853 -0.576982 -1.46756 0.114633 -1.53105 0.375944 1.17535 0.00133516 0.0570306 -0.195888 -0.0631342 0.00133516 0.389677 -0.249179 -0.00212244 -0.19398 0.0608453 0.00133516 0.39807 -0.251971 -0.0030118
22 -0.000190735 0.0875483 -0.579652 -1.4687 0.116541 -1.53487 0.377089 1.17459 0.00133516 0.0558862 -0.195888 -0.0631342 0.00133516 0.389677 -0.249179 -0.00212244 -0.19398 0.0608453 0.00133516 0.39807 -0.251971 -0.0030118
22 -0.000190735 0.0886927 -0.582322 -1.46985 0.118067 -1.53868 0.378614 1.17421 0.00133516 0.0551232 -0.195888 -0.0631342 0.00133516 0.389677 -0.249179 -0.00212244 -0.19398 0.0608453 0.00133516 0.39807 -0.251971 -0.0030118
22 -0.000190735 0.0898371 -0.585374 -1.47099 0.119593 -1.5425 0.379759 1.17344 0.00133516 0.0543603 -0.195888 -0.0631342 0.00133516 0.389677 -0.249179 -0.00212244 -0.19398 0.0608453 0.00133516 0.39807 -0.251971 -0.0030118
22 -0.000190735 0.0906 -0.588045 -1.47176 0.121118 -1.54631 0.380522 1.17268 0.00133516 0.0532158 -0.195888 -0.0631342 0.00133516 0.389677 -0.249179 -0.00212244 -0.19398 0.0608453 0.00133516 0.39807 -0.251971 -0.0030118
22 -0.000190735 0.0917444 -0.590715 -1.4729 0.123026 -1.55013 0.381666 1.1723 0.00133516 0.0524529 -0.195888 -0.0631342 0.00133516 0.389677 -0.249179 -0.00212244 -0.19398 0.0608453 0.00133516 0.39807 -0.251971 -0.0030118
22 -0.000190735 0.0925074 -0.593004 -1.47366 0.124552 -1.55432 0.382429 1.17115 0.00133516 0.0513085 -0.195888 -0.0631342 0.00133516 0.389677 -0.249179 -0.00212244 -0.19398 0.0608453 0.00133516 0.39807 -0.251971 -0.0030118
22 -0.000190735 0.0936518 -0.596056 -1.47443 0.126078 -1.55776 0.383955 1.16925 0.00133516 0.050164 -0.195888 -0.0631342 0.00133516 0.389677 -0.249179 -0.00212244 -0.19398 0.0608453 0.00133516 0.39807 -0.251971 -0.0030118
22 -0.000190735 0.0947971 -0.598726 -1.47519 0.127604 -1.56157 0.385481 1.16848 0.00133516 0.0490196 -0.195888 -0.0631342 0.00133516 0.389677 -0.249179 -0.00212244 -0.19398 0.0608453 0.00133516 0.39807 -0.251971 -0.0030118
22 -0.000190735 0.0959415 -0.601396 -1.47595 0.129129 -1.56538 0.386625 1.16734 0.00133516 0.0482567 -0.195888 -0.0631342 0.00133516 0.389677 -0.249179 -0.00212244 -0.194362 0.0608453 0.00133516 0.39807 -0.251971 -0.0030118
22 -0.000190735 0.097086 -0.603685 -1.4771 0.130655 -1.5692 0.38777 1.16658 0.00133516 0.0471122 -0.195888 -0.0631342 0.00133516 0.389677 -0.249179 -0.00212244 -0.194362 0.0608453 0.00133516 0.39807 -0.251971 -0.0030118
22 -0.000190735 0.0982304 -0.606355 -1.47786 0.132181 -1.5734 0.388533 1.16581 0.00133516 0.0467308 -0.195888 -0.0631342 0.00133516 0.389677 -0.249179 -0.00212244 -0.194362 0.0608453 0.00133516 0.39807 -0.251971 -0.0030118
22 -0.000190735 0.0993748 -0.609026 -1.47862 0.133326 -1.57683 0.390059 1.16543 0.00133516 0.0455863 -0.195888 -0.0631342 0.00133516 0.389677 -0.249179 -0.00212244 -0.19398 0.0608453 0.00133516 0.39807 -0.251971 -0.0030118
22 -0.000190735 0.100519 -0.611696 -1.47939 0.134852 -1.58064 0.391203 1.16429 0.00133516 0.0448234 -0.195888 -0.0631342 0.00133516 0.389677 -0.249179 -0.00212244 -0.19398 0.0608453 0.00133516 0.39807 -0.251971 -0.0030118
22 -0.000190735 0.101664 -0.614366 -1.48015 0.136378 -1.58446 0.392348 1.16314 0.00133516 0.0440604 -0.195888 -0.0631342 0.00133516 0.389677 -0.249179 -0.00212244 -0.19398 0.0608453 0.00133516 0.39807 -0.251971 -0.0030118
22 -0.000190735 0.102808 -0.617037 -1.48091 0.137522 -1.58827 0.393111 1.16238 0.00133516 0.0432975 -0.195888 -0.0631342 0.00133516 0.389677 -0.249179 -0.00212244 -0.19398 0.0608453 0.00133516 0.39807 -0.251971 -0.0030118
22 -0.000190735 0.103952 -0.619326 -1.48206 0.139429 -1.59209 0.394255 1.16162 0.00133516 0.042916 -0.195888 -0.0631342 0.00133516 0.389677 -0.249179 -0.00212244 -0.194362 0.0608453 0.00133516 0.39807 -0.251971 -0.0030118
22 -0.000190735 0.105478 -0.621996 -1.4832 0.140574 -1.59552 0.395399 1.16124 0.00133516 0.042153 -0.195888 -0.0631342 0.00133516 0.389677 -0.249179 -0.00212244 -0.194362 0.0608453 0.00133516 0.39807 -0.251971 -0.0030118
22 -0.000190735 0.106623 -0.624666 -1.48396 0.1421 -1.59972 0.396925 1.16047 0.00133516 0.0413901 -0.195888 -0.0631342 0.00133516 0.389677 -0.249179 -0.00212244 -0.194362 0.0608453 0.00133516 0.39807 -0.251971 -0.0030118
22 -0.000190735 0.107767 -0.627337 -1.48473 0.143626 -1.60353 0.398451 1.15933 0.00133516 0.0406271 -0.195888 -0.0631342 0.00133516 0.389677 -0.249179 -0.00212244 -0.194362 0.0608453 0.00133516 0.39807 -0.251971 -0.0030118
22 -0.000190735 0.108912 -0.630007 -1.48549 0.145151 -1.60697 0.399214 1.15818 0.00133516 0.0398642 -0.195888 -0.0635157 0.00133516 0.389677 -0.249179 -0.00212244 -0.19398 0.0608453 0.00133516 0.39807 -0.251971 -0.0030118
22 -0.000190735 0.110056 -0.632296 -1.48625 0.146296 -1.61078 0.400359 1.15666 0.00133516 0.0387198 -0.195888 -0.0635157 0.00133516 0.389677 -0.249179 -0.00212244 -0.194362 0.0608453 0.00133516 0.39807 -0.251971 -0.0030118
22 -0.000190735 0.111582 -0.634966 -1.48702 0.148203 -1.6146 0.401503 1.15589 0.00133516 0.0375753 -0.195888 -0.0635157 0.00133516 0.389677 -0.249179 -0.00212244 -0.194362 0.0608453 0.00133516 0.39807 -0.251971 -0.0030118
22 -0.000190735 0.112726 -0.637255 -1.48778 0.149729 -1.61803 0.403029 1.15475 0.00133516 0.0368124 -0.195888 -0.0635157 0.00133516 0.389677 -0.249179 -0.00212244 -0.194362 0.0608453 0.00133516 0.39807 -0.251971 -0.0030118
22 0.000190735 0.114634 -0.639925 -1.48892 0.151637 -1.62184 0.404173 1.15399 0.00133516 0.0360494 -0.195888 -0.0635157 0.00133516 0.389677 -0.249179 -0.00212244 -0.194362 0.0608453 0.00133516 0.39807 -0.251971 -0.0030118
22 -0.000190735 0.115778 -0.642596 -1.48969 0.153544 -1.62528 0.405318 1.15361 0.00133516 0.0352865 -0.195888 -0.0635157 0.00133516 0.389677 -0.249179 -0.00212244 -0.194362 0.0608453 0.00133516 0.39807 -0.251971 -0.0030118
22 -0.000190735 0.116922 -0.645266 -1.49083 0.155833 -1.62947 0.406462 1.15246 0.00133516 0.034905 -0.195888 -0.0635157 0.00133516 0.389677 -0.249179 -0.00212244 -0.194362 0.0608453 0.00133516 0.39807 -0.251971 -0.0030118
22 -0.000190735 0.118448 -0.647936 -1.49159 0.157359 -1.63252 0.407225 1.15132 0.00133516 0.0341421 -0.195888 -0.0635157 0.00133516 0.389677 -0.249179 -0.00212244 -0.194362 0.0608453 0.00133516 0.39807 -0.251971 -0.0030118
22 -0.000190735 0.119974 -0.650225 -1.49274 0.159648 -1.63672 0.40837 1.15055 0.00133516 0.0333791 -0.195888 -0.0635157 0.00133516 0.389677 -0.249179 -0.00212244 -0.194362 0.0608453 0.00133516 0.39807 -0.251971 -0.0030118
22 -0.000190735 0.121881 -0.652895 -1.49388 0.161936 -1.64015 0.409895 1.14979 0.00133516 0.0326162 -0.195888 -0.0635157 0.00133516 0.389677 -0.249179 -0.00212244 -0.194362 0.0608453 0.00133516 0.39807 -0.251971 -0.0030118
22 -0.000190735 0.123026 -0.655184 -1.49541 0.164225 -1.64359 0.41104 1.14903 0.00133516 0.0322347 -0.195888 -0.0635157 0.00133516 0.389677 -0.249179 -0.00212244 -0.194362 0.0608453 0.00133516 0.39807 -0.251971 -0.0030118
22 -0.000190735 0.124552 -0.658236 -1.49655 0.166514 -1.64702 0.412184 1.14827 0.00133516 0.0314717 -0.195888 -0.0635157 0.00133516 0.389677 -0.249179 -0.00212244 -0.194362 0.0608453 0.00133516 0.39807 -0.251971 -0.0030118
22 -0.000190735 0.126078 -0.660525 -1.4977 0.168803 -1.65007 0.412947 1.1475 0.00133516 0.0310903 -0.195888 -0.0635157 0.00133516 0.389677 -0.249179 -0.00212244 -0.194362 0.0608453 0.00133516 0.39807 -0.251971 -0.0030118
22 -0.000190735 0.127604 -0.663195 -1.49884 0.171092 -1.65351 0.41371 1.14636 0.00133516 0.0310903 -0.195888 -0.0635157 0.00133516 0.389677 -0.249179 -0.00212244 -0.194362 0.0608453 0.00133516 0.39807 -0.251971 -0.0030118
22 -0.000190735 0.129511 -0.665484 -1.4996 0.173762 -1.65656 0.414855 1.14445 0.00133516 0.0307088 -0.195888 -0.0635157 0.00133516 0.389677 -0.249179 -0.00212244 -0.194362 0.0608453 0.00133516 0.39807 -0.251971 -0.0030118
22 -0.000190735 0.131037 -0.667773 -1.50075 0.175669 -1.65999 0.415999 1.14331 0.00133516 0.0303273 -0.195888 -0.0635157 0.00133516 0.389677 -0.249179 -0.00212244 -0.194362 0.0608453 0.00133516 0.39807 -0.251971 -0.0030118
22 -0.000190735 0.132944 -0.670443 -1.50189 0.17834 -1.66266 0.417144 1.14254 0.00133516 0.0299458 -0.195888 -0.0635157 0.00133516 0.389677 -0.249179 -0.00212244 -0.194362 0.0608453 0.00133516 0.39807 -0.251971 -0.0030118
22 -0.000190735 0.13447 -0.673114 -1.50304 0.180629 -1.66571 0.418288 1.1414 0.00133516 0.0295644 -0.195888 -0.0635157 0.00133516 0.389677 -0.249179 -0.00212244 -0.194362 0.0608453 0.00133516 0.39807 -0.251971 -0.0030118
22 -0.000190735 0.135996 -0.675402 -1.50418 0.182918 -1.66838 0.419432 1.14064 0.00133516 0.0291829 -0.195888 -0.0635157 0.00133516 0.389677 -0.249179 -0.00212244 -0.194362 0.0608453 0.00133516 0.39807 -0.251971 -0.0030118
22 -0.000190735 0.137522 -0.677691 -1.50533 0.185969 -1.67144 0.420577 1.13911 0.00133516 0.0284199 -0.195888 -0.0635157 0.00133516 0.389677 -0.249179 -0.00212244 -0.194362 0.0608453 0.00133516 0.39807 -0.251971 -0.0030118
22 -0.000190735 0.139048 -0.67998 -1.50647 0.188258 -1.67449 0.422103 1.13797 0.00133516 0.0280385 -0.195888 -0.0635157 0.00133516 0.389677 -0.249179 -0.00212244 -0.194362 0.0608453 0.00133516 0.39807 -0.251971 -0.0030118
22 -0.000190735 0.140574 -0.682651 -1.508 0.190547 -1.67716 0.423629 1.1372 0.00133516 0.0272755 -0.195888 -0.0638972 0.00133516 0.389677 -0.249179 -0.00212244 -0.194362 0.0608453 0.00133516 0.39807 -0.251971 -0.0030118
22 -0.000190735 0.142099 -0.684939 -1.50914 0.193217 -1.68021 0.424773 1.13644 0.00133516 0.0265126 -0.195888 -0.0638972 0.00133516 0.389677 -0.249179 -0.00212244 -0.194362 0.0608453 0.00133516 0.39807 -0.251971 -0.0030118
22 -0.000190735 0.144007 -0.68761 -1.51029 0.195888 -1.6825 0.425536 1.13568 0.00133516 0.0253681 -0.195888 -0.0638972 0.00133516 0.389677 -0.249179 -0.00212244 -0.194362 0.0608453 0.00133516 0.39807 -0.251971 -0.0030118
22 -0.000190735 0.145914 -0.689899 -1.51143 0.198558 -1.68555 0.42668 1.13491 0.00133516 0.0246052 -0.195888 -0.0638972 0.00133516 0.389677 -0.249179 -0.00212244 -0.194362 0.0608453 0.00133516 0.39807 -0.251971 -0.0030118
22 -0.000190735 0.147058 -0.692569 -1.51219 0.200847 -1.68822 0.428206 1.13377 0.00133516 0.0238422 -0.195888 -0.0638972 0.00133516 0.389677 -0.249179 -0.00212244 -0.194362 0.0604639 0.00133516 0.39807 -0.251971 -0.0030118
22 -0.000190735 0.149347 -0.695621 -1.51334 0.203517 -1.69089 0.429351 1.13186 0.00133516 0.0234607 -0.195888 -0.0638972 0.00133516 0.389677 -0.249179 -0.00212244 -0.194362 0.0604639 0.00133516 0.39807 -0.251971 -0.0030118
22 -0.000190735 0.151255 -0.698291 -1.51448 0.206188 -1.69318 0.430495 1.1311 0.00133516 0.0230793 -0.195888 -0.0638972 0.00133516 0.389677 -0.249179 -0.00212244 -0.194362 0.0604639 0.00133516 0.39807 -0.251971 -0.0030118
22 -0.000190735 0.152781 -0.700961 -1.51563 0.208476 -1.69585 0.43164 1.12995 0.00133516 0.0226978 -0.195888 -0.0638972 0.00133516 0.389677 -0.249179 -0.00212244 -0.194362 0.0604639 0.00133516 0.39807 -0.251971 -0.0030118
22 -0.000190735 0.154688 -0.704013 -1.51639 0.211528 -1.6989 0.432403 1.12919 0.00133516 0.0223163 -0.195888 -0.0642786 0.00133516 0.389677 -0.249179 -0.00212244 -0.194362 0.0604639 0.00133516 0.39807 -0.251971 -0.0030118
22 -0.000190735 0.156596 -0.706683 -1.51753 0.213817 -1.70119 0.433928 1.12843 0.00133516 0.0219348 -0.195888 -0.0642786 0.00133516 0.389677 -0.249179 -0.00212244 -0.194362 0.0604639 0.00133516 0.39807 -0.251971 -0.0030118
22 -0.000572205 0.158885 -0.709735 -1.5183 0.216487 -1.70424 0.435454 1.12728 0.00133516 0.0219348 -0.195888 -0.0642786 0.00133516 0.389677 -0.249179 -0.00212244 -0.194362 0.0604639 0.00133516 0.39807 -0.251971 -0.0030118
22 -0.000190735 0.160411 -0.712406 -1.51982 0.218776 -1.70653 0.436599 1.12576 0.00133516 0.0219348 -0.195888 -0.0642786 0.00133516 0.389677 -0.249179 -0.00212244 -0.194362 0.0604639 0.00133516 0.39807 -0.251971 -0.0030118
22 -0.000572205 0.161937 -0.715457 -1.52097 0.221447 -1.70958 0.437743 1.12499 0.00133516 0.0219348 -0.195888 -0.0646601 0.00133516 0.389677 -0.249179 -0.00212244 -0.194362 0.0604639 0.00133516 0.39807 -0.251971 -0.0030118
22 -0.000572205 0.163844 -0.718128 -1.52173 0.224498 -1.71225 0.438888 1.12423 0.00133516 0.0219348 -0.195888 -0.0646601 0.00133516 0.389677 -0.249179 -0.00212244 -0.194362 0.0604639 0.00133516 0.39807 -0.251971 -0.0030118
22 -0.000572205 0.165751 -0.721561 -1.52287 0.227169 -1.71492 0.440032 1.12347 0.00133516 0.0219348 -0.195888 -0.0646601 0.00133516 0.389677 -0.249179 -0.00212244 -0.194362 0.0604639 0.00133516 0.39807 -0.251971 -0.0030118
22 -0.000572205 0.16804 -0.724613 -1.52364 0.23022 -1.71759 0.441558 1.12271 0.00133516 0.0219348 -0.195888 -0.0646601 0.00133516 0.389677 -0.249179 -0.00212244 -0.194362 0.0604639 0.00133516 0.39807 -0.251971 -0.0030118
22 -0.000572205 0.169566 -0.727665 -1.5244 0.232509 -1.72026 0.442702 1.12194 0.00133516 0.0219348 -0.195888 -0.0646601 0.00133516 0.389677 -0.249179 -0.00212244 -0.194362 0.0604639 0.00133516 0.39807 -0.251971 -0.0030118
22 -0.000572205 0.171092 -0.730716 -1.52516 0.235943 -1.72332 0.443847 1.12042 0.00133516 0.0223163 -0.195888 -0.0646601 0.00133516 0.389677 -0.249179 -0.00212244 -0.194362 0.0604639 0.00133516 0.39807 -0.251971 -0.0030118
22 -0.000572205 0.173381 -0.73415 -1.52631 0.238613 -1.72599 0.444991 1.11889 0.00133516 0.0223163 -0.195888 -0.0646601 0.00133516 0.389677 -0.249179 -0.00212244 -0.194362 0.0604639 0.00133516 0.39807 -0.251971 -0.0030118
22 -0.000572205 0.176051 -0.737583 -1.52707 0.241665 -1.72904 0.446899 1.11813 0.00133516 0.0223163 -0.195888 -0.0646601 0.00133516 0.389677 -0.249179 -0.00212244 -0.194362 0.0604639 0.00133516 0.39807 -0.251971 -0.0030118
22 -0.000572205 0.177577 -0.741016 -1.52783 0.244335 -1.73133 0.448425 1.11698 0.00133516 0.0223163 -0.195888 -0.0650416 0.00133516 0.389677 -0.249179 -0.00212244 -0.194362 0.0604639 0.00133516 0.39807 -0.251971 -0.0030118
22 -0.000572205 0.179866 -0.744831 -1.5286 0.247387 -1.73438 0.44995 1.11622 0.00133516 0.0226978 -0.196269 -0.0650416 0.00133516 0.389677 -0.249179 -0.00212244 -0.194362 0.0604639 0.00133516 0.39807 -0.251971 -0.0030118
22 -0.000572205 0.182155 -0.747883 -1.52936 0.250439 -1.73705 0.451095 1.11584 0.00133516 0.0226978 -0.196269 -0.0650416 0.00133516 0.389677 -0.249179 -0.00212244 -0.194362 0.0604639 0.00133516 0.39807 -0.251971 -0.0030118
22 -0.000953674 0.184443 -0.751316 -1.52974 0.253872 -1.73972 0.452621 1.1147 0.00133516 0.0226978 -0.196269 -0.0650416 0.00133516 0.389677 -0.249179 -0.00212244 -0.194362 0.0604639 0.00133516 0.39807 -0.251971 -0.0030118
22 -0.000953674 0.186351 -0.754749 -1.5305 0.256924 -1.74239 0.454528 1.11317 0.00133516 0.0226978 -0.196269 -0.0650416 0.00133516 0.389677 -0.249179 -0.00212244 -0.194362 0.0604639 0.00133516 0.39807 -0.251971 -0.0030118
22 -0.000572205 0.188258 -0.758564 -1.53127 0.260357 -1.74506 0.456054 1.11241 0.00133516 0.0230793 -0.196269 -0.0650416 0.00133516 0.389677 -0.249179 -0.00212244 -0.194362 0.0604639 0.00133516 0.39807 -0.251971 -0.0030118
22 -0.000953674 0.190547 -0.761997 -1.53203 0.263409 -1.74773 0.457198 1.11202 0.00133516 0.0230793 -0.196269 -0.0650416 0.00133516 0.389677 -0.249179 -0.00212244 -0.194362 0.0604639 0.00133516 0.39807 -0.251971 -0.0030118
22 -0.000953674 0.192073 -0.765431 -1.53279 0.266842 -1.75002 0.458724 1.11126 0.00133516 0.0230793 -0.196269 -0.0650416 0.00133516 0.389677 -0.249179 -0.00212244 -0.194362 0.0604639 0.00133516 0.39807 -0.251971 -0.0030118
22 -0.000953674 0.19398 -0.769245 -1.53356 0.269894 -1.75269 0.460632 1.1105 0.00133516 0.0234607 -0.196269 -0.0650416 0.00133516 0.389677 -0.249179 -0.00212244 -0.194362 0.0608453 0.00133516 0.39807 -0.251971 -0.0030118
22 -0.000572205 0.196269 -0.77306 -1.53394 0.273327 -1.75498 0.462158 1.10935 0.00133516 0.0234607 -0.196269 -0.0650416 0.00133516 0.389677 -0.249179 -0.00212244 -0.194362 0.0608453 0.00133516 0.39807 -0.251971 -0.0030118
22 -0.000953674 0.198176 -0.776493 -1.53432 0.276379 -1.75727 0.463684 1.10783 0.00133516 0.0234607 -0.196269 -0.0654231 0.00133516 0.389677 -0.249179 -0.00212244 -0.194362 0.0608453 0.00133516 0.39807 -0.251971 -0.0030118
22 -0.000953674 0.199702 -0.780308 -1.5347 0.280194 -1.75956 0.465209 1.1063 0.00133516 0.0238422 -0.196269 -0.0654231 0.00133516 0.389677 -0.249179 -0.00212244 -0.194362 0.0608453 0.00133516 0.39807 -0.251971 -0.0030118
22 -0.000953674 0.201991 -0.784123 -1.53508 0.283246 -1.76184 0.466735 1.10554 0.00133516 0.0242237 -0.196269 -0.0654231 0.00133516 0.389677 -0.249179 -0.00212244 -0.194362 0.0604639 0.00133516 0.39807 -0.251971 -0.0030118
22 -0.000953674 0.20428 -0.787556 -1.53546 0.28706 -1.76375 0.468261 1.10478 0.00133516 0.0242237 -0.196269 -0.0654231 0.00133516 0.389677 -0.249179 -0.00212244 -0.194362 0.0604639 0.00133516 0.39807 -0.251971 -0.0030118
22 -0.000953674 0.206187 -0.791753 -1.53584 0.290494 -1.76604 0.469406 1.10401 0.00133516 0.0246052 -0.196269 -0.0654231 0.00133516 0.389677 -0.249179 -0.00212244 -0.194362 0.0604639 0.00133516 0.39807 -0.251971 -0.0030118
22 -0.000953674 0.208095 -0.795186 -1.53623 0.293927 -1.76795 0.471313 1.10287 0.00133516 0.0246052 -0.196269 -0.0654231 0.00133516 0.389677 -0.249179 -0.00212244 -0.194362 0.0604639 0.00133516 0.39807 -0.251971 -0.0030118
22 -0.000953674 0.210383 -0.799001 -1.53623 0.297742 -1.76986 0.47322 1.10172 0.00133516 0.0249866 -0.196269 -0.0658045 0.00133516 0.389677 -0.249179 -0.00212244 -0.194362 0.0604639 0.00133516 0.39807 -0.251971 -0.0030118
22 -0.000953674 0.212291 -0.802434 -1.53661 0.301175 -1.77176 0.474365 1.10058 0.00133516 0.0249866 -0.196269 -0.0658045 0.00133516 0.389677 -0.249179 -0.00212244 -0.194362 0.0600824 0.00171664 0.39807 -0.251971 -0.0030118
22 -0.000953674 0.214198 -0.806249 -1.53699 0.305371 -1.77367 0.475891 1.09944 0.00133516 0.0253681 -0.196269 -0.0658045 0.00133516 0.389677 -0.249179 -0.00212244 -0.194362 0.0600824 0.00171664 0.39807 -0.251971 -0.0030118
22 -0.000953674 0.216105 -0.810063 -1.53699 0.308804 -1.77558 0.477417 1.09905 0.00133516 0.0253681 -0.196269 -0.0658045 0.00133516 0.389677 -0.249179 -0.00212244 -0.194362 0.0600824 0.00171664 0.39807 -0.251971 -0.0030118
22 -0.000953674 0.218013 -0.813878 -1.53699 0.312619 -1.7771 0.478943 1.09791 0.00133516 0.0253681 -0.196269 -0.0658045 0.00133516 0.389677 -0.249179 -0.00212244 -0.194362 0.0597009 0.00171664 0.39807 -0.251971 -0.0030118
22 -0.000953674 0.220303 -0.817693 -1.53737 0.316434 -1.77901 0.480087 1.09715 0.00133516 0.0253681 -0.196269 -0.066186 0.00133516 0.389677 -0.249179 -0.00212244 -0.194362 0.0597009 0.00171664 0.39807 -0.251971 -0.0030118
22 -0.000953674 0.22221 -0.821889 -1.53737 0.320249 -1.78054 0.481613 1.09562 0.00133516 0.0253681 -0.196269 -0.066186 0.00133516 0.389677 -0.249179 -0.00212244 -0.194362 0.0593194 0.00171664 0.39807 -0.251971 -0.0030118
22 -0.000953674 0.224117 -0.825704 -1.53737 0.324063 -1.78244 0.482757 1.0941 0.00133516 0.0253681 -0.196269 -0.066186 0.00133516 0.389677 -0.249179 -0.00212244 -0.194362 0.0593194 0.00171664 0.39807 -0.251971 -0.0030118
22 -0.000953674 0.226788 -0.829519 -1.53737 0.327878 -1.78435 0.484283 1.09295 0.00133516 0.0253681 -0.196269 -0.066186 0.00133516 0.389677 -0.249179 -0.00212244 -0.194362 0.0593194 0.00171664 0.39807 -0.251971 -0.0030118
22 -0.000953674 0.229458 -0.833715 -1.53737 0.331693 -1.78588 0.485809 1.09181 0.00133516 0.0253681 -0.196269 -0.066186 0.00133516 0.389677 -0.249179 -0.00212244 -0.194362 0.0593194 0.00171664 0.39807 -0.251971 -0.0030118
22 -0.000953674 0.231747 -0.83753 -1.53737 0.335889 -1.7874 0.486954 1.09104 0.00133516 0.0253681 -0.196269 -0.066186 0.00133516 0.389677 -0.249179 -0.00212244 -0.194362 0.058938 0.00133516 0.39807 -0.251971 -0.0030118
22 -0.000953674 0.234035 -0.841726 -1.53737 0.339323 -1.78931 0.488098 1.08952 0.00133516 0.0253681 -0.196269 -0.066186 0.00133516 0.389677 -0.249179 -0.00212244 -0.194362 0.058938 0.00133516 0.39807 -0.251971 -0.0030118
22 -0.000953674 0.236706 -0.845541 -1.53699 0.343519 -1.79084 0.489242 1.08799 0.00133516 0.0253681 -0.196269 -0.066186 0.00133516 0.389677 -0.249179 -0.00212244 -0.194362 0.058938 0.00133516 0.39807 -0.251971 -0.0030118
22 -0.000953674 0.238995 -0.849355 -1.53699 0.347715 -1.79198 0.490768 1.08685 0.00133516 0.0253681 -0.196269 -0.066186 0.00133516 0.389677 -0.249179 -0.00212244 -0.194362 0.058938 0.00133516 0.39807 -0.251971 -0.0030118
22 -0.000953674 0.240902 -0.853552 -1.53699 0.35153 -1.79351 0.491913 1.08608 0.00133516 0.0249866 -0.196269 -0.066186 0.00133516 0.389677 -0.249179 -0.00212244 -0.194362 0.058938 0.00171664 0.39807 -0.251971 -0.0030118
22 -0.000953674 0.243191 -0.857366 -1.53699 0.355726 -1.79503 0.493057 1.08532 0.00133516 0.0249866 -0.196269 -0.066186 0.00133516 0.389677 -0.249179 -0.00212244 -0.194362 0.058938 0.00171664 0.39807 -0.251971 -0.0030118
22 -0.000953674 0.24548 -0.861563 -1.53699 0.360304 -1.79656 0.49382 1.0838 0.00133516 0.0249866 -0.196269 -0.066186 0.00133516 0.389677 -0.249179 -0.00212244 -0.194362 0.0585565 0.00171664 0.39807 -0.251971 -0.0030118
22 -0.000953674 0.247387 -0.865377 -1.53699 0.364118 -1.79808 0.494965 1.08189 0.00133516 0.0249866 -0.196269 -0.066186 0.00133516 0.389677 -0.249179 -0.00212244 -0.194362 0.0585565 0.00171664 0.39807 -0.251971 -0.0030118
22 -0.000953674 0.250057 -0.869955 -1.53699 0.368315 -1.79923 0.49649 1.08074 0.00133516 0.0249866 -0.196269 -0.066186 0.00171664 0.389677 -0.249179 -0.00212244 -0.194362 0.058175 0.00171664 0.39807 -0.251971 -0.0030118
22 -0.000953674 0.252346 -0.87377 -1.53699 0.372892 -1.80037 0.497635 1.0796 0.00133516 0.0249866 -0.196269 -0.0665675 0.00171664 0.389677 -0.249179 -0.00212244 -0.194362 0.058175 0.00171664 0.39807 -0.251971 -0.0030118
22 -0.000953674 0.254253 -0.877966 -1.53699 0.376707 -1.8019 0.498779 1.07884 0.00133516 0.0253681 -0.196269 -0.0665675 0.00171664 0.389677 -0.249179 -0.00212244 -0.194362 0.0577935 0.00171664 0.39807 -0.251971 -0.0030118
22 -0.000953674 0.256924 -0.882544 -1.53699 0.380903 -1.80343 0.499924 1.07731 0.00133516 0.0253681 -0.196651 -0.0665675 0.00171664 0.389677 -0.249179 -0.00212244 -0.194362 0.0577935 0.00171664 0.39807 -0.251971 -0.0030118
22 -0.000953674 0.259212 -0.886358 -1.53661 0.385863 -1.80457 0.500687 1.0754 0.00133516 0.0253681 -0.196651 -0.0665675 0.00171664 0.389296 -0.249179 -0.00212244 -0.194362 0.0577935 0.00171664 0.39807 -0.251971 -0.0030118
22 -0.000953674 0.261501 -0.890555 -1.53661 0.389677 -1.80533 0.501831 1.07464 0.00133516 0.0253681 -0.197032 -0.0665675 0.00171664 0.389296 -0.249179 -0.00212244 -0.194362 0.0574121 0.00171664 0.39807 -0.251971 -0.0030118
22 -0.000953674 0.26379 -0.895132 -1.53661 0.394255 -1.80648 0.503357 1.0735 0.00133516 0.0253681 -0.197414 -0.0665675 0.00171664 0.389296 -0.249179 -0.00212244 -0.194362 0.0574121 0.00171664 0.39807 -0.251971 -0.0030118
22 -0.000953674 0.266079 -0.898947 -1.53661 0.398833 -1.80762 0.504501 1.07273 0.00133516 0.0253681 -0.197795 -0.0665675 0.00209812 0.389296 -0.249179 -0.00212244 -0.194362 0.0574121 0.00171664 0.39807 -0.251971 -0.0030118
22 -0.000953674 0.268368 -0.903143 -1.53661 0.40341 -1.80915 0.505646 1.07159 0.00133516 0.0253681 -0.197795 -0.0665675 0.00209812 0.389296 -0.249179 -0.00212244 -0.194362 0.0574121 0.00171664 0.39807 -0.251971 -0.0030118
22 -0.000572205 0.270275 -0.90734 -1.53699 0.407607 -1.81029 0.50679 1.06968 0.00133516 0.0253681 -0.198177 -0.0665675 0.00209812 0.389296 -0.249179 -0.00212244 -0.194362 0.0570306 0.00171664 0.39807 -0.251971 -0.0030118
22 -0.000572205 0.272564 -0.911536 -1.53699 0.412566 -1.81106 0.508316 1.06854 0.00133516 0.0249866 -0.198177 -0.0665675 0.00209812 0.389296 -0.249179 -0.00212244 -0.194362 0.0570306 0.00171664 0.39807 -0.251971 -0.0030118
22 -0.000953674 0.274853 -0.916114 -1.53699 0.417144 -1.81182 0.510224 1.06739 0.00133516 0.0249866 -0.198177 -0.0665675 0.00247959 0.389677 -0.249179 -0.00212244 -0.194362 0.0570306 0.00171664 0.39807 -0.251971 -0.0030118
22 -0.000953674 0.27676 -0.92031 -1.53699 0.421721 -1.8122 0.511368 1.06663 0.00133516 0.0249866 -0.198558 -0.0665675 0.00247959 0.389677 -0.249179 -0.00212244 -0.194362 0.0566491 0.00171664 0.39807 -0.251971 -0.0030118
22 -0.000953674 0.279049 -0.924506 -1.53699 0.42668 -1.81334 0.512512 1.06587 0.00133516 0.0249866 -0.198558 -0.0665675 0.00247959 0.389296 -0.249179 -0.00212244 -0.194362 0.0566491 0.00171664 0.39807 -0.251971 -0.0030118
22 -0.000572205 0.282102 -0.928702 -1.53699 0.431258 -1.81411 0.513657 1.06472 0.00133516 0.0249866 -0.19894 -0.0665675 0.00247959 0.389296 -0.249179 -0.00212244 -0.194362 0.0566491 0.00171664 0.39807 -0.251971 -0.0030118
22 -0.000953674 0.284009 -0.932898 -1.53699 0.436217 -1.81525 0.515564 1.06358 0.00133516 0.0249866 -0.19894 -0.066949 0.00247959 0.389296 -0.249179 -0.00212244 -0.194362 0.0562676 0.00171664 0.39807 -0.251971 -0.0030118
22 -0.000953674 0.286679 -0.937476 -1.53699 0.440795 -1.8164 0.51709 1.06243 0.00133516 0.0249866 -0.199321 -0.066949 0.00247959 0.389296 -0.249179 -0.00212244 -0.194362 0.0562676 0.00171664 0.39807 -0.251971 -0.0030118
22 -0.000953674 0.28935 -0.941672 -1.53699 0.445373 -1.81716 0.518235 1.06205 0.00133516 0.0249866 -0.199321 -0.066949 0.00247959 0.389296 -0.249179 -0.00212244 -0.194362 0.0562676 0.00171664 0.39807 -0.251971 -0.0030118
22 -0.000953674 0.291638 -0.945869 -1.53699 0.450332 -1.81754 0.51976 1.06129 0.00133516 0.0249866 -0.199321 -0.066949 0.00247959 0.389296 -0.249179 -0.00212244 -0.194362 0.0558862 0.00133516 0.39807 -0.251971 -0.0030118
22 -0.000953674 0.293927 -0.950065 -1.53699 0.455291 -1.8183 0.521668 1.06014 0.00133516 0.0246052 -0.199702 -0.066949 0.00247959 0.389296 -0.249179 -0.00212244 -0.194362 0.0558862 0.00133516 0.39807 -0.251971 -0.0030118
22 -0.000953674 0.296216 -0.954261 -1.53699 0.460632 -1.81907 0.523194 1.05938 0.00133516 0.0246052 -0.199702 -0.066949 0.00247959 0.389296 -0.249179 -0.00212244 -0.194362 0.0558862 0.00133516 0.39807 -0.251971 -0.0030118
22 -0.000953674 0.298505 -0.958839 -1.53699 0.465209 -1.81983 0.525101 1.05747 0.00133516 0.0246052 -0.200084 -0.066949 0.00247959 0.389296 -0.249179 -0.00212244 -0.194362 0.0555047 0.00171664 0.39807 -0.251971 -0.0030118
22 -0.000953674 0.300794 -0.963035 -1.53699 0.470169 -1.82059 0.526627 1.05633 0.000953689 0.0246052 -0.200465 -0.0673304 0.00247959 0.389296 -0.249179 -0.00212244 -0.194362 0.0555047 0.00171664 0.39807 -0.251971 -0.0030118
22 -0.000953674 0.303082 -0.96685 -1.53699 0.475128 -1.82135 0.528534 1.05595 0.000953689 0.0246052 -0.200465 -0.0673304 0.00247959 0.389296 -0.249179 -0.00212244 -0.194362 0.0551232 0.00171664 0.39807 -0.251971 -0.0030118
22 -0.000953674 0.305371 -0.971809 -1.53699 0.480468 -1.82212 0.53006 1.05518 0.00133516 0.0246052 -0.200847 -0.0673304 0.00247959 0.389296 -0.249179 -0.00212244 -0.194362 0.0551232 0.00133516 0.39807 -0.251971 -0.0030118
22 -0.000953674 0.308423 -0.975624 -1.53699 0.485428 -1.82288 0.531586 1.05442 0.000953689 0.0246052 -0.201228 -0.0673304 0.00247959 0.389296 -0.249179 -0.00212244 -0.194743 0.0547417 0.00133516 0.39807 -0.251971 -0.0030118
22 -0.000953674 0.311093 -0.97982 -1.53699 0.490768 -1.82326 0.533112 1.05366 0.000953689 0.0246052 -0.20161 -0.0677119 0.00247959 0.389296 -0.249179 -0.00212244 -0.194743 0.0547417 0.00133516 0.39807 -0.251971 -0.0030118
22 -0.000953674 0.313382 -0.984398 -1.53699 0.495727 -1.82403 0.535401 1.05328 0.000953689 0.0246052 -0.20161 -0.0677119 0.00247959 0.389296 -0.249179 -0.00212244 -0.194743 0.0543603 0.00133516 0.39807 -0.251971 -0.0030118
22 -0.000953674 0.315671 -0.988594 -1.53699 0.500687 -1.82441 0.536927 1.05251 0.000953689 0.0246052 -0.201991 -0.0677119 0.00247959 0.389296 -0.249179 -0.00212244 -0.194743 0.0543603 0.00171664 0.39807 -0.251971 -0.0030118
22 -0.000953674 0.31796 -0.992409 -1.53699 0.506027 -1.82517 0.538453 1.05137 0.00133516 0.0246052 -0.202373 -0.0677119 0.00247959 0.389296 -0.249179 -0.00212244 -0.195125 0.0539788 0.00171664 0.39807 -0.251971 -0.0030118
22 -0.000953674 0.320249 -0.997368 -1.53699 0.510987 -1.82555 0.54036 1.05061 0.00133516 0.0246052 -0.202754 -0.0677119 0.00247959 0.389296 -0.249179 -0.00212244 -0.195125 0.0535973 0.00171664 0.39807 -0.251971 -0.0030118
22 -0.000953674 0.322156 -1.00156 -1.53699 0.516327 -1.82631 0.542268 1.05023 0.000953689 0.0246052 -0.203136 -0.0680934 0.00247959 0.389296 -0.249179 -0.00212244 -0.195506 0.0535973 0.00171664 0.39807 -0.251971 -0.0030118
22 -0.000953674 0.324445 -1.00576 -1.53699 0.521286 -1.8267 0.543793 1.04946 0.000953689 0.0246052 -0.203517 -0.0680934 0.00247959 0.389296 -0.249179 -0.00212244 -0.195888 0.0532158 0.00171664 0.39807 -0.251971 -0.0030118
22 -0.000953674 0.326734 -1.00996 -1.53699 0.526246 -1.82784 0.545319 1.04908 0.000953689 0.0246052 -0.203899 -0.0680934 0.00247959 0.389296 -0.249179 -0.00212244 -0.195888 0.0532158 0.00171664 0.39807 -0.251971 -0.0030118
22 -0.000953674 0.328641 -1.01415 -1.53699 0.531205 -1.8286 0.547608 1.04832 0.000953689 0.0246052 -0.204662 -0.0680934 0.00247959 0.389296 -0.249179 -0.00212244 -0.196269 0.0528344 0.00171664 0.39807 -0.251971 -0.0030118
22 -0.000953674 0.33093 -1.01835 -1.53699 0.536545 -1.82898 0.549134 1.04756 0.000953689 0.0246052 -0.205043 -0.0680934 0.00247959 0.389296 -0.249179 -0.00212244 -0.196269 0.0528344 0.00133516 0.39807 -0.251971 -0.0030118
22 -0.000953674 0.3336 -1.02255 -1.53661 0.541886 -1.82937 0.55066 1.04603 0.000953689 0.0246052 -0.205425 -0.0680934 0.00247959 0.389296 -0.249343 -0.00252249 -0.196651 0.0524529 0.00133516 0.39807 -0.251971 -0.0030118
22 -0.000953674 0.335507 -1.02674 -1.53661 0.547227 -1.83013 0.552567 1.0445 0.000953689 0.0246052 -0.205806 -0.0680934 0.00247959 0.389296 -0.249343 -0.00252206 -0.196651 0.0524529 0.00133516 0.39807 -0.251971 -0.0030118
22 -0.000953674 0.337415 -1.03094 -1.53661 0.552186 -1.83051 0.554475 1.04374 0.000953689 0.0246052 -0.206188 -0.0680934 0.00247959 0.389296 -0.249343 -0.00252206 -0.197032 0.0520714 0.00133516 0.39807 -0.251971 -0.0030118
22 -0.000953674 0.340085 -1.03513 -1.53661 0.557145 -1.83089 0.556001 1.04336 0.000953689 0.0246052 -0.206569 -0.0684749 0.00247959 0.389296 -0.249343 -0.00252206 -0.197032 0.0520714 0.00133516 0.39807 -0.251971 -0.0030118
22 -0.000953674 0.342374 -1.03895 -1.53661 0.562486 -1.83089 0.557145 1.0426 0.000953689 0.0246052 -0.20695 -0.0684749 0.00247959 0.389296 -0.249343 -0.00252206 -0.197414 0.0516899 0.00133516 0.39807 -0.251971 -0.0030118
22 -0.000953674 0.344282 -1.04314 -1.53661 0.567445 -1.83127 0.559434 1.04221 0.000953689 0.0246052 -0.207332 -0.0684749 0.00247959 0.389296 -0.249343 -0.00252206 -0.197414 0.0516899 0.00133516 0.39807 -0.251971 -0.0030118
22 -0.000953674 0.346571 -1.04734 -1.53661 0.572786 -1.83127 0.56096 1.04183 0.000953689 0.0246052 -0.207713 -0.0684749 0.00247959 0.389296 -0.249343 -0.00252206 -0.197414 0.0513085 0.00133516 0.39807 -0.251971 -0.0030118
22 -0.000953674 0.348478 -1.05116 -1.53661 0.577745 -1.83127 0.562486 1.04145 0.000953689 0.0246052 -0.208095 -0.0684749 0.00286107 0.389296 -0.249343 -0.00252206 -0.197795 0.050927 0.00171664 0.39807 -0.251971 -0.0030118
22 -0.000953674 0.350386 -1.05497 -1.53661 0.582704 -1.83127 0.564012 1.04107 0.000953689 0.0246052 -0.208095 -0.0684749 0.00286107 0.389296 -0.249343 -0.00252206 -0.197795 0.0505455 0.00171664 0.39807 -0.251971 -0.0030118
22 -0.000953674 0.352293 -1.05917 -1.53661 0.588045 -1.83127 0.565919 1.04031 0.000953689 0.0246052 -0.208476 -0.0688563 0.00286107 0.389296 -0.249343 -0.00252206 -0.197795 0.0505455 0.00171664 0.39807 -0.251971 -0.0030118
22 -0.000953674 0.3542 -1.06298 -1.53661 0.593385 -1.83127 0.567445 1.03954 0.000953689 0.0246052 -0.208858 -0.0688563 0.00286107 0.389296 -0.249343 -0.00252206 -0.197795 0.050164 0.00133516 0.39807 -0.251971 -0.0030118
22 -0.000953674 0.356871 -1.0668 -1.53661 0.598726 -1.83089 0.568589 1.0384 0.000953689 0.0246052 -0.209239 -0.0688563 0.00286107 0.389296 -0.249343 -0.00252206 -0.197795 0.050164 0.00133516 0.39807 -0.251971 -0.0030118
22 -0.000953674 0.358778 -1.07099 -1.53661 0.604067 -1.83089 0.570497 1.03802 0.000953689 0.0246052 -0.209621 -0.0688563 0.00286107 0.389296 -0.249343 -0.00252206 -0.197795 0.0497826 0.00133516 0.39807 -0.251971 -0.0030118
22 -0.000953674 0.361067 -1.07481 -1.53661 0.609026 -1.83089 0.572404 1.03726 0.000953689 0.0246052 -0.210002 -0.0688563 0.00286107 0.389296 -0.249343 -0.00252206 -0.197795 0.0497826 0.00133516 0.39807 -0.251971 -0.0030118
22 -0.000953674 0.363737 -1.07862 -1.53661 0.613985 -1.83089 0.57393 1.03687 0.000953689 0.0246052 -0.210384 -0.0688563 0.00247959 0.389296 -0.249343 -0.00252206 -0.198177 0.0494011 0.00133516 0.39807 -0.251971 -0.0030118
22 -0.000953674 0.365644 -1.08244 -1.53661 0.619326 -1.83089 0.575456 1.03611 0.000953689 0.0246052 -0.210765 -0.0688563 0.00247959 0.389296 -0.249343 -0.00252206 -0.198177 0.0494011 0.00133516 0.397688 -0.251971 -0.0030118
22 -0.000953674 0.367933 -1.08663 -1.53623 0.624285 -1.83089 0.577363 1.03535 0.000953689 0.0246052 -0.211147 -0.0688563 0.00247959 0.389296 -0.249343 -0.00252206 -0.198177 0.0490196 0.00133516 0.397688 -0.251971 -0.0030118
22 -0.000953674 0.370222 -1.09045 -1.53623 0.629625 -1.83089 0.578889 1.03459 0.000953689 0.0246052 -0.211528 -0.0688563 0.00247959 0.389296 -0.249343 -0.00252206 -0.198558 0.0490196 0.00133516 0.397688 -0.251971 -0.0030118
22 -0.000953674 0.371748 -1.09464 -1.53623 0.634966 -1.83089 0.580415 1.03344 0.000953689 0.0246052 -0.211528 -0.0688563 0.00286107 0.389296 -0.249343 -0.00252206 -0.198558 0.0490196 0.00133516 0.39807 -0.251971 -0.0030118
22 -0.000953674 0.373274 -1.09808 -1.53623 0.640307 -1.83089 0.581941 1.0323 0.000953689 0.0246052 -0.21191 -0.0688563 0.00286107 0.389296 -0.249343 -0.00252206 -0.198558 0.0490196 0.00133516 0.39807 -0.251971 -0.0030118
22 -0.000953674 0.375181 -1.10227 -1.53623 0.645266 -1.83089 0.583848 1.03153 0.000953689 0.0246052 -0.212291 -0.0688563 0.00286107 0.388914 -0.249343 -0.00252206 -0.198558 0.0490196 0.00133516 0.39807 -0.251971 -0.0030118
22 -0.000953674 0.37747 -1.10609 -1.53623 0.650607 -1.83089 0.585756 1.03115 0.000953689 0.0246052 -0.212291 -0.0692378 0.00286107 0.388914 -0.249343 -0.00252206 -0.198558 0.0490196 0.00171664 0.39807 -0.251971 -0.0030118
22 -0.000953674 0.378996 -1.1099 -1.53623 0.655947 -1.83089 0.587282 1.03039 0.000953689 0.0246052 -0.212673 -0.0692378 0.00286107 0.388533 -0.249343 -0.00252206 -0.198558 0.0486381 0.00171664 0.39807 -0.251971 -0.0030118
22 -0.000953674 0.380903 -1.11372 -1.53623 0.661288 -1.83089 0.588426 1.03001 0.000953689 0.0246052 -0.213054 -0.0692378 0.00286107 0.388533 -0.249343 -0.00252206 -0.198558 0.0486381 0.00171664 0.397688 -0.251971 -0.0030118
22 -0.000953674 0.382811 -1.11753 -1.53623 0.666629 -1.83089 0.590333 1.02963 0.000953689 0.0246052 -0.213054 -0.0692378 0.00247959 0.388151 -0.249343 -0.00252206 -0.198558 0.0486381 0.00171664 0.397688 -0.251971 -0.0030118
22 -0.000953674 0.385481 -1.12135 -1.53623 0.672351 -1.83089 0.591478 1.02924 0.000953689 0.0246052 -0.213054 -0.0692378 0.00247959 0.388151 -0.249343 -0.00252206 -0.198558 0.0482567 0.00171664 0.397688 -0.251971 -0.0030118
22 -0.000953674 0.387007 -1.12516 -1.53623 0.67731 -1.83089 0.593385 1.02924 0.000953689 0.0246052 -0.213054 -0.0692378 0.00286107 0.38777 -0.249343 -0.00252206 -0.198558 0.0482567 0.00171664 0.397688 -0.251971 -0.0030118
22 -0.000953674 0.388914 -1.12898 -1.53623 0.682269 -1.83089 0.59453 1.02886 0.000953689 0.0246052 -0.213054 -0.0692378 0.00286107 0.387388 -0.249343 -0.00252206 -0.198177 0.0478752 0.00171664 0.397688 -0.251971 -0.0030118
22 -0.000572205 0.390821 -1.13279 -1.53623 0.687991 -1.83089 0.596437 1.02848 0.000953689 0.0246052 -0.213054 -0.0692378 0.00286107 0.387388 -0.249343 -0.00252206 -0.198177 0.0478752 0.00171664 0.397688 -0.251971 -0.0030118
22 -0.000953674 0.39311 -1.13622 -1.53623 0.693332 -1.83089 0.597963 1.02772 0.000953689 0.0246052 -0.213054 -0.0692378 0.00286107 0.387007 -0.249343 -0.00252206 -0.198177 0.0478752 0.00171664 0.397688 -0.251971 -0.0030118
22 -0.000953674 0.395018 -1.14004 -1.53623 0.699054 -1.83089 0.599489 1.02696 0.000953689 0.0246052 -0.213054 -0.0692378 0.00286107 0.386625 -0.249343 -0.00252206 -0.198177 0.0474937 0.00171664 0.39807 -0.251971 -0.0030118
22 -0.000953674 0.396544 -1.14385 -1.53623 0.704395 -1.83051 0.601015 1.02619 0.000953689 0.0246052 -0.213054 -0.0692378 0.00286107 0.386244 -0.249343 -0.00252206 -0.198177 0.0474937 0.00171664 0.39807 -0.251971 -0.0030118
22 -0.000953674 0.398451 -1.14767 -1.53623 0.710117 -1.83051 0.602922 1.02543 0.000953689 0.0246052 -0.213054 -0.0692378 0.00286107 0.386244 -0.249343 -0.00252206 -0.198177 0.0474937 0.00171664 0.39807 -0.251971 -0.0030118
22 -0.000953674 0.400358 -1.1511 -1.53623 0.715457 -1.83051 0.604067 1.02505 0.000953689 0.0246052 -0.213054 -0.0692378 0.00286107 0.385863 -0.249343 -0.00252206 -0.198177 0.0471122 0.00133516 0.39807 -0.251971 -0.0030118
22 -0.000953674 0.401884 -1.15454 -1.53623 0.720417 -1.83051 0.605592 1.02429 0.000953689 0.0246052 -0.213054 -0.0692378 0.00286107 0.385481 -0.249343 -0.00252206 -0.198177 0.0471122 0.00133516 0.39807 -0.251971 -0.0030118
22 -0.000953674 0.403791 -1.15835 -1.53623 0.726139 -1.83051 0.606737 1.0239 0.000953689 0.0246052 -0.213054 -0.0692378 0.00286107 0.385481 -0.249343 -0.00252206 -0.198177 0.0471122 0.00133516 0.39807 -0.251971 -0.0030118
22 -0.000572205 0.405317 -1.1614 -1.53623 0.731479 -1.83013 0.608644 1.02314 0.000953689 0.0246052 -0.213054 -0.0696193 0.00247959 0.3851 -0.249343 -0.00252206 -0.198177 0.0471122 0.00133516 0.39807 -0.251971 -0.0030118
22 -0.000572205 0.407607 -1.16522 -1.53623 0.737202 -1.83013 0.61017 1.02238 0.000953689 0.0246052 -0.213054 -0.0696193 0.00286107 0.3851 -0.249343 -0.00252206 -0.198177 0.0471122 0.00133516 0.39807 -0.251971 -0.0030118
22 -0.000953674 0.409133 -1.16865 -1.53623 0.742542 -1.83013 0.611315 1.02162 0.000953689 0.0246052 -0.213054 -0.0696193 0.00247959 0.384718 -0.249343 -0.00252206 -0.198177 0.0467308 0.00133516 0.39807 -0.251971 -0.0030118
22 -0.000572205 0.41104 -1.17208 -1.53623 0.748264 -1.83013 0.61284 1.02047 0.000953689 0.0246052 -0.213054 -0.0696193 0.00247959 0.384718 -0.249343 -0.00252206 -0.198177 0.0467308 0.00171664 0.397688 -0.251971 -0.0030118
22 -0.000572205 0.413329 -1.17552 -1.53623 0.753986 -1.82975 0.613985 1.01971 0.000953689 0.0246052 -0.213054 -0.0696193 0.00247959 0.384337 -0.249343 -0.00252206 -0.198177 0.0467308 0.00171664 0.39807 -0.251971 -0.0030118
22 -0.000572205 0.415618 -1.17895 -1.53623 0.759709 -1.82975 0.615511 1.01894 0.000953689 0.0246052 -0.213054 -0.0696193 0.00286107 0.384337 -0.249343 -0.00252206 -0.198177 0.0467308 0.00171664 0.397688 -0.251971 -0.0030118
22 -0.000572205 0.417525 -1.18238 -1.53623 0.765431 -1.82975 0.616655 1.01856 0.000953689 0.0246052 -0.213054 -0.0696193 0.00247959 0.383955 -0.249343 -0.00252206 -0.198177 0.0463493 0.00171664 0.39807 -0.251971 -0.0030118
22 -0.000572205 0.419433 -1.18544 -1.53623 0.770771 -1.82975 0.618181 1.01856 0.000953689 0.0246052 -0.213054 -0.0696193 0.00247959 0.383955 -0.249343 -0.00252206 -0.198177 0.0463493 0.00171664 0.39807 -0.251971 -0.0030118
22 -0.000572205 0.422103 -1.18887 -1.53623 0.776112 -1.82975 0.618944 1.01818 0.000953689 0.0246052 -0.213054 -0.0696193 0.00286107 0.383955 -0.249343 -0.00252206 -0.198177 0.0463493 0.00171664 0.39807 -0.251971 -0.0030118
22 -0.000572205 0.423629 -1.19192 -1.53623 0.781834 -1.82975 0.62047 1.0178 0.000953689 0.0246052 -0.213054 -0.0696193 0.00247959 0.383574 -0.249343 -0.00252206 -0.198177 0.0459678 0.00171664 0.39807 -0.251971 -0.0030118
22 -0.000572205 0.425536 -1.19574 -1.53623 0.787556 -1.82975 0.622377 1.0178 0.000953689 0.0246052 -0.213054 -0.0696193 0.00247959 0.383574 -0.249343 -0.00252206 -0.198177 0.0459678 0.00171664 0.39807 -0.251971 -0.0030118
22 -0.000572205 0.427444 -1.19879 -1.53623 0.793278 -1.82937 0.623522 1.01742 0.000953689 0.0246052 -0.213054 -0.0696193 0.00247959 0.383574 -0.249343 -0.00252206 -0.198177 0.0459678 0.00171664 0.39807 -0.251971 -0.0030118
22 -0.000572205 0.429732 -1.20222 -1.53623 0.799001 -1.82937 0.624666 1.01704 0.000953689 0.0246052 -0.213054 -0.0696193 0.00247959 0.383574 -0.249343 -0.00252206 -0.198177 0.0459678 0.00171664 0.39807 -0.251971 -0.0030118
22 -0.000572205 0.430877 -1.20527 -1.53623 0.804723 -1.82937 0.625429 1.01666 0.000953689 0.0246052 -0.213436 -0.0696193 0.00247959 0.383574 -0.249343 -0.00252206 -0.198177 0.0459678 0.00171664 0.39807 -0.251971 -0.0030118
22 -0.000572205 0.432784 -1.20871 -1.53623 0.810826 -1.82937 0.626955 1.01666 0.000953689 0.0246052 -0.213436 -0.0696193 0.00247959 0.383574 -0.249343 -0.00252206 -0.198177 0.0459678 0.00171664 0.39807 -0.251971 -0.0030118
22 -0.000572205 0.434691 -1.21214 -1.53623 0.816548 -1.82937 0.628862 1.01627 0.000953689 0.0246052 -0.213817 -0.0700008 0.00247959 0.383574 -0.249343 -0.00252206 -0.198177 0.0459678 0.00171664 0.39807 -0.251971 -0.0030118
22 -0.000572205 0.43698 -1.21519 -1.53623 0.822271 -1.82937 0.630007 1.01627 0.000953689 0.0246052 -0.213817 -0.0700008 0.00247959 0.383574 -0.249343 -0.00252206 -0.198177 0.0459678 0.00171664 0.39807 -0.251971 -0.0030118
22 -0.000572205 0.438888 -1.21862 -1.53623 0.828374 -1.82975 0.631151 1.01589 0.000953689 0.0249866 -0.214199 -0.0700008 0.00247959 0.383574 -0.249343 -0.00252206 -0.198177 0.0459678 0.00171664 0.39807 -0.251971 -0.0030118
22 -0.000572205 0.440413 -1.22168 -1.53623 0.833715 -1.82975 0.632296 1.01551 0.000953689 0.0249866 -0.214199 -0.0700008 0.00247959 0.383574 -0.249343 -0.00252206 -0.198177 0.0459678 0.00171664 0.39807 -0.251971 -0.0030118
22 -0.000572205 0.442321 -1.22473 -1.53623 0.839818 -1.82975 0.633822 1.01513 0.000953689 0.0249866 -0.21458 -0.0700008 0.00247959 0.383955 -0.249343 -0.00252206 -0.198177 0.0459678 0.00171664 0.397688 -0.251971 -0.0030118
22 -0.000572205 0.44461 -1.22778 -1.53623 0.845541 -1.82975 0.635348 1.01475 0.000953689 0.0249866 -0.21458 -0.0700008 0.00247959 0.383955 -0.249343 -0.00252206 -0.198177 0.0459678 0.00171664 0.39807 -0.251971 -0.0030118
22 -0.000572205 0.446517 -1.23083 -1.53623 0.851263 -1.82975 0.636492 1.01437 0.000953689 0.0249866 -0.21458 -0.0703822 0.00247959 0.383955 -0.249343 -0.00252206 -0.198177 0.0459678 0.00171664 0.397688 -0.251971 -0.0030118
22 -0.000572205 0.448424 -1.23388 -1.53623 0.857366 -1.82975 0.637636 1.01399 0.000953689 0.0249866 -0.214961 -0.0703822 0.00247959 0.383955 -0.249343 -0.00252206 -0.198177 0.0455863 0.00171664 0.39807 -0.251971 -0.0030118
22 -0.000572205 0.450332 -1.23655 -1.53623 0.863088 -1.82975 0.638781 1.0136 0.000953689 0.0249866 -0.214961 -0.0703822 0.00247959 0.383955 -0.249343 -0.00252206 -0.198177 0.0455863 0.00171664 0.397688 -0.251971 -0.0030118
22 -0.000572205 0.452239 -1.2396 -1.53623 0.869192 -1.82975 0.639925 1.01322 0.000953689 0.0249866 -0.215343 -0.0703822 0.00247959 0.383955 -0.249343 -0.00252206 -0.198177 0.0455863 0.00171664 0.39807 -0.251971 -0.0030118
22 -0.000572205 0.454146 -1.24228 -1.53623 0.875296 -1.82975 0.64107 1.01284 0.000953689 0.0249866 -0.215343 -0.0703822 0.00247959 0.383955 -0.249343 -0.00252206 -0.198177 0.0455863 0.00171664 0.397688 -0.251971 -0.0030118
22 -0.000572205 0.455672 -1.24533 -1.53623 0.881018 -1.82975 0.642596 1.01246 0.000572213 0.0249866 -0.215724 -0.0707637 0.00247959 0.383955 -0.249343 -0.00252206 -0.198177 0.0455863 0.00171664 0.397688 -0.251971 -0.0030118
22 -0.000572205 0.45758 -1.24838 -1.53623 0.887121 -1.82975 0.643359 1.01208 0.000572213 0.0249866 -0.215724 -0.0707637 0.00247959 0.383955 -0.249343 -0.00252206 -0.198177 0.0455863 0.00171664 0.397688 -0.251971 -0.0030118
22 -0.000572205 0.459487 -1.25105 -1.53623 0.892844 -1.82975 0.644503 1.01208 0.000572213 0.0246052 -0.215724 -0.0707637 0.00247959 0.383955 -0.249546 -0.00209745 -0.198177 0.0455863 0.00171664 0.39807 -0.251971 -0.0030118
22 -0.000572205 0.461394 -1.2541 -1.53623 0.898947 -1.82975 0.646029 1.0117 0.000572213 0.0246052 -0.215724 -0.0707637 0.00247959 0.383955 -0.249546 -0.00209759 -0.198177 0.0455863 0.00171664 0.39807 -0.251971 -0.0030118
22 -0.000572205 0.463302 -1.25715 -1.53623 0.905051 -1.82975 0.647555 1.01132 0.000572213 0.0246052 -0.216106 -0.0707637 0.00247959 0.383955 -0.249546 -0.00209759 -0.198177 0.0455863 0.00171664 0.39807 -0.251971 -0.0030118
22 -0.000572205 0.465209 -1.25982 -1.53623 0.911154 -1.82975 0.648699 1.01093 0.000572213 0.0249866 -0.216106 -0.0707637 0.00247959 0.383955 -0.249546 -0.00209759 -0.198177 0.0455863 0.00171664 0.39807 -0.251971 -0.0030118
22 -0.000572205 0.467498 -1.26287 -1.53623 0.916876 -1.82975 0.649462 1.01055 0.000572213 0.0249866 -0.216487 -0.0711452 0.00247959 0.383955 -0.249546 -0.00209759 -0.198177 0.0455863 0.00171664 0.39807 -0.251971 -0.0030118
22 -0.000572205 0.469406 -1.26555 -1.53623 0.92298 -1.82975 0.650607 1.01017 0.000572213 0.0249866 -0.216487 -0.0711452 0.00247959 0.383955 -0.249343 -0.00252192 -0.198177 0.0455863 0.00171664 0.39807 -0.251971 -0.0030118
22 -0.000572205 0.471313 -1.2686 -1.53623 0.929084 -1.82975 0.651751 1.00979 0.000572213 0.0249866 -0.216487 -0.0711452 0.00247959 0.383955 -0.249343 -0.00252206 -0.198177 0.0455863 0.00171664 0.39807 -0.251971 -0.0030118
22 -0.000572205 0.473602 -1.27127 -1.53623 0.935187 -1.82975 0.653277 1.00979 0.000572213 0.0249866 -0.216869 -0.0711452 0.00247959 0.383955 -0.249343 -0.00252206 -0.198177 0.0455863 0.00171664 0.39807 -0.251971 -0.0030118
22 -0.000572205 0.47551 -1.27394 -1.53623 0.941291 -1.82975 0.654421 1.00941 0.000572213 0.0249866 -0.216869 -0.0715267 0.00247959 0.383955 -0.249343 -0.00252206 -0.198177 0.0455863 0.00171664 0.39807 -0.251971 -0.0030118
22 -0.000572205 0.477036 -1.27661 -1.53623 0.947013 -1.82975 0.655566 1.00864 0.000572213 0.0246052 -0.216869 -0.0715267 0.00247959 0.383955 -0.249343 -0.00252206 -0.198177 0.0455863 0.00171664 0.39807 -0.251971 -0.0030118
22 -0.000572205 0.478561 -1.27928 -1.53623 0.953117 -1.82975 0.656329 1.00826 0.000572213 0.0246052 -0.216869 -0.0715267 0.00247959 0.383955 -0.249546 -0.00209745 -0.198177 0.0455863 0.00171664 0.39807 -0.251971 -0.0030118
22 -0.000572205 0.480469 -1.28233 -1.53623 0.95922 -1.82975 0.657855 1.00788 0.000572213 0.0246052 -0.21725 -0.0719081 0.00247959 0.383955 -0.249546 -0.00209759 -0.198177 0.0455863 0.00171664 0.39807 -0.251971 -0.0030118
22 -0.000572205 0.482376 -1.285 -1.53623 0.965324 -1.82975 0.65938 1.0075 0.000572213 0.0246052 -0.21725 -0.0719081 0.00247959 0.383955 -0.249546 -0.00209759 -0.198177 0.0455863 0.00171664 0.39807 -0.251971 -0.0030118
22 -0.000572205 0.483902 -1.28767 -1.53623 0.971046 -1.82975 0.660143 1.00712 0.000572213 0.0249866 -0.217632 -0.0719081 0.00247959 0.383955 -0.249546 -0.00209759 -0.198177 0.0455863 0.00171664 0.39807 -0.251971 -0.0030118
22 -0.000572205 0.485046 -1.29034 -1.53623 0.976768 -1.82975 0.661288 1.00712 0.000572213 0.0249866 -0.217632 -0.0722896 0.00247959 0.383955 -0.249343 -0.00252192 -0.198177 0.0455863 0.00171664 0.39807 -0.251971 -0.0030118
22 -0.000572205 0.486954 -1.29301 -1.53661 0.982872 -1.82975 0.662432 1.00674 0.000572213 0.0249866 -0.217632 -0.0722896 0.00247959 0.383955 -0.249343 -0.00252206 -0.198177 0.0455863 0.00171664 0.39807 -0.251971 -0.0030118
22 -0.000572205 0.48848 -1.2953 -1.53661 0.988594 -1.82975 0.663577 1.00674 0.000572213 0.0249866 -0.218013 -0.0722896 0.00247959 0.383955 -0.249343 -0.00252206 -0.198177 0.0455863 0.00171664 0.39807 -0.251971 -0.0030118
22 -0.000572205 0.489624 -1.29797 -1.53661 0.994316 -1.82975 0.664721 1.00636 0.000572213 0.0249866 -0.218013 -0.0722896 0.00247959 0.383955 -0.249343 -0.00252206 -0.198177 0.0455863 0.00171664 0.39807 -0.251971 -0.0030118
22 -0.000572205 0.49115 -1.30064 -1.53661 1.00042 -1.82975 0.665866 1.00636 0.000572213 0.0249866 -0.218013 -0.0722896 0.00247959 0.383955 -0.249343 -0.00252206 -0.198177 0.0455863 0.00171664 0.39807 -0.251971 -0.0030118
22 -0.000572205 0.492676 -1.30293 -1.53661 1.00614 -1.82975 0.66701 1.00636 0.000572213 0.0249866 -0.218013 -0.0722896 0.00247959 0.383955 -0.249343 -0.00252206 -0.198177 0.0455863 0.00171664 0.39807 -0.251971 -0.0030118
22 -0.000572205 0.494583 -1.3056 -1.53661 1.01225 -1.82975 0.668154 1.00597 0.000572213 0.0249866 -0.218013 -0.0722896 0.00247959 0.383955 -0.249546 -0.00209745 -0.198177 0.0455863 0.00171664 0.39807 -0.251971 -0.0030118
22 -0.000572205 0.496109 -1.30789 -1.53661 1.01797 -1.82975 0.668917 1.00597 0.000572213 0.0249866 -0.218395 -0.0722896 0.00247959 0.383955 -0.249343 -0.00252192 -0.198177 0.0455863 0.00171664 0.397688 -0.251971 -0.0030118
22 -0.000572205 0.497635 -1.31056 -1.53661 1.02407 -1.82975 0.670443 1.00597 0.000572213 0.0249866 -0.218395 -0.0722896 0.00247959 0.383955 -0.249343 -0.00252206 -0.198177 0.0455863 0.00171664 0.397688 -0.251971 -0.0030118
22 -0.000572205 0.499161 -1.31285 -1.53661 1.02979 -1.82975 0.671969 1.00559 0.000572213 0.0249866 -0.218395 -0.0722896 0.00247959 0.383574 -0.249343 -0.00252206 -0.198177 0.0455863 0.00171664 0.397688 -0.251971 -0.0030118
22 -0.000572205 0.500687 -1.31514 -1.53661 1.03552 -1.82975 0.672732 1.00559 0.000572213 0.0249866 -0.218395 -0.0722896 0.00247959 0.383574 -0.249546 -0.00209745 -0.198177 0.0455863 0.00171664 0.397688 -0.251971 -0.0030118
22 -0.000572205 0.501831 -1.31743 -1.53661 1.04124 -1.82975 0.673877 1.00521 0.000572213 0.0249866 -0.218776 -0.0722896 0.00247959 0.383955 -0.249546 -0.00209759 -0.198177 0.0455863 0.00171664 0.397688 -0.251971 -0.0030118
22 -0.000572205 0.503357 -1.31971 -1.53661 1.04734 -1.82975 0.67464 1.00521 0.000572213 0.0249866 -0.218776 -0.0722896 0.00247959 0.383955 -0.249343 -0.00252192 -0.198177 0.0455863 0.00171664 0.397688 -0.251971 -0.0030118
22 -0.000572205 0.504501 -1.322 -1.53661 1.05306 -1.82975 0.675784 1.00483 0.000572213 0.0249866 -0.219158 -0.0722896 0.00247959 0.383955 -0.249546 -0.00209745 -0.198177 0.0455863 0.00171664 0.39807 -0.251971 -0.0030118
22 -0.000572205 0.505646 -1.32429 -1.53661 1.05917 -1.82975 0.676928 1.00483 0.000572213 0.0249866 -0.219158 -0.0722896 0.00247959 0.383955 -0.249546 -0.00209759 -0.198177 0.0459678 0.00171664 0.39807 -0.251971 -0.0030118
22 -0.000572205 0.507172 -1.32658 -1.53661 1.06489 -1.82975 0.678073 1.00445 0.000572213 0.0249866 -0.219158 -0.0722896 0.00247959 0.383955 -0.249546 -0.00209759 -0.198177 0.0459678 0.00171664 0.39807 -0.251971 -0.0030118
22 -0.000572205 0.508316 -1.32887 -1.53661 1.07023 -1.82975 0.678836 1.00445 0.000572213 0.0249866 -0.219158 -0.0722896 0.00247959 0.383955 -0.249343 -0.00252192 -0.198177 0.0459678 0.00171664 0.39807 -0.251971 -0.0030118
22 -0.000572205 0.509842 -1.33154 -1.53661 1.07595 -1.82975 0.67998 1.00445 0.000572213 0.0249866 -0.219158 -0.0722896 0.00247959 0.383955 -0.249343 -0.00252206 -0.198177 0.0459678 0.00171664 0.397688 -0.251971 -0.0030118
22 -0.000572205 0.510986 -1.33383 -1.53661 1.08129 -1.82975 0.680743 1.00445 0.000572213 0.0249866 -0.219158 -0.0722896 0.00247959 0.383955 -0.249546 -0.00209745 -0.198177 0.0459678 0.00171664 0.397688 -0.251971 -0.0030118
22 -0.000572205 0.512131 -1.33574 -1.53661 1.0874 -1.82975 0.681506 1.00445 0.000572213 0.0249866 -0.219539 -0.0722896 0.00247959 0.383955 -0.249343 -0.00252192 -0.198177 0.0459678 0.00171664 0.397688 -0.251971 -0.0030118
22 -0.000572205 0.513657 -1.33803 -1.53661 1.09312 -1.82975 0.682651 1.00407 0.000572213 0.0249866 -0.219539 -0.0722896 0.00247959 0.383955 -0.249546 -0.00209745 -0.198177 0.0459678 0.00171664 0.397688 -0.251971 -0.0030118
22 -0.000572205 0.514801 -1.34031 -1.53661 1.09884 -1.82975 0.684176 1.00407 0.000572213 0.0249866 -0.219539 -0.0722896 0.00247959 0.383955 -0.249546 -0.00209759 -0.198177 0.0459678 0.00171664 0.397688 -0.251971 -0.0030118
22 -0.000572205 0.516327 -1.34222 -1.53661 1.10418 -1.82975 0.685321 1.00407 0.000572213 0.0253681 -0.219539 -0.0722896 0.00247959 0.383955 -0.249546 -0.00209759 -0.198177 0.0459678 0.00171664 0.397688 -0.251971 -0.0030118
22 -0.000572205 0.517471 -1.34451 -1.53661 1.11028 -1.82975 0.686084 1.00407 0.000572213 0.0253681 -0.219539 -0.0722896 0.00247959 0.383955 -0.249546 -0.00209759 -0.198177 0.0459678 0.00171664 0.397688 -0.251971 -0.0030118
22 -0.000953674 0.518997 -1.3468 -1.53661 1.11601 -1.82975 0.686847 1.00369 0.000572213 0.0253681 -0.219539 -0.0722896 0.00247959 0.383955 -0.249546 -0.00209759 -0.198177 0.0459678 0.00171664 0.397688 -0.251971 -0.0030118
22 -0.000572205 0.520142 -1.34871 -1.53661 1.12173 -1.82975 0.68761 1.00369 0.000572213 0.0253681 -0.219539 -0.0722896 0.00247959 0.383955 -0.249546 -0.00209759 -0.198177 0.0459678 0.00171664 0.397688 -0.251971 -0.0030118
22 -0.000953674 0.520905 -1.35061 -1.53661 1.12707 -1.82975 0.688373 1.0033 0.000572213 0.0253681 -0.219539 -0.0722896 0.00247959 0.383955 -0.249546 -0.00209759 -0.198177 0.0459678 0.00171664 0.39807 -0.251971 -0.0030118
22 -0.000953674 0.52243 -1.3529 -1.53661 1.13279 -1.82975 0.689136 1.00292 0.000572213 0.0253681 -0.219539 -0.0722896 0.00247959 0.383955 -0.249546 -0.00209759 -0.198177 0.0459678 0.00171664 0.39807 -0.251971 -0.0030118
22 -0.000953674 0.523575 -1.35519 -1.53661 1.13813 -1.82975 0.69028 1.00254 0.000190738 0.0253681 -0.219539 -0.0722896 0.00247959 0.383955 -0.249546 -0.00209759 -0.198177 0.0459678 0.00171664 0.39807 -0.251971 -0.0030118
22 -0.000953674 0.524719 -1.3571 -1.53661 1.14347 -1.82975 0.691424 1.00216 0.000190738 0.0253681 -0.219539 -0.0722896 0.00247959 0.383955 -0.249343 -0.00252192 -0.198177 0.0459678 0.00171664 0.39807 -0.251971 -0.0030118
22 -0.000953674 0.525864 -1.35901 -1.53661 1.1492 -1.82975 0.692187 1.00178 0.000190738 0.0249866 -0.219539 -0.0722896 0.00247959 0.383955 -0.249343 -0.00252206 -0.198177 0.0459678 0.00171664 0.39807 -0.251971 -0.0030118
22 -0.000953674 0.527008 -1.3613 -1.53661 1.15492 -1.82975 0.69295 1.0014 0.000190738 0.0249866 -0.219539 -0.0722896 0.00247959 0.383955 -0.249343 -0.00252206 -0.198177 0.0459678 0.00171664 0.39807 -0.251971 -0.0030118
22 -0.000953674 0.527771 -1.3632 -1.53661 1.16064 -1.82975 0.693713 1.0014 0.000190738 0.0249866 -0.219539 -0.0722896 0.00247959 0.383955 -0.249343 -0.00252206 -0.198177 0.0459678 0.00171664 0.39807 -0.251971 -0.0030118
22 -0.000953674 0.528534 -1.36511 -1.53661 1.16598 -1.82975 0.694476 1.00102 0.000190738 0.0249866 -0.219539 -0.0722896 0.00247959 0.383955 -0.249343 -0.00252206 -0.198177 0.0459678 0.00171664 0.39807 -0.251971 -0.0030118
22 -0.000953674 0.529297 -1.36702 -1.53661 1.17132 -1.82975 0.695621 1.00063 0.000190738 0.0253681 -0.219539 -0.0722896 0.00247959 0.383955 -0.249343 -0.00252206 -0.198177 0.0463493 0.00171664 0.39807 -0.251971 -0.0030118
22 -0.000953674 0.53006 -1.36931 -1.53661 1.17704 -1.82975 0.696765 1.00063 0.000190738 0.0253681 -0.219539 -0.0722896 0.00247959 0.383955 -0.249546 -0.00209745 -0.198177 0.0463493 0.00171664 0.39807 -0.251971 -0.0030118
22 -0.000953674 0.530823 -1.37121 -1.53661 1.182 -1.82975 0.697528 1.00025 0.000190738 0.0253681 -0.219539 -0.0722896 0.00247959 0.383955 -0.249546 -0.00209759 -0.198177 0.0463493 0.00171664 0.39807 -0.251971 -0.0030118
22 -0.000953674 0.531587 -1.37312 -1.53661 1.18734 -1.82975 0.698672 1.00025 0.000190738 0.0253681 -0.219539 -0.0722896 0.00247959 0.383955 -0.249546 -0.00209759 -0.198177 0.0463493 0.00171664 0.39807 -0.251971 -0.0030118
22 -0.000953674 0.53235 -1.37503 -1.53661 1.19268 -1.82975 0.699435 0.999871 0.000190738 0.0253681 -0.219539 -0.0722896 0.00247959 0.383955 -0.249546 -0.00209759 -0.198177 0.0463493 0.00171664 0.39807 -0.251971 -0.0030118
22 -0.000953674 0.533113 -1.37694 -1.53661 1.19802 -1.82975 0.700198 0.999871 0.000190738 0.0253681 -0.219539 -0.0722896 0.00247959 0.383955 -0.249546 -0.00209759 -0.198177 0.0463493 0.00171664 0.39807 -0.251971 -0.0030118
22 -0.000953674 0.533875 -1.37846 -1.53661 1.20298 -1.82975 0.700961 0.99949 0.000190738 0.0253681 -0.219539 -0.0722896 0.00247959 0.383955 -0.249546 -0.00209759 -0.198177 0.0463493 0.00171664 0.39807 -0.251971 -0.0030118
22 -0.00133514 0.534638 -1.38075 -1.53661 1.20871 -1.82975 0.702106 0.999108 0.000190738 0.0253681 -0.219921 -0.0722896 0.00247959 0.383955 -0.249546 -0.00209759 -0.198177 0.0467308 0.00171664 0.39807 -0.251971 -0.0030118
22 -0.00133514 0.53502 -1.38266 -1.53661 1.21366 -1.82975 0.702869 0.999108 0.000190738 0.0253681 -0.219921 -0.0722896 0.00247959 0.383955 -0.249343 -0.00252192 -0.198177 0.0467308 0.00171664 0.39807 -0.251971 -0.0030118
22 -0.000953674 0.535783 -1.38457 -1.53661 1.21824 -1.82975 0.704013 0.998727 0.000190738 0.0253681 -0.219921 -0.0722896 0.00247959 0.383955 -0.249343 -0.00252206 -0.198177 0.0467308 0.00171664 0.39807 -0.251971 -0.0030118
22 -0.000953674 0.536546 -1.38609 -1.53661 1.22358 -1.82975 0.704776 0.998727 0.000190738 0.0249866 -0.219921 -0.0722896 0.00247959 0.383955 -0.249343 -0.00252206 -0.198177 0.0471122 0.00171664 0.39807 -0.251971 -0.0030118
22 -0.00133514 0.536927 -1.388 -1.53661 1.22854 -1.82975 0.705921 0.998345 0.000190738 0.0249866 -0.219921 -0.0722896 0.00247959 0.383955 -0.249343 -0.00252206 -0.198177 0.0471122 0.00171664 0.39807 -0.251971 -0.0030118
22 -0.000953674 0.537309 -1.38991 -1.53661 1.23388 -1.82975 0.706683 0.998345 0.000190738 0.0249866 -0.219921 -0.0722896 0.00247959 0.383955 -0.249343 -0.00252206 -0.198177 0.0471122 0.00171664 0.39807 -0.251971 -0.0030118
22 -0.000953674 0.538072 -1.39181 -1.53661 1.23922 -1.82975 0.707828 0.997964 0.000190738 0.0253681 -0.219921 -0.0722896 0.00247959 0.383955 -0.249343 -0.00252206 -0.198177 0.0471122 0.00171664 0.39807 -0.251971 -0.0030118
22 -0.000953674 0.538835 -1.39372 -1.53661 1.2438 -1.82975 0.708972 0.997964 0.000190738 0.0253681 -0.219921 -0.0722896 0.00247959 0.383955 -0.249546 -0.00209745 -0.198177 0.0471122 0.00171664 0.39807 -0.251971 -0.0030118
22 -0.000953674 0.539216 -1.39525 -1.53661 1.24876 -1.82975 0.710117 0.997582 0.000190738 0.0253681 -0.219921 -0.0722896 0.00247959 0.383955 -0.249546 -0.00209759 -0.198177 0.0471122 0.00171664 0.39807 -0.251971 -0.0030118
22 -0.000953674 0.54036 -1.39715 -1.53661 1.25372 -1.82975 0.71088 0.997201 0.000190738 0.0253681 -0.219921 -0.0722896 0.00247959 0.383955 -0.249546 -0.00209759 -0.198177 0.0471122 0.00171664 0.39807 -0.251971 -0.0030118
22 -0.000953674 0.540742 -1.39906 -1.53661 1.25906 -1.82975 0.711643 0.997201 0.000190738 0.0253681 -0.219921 -0.0722896 0.00247959 0.383955 -0.249546 -0.00209759 -0.198177 0.0471122 0.00171664 0.397688 -0.251971 -0.0030118
22 -0.00133514 0.541505 -1.40059 -1.53661 1.26402 -1.82975 0.712406 0.996819 0.000190738 0.0253681 -0.219921 -0.0722896 0.00247959 0.383955 -0.249546 -0.00209759 -0.198177 0.0471122 0.00171664 0.39807 -0.251971 -0.0030118
22 -0.000953674 0.541886 -1.40249 -1.53661 1.2686 -1.82975 0.713169 0.996438 0.000190738 0.0253681 -0.219921 -0.0722896 0.00247959 0.383955 -0.249343 -0.00252192 -0.198177 0.0471122 0.00171664 0.39807 -0.251971 -0.0030118
22 -0.000953674 0.542268 -1.4044 -1.53661 1.27356 -1.82975 0.714313 0.996056 0.000190738 0.0253681 -0.219921 -0.0722896 0.00247959 0.383955 -0.249343 -0.00252206 -0.198177 0.0471122 0.00171664 0.39807 -0.251971 -0.0030118
22 -0.000953674 0.542649 -1.40631 -1.53661 1.27852 -1.82975 0.715457 0.995675 0.000190738 0.0253681 -0.219921 -0.0722896 0.00247959 0.383955 -0.249546 -0.00209745 -0.198177 0.0474937 0.00171664 0.39807 -0.251971 -0.0030118
22 -0.000953674 0.543031 -1.40822 -1.53661 1.28347 -1.82975 0.71622 0.995675 0.000190738 0.0253681 -0.219921 -0.0722896 0.00247959 0.383955 -0.249546 -0.00209759 -0.198177 0.0474937 0.00171664 0.39807 -0.251971 -0.0030118
22 -0.00133514 0.543412 -1.40974 -1.53661 1.28805 -1.82975 0.717365 0.995293 0.000190738 0.0253681 -0.219921 -0.0722896 0.00247959 0.383955 -0.249546 -0.00209759 -0.198177 0.0474937 0.00171664 0.39807 -0.251971 -0.0030118
22 -0.000953674 0.543412 -1.41165 -1.53661 1.29301 -1.82975 0.718128 0.994912 0.000190738 0.0253681 -0.219921 -0.0722896 0.00247959 0.383955 -0.249546 -0.00209759 -0.198177 0.0474937 0.00171664 0.39807 -0.251971 -0.0030118
22 -0.00133514 0.543794 -1.41318 -1.53661 1.29759 -1.82975 0.718891 0.99453 0.000190738 0.0253681 -0.219921 -0.0722896 0.00247959 0.383955 -0.249546 -0.00209759 -0.198177 0.0474937 0.00171664 0.39807 -0.251971 -0.0030118
22 -0.000953674 0.543794 -1.41508 -1.53661 1.30255 -1.82937 0.720035 0.99453 0.000190738 0.0253681 -0.219921 -0.0722896 0.00247959 0.383955 -0.249546 -0.00209759 -0.198177 0.0474937 0.00171664 0.397688 -0.251971 -0.0030118
22 -0.00133514 0.544175 -1.41699 -1.53661 1.30751 -1.82937 0.72118 0.994149 0.000190738 0.0253681 -0.219921 -0.0722896 0.00247959 0.383955 -0.249546 -0.00209759 -0.198177 0.0474937 0.00171664 0.397688 -0.251971 -0.0030118
22 -0.000953674 0.544175 -1.4189 -1.53661 1.3117 -1.82937 0.722324 0.994149 0.000190738 0.0253681 -0.219921 -0.0722896 0.00247959 0.383955 -0.249546 -0.00209759 -0.198177 0.0474937 0.00171664 0.397688 -0.251971 -0.0030118
22 -0.00133514 0.544175 -1.42081 -1.53661 1.31666 -1.82975 0.723087 0.994149 0.000190738 0.0253681 -0.219921 -0.0722896 0.00247959 0.383955 -0.249546 -0.00209759 -0.198177 0.0474937 0.00171664 0.397688 -0.251971 -0.0030118
22 -0.000953674 0.544175 -1.42271 -1.53661 1.32124 -1.82975 0.723468 0.994149 0.000190738 0.0253681 -0.219921 -0.0722896 0.00247959 0.383955 -0.249343 -0.00252192 -0.198177 0.0474937 0.00171664 0.397688 -0.251971 -0.0030118
22 -0.00133514 0.544175 -1.42462 -1.53661 1.3262 -1.82975 0.724231 0.993767 0.000190738 0.0253681 -0.219921 -0.0722896 0.00247959 0.383955 -0.249343 -0.00252206 -0.198177 0.0474937 0.00171664 0.397688 -0.251971 -0.0030118
22 -0.00133514 0.544557 -1.42653 -1.53661 1.3304 -1.82975 0.724994 0.993767 0.000190738 0.0253681 -0.219921 -0.0722896 0.00247959 0.383955 -0.249343 -0.00252206 -0.198177 0.0474937 0.00171664 0.397688 -0.251971 -0.0030118
22 -0.00133514 0.544175 -1.42805 -1.53661 1.33536 -1.82975 0.725757 0.993767 0.000190738 0.0253681 -0.219921 -0.0722896 0.00247959 0.383955 -0.249546 -0.00209745 -0.198177 0.0474937 0.00171664 0.39807 -0.251971 -0.0030118
22 -0.000953674 0.544175 -1.42996 -1.53661 1.33993 -1.82975 0.72652 0.993767 0.000190738 0.0253681 -0.219921 -0.0722896 0.00247959 0.383955 -0.249546 -0.00209759 -0.198177 0.0474937 0.00171664 0.39807 -0.251971 -0.0030118
22 -0.000953674 0.544175 -1.43187 -1.53661 1.34451 -1.82975 0.727665 0.993767 0.000190738 0.0253681 -0.219921 -0.0722896 0.00247959 0.383955 -0.249546 -0.00209759 -0.198177 0.0474937 0.00171664 0.39807 -0.251971 -0.0030118
22 -0.000953674 0.544175 -1.43378 -1.53661 1.34871 -1.82975 0.728428 0.993386 0.000190738 0.0253681 -0.219921 -0.0722896 0.00247959 0.383955 -0.249343 -0.00252192 -0.198177 0.0474937 0.00171664 0.39807 -0.251971 -0.0030118
22 -0.00133514 0.544175 -1.43568 -1.53661 1.35328 -1.82937 0.729191 0.993386 0.000190738 0.0253681 -0.219921 -0.0722896 0.00247959 0.383955 -0.249546 -0.00209745 -0.198177 0.0474937 0.00171664 0.39807 -0.251971 -0.0030118
22 -0.00133514 0.544175 -1.43759 -1.53661 1.35786 -1.82937 0.729953 0.993386 0.000190738 0.0253681 -0.219921 -0.0722896 0.00247959 0.383955 -0.249546 -0.00209759 -0.198177 0.0474937 0.00171664 0.39807 -0.251971 -0.0030118
22 -0.000953674 0.544175 -1.4395 -1.53699 1.36206 -1.82975 0.730716 0.993386 0.000190738 0.0253681 -0.219921 -0.0722896 0.00247959 0.383955 -0.249546 -0.00209759 -0.198177 0.0474937 0.00171664 0.39807 -0.251971 -0.0030118
22 -0.000953674 0.544175 -1.44102 -1.53699 1.36664 -1.82975 0.731479 0.993386 0.000190738 0.0253681 -0.219921 -0.0722896 0.00247959 0.383955 -0.249546 -0.00209759 -0.198177 0.0474937 0.00171664 0.39807 -0.251971 -0.0030118
22 -0.000953674 0.544175 -1.44331 -1.53699 1.37121 -1.82975 0.732242 0.993004 0.000190738 0.0253681 -0.219921 -0.0722896 0.00247959 0.383955 -0.249546 -0.00209759 -0.198177 0.0474937 0.00171664 0.39807 -0.251971 -0.0030118
22 -0.000953674 0.544175 -1.44484 -1.53699 1.37541 -1.82975 0.733005 0.993004 0.000190738 0.0253681 -0.219921 -0.0722896 0.00247959 0.383955 -0.249343 -0.00252192 -0.198177 0.0474937 0.00171664 0.39807 -0.251971 -0.0030118
22 -0.00133514 0.544175 -1.44675 -1.53699 1.37961 -1.82975 0.73415 0.993004 0.000190738 0.0253681 -0.219921 -0.0722896 0.00247959 0.383955 -0.249343 -0.00252206 -0.198177 0.0474937 0.00171664 0.39807 -0.251971 -0.0030118
22 -0.00133514 0.544175 -1.44827 -1.53699 1.38418 -1.82975 0.734913 0.993004 0.000190738 0.0253681 -0.219921 -0.0722896 0.00247959 0.383955 -0.249546 -0.00209745 -0.198177 0.0474937 0.00171664 0.39807 -0.251971 -0.0030118
22 -0.000953674 0.544175 -1.45018 -1.53699 1.38838 -1.82975 0.735676 0.993004 0.000190738 0.0253681 -0.219921 -0.0722896 0.00247959 0.383955 -0.249546 -0.00209759 -0.198177 0.0474937 0.00171664 0.39807 -0.251971 -0.0030118
22 -0.000953674 0.544175 -1.45209 -1.53699 1.39219 -1.82975 0.736057 0.993004 0.000190738 0.0253681 -0.219921 -0.0722896 0.00247959 0.383955 -0.249546 -0.00209759 -0.198177 0.0474937 0.00171664 0.39807 -0.251971 -0.0030118
22 -0.000953674 0.544175 -1.45361 -1.53699 1.39677 -1.82975 0.73682 0.993004 0.000190738 0.0253681 -0.219921 -0.0722896 0.00247959 0.383955 -0.249546 -0.00209759 -0.198177 0.0474937 0.00171664 0.39807 -0.251971 -0.0030118
22 -0.000953674 0.544175 -1.45552 -1.53699 1.40097 -1.83013 0.737202 0.993004 0.000190738 0.0253681 -0.219921 -0.0722896 0.00247959 0.383955 -0.249546 -0.00209759 -0.198177 0.0474937 0.00171664 0.39807 -0.251971 -0.0030118
22 -0.000953674 0.544175 -1.45705 -1.53699 1.40478 -1.83013 0.737964 0.993004 0.000190738 0.0253681 -0.219921 -0.0722896 0.00247959 0.383955 -0.249546 -0.00209759 -0.198177 0.0474937 0.00171664 0.39807 -0.251971 -0.0030118
22 -0.000953674 0.544175 -1.45895 -1.53699 1.40898 -1.83013 0.738346 0.993004 0.000190738 0.0253681 -0.219921 -0.0722896 0.00247959 0.383955 -0.249546 -0.00209759 -0.198177 0.0474937 0.00171664 0.39807 -0.251971 -0.0030118
22 -0.000953674 0.544175 -1.46048 -1.53699 1.41356 -1.83013 0.739109 0.993004 0.000190738 0.0253681 -0.219921 -0.0722896 0.00247959 0.383955 -0.249546 -0.00209759 -0.198177 0.0474937 0.00171664 0.39807 -0.251971 -0.0030118
22 -0.000953674 0.544175 -1.46201 -1.53699 1.41699 -1.83013 0.740253 0.992623 0.000190738 0.0253681 -0.219921 -0.0722896 0.00247959 0.383955 -0.249546 -0.00209759 -0.198177 0.0474937 0.00171664 0.39807 -0.251971 -0.0030118
22 -0.000953674 0.544175 -1.46391 -1.53737 1.42119 -1.83013 0.740635 0.992623 0.000190738 0.0253681 -0.219921 -0.0722896 0.00247959 0.383955 -0.249546 -0.00209759 -0.198177 0.0474937 0.00171664 0.39807 -0.251971 -0.0030118
22 -0.000953674 0.544175 -1.46544 -1.53737 1.42538 -1.83013 0.741398 0.992623 0.000190738 0.0253681 -0.219921 -0.0722896 0.00247959 0.383955 -0.249546 -0.00209759 -0.198177 0.0474937 0.00171664 0.39807 -0.251971 -0.0030118
22 -0.000953674 0.544175 -1.46696 -1.53737 1.4292 -1.83013 0.742161 0.992623 0.000190738 0.0253681 -0.219921 -0.0722896 0.00247959 0.383955 -0.249546 -0.00209759 -0.198177 0.0474937 0.00171664 0.39807 -0.251971 -0.0030118
22 -0.000953674 0.544175 -1.46887 -1.53737 1.43339 -1.83013 0.742924 0.992623 0.000190738 0.0253681 -0.219921 -0.0722896 0.00247959 0.383955 -0.249546 -0.00209759 -0.198177 0.0474937 0.00171664 0.39807 -0.251971 -0.0030118
22 -0.000953674 0.544175 -1.4704 -1.53775 1.43683 -1.83013 0.743305 0.992623 0.000190738 0.0253681 -0.219921 -0.0722896 0.00247959 0.383955 -0.249546 -0.00209759 -0.198177 0.0474937 0.00171664 0.39807 -0.251971 -0.0030118
22 -0.000953674 0.544175 -1.47192 -1.53775 1.44102 -1.83013 0.744068 0.992242 0.000190738 0.0253681 -0.219921 -0.0722896 0.00247959 0.383955 -0.249546 -0.00209759 -0.198177 0.0474937 0.00171664 0.39807 -0.251971 -0.0030118
22 -0.000953674 0.544175 -1.47345 -1.53813 1.44522 -1.83013 0.744831 0.992242 0.000190738 0.0253681 -0.219921 -0.0722896 0.00247959 0.383955 -0.249546 -0.00209759 -0.198177 0.0474937 0.00171664 0.39807 -0.251971 -0.0030118
22 -0.000953674 0.544175 -1.47498 -1.53813 1.44865 -1.83013 0.745975 0.992242 0.000190738 0.0257496 -0.219921 -0.0722896 0.00247959 0.383955 -0.249546 -0.00209759 -0.198177 0.0474937 0.00171664 0.39807 -0.251971 -0.0030118
22 -0.000953674 0.544175 -1.47688 -1.53851 1.45285 -1.83013 0.746738 0.992242 0.000190738 0.0257496 -0.219921 -0.0722896 0.00247959 0.383955 -0.249546 -0.00209759 -0.198177 0.0474937 0.00171664 0.39807 -0.251971 -0.0030118
22 -0.000953674 0.544175 -1.47803 -1.53851 1.45628 -1.83013 0.74712 0.99186 0.000190738 0.0257496 -0.219921 -0.0722896 0.00247959 0.383955 -0.249343 -0.00252192 -0.198177 0.0474937 0.00171664 0.39807 -0.251971 -0.0030118
22 -0.000953674 0.544175 -1.48032 -1.5389 1.4601 -1.82975 0.747501 0.99186 0.000190738 0.0257496 -0.219921 -0.0722896 0.00247959 0.383955 -0.249546 -0.00209745 -0.198177 0.0474937 0.00171664 0.39807 -0.251971 -0.0030118
22 -0.000953674 0.544175 -1.48146 -1.53928 1.46429 -1.82975 0.747883 0.99186 0.000190738 0.0257496 -0.219921 -0.0722896 0.00247959 0.383955 -0.249546 -0.00209759 -0.198177 0.0474937 0.00171664 0.39807 -0.251971 -0.0030118
22 -0.000953674 0.544175 -1.48299 -1.53928 1.46773 -1.82975 0.748264 0.99186 0.000190738 0.0257496 -0.219921 -0.0722896 0.00247959 0.383955 -0.249546 -0.00209759 -0.198177 0.0474937 0.00171664 0.39807 -0.251971 -0.0030118
22 -0.000953674 0.544175 -1.48451 -1.53966 1.47154 -1.82975 0.749027 0.99186 0.000190738 0.0257496 -0.219921 -0.0722896 0.00247959 0.383955 -0.249546 -0.00209759 -0.198177 0.0474937 0.00171664 0.39807 -0.251971 -0.0030118
22 -0.000953674 0.544175 -1.48642 -1.53966 1.47498 -1.82975 0.749409 0.99186 0.000190738 0.0253681 -0.219921 -0.0722896 0.00247959 0.383955 -0.249546 -0.00209759 -0.198177 0.0474937 0.00171664 0.39807 -0.251971 -0.0030118
22 -0.000953674 0.544175 -1.48795 -1.54004 1.47841 -1.82975 0.74979 0.991479 0.000190738 0.0253681 -0.219921 -0.0722896 0.00247959 0.383955 -0.249546 -0.00209759 -0.198177 0.0474937 0.00171664 0.39807 -0.251971 -0.0030118
22 -0.000953674 0.544175 -1.48947 -1.54042 1.4826 -1.82975 0.750553 0.991479 0.000190738 0.0253681 -0.219921 -0.0722896 0.00247959 0.383955 -0.249546 -0.00209759 -0.198177 0.0474937 0.00171664 0.39807 -0.251971 -0.0030118
22 -0.000953674 0.544175 -1.491 -1.5408 1.48566 -1.82975 0.751316 0.991479 0.000190738 0.0253681 -0.219921 -0.0722896 0.00247959 0.383955 -0.249546 -0.00209759 -0.198177 0.0474937 0.00171664 0.39807 -0.251971 -0.0030118
22 -0.000953674 0.544175 -1.4929 -1.54118 1.48947 -1.82975 0.752079 0.991479 0.000190738 0.0253681 -0.219921 -0.0722896 0.00247959 0.383955 -0.249546 -0.00209759 -0.198177 0.0474937 0.00171664 0.39807 -0.251971 -0.0030118
22 -0.000953674 0.544175 -1.49443 -1.54157 1.49252 -1.82975 0.752842 0.991479 0.000190738 0.0253681 -0.219921 -0.0722896 0.00247959 0.383955 -0.249546 -0.00209759 -0.198177 0.0474937 0.00171664 0.39807 -0.251971 -0.0030118
22 -0.000953674 0.544175 -1.49596 -1.54195 1.49634 -1.82975 0.753605 0.991097 0.000190738 0.0253681 -0.219921 -0.0722896 0.00247959 0.383955 -0.249546 -0.00209759 -0.198177 0.0474937 0.00171664 0.39807 -0.251971 -0.0030118
22 -0.000953674 0.544175 -1.4971 -1.54233 1.49939 -1.82975 0.753986 0.991097 0.000190738 0.0253681 -0.219921 -0.0722896 0.00247959 0.383955 -0.249546 -0.00209759 -0.198177 0.0474937 0.00171664 0.39807 -0.251971 -0.0030118
22 -0.000953674 0.544175 -1.49863 -1.54271 1.50282 -1.82937 0.754749 0.991097 0.000190738 0.0253681 -0.219921 -0.0722896 0.00247959 0.383955 -0.249343 -0.00252192 -0.198177 0.0474937 0.00171664 0.39807 -0.251971 -0.0030118
22 -0.000953674 0.544175 -1.50015 -1.54309 1.50626 -1.82937 0.755512 0.990716 0.000190738 0.0253681 -0.219921 -0.0722896 0.00247959 0.383955 -0.249546 -0.00209745 -0.198177 0.0474937 0.00171664 0.39807 -0.251971 -0.0030118
22 -0.000953674 0.544175 -1.50206 -1.54386 1.50969 -1.82937 0.755894 0.990716 0.000190738 0.0257496 -0.219921 -0.0722896 0.00247959 0.383955 -0.249546 -0.00209759 -0.198177 0.0474937 0.00171664 0.39807 -0.251971 -0.0030118
22 -0.000953674 0.544557 -1.5032 -1.54424 1.51274 -1.82937 0.756657 0.990716 0.000190738 0.0257496 -0.219921 -0.0722896 0.00247959 0.383955 -0.249546 -0.00209759 -0.198177 0.0474937 0.00171664 0.39807 -0.251971 -0.0030118
22 -0.000953674 0.544175 -1.50511 -1.545 1.51579 -1.82937 0.757038 0.990716 0.000190738 0.0257496 -0.219921 -0.0722896 0.00247959 0.383955 -0.249546 -0.00209759 -0.198177 0.0474937 0.00171664 0.39807 -0.251971 -0.0030118
22 -0.000953674 0.544175 -1.50626 -1.54576 1.51923 -1.82937 0.757801 0.990716 0.000190738 0.0257496 -0.219921 -0.0722896 0.00247959 0.383955 -0.249546 -0.00209759 -0.198177 0.0474937 0.00171664 0.39807 -0.251971 -0.0030118
22 -0.000953674 0.544175 -1.50778 -1.54614 1.52228 -1.82937 0.758946 0.990716 0.000190738 0.0257496 -0.219921 -0.0722896 0.00247959 0.383955 -0.249546 -0.00209759 -0.198177 0.0474937 0.00171664 0.39807 -0.251971 -0.0030118
22 -0.000953674 0.544175 -1.50893 -1.54653 1.52533 -1.82937 0.759327 0.990716 0.000190738 0.0257496 -0.219921 -0.0722896 0.00247959 0.383955 -0.249546 -0.00209759 -0.198177 0.0474937 0.00171664 0.39807 -0.251971 -0.0030118
22 -0.000953674 0.544175 -1.51007 -1.54691 1.52838 -1.82937 0.759709 0.990716 0.000190738 0.0257496 -0.219921 -0.0722896 0.00247959 0.383955 -0.249546 -0.00209759 -0.198177 0.0474937 0.00171664 0.39807 -0.251971 -0.0030118
22 -0.000953674 0.544175 -1.5116 -1.54691 1.53143 -1.82937 0.760472 0.990716 0.000190738 0.0257496 -0.219921 -0.0722896 0.00247959 0.383955 -0.249546 -0.00209759 -0.198177 0.0474937 0.00171664 0.39807 -0.251971 -0.0030118
22 -0.000953674 0.544175 -1.51312 -1.54729 1.5341 -1.82937 0.760853 0.990334 0.000190738 0.0257496 -0.219921 -0.0722896 0.00247959 0.383955 -0.249546 -0.00209759 -0.198177 0.0474937 0.00171664 0.39807 -0.251971 -0.0030118
22 -0.000953674 0.544175 -1.51465 -1.54767 1.53716 -1.82937 0.761234 0.990334 0.000190738 0.0257496 -0.219921 -0.0722896 0.00247959 0.383955 -0.249546 -0.00209759 -0.198177 0.0474937 0.00171664 0.39807 -0.251971 -0.0030118
22 -0.000953674 0.544175 -1.51579 -1.54767 1.53983 -1.82937 0.761616 0.990334 0.000190738 0.0257496 -0.219921 -0.0722896 0.00247959 0.383955 -0.249546 -0.00209759 -0.198177 0.0474937 0.00171664 0.39807 -0.251971 -0.0030118
22 -0.000953674 0.544175 -1.51694 -1.54805 1.54288 -1.82937 0.761997 0.990334 0.000190738 0.0257496 -0.219921 -0.0722896 0.00247959 0.383955 -0.249546 -0.00209759 -0.198177 0.0474937 0.00171664 0.39807 -0.251971 -0.0030118
22 -0.000953674 0.544175 -1.51846 -1.54805 1.54593 -1.82937 0.762379 0.990334 0.000190738 0.0257496 -0.219921 -0.0722896 0.00247959 0.383955 -0.249546 -0.00209759 -0.198177 0.0474937 0.00171664 0.39807 -0.251971 -0.0030118
22 -0.000953674 0.544175 -1.51961 -1.54843 1.54822 -1.82937 0.76276 0.990334 0.000190738 0.0257496 -0.219921 -0.0722896 0.00247959 0.383955 -0.249343 -0.00252192 -0.198177 0.0474937 0.00171664 0.39807 -0.251971 -0.0030118
22 -0.000953674 0.544175 -1.52075 -1.54843 1.55127 -1.82937 0.763142 0.990334 0.000190738 0.0257496 -0.219921 -0.0722896 0.00247959 0.383955 -0.249546 -0.00209745 -0.198177 0.0474937 0.00171664 0.39807 -0.251971 -0.0030118
22 -0.000953674 0.544175 -1.52152 -1.54843 1.55356 -1.82937 0.763523 0.990334 0.000190738 0.0257496 -0.219921 -0.0722896 0.00247959 0.383955 -0.249546 -0.00209759 -0.198177 0.0474937 0.00171664 0.39807 -0.251971 -0.0030118
22 -0.000953674 0.544175 -1.52266 -1.54843 1.55661 -1.82937 0.764286 0.989953 0.000190738 0.0257496 -0.219921 -0.0722896 0.00247959 0.383955 -0.249546 -0.00209759 -0.198177 0.0474937 0.00171664 0.39807 -0.251971 -0.0030118
22 -0.000953674 0.544175 -1.52419 -1.54843 1.5589 -1.82937 0.765049 0.989953 0.000190738 0.0257496 -0.219921 -0.0722896 0.00247959 0.383955 -0.249546 -0.00209759 -0.198177 0.0474937 0.00171664 0.39807 -0.251971 -0.0030118
22 -0.000953674 0.544175 -1.52533 -1.54881 1.56157 -1.82937 0.765431 0.989953 0.000190738 0.0257496 -0.219921 -0.0722896 0.00247959 0.383955 -0.249546 -0.00209759 -0.198177 0.0474937 0.00171664 0.39807 -0.251971 -0.0030118
22 -0.000953674 0.544175 -1.52647 -1.54881 1.56424 -1.82937 0.765812 0.989953 0.000190738 0.0257496 -0.219921 -0.0722896 0.00247959 0.383955 -0.249546 -0.00209759 -0.198177 0.0474937 0.00171664 0.39807 -0.251971 -0.0030118
22 -0.000953674 0.544175 -1.52762 -1.54881 1.56653 -1.82975 0.766575 0.989953 0.000190738 0.0257496 -0.219921 -0.0722896 0.00247959 0.383955 -0.249546 -0.00209759 -0.198177 0.0474937 0.00171664 0.39807 -0.251971 -0.0030118
22 -0.000953674 0.544175 -1.52876 -1.54881 1.5692 -1.82975 0.766957 0.989953 0.000190738 0.0257496 -0.219921 -0.0722896 0.00247959 0.383955 -0.249546 -0.00209759 -0.198177 0.0474937 0.00171664 0.39807 -0.251971 -0.0030118
22 -0.000953674 0.544175 -1.53029 -1.54881 1.57111 -1.82975 0.76772 0.989953 0.000190738 0.0261311 -0.219921 -0.0722896 0.00247959 0.383955 -0.249546 -0.00209759 -0.198177 0.0474937 0.00171664 0.39807 -0.251971 -0.0030118
22 -0.000953674 0.544175 -1.53105 -1.54881 1.57378 -1.82975 0.768101 0.989953 0.000190738 0.0261311 -0.219921 -0.0722896 0.00247959 0.383955 -0.249546 -0.00209759 -0.198177 0.0474937 0.00171664 0.39807 -0.251971 -0.0030118
22 -0.000953674 0.544175 -1.5322 -1.54881 1.57645 -1.83013 0.768483 0.989953 0.000190738 0.0261311 -0.219921 -0.0722896 0.00247959 0.383955 -0.249546 -0.00209759 -0.198177 0.0474937 0.00171664 0.39807 -0.251971 -0.0030118
22 -0.000953674 0.544175 -1.53334 -1.54881 1.57836 -1.83013 0.768483 0.989953 0.000190738 0.0265126 -0.219921 -0.0722896 0.00247959 0.383955 -0.249546 -0.00209759 -0.198177 0.0474937 0.00171664 0.39807 -0.251971 -0.0030118
22 -0.000953674 0.544175 -1.53449 -1.54881 1.58026 -1.83013 0.768864 0.989953 0.000190738 0.0265126 -0.219921 -0.0722896 0.00247959 0.383955 -0.249343 -0.00252192 -0.198177 0.0474937 0.00171664 0.39807 -0.251971 -0.0030118
22 -0.000953674 0.544175 -1.53563 -1.54881 1.58293 -1.83013 0.769245 0.989953 0.000190738 0.0265126 -0.219921 -0.0722896 0.00247959 0.383955 -0.249546 -0.00209745 -0.198177 0.0474937 0.00171664 0.39807 -0.251971 -0.0030118
22 -0.000953674 0.544175 -1.53716 -1.5492 1.58484 -1.83013 0.769627 0.989953 0.000190738 0.026894 -0.219921 -0.0722896 0.00247959 0.383955 -0.249546 -0.00209759 -0.198177 0.0474937 0.00171664 0.39807 -0.251971 -0.0030118
22 -0.000953674 0.544175 -1.5383 -1.5492 1.58675 -1.83013 0.770008 0.989953 0.000190738 0.026894 -0.219921 -0.0722896 0.00247959 0.383955 -0.249546 -0.00209759 -0.198177 0.0474937 0.00171664 0.39807 -0.251971 -0.0030118
22 -0.000953674 0.543794 -1.53944 -1.5492 1.58904 -1.83051 0.770008 0.989953 0.000190738 0.026894 -0.219921 -0.0722896 0.00247959 0.383955 -0.249343 -0.00252192 -0.198177 0.0474937 0.00171664 0.39807 -0.251971 -0.0030118
22 -0.000953674 0.544175 -1.54059 -1.5492 1.59094 -1.83051 0.77039 0.989571 0.000190738 0.026894 -0.219921 -0.0722896 0.00247959 0.383955 -0.249343 -0.00252206 -0.198177 0.0474937 0.00171664 0.39807 -0.251971 -0.0030118
22 -0.000953674 0.543794 -1.54211 -1.54958 1.59285 -1.83051 0.770771 0.989571 0.000190738 0.026894 -0.219921 -0.0722896 0.00247959 0.383955 -0.249343 -0.00252206 -0.198177 0.0474937 0.00171664 0.39807 -0.251971 -0.0030118
22 -0.000953674 0.543794 -1.54326 -1.54958 1.59514 -1.83051 0.771153 0.989571 0.000190738 0.026894 -0.219921 -0.0722896 0.00247959 0.383955 -0.249546 -0.00209745 -0.198177 0.0478752 0.00171664 0.39807 -0.251971 -0.0030118
22 -0.000953674 0.543794 -1.5444 -1.54958 1.59667 -1.83051 0.771534 0.989571 0.000190738 0.026894 -0.219921 -0.0722896 0.00247959 0.383955 -0.249546 -0.00209759 -0.198177 0.0478752 0.00171664 0.39807 -0.251971 -0.0030118
22 -0.000953674 0.543794 -1.54555 -1.54958 1.59857 -1.83051 0.771534 0.989571 0.000190738 0.026894 -0.219921 -0.0722896 0.00247959 0.383955 -0.249546 -0.00209759 -0.198177 0.0478752 0.00171664 0.39807 -0.251971 -0.0030118
22 -0.000953674 0.543794 -1.54669 -1.54996 1.60048 -1.83051 0.771916 0.989571 0.000190738 0.026894 -0.219921 -0.0722896 0.00247959 0.383955 -0.249546 -0.00209759 -0.198177 0.0478752 0.00171664 0.39807 -0.251971 -0.0030118
22 -0.000953674 0.543794 -1.54784 -1.54996 1.60201 -1.83051 0.771916 0.98919 0.000190738 0.026894 -0.219921 -0.0722896 0.00247959 0.383955 -0.249546 -0.00209759 -0.198177 0.0478752 0.00171664 0.39807 -0.251971 -0.0030118
22 -0.000953674 0.543794 -1.54936 -1.55034 1.60353 -1.83051 0.772297 0.98919 0.000190738 0.026894 -0.219921 -0.0722896 0.00247959 0.383955 -0.249546 -0.00209759 -0.198177 0.0478752 0.00171664 0.39807 -0.251971 -0.0030118
22 -0.000953674 0.544175 -1.55051 -1.55072 1.60506 -1.83051 0.772297 0.98919 0.000190738 0.026894 -0.219921 -0.0722896 0.00247959 0.383955 -0.249546 -0.00209759 -0.198177 0.0478752 0.00171664 0.39807 -0.251971 -0.0030118
22 -0.000953674 0.544175 -1.55165 -1.55072 1.60735 -1.83013 0.772679 0.98919 0.000190738 0.0265126 -0.219921 -0.0722896 0.00247959 0.383955 -0.249546 -0.00209759 -0.198177 0.0478752 0.00171664 0.39807 -0.251971 -0.0030118
22 -0.000953674 0.543794 -1.5528 -1.5511 1.60849 -1.83013 0.772679 0.988808 0.000190738 0.026894 -0.219921 -0.0722896 0.00247959 0.383955 -0.249546 -0.00209759 -0.198177 0.0478752 0.00171664 0.39807 -0.251971 -0.0030118
22 -0.000953674 0.543794 -1.55356 -1.55148 1.61002 -1.83013 0.772679 0.988808 0.000190738 0.026894 -0.219921 -0.0722896 0.00247959 0.383955 -0.249343 -0.00252192 -0.198177 0.0478752 0.00171664 0.39807 -0.251971 -0.0030118
22 -0.000953674 0.543794 -1.55509 -1.55148 1.61154 -1.83013 0.77306 0.988808 0.000190738 0.026894 -0.219921 -0.0722896 0.00247959 0.383955 -0.249546 -0.00209745 -0.198177 0.0478752 0.00171664 0.39807 -0.251971 -0.0030118
22 -0.000953674 0.543794 -1.55585 -1.55187 1.61345 -1.83013 0.77306 0.988808 0.000190738 0.026894 -0.219921 -0.0722896 0.00247959 0.383955 -0.249546 -0.00209759 -0.198177 0.0478752 0.00171664 0.39807 -0.251971 -0.0030118
22 -0.000953674 0.543794 -1.55699 -1.55225 1.6146 -1.83013 0.77306 0.988427 0.000190738 0.026894 -0.219921 -0.0722896 0.00247959 0.383955 -0.249546 -0.00209759 -0.198177 0.0478752 0.00171664 0.39807 -0.251971 -0.0030118
22 -0.000953674 0.543794 -1.55814 -1.55225 1.61574 -1.83013 0.773442 0.988427 0.000190738 0.026894 -0.219921 -0.0722896 0.00247959 0.383955 -0.249546 -0.00209759 -0.198177 0.0478752 0.00171664 0.39807 -0.251971 -0.0030118
22 -0.000953674 0.543794 -1.5589 -1.55263 1.61727 -1.83013 0.773442 0.988427 0.000190738 0.026894 -0.219921 -0.0722896 0.00247959 0.383955 -0.249546 -0.00209759 -0.198177 0.0478752 0.00171664 0.39807 -0.251971 -0.0030118
22 -0.000953674 0.543794 -1.56004 -1.55263 1.61841 -1.83013 0.773442 0.988427 0.000190738 0.026894 -0.219921 -0.0722896 0.00247959 0.383955 -0.249546 -0.00209759 -0.198177 0.0478752 0.00171664 0.39807 -0.251971 -0.0030118
22 -0.000953674 0.543794 -1.56119 -1.55301 1.61994 -1.83013 0.773442 0.988045 0.000190738 0.026894 -0.219921 -0.0722896 0.00247959 0.383955 -0.249546 -0.00209759 -0.198177 0.0478752 0.00171664 0.39807 -0.251971 -0.0030118
22 -0.000953674 0.544175 -1.56233 -1.55301 1.62108 -1.83013 0.773823 0.988045 0.000190738 0.026894 -0.219921 -0.0722896 0.00247959 0.383955 -0.249343 -0.00252192 -0.198177 0.0478752 0.00171664 0.39807 -0.251971 -0.0030118
22 -0.000953674 0.543794 -1.5631 -1.55339 1.62261 -1.83013 0.773823 0.988045 0.000190738 0.026894 -0.219921 -0.0722896 0.00247959 0.383955 -0.249546 -0.00209745 -0.198177 0.0478752 0.00171664 0.39807 -0.251971 -0.0030118
22 -0.000953674 0.543794 -1.56424 -1.55339 1.62375 -1.83013 0.773823 0.988045 0.000190738 0.026894 -0.219921 -0.0722896 0.00247959 0.383955 -0.249546 -0.00209759 -0.198177 0.0478752 0.00171664 0.39807 -0.251971 -0.0030118
22 -0.000953674 0.543794 -1.565 -1.55377 1.62528 -1.83013 0.773823 0.987664 0.000190738 0.026894 -0.219921 -0.0722896 0.00247959 0.383955 -0.249343 -0.00252192 -0.198177 0.0478752 0.00171664 0.39807 -0.251971 -0.0030118
22 -0.000953674 0.543794 -1.56615 -1.55377 1.62642 -1.83013 0.774205 0.987664 0.000190738 0.026894 -0.219921 -0.0722896 0.00247959 0.383955 -0.249546 -0.00209745 -0.198177 0.0478752 0.00171664 0.39807 -0.251971 -0.0030118
22 -0.000953674 0.543794 -1.56729 -1.55415 1.62757 -1.83013 0.774205 0.987664 0.000190738 0.026894 -0.219921 -0.0722896 0.00247959 0.383955 -0.249546 -0.00209759 -0.198177 0.0478752 0.00171664 0.39807 -0.251971 -0.0030118
22 -0.000953674 0.543794 -1.56806 -1.55415 1.62833 -1.83013 0.774205 0.987664 0.000190738 0.026894 -0.219921 -0.0722896 0.00247959 0.383955 -0.249546 -0.00209759 -0.198177 0.0478752 0.00171664 0.39807 -0.251971 -0.0030118
22 -0.000953674 0.543794 -1.56882 -1.55415 1.62947 -1.83013 0.774205 0.987664 0.000190738 0.026894 -0.219921 -0.0722896 0.00247959 0.383955 -0.249546 -0.00209759 -0.198177 0.0478752 0.00171664 0.39807 -0.251971 -0.0030118
22 -0.000953674 0.543794 -1.56958 -1.55454 1.63062 -1.83013 0.774586 0.987282 0.000190738 0.026894 -0.219921 -0.0722896 0.00247959 0.383955 -0.249546 -0.00209759 -0.198177 0.0478752 0.00171664 0.39807 -0.251971 -0.0030118
22 -0.000953674 0.543794 -1.57034 -1.55454 1.63214 -1.82975 0.774586 0.987282 0.000190738 0.026894 -0.219921 -0.0722896 0.00247959 0.383955 -0.249546 -0.00209759 -0.198177 0.0478752 0.00171664 0.39807 -0.251971 -0.0030118
22 -0.000953674 0.543794 -1.57111 -1.55454 1.63329 -1.82975 0.774586 0.987282 0.000190738 0.026894 -0.219921 -0.0722896 0.00247959 0.383955 -0.249343 -0.00252192 -0.198177 0.0478752 0.00171664 0.39807 -0.251971 -0.0030118
22 -0.000953674 0.543794 -1.57187 -1.55492 1.63405 -1.82975 0.774586 0.987282 0.000190738 0.026894 -0.219921 -0.0722896 0.00247959 0.383955 -0.249546 -0.00209745 -0.198177 0.0482567 0.00171664 0.39807 -0.251971 -0.0030118
22 -0.000953674 0.543794 -1.57263 -1.55492 1.63519 -1.82975 0.774586 0.987282 0.000572213 0.026894 -0.219921 -0.0722896 0.00247959 0.383955 -0.249546 -0.00209759 -0.198177 0.0482567 0.00171664 0.39807 -0.251971 -0.0030118
22 -0.000953674 0.543794 -1.57378 -1.55492 1.63596 -1.82975 0.774586 0.986901 0.000572213 0.026894 -0.219921 -0.0722896 0.00247959 0.383955 -0.249546 -0.00209759 -0.198177 0.0482567 0.00171664 0.39807 -0.251971 -0.0030118
22 -0.000953674 0.543794 -1.57454 -1.5553 1.6371 -1.82975 0.774968 0.986901 0.000572213 0.026894 -0.219921 -0.0722896 0.00247959 0.383955 -0.249546 -0.00209759 -0.198177 0.0482567 0.00171664 0.39807 -0.251971 -0.0030118
22 -0.000953674 0.543794 -1.5753 -1.5553 1.63825 -1.82975 0.774968 0.986901 0.000572213 0.026894 -0.219921 -0.0722896 0.00247959 0.383955 -0.249546 -0.00209759 -0.198177 0.0482567 0.00171664 0.39807 -0.251971 -0.0030118
22 -0.000953674 0.543794 -1.57607 -1.5553 1.63901 -1.82975 0.774968 0.986519 0.000572213 0.026894 -0.219921 -0.0719081 0.00247959 0.383955 -0.249546 -0.00209759 -0.198177 0.0482567 0.00171664 0.39807 -0.251971 -0.0030118
22 -0.000953674 0.543794 -1.57721 -1.55568 1.63977 -1.82937 0.774968 0.986519 0.000572213 0.026894 -0.219921 -0.0719081 0.00247959 0.383955 -0.249546 -0.00209759 -0.198177 0.0482567 0.00171664 0.39807 -0.251971 -0.0030118
22 -0.000953674 0.543794 -1.57759 -1.55568 1.64054 -1.82937 0.774968 0.986519 0.000572213 0.026894 -0.219921 -0.0719081 0.00247959 0.383955 -0.249546 -0.00209759 -0.198177 0.0482567 0.00171664 0.39807 -0.251971 -0.0030118
22 -0.000953674 0.543794 -1.57836 -1.55606 1.64168 -1.82937 0.774968 0.986519 0.000572213 0.026894 -0.219921 -0.0719081 0.00247959 0.383955 -0.249546 -0.00209759 -0.198177 0.0486381 0.00171664 0.39807 -0.251971 -0.0030118
22 -0.000953674 0.543794 -1.57912 -1.55606 1.64244 -1.82937 0.774968 0.986138 0.000572213 0.026894 -0.219921 -0.0719081 0.00247959 0.383955 -0.249546 -0.00209759 -0.198177 0.0486381 0.00171664 0.39807 -0.251971 -0.0030118
22 -0.000953674 0.543794 -1.57988 -1.55644 1.64321 -1.82937 0.774968 0.986138 0.000572213 0.026894 -0.219921 -0.0719081 0.00247959 0.383955 -0.249343 -0.00252192 -0.198177 0.0486381 0.00171664 0.39807 -0.251971 -0.0030118
22 -0.000953674 0.543794 -1.58064 -1.55644 1.64435 -1.82937 0.774968 0.986138 0.000572213 0.026894 -0.219921 -0.0719081 0.00247959 0.383955 -0.249546 -0.00209745 -0.198177 0.0486381 0.00171664 0.39807 -0.251971 -0.0030118
22 -0.000953674 0.543412 -1.58103 -1.55683 1.64511 -1.82937 0.774968 0.985756 0.000572213 0.026894 -0.219921 -0.0719081 0.00247959 0.383955 -0.249546 -0.00209759 -0.198177 0.0490196 0.00171664 0.39807 -0.251971 -0.0030118
22 -0.000953674 0.543412 -1.58179 -1.55683 1.64588 -1.82937 0.774968 0.985756 0.000572213 0.026894 -0.219921 -0.0719081 0.00247959 0.383955 -0.249546 -0.00209759 -0.198177 0.0490196 0.00171664 0.39807 -0.251971 -0.0030118
22 -0.000953674 0.543412 -1.58255 -1.55683 1.64664 -1.82937 0.775349 0.985756 0.000572213 0.026894 -0.219921 -0.0719081 0.00247959 0.383955 -0.249546 -0.00209759 -0.198177 0.0490196 0.00171664 0.39807 -0.251971 -0.0030118
22 -0.000572205 0.543412 -1.58331 -1.55721 1.6474 -1.82937 0.775349 0.985756 0.000572213 0.026894 -0.219921 -0.0719081 0.00247959 0.383955 -0.249546 -0.00209759 -0.198177 0.0490196 0.00171664 0.39807 -0.251971 -0.0030118
22 -0.000572205 0.543412 -1.58408 -1.55721 1.64817 -1.82937 0.775349 0.985756 0.000572213 0.026894 -0.219921 -0.0719081 0.00247959 0.383955 -0.249546 -0.00209759 -0.198177 0.0490196 0.00171664 0.39807 -0.251971 -0.0030118
22 -0.000953674 0.543412 -1.58446 -1.55721 1.64893 -1.82937 0.775349 0.985756 0.000572213 0.026894 -0.219921 -0.0719081 0.00247959 0.383955 -0.249546 -0.00209759 -0.198177 0.0490196 0.00171664 0.39807 -0.251971 -0.0030118
22 -0.000572205 0.543412 -1.58522 -1.55759 1.64969 -1.82937 0.775349 0.985756 0.000572213 0.026894 -0.219921 -0.0719081 0.00247959 0.383955 -0.249546 -0.00209759 -0.198177 0.0490196 0.00171664 0.39807 -0.251805 -0.00341091
22 -0.000572205 0.543412 -1.58598 -1.55759 1.65007 -1.82937 0.775349 0.985375 0.000572213 0.026894 -0.219921 -0.0719081 0.00247959 0.383955 -0.249546 -0.00209759 -0.198177 0.0490196 0.00171664 0.39807 -0.251971 -0.00301137
22 -0.000953674 0.543412 -1.58675 -1.55759 1.65084 -1.82975 0.775349 0.985375 0.000572213 0.026894 -0.219921 -0.0719081 0.00247959 0.383955 -0.249546 -0.00209759 -0.198177 0.0490196 0.00171664 0.39807 -0.251971 -0.0030118
22 -0.000953674 0.543412 -1.58751 -1.55759 1.65122 -1.82975 0.775349 0.985375 0.000572213 0.026894 -0.219921 -0.0719081 0.00247959 0.383955 -0.249546 -0.00209759 -0.198177 0.0494011 0.00171664 0.39807 -0.251971 -0.0030118
22 -0.000953674 0.543412 -1.58827 -1.55759 1.6516 -1.82975 0.775349 0.985375 0.000572213 0.026894 -0.219921 -0.0719081 0.00247959 0.383955 -0.249546 -0.00209759 -0.198177 0.0494011 0.00171664 0.39807 -0.251971 -0.0030118
22 -0.000572205 0.543412 -1.58865 -1.55759 1.65236 -1.82975 0.775731 0.984993 0.000572213 0.026894 -0.219921 -0.0719081 0.00247959 0.383955 -0.249546 -0.00209759 -0.198177 0.0494011 0.00171664 0.39807 -0.251971 -0.0030118
22 -0.000953674 0.543412 -1.58942 -1.55759 1.65274 -1.82975 0.775731 0.984993 0.000572213 0.026894 -0.219921 -0.0719081 0.00247959 0.383955 -0.249546 -0.00209759 -0.198177 0.0494011 0.00171664 0.39807 -0.251971 -0.0030118
22 -0.000953674 0.543031 -1.5898 -1.55759 1.65312 -1.82975 0.775731 0.984993 0.000572213 0.026894 -0.219921 -0.0719081 0.00247959 0.383955 -0.249546 -0.00209759 -0.198177 0.0494011 0.00171664 0.39807 -0.251971 -0.0030118
22 -0.000953674 0.543412 -1.59018 -1.55759 1.65389 -1.82975 0.775731 0.984612 0.000572213 0.026894 -0.219921 -0.0719081 0.00247959 0.383955 -0.249546 -0.00209759 -0.198177 0.0494011 0.00171664 0.39807 -0.251971 -0.0030118
22 -0.000953674 0.543412 -1.59056 -1.55797 1.65427 -1.82975 0.775731 0.984612 0.000572213 0.026894 -0.219921 -0.0719081 0.00247959 0.383955 -0.249546 -0.00209759 -0.198177 0.0494011 0.00171664 0.39807 -0.251971 -0.0030118
22 -0.000953674 0.543031 -1.59133 -1.55797 1.65465 -1.82975 0.775731 0.984612 0.000572213 0.026894 -0.219921 -0.0719081 0.00247959 0.383955 -0.249546 -0.00209759 -0.198177 0.0494011 0.00171664 0.39807 -0.251971 -0.0030118
22 -0.000953674 0.543412 -1.59171 -1.55797 1.65541 -1.82975 0.775731 0.984231 0.000572213 0.026894 -0.219921 -0.0719081 0.00247959 0.383955 -0.249546 -0.00209759 -0.198177 0.0494011 0.00171664 0.39807 -0.251971 -0.0030118
22 -0.000953674 0.543031 -1.59247 -1.55797 1.65579 -1.82975 0.776112 0.983849 0.000572213 0.026894 -0.219921 -0.0719081 0.00247959 0.383955 -0.249546 -0.00209759 -0.198177 0.0494011 0.00171664 0.39807 -0.251971 -0.0030118
22 -0.000953674 0.543412 -1.59285 -1.55797 1.65656 -1.82975 0.776112 0.983849 0.000572213 0.026894 -0.219921 -0.0719081 0.00247959 0.383955 -0.249546 -0.00209759 -0.198177 0.0494011 0.00171664 0.39807 -0.251971 -0.0030118
22 -0.000953674 0.543031 -1.59323 -1.55797 1.65732 -1.82975 0.776112 0.983468 0.000572213 0.026894 -0.219921 -0.0719081 0.00247959 0.383955 -0.249546 -0.00209759 -0.198177 0.0494011 0.00171664 0.39807 -0.251971 -0.0030118
22 -0.000953674 0.543031 -1.59361 -1.55797 1.6577 -1.82975 0.776112 0.983468 0.000572213 0.026894 -0.219921 -0.0719081 0.00247959 0.383955 -0.249546 -0.00209759 -0.198177 0.0494011 0.00171664 0.39807 -0.251971 -0.0030118
22 -0.000953674 0.543031 -1.594 -1.55797 1.65808 -1.82975 0.776493 0.983086 0.000572213 0.026894 -0.219921 -0.0719081 0.00247959 0.383955 -0.249546 -0.00209759 -0.198177 0.0494011 0.00171664 0.39807 -0.251971 -0.0030118
22 -0.000572205 0.543031 -1.59476 -1.55797 1.65846 -1.82975 0.776493 0.982705 0.000572213 0.026894 -0.219921 -0.0719081 0.00247959 0.383955 -0.249546 -0.00209759 -0.198177 0.0494011 0.00171664 0.39807 -0.251971 -0.0030118
22 -0.000953674 0.543031 -1.59514 -1.55797 1.65885 -1.82975 0.776493 0.982705 0.000572213 0.026894 -0.219921 -0.0719081 0.00247959 0.383955 -0.249546 -0.00209759 -0.198177 0.0494011 0.00171664 0.39807 -0.251971 -0.0030118
22 -0.000572205 0.543031 -1.59552 -1.55797 1.65923 -1.82975 0.776875 0.982705 0.000572213 0.026894 -0.219921 -0.0719081 0.00247959 0.383955 -0.249546 -0.00209759 -0.198177 0.0494011 0.00171664 0.39807 -0.251971 -0.0030118
22 -0.000953674 0.543031 -1.5959 -1.55797 1.65999 -1.82975 0.776875 0.982323 0.000572213 0.026894 -0.219921 -0.0719081 0.00247959 0.383955 -0.249546 -0.00209759 -0.198177 0.0494011 0.00171664 0.39807 -0.251971 -0.0030118
22 -0.000953674 0.542649 -1.59628 -1.55797 1.66037 -1.82975 0.777256 0.982323 0.000572213 0.026894 -0.219921 -0.0719081 0.00247959 0.383955 -0.249546 -0.00209759 -0.198177 0.0494011 0.00171664 0.39807 -0.251971 -0.0030118
22 -0.000953674 0.542649 -1.59705 -1.55797 1.66075 -1.82975 0.777256 0.982323 0.000572213 0.026894 -0.219921 -0.0719081 0.00247959 0.383955 -0.249546 -0.00209759 -0.198177 0.0494011 0.00171664 0.39807 -0.251971 -0.0030118
22 -0.000953674 0.542649 -1.59743 -1.55797 1.66114 -1.82975 0.777256 0.982323 0.000572213 0.026894 -0.219921 -0.0719081 0.00247959 0.383955 -0.249546 -0.00209759 -0.198177 0.0494011 0.00171664 0.39807 -0.251971 -0.0030118
22 -0.000953674 0.542268 -1.59781 -1.55797 1.66114 -1.82975 0.777638 0.981942 0.000572213 0.026894 -0.219921 -0.0719081 0.00247959 0.383955 -0.249546 -0.00209759 -0.198177 0.0494011 0.00171664 0.39807 -0.251971 -0.0030118
22 -0.000953674 0.542268 -1.59819 -1.55797 1.66152 -1.82975 0.777638 0.981942 0.000572213 0.026894 -0.219921 -0.0719081 0.00247959 0.383955 -0.249546 -0.00209759 -0.198177 0.0494011 0.00171664 0.39807 -0.251971 -0.0030118
22 -0.000953674 0.542268 -1.59895 -1.55797 1.66228 -1.82975 0.777638 0.981942 0.000572213 0.026894 -0.219921 -0.0719081 0.00247959 0.383955 -0.249546 -0.00209759 -0.198177 0.0494011 0.00171664 0.39807 -0.251971 -0.0030118
22 -0.000953674 0.542268 -1.59934 -1.55797 1.66266 -1.82975 0.777638 0.981942 0.000572213 0.026894 -0.219921 -0.0719081 0.00247959 0.383955 -0.249546 -0.00209759 -0.198177 0.0494011 0.00171664 0.39807 -0.251971 -0.0030118
22 -0.000953674 0.542268 -1.59972 -1.55797 1.66266 -1.82975 0.778019 0.981942 0.000572213 0.026894 -0.219921 -0.0719081 0.00247959 0.383955 -0.249546 -0.00209759 -0.198177 0.0497826 0.00171664 0.39807 -0.251971 -0.0030118
22 -0.000953674 0.541886 -1.6001 -1.55797 1.66304 -1.82975 0.778019 0.981942 0.000572213 0.026894 -0.219921 -0.0719081 0.00247959 0.383955 -0.249546 -0.00209759 -0.198177 0.0497826 0.00171664 0.39807 -0.251971 -0.0030118
22 -0.000953674 0.541886 -1.60048 -1.55797 1.66342 -1.82975 0.778019 0.981942 0.000572213 0.026894 -0.219921 -0.0719081 0.00247959 0.383955 -0.249546 -0.00209759 -0.198177 0.0497826 0.00171664 0.39807 -0.251971 -0.0030118
22 -0.000953674 0.541886 -1.60086 -1.55797 1.66342 -1.82975 0.778401 0.981942 0.000572213 0.026894 -0.219921 -0.0719081 0.00247959 0.383955 -0.249546 -0.00209759 -0.198177 0.0497826 0.00171664 0.39807 -0.251971 -0.0030118
22 -0.000953674 0.541886 -1.60163 -1.55797 1.66381 -1.82975 0.778401 0.981942 0.000572213 0.026894 -0.219921 -0.0719081 0.00247959 0.383955 -0.249546 -0.00209759 -0.198177 0.0497826 0.00171664 0.39807 -0.251971 -0.0030118
22 -0.000953674 0.541886 -1.60201 -1.55797 1.66381 -1.82975 0.778401 0.981942 0.000572213 0.026894 -0.219921 -0.0719081 0.00247959 0.383955 -0.249546 -0.00209759 -0.198177 0.0497826 0.00171664 0.39807 -0.251971 -0.0030118
22 -0.000953674 0.541886 -1.60239 -1.55797 1.66419 -1.82975 0.778782 0.981942 0.000572213 0.026894 -0.219921 -0.0719081 0.00209812 0.383955 -0.249343 -0.00252192 -0.198177 0.0497826 0.00133516 0.39807 -0.251971 -0.0030118
22 -0.000953674 0.541886 -1.60239 -1.55797 1.66419 -1.82975 0.778782 0.981942 0.000572213 0.026894 -0.219921 -0.0719081 0.00247959 0.383955 -0.249546 -0.00209745 -0.198177 0.0497826 0.00133516 0.39807 -0.251971 -0.0030118
22 -0.000953674 0.541505 -1.60277 -1.55797 1.66419 -1.82975 0.779164 0.981942 0.000572213 0.026894 -0.219921 -0.0719081 0.00209812 0.383955 -0.249546 -0.00209759 -0.198177 0.0497826 0.00133516 0.39807 -0.251971 -0.0030118
22 -0.000953674 0.541505 -1.60315 -1.55797 1.66457 -1.82975 0.779164 0.981942 0.000572213 0.026894 -0.219921 -0.0719081 0.00209812 0.383955 -0.249546 -0.00209759 -0.198177 0.0497826 0.00133516 0.39807 -0.251971 -0.0030118
22 -0.000953674 0.541505 -1.60353 -1.55797 1.66457 -1.82975 0.779164 0.981942 0.000572213 0.026894 -0.219921 -0.0719081 0.00247959 0.383955 -0.249546 -0.00209759 -0.198177 0.0497826 0.00133516 0.39807 -0.251971 -0.0030118
22 -0.000953674 0.541505 -1.60391 -1.55797 1.66457 -1.82975 0.779545 0.981942 0.000572213 0.026894 -0.219921 -0.0719081 0.00247959 0.383955 -0.249546 -0.00209759 -0.198177 0.0497826 0.00133516 0.39807 -0.251971 -0.0030118
22 -0.000953674 0.541505 -1.6043 -1.55797 1.66457 -1.82975 0.779545 0.981942 0.000572213 0.026894 -0.219921 -0.0719081 0.00247959 0.383955 -0.249546 -0.00209759 -0.198177 0.0497826 0.00133516 0.39807 -0.251971 -0.0030118
22 -0.000953674 0.541505 -1.60468 -1.55797 1.66457 -1.82975 0.779545 0.981942 0.000572213 0.026894 -0.219921 -0.0719081 0.00247959 0.383955 -0.249546 -0.00209759 -0.198177 0.0497826 0.00133516 0.39807 -0.251971 -0.0030118
22 -0.000953674 0.541505 -1.60506 -1.55797 1.66495 -1.82975 0.779545 0.981942 0.000572213 0.026894 -0.219921 -0.0719081 0.00247959 0.383955 -0.249546 -0.00209759 -0.198177 0.0497826 0.00133516 0.39807 -0.251971 -0.0030118
22 -0.000953674 0.541505 -1.60544 -1.55797 1.66495 -1.82975 0.779927 0.981942 0.000572213 0.026894 -0.219921 -0.0719081 0.00247959 0.383955 -0.249546 -0.00209759 -0.198177 0.0497826 0.00133516 0.39807 -0.251971 -0.0030118
22 -0.000953674 0.541505 -1.60544 -1.55797 1.66495 -1.82975 0.779927 0.981942 0.000572213 0.026894 -0.219921 -0.0719081 0.00247959 0.383955 -0.249546 -0.00209759 -0.198177 0.0497826 0.00133516 0.39807 -0.251971 -0.0030118
22 -0.000953674 0.541505 -1.60582 -1.55797 1.66495 -1.82975 0.779927 0.981942 0.000572213 0.026894 -0.219921 -0.0719081 0.00247959 0.383955 -0.249546 -0.00209759 -0.198177 0.0497826 0.00171664 0.39807 -0.251971 -0.0030118
22 -0.000953674 0.541505 -1.6062 -1.55797 1.66495 -1.82975 0.779927 0.98156 0.000572213 0.026894 -0.219921 -0.0719081 0.00247959 0.383955 -0.249546 -0.00209759 -0.198177 0.0497826 0.00133516 0.39807 -0.251971 -0.0030118
22 -0.000953674 0.541123 -1.60658 -1.55797 1.66495 -1.82975 0.779927 0.98156 0.000572213 0.026894 -0.219921 -0.0719081 0.00247959 0.383955 -0.249546 -0.00209759 -0.198177 0.0497826 0.00133516 0.39807 -0.251971 -0.0030118
22 -0.000572205 0.541123 -1.60697 -1.55797 1.66495 -1.82975 0.779927 0.98156 0.000572213 0.026894 -0.219921 -0.0715267 0.00209812 0.383955 -0.249546 -0.00209759 -0.198177 0.0497826 0.00133516 0.39807 -0.251971 -0.0030118
22 -0.000953674 0.541123 -1.60735 -1.55797 1.66495 -1.82975 0.779927 0.98156 0.000572213 0.026894 -0.219921 -0.0715267 0.00247959 0.383955 -0.249546 -0.00209759 -0.198177 0.0497826 0.00133516 0.39807 -0.251971 -0.0030118
22 -0.000953674 0.541123 -1.60773 -1.55797 1.66495 -1.82975 0.779927 0.98156 0.000572213 0.026894 -0.219921 -0.0715267 0.00209812 0.383955 -0.249546 -0.00209759 -0.198177 0.0497826 0.00133516 0.39807 -0.251971 -0.0030118
22 -0.000953674 0.541123 -1.60811 -1.55797 1.66495 -1.82975 0.779927 0.98156 0.000572213 0.026894 -0.219921 -0.0715267 0.00247959 0.383955 -0.249546 -0.00209759 -0.198177 0.0497826 0.00133516 0.39807 -0.251971 -0.0030118
22 -0.000953674 0.541123 -1.60811 -1.55797 1.66495 -1.82975 0.779927 0.98156 0.000572213 0.026894 -0.219921 -0.0715267 0.00247959 0.383955 -0.249546 -0.00209759 -0.198177 0.0497826 0.00133516 0.39807 -0.251971 -0.0030118
22 -0.000953674 0.541123 -1.60849 -1.55797 1.66533 -1.82975 0.779927 0.98156 0.000572213 0.026894 -0.219921 -0.0715267 0.00209812 0.383955 -0.249546 -0.00209759 -0.198177 0.0497826 0.00133516 0.39807 -0.251971 -0.0030118
22 -0.000953674 0.541123 -1.60887 -1.55797 1.66533 -1.82975 0.779927 0.98156 0.000572213 0.026894 -0.219921 -0.0715267 0.00209812 0.383955 -0.249546 -0.00209759 -0.198177 0.0497826 0.00133516 0.39807 -0.251971 -0.0030118
22 -0.000953674 0.541123 -1.60925 -1.55797 1.66533 -1.82975 0.779927 0.98156 0.000572213 0.026894 -0.219921 -0.0715267 0.00247959 0.383955 -0.249546 -0.00209759 -0.198177 0.0497826 0.00133516 0.39807 -0.251971 -0.0030118
22 -0.000953674 0.541123 -1.60964 -1.55797 1.66533 -1.82975 0.779927 0.98156 0.000572213 0.026894 -0.219921 -0.0715267 0.00209812 0.383955 -0.249546 -0.00209759 -0.198177 0.0497826 0.00133516 0.39807 -0.251971 -0.0030118
22 -0.000953674 0.541123 -1.60964 -1.55797 1.66533 -1.82975 0.779927 0.98156 0.000572213 0.026894 -0.219921 -0.0715267 0.00209812 0.383955 -0.249546 -0.00209759 -0.198177 0.0497826 0.00133516 0.39807 -0.251971 -0.0030118
22 -0.000953674 0.541123 -1.6104 -1.55797 1.66571 -1.82975 0.779927 0.98156 0.000572213 0.026894 -0.219921 -0.0715267 0.00209812 0.383955 -0.249546 -0.00209759 -0.198177 0.0497826 0.00133516 0.39807 -0.251971 -0.0030118
22 -0.000953674 0.541123 -1.61078 -1.55797 1.66571 -1.82975 0.779927 0.98156 0.000572213 0.026894 -0.219921 -0.0715267 0.00209812 0.383955 -0.249546 -0.00209759 -0.198177 0.050164 0.00133516 0.39807 -0.251971 -0.0030118
22 -0.000953674 0.541123 -1.61116 -1.55797 1.66571 -1.82975 0.779927 0.98156 0.000572213 0.026894 -0.219921 -0.0711452 0.00209812 0.383955 -0.249546 -0.00209759 -0.198177 0.050164 0.00133516 0.39807 -0.251971 -0.0030118
22 -0.000953674 0.541123 -1.61154 -1.55797 1.66609 -1.82975 0.779927 0.98156 0.000572213 0.026894 -0.219921 -0.0711452 0.00209812 0.383955 -0.249546 -0.00209759 -0.198177 0.050164 0.00133516 0.39807 -0.251971 -0.0030118
22 -0.000953674 0.541123 -1.61192 -1.55797 1.66609 -1.82975 0.779927 0.98156 0.000572213 0.026894 -0.219921 -0.0711452 0.00209812 0.383955 -0.249546 -0.00209759 -0.198177 0.050164 0.00133516 0.39807 -0.251971 -0.0030118
22 -0.000953674 0.541123 -1.61192 -1.55797 1.66609 -1.82975 0.779927 0.98156 0.000572213 0.0272755 -0.219921 -0.0711452 0.00209812 0.383955 -0.249546 -0.00209759 -0.198177 0.050164 0.00133516 0.39807 -0.251971 -0.0030118
22 -0.000953674 0.541123 -1.61231 -1.55797 1.66648 -1.82975 0.779927 0.98156 0.000572213 0.0272755 -0.219921 -0.0711452 0.00209812 0.383955 -0.249546 -0.00209759 -0.198177 0.050164 0.00133516 0.39807 -0.251971 -0.0030118
22 -0.000953674 0.541123 -1.61269 -1.55797 1.66648 -1.82975 0.779927 0.98156 0.000572213 0.0272755 -0.219921 -0.0711452 0.00209812 0.383955 -0.249546 -0.00209759 -0.198177 0.050164 0.00133516 0.39807 -0.251971 -0.0030118
22 -0.000953674 0.541123 -1.61345 -1.55797 1.66686 -1.82975 0.779927 0.98156 0.000572213 0.0272755 -0.219921 -0.0711452 0.00209812 0.383955 -0.249546 -0.00209759 -0.198177 0.050164 0.00133516 0.39807 -0.251971 -0.0030118
22 -0.000953674 0.541123 -1.61383 -1.55797 1.66686 -1.82975 0.779545 0.98156 0.000572213 0.0272755 -0.219921 -0.0707637 0.00209812 0.383955 -0.249546 -0.00209759 -0.198177 0.050164 0.00133516 0.39807 -0.251971 -0.0030118
22 -0.000953674 0.541123 -1.61421 -1.55797 1.66724 -1.82975 0.779545 0.98156 0.000572213 0.0272755 -0.219921 -0.0707637 0.00209812 0.383955 -0.249546 -0.00209759 -0.198177 0.050164 0.00133516 0.39807 -0.251971 -0.0030118
22 -0.000953674 0.541123 -1.6146 -1.55797 1.66724 -1.82975 0.779545 0.98156 0.000572213 0.0272755 -0.219921 -0.0707637 0.00209812 0.383955 -0.249546 -0.00209759 -0.198177 0.050164 0.00133516 0.39807 -0.251971 -0.0030118
22 -0.000953674 0.541123 -1.61498 -1.55797 1.66762 -1.82975 0.779545 0.98156 0.000572213 0.0272755 -0.219921 -0.0707637 0.00247959 0.383955 -0.249546 -0.00209759 -0.198177 0.050164 0.00133516 0.39807 -0.251971 -0.0030118
22 -0.000953674 0.541123 -1.61498 -1.55797 1.668 -1.82975 0.779545 0.98156 0.000572213 0.0272755 -0.219921 -0.0707637 0.00247959 0.383955 -0.249546 -0.00209759 -0.198177 0.050164 0.00133516 0.39807 -0.251971 -0.0030118
22 -0.000953674 0.541123 -1.61536 -1.55797 1.66838 -1.82975 0.779545 0.98156 0.000572213 0.0272755 -0.219921 -0.0707637 0.00247959 0.383955 -0.249546 -0.00209759 -0.198177 0.050164 0.00133516 0.39807 -0.251971 -0.0030118
22 -0.000953674 0.541123 -1.61612 -1.55797 1.66876 -1.82975 0.779545 0.98156 0.000572213 0.0272755 -0.219921 -0.0703822 0.00247959 0.383955 -0.249546 -0.00209759 -0.198177 0.0505455 0.00133516 0.39807 -0.251971 -0.0030118
22 -0.000953674 0.541123 -1.6165 -1.55797 1.66915 -1.82975 0.779545 0.98156 0.000572213 0.0272755 -0.219921 -0.0703822 0.00247959 0.383955 -0.249546 -0.00209759 -0.198177 0.0505455 0.00133516 0.39807 -0.251971 -0.0030118
22 -0.000953674 0.541123 -1.61688 -1.55797 1.66953 -1.82975 0.779545 0.98156 0.000572213 0.0272755 -0.219921 -0.0703822 0.00247959 0.383955 -0.249546 -0.00209759 -0.198177 0.0505455 0.00133516 0.39807 -0.251971 -0.0030118
22 -0.000953674 0.541123 -1.61727 -1.55759 1.66991 -1.82975 0.779545 0.98156 0.000572213 0.0272755 -0.219921 -0.0703822 0.00247959 0.383955 -0.249546 -0.00209759 -0.198177 0.0505455 0.00133516 0.39807 -0.251971 -0.0030118
22 -0.000953674 0.541123 -1.61765 -1.55759 1.66991 -1.82975 0.779545 0.98156 0.000572213 0.0272755 -0.219921 -0.0703822 0.00247959 0.383955 -0.249546 -0.00209759 -0.198177 0.0505455 0.00133516 0.39807 -0.251971 -0.0030118
22 -0.000953674 0.541123 -1.61803 -1.55759 1.67029 -1.82975 0.779545 0.98156 0.000572213 0.0272755 -0.219921 -0.0703822 0.00209812 0.383955 -0.249546 -0.00209759 -0.198177 0.0505455 0.00133516 0.39807 -0.251971 -0.0030118
22 -0.000953674 0.541123 -1.61803 -1.55759 1.67067 -1.82975 0.779545 0.98156 0.000572213 0.0272755 -0.219921 -0.0703822 0.00209812 0.383955 -0.249546 -0.00209759 -0.198177 0.0505455 0.00133516 0.39807 -0.251971 -0.0030118
22 -0.000953674 0.541123 -1.61841 -1.55759 1.67105 -1.82975 0.779545 0.98156 0.000572213 0.0272755 -0.219921 -0.0700008 0.00209812 0.383955 -0.249546 -0.00209759 -0.198177 0.050927 0.00133516 0.39807 -0.251971 -0.0030118
22 -0.000953674 0.541123 -1.61879 -1.55797 1.67105 -1.82975 0.779545 0.98156 0.000572213 0.0272755 -0.219921 -0.0700008 0.00209812 0.383955 -0.249546 -0.00209759 -0.198177 0.050927 0.00133516 0.39807 -0.251971 -0.0030118
22 -0.000953674 0.541123 -1.61917 -1.55759 1.67144 -1.82975 0.779545 0.98156 0.000572213 0.0272755 -0.219921 -0.0700008 0.00209812 0.383955 -0.249546 -0.00209759 -0.198177 0.050927 0.00133516 0.39807 -0.251971 -0.0030118
22 -0.000953674 0.541123 -1.61955 -1.55797 1.67144 -1.82975 0.779545 0.98156 0.000572213 0.0272755 -0.219921 -0.0700008 0.00209812 0.383955 -0.249546 -0.00209759 -0.198177 0.050927 0.00133516 0.39807 -0.251971 -0.0030118
22 -0.000953674 0.541123 -1.61994 -1.55797 1.67182 -1.82975 0.779545 0.98156 0.000572213 0.0272755 -0.219921 -0.0700008 0.00209812 0.383955 -0.249546 -0.00209759 -0.198177 0.050927 0.00133516 0.39807 -0.251971 -0.0030118
22 -0.000953674 0.541123 -1.62032 -1.55797 1.6722 -1.82975 0.779545 0.98156 0.000572213 0.0272755 -0.219921 -0.0700008 0.00209812 0.383955 -0.249546 -0.00209759 -0.198177 0.050927 0.00133516 0.39807 -0.251971 -0.0030118
22 -0.000572205 0.541123 -1.6207 -1.55759 1.6722 -1.82975 0.779545 0.98156 0.000572213 0.0272755 -0.219921 -0.0696193 0.00247959 0.383955 -0.249546 -0.00209759 -0.198177 0.050927 0.00133516 0.39807 -0.251971 -0.0030118
22 -0.000953674 0.540742 -1.62108 -1.55797 1.67258 -1.82975 0.779545 0.98156 0.000572213 0.0272755 -0.219921 -0.0696193 0.00247959 0.383955 -0.249546 -0.00209759 -0.198177 0.050927 0.00133516 0.39807 -0.251971 -0.0030118
22 -0.000953674 0.541123 -1.62108 -1.55759 1.67258 -1.82975 0.779545 0.98156 0.000572213 0.0272755 -0.219921 -0.0696193 0.00247959 0.383955 -0.249546 -0.00209759 -0.198177 0.050927 0.00133516 0.39807 -0.251971 -0.0030118
22 -0.000953674 0.540742 -1.62146 -1.55759 1.67296 -1.82975 0.779545 0.98156 0.000572213 0.0272755 -0.219921 -0.0692378 0.00247959 0.383955 -0.249546 -0.00209759 -0.198177 0.050927 0.00133516 0.39807 -0.251971 -0.0030118
22 -0.000953674 0.540742 -1.62184 -1.55797 1.67296 -1.82975 0.779545 0.98156 0.000572213 0.0272755 -0.219921 -0.0692378 0.00247959 0.383955 -0.249546 -0.00209759 -0.198177 0.050927 0.00133516 0.39807 -0.251971 -0.0030118
22 -0.000953674 0.540742 -1.62222 -1.55797 1.67296 -1.82975 0.779545 0.98156 0.000572213 0.0272755 -0.219921 -0.0692378 0.00247959 0.383955 -0.249546 -0.00209759 -0.198177 0.050927 0.00133516 0.39807 -0.251971 -0.0030118
22 -0.000953674 0.540742 -1.62261 -1.55759 1.67296 -1.82975 0.779545 0.98156 0.000572213 0.0272755 -0.219921 -0.0692378 0.00247959 0.383955 -0.249546 -0.00209759 -0.198177 0.050927 0.00133516 0.39807 -0.251971 -0.0030118
22 -0.000953674 0.540742 -1.62299 -1.55797 1.67296 -1.82975 0.779545 0.98156 0.000572213 0.0272755 -0.219921 -0.0692378 0.00247959 0.383955 -0.249546 -0.00209759 -0.198177 0.050927 0.00133516 0.39807 -0.251971 -0.0030118
22 -0.000953674 0.540742 -1.62299 -1.55797 1.67334 -1.82975 0.779545 0.98156 0.000572213 0.0272755 -0.219921 -0.0692378 0.00247959 0.383955 -0.249546 -0.00209759 -0.198177 0.050927 0.00133516 0.39807 -0.251971 -0.0030118
22 -0.000953674 0.540742 -1.62337 -1.55759 1.67334 -1.82975 0.779545 0.98156 0.000572213 0.0272755 -0.219921 -0.0688563 0.00247959 0.383955 -0.249546 -0.00209759 -0.198177 0.050927 0.00133516 0.39807 -0.251971 -0.0030118
22 -0.000953674 0.540742 -1.62375 -1.55797 1.67334 -1.82975 0.779545 0.98156 0.000572213 0.0272755 -0.219921 -0.0688563 0.00247959 0.383955 -0.249546 -0.00209759 -0.198177 0.0513085 0.00133516 0.39807 -0.251971 -0.0030118
22 -0.000953674 0.540742 -1.62413 -1.55797 1.67334 -1.82975 0.779545 0.98156 0.000572213 0.0272755 -0.219921 -0.0688563 0.00247959 0.383955 -0.249546 -0.00209759 -0.198177 0.0513085 0.00133516 0.39807 -0.251971 -0.0030118
22 -0.000953674 0.540742 -1.62413 -1.55759 1.67334 -1.82975 0.779545 0.98156 0.000572213 0.0272755 -0.219921 -0.0688563 0.00247959 0.383955 -0.249546 -0.00209759 -0.198177 0.0513085 0.00133516 0.39807 -0.251971 -0.0030118
22 -0.000953674 0.540742 -1.62451 -1.55759 1.67296 -1.82975 0.779545 0.98156 0.000572213 0.0272755 -0.219921 -0.0688563 0.00247959 0.383955 -0.249546 -0.00209759 -0.198177 0.0513085 0.00133516 0.39807 -0.251971 -0.0030118
22 -0.000953674 0.540742 -1.62451 -1.55797 1.67296 -1.82975 0.779545 0.98156 0.000572213 0.0272755 -0.219921 -0.0688563 0.00247959 0.383955 -0.249546 -0.00209759 -0.198177 0.0513085 0.00133516 0.39807 -0.251971 -0.0030118
22 -0.000953674 0.540742 -1.6249 -1.55797 1.67296 -1.82975 0.779545 0.98156 0.000572213 0.0272755 -0.219921 -0.0688563 0.00247959 0.383955 -0.249546 -0.00209759 -0.198177 0.050927 0.00133516 0.39807 -0.251971 -0.0030118
22 -0.000953674 0.540742 -1.62528 -1.55759 1.67296 -1.82975 0.779545 0.98156 0.000572213 0.0272755 -0.219921 -0.0688563 0.00209812 0.383955 -0.249546 -0.00209759 -0.198177 0.0513085 0.00133516 0.39807 -0.251971 -0.0030118
22 -0.000953674 0.540742 -1.62566 -1.55759 1.67296 -1.82975 0.779545 0.98156 0.000572213 0.0272755 -0.219921 -0.0684749 0.00247959 0.383955 -0.249546 -0.00209759 -0.198177 0.0513085 0.00133516 0.39807 -0.251971 -0.0030118
22 -0.000953674 0.540742 -1.62566 -1.55797 1.67296 -1.82975 0.779545 0.98156 0.000572213 0.0272755 -0.219921 -0.0684749 0.00247959 0.383955 -0.249546 -0.00209759 -0.198177 0.0513085 0.00133516 0.39807 -0.251971 -0.0030118
22 -0.000953674 0.540742 -1.62604 -1.55759 1.67296 -1.82975 0.779545 0.98156 0.000572213 0.0272755 -0.219921 -0.0684749 0.00247959 0.383955 -0.249546 -0.00209759 -0.198177 0.0513085 0.00133516 0.39807 -0.251971 -0.0030118
22 -0.000953674 0.540742 -1.62642 -1.55759 1.67296 -1.82975 0.779545 0.98156 0.000572213 0.0272755 -0.219921 -0.0684749 0.00247959 0.383955 -0.249546 -0.00209759 -0.198177 0.0513085 0.00133516 0.39807 -0.251971 -0.0030118
22 -0.000953674 0.541123 -1.62642 -1.55759 1.67296 -1.82975 0.779545 0.98156 0.000572213 0.0272755 -0.219921 -0.0684749 0.00247959 0.383955 -0.249546 -0.00209759 -0.198177 0.050927 0.00133516 0.39807 -0.251971 -0.0030118
22 -0.000953674 0.540742 -1.6268 -1.55759 1.67296 -1.82975 0.779545 0.98156 0.000572213 0.0272755 -0.219921 -0.0684749 0.00247959 0.383955 -0.249546 -0.00209759 -0.198177 0.050927 0.00133516 0.39807 -0.251971 -0.0030118
22 -0.000953674 0.541123 -1.62718 -1.55797 1.67296 -1.82975 0.779545 0.98156 0.000572213 0.0272755 -0.219921 -0.0680934 0.00247959 0.383955 -0.249546 -0.00209759 -0.198177 0.050927 0.00133516 0.39807 -0.251971 -0.0030118
22 -0.000953674 0.541123 -1.62718 -1.55759 1.67296 -1.82975 0.779545 0.98156 0.000572213 0.0272755 -0.219921 -0.0680934 0.00247959 0.383955 -0.249546 -0.00209759 -0.198177 0.050927 0.00133516 0.39807 -0.251971 -0.0030118
22 -0.000953674 0.541123 -1.62757 -1.55759 1.67296 -1.82975 0.779545 0.98156 0.000572213 0.0272755 -0.219921 -0.0680934 0.00247959 0.383955 -0.249546 -0.00209759 -0.198177 0.0513085 0.00133516 0.39807 -0.251971 -0.0030118
22 -0.000953674 0.541123 -1.62757 -1.55759 1.67296 -1.82975 0.779545 0.98156 0.000572213 0.0272755 -0.219921 -0.0680934 0.00247959 0.383955 -0.249546 -0.00209759 -0.198177 0.050927 0.00133516 0.39807 -0.251971 -0.0030118
22 -0.000953674 0.540742 -1.62795 -1.55759 1.67296 -1.82975 0.779545 0.98156 0.000572213 0.0272755 -0.219921 -0.0680934 0.00247959 0.383955 -0.249546 -0.00209759 -0.198177 0.050927 0.00133516 0.39807 -0.251971 -0.0030118
22 -0.000953674 0.541123 -1.62795 -1.55759 1.67296 -1.82975 0.779545 0.98156 0.000572213 0.0272755 -0.219921 -0.0680934 0.00247959 0.383955 -0.249546 -0.00209759 -0.198177 0.050927 0.00133516 0.39807 -0.251971 -0.0030118
22 -0.000572205 0.541123 -1.62833 -1.55759 1.67296 -1.82975 0.779545 0.98156 0.000572213 0.0272755 -0.219921 -0.0680934 0.00247959 0.383955 -0.249546 -0.00209759 -0.198177 0.050927 0.00133516 0.39807 -0.251971 -0.0030118
22 -0.000953674 0.541123 -1.62871 -1.55759 1.67296 -1.82975 0.779545 0.98156 0.000572213 0.0272755 -0.219921 -0.0680934 0.00247959 0.383955 -0.249546 -0.00209759 -0.198177 0.050927 0.00133516 0.39807 -0.251971 -0.0030118
22 -0.000953674 0.540742 -1.62871 -1.55797 1.67296 -1.82975 0.779545 0.98156 0.000572213 0.0272755 -0.219921 -0.0680934 0.00247959 0.383955 -0.249546 -0.00209759 -0.198177 0.050927 0.00133516 0.39807 -0.251971 -0.0030118
22 -0.000953674 0.540742 -1.62909 -1.55797 1.67296 -1.82975 0.779545 0.98156 0.000572213 0.0272755 -0.219921 -0.0680934 0.00247959 0.383955 -0.249546 -0.00209759 -0.198177 0.050927 0.00133516 0.39807 -0.251971 -0.0030118
22 -0.000953674 0.540742 -1.62947 -1.55797 1.67296 -1.82975 0.779545 0.98156 0.000572213 0.0272755 -0.219921 -0.0680934 0.00247959 0.383955 -0.249546 -0.00209759 -0.198177 0.050927 0.00133516 0.39807 -0.251971 -0.0030118
22 -0.000572205 0.540742 -1.62947 -1.55797 1.67296 -1.82975 0.779545 0.98156 0.000572213 0.0272755 -0.219921 -0.0677119 0.00247959 0.383955 -0.249546 -0.00209759 -0.198177 0.050927 0.00133516 0.39807 -0.251971 -0.0030118
22 -0.000953674 0.540742 -1.62985 -1.55759 1.67296 -1.82975 0.779545 0.98156 0.000572213 0.0272755 -0.219921 -0.0677119 0.00247959 0.383955 -0.249546 -0.00209759 -0.198177 0.050927 0.00133516 0.39807 -0.251971 -0.0030118
22 -0.000953674 0.540742 -1.62985 -1.55797 1.67296 -1.82975 0.779545 0.98156 0.000572213 0.0272755 -0.219921 -0.0677119 0.00247959 0.383955 -0.249546 -0.00209759 -0.198177 0.050927 0.00133516 0.39807 -0.251971 -0.0030118
22 -0.000953674 0.540742 -1.63024 -1.55797 1.67296 -1.82975 0.779545 0.98156 0.000572213 0.0272755 -0.219921 -0.0677119 0.00247959 0.383955 -0.249546 -0.00209759 -0.198177 0.050927 0.00133516 0.39807 -0.251971 -0.0030118
22 -0.000953674 0.540742 -1.63024 -1.55759 1.67296 -1.82975 0.779545 0.98156 0.000572213 0.0272755 -0.219921 -0.0677119 0.00247959 0.383955 -0.249546 -0.00209759 -0.198177 0.050927 0.00133516 0.39807 -0.251971 -0.0030118
22 -0.000953674 0.540742 -1.63024 -1.55797 1.67296 -1.82975 0.779545 0.98156 0.000572213 0.0272755 -0.219921 -0.0677119 0.00247959 0.383955 -0.249546 -0.00209759 -0.198177 0.050927 0.00133516 0.39807 -0.251971 -0.0030118
22 -0.000953674 0.540742 -1.63062 -1.55797 1.67296 -1.82975 0.779545 0.98156 0.000572213 0.0272755 -0.219921 -0.0677119 0.00247959 0.383955 -0.249546 -0.00209759 -0.198177 0.050927 0.00133516 0.39807 -0.251971 -0.0030118
22 -0.000953674 0.540742 -1.63062 -1.55797 1.67296 -1.82975 0.779545 0.98156 0.000572213 0.0272755 -0.219921 -0.0677119 0.00247959 0.383955 -0.249546 -0.00209759 -0.198177 0.050927 0.00133516 0.39807 -0.251971 -0.0030118
22 -0.000953674 0.540742 -1.63062 -1.55797 1.67296 -1.82975 0.779545 0.98156 0.000572213 0.0272755 -0.219921 -0.0677119 0.00247959 0.383955 -0.249546 -0.00209759 -0.198177 0.050927 0.00133516 0.39807 -0.251971 -0.0030118
22 -0.000953674 0.54036 -1.63062 -1.55797 1.67296 -1.82975 0.779545 0.98156 0.000572213 0.0272755 -0.219921 -0.0677119 0.00247959 0.383955 -0.249546 -0.00209759 -0.198177 0.050927 0.00133516 0.39807 -0.251971 -0.0030118
22 -0.000953674 0.540742 -1.631 -1.55797 1.67296 -1.82975 0.779545 0.98156 0.000572213 0.0272755 -0.219921 -0.0677119 0.00247959 0.383955 -0.249546 -0.00209759 -0.198177 0.050927 0.00133516 0.39807 -0.251971 -0.0030118
22 -0.000953674 0.54036 -1.631 -1.55797 1.67296 -1.82975 0.779545 0.98156 0.000572213 0.0272755 -0.219921 -0.0677119 0.00247959 0.383955 -0.249546 -0.00209759 -0.198177 0.050927 0.00133516 0.39807 -0.251971 -0.0030118
22 -0.000953674 0.540742 -1.631 -1.55797 1.67296 -1.82975 0.779545 0.98156 0.000572213 0.0272755 -0.219921 -0.0677119 0.00247959 0.383955 -0.249546 -0.00209759 -0.198177 0.050927 0.00133516 0.39807 -0.251971 -0.0030118
22 -0.000953674 0.540742 -1.63138 -1.55797 1.67296 -1.82975 0.779545 0.98156 0.000572213 0.0272755 -0.219921 -0.0677119 0.00247959 0.383955 -0.249546 -0.00209759 -0.198177 0.050927 0.00133516 0.39807 -0.251971 -0.0030118
22 -0.000953674 0.54036 -1.63138 -1.55797 1.67296 -1.82975 0.779545 0.98156 0.000572213 0.0272755 -0.219921 -0.0677119 0.00247959 0.383955 -0.249546 -0.00209759 -0.198177 0.050927 0.00133516 0.39807 -0.251971 -0.0030118
22 -0.000953674 0.540742 -1.63138 -1.55797 1.67296 -1.82975 0.779545 0.98156 0.000572213 0.0272755 -0.219921 -0.0677119 0.00247959 0.383955 -0.249546 -0.00209759 -0.198177 0.050927 0.00133516 0.39807 -0.251971 -0.0030118
22 -0.000953674 0.54036 -1.63176 -1.55797 1.67296 -1.82975 0.779545 0.98156 0.000572213 0.0272755 -0.219921 -0.0677119 0.00247959 0.383955 -0.249546 -0.00209759 -0.198177 0.050927 0.00133516 0.39807 -0.251971 -0.0030118
22 -0.000953674 0.54036 -1.63176 -1.55797 1.67296 -1.82975 0.779545 0.98156 0.000572213 0.0272755 -0.219921 -0.0677119 0.00247959 0.383955 -0.249546 -0.00209759 -0.198177 0.050927 0.00133516 0.39807 -0.251971 -0.0030118
22 -0.000953674 0.540742 -1.63176 -1.55797 1.67296 -1.82975 0.779545 0.98156 0.000572213 0.0272755 -0.219921 -0.0677119 0.00247959 0.383955 -0.249546 -0.00209759 -0.198177 0.050927 0.00133516 0.39807 -0.251971 -0.0030118
22 -0.000953674 0.54036 -1.63214 -1.55797 1.67296 -1.82975 0.779545 0.98156 0.000572213 0.0272755 -0.219921 -0.0677119 0.00247959 0.383955 -0.249546 -0.00209759 -0.198177 0.050927 0.00133516 0.39807 -0.251971 -0.0030118
22 -0.000953674 0.540742 -1.63214 -1.55797 1.67296 -1.82975 0.779545 0.98156 0.000572213 0.0272755 -0.219921 -0.0677119 0.00247959 0.383955 -0.249546 -0.00209759 -0.198177 0.050927 0.00133516 0.39807 -0.251971 -0.0030118
22 -0.000953674 0.540742 -1.63214 -1.55797 1.67296 -1.82975 0.779545 0.98156 0.000572213 0.0272755 -0.219921 -0.0677119 0.00247959 0.383955 -0.249546 -0.00209759 -0.198177 0.050927 0.00133516 0.39807 -0.251971 -0.0030118
22 -0.000953674 0.540742 -1.63252 -1.55797 1.67296 -1.82975 0.779545 0.98156 0.000572213 0.0272755 -0.219921 -0.0677119 0.00247959 0.383955 -0.249546 -0.00209759 -0.198177 0.050927 0.00133516 0.39807 -0.251971 -0.0030118
22 -0.000953674 0.540742 -1.63252 -1.55797 1.67296 -1.82975 0.779545 0.98156 0.000572213 0.0272755 -0.219921 -0.0677119 0.00209812 0.383955 -0.249546 -0.00209759 -0.198177 0.050927 0.00133516 0.39807 -0.251971 -0.0030118
22 -0.000953674 0.540742 -1.63252 -1.55797 1.67296 -1.82975 0.779545 0.98156 0.000572213 0.0272755 -0.219921 -0.0677119 0.00247959 0.383955 -0.249546 -0.00209759 -0.198177 0.050927 0.00133516 0.39807 -0.251971 -0.0030118
22 -0.000953674 0.540742 -1.63291 -1.55797 1.67296 -1.82975 0.779545 0.98156 0.000572213 0.0272755 -0.219921 -0.0677119 0.00247959 0.383955 -0.249546 -0.00209759 -0.198177 0.050927 0.00133516 0.39807 -0.251971 -0.0030118
22 -0.000953674 0.540742 -1.63291 -1.55797 1.67296 -1.82975 0.779545 0.98156 0.000572213 0.0272755 -0.219921 -0.0677119 0.00247959 0.383955 -0.249546 -0.00209759 -0.198177 0.050927 0.00133516 0.39807 -0.251971 -0.0030118
22 -0.000953674 0.540742 -1.63329 -1.55797 1.67296 -1.82975 0.779545 0.98156 0.000572213 0.0272755 -0.219921 -0.0677119 0.00247959 0.383955 -0.249546 -0.00209759 -0.198177 0.050927 0.00133516 0.39807 -0.251971 -0.0030118
22 -0.000953674 0.540742 -1.63329 -1.55797 1.67296 -1.82975 0.779545 0.98156 0.000572213 0.0272755 -0.219921 -0.0677119 0.00247959 0.383955 -0.249546 -0.00209759 -0.198177 0.050927 0.00133516 0.39807 -0.251971 -0.0030118
22 -0.000953674 0.540742 -1.63367 -1.55797 1.67296 -1.82975 0.779545 0.98156 0.000572213 0.0272755 -0.219921 -0.0677119 0.00247959 0.383955 -0.249546 -0.00209759 -0.198177 0.050927 0.00133516 0.39807 -0.251971 -0.0030118
22 -0.000953674 0.540742 -1.63367 -1.55797 1.67296 -1.82975 0.779545 0.98156 0.000572213 0.0272755 -0.219921 -0.0677119 0.00247959 0.383955 -0.249546 -0.00209759 -0.198177 0.050927 0.00133516 0.39807 -0.251971 -0.0030118
22 -0.000953674 0.540742 -1.63405 -1.55797 1.67296 -1.82975 0.779545 0.98156 0.000572213 0.0272755 -0.219921 -0.0677119 0.00209812 0.383955 -0.249546 -0.00209759 -0.198177 0.050927 0.00133516 0.39807 -0.251971 -0.0030118
22 -0.000953674 0.540742 -1.63405 -1.55797 1.67296 -1.82975 0.779545 0.98156 0.000572213 0.0272755 -0.219921 -0.0677119 0.00247959 0.383955 -0.249546 -0.00209759 -0.198177 0.050927 0.00133516 0.39807 -0.251971 -0.0030118
22 -0.000953674 0.540742 -1.63443 -1.55797 1.67296 -1.82975 0.779545 0.98156 0.000572213 0.0272755 -0.219921 -0.0677119 0.00247959 0.383955 -0.249546 -0.00209759 -0.198177 0.050927 0.00133516 0.39807 -0.251971 -0.0030118
22 -0.000953674 0.540742 -1.63443 -1.55797 1.67296 -1.82975 0.779545 0.98156 0.000953689 0.0272755 -0.219921 -0.0677119 0.00247959 0.383955 -0.249546 -0.00209759 -0.198177 0.050927 0.00133516 0.39807 -0.251971 -0.0030118
22 -0.000953674 0.54036 -1.63481 -1.55797 1.67296 -1.82975 0.779545 0.98156 0.000572213 0.0272755 -0.219921 -0.0677119 0.00247959 0.383955 -0.249546 -0.00209759 -0.198177 0.050927 0.00133516 0.39807 -0.251971 -0.0030118
22 -0.000953674 0.540742 -1.63481 -1.55797 1.67296 -1.82975 0.779545 0.98156 0.000572213 0.0272755 -0.219921 -0.0677119 0.00247959 0.383955 -0.249546 -0.00209759 -0.198177 0.050927 0.00133516 0.39807 -0.251971 -0.0030118
22 -0.000953674 0.54036 -1.63519 -1.55797 1.67296 -1.82975 0.779545 0.98156 0.000572213 0.0272755 -0.219921 -0.0677119 0.00209812 0.383955 -0.249546 -0.00209759 -0.198177 0.050927 0.00133516 0.39807 -0.251971 -0.0030118
22 -0.000953674 0.54036 -1.63558 -1.55797 1.67296 -1.82975 0.779545 0.98156 0.000572213 0.0272755 -0.219921 -0.0677119 0.00209812 0.383955 -0.249546 -0.00209759 -0.198177 0.050927 0.00133516 0.39807 -0.251971 -0.0030118
22 -0.000572205 0.54036 -1.63596 -1.55797 1.67296 -1.82975 0.779545 0.98156 0.000953689 0.0272755 -0.219921 -0.0677119 0.00209812 0.383955 -0.249546 -0.00209759 -0.198177 0.050927 0.00133516 0.39807 -0.251971 -0.0030118
22 -0.000953674 0.54036 -1.63596 -1.55797 1.67296 -1.82975 0.779545 0.98156 0.000953689 0.0272755 -0.219921 -0.0677119 0.00209812 0.383955 -0.249546 -0.00209759 -0.198177 0.050927 0.00133516 0.39807 -0.251971 -0.0030118
22 -0.000953674 0.54036 -1.63634 -1.55797 1.67296 -1.82975 0.779545 0.98156 0.000953689 0.0272755 -0.219921 -0.0677119 0.00209812 0.383955 -0.249546 -0.00209759 -0.198177 0.050927 0.00133516 0.39807 -0.251971 -0.0030118
22 -0.000953674 0.54036 -1.63672 -1.55797 1.67296 -1.82975 0.779545 0.98156 0.000953689 0.0272755 -0.219921 -0.0677119 0.00209812 0.383955 -0.249546 -0.00209759 -0.198177 0.050927 0.00133516 0.39807 -0.251971 -0.0030118
22 -0.000953674 0.54036 -1.63672 -1.55797 1.67296 -1.82975 0.779545 0.98156 0.000953689 0.0272755 -0.219921 -0.0677119 0.00247959 0.383955 -0.249546 -0.00209759 -0.198177 0.050927 0.00133516 0.39807 -0.251971 -0.0030118
22 -0.000953674 0.54036 -1.6371 -1.55797 1.67296 -1.82975 0.779545 0.98156 0.000572213 0.0272755 -0.219921 -0.0677119 0.00209812 0.383955 -0.249546 -0.00209759 -0.198177 0.050927 0.00133516 0.39807 -0.251971 -0.0030118
22 -0.000953674 0.54036 -1.63748 -1.55797 1.67296 -1.82975 0.779545 0.98156 0.000572213 0.0272755 -0.219921 -0.0677119 0.00247959 0.383955 -0.249546 -0.00209759 -0.198177 0.050927 0.00133516 0.39807 -0.251971 -0.0030118
22 -0.000953674 0.54036 -1.63787 -1.55797 1.67296 -1.82975 0.779545 0.98156 0.000572213 0.0272755 -0.219921 -0.0677119 0.00209812 0.383955 -0.249546 -0.00209759 -0.198177 0.050927 0.00133516 0.39807 -0.251971 -0.0030118
22 -0.000953674 0.539979 -1.63787 -1.55797 1.67296 -1.82975 0.779545 0.98156 0.000572213 0.0272755 -0.219921 -0.0677119 0.00209812 0.383955 -0.249546 -0.00209759 -0.198177 0.050927 0.00133516 0.39807 -0.251971 -0.0030118
22 -0.000953674 0.539979 -1.63825 -1.55797 1.67296 -1.82975 0.779545 0.98156 0.000572213 0.0272755 -0.219921 -0.0677119 0.00209812 0.383955 -0.249546 -0.00209759 -0.198177 0.050927 0.00133516 0.39807 -0.251971 -0.0030118
22 -0.000953674 0.539979 -1.63863 -1.55797 1.67296 -1.82975 0.779545 0.98156 0.000572213 0.0272755 -0.219921 -0.0677119 0.00209812 0.383955 -0.249546 -0.00209759 -0.198177 0.050927 0.00133516 0.39807 -0.251971 -0.0030118
22 -0.000953674 0.539979 -1.63901 -1.55797 1.67296 -1.82975 0.779545 0.98156 0.000572213 0.0272755 -0.219921 -0.0677119 0.00209812 0.383955 -0.249546 -0.00209759 -0.198177 0.050927 0.00133516 0.39807 -0.251971 -0.0030118
22 -0.000953674 0.539979 -1.63901 -1.55797 1.67296 -1.82975 0.779545 0.98156 0.000953689 0.0272755 -0.219921 -0.0677119 0.00209812 0.383955 -0.249546 -0.00209759 -0.198177 0.050927 0.00133516 0.39807 -0.251971 -0.0030118
22 -0.000953674 0.539979 -1.63939 -1.55797 1.67296 -1.82975 0.779545 0.98156 0.000953689 0.0272755 -0.219921 -0.0673304 0.00209812 0.383955 -0.249546 -0.00209759 -0.198177 0.050927 0.00133516 0.39807 -0.251971 -0.0030118
22 -0.000953674 0.539979 -1.63977 -1.55797 1.67296 -1.82975 0.779545 0.98156 0.000953689 0.0272755 -0.219921 -0.0673304 0.00209812 0.383955 -0.249546 -0.00209759 -0.198177 0.050927 0.00133516 0.39807 -0.251971 -0.0030118
22 -0.000953674 0.539979 -1.63977 -1.55797 1.67296 -1.82975 0.779545 0.98156 0.000953689 0.0272755 -0.219921 -0.0673304 0.00209812 0.383955 -0.249546 -0.00209759 -0.198177 0.050927 0.00133516 0.39807 -0.251971 -0.0030118
22 -0.000953674 0.539979 -1.63977 -1.55797 1.67296 -1.82975 0.779545 0.98156 0.000572213 0.0272755 -0.219921 -0.0673304 0.00209812 0.383955 -0.249546 -0.00209759 -0.198177 0.050927 0.00133516 0.39807 -0.251971 -0.0030118
22 -0.000953674 0.539979 -1.64015 -1.55797 1.67296 -1.82975 0.779545 0.98156 0.000953689 0.0272755 -0.219921 -0.0673304 0.00209812 0.383955 -0.249546 -0.00209759 -0.198177 0.050927 0.00133516 0.39807 -0.251971 -0.0030118
22 -0.000953674 0.539979 -1.64015 -1.55797 1.67296 -1.82975 0.779545 0.98156 0.000953689 0.0272755 -0.219921 -0.0673304 0.00209812 0.383955 -0.249546 -0.00209759 -0.198177 0.050927 0.00133516 0.39807 -0.251971 -0.0030118
22 -0.000572205 0.539979 -1.64054 -1.55797 1.67296 -1.82975 0.779545 0.98156 0.000953689 0.0272755 -0.219921 -0.0673304 0.00209812 0.383955 -0.249546 -0.00209759 -0.198177 0.050927 0.00133516 0.39807 -0.251971 -0.0030118
22 -0.000953674 0.539979 -1.64092 -1.55797 1.67296 -1.82975 0.779545 0.98156 0.000953689 0.0272755 -0.219921 -0.0673304 0.00209812 0.383955 -0.249546 -0.00209759 -0.198177 0.050927 0.00133516 0.39807 -0.251971 -0.0030118
22 -0.000953674 0.539979 -1.64092 -1.55797 1.67296 -1.82975 0.779545 0.98156 0.000953689 0.0272755 -0.219921 -0.0673304 0.00209812 0.383955 -0.249546 -0.00209759 -0.198177 0.050927 0.00133516 0.39807 -0.251971 -0.0030118
22 -0.000953674 0.54036 -1.6413 -1.55797 1.67296 -1.82975 0.779545 0.98156 0.000953689 0.0272755 -0.219921 -0.066949 0.00209812 0.383955 -0.249546 -0.00209759 -0.198177 0.050927 0.00133516 0.39807 -0.251971 -0.0030118
22 -0.000953674 0.54036 -1.64168 -1.55797 1.67296 -1.82975 0.779545 0.98156 0.000953689 0.0272755 -0.219921 -0.066949 0.00209812 0.383955 -0.249546 -0.00209759 -0.198177 0.050927 0.00133516 0.39807 -0.251971 -0.0030118
22 -0.000953674 0.54036 -1.64168 -1.55797 1.67296 -1.82975 0.779545 0.98156 0.000953689 0.0272755 -0.219921 -0.066949 0.00209812 0.383955 -0.249546 -0.00209759 -0.198177 0.050927 0.00133516 0.39807 -0.251971 -0.0030118
22 -0.000953674 0.54036 -1.64206 -1.55797 1.67296 -1.82975 0.779545 0.98156 0.000953689 0.0272755 -0.219921 -0.066949 0.00209812 0.383955 -0.249546 -0.00209759 -0.198177 0.050927 0.00133516 0.39807 -0.251971 -0.0030118
22 -0.000953674 0.54036 -1.64206 -1.55797 1.67296 -1.82975 0.779545 0.98156 0.000953689 0.0272755 -0.219921 -0.066949 0.00209812 0.383955 -0.249546 -0.00209759 -0.198177 0.050927 0.00133516 0.39807 -0.251971 -0.0030118
22 -0.000953674 0.54036 -1.64206 -1.55797 1.67296 -1.82975 0.779545 0.98156 0.000953689 0.0272755 -0.219921 -0.0665675 0.00209812 0.383955 -0.249546 -0.00209759 -0.198177 0.050927 0.00133516 0.39807 -0.251971 -0.0030118
22 -0.000953674 0.54036 -1.64244 -1.55797 1.67296 -1.82975 0.779545 0.98156 0.000953689 0.0272755 -0.219921 -0.0665675 0.00247959 0.383955 -0.249546 -0.00209759 -0.198177 0.050927 0.00133516 0.39807 -0.251971 -0.0030118
22 -0.000953674 0.54036 -1.64244 -1.55797 1.67296 -1.82975 0.779545 0.98156 0.000953689 0.0272755 -0.219921 -0.0665675 0.00247959 0.383955 -0.249546 -0.00209759 -0.198177 0.050927 0.00133516 0.39807 -0.251971 -0.0030118
22 -0.000953674 0.54036 -1.64244 -1.55797 1.67296 -1.82975 0.779545 0.98156 0.000953689 0.0272755 -0.219921 -0.0665675 0.00247959 0.383955 -0.249546 -0.00209759 -0.198177 0.050927 0.00133516 0.39807 -0.251971 -0.0030118
22 -0.000953674 0.54036 -1.64244 -1.55797 1.67296 -1.82975 0.779545 0.98156 0.000953689 0.0272755 -0.219921 -0.0665675 0.00247959 0.383955 -0.249546 -0.00209759 -0.198177 0.050927 0.00133516 0.39807 -0.251971 -0.0030118
22 -0.000953674 0.54036 -1.64244 -1.55797 1.67296 -1.82975 0.779545 0.98156 0.000953689 0.0272755 -0.219921 -0.0665675 0.00247959 0.383955 -0.249546 -0.00209759 -0.198177 0.050927 0.00133516 0.39807 -0.251971 -0.0030118
22 -0.000953674 0.54036 -1.64244 -1.55797 1.67296 -1.82975 0.779545 0.98156 0.000953689 0.0272755 -0.219921 -0.0665675 0.00247959 0.383955 -0.249546 -0.00209759 -0.198177 0.050927 0.00133516 0.39807 -0.251971 -0.0030118
22 -0.000953674 0.54036 -1.64244 -1.55797 1.67296 -1.82975 0.779545 0.98156 0.000953689 0.0272755 -0.219921 -0.0665675 0.00209812 0.383955 -0.249546 -0.00209759 -0.198177 0.050927 0.00133516 0.39807 -0.251971 -0.0030118
22 -0.000953674 0.54036 -1.64282 -1.55797 1.67296 -1.82975 0.779545 0.98156 0.000953689 0.0272755 -0.219921 -0.0665675 0.00209812 0.383955 -0.249546 -0.00209759 -0.198177 0.050927 0.00133516 0.39807 -0.251971 -0.0030118
22 -0.000953674 0.54036 -1.64282 -1.55797 1.67296 -1.82975 0.779545 0.98156 0.000953689 0.0272755 -0.219921 -0.0665675 0.00209812 0.383955 -0.249546 -0.00209759 -0.198177 0.050927 0.00133516 0.39807 -0.251971 -0.0030118
22 -0.000953674 0.54036 -1.64282 -1.55797 1.67296 -1.82975 0.779545 0.98156 0.000953689 0.0272755 -0.219921 -0.066186 0.00209812 0.383955 -0.249546 -0.00209759 -0.198177 0.050927 0.00133516 0.39807 -0.251971 -0.0030118
22 -0.000953674 0.54036 -1.64282 -1.55797 1.67296 -1.82975 0.779545 0.98156 0.000953689 0.0272755 -0.219921 -0.066186 0.00209812 0.383955 -0.249546 -0.00209759 -0.198177 0.050927 0.00133516 0.39807 -0.251971 -0.0030118
22 -0.000953674 0.54036 -1.64282 -1.55797 1.67296 -1.82975 0.779545 0.98156 0.000953689 0.0272755 -0.219921 -0.066186 0.00209812 0.383955 -0.249546 -0.00209759 -0.198177 0.050927 0.00133516 0.39807 -0.251971 -0.0030118
22 -0.000953674 0.54036 -1.64282 -1.55797 1.67296 -1.82975 0.779545 0.98156 0.000953689 0.0272755 -0.219921 -0.066186 0.00209812 0.383955 -0.249546 -0.00209759 -0.198177 0.050927 0.00133516 0.39807 -0.251971 -0.0030118
22 -0.000953674 0.539979 -1.64244 -1.55797 1.67296 -1.82975 0.779545 0.98156 0.000953689 0.0272755 -0.219921 -0.066186 0.00209812 0.383955 -0.249546 -0.00209759 -0.198177 0.050927 0.00133516 0.39807 -0.251971 -0.0030118
22 -0.000953674 0.539979 -1.64244 -1.55797 1.67296 -1.82975 0.779545 0.98156 0.000953689 0.0272755 -0.219921 -0.066186 0.00209812 0.383955 -0.249546 -0.00209759 -0.198177 0.050927 0.00133516 0.39807 -0.251971 -0.0030118
22 -0.000953674 0.539979 -1.64244 -1.55797 1.67296 -1.82975 0.779545 0.98156 0.000953689 0.0272755 -0.219921 -0.066186 0.00209812 0.383955 -0.249546 -0.00209759 -0.198177 0.050927 0.00133516 0.39807 -0.251971 -0.0030118
22 -0.000953674 0.539979 -1.64244 -1.55797 1.67296 -1.82975 0.779545 0.98156 0.000953689 0.0272755 -0.219921 -0.066186 0.00209812 0.383955 -0.249546 -0.00209759 -0.198177 0.050927 0.00133516 0.39807 -0.251971 -0.0030118
22 -0.000953674 0.539979 -1.64244 -1.55797 1.67296 -1.82975 0.779545 0.98156 0.000953689 0.0272755 -0.219921 -0.066186 0.00209812 0.383955 -0.249546 -0.00209759 -0.198177 0.050927 0.00133516 0.39807 -0.251971 -0.0030118
22 -0.000953674 0.539979 -1.64244 -1.55797 1.67296 -1.82975 0.779545 0.98156 0.000953689 0.0272755 -0.219921 -0.066186 0.00209812 0.383955 -0.249546 -0.00209759 -0.198177 0.050927 0.00133516 0.39807 -0.251971 -0.0030118
22 -0.000953674 0.539979 -1.64244 -1.55797 1.67296 -1.82975 0.779545 0.98156 0.000953689 0.0272755 -0.219921 -0.066186 0.00209812 0.383955 -0.249546 -0.00209759 -0.197795 0.050927 0.00133516 0.39807 -0.251971 -0.0030118
22 -0.000953674 0.539979 -1.64244 -1.55797 1.67296 -1.82975 0.779545 0.98156 0.000953689 0.0272755 -0.219921 -0.066186 0.00209812 0.383955 -0.249546 -0.00209759 -0.197795 0.050927 0.00133516 0.39807 -0.251971 -0.0030118
22 -0.000953674 0.539979 -1.64244 -1.55797 1.67296 -1.82975 0.779545 0.98156 0.000953689 0.0272755 -0.219921 -0.066186 0.00209812 0.383955 -0.249546 -0.00209759 -0.197795 0.050927 0.00133516 0.39807 -0.251971 -0.0030118
22 -0.000953674 0.539979 -1.64244 -1.55797 1.67296 -1.82975 0.779545 0.98156 0.000953689 0.0272755 -0.219921 -0.066186 0.00209812 0.383955 -0.249546 -0.00209759 -0.197795 0.050927 0.00133516 0.39807 -0.251971 -0.0030118
22 -0.000953674 0.539979 -1.64244 -1.55797 1.67296 -1.82975 0.779545 0.98156 0.000953689 0.0272755 -0.219921 -0.066186 0.00209812 0.383955 -0.249546 -0.00209759 -0.197795 0.050927 0.00133516 0.39807 -0.251971 -0.0030118
22 -0.000953674 0.539979 -1.64244 -1.55797 1.67296 -1.82975 0.779545 0.98156 0.000953689 0.0272755 -0.219921 -0.066186 0.00209812 0.383955 -0.249546 -0.00209759 -0.197795 0.050927 0.00133516 0.39807 -0.251971 -0.0030118
22 -0.000953674 0.539979 -1.64244 -1.55797 1.67296 -1.82975 0.779545 0.98156 0.000953689 0.0272755 -0.219921 -0.066186 0.00209812 0.383955 -0.249546 -0.00209759 -0.197795 0.050927 0.00133516 0.39807 -0.251971 -0.0030118
22 -0.000953674 0.539979 -1.64244 -1.55797 1.67296 -1.82975 0.779545 0.98156 0.000953689 0.0272755 -0.219921 -0.066186 0.00209812 0.383955 -0.249546 -0.00209759 -0.197414 0.050927 0.00133516 0.39807 -0.251971 -0.0030118
22 -0.000953674 0.539979 -1.64244 -1.55797 1.67296 -1.82975 0.779545 0.98156 0.000953689 0.0272755 -0.219921 -0.066186 0.00209812 0.383955 -0.249546 -0.00209759 -0.197414 0.050927 0.00133516 0.39807 -0.251971 -0.0030118
22 -0.000953674 0.539979 -1.64244 -1.55797 1.67296 -1.82975 0.779545 0.98156 0.000953689 0.0272755 -0.219921 -0.066186 0.00209812 0.383955 -0.249546 -0.00209759 -0.197414 0.050927 0.00133516 0.39807 -0.251971 -0.0030118
22 -0.000953674 0.539979 -1.64244 -1.55797 1.67296 -1.82975 0.779545 0.98156 0.000953689 0.0272755 -0.219921 -0.066186 0.00209812 0.383955 -0.249546 -0.00209759 -0.197032 0.050927 0.00133516 0.39807 -0.251971 -0.0030118
22 -0.000953674 0.539979 -1.64244 -1.55797 1.67296 -1.82975 0.779545 0.98156 0.000953689 0.0272755 -0.219921 -0.066186 0.00209812 0.383955 -0.249546 -0.00209759 -0.197032 0.050927 0.00133516 0.39807 -0.251971 -0.0030118
22 -0.000953674 0.539979 -1.64282 -1.55797 1.67296 -1.82975 0.779545 0.98156 0.000953689 0.0272755 -0.219921 -0.066186 0.00209812 0.383955 -0.249546 -0.00209759 -0.197032 0.050927 0.00133516 0.39807 -0.251971 -0.0030118
22 -0.000953674 0.539979 -1.64244 -1.55797 1.67296 -1.82975 0.779545 0.98156 0.000953689 0.0272755 -0.219921 -0.066186 0.00209812 0.383955 -0.249546 -0.00209759 -0.197032 0.050927 0.00133516 0.39807 -0.251971 -0.0030118
22 -0.000953674 0.539979 -1.64244 -1.55797 1.67296 -1.82975 0.779545 0.98156 0.000953689 0.0272755 -0.219921 -0.066186 0.00209812 0.383955 -0.249546 -0.00209759 -0.197032 0.050927 0.00133516 0.39807 -0.251971 -0.0030118
22 -0.000953674 0.539979 -1.64244 -1.55797 1.67296 -1.82975 0.779545 0.98156 0.000953689 0.0272755 -0.219921 -0.066186 0.00209812 0.383955 -0.249546 -0.00209759 -0.197032 0.050927 0.00133516 0.39807 -0.251971 -0.0030118
22 -0.000953674 0.539979 -1.64244 -1.55797 1.67296 -1.82975 0.779545 0.98156 0.000953689 0.0272755 -0.220302 -0.066186 0.00209812 0.383955 -0.249546 -0.00209759 -0.197032 0.050927 0.00133516 0.39807 -0.251971 -0.0030118
22 -0.000953674 0.54036 -1.64244 -1.55797 1.67296 -1.82975 0.779545 0.98156 0.000953689 0.0272755 -0.220302 -0.066186 0.00209812 0.383955 -0.249546 -0.00209759 -0.197032 0.050927 0.00133516 0.39807 -0.251971 -0.0030118
22 -0.000953674 0.54036 -1.64244 -1.55797 1.67296 -1.82975 0.779545 0.98156 0.000953689 0.0272755 -0.220302 -0.066186 0.00209812 0.383955 -0.249546 -0.00209759 -0.197032 0.050927 0.00133516 0.39807 -0.251971 -0.0030118
22 -0.000953674 0.539979 -1.64244 -1.55797 1.67296 -1.82975 0.779545 0.98156 0.000953689 0.0272755 -0.220302 -0.066186 0.00209812 0.383955 -0.249546 -0.00209759 -0.197032 0.050927 0.00133516 0.39807 -0.251971 -0.0030118
22 -0.000953674 0.539979 -1.64244 -1.55797 1.67296 -1.82975 0.779545 0.98156 0.000953689 0.0272755 -0.220302 -0.066186 0.00209812 0.383955 -0.249546 -0.00209759 -0.197032 0.050927 0.00133516 0.39807 -0.251971 -0.0030118
22 -0.000953674 0.539979 -1.64244 -1.55797 1.67296 -1.82975 0.779545 0.98156 0.000953689 0.0272755 -0.220302 -0.066186 0.00209812 0.383955 -0.249546 -0.00209759 -0.197032 0.050927 0.00133516 0.39807 -0.251971 -0.0030118
22 -0.000953674 0.539979 -1.64244 -1.55797 1.67296 -1.82975 0.779545 0.98156 0.000953689 0.0272755 -0.220302 -0.066186 0.00209812 0.383955 -0.249546 -0.00209759 -0.197032 0.050927 0.00133516 0.39807 -0.251971 -0.0030118
22 -0.000953674 0.539979 -1.64244 -1.55797 1.67296 -1.82975 0.779545 0.98156 0.000953689 0.0272755 -0.220302 -0.066186 0.00209812 0.383955 -0.249546 -0.00209759 -0.197032 0.050927 0.00133516 0.39807 -0.251971 -0.0030118
22 -0.000953674 0.539979 -1.64244 -1.55797 1.67296 -1.82975 0.779545 0.98156 0.000953689 0.0272755 -0.220302 -0.066186 0.00209812 0.383955 -0.249546 -0.00209759 -0.197032 0.050927 0.00133516 0.39807 -0.251971 -0.0030118
22 -0.000953674 0.539979 -1.64244 -1.55797 1.67296 -1.82975 0.779545 0.98156 0.000953689 0.0272755 -0.220302 -0.066186 0.00209812 0.383955 -0.249546 -0.00209759 -0.197032 0.050927 0.00133516 0.39807 -0.251971 -0.0030118
22 -0.000953674 0.539979 -1.64244 -1.55797 1.67296 -1.82975 0.779545 0.98156 0.000953689 0.0272755 -0.220302 -0.066186 0.00209812 0.383955 -0.249546 -0.00209759 -0.197032 0.050927 0.00133516 0.39807 -0.251971 -0.0030118
22 -0.000953674 0.539979 -1.64244 -1.55797 1.67296 -1.82975 0.779545 0.98156 0.000953689 0.0272755 -0.220684 -0.066186 0.00209812 0.383955 -0.249546 -0.00209759 -0.197032 0.050927 0.00133516 0.39807 -0.251971 -0.0030118
22 -0.000953674 0.539979 -1.64244 -1.55797 1.67296 -1.82975 0.779545 0.98156 0.000953689 0.0272755 -0.220684 -0.066186 0.00209812 0.383955 -0.249546 -0.00209759 -0.197032 0.050927 0.00133516 0.39807 -0.251971 -0.0030118
22 -0.000953674 0.539979 -1.64244 -1.55797 1.67296 -1.82975 0.779545 0.98156 0.000953689 0.0272755 -0.220684 -0.066186 0.00209812 0.383955 -0.249546 -0.00209759 -0.197032 0.050927 0.00133516 0.39807 -0.251971 -0.0030118
22 -0.000953674 0.539979 -1.64244 -1.55797 1.67296 -1.82975 0.779545 0.98156 0.000953689 0.0272755 -0.220684 -0.066186 0.00209812 0.383955 -0.249546 -0.00209759 -0.197032 0.050927 0.00133516 0.39807 -0.251971 -0.0030118
22 -0.000953674 0.539979 -1.64282 -1.55797 1.67296 -1.82975 0.779545 0.98156 0.000953689 0.0272755 -0.220684 -0.066186 0.00209812 0.383955 -0.249546 -0.00209759 -0.197032 0.050927 0.00133516 0.39807 -0.251971 -0.0030118
22 -0.000953674 0.539979 -1.64244 -1.55797 1.67296 -1.82975 0.779545 0.98156 0.000953689 0.0272755 -0.220684 -0.066186 0.00209812 0.383955 -0.249546 -0.00209759 -0.197032 0.050927 0.00133516 0.39807 -0.251971 -0.0030118
22 -0.000953674 0.539979 -1.64244 -1.55797 1.67296 -1.82975 0.779545 0.98156 0.000953689 0.0272755 -0.220684 -0.066186 0.00209812 0.383955 -0.249546 -0.00209759 -0.197032 0.050927 0.00133516 0.39807 -0.251971 -0.0030118
22 -0.000953674 0.539598 -1.64244 -1.55797 1.67296 -1.82975 0.779545 0.98156 0.000953689 0.0272755 -0.220684 -0.066186 0.00209812 0.383955 -0.249546 -0.00209759 -0.197032 0.050927 0.00133516 0.39807 -0.251971 -0.0030118
22 -0.000953674 0.539979 -1.64244 -1.55797 1.67296 -1.82975 0.779545 0.98156 0.000953689 0.0272755 -0.220684 -0.066186 0.00209812 0.383955 -0.249546 -0.00209759 -0.197032 0.050927 0.00133516 0.39807 -0.251971 -0.0030118
22 -0.000953674 0.539979 -1.64244 -1.55797 1.67296 -1.82975 0.779545 0.98156 0.000953689 0.0272755 -0.220684 -0.066186 0.00209812 0.383955 -0.249546 -0.00209759 -0.197032 0.050927 0.00133516 0.39807 -0.251971 -0.0030118
22 -0.000953674 0.539979 -1.64244 -1.55797 1.67296 -1.82975 0.779545 0.98156 0.000953689 0.0272755 -0.220684 -0.066186 0.00209812 0.383955 -0.249546 -0.00209759 -0.197032 0.050927 0.00133516 0.39807 -0.251971 -0.0030118
22 -0.000953674 0.539979 -1.64244 -1.55797 1.67296 -1.82975 0.779545 0.98156 0.000953689 0.0272755 -0.220684 -0.066186 0.00209812 0.383955 -0.249546 -0.00209759 -0.197032 0.050927 0.00133516 0.39807 -0.251971 -0.0030118
22 -0.000572205 0.539979 -1.64244 -1.55797 1.67296 -1.82975 0.779545 0.98156 0.000953689 0.0272755 -0.221065 -0.066186 0.00209812 0.383955 -0.249546 -0.00209759 -0.197032 0.050927 0.00133516 0.39807 -0.251971 -0.0030118
22 -0.000953674 0.539598 -1.64244 -1.55797 1.67296 -1.82975 0.779545 0.98156 0.000953689 0.0272755 -0.221065 -0.066186 0.00209812 0.383955 -0.249546 -0.00209759 -0.197032 0.0505455 0.00133516 0.39807 -0.251971 -0.0030118
22 -0.000953674 0.539598 -1.64244 -1.55797 1.67296 -1.82975 0.779545 0.98156 0.000953689 0.0272755 -0.221065 -0.066186 0.00209812 0.383955 -0.249546 -0.00209759 -0.197032 0.0505455 0.00133516 0.39807 -0.251971 -0.0030118
22 -0.000953674 0.539598 -1.64244 -1.55797 1.67296 -1.82975 0.779545 0.98156 0.000953689 0.0272755 -0.221065 -0.066186 0.00209812 0.383955 -0.249546 -0.00209759 -0.197032 0.0505455 0.00133516 0.39807 -0.251971 -0.0030118
22 -0.000572205 0.539598 -1.64244 -1.55797 1.67296 -1.82975 0.779545 0.98156 0.000953689 0.0272755 -0.221065 -0.066186 0.00209812 0.383955 -0.249546 -0.00209759 -0.197032 0.0505455 0.00133516 0.39807 -0.251971 -0.0030118
22 -0.000953674 0.539598 -1.64244 -1.55797 1.67296 -1.82975 0.779545 0.98156 0.000953689 0.0272755 -0.221065 -0.066186 0.00209812 0.383955 -0.249546 -0.00209759 -0.197032 0.0505455 0.00133516 0.39807 -0.251971 -0.0030118
22 -0.000953674 0.539598 -1.64244 -1.55797 1.67296 -1.82975 0.779545 0.98156 0.000953689 0.0272755 -0.221065 -0.066186 0.00209812 0.383955 -0.249546 -0.00209759 -0.197032 0.050927 0.00133516 0.39807 -0.251971 -0.0030118
22 -0.000953674 0.539598 -1.64244 -1.55797 1.67296 -1.82975 0.779545 0.98156 0.000953689 0.0272755 -0.221065 -0.066186 0.00209812 0.383955 -0.249546 -0.00209759 -0.197032 0.0505455 0.00133516 0.39807 -0.251971 -0.0030118
22 -0.000572205 0.539598 -1.64244 -1.55797 1.67296 -1.82975 0.779545 0.98156 0.000953689 0.0272755 -0.221065 -0.066186 0.00209812 0.383955 -0.249546 -0.00209759 -0.197032 0.0505455 0.00133516 0.39807 -0.251971 -0.0030118
22 -0.000953674 0.539598 -1.64244 -1.55797 1.67296 -1.82975 0.779545 0.98156 0.000953689 0.0272755 -0.221065 -0.066186 0.00209812 0.383955 -0.249546 -0.00209759 -0.197032 0.0505455 0.00133516 0.39807 -0.251971 -0.0030118
22 -0.000953674 0.539598 -1.64244 -1.55797 1.67296 -1.82975 0.779545 0.98156 0.000953689 0.0272755 -0.221065 -0.066186 0.00209812 0.383955 -0.249546 -0.00209759 -0.197032 0.0505455 0.00133516 0.39807 -0.251971 -0.0030118
22 -0.000953674 0.539598 -1.64244 -1.55797 1.67296 -1.82975 0.779545 0.98156 0.000953689 0.0272755 -0.221065 -0.066186 0.00209812 0.383955 -0.249546 -0.00209759 -0.197032 0.0505455 0.00133516 0.39807 -0.251971 -0.0030118
22 -0.000953674 0.539598 -1.64244 -1.55797 1.67296 -1.82975 0.779545 0.98156 0.000953689 0.0272755 -0.221065 -0.066186 0.00209812 0.383955 -0.249546 -0.00209759 -0.197032 0.0505455 0.00133516 0.39807 -0.251971 -0.0030118
22 -0.000953674 0.539216 -1.64244 -1.55797 1.67296 -1.82975 0.779545 0.98156 0.000953689 0.0272755 -0.221065 -0.066186 0.00209812 0.383955 -0.249546 -0.00209759 -0.197032 0.0505455 0.00133516 0.39807 -0.251971 -0.0030118
22 -0.000953674 0.539216 -1.64244 -1.55797 1.67296 -1.82975 0.779545 0.98156 0.000953689 0.0272755 -0.221065 -0.066186 0.00209812 0.383955 -0.249546 -0.00209759 -0.197032 0.0505455 0.00133516 0.39807 -0.251971 -0.0030118
22 -0.000572205 0.539598 -1.64244 -1.55797 1.67296 -1.82975 0.779545 0.98156 0.000953689 0.0272755 -0.221065 -0.066186 0.00209812 0.383955 -0.249546 -0.00209759 -0.197032 0.0505455 0.00133516 0.39807 -0.251971 -0.0030118
22 -0.000953674 0.539216 -1.64244 -1.55797 1.67296 -1.82975 0.779545 0.98156 0.000953689 0.0272755 -0.221065 -0.066186 0.00209812 0.383955 -0.249546 -0.00209759 -0.197032 0.0505455 0.00133516 0.39807 -0.251971 -0.0030118
22 -0.000953674 0.539216 -1.64244 -1.55797 1.67296 -1.82975 0.779545 0.98156 0.000953689 0.0272755 -0.221065 -0.066186 0.00209812 0.383955 -0.249546 -0.00209759 -0.197032 0.0505455 0.00133516 0.39807 -0.251971 -0.0030118
22 -0.000572205 0.539598 -1.64244 -1.55797 1.67296 -1.82975 0.779545 0.98156 0.000953689 0.0272755 -0.221065 -0.066186 0.00209812 0.383955 -0.249546 -0.00209759 -0.197032 0.0505455 0.00133516 0.39807 -0.251971 -0.0030118
22 -0.000953674 0.539216 -1.64244 -1.55797 1.67296 -1.82975 0.779545 0.98156 0.000953689 0.0272755 -0.221065 -0.066186 0.00209812 0.383955 -0.249546 -0.00209759 -0.197032 0.0505455 0.00133516 0.39807 -0.251971 -0.0030118
22 -0.000953674 0.539598 -1.64244 -1.55797 1.67296 -1.82975 0.779545 0.98156 0.000953689 0.0272755 -0.221065 -0.066186 0.00209812 0.383955 -0.249546 -0.00209759 -0.197032 0.0505455 0.00133516 0.39807 -0.251971 -0.0030118
22 -0.000953674 0.539598 -1.64244 -1.55797 1.67296 -1.82975 0.779545 0.98156 0.000953689 0.0272755 -0.221065 -0.066186 0.00209812 0.383955 -0.249546 -0.00209759 -0.197032 0.0505455 0.00133516 0.39807 -0.251971 -0.0030118
22 -0.000953674 0.539598 -1.64244 -1.55797 1.67296 -1.82975 0.779545 0.98156 0.000953689 0.0272755 -0.221065 -0.066186 0.00209812 0.383955 -0.249546 -0.00209759 -0.197032 0.0505455 0.00133516 0.39807 -0.251971 -0.0030118
22 -0.000953674 0.539216 -1.64244 -1.55797 1.67296 -1.82975 0.779545 0.98156 0.000953689 0.0272755 -0.221065 -0.066186 0.00209812 0.383955 -0.249546 -0.00209759 -0.197032 0.0505455 0.00133516 0.39807 -0.251971 -0.0030118
22 -0.000953674 0.539598 -1.64244 -1.55797 1.67296 -1.82975 0.779545 0.98156 0.000953689 0.0272755 -0.221065 -0.066186 0.00209812 0.383955 -0.249546 -0.00209759 -0.197032 0.0505455 0.00133516 0.39807 -0.251971 -0.0030118
22 -0.000953674 0.539598 -1.64244 -1.55797 1.67296 -1.82975 0.779545 0.98156 0.000953689 0.0272755 -0.221065 -0.066186 0.00209812 0.383955 -0.249546 -0.00209759 -0.197032 0.0505455 0.00133516 0.39807 -0.251971 -0.0030118
22 -0.000953674 0.539598 -1.64244 -1.55797 1.67296 -1.82975 0.779545 0.98156 0.000953689 0.0272755 -0.221065 -0.066186 0.00209812 0.383955 -0.249546 -0.00209759 -0.197032 0.0505455 0.00133516 0.39807 -0.251971 -0.0030118
22 -0.000953674 0.539216 -1.64244 -1.55797 1.67296 -1.82975 0.779545 0.98156 0.000953689 0.0272755 -0.221065 -0.066186 0.00209812 0.383955 -0.249546 -0.00209759 -0.197032 0.0505455 0.00133516 0.39807 -0.251971 -0.0030118
22 -0.000953674 0.539598 -1.64244 -1.55797 1.67296 -1.82975 0.779545 0.98156 0.000953689 0.0272755 -0.221065 -0.066186 0.00209812 0.383955 -0.249546 -0.00209759 -0.197032 0.0505455 0.00133516 0.39807 -0.251971 -0.0030118
22 -0.000953674 0.539598 -1.64244 -1.55797 1.67296 -1.82975 0.779545 0.98156 0.000953689 0.0272755 -0.221065 -0.066186 0.00209812 0.383955 -0.249546 -0.00209759 -0.197032 0.0505455 0.00133516 0.39807 -0.251971 -0.0030118
22 -0.000953674 0.539216 -1.64244 -1.55797 1.67296 -1.82975 0.779545 0.98156 0.000953689 0.0272755 -0.221065 -0.066186 0.00209812 0.383955 -0.249546 -0.00209759 -0.197032 0.0505455 0.00133516 0.39807 -0.251971 -0.0030118
22 -0.000953674 0.539216 -1.64244 -1.55797 1.67296 -1.82975 0.779545 0.98156 0.000953689 0.0272755 -0.221065 -0.066186 0.00209812 0.383955 -0.249546 -0.00209759 -0.197032 0.0505455 0.00133516 0.39807 -0.251971 -0.0030118
22 -0.000953674 0.539216 -1.64244 -1.55797 1.67296 -1.82975 0.779545 0.98156 0.000953689 0.0272755 -0.221065 -0.066186 0.00209812 0.383955 -0.249546 -0.00209759 -0.197032 0.0505455 0.00133516 0.39807 -0.251971 -0.0030118
22 -0.000953674 0.539216 -1.64244 -1.55797 1.67296 -1.82975 0.779545 0.98156 0.000953689 0.0272755 -0.221065 -0.066186 0.00209812 0.383955 -0.249546 -0.00209759 -0.197032 0.0505455 0.00133516 0.39807 -0.251971 -0.0030118
22 -0.000953674 0.539216 -1.64244 -1.55797 1.67296 -1.82975 0.779545 0.98156 0.000953689 0.0272755 -0.221065 -0.066186 0.00209812 0.383955 -0.249546 -0.00209759 -0.197032 0.0505455 0.00133516 0.39807 -0.251971 -0.0030118
22 -0.000953674 0.539216 -1.64244 -1.55797 1.67296 -1.82975 0.779545 0.98156 0.000953689 0.0272755 -0.221065 -0.066186 0.00209812 0.383955 -0.249546 -0.00209759 -0.197032 0.0505455 0.00133516 0.39807 -0.251971 -0.0030118
22 -0.000953674 0.539216 -1.64244 -1.55797 1.67296 -1.82975 0.779545 0.98156 0.000953689 0.0272755 -0.221065 -0.066186 0.00209812 0.383955 -0.249546 -0.00209759 -0.197032 0.0505455 0.00133516 0.39807 -0.251971 -0.0030118
22 -0.000953674 0.538835 -1.64244 -1.55797 1.67296 -1.82975 0.779545 0.98156 0.000953689 0.0272755 -0.221065 -0.066186 0.00209812 0.383955 -0.249546 -0.00209759 -0.197032 0.0505455 0.00133516 0.39807 -0.251971 -0.0030118
22 -0.000953674 0.538835 -1.64244 -1.55797 1.67296 -1.82975 0.779545 0.98156 0.000953689 0.0272755 -0.221065 -0.066186 0.00209812 0.383955 -0.249546 -0.00209759 -0.197032 0.0505455 0.00133516 0.39807 -0.251971 -0.0030118
22 -0.000953674 0.538835 -1.64244 -1.55797 1.67296 -1.82975 0.779545 0.98156 0.000953689 0.0272755 -0.221065 -0.066186 0.00209812 0.383955 -0.249546 -0.00209759 -0.197032 0.0505455 0.00133516 0.39807 -0.251971 -0.0030118
22 -0.000953674 0.538835 -1.64244 -1.55797 1.67296 -1.82975 0.779545 0.98156 0.000953689 0.0272755 -0.221065 -0.066186 0.00209812 0.383955 -0.249546 -0.00209759 -0.197032 0.0505455 0.00133516 0.39807 -0.251971 -0.0030118
22 -0.000953674 0.538835 -1.64244 -1.55759 1.67296 -1.82975 0.779545 0.98156 0.000953689 0.0272755 -0.221065 -0.066186 0.00209812 0.383955 -0.249546 -0.00209759 -0.197032 0.0505455 0.00133516 0.39807 -0.251971 -0.0030118
22 -0.000953674 0.538453 -1.64244 -1.55797 1.67296 -1.82975 0.779545 0.98156 0.000953689 0.0272755 -0.221065 -0.066186 0.00209812 0.383955 -0.249546 -0.00209759 -0.197032 0.050927 0.00133516 0.39807 -0.251971 -0.0030118
22 -0.000953674 0.538453 -1.64244 -1.55759 1.67296 -1.82975 0.779545 0.98156 0.000953689 0.0272755 -0.221065 -0.066186 0.00209812 0.383955 -0.249546 -0.00209759 -0.197032 0.050927 0.00133516 0.39807 -0.251971 -0.0030118
22 -0.000953674 0.538453 -1.64244 -1.55759 1.67296 -1.82975 0.779545 0.98156 0.000953689 0.0272755 -0.221065 -0.066186 0.00209812 0.383955 -0.249546 -0.00209759 -0.197032 0.050927 0.00133516 0.39807 -0.251971 -0.0030118
22 -0.000953674 0.538072 -1.64244 -1.55759 1.67296 -1.82975 0.779545 0.98156 0.000953689 0.0272755 -0.221065 -0.066186 0.00209812 0.383955 -0.249546 -0.00209759 -0.197032 0.050927 0.00133516 0.39807 -0.251971 -0.0030118
22 -0.000953674 0.538072 -1.64244 -1.55759 1.67296 -1.82975 0.779545 0.98156 0.000953689 0.0272755 -0.221065 -0.066186 0.00209812 0.383955 -0.249546 -0.00209759 -0.197032 0.050927 0.00133516 0.39807 -0.251971 -0.0030118
22 -0.000953674 0.53769 -1.64244 -1.55759 1.67296 -1.82975 0.779545 0.98156 0.000953689 0.0272755 -0.221065 -0.066186 0.00209812 0.383955 -0.249546 -0.00209759 -0.197032 0.050927 0.00133516 0.39807 -0.251971 -0.0030118
22 -0.000953674 0.53769 -1.64244 -1.55759 1.67296 -1.82975 0.779545 0.98156 0.000953689 0.0272755 -0.221065 -0.066186 0.00209812 0.383955 -0.249546 -0.00209759 -0.197032 0.050927 0.00133516 0.39807 -0.251971 -0.0030118
22 -0.000953674 0.537309 -1.64244 -1.55759 1.67296 -1.82975 0.779545 0.98156 0.000953689 0.0272755 -0.221065 -0.066186 0.00209812 0.383955 -0.249546 -0.00209759 -0.197032 0.050927 0.00133516 0.39807 -0.251971 -0.0030118
22 -0.000953674 0.537309 -1.64244 -1.55759 1.67296 -1.82975 0.779545 0.98156 0.000953689 0.0272755 -0.221065 -0.066186 0.00209812 0.383955 -0.249546 -0.00209759 -0.197032 0.050927 0.00133516 0.39807 -0.251971 -0.0030118
22 -0.000953674 0.536927 -1.64244 -1.55759 1.67296 -1.82975 0.779545 0.98156 0.000953689 0.0272755 -0.221065 -0.066186 0.00209812 0.383955 -0.249546 -0.00209759 -0.197032 0.050927 0.00133516 0.39807 -0.251971 -0.0030118
22 -0.000953674 0.536546 -1.64244 -1.55797 1.67296 -1.82975 0.779545 0.98156 0.000953689 0.0272755 -0.221065 -0.066186 0.00209812 0.383955 -0.249546 -0.00209759 -0.197032 0.050927 0.00133516 0.39807 -0.251971 -0.0030118
22 -0.000953674 0.536164 -1.64244 -1.55759 1.67296 -1.82975 0.779545 0.98156 0.000953689 0.0272755 -0.221065 -0.066186 0.00209812 0.383955 -0.249546 -0.00209759 -0.197032 0.050927 0.00133516 0.39807 -0.251971 -0.0030118
22 -0.000953674 0.536164 -1.64244 -1.55797 1.67296 -1.82975 0.779545 0.98156 0.000953689 0.0272755 -0.221065 -0.066186 0.00209812 0.383955 -0.249546 -0.00209759 -0.197032 0.050927 0.00133516 0.39807 -0.251971 -0.0030118
22 -0.000953674 0.535401 -1.64244 -1.55797 1.67296 -1.82975 0.779545 0.98156 0.000953689 0.0272755 -0.221065 -0.066186 0.00209812 0.383955 -0.249546 -0.00209759 -0.197032 0.050927 0.00133516 0.39807 -0.251971 -0.0030118
22 -0.000572205 0.535401 -1.64244 -1.55797 1.67296 -1.82975 0.779545 0.98156 0.000953689 0.0272755 -0.221065 -0.066186 0.00209812 0.383955 -0.249546 -0.00209759 -0.197032 0.050927 0.00133516 0.39807 -0.251971 -0.0030118
22 -0.000953674 0.53502 -1.64244 -1.55759 1.67296 -1.82975 0.779545 0.98156 0.000953689 0.0272755 -0.221065 -0.066186 0.00209812 0.383955 -0.249546 -0.00209759 -0.197032 0.050927 0.00133516 0.39807 -0.251971 -0.0030118
22 -0.000953674 0.534638 -1.64244 -1.55759 1.67296 -1.82975 0.779545 0.98156 0.000953689 0.0272755 -0.221065 -0.066186 0.00209812 0.383955 -0.249546 -0.00209759 -0.197032 0.050927 0.00133516 0.39807 -0.251971 -0.0030118
22 -0.000953674 0.534257 -1.64244 -1.55797 1.67296 -1.82975 0.779545 0.98156 0.000953689 0.0272755 -0.221065 -0.066186 0.00209812 0.383955 -0.249546 -0.00209759 -0.197032 0.050927 0.00133516 0.39807 -0.251971 -0.0030118
22 -0.000953674 0.533875 -1.64244 -1.55759 1.67296 -1.82975 0.779545 0.98156 0.000953689 0.0272755 -0.221065 -0.066186 0.00209812 0.383955 -0.249546 -0.00209759 -0.197032 0.050927 0.00133516 0.39807 -0.251971 -0.0030118
22 -0.000953674 0.533875 -1.64244 -1.55797 1.67296 -1.82975 0.779545 0.981942 0.000953689 0.0272755 -0.221065 -0.066186 0.00209812 0.383955 -0.249546 -0.00209759 -0.197032 0.050927 0.00133516 0.39807 -0.251971 -0.0030118
22 -0.000572205 0.533494 -1.64244 -1.55797 1.67296 -1.82975 0.779545 0.981942 0.000953689 0.0272755 -0.221065 -0.066186 0.00209812 0.383955 -0.249546 -0.00209759 -0.197032 0.050927 0.00133516 0.39807 -0.251971 -0.0030118
22 -0.000953674 0.533494 -1.64244 -1.55759 1.67296 -1.82975 0.779545 0.981942 0.000953689 0.0272755 -0.221065 -0.066186 0.00209812 0.383955 -0.249546 -0.00209759 -0.197032 0.050927 0.00133516 0.39807 -0.251971 -0.0030118
22 -0.000572205 0.533113 -1.64244 -1.55797 1.67296 -1.82975 0.779545 0.981942 0.000953689 0.0272755 -0.221065 -0.066186 0.00209812 0.383955 -0.249546 -0.00209759 -0.197032 0.050927 0.00133516 0.39807 -0.251971 -0.0030118
22 -0.000572205 0.532731 -1.64244 -1.55797 1.67296 -1.82975 0.779545 0.981942 0.000953689 0.0272755 -0.221065 -0.066186 0.00209812 0.383955 -0.249546 -0.00209759 -0.197032 0.050927 0.00133516 0.39807 -0.251971 -0.0030118
22 -0.000572205 0.532731 -1.64244 -1.55759 1.67296 -1.82975 0.779545 0.981942 0.000953689 0.0272755 -0.221065 -0.066186 0.00209812 0.383955 -0.249546 -0.00209759 -0.197032 0.050927 0.00133516 0.39807 -0.251971 -0.0030118
22 -0.000953674 0.53235 -1.64244 -1.55759 1.67296 -1.82975 0.779545 0.981942 0.000953689 0.0272755 -0.221065 -0.066186 0.00209812 0.383955 -0.249546 -0.00209759 -0.197032 0.050927 0.00133516 0.39807 -0.251971 -0.0030118
22 -0.000953674 0.53235 -1.64244 -1.55759 1.67296 -1.82975 0.779545 0.981942 0.000953689 0.0272755 -0.221065 -0.066186 0.00209812 0.383955 -0.249546 -0.00209759 -0.197032 0.0505455 0.00133516 0.39807 -0.251971 -0.0030118
22 -0.000572205 0.531968 -1.64244 -1.55759 1.67296 -1.82975 0.779545 0.981942 0.000953689 0.0272755 -0.221065 -0.066186 0.00209812 0.383955 -0.249546 -0.00209759 -0.197032 0.050927 0.00133516 0.39807 -0.251971 -0.0030118
22 -0.000953674 0.531968 -1.64244 -1.55797 1.67296 -1.82975 0.779545 0.981942 0.000953689 0.0272755 -0.221065 -0.066186 0.00209812 0.383955 -0.249546 -0.00209759 -0.197032 0.0505455 0.00133516 0.39807 -0.251971 -0.0030118
22 -0.000953674 0.531968 -1.64244 -1.55759 1.67296 -1.82975 0.779545 0.981942 0.000953689 0.0272755 -0.221065 -0.066186 0.00209812 0.383955 -0.249546 -0.00209759 -0.197032 0.050927 0.00133516 0.39807 -0.251971 -0.0030118
22 -0.000953674 0.531587 -1.64244 -1.55759 1.67296 -1.82975 0.779545 0.981942 0.000953689 0.0272755 -0.221065 -0.066186 0.00209812 0.383955 -0.249546 -0.00209759 -0.197032 0.050927 0.00133516 0.39807 -0.251971 -0.0030118
22 -0.000953674 0.531587 -1.64244 -1.55759 1.67296 -1.82975 0.779545 0.981942 0.000953689 0.0272755 -0.221065 -0.066186 0.00209812 0.383955 -0.249546 -0.00209759 -0.197032 0.050927 0.00133516 0.39807 -0.251971 -0.0030118
22 -0.000572205 0.531587 -1.64244 -1.55759 1.67296 -1.82975 0.779545 0.981942 0.000953689 0.0272755 -0.221065 -0.066186 0.00209812 0.383955 -0.249546 -0.00209759 -0.197032 0.0505455 0.00133516 0.39807 -0.251971 -0.0030118
22 -0.000953674 0.531204 -1.64244 -1.55759 1.67296 -1.82975 0.779545 0.981942 0.000953689 0.0272755 -0.221065 -0.066186 0.00209812 0.383955 -0.249546 -0.00209759 -0.197032 0.0505455 0.00133516 0.39807 -0.251971 -0.0030118
22 -0.000572205 0.531204 -1.64244 -1.55759 1.67296 -1.82975 0.779545 0.981942 0.000953689 0.0272755 -0.221065 -0.066186 0.00209812 0.383955 -0.249546 -0.00209759 -0.197032 0.0505455 0.00133516 0.39807 -0.251971 -0.0030118
22 -0.000572205 0.530823 -1.64244 -1.55759 1.67296 -1.82975 0.779545 0.981942 0.000953689 0.0272755 -0.221065 -0.066186 0.00209812 0.383955 -0.249546 -0.00209759 -0.197032 0.0505455 0.00133516 0.39807 -0.251971 -0.0030118
22 -0.000572205 0.530823 -1.64244 -1.55797 1.67296 -1.82975 0.779545 0.981942 0.000953689 0.0272755 -0.221065 -0.066186 0.00209812 0.383955 -0.249546 -0.00209759 -0.197032 0.050927 0.00133516 0.39807 -0.251971 -0.0030118
22 -0.000953674 0.530441 -1.64244 -1.55759 1.67296 -1.82975 0.779545 0.981942 0.000953689 0.0272755 -0.221065 -0.066186 0.00209812 0.383955 -0.249546 -0.00209759 -0.197032 0.050927 0.00133516 0.39807 -0.251971 -0.0030118
22 -0.000572205 0.53006 -1.64244 -1.55797 1.67296 -1.82975 0.779545 0.981942 0.000953689 0.0272755 -0.221065 -0.066186 0.00209812 0.383955 -0.249546 -0.00209759 -0.197032 0.0505455 0.00133516 0.39807 -0.251971 -0.0030118
22 -0.000572205 0.529678 -1.64244 -1.55759 1.67296 -1.82975 0.779545 0.981942 0.000953689 0.0272755 -0.221065 -0.066186 0.00209812 0.383955 -0.249546 -0.00209759 -0.197032 0.0505455 0.00133516 0.39807 -0.251971 -0.0030118
22 -0.000953674 0.529297 -1.64244 -1.55759 1.67296 -1.82975 0.779545 0.981942 0.000953689 0.0272755 -0.221065 -0.066186 0.00209812 0.383955 -0.249546 -0.00209759 -0.197032 0.0505455 0.00133516 0.39807 -0.251971 -0.0030118
22 -0.000953674 0.529297 -1.64244 -1.55759 1.67296 -1.82975 0.779545 0.981942 0.000953689 0.0272755 -0.221065 -0.0658045 0.00209812 0.383955 -0.249546 -0.00209759 -0.197032 0.0505455 0.00133516 0.39807 -0.251971 -0.0030118
22 -0.000572205 0.528915 -1.64244 -1.55759 1.67296 -1.82975 0.779545 0.981942 0.000953689 0.0272755 -0.221065 -0.0658045 0.00209812 0.383955 -0.249546 -0.00209759 -0.197032 0.0505455 0.00133516 0.39807 -0.251971 -0.0030118
22 -0.000572205 0.528534 -1.64244 -1.55759 1.67296 -1.82975 0.779545 0.981942 0.000953689 0.0272755 -0.221065 -0.0658045 0.00209812 0.383955 -0.249546 -0.00209759 -0.197032 0.0505455 0.00133516 0.39807 -0.251971 -0.0030118
22 -0.000953674 0.528152 -1.64244 -1.55759 1.67296 -1.82975 0.779545 0.981942 0.000953689 0.0272755 -0.221065 -0.0658045 0.00209812 0.383955 -0.249546 -0.00209759 -0.197032 0.0505455 0.00133516 0.39807 -0.251971 -0.0030118
22 -0.000572205 0.527771 -1.64244 -1.55759 1.67296 -1.82975 0.779545 0.981942 0.000953689 0.0272755 -0.221065 -0.0658045 0.00209812 0.383955 -0.249546 -0.00209759 -0.197032 0.0505455 0.00133516 0.39807 -0.251971 -0.0030118
22 -0.000572205 0.52739 -1.64244 -1.55759 1.67296 -1.82975 0.779545 0.981942 0.000953689 0.0272755 -0.221065 -0.0658045 0.00209812 0.383955 -0.249546 -0.00209759 -0.197032 0.0505455 0.00133516 0.39807 -0.251971 -0.0030118
22 -0.000572205 0.52739 -1.64244 -1.55759 1.67296 -1.82975 0.779545 0.981942 0.000953689 0.0272755 -0.221065 -0.0658045 0.00209812 0.383955 -0.249546 -0.00209759 -0.197032 0.0505455 0.00133516 0.39807 -0.251971 -0.0030118
22 -0.000572205 0.527008 -1.64244 -1.55797 1.67296 -1.82975 0.779545 0.981942 0.000953689 0.0272755 -0.221065 -0.0658045 0.00209812 0.383955 -0.249546 -0.00209759 -0.197032 0.0505455 0.00133516 0.39807 -0.251971 -0.0030118
22 -0.000953674 0.526627 -1.64244 -1.55759 1.67296 -1.82975 0.779545 0.981942 0.000953689 0.0272755 -0.221065 -0.0658045 0.00209812 0.383955 -0.249546 -0.00209759 -0.197032 0.0505455 0.00133516 0.39807 -0.251971 -0.0030118
22 -0.000572205 0.526627 -1.64244 -1.55759 1.67296 -1.82975 0.779545 0.981942 0.000953689 0.0272755 -0.221065 -0.0658045 0.00209812 0.383955 -0.249546 -0.00209759 -0.197032 0.0505455 0.00133516 0.39807 -0.251971 -0.0030118
22 -0.000572205 0.526245 -1.64244 -1.55797 1.67296 -1.82975 0.779545 0.981942 0.000953689 0.0272755 -0.221065 -0.0658045 0.00209812 0.383955 -0.249546 -0.00209759 -0.197032 0.0505455 0.00133516 0.39807 -0.251971 -0.0030118
22 -0.000953674 0.525864 -1.64244 -1.55759 1.67296 -1.82975 0.779545 0.981942 0.000953689 0.0272755 -0.221065 -0.0658045 0.00209812 0.383955 -0.249546 -0.00209759 -0.197032 0.0505455 0.00133516 0.39807 -0.251971 -0.0030118
22 -0.000572205 0.525864 -1.64244 -1.55797 1.67296 -1.82975 0.779545 0.981942 0.000953689 0.0272755 -0.221065 -0.0658045 0.00209812 0.383955 -0.249546 -0.00209759 -0.197032 0.0505455 0.00133516 0.39807 -0.251971 -0.0030118
22 -0.000572205 0.525482 -1.64244 -1.55797 1.67296 -1.82975 0.779545 0.981942 0.000953689 0.0272755 -0.221065 -0.0658045 0.00209812 0.383955 -0.249546 -0.00209759 -0.197032 0.0505455 0.00133516 0.39807 -0.251971 -0.0030118
22 -0.000572205 0.525482 -1.64244 -1.55759 1.67296 -1.82975 0.779545 0.981942 0.000953689 0.0272755 -0.221065 -0.0658045 0.00209812 0.383955 -0.249546 -0.00209759 -0.197032 0.0505455 0.00133516 0.39807 -0.251971 -0.0030118
22 -0.000572205 0.525101 -1.64244 -1.55759 1.67296 -1.82975 0.779545 0.981942 0.000953689 0.0272755 -0.221065 -0.0658045 0.00209812 0.383955 -0.249546 -0.00209759 -0.197032 0.0505455 0.00133516 0.39807 -0.251971 -0.0030118
22 -0.000572205 0.524719 -1.64244 -1.55759 1.67296 -1.82975 0.779545 0.981942 0.000953689 0.0272755 -0.221065 -0.0658045 0.00209812 0.383955 -0.249546 -0.00209759 -0.197032 0.0505455 0.00133516 0.39807 -0.251971 -0.0030118
22 -0.000572205 0.524719 -1.64244 -1.55759 1.67296 -1.82975 0.779545 0.981942 0.000953689 0.0272755 -0.221065 -0.0658045 0.00209812 0.383955 -0.249546 -0.00209759 -0.197032 0.0505455 0.00133516 0.39807 -0.251971 -0.0030118
22 -0.000572205 0.524719 -1.64244 -1.55759 1.67296 -1.82975 0.779545 0.981942 0.000953689 0.0272755 -0.221065 -0.0658045 0.00209812 0.383955 -0.249546 -0.00209759 -0.197032 0.0505455 0.00133516 0.39807 -0.251971 -0.0030118
22 -0.000953674 0.524338 -1.64244 -1.55797 1.67296 -1.82975 0.779545 0.981942 0.000953689 0.0272755 -0.221065 -0.0658045 0.00209812 0.383955 -0.249546 -0.00209759 -0.197032 0.0505455 0.00133516 0.39807 -0.251971 -0.0030118
22 -0.000953674 0.524338 -1.64244 -1.55797 1.67296 -1.82975 0.779545 0.981942 0.000953689 0.0272755 -0.221065 -0.0658045 0.00209812 0.383955 -0.249546 -0.00209759 -0.197032 0.0505455 0.00133516 0.39807 -0.251971 -0.0030118
22 -0.000572205 0.523956 -1.64244 -1.55797 1.67296 -1.82975 0.779545 0.981942 0.000953689 0.0272755 -0.221065 -0.0658045 0.00209812 0.383955 -0.249546 -0.00209759 -0.197032 0.0505455 0.00133516 0.39807 -0.251971 -0.0030118
22 -0.000572205 0.523956 -1.64244 -1.55797 1.67296 -1.82975 0.779545 0.981942 0.000953689 0.0272755 -0.221065 -0.0658045 0.00209812 0.383955 -0.249546 -0.00209759 -0.197032 0.0505455 0.00133516 0.39807 -0.251971 -0.0030118
22 -0.000572205 0.523575 -1.64244 -1.55797 1.67296 -1.82975 0.779545 0.981942 0.000953689 0.0272755 -0.221065 -0.0658045 0.00209812 0.383955 -0.249546 -0.00209759 -0.197032 0.0505455 0.00133516 0.39807 -0.251971 -0.0030118
22 -0.000572205 0.523193 -1.64244 -1.55759 1.67296 -1.82975 0.779545 0.981942 0.000953689 0.0272755 -0.221065 -0.0658045 0.00209812 0.383955 -0.249546 -0.00209759 -0.197032 0.0505455 0.00133516 0.39807 -0.251971 -0.0030118
22 -0.000953674 0.523193 -1.64244 -1.55797 1.67296 -1.82975 0.779545 0.981942 0.000953689 0.0272755 -0.221065 -0.0658045 0.00209812 0.383955 -0.249546 -0.00209759 -0.197032 0.0505455 0.00133516 0.39807 -0.251971 -0.0030118
22 -0.000572205 0.522812 -1.64244 -1.55759 1.67296 -1.82975 0.779545 0.981942 0.000953689 0.0272755 -0.221065 -0.0658045 0.00209812 0.383955 -0.249546 -0.00209759 -0.197032 0.0505455 0.00133516 0.39807 -0.251971 -0.0030118
22 -0.000572205 0.522049 -1.64244 -1.55759 1.67296 -1.82975 0.779545 0.981942 0.000953689 0.0272755 -0.221065 -0.0658045 0.00209812 0.383955 -0.249546 -0.00209759 -0.197032 0.0505455 0.00133516 0.39807 -0.251971 -0.0030118
22 -0.000572205 0.522049 -1.64244 -1.55759 1.67296 -1.82975 0.779545 0.981942 0.000953689 0.0272755 -0.221065 -0.0654231 0.00209812 0.383955 -0.249546 -0.00209759 -0.197032 0.0505455 0.00133516 0.39807 -0.251971 -0.0030118
22 -0.000572205 0.521667 -1.64244 -1.55797 1.67296 -1.82975 0.779545 0.981942 0.000953689 0.0272755 -0.221065 -0.0654231 0.00209812 0.383955 -0.249546 -0.00209759 -0.197032 0.0505455 0.00133516 0.39807 -0.251971 -0.0030118
22 -0.000572205 0.521286 -1.64244 -1.55797 1.67296 -1.82975 0.779545 0.981942 0.000953689 0.0272755 -0.221065 -0.0654231 0.00209812 0.383955 -0.249546 -0.00209759 -0.197032 0.0505455 0.00133516 0.39807 -0.251971 -0.0030118
22 -0.000572205 0.520905 -1.64244 -1.55797 1.67296 -1.82975 0.779545 0.981942 0.000953689 0.0272755 -0.221065 -0.0654231 0.00209812 0.383955 -0.249546 -0.00209759 -0.197032 0.0505455 0.00133516 0.39807 -0.251971 -0.0030118
22 -0.000953674 0.520523 -1.64244 -1.55759 1.67296 -1.82975 0.779545 0.981942 0.000953689 0.0272755 -0.221065 -0.0654231 0.00209812 0.383955 -0.249546 -0.00209759 -0.197032 0.0505455 0.00133516 0.39807 -0.251971 -0.0030118
22 -0.000953674 0.520142 -1.64244 -1.55797 1.67296 -1.82975 0.779545 0.981942 0.000953689 0.0272755 -0.221065 -0.0654231 0.00209812 0.383955 -0.249546 -0.00209759 -0.197032 0.0505455 0.00133516 0.39807 -0.251971 -0.0030118
22 -0.000572205 0.51976 -1.64244 -1.55797 1.67296 -1.82975 0.779545 0.981942 0.000953689 0.0272755 -0.221065 -0.0654231 0.00209812 0.383955 -0.249546 -0.00209759 -0.197032 0.0505455 0.00133516 0.39807 -0.251971 -0.0030118
22 -0.000572205 0.519379 -1.64244 -1.55797 1.67296 -1.82975 0.779545 0.981942 0.000953689 0.0272755 -0.221065 -0.0654231 0.00209812 0.383955 -0.249546 -0.00209759 -0.197032 0.0505455 0.00133516 0.39807 -0.251971 -0.0030118
22 -0.000953674 0.518997 -1.64244 -1.55759 1.67296 -1.82975 0.779545 0.981942 0.000953689 0.0272755 -0.221065 -0.0654231 0.00209812 0.383955 -0.249546 -0.00209759 -0.197032 0.0505455 0.00133516 0.39807 -0.251971 -0.0030118
22 -0.000572205 0.518616 -1.64244 -1.55797 1.67296 -1.82975 0.779545 0.981942 0.000953689 0.0272755 -0.221065 -0.0654231 0.00209812 0.383955 -0.249546 -0.00209759 -0.197032 0.0505455 0.00133516 0.39807 -0.251971 -0.0030118
22 -0.000572205 0.518234 -1.64244 -1.55797 1.67296 -1.82975 0.779545 0.981942 0.000953689 0.0272755 -0.221065 -0.0654231 0.00209812 0.383955 -0.249546 -0.00209759 -0.197032 0.0505455 0.00133516 0.39807 -0.251971 -0.0030118
22 -0.000572205 0.517853 -1.64244 -1.55759 1.67296 -1.82975 0.779545 0.981942 0.000953689 0.0272755 -0.221065 -0.0654231 0.00209812 0.383955 -0.249546 -0.00209759 -0.197032 0.0505455 0.00133516 0.39807 -0.251971 -0.0030118
22 -0.000572205 0.517471 -1.64244 -1.55759 1.67296 -1.82975 0.779545 0.981942 0.000953689 0.0272755 -0.221065 -0.0654231 0.00209812 0.383955 -0.249546 -0.00209759 -0.197032 0.0505455 0.00133516 0.39807 -0.251971 -0.0030118
22 -0.000953674 0.51709 -1.64244 -1.55797 1.67296 -1.82975 0.779545 0.981942 0.000953689 0.0272755 -0.221065 -0.0654231 0.00209812 0.383955 -0.249546 -0.00209759 -0.197032 0.0505455 0.00133516 0.39807 -0.251971 -0.0030118
22 -0.000572205 0.516708 -1.64244 -1.55759 1.67296 -1.82975 0.779545 0.981942 0.000953689 0.0272755 -0.221065 -0.0654231 0.00209812 0.383955 -0.249546 -0.00209759 -0.197032 0.0505455 0.00133516 0.39807 -0.251971 -0.0030118
22 -0.000572205 0.516708 -1.64244 -1.55759 1.67296 -1.82975 0.779545 0.981942 0.000953689 0.0272755 -0.221065 -0.0654231 0.00209812 0.383955 -0.249546 -0.00209759 -0.197032 0.0505455 0.00133516 0.39807 -0.251971 -0.0030118
22 -0.000572205 0.516327 -1.64244 -1.55759 1.67296 -1.82975 0.779545 0.981942 0.000953689 0.0272755 -0.221065 -0.0654231 0.00209812 0.383955 -0.249546 -0.00209759 -0.197032 0.0505455 0.00133516 0.39807 -0.251971 -0.0030118
22 -0.000572205 0.515945 -1.64244 -1.55759 1.67296 -1.82975 0.779545 0.981942 0.000953689 0.0272755 -0.221065 -0.0654231 0.00209812 0.383955 -0.249546 -0.00209759 -0.197032 0.0505455 0.00133516 0.39807 -0.251971 -0.0030118
22 -0.000572205 0.515564 -1.64244 -1.55797 1.67296 -1.82975 0.779545 0.981942 0.000953689 0.0272755 -0.221065 -0.0654231 0.00209812 0.383955 -0.249546 -0.00209759 -0.197032 0.0505455 0.00133516 0.39807 -0.251971 -0.0030118
22 -0.000572205 0.515182 -1.64244 -1.55797 1.67296 -1.82975 0.779545 0.981942 0.000953689 0.0272755 -0.221065 -0.0654231 0.00209812 0.383955 -0.249546 -0.00209759 -0.197032 0.0505455 0.00133516 0.39807 -0.251971 -0.0030118
22 -0.000572205 0.514801 -1.64244 -1.55797 1.67296 -1.82975 0.779545 0.981942 0.000953689 0.0272755 -0.221065 -0.0654231 0.00209812 0.383955 -0.249546 -0.00209759 -0.197032 0.0505455 0.00133516 0.39807 -0.251971 -0.0030118
22 -0.000572205 0.514801 -1.64244 -1.55759 1.67296 -1.82975 0.779545 0.981942 0.000953689 0.0272755 -0.221065 -0.0654231 0.00209812 0.383955 -0.249546 -0.00209759 -0.197032 0.0505455 0.00133516 0.39807 -0.251971 -0.0030118
22 -0.000572205 0.51442 -1.64244 -1.55759 1.67296 -1.82975 0.779545 0.981942 0.000953689 0.0272755 -0.221065 -0.0654231 0.00209812 0.383955 -0.249546 -0.00209759 -0.197032 0.0505455 0.00133516 0.39807 -0.251971 -0.0030118
22 -0.000572205 0.514038 -1.64244 -1.55759 1.67296 -1.82975 0.779545 0.981942 0.000953689 0.0272755 -0.221065 -0.0654231 0.00209812 0.383955 -0.249546 -0.00209759 -0.197032 0.0505455 0.00133516 0.39807 -0.251971 -0.0030118
22 -0.000953674 0.513657 -1.64244 -1.55759 1.67296 -1.82975 0.779545 0.981942 0.000953689 0.0272755 -0.221065 -0.0654231 0.00209812 0.383955 -0.249546 -0.00209759 -0.197032 0.0505455 0.00133516 0.39807 -0.251971 -0.0030118
22 -0.000572205 0.513275 -1.64244 -1.55759 1.67296 -1.82975 0.779545 0.981942 0.000953689 0.0272755 -0.221065 -0.0654231 0.00209812 0.383955 -0.249546 -0.00209759 -0.197032 0.0505455 0.00133516 0.39807 -0.251971 -0.0030118
22 -0.000572205 0.512894 -1.64244 -1.55759 1.67296 -1.82975 0.779545 0.981942 0.000953689 0.0272755 -0.221065 -0.0654231 0.00209812 0.383955 -0.249546 -0.00209759 -0.197032 0.0505455 0.00133516 0.39807 -0.251971 -0.0030118
22 -0.000572205 0.512512 -1.64244 -1.55759 1.67296 -1.82975 0.779545 0.981942 0.000953689 0.0272755 -0.221065 -0.0650416 0.00209812 0.383955 -0.249546 -0.00209759 -0.197032 0.0505455 0.00133516 0.39807 -0.251971 -0.0030118
22 -0.000572205 0.512131 -1.64244 -1.55759 1.67296 -1.82975 0.779545 0.981942 0.000953689 0.0272755 -0.221065 -0.0650416 0.00209812 0.383955 -0.249546 -0.00209759 -0.197032 0.0505455 0.00133516 0.39807 -0.251971 -0.0030118
22 -0.000953674 0.511749 -1.64244 -1.55797 1.67296 -1.82975 0.779545 0.981942 0.000953689 0.0272755 -0.221065 -0.0650416 0.00209812 0.383955 -0.249546 -0.00209759 -0.197032 0.0505455 0.00133516 0.39807 -0.251971 -0.0030118
22 -0.000572205 0.511368 -1.64282 -1.55759 1.67296 -1.82975 0.779545 0.981942 0.000953689 0.0272755 -0.221065 -0.0650416 0.00209812 0.383955 -0.249546 -0.00209759 -0.197032 0.0505455 0.00133516 0.39807 -0.251971 -0.0030118
22 -0.000572205 0.510986 -1.64282 -1.55797 1.67296 -1.82975 0.779545 0.981942 0.000953689 0.0272755 -0.221065 -0.0650416 0.00209812 0.383955 -0.249546 -0.00209759 -0.197032 0.0505455 0.00133516 0.39807 -0.251971 -0.0030118
22 -0.000572205 0.510605 -1.64282 -1.55759 1.67296 -1.82975 0.779545 0.981942 0.000953689 0.0272755 -0.221065 -0.0650416 0.00209812 0.383955 -0.249546 -0.00209759 -0.197032 0.0505455 0.00133516 0.39807 -0.251971 -0.0030118
22 -0.000953674 0.510223 -1.64282 -1.55759 1.67296 -1.82975 0.779545 0.981942 0.000953689 0.0272755 -0.221065 -0.0650416 0.00209812 0.383955 -0.249546 -0.00209759 -0.197032 0.0505455 0.00133516 0.39807 -0.251971 -0.0030118
22 -0.000953674 0.509842 -1.64244 -1.55759 1.67296 -1.82975 0.779545 0.981942 0.000953689 0.0272755 -0.221065 -0.0650416 0.00209812 0.383955 -0.249546 -0.00209759 -0.197032 0.0505455 0.00133516 0.39807 -0.251971 -0.0030118
22 -0.000572205 0.509842 -1.64282 -1.55759 1.67296 -1.82975 0.779545 0.981942 0.000953689 0.0272755 -0.221065 -0.0650416 0.00209812 0.383955 -0.249546 -0.00209759 -0.197032 0.0505455 0.00133516 0.39807 -0.251971 -0.0030118
22 -0.000572205 0.50946 -1.64244 -1.55759 1.67296 -1.82975 0.779545 0.981942 0.000953689 0.0272755 -0.221065 -0.0650416 0.00209812 0.383955 -0.249546 -0.00209759 -0.197032 0.0505455 0.00133516 0.39807 -0.251971 -0.0030118
22 -0.000572205 0.509079 -1.64244 -1.55759 1.67296 -1.82975 0.779545 0.981942 0.000953689 0.0272755 -0.221065 -0.0650416 0.00209812 0.383955 -0.249546 -0.00209759 -0.197032 0.0505455 0.00133516 0.39807 -0.251971 -0.0030118
22 -0.000572205 0.509079 -1.64244 -1.55759 1.67296 -1.82975 0.779545 0.981942 0.000953689 0.0272755 -0.221065 -0.0650416 0.00209812 0.383955 -0.249546 -0.00209759 -0.197032 0.0505455 0.00133516 0.39807 -0.251971 -0.0030118
22 -0.000572205 0.508698 -1.64244 -1.55759 1.67296 -1.82975 0.779545 0.981942 0.000953689 0.0272755 -0.221065 -0.0650416 0.00209812 0.383955 -0.249546 -0.00209759 -0.197032 0.0505455 0.00133516 0.39807 -0.251971 -0.0030118
22 -0.000572205 0.508316 -1.64244 -1.55759 1.67296 -1.82975 0.779545 0.981942 0.000953689 0.0272755 -0.221065 -0.0650416 0.00209812 0.383955 -0.249546 -0.00209759 -0.197032 0.0505455 0.00133516 0.39807 -0.251971 -0.0030118
22 -0.000572205 0.507935 -1.64244 -1.55797 1.67296 -1.82975 0.779545 0.981942 0.000953689 0.0272755 -0.221065 -0.0650416 0.00209812 0.383955 -0.249546 -0.00209759 -0.197032 0.0505455 0.00133516 0.39807 -0.251971 -0.0030118
22 -0.000572205 0.507553 -1.64244 -1.55797 1.67296 -1.82975 0.779545 0.981942 0.000953689 0.0272755 -0.221065 -0.0650416 0.00209812 0.383955 -0.249546 -0.00209759 -0.197032 0.0505455 0.00133516 0.39807 -0.251971 -0.0030118
22 -0.000572205 0.507553 -1.64244 -1.55797 1.67296 -1.82975 0.779545 0.981942 0.000953689 0.0272755 -0.221065 -0.0650416 0.00209812 0.383955 -0.249546 -0.00209759 -0.197032 0.0505455 0.00133516 0.39807 -0.251971 -0.0030118
22 -0.000953674 0.507172 -1.64244 -1.55759 1.67296 -1.82975 0.779545 0.981942 0.000953689 0.0272755 -0.221065 -0.0650416 0.00209812 0.383955 -0.249546 -0.00209759 -0.197032 0.0505455 0.00133516 0.39807 -0.251971 -0.0030118
22 -0.000572205 0.50679 -1.64282 -1.55797 1.67296 -1.82975 0.779545 0.981942 0.000953689 0.0272755 -0.221065 -0.0650416 0.00209812 0.383955 -0.249546 -0.00209759 -0.197032 0.0505455 0.00133516 0.39807 -0.251971 -0.0030118
22 -0.000572205 0.506409 -1.64244 -1.55797 1.67296 -1.82975 0.779545 0.981942 0.000953689 0.0272755 -0.221065 -0.0650416 0.00209812 0.383955 -0.249546 -0.00209759 -0.197032 0.0505455 0.00133516 0.39807 -0.251971 -0.0030118
22 -0.000572205 0.506409 -1.64282 -1.55759 1.67296 -1.82975 0.779545 0.981942 0.000953689 0.0272755 -0.221065 -0.0650416 0.00209812 0.383955 -0.249546 -0.00209759 -0.197032 0.0505455 0.00133516 0.39807 -0.251971 -0.0030118
22 -0.000572205 0.506027 -1.64282 -1.55797 1.67296 -1.82975 0.779545 0.981942 0.000953689 0.0272755 -0.221065 -0.0650416 0.00209812 0.383955 -0.249546 -0.00209759 -0.197032 0.0505455 0.00133516 0.39807 -0.251971 -0.0030118
