23 -0.00782013 0.00972748 0.24815 -1.40004 0.000190738 -0.495346 0.250057 1.40042 0.00171664 0.497635 -0.000190738 -0.19894 -0.00324254 0.000572213 0.39044 -0.250115 -0.00164773 -0.197032 0.00133516 0.000190738 0.392729 -0.249621 0.000448977 
23 -0.00782013 0.00972748 0.24815 -1.40004 0.000190738 -0.495346 0.250057 1.40042 0.00171664 0.497635 -0.000190738 -0.19894 -0.00324254 0.000572213 0.39044 -0.250115 -0.00164773 -0.197032 0.00133516 0.000190738 0.392729 -0.249621 0.000448977 
23 -0.00782013 0.00972748 0.24815 -1.40004 0.000190738 -0.495346 0.250057 1.40042 0.00171664 0.497635 -0.000190738 -0.19894 -0.00324254 0.000572213 0.39044 -0.250115 -0.00164773 -0.197032 0.00133516 0.000190738 0.392729 -0.249621 0.000448977 
23 -0.00782013 0.00972748 0.24815 -1.40004 0.000190738 -0.495346 0.250057 1.40042 0.00171664 0.497635 -0.000190738 -0.19894 -0.00324254 0.000572213 0.39044 -0.250115 -0.00164773 -0.197032 0.00133516 0.000190738 0.392729 -0.249621 0.000448977 
23 -0.00782013 0.00972748 0.24815 -1.40004 0.000190738 -0.495346 0.250057 1.40042 0.00171664 0.497635 -0.000190738 -0.19894 -0.00324254 0.000572213 0.39044 -0.250115 -0.00164773 -0.197032 0.00133516 0.000190738 0.392729 -0.249621 0.000448977 
23 -0.00782013 0.00972748 0.24815 -1.40004 0.000190738 -0.495346 0.250057 1.40042 0.00171664 0.497635 -0.000190738 -0.19894 -0.00324254 0.000572213 0.39044 -0.250115 -0.00164773 -0.197032 0.00133516 0.000190738 0.392729 -0.249621 0.000448977 
23 -0.00782013 0.00972748 0.24815 -1.40004 0.000190738 -0.495346 0.250057 1.40042 0.00171664 0.497635 -0.000190738 -0.19894 -0.00324254 0.000572213 0.39044 -0.250115 -0.00164773 -0.197032 0.00133516 0.000190738 0.392729 -0.249621 0.000448977 
23 -0.00782013 0.00972748 0.24815 -1.40004 0.000190738 -0.495346 0.250057 1.40042 0.00171664 0.497635 -0.000190738 -0.19894 -0.00324254 0.000572213 0.39044 -0.250115 -0.00164773 -0.197032 0.00133516 0.000190738 0.392729 -0.249621 0.000448977 
23 -0.00782013 0.00972748 0.24815 -1.40004 0.000190738 -0.495346 0.250057 1.40042 0.00171664 0.497635 -0.000190738 -0.19894 -0.00324254 0.000572213 0.39044 -0.250115 -0.00164773 -0.197032 0.00133516 0.000190738 0.392729 -0.249621 0.000448977 
23 -0.00782013 0.00972748 0.24815 -1.40004 0.000190738 -0.495346 0.250057 1.40004 0.00171664 0.497635 -0.000190738 -0.19894 -0.00324254 0.000572213 0.39044 -0.250115 -0.00164773 -0.197032 0.00133516 0.000190738 0.392729 -0.249621 0.000448977 
23 -0.00743866 0.00972748 0.24815 -1.40004 0.000190738 -0.495346 0.250057 1.40004 0.00171664 0.497635 -0.000190738 -0.19894 -0.00324254 0.000572213 0.39044 -0.250115 -0.00164773 -0.197032 0.00133516 0.000190738 0.392729 -0.249621 0.000448977 
23 -0.00782013 0.00972748 0.24815 -1.40004 0.000190738 -0.495346 0.250057 1.40004 0.00171664 0.497635 -0.000190738 -0.19894 -0.00324254 0.000572213 0.39044 -0.250115 -0.00164773 -0.197032 0.00133516 0.000190738 0.392729 -0.249621 0.000448977 
23 -0.00782013 0.00972748 0.24815 -1.40004 0.000190738 -0.495346 0.250057 1.40004 0.00171664 0.497635 -0.000190738 -0.19894 -0.00324254 0.000572213 0.39044 -0.250115 -0.00164773 -0.197032 0.00133516 0.000190738 0.392729 -0.249621 0.000448977 
23 -0.00782013 0.00972748 0.24815 -1.40004 0.000190738 -0.495346 0.250057 1.39966 0.00171664 0.497635 -0.000190738 -0.19894 -0.00324254 0.000572213 0.39044 -0.250115 -0.00164773 -0.197032 0.00133516 0.000190738 0.392729 -0.249621 0.000448977 
23 -0.00782013 0.00972748 0.24815 -1.40004 0.000190738 -0.495346 0.250057 1.39966 0.00171664 0.497635 -0.000190738 -0.19894 -0.00324254 0.000572213 0.39044 -0.250115 -0.00164773 -0.197032 0.00133516 0.000190738 0.392729 -0.249621 0.000448977 
23 -0.00782013 0.00972748 0.24815 -1.40004 0.000190738 -0.495346 0.250057 1.39966 0.00171664 0.497635 -0.000190738 -0.19894 -0.00324254 0.000572213 0.39044 -0.250115 -0.00164773 -0.197032 0.00133516 0.000190738 0.392729 -0.249621 0.000448977 
23 -0.00782013 0.00972748 0.24815 -1.40004 0.000190738 -0.495346 0.250057 1.39928 0.00171664 0.497635 -0.000190738 -0.19894 -0.00324254 0.000572213 0.39044 -0.250115 -0.00164773 -0.197032 0.00133516 0.000190738 0.392729 -0.249621 0.000448977 
23 -0.00782013 0.00972748 0.24815 -1.40004 0.000190738 -0.495346 0.250057 1.39928 0.00171664 0.497635 -0.000190738 -0.19894 -0.00324254 0.000572213 0.39044 -0.250115 -0.00164773 -0.197032 0.00133516 0.000190738 0.392729 -0.249621 0.000448977 
23 -0.00782013 0.00972748 0.24815 -1.40004 0.000190738 -0.495346 0.250057 1.39889 0.00171664 0.497635 -0.000190738 -0.19894 -0.00324254 0.000572213 0.39044 -0.250115 -0.00164773 -0.197032 0.00133516 0.000190738 0.392729 -0.249621 0.000448977 
23 -0.00782013 0.00972748 0.24815 -1.40004 0.000190738 -0.495346 0.250057 1.39889 0.00171664 0.497635 -0.000190738 -0.19894 -0.00324254 0.000572213 0.39044 -0.250115 -0.00164773 -0.197032 0.00133516 0.000190738 0.392729 -0.249621 0.000448977 
23 -0.00782013 0.00972748 0.24815 -1.40004 0.000190738 -0.495346 0.250057 1.39851 0.00171664 0.497635 -0.000190738 -0.19894 -0.00324254 0.000572213 0.39044 -0.250115 -0.00164773 -0.197032 0.00133516 0.000190738 0.392729 -0.249621 0.000448977 
23 -0.00782013 0.00972748 0.24815 -1.40004 0.000190738 -0.495346 0.250057 1.39851 0.00171664 0.497635 -0.000190738 -0.19894 -0.00324254 0.000572213 0.39044 -0.250115 -0.00164773 -0.197032 0.00133516 0.000190738 0.392729 -0.249621 0.000448977 
23 -0.00782013 0.00972748 0.24815 -1.40004 0.000190738 -0.495346 0.250057 1.39813 0.00171664 0.497635 -0.000190738 -0.19894 -0.00324254 0.000572213 0.39044 -0.250115 -0.00164773 -0.197032 0.00133516 0.000190738 0.392729 -0.249621 0.000448977 
23 -0.00782013 0.00972748 0.24815 -1.40004 0.000190738 -0.495346 0.250057 1.39813 0.00171664 0.497635 -0.000190738 -0.19894 -0.00324254 0.000572213 0.39044 -0.250115 -0.00164773 -0.197032 0.00133516 0.000190738 0.392729 -0.249621 0.000448977 
23 -0.00782013 0.00972748 0.24815 -1.40004 0.000190738 -0.495346 0.250057 1.39813 0.00171664 0.497635 -0.000190738 -0.19894 -0.00324254 0.000572213 0.39044 -0.250115 -0.00164773 -0.197032 0.00133516 0.000190738 0.392729 -0.249621 0.000448977 
23 -0.00782013 0.00972748 0.24815 -1.40004 0.000190738 -0.495346 0.250057 1.39775 0.00171664 0.497635 -0.000190738 -0.19894 -0.00324254 0.000572213 0.39044 -0.250115 -0.00164773 -0.197032 0.00133516 0.000190738 0.392729 -0.249621 0.000448977 
23 -0.00782013 0.00972748 0.24815 -1.40004 0.000190738 -0.495346 0.250057 1.39775 0.00171664 0.497635 -0.000190738 -0.19894 -0.00324254 0.000572213 0.39044 -0.250115 -0.00164773 -0.197032 0.00133516 0.000190738 0.392729 -0.249621 0.000448977 
23 -0.00782013 0.00972748 0.24815 -1.40004 0.000190738 -0.495346 0.250057 1.39737 0.00171664 0.497635 -0.000190738 -0.19894 -0.00324254 0.000572213 0.39044 -0.250115 -0.00164773 -0.197032 0.00133516 0.000190738 0.392729 -0.249621 0.000448977 
23 -0.00782013 0.00972748 0.24815 -1.40004 0.000190738 -0.495346 0.250057 1.39699 0.00133516 0.497635 -0.000190738 -0.19894 -0.00324254 0.000572213 0.39044 -0.250115 -0.00164773 -0.197032 0.00133516 0.000190738 0.392729 -0.249621 0.000448977 
23 -0.00782013 0.00972748 0.24815 -1.40004 0.000190738 -0.495346 0.250057 1.39699 0.00133516 0.497635 -0.000190738 -0.19894 -0.00324254 0.000572213 0.39044 -0.250115 -0.00164773 -0.197032 0.00133516 0.000190738 0.392729 -0.249621 0.000448977 
23 -0.00782013 0.00972748 0.247768 -1.40004 0.000190738 -0.495346 0.250057 1.39661 0.00133516 0.497635 -0.000190738 -0.19894 -0.00324254 0.000572213 0.39044 -0.250115 -0.00164773 -0.197032 0.00133516 0.000190738 0.392729 -0.249621 0.000448977 
23 -0.00782013 0.00972748 0.24815 -1.40004 0.000190738 -0.495346 0.250057 1.39622 0.00133516 0.497635 -0.000190738 -0.19894 -0.00324254 0.000572213 0.39044 -0.250115 -0.00164773 -0.197032 0.00133516 0.000190738 0.392729 -0.249621 0.000448977 
23 -0.00782013 0.00972748 0.247768 -1.40004 0.000190738 -0.495346 0.250057 1.39584 0.00133516 0.497635 -0.000190738 -0.19894 -0.00324254 0.000572213 0.39044 -0.250115 -0.00164773 -0.197032 0.00133516 0.000190738 0.392729 -0.249621 0.000448977 
23 -0.00782013 0.00972748 0.247768 -1.40004 0.000190738 -0.495346 0.250057 1.39584 0.00133516 0.497635 -0.000190738 -0.19894 -0.00324254 0.000572213 0.39044 -0.250115 -0.00164773 -0.197032 0.00133516 0.000190738 0.392729 -0.249621 0.000448977 
23 -0.00782013 0.00972748 0.24815 -1.40004 0.000190738 -0.495346 0.250057 1.39546 0.00133516 0.497635 -0.000190738 -0.19894 -0.00324254 0.000572213 0.39044 -0.250115 -0.00164773 -0.197032 0.00133516 0.000190738 0.392729 -0.249621 0.000448977 
23 -0.00782013 0.00972748 0.247768 -1.40004 0.000190738 -0.495346 0.250057 1.39508 0.00133516 0.497635 -0.000190738 -0.19894 -0.00324254 0.000572213 0.39044 -0.250115 -0.00164773 -0.197032 0.00133516 0.000190738 0.392729 -0.249621 0.000448977 
23 -0.00782013 0.00972748 0.24815 -1.40004 0.000190738 -0.495346 0.250057 1.3947 0.00133516 0.497635 -0.000190738 -0.19894 -0.00324254 0.000572213 0.39044 -0.250115 -0.00164773 -0.197032 0.00133516 0.000190738 0.392729 -0.249621 0.000448977 
23 -0.00782013 0.00972748 0.247768 -1.40004 0.000190738 -0.495346 0.249676 1.39355 0.00133516 0.497635 -0.000190738 -0.19894 -0.00324254 0.000572213 0.39044 -0.250115 -0.00164773 -0.197032 0.00133516 0.000190738 0.392729 -0.249621 0.000448977 
23 -0.00782013 0.00972748 0.247768 -1.40004 0.000190738 -0.495346 0.249676 1.39279 0.00133516 0.497635 -0.000190738 -0.19894 -0.00324254 0.000572213 0.39044 -0.250115 -0.00164773 -0.197032 0.00133516 0.000190738 0.392729 -0.249621 0.000448977 
23 -0.00782013 0.00972748 0.247768 -1.40004 0.000190738 -0.495346 0.249676 1.39203 0.00133516 0.497635 -0.000190738 -0.19894 -0.00324254 0.000572213 0.39044 -0.250115 -0.00164773 -0.197032 0.00133516 0.000190738 0.392729 -0.249621 0.000448977 
23 -0.00782013 0.00972748 0.24815 -1.40004 0.000190738 -0.495346 0.249676 1.39165 0.000953689 0.497635 -0.000190738 -0.19894 -0.00324254 0.000572213 0.39044 -0.250115 -0.00164773 -0.197032 0.00133516 0.000190738 0.392729 -0.249621 0.000448977 
23 -0.00782013 0.00972748 0.24815 -1.40004 0.000190738 -0.495346 0.249676 1.39088 0.000953689 0.497635 -0.000190738 -0.19894 -0.00324254 0.000572213 0.39044 -0.250115 -0.00164773 -0.197032 0.00133516 0.000190738 0.392729 -0.249621 0.000448977 
23 -0.00782013 0.00972748 0.24815 -1.40004 0.000190738 -0.495346 0.249676 1.39012 0.000953689 0.497635 -0.000190738 -0.19894 -0.00324254 0.000572213 0.39044 -0.250115 -0.00164773 -0.197032 0.00133516 0.000190738 0.392729 -0.249621 0.000448977 
23 -0.00782013 0.00972748 0.24815 -1.40004 0.000190738 -0.495346 0.249676 1.38936 0.000953689 0.498016 -0.000190738 -0.19894 -0.00324254 0.000572213 0.39044 -0.250115 -0.00164773 -0.197032 0.00133516 0.000190738 0.392729 -0.249621 0.000448977 
23 -0.00782013 0.00972748 0.24815 -1.40004 0.000190738 -0.495346 0.249676 1.38859 0.000953689 0.498016 -0.000190738 -0.19894 -0.00324254 0.000572213 0.39044 -0.250115 -0.00164773 -0.197032 0.00133516 0.000190738 0.392729 -0.249621 0.000448977 
23 -0.00782013 0.00972748 0.24815 -1.40004 0.000190738 -0.495346 0.249676 1.38707 0.000953689 0.498016 -0.000190738 -0.19894 -0.00324254 0.000572213 0.39044 -0.250115 -0.00164773 -0.197032 0.00133516 0.000190738 0.392729 -0.249621 0.000448977 
23 -0.00782013 0.00972748 0.24815 -1.40004 0.000190738 -0.495346 0.249676 1.38592 0.000953689 0.498016 -0.000190738 -0.19894 -0.00324254 0.000572213 0.39044 -0.250115 -0.00164773 -0.197032 0.00133516 0.000190738 0.392729 -0.249621 0.000448977 
23 -0.00782013 0.00972748 0.24815 -1.40004 0.000190738 -0.495346 0.249676 1.38516 0.000572213 0.498016 -0.000190738 -0.19894 -0.00324254 0.000572213 0.39044 -0.250115 -0.00164773 -0.197032 0.00133516 0.000190738 0.392729 -0.249621 0.000448977 
23 -0.00782013 0.00972748 0.24815 -1.40004 0.000190738 -0.495346 0.249676 1.3844 0.000572213 0.498016 -0.000190738 -0.19894 -0.00324254 0.000572213 0.39044 -0.250115 -0.00164773 -0.197032 0.00133516 0.000190738 0.392729 -0.249621 0.000448977 
23 -0.00782013 0.00972748 0.24815 -1.40004 0.000190738 -0.495346 0.249676 1.38364 0.000572213 0.498016 -0.000190738 -0.19894 -0.00324254 0.000572213 0.39044 -0.250115 -0.00164773 -0.197032 0.00133516 0.000190738 0.392729 -0.249621 0.000448977 
23 -0.00782013 0.00972748 0.24815 -1.40004 0.000190738 -0.495346 0.249676 1.38287 0.000572213 0.498016 -0.000190738 -0.19894 -0.00324254 0.000572213 0.39044 -0.250115 -0.00164773 -0.197032 0.00133516 0.000190738 0.392729 -0.249621 0.000448977 
23 -0.00782013 0.00972748 0.24815 -1.40004 0.000190738 -0.495346 0.249676 1.38173 0.000572213 0.498016 -0.000190738 -0.19894 -0.00324254 0.000572213 0.39044 -0.250115 -0.00164773 -0.197032 0.00133516 0.000190738 0.392729 -0.249621 0.000448977 
23 -0.00782013 0.00972748 0.24815 -1.40004 0.000190738 -0.495346 0.249676 1.3802 0.000572213 0.498016 -0.000190738 -0.19894 -0.00324254 0.000572213 0.39044 -0.250115 -0.00164773 -0.197032 0.00133516 0.000190738 0.392729 -0.249621 0.000448977 
23 -0.00782013 0.00972748 0.24815 -1.40004 0.000190738 -0.495346 0.249676 1.37906 0.000572213 0.498016 -0.000190738 -0.19894 -0.00324254 0.000572213 0.39044 -0.250115 -0.00164773 -0.197032 0.00133516 0.000190738 0.392729 -0.249621 0.000448977 
23 -0.00782013 0.00972748 0.24815 -1.40004 0.000190738 -0.495346 0.249676 1.37829 0.000572213 0.498016 -0.000190738 -0.19894 -0.00324254 0.000572213 0.39044 -0.250115 -0.00164773 -0.197032 0.00133516 0.000190738 0.392729 -0.249621 0.000448977 
23 -0.00782013 0.00972748 0.24815 -1.40004 0.000190738 -0.495346 0.249676 1.37715 0.000190738 0.498016 -0.000190738 -0.19894 -0.00324254 0.000572213 0.39044 -0.250115 -0.00164773 -0.197032 0.00133516 0.000190738 0.392729 -0.249621 0.000448977 
23 -0.00782013 0.00972748 0.24815 -1.40004 0.000190738 -0.495346 0.249676 1.37601 0.000190738 0.498016 -0.000190738 -0.19894 -0.00324254 0.000572213 0.39044 -0.250115 -0.00164773 -0.197032 0.00133516 0.000190738 0.392729 -0.249621 0.000448977 
23 -0.00782013 0.00972748 0.24815 -1.40004 0.000190738 -0.495346 0.249676 1.3741 0.000190738 0.498016 -0.000190738 -0.19894 -0.00324254 0.000572213 0.39044 -0.250115 -0.00164773 -0.197032 0.00133516 0.000190738 0.392729 -0.249621 0.000448977 
23 -0.00782013 0.00972748 0.24815 -1.40004 0.000190738 -0.495346 0.249676 1.37295 0.000190738 0.498016 -0.000190738 -0.19894 -0.00324254 0.000572213 0.39044 -0.250115 -0.00164773 -0.197032 0.00133516 0.000190738 0.392729 -0.249621 0.000448977 
23 -0.00782013 0.00972748 0.24815 -1.40004 0.000190738 -0.495346 0.249676 1.37181 -0.000190738 0.498016 -0.000190738 -0.19894 -0.00324254 0.000572213 0.39044 -0.250115 -0.00164773 -0.197032 0.00133516 0.000190738 0.392729 -0.249621 0.000448977 
23 -0.00782013 0.00972748 0.24815 -1.40004 0.000190738 -0.495346 0.249676 1.37067 -0.000190738 0.498016 -0.000190738 -0.19894 -0.00324254 0.000572213 0.39044 -0.250115 -0.00164773 -0.197032 0.00133516 0.000190738 0.392729 -0.249621 0.000448977 
23 -0.00782013 0.00972748 0.24815 -1.40004 0.000190738 -0.495346 0.249676 1.36952 -0.000190738 0.498016 -0.000190738 -0.19894 -0.00324254 0.000572213 0.39044 -0.250115 -0.00164773 -0.197032 0.00133516 0.000190738 0.392729 -0.249621 0.000448977 
23 -0.00782013 0.00972748 0.24815 -1.40004 0.000190738 -0.495346 0.249676 1.36723 -0.000572213 0.498016 -0.000190738 -0.19894 -0.00324254 0.000572213 0.39044 -0.250115 -0.00164773 -0.197032 0.00133516 0.000190738 0.392729 -0.249621 0.000448977 
23 -0.00782013 0.00972748 0.24815 -1.40004 0.000190738 -0.495346 0.249676 1.36609 -0.000572213 0.498016 -0.000190738 -0.19894 -0.00324254 0.000572213 0.39044 -0.250115 -0.00164773 -0.197032 0.00133516 0.000190738 0.392729 -0.249621 0.000448977 
23 -0.00782013 0.00972748 0.24815 -1.40004 0.000190738 -0.495346 0.249676 1.36494 -0.000953689 0.498016 -0.000190738 -0.19894 -0.00324254 0.000572213 0.39044 -0.250115 -0.00164773 -0.197032 0.00133516 0.000190738 0.392729 -0.249621 0.000448977 
23 -0.00782013 0.00972748 0.24815 -1.40004 0.000190738 -0.495346 0.249676 1.36418 -0.000953689 0.498016 -0.000190738 -0.19894 -0.00324254 0.000572213 0.39044 -0.250115 -0.00164773 -0.197032 0.00133516 0.000190738 0.392729 -0.249621 0.000448977 
23 -0.00782013 0.00972748 0.24815 -1.40004 0.000190738 -0.495346 0.249676 1.36189 -0.00133516 0.498016 -0.000190738 -0.19894 -0.00324254 0.000572213 0.39044 -0.250115 -0.00164773 -0.197032 0.00133516 0.000190738 0.392729 -0.249621 0.000448977 
23 -0.00782013 0.00972748 0.24815 -1.40004 0.000190738 -0.495346 0.249676 1.36037 -0.00133516 0.498016 -0.000190738 -0.19894 -0.00324254 0.000572213 0.39044 -0.250115 -0.00164773 -0.197032 0.00133516 0.000190738 0.392729 -0.249621 0.000448977 
23 -0.00782013 0.00972748 0.247768 -1.40004 0.000190738 -0.495346 0.249676 1.35884 -0.00171664 0.498016 -0.000190738 -0.19894 -0.00324254 0.000572213 0.39044 -0.250115 -0.00164773 -0.197032 0.00133516 0.000190738 0.392729 -0.249621 0.000448977 
23 -0.00782013 0.00972748 0.247768 -1.40004 0.000190738 -0.495346 0.249676 1.3577 -0.00209812 0.498016 -0.000190738 -0.19894 -0.00324254 0.000572213 0.39044 -0.250115 -0.00164773 -0.197032 0.00133516 0.000190738 0.392729 -0.249621 0.000448977 
23 -0.00782013 0.00972748 0.247768 -1.40004 0.000190738 -0.495346 0.249676 1.35541 -0.00247959 0.498016 -0.000190738 -0.19894 -0.00324254 0.000572213 0.39044 -0.250115 -0.00164773 -0.197032 0.00133516 0.000190738 0.392729 -0.249621 0.000448977 
23 -0.00782013 0.00972748 0.247768 -1.40004 0.000190738 -0.495346 0.249676 1.35388 -0.00324254 0.498398 -0.000190738 -0.19894 -0.00324254 0.000572213 0.39044 -0.250115 -0.00164773 -0.197032 0.00133516 0.000190738 0.392729 -0.249621 0.000448977 
23 -0.00782013 0.00972748 0.247768 -1.40004 0.000190738 -0.495346 0.249676 1.35274 -0.00400549 0.498398 -0.000190738 -0.19894 -0.00324254 0.000572213 0.39044 -0.250115 -0.00164773 -0.197032 0.00133516 0.000190738 0.392729 -0.249621 0.000448977 
23 -0.00782013 0.00972748 0.247768 -1.40004 0.000190738 -0.495346 0.249676 1.35083 -0.00438697 0.498398 -0.000190738 -0.19894 -0.00324254 0.000572213 0.39044 -0.250115 -0.00164773 -0.197032 0.00133516 0.000190738 0.392729 -0.249621 0.000448977 
23 -0.00782013 0.00972748 0.247768 -1.40004 0.000190738 -0.495346 0.249676 1.34854 -0.00514992 0.498398 -0.000190738 -0.19894 -0.00324254 0.000572213 0.39044 -0.250115 -0.00164773 -0.197032 0.00133516 0.000190738 0.392729 -0.249621 0.000448977 
23 -0.00782013 0.00972748 0.247768 -1.40004 0.000190738 -0.495346 0.249676 1.34701 -0.00591287 0.498398 -0.000190738 -0.19894 -0.00324254 0.000572213 0.39044 -0.250115 -0.00164773 -0.197032 0.00133516 0.000190738 0.392729 -0.249621 0.000448977 
23 -0.00782013 0.00972748 0.247768 -1.40004 0.000190738 -0.495346 0.249676 1.34549 -0.00667582 0.498398 -0.000190738 -0.19894 -0.00324254 0.000572213 0.39044 -0.250115 -0.00164773 -0.197032 0.00133516 0.000190738 0.392729 -0.249621 0.000448977 
23 -0.00782013 0.00972748 0.247768 -1.40004 0.000190738 -0.495346 0.249676 1.3432 -0.00743877 0.498398 -0.000190738 -0.19894 -0.00324254 0.000572213 0.39044 -0.250115 -0.00164773 -0.197032 0.00133516 0.000190738 0.392729 -0.249621 0.000448977 
23 -0.00782013 0.00972748 0.247768 -1.40004 0.000190738 -0.495346 0.249676 1.34129 -0.00782025 0.498398 -0.000190738 -0.19894 -0.00324254 0.000572213 0.39044 -0.250115 -0.00164773 -0.197032 0.00133516 0.000190738 0.392729 -0.249621 0.000448977 
23 -0.00782013 0.00972748 0.247768 -1.40004 0.000190738 -0.495346 0.249676 1.33977 -0.0085832 0.498398 -0.000190738 -0.19894 -0.00324254 0.000572213 0.39044 -0.250115 -0.00164773 -0.197032 0.00133516 0.000190738 0.392729 -0.249621 0.000448977 
23 -0.00782013 0.00972748 0.247768 -1.40004 0.000190738 -0.495346 0.249676 1.33748 -0.00934615 0.498398 -0.000190738 -0.19894 -0.00324254 0.000572213 0.39044 -0.250115 -0.00164773 -0.197032 0.00133516 0.000190738 0.392729 -0.249621 0.000448977 
23 -0.00782013 0.00972748 0.247768 -1.40004 0.000190738 -0.495346 0.249676 1.33557 -0.0101091 0.498398 -0.000190738 -0.19894 -0.00324254 0.000572213 0.39044 -0.250115 -0.00164773 -0.197032 0.00133516 0.000190738 0.392729 -0.249621 0.000448977 
23 -0.00782013 0.00972748 0.247768 -1.40004 0.000190738 -0.495346 0.249676 1.33366 -0.0104906 0.498398 -0.000190738 -0.19894 -0.00324254 0.000572213 0.39044 -0.250115 -0.00164773 -0.197032 0.00133516 0.000190738 0.392729 -0.249621 0.000448977 
23 -0.00782013 0.00972748 0.247768 -1.40004 0.000190738 -0.495346 0.249676 1.33175 -0.0112535 0.498398 -0.000190738 -0.19894 -0.00324254 0.000572213 0.39044 -0.250115 -0.00164773 -0.197032 0.00133516 0.000190738 0.392729 -0.249621 0.000448977 
23 -0.00782013 0.00972748 0.247768 -1.40004 0.000190738 -0.495346 0.249676 1.32908 -0.011635 0.498398 -0.000190738 -0.19894 -0.00324254 0.000572213 0.39044 -0.250115 -0.00164773 -0.197032 0.00133516 0.000190738 0.392729 -0.249621 0.000448977 
23 -0.00782013 0.00972748 0.247768 -1.40004 0.000190738 -0.495346 0.249676 1.32756 -0.0120165 0.498398 -0.000190738 -0.19894 -0.00324254 0.000572213 0.39044 -0.250115 -0.00164773 -0.197032 0.00133516 0.000190738 0.392729 -0.249621 0.000448977 
23 -0.00782013 0.00972748 0.247768 -1.40004 0.000190738 -0.495346 0.249676 1.32489 -0.0127794 0.498398 -0.000190738 -0.19894 -0.00324254 0.000572213 0.39044 -0.250115 -0.00164773 -0.197032 0.00133516 0.000190738 0.392729 -0.249621 0.000448977 
23 -0.00782013 0.00972748 0.247768 -1.40004 0.000190738 -0.495346 0.249676 1.32298 -0.0135424 0.498398 -0.000190738 -0.19894 -0.00324254 0.000572213 0.39044 -0.250115 -0.00164773 -0.197032 0.00133516 0.000190738 0.392729 -0.249621 0.000448977 
23 -0.00782013 0.00972748 0.247768 -1.40004 0.000190738 -0.495346 0.249676 1.32107 -0.0143053 0.498398 -0.000190738 -0.19894 -0.00324254 0.000572213 0.39044 -0.250115 -0.00164773 -0.197032 0.00133516 0.000190738 0.392729 -0.249621 0.000448977 
23 -0.00782013 0.00972748 0.247768 -1.40004 0.000190738 -0.495346 0.249676 1.31802 -0.0146868 0.498398 -0.000190738 -0.19894 -0.00324254 0.000572213 0.39044 -0.250115 -0.00164773 -0.197032 0.00133516 0.000190738 0.392729 -0.249621 0.000448977 
23 -0.00782013 0.00972748 0.247768 -1.40004 0.000190738 -0.495346 0.249676 1.31611 -0.0154498 0.498398 -0.000190738 -0.19894 -0.00324254 0.000572213 0.39044 -0.250115 -0.00164773 -0.197032 0.00133516 0.000190738 0.392729 -0.249621 0.000448977 
23 -0.00782013 0.00972748 0.247768 -1.40004 0.000190738 -0.495346 0.249676 1.31421 -0.0162127 0.498398 -0.000190738 -0.19894 -0.00324254 0.000572213 0.39044 -0.250115 -0.00164773 -0.197032 0.00133516 0.000190738 0.392729 -0.249621 0.000448977 
23 -0.00782013 0.00972748 0.247768 -1.40004 0.000190738 -0.495346 0.249676 1.31116 -0.0169757 0.498398 -0.000190738 -0.19894 -0.00324254 0.000572213 0.39044 -0.250115 -0.00164773 -0.197032 0.00133516 0.000190738 0.392729 -0.249621 0.000448977 
23 -0.00782013 0.00972748 0.247768 -1.40004 0.000190738 -0.495346 0.249676 1.30925 -0.0177386 0.498398 -0.000190738 -0.19894 -0.00324254 0.000572213 0.39044 -0.250115 -0.00164773 -0.197032 0.00133516 0.000190738 0.392729 -0.249621 0.000448977 
23 -0.00782013 0.00972748 0.247768 -1.40004 0.000190738 -0.495346 0.249676 1.30734 -0.018883 0.498398 -0.000190738 -0.19894 -0.00324254 0.000572213 0.39044 -0.250115 -0.00164773 -0.197032 0.00133516 0.000190738 0.392729 -0.249621 0.000448977 
23 -0.00782013 0.00972748 0.247768 -1.40004 0.000190738 -0.495346 0.249676 1.30429 -0.019646 0.498398 -0.000190738 -0.19894 -0.00324254 0.000572213 0.39044 -0.250115 -0.00164773 -0.197032 0.00133516 0.000190738 0.392729 -0.249621 0.000448977 
23 -0.00782013 0.00972748 0.247768 -1.40004 0.000190738 -0.495346 0.249676 1.30238 -0.0204089 0.498398 -0.000190738 -0.19894 -0.00324254 0.000572213 0.39044 -0.250115 -0.00164773 -0.197032 0.00133516 0.000190738 0.392729 -0.249621 0.000448977 
23 -0.00782013 0.00972748 0.247768 -1.40004 0.000190738 -0.495346 0.249676 1.29895 -0.0215534 0.498398 -0.000190738 -0.19894 -0.00324254 0.000572213 0.39044 -0.250115 -0.00164773 -0.197032 0.00133516 0.000190738 0.392729 -0.249621 0.000448977 
23 -0.00782013 0.00972748 0.247768 -1.40004 0.000190738 -0.495346 0.249676 1.29704 -0.0223163 0.498398 -0.000190738 -0.19894 -0.00324254 0.000572213 0.39044 -0.250115 -0.00164773 -0.197032 0.00133516 0.000190738 0.392729 -0.249621 0.000448977 
23 -0.00782013 0.00972748 0.247768 -1.40004 0.000190738 -0.495346 0.249676 1.29475 -0.0230793 0.498398 -0.000190738 -0.19894 -0.00324254 0.000572213 0.39044 -0.250115 -0.00164773 -0.197032 0.00133516 0.000190738 0.392729 -0.249621 0.000448977 
23 -0.00782013 0.00972748 0.247768 -1.40004 0.000190738 -0.495346 0.249676 1.2917 -0.0238422 0.498398 -0.000190738 -0.19894 -0.00324254 0.000572213 0.39044 -0.250115 -0.00164773 -0.197032 0.00133516 0.000190738 0.392729 -0.249621 0.000448977 
23 -0.00782013 0.00972748 0.247768 -1.40004 0.000190738 -0.495346 0.249676 1.28979 -0.0242237 0.498779 -0.000190738 -0.19894 -0.00324254 0.000572213 0.39044 -0.250115 -0.00164773 -0.197032 0.00133516 0.000190738 0.392729 -0.249621 0.000448977 
23 -0.00782013 0.00972748 0.247768 -1.40004 0.000190738 -0.495346 0.249676 1.28636 -0.0249866 0.498779 -0.000190738 -0.19894 -0.00324254 0.000572213 0.39044 -0.250115 -0.00164773 -0.197032 0.00133516 0.000190738 0.392729 -0.249621 0.000448977 
23 -0.00782013 0.00972748 0.247768 -1.40004 0.000190738 -0.495346 0.249676 1.28407 -0.0261311 0.498779 -0.000190738 -0.19894 -0.00324254 0.000572213 0.39044 -0.250115 -0.00164773 -0.197032 0.00133516 0.000190738 0.392729 -0.249621 0.000448977 
23 -0.00782013 0.00972748 0.247768 -1.40004 0.000190738 -0.495346 0.249676 1.2814 -0.026894 0.498779 -0.000190738 -0.19894 -0.00324254 0.000572213 0.39044 -0.250115 -0.00164773 -0.197032 0.00133516 0.000190738 0.392729 -0.249621 0.000448977 
23 -0.00782013 0.00972748 0.247768 -1.40004 0.000190738 -0.495346 0.249676 1.27873 -0.027657 0.498779 -0.000190738 -0.19894 -0.00324254 0.000572213 0.39044 -0.250115 -0.00164773 -0.197032 0.00133516 0.000190738 0.392729 -0.249621 0.000448977 
23 -0.00782013 0.00972748 0.247768 -1.40004 0.000190738 -0.495346 0.249676 1.27606 -0.0288014 0.498779 -0.000190738 -0.19894 -0.00324254 0.000572213 0.39044 -0.250115 -0.00164773 -0.197032 0.00133516 0.000190738 0.392729 -0.249621 0.000448977 
23 -0.00782013 0.00972748 0.247768 -1.40004 0.000190738 -0.495346 0.249676 1.27301 -0.0295644 0.499161 -0.000190738 -0.19894 -0.00324254 0.000572213 0.39044 -0.250115 -0.00164773 -0.197032 0.00133516 0.000190738 0.392729 -0.249621 0.000448977 
23 -0.00782013 0.00972748 0.247768 -1.40004 0.000190738 -0.495346 0.249676 1.27072 -0.0303273 0.499161 -0.000190738 -0.19894 -0.00324254 0.000572213 0.39044 -0.250115 -0.00164773 -0.197032 0.00133516 0.000190738 0.392729 -0.249621 0.000448977 
23 -0.00782013 0.00972748 0.247768 -1.40004 0.000190738 -0.495346 0.249676 1.26729 -0.0314717 0.499161 -0.000190738 -0.19894 -0.00324254 0.000572213 0.39044 -0.250115 -0.00164773 -0.197032 0.00133516 0.000190738 0.392729 -0.249621 0.000448977 
23 -0.00782013 0.00972748 0.247768 -1.40004 0.000190738 -0.495346 0.249676 1.265 -0.0322347 0.499161 -0.000190738 -0.19894 -0.00324254 0.000572213 0.39044 -0.250115 -0.00164773 -0.197032 0.00133516 0.000190738 0.392729 -0.249621 0.000448977 
23 -0.00782013 0.00972748 0.247768 -1.40004 0.000190738 -0.495346 0.249676 1.26118 -0.0333791 0.499542 -0.000190738 -0.19894 -0.00324254 0.000572213 0.39044 -0.250115 -0.00164773 -0.197032 0.00133516 0.000190738 0.392729 -0.249621 0.000448977 
23 -0.00782013 0.00972748 0.247768 -1.40004 0.000190738 -0.495346 0.249676 1.25889 -0.0345235 0.499542 -0.000190738 -0.19894 -0.00324254 0.000572213 0.39044 -0.250115 -0.00164773 -0.197032 0.00133516 0.000190738 0.392729 -0.249621 0.000448977 
23 -0.00782013 0.00972748 0.247768 -1.40004 0.000190738 -0.495346 0.249676 1.25584 -0.0352865 0.499924 -0.000190738 -0.19894 -0.00324254 0.000572213 0.39044 -0.250115 -0.00164773 -0.197032 0.00133516 0.000190738 0.392729 -0.249621 0.000448977 
23 -0.00782013 0.00972748 0.247768 -1.40004 0.000190738 -0.495346 0.249676 1.25317 -0.0360494 0.499924 -0.000190738 -0.19894 -0.00324254 0.000572213 0.39044 -0.250115 -0.00164773 -0.197032 0.00133516 0.000190738 0.392729 -0.249621 0.000448977 
23 -0.00782013 0.00972748 0.247768 -1.40004 0.000190738 -0.495346 0.249676 1.24974 -0.0368124 0.500305 -0.000190738 -0.19894 -0.00324254 0.000572213 0.39044 -0.250115 -0.00164773 -0.197032 0.00133516 0.000190738 0.392729 -0.249621 0.000448977 
23 -0.00782013 0.00972748 0.247768 -1.40004 0.000190738 -0.495346 0.249676 1.24745 -0.0375753 0.500687 -0.000190738 -0.19894 -0.00324254 0.000572213 0.39044 -0.250115 -0.00164773 -0.197032 0.00133516 0.000190738 0.392729 -0.249621 0.000448977 
23 -0.00782013 0.00972748 0.247768 -1.40004 0.000190738 -0.495346 0.249676 1.24402 -0.0387198 0.501068 -0.000190738 -0.19894 -0.00324254 0.000572213 0.39044 -0.250115 -0.00164773 -0.197032 0.00133516 0.000190738 0.392729 -0.249621 0.000448977 
23 -0.00782013 0.00972748 0.247768 -1.40004 0.000190738 -0.495346 0.249676 1.24135 -0.0394827 0.50145 -0.000190738 -0.19894 -0.00324254 0.000572213 0.39044 -0.250115 -0.00164773 -0.197032 0.00133516 0.000190738 0.392729 -0.249621 0.000448977 
23 -0.00782013 0.00972748 0.247768 -1.40004 0.000190738 -0.495346 0.249676 1.23791 -0.0406271 0.50145 -0.000190738 -0.19894 -0.00324254 0.000572213 0.39044 -0.250115 -0.00164773 -0.197032 0.00133516 0.000190738 0.392729 -0.249621 0.000448977 
23 -0.00782013 0.00972748 0.247768 -1.40004 0.000190738 -0.495346 0.249676 1.23486 -0.0417716 0.501831 -0.000190738 -0.19894 -0.00324254 0.000572213 0.39044 -0.250115 -0.00164773 -0.197032 0.00133516 0.000190738 0.392729 -0.249621 0.000448977 
23 -0.00782013 0.00972748 0.247768 -1.40004 0.000190738 -0.495346 0.249676 1.23219 -0.0425345 0.502213 -0.000190738 -0.19894 -0.00324254 0.000572213 0.39044 -0.250115 -0.00164773 -0.197032 0.00133516 0.000190738 0.392729 -0.249621 0.000448977 
23 -0.00782013 0.00972748 0.247768 -1.40004 0.000190738 -0.495346 0.249676 1.22876 -0.043679 0.502594 -0.000190738 -0.19894 -0.00324254 0.000572213 0.39044 -0.250115 -0.00164773 -0.197032 0.00133516 0.000190738 0.392729 -0.249621 0.000448977 
23 -0.00782013 0.00972748 0.247768 -1.40004 0.000190738 -0.495346 0.249676 1.2257 -0.0448234 0.502976 -0.000190738 -0.19894 -0.00324254 0.000572213 0.39044 -0.250115 -0.00164773 -0.197032 0.00133516 0.000190738 0.392729 -0.249621 0.000448977 
23 -0.00782013 0.00972748 0.247768 -1.40004 0.000190738 -0.495346 0.249676 1.22265 -0.0455863 0.503357 -0.000190738 -0.19894 -0.00324254 0.000572213 0.39044 -0.250115 -0.00164773 -0.197032 0.00133516 0.000190738 0.392729 -0.249621 0.000448977 
23 -0.00782013 0.00972748 0.247768 -1.40004 0.000190738 -0.495346 0.249676 1.2196 -0.0467308 0.503738 -0.000190738 -0.19894 -0.00324254 0.000572213 0.39044 -0.250115 -0.00164773 -0.197032 0.00133516 0.000190738 0.392729 -0.249621 0.000448977 
23 -0.00782013 0.00972748 0.247768 -1.40004 0.000190738 -0.495346 0.249676 1.21617 -0.0478752 0.504501 -0.000190738 -0.19894 -0.00324254 0.000572213 0.39044 -0.250115 -0.00164773 -0.197032 0.00133516 0.000190738 0.392729 -0.249621 0.000448977 
23 -0.00782013 0.00972748 0.247768 -1.40004 0.000190738 -0.495346 0.249676 1.21273 -0.0486381 0.504883 -0.000190738 -0.19894 -0.00324254 0.000572213 0.39044 -0.250115 -0.00164773 -0.197032 0.00133516 0.000190738 0.392729 -0.249621 0.000448977 
23 -0.00782013 0.00972748 0.247768 -1.40004 0.000190738 -0.495346 0.250057 1.20968 -0.0497826 0.505646 -0.000190738 -0.19894 -0.00324254 0.000572213 0.39044 -0.250115 -0.00164773 -0.197032 0.00133516 0.000190738 0.392729 -0.249621 0.000448977 
23 -0.00782013 0.00972748 0.247768 -1.40004 0.000190738 -0.495346 0.250057 1.20663 -0.0505455 0.506409 -0.000190738 -0.19894 -0.00324254 0.000572213 0.39044 -0.250115 -0.00164773 -0.197032 0.00133516 0.000190738 0.392729 -0.249621 0.000448977 
23 -0.00782013 0.00972748 0.247768 -1.40004 0.000190738 -0.495346 0.250057 1.2032 -0.0516899 0.507172 -0.000190738 -0.19894 -0.00324254 0.000572213 0.39044 -0.250115 -0.00164773 -0.197032 0.00133516 0.000190738 0.392729 -0.249621 0.000448977 
23 -0.00782013 0.00972748 0.247768 -1.40004 0.000190738 -0.495346 0.250057 1.19938 -0.0528344 0.508316 -0.000190738 -0.19894 -0.00324254 0.000572213 0.39044 -0.250115 -0.00164773 -0.197032 0.00133516 0.000190738 0.392729 -0.249621 0.000448977 
23 -0.00782013 0.00972748 0.247768 -1.40004 0.000190738 -0.495346 0.250057 1.19671 -0.0539788 0.508698 -0.000190738 -0.19894 -0.00324254 0.000572213 0.39044 -0.250115 -0.00164773 -0.197032 0.00133516 0.000190738 0.392729 -0.249621 0.000448977 
23 -0.00782013 0.00972748 0.247768 -1.40004 0.000190738 -0.495346 0.250439 1.1929 -0.0547417 0.509461 -0.000190738 -0.19894 -0.00324254 0.000572213 0.39044 -0.250115 -0.00164773 -0.197032 0.00133516 0.000190738 0.392729 -0.249621 0.000448977 
23 -0.00782013 0.00972748 0.247768 -1.40004 0.000190738 -0.495346 0.250439 1.19023 -0.0558862 0.509842 -0.000190738 -0.19894 -0.00324254 0.000572213 0.39044 -0.250115 -0.00164773 -0.197032 0.00133516 0.000190738 0.392729 -0.249621 0.000448977 
23 -0.00782013 0.00972748 0.247768 -1.40004 0.000190738 -0.495346 0.250439 1.18603 -0.0570306 0.510605 -0.000190738 -0.19894 -0.00324254 0.000572213 0.39044 -0.250115 -0.00164773 -0.197032 0.00133516 0.000190738 0.392729 -0.249621 0.000448977 
23 -0.00782013 0.00972748 0.247768 -1.40004 0.000190738 -0.495346 0.25082 1.18336 -0.058175 0.510987 -0.000190738 -0.19894 -0.00324254 0.000572213 0.39044 -0.250115 -0.00164773 -0.197032 0.00133516 0.000190738 0.392729 -0.249621 0.000448977 
23 -0.00782013 0.00972748 0.247768 -1.40004 0.000190738 -0.495346 0.25082 1.17955 -0.0597009 0.511749 -0.000190738 -0.19894 -0.00324254 0.000572213 0.39044 -0.250115 -0.00164773 -0.197032 0.00133516 0.000190738 0.392729 -0.249621 0.000448977 
23 -0.00782013 0.00972748 0.247768 -1.40004 0.000190738 -0.495346 0.251202 1.17649 -0.0604639 0.512512 -0.000190738 -0.19894 -0.00324254 0.000572213 0.39044 -0.250115 -0.00164773 -0.197032 0.00133516 0.000190738 0.392729 -0.249621 0.000448977 
23 -0.00782013 0.00972748 0.247768 -1.40004 0.000190738 -0.495346 0.251583 1.17268 -0.0616083 0.513275 -0.000190738 -0.19894 -0.00324254 0.000572213 0.39044 -0.250115 -0.00164773 -0.197032 0.00133516 0.000190738 0.392729 -0.249621 0.000448977 
23 -0.00782013 0.00972748 0.247768 -1.40004 0.000190738 -0.495346 0.251965 1.16925 -0.0623713 0.51442 -0.000190738 -0.19894 -0.00324254 0.000572213 0.39044 -0.250115 -0.00164773 -0.197032 0.00133516 0.000190738 0.392729 -0.249621 0.000448977 
23 -0.00782013 0.00972748 0.247768 -1.40004 0.000190738 -0.495346 0.251965 1.16581 -0.0635157 0.514801 -0.000190738 -0.19894 -0.00324254 0.000572213 0.39044 -0.250115 -0.00164773 -0.197032 0.00133516 0.000190738 0.392729 -0.249621 0.000448977 
23 -0.00782013 0.00972748 0.247768 -1.40004 0.000190738 -0.495346 0.252346 1.162 -0.0646601 0.515564 -0.000190738 -0.19894 -0.00324254 0.000572213 0.39044 -0.250115 -0.00164773 -0.197032 0.00133516 0.000190738 0.392729 -0.249621 0.000448977 
23 -0.00782013 0.00972748 0.247768 -1.40004 0.000190738 -0.495346 0.252728 1.15895 -0.0658045 0.516327 -0.000190738 -0.19894 -0.00324254 0.000572213 0.39044 -0.250115 -0.00164773 -0.197032 0.00133516 0.000190738 0.392729 -0.249621 0.000448977 
23 -0.00782013 0.00972748 0.247768 -1.40004 0.000190738 -0.495346 0.253109 1.15475 -0.066949 0.51709 -0.000190738 -0.19894 -0.00324254 0.000572213 0.39044 -0.250115 -0.00164773 -0.197032 0.00133516 0.000190738 0.392729 -0.249621 0.000448977 
23 -0.00782013 0.00972748 0.247768 -1.40004 0.000190738 -0.495346 0.253491 1.15208 -0.0680934 0.517853 -0.000190738 -0.19894 -0.00324254 0.000572213 0.39044 -0.250115 -0.00164773 -0.197032 0.00133516 0.000190738 0.392729 -0.249621 0.000448977 
23 -0.00782013 0.00972748 0.247768 -1.40004 0.000190738 -0.495346 0.253872 1.14827 -0.0692378 0.518616 -0.000190738 -0.19894 -0.00324254 0.000572213 0.39044 -0.250115 -0.00164773 -0.197032 0.00133516 0.000190738 0.392729 -0.249621 0.000448977 
23 -0.00782013 0.00972748 0.247768 -1.40004 0.000190738 -0.495346 0.253872 1.14445 -0.0703822 0.51976 -0.000190738 -0.19894 -0.00324254 0.000572213 0.39044 -0.250115 -0.00164773 -0.197032 0.00133516 0.000190738 0.392729 -0.249621 0.000448977 
23 -0.00782013 0.00972748 0.247768 -1.40004 0.000190738 -0.495346 0.254253 1.14102 -0.0719081 0.520905 -0.000190738 -0.19894 -0.00324254 0.000572213 0.39044 -0.250115 -0.00164773 -0.197032 0.00133516 0.000190738 0.392729 -0.249621 0.000448977 
23 -0.00782013 0.00972748 0.247768 -1.40004 0.000190738 -0.495346 0.254253 1.13682 -0.0730526 0.521668 -0.000190738 -0.19894 -0.00324254 0.000572213 0.39044 -0.250115 -0.00164773 -0.197032 0.00133516 0.000190738 0.392729 -0.249621 0.000448977 
23 -0.00782013 0.00972748 0.247768 -1.40004 0.000190738 -0.495346 0.254635 1.13377 -0.0738155 0.522812 -0.000190738 -0.19894 -0.00324254 0.000572213 0.39044 -0.250115 -0.00164773 -0.197032 0.00133516 0.000190738 0.392729 -0.249621 0.000448977 
23 -0.00782013 0.00972748 0.247768 -1.40004 0.000190738 -0.495346 0.255016 1.12957 -0.0749599 0.523575 -0.000190738 -0.19894 -0.00324254 0.000572213 0.39044 -0.250115 -0.00164773 -0.197032 0.00133516 0.000190738 0.392729 -0.249621 0.000448977 
23 -0.00782013 0.00972748 0.247768 -1.40004 0.000190738 -0.495346 0.255398 1.12576 -0.0761044 0.524338 -0.000190738 -0.19894 -0.00324254 0.000572213 0.39044 -0.250115 -0.00164773 -0.197032 0.00133516 0.000190738 0.392729 -0.249621 0.000448977 
23 -0.00782013 0.00972748 0.247768 -1.40004 0.000190738 -0.495346 0.255779 1.12232 -0.0772488 0.525483 -0.000190738 -0.19894 -0.00324254 0.000572213 0.39044 -0.250115 -0.00164773 -0.197032 0.00133516 0.000190738 0.392729 -0.249621 0.000448977 
23 -0.00782013 0.00972748 0.247768 -1.40004 0.000190738 -0.495346 0.255779 1.11813 -0.0787747 0.527008 -0.000190738 -0.19894 -0.00324254 0.000572213 0.39044 -0.250115 -0.00164773 -0.197032 0.00133516 0.000190738 0.392729 -0.249621 0.000448977 
23 -0.00782013 0.00972748 0.247768 -1.40004 0.000190738 -0.495346 0.256161 1.11508 -0.0799191 0.527771 -0.000190738 -0.19894 -0.00324254 0.000572213 0.39044 -0.250115 -0.00164773 -0.197032 0.00133516 0.000190738 0.392729 -0.249621 0.000448977 
23 -0.00782013 0.00972748 0.247768 -1.40004 0.000190738 -0.495346 0.256161 1.11088 -0.0810636 0.528916 -0.000190738 -0.19894 -0.00324254 0.000572213 0.39044 -0.250115 -0.00164773 -0.197032 0.00133516 0.000190738 0.392729 -0.249621 0.000448977 
23 -0.00782013 0.00972748 0.247768 -1.40004 0.000190738 -0.495346 0.256542 1.10745 -0.082208 0.53006 0.000190738 -0.19894 -0.00324254 0.000572213 0.39044 -0.250115 -0.00164773 -0.197032 0.00133516 0.000190738 0.392729 -0.249621 0.000448977 
23 -0.00782013 0.00972748 0.247768 -1.40004 0.000190738 -0.495346 0.256924 1.10363 -0.0833524 0.531205 0.000190738 -0.19894 -0.00324254 0.000572213 0.39044 -0.250115 -0.00164773 -0.197032 0.00133516 0.000190738 0.392729 -0.249621 0.000448977 
23 -0.00782013 0.00972748 0.247768 -1.40004 0.000190738 -0.495346 0.256924 1.09944 -0.0848783 0.532349 0.000190738 -0.19894 -0.00324254 0.000572213 0.39044 -0.250115 -0.00164773 -0.197032 0.00133516 0.000190738 0.392729 -0.249621 0.000448977 
23 -0.00782013 0.00972748 0.247768 -1.40004 0.000190738 -0.495346 0.257305 1.09638 -0.0860227 0.533875 0.000190738 -0.19894 -0.00324254 0.000572213 0.39044 -0.250115 -0.00164773 -0.197032 0.00133516 0.000190738 0.392729 -0.249621 0.000448977 
23 -0.00782013 0.00972748 0.247768 -1.40004 0.000190738 -0.495346 0.257687 1.09181 -0.0871672 0.535019 0.000190738 -0.19894 -0.00324254 0.000572213 0.39044 -0.250115 -0.00164773 -0.197032 0.00133516 0.000190738 0.392729 -0.249621 0.000448977 
23 -0.00782013 0.00972748 0.247768 -1.40004 0.000190738 -0.495346 0.258068 1.08799 -0.0883116 0.536164 0.000190738 -0.19894 -0.00324254 0.000572213 0.39044 -0.250115 -0.00164773 -0.197032 0.00133516 0.000190738 0.392729 -0.249621 0.000448977 
23 -0.00782013 0.00972748 0.247768 -1.40004 0.000190738 -0.495346 0.25845 1.08418 -0.089456 0.537308 0.000190738 -0.19894 -0.00324254 0.000572213 0.39044 -0.250115 -0.00164773 -0.197032 0.00133516 0.000190738 0.392729 -0.249621 0.000448977 
23 -0.00782013 0.00972748 0.247768 -1.40004 0.000190738 -0.495346 0.258831 1.08036 -0.0909819 0.538834 0.000190738 -0.19894 -0.00324254 0.000572213 0.39044 -0.250115 -0.00164773 -0.197032 0.00133516 0.000190738 0.392729 -0.249621 0.000448977 
23 -0.00782013 0.00972748 0.247768 -1.40004 0.000190738 -0.495346 0.259213 1.07655 -0.0921263 0.539979 0.000190738 -0.19894 -0.00324254 0.000572213 0.39044 -0.250115 -0.00164773 -0.197032 0.00133516 0.000190738 0.392729 -0.249621 0.000448977 
23 -0.00782013 0.00972748 0.247768 -1.40004 0.000190738 -0.495346 0.259594 1.07273 -0.0936522 0.541123 0.000190738 -0.19894 -0.00324254 0.000572213 0.39044 -0.250115 -0.00164773 -0.197032 0.00133516 0.000190738 0.392729 -0.249621 0.000448977 
23 -0.00782013 0.00972748 0.247768 -1.40004 0.000190738 -0.495346 0.259594 1.06816 -0.0947967 0.542268 0.000190738 -0.19894 -0.00324254 0.000572213 0.39044 -0.250115 -0.00164773 -0.197032 0.00133516 0.000190738 0.392729 -0.249621 0.000448977 
23 -0.00782013 0.00972748 0.247768 -1.40004 0.000190738 -0.495346 0.259976 1.0651 -0.0959411 0.543793 0.000190738 -0.19894 -0.00324254 0.000572213 0.39044 -0.250115 -0.00164773 -0.197032 0.00133516 0.000190738 0.392729 -0.249621 0.000448977 
23 -0.00782013 0.00972748 0.247768 -1.40004 0.000190738 -0.495346 0.260357 1.06053 -0.097467 0.545319 0.000190738 -0.19894 -0.00324254 0.000572213 0.39044 -0.250115 -0.00164773 -0.197032 0.00133516 0.000190738 0.392729 -0.249621 0.000448977 
23 -0.00782013 0.00972748 0.247768 -1.40004 0.000190738 -0.495346 0.260739 1.05633 -0.0986114 0.546845 0.000190738 -0.19894 -0.00324254 0.000572213 0.39044 -0.250115 -0.00164773 -0.197032 0.00133516 0.000190738 0.392729 -0.249621 0.000448977 
23 -0.00782013 0.00972748 0.247768 -1.40004 0.000190738 -0.495346 0.260739 1.0529 -0.0997559 0.54799 0.000190738 -0.19894 -0.00324254 0.000572213 0.39044 -0.250115 -0.00164773 -0.197032 0.00133516 0.000190738 0.392729 -0.249621 0.000448977 
23 -0.00782013 0.00972748 0.247768 -1.40004 0.000190738 -0.495346 0.26112 1.04832 -0.101282 0.549134 0.000572213 -0.19894 -0.00324254 0.000572213 0.39044 -0.250115 -0.00164773 -0.197032 0.00133516 0.000190738 0.392729 -0.249621 0.000448977 
23 -0.00782013 0.00972748 0.247768 -1.40004 0.000190738 -0.495346 0.261501 1.04412 -0.102426 0.55066 0.000572213 -0.19894 -0.00324254 0.000572213 0.39044 -0.250115 -0.00164773 -0.197032 0.00133516 0.000190738 0.392729 -0.249621 0.000448977 
23 -0.00782013 0.00972748 0.247768 -1.40004 0.000190738 -0.495346 0.261883 1.04031 -0.103952 0.552186 0.000572213 -0.19894 -0.00324254 0.000572213 0.39044 -0.250115 -0.00164773 -0.197032 0.00133516 0.000190738 0.392729 -0.249621 0.000448977 
23 -0.00782013 0.00972748 0.247768 -1.40004 0.000190738 -0.495346 0.262646 1.03611 -0.105097 0.553712 0.000572213 -0.19894 -0.00324254 0.000572213 0.39044 -0.250115 -0.00164773 -0.197032 0.00133516 0.000190738 0.392729 -0.249621 0.000448977 
23 -0.00782013 0.00972748 0.247768 -1.40004 0.000190738 -0.495346 0.263027 1.03191 -0.106622 0.554856 0.000572213 -0.19894 -0.00324254 0.000572213 0.39044 -0.250115 -0.00164773 -0.197032 0.00133516 0.000190738 0.392729 -0.249621 0.000448977 
23 -0.00782013 0.00972748 0.247768 -1.40004 0.000190738 -0.495346 0.263409 1.0281 -0.108148 0.556382 0.000572213 -0.19894 -0.00324254 0.000572213 0.39044 -0.250115 -0.00164773 -0.197032 0.00133516 0.000190738 0.392729 -0.249621 0.000448977 
23 -0.00782013 0.00972748 0.247768 -1.40004 0.000190738 -0.495346 0.26379 1.02352 -0.109674 0.558289 0.000572213 -0.19894 -0.00324254 0.000572213 0.39044 -0.250115 -0.00164773 -0.197032 0.00133516 0.000190738 0.392729 -0.249621 0.000448977 
23 -0.00782013 0.00972748 0.247768 -1.40004 0.000190738 -0.495346 0.264172 1.01894 -0.110819 0.559815 0.000572213 -0.19894 -0.00324254 0.000572213 0.39044 -0.250115 -0.00164773 -0.197032 0.00133516 0.000190738 0.392729 -0.249621 0.000448977 
23 -0.00782013 0.00972748 0.247768 -1.40004 0.000190738 -0.495346 0.264935 1.01551 -0.112345 0.56096 0.000572213 -0.19894 -0.00324254 0.000572213 0.39044 -0.250115 -0.00164773 -0.197032 0.00133516 0.000190738 0.392729 -0.249621 0.000448977 
23 -0.00782013 0.00972748 0.247768 -1.40004 0.000190738 -0.495346 0.265316 1.01093 -0.113489 0.562486 0.000572213 -0.19894 -0.00324254 0.000572213 0.39044 -0.250115 -0.00164773 -0.197032 0.00133516 0.000190738 0.392729 -0.249621 0.000448977 
23 -0.00782013 0.00972748 0.247768 -1.40004 0.000190738 -0.495346 0.265698 1.00636 -0.115015 0.564393 0.000572213 -0.19894 -0.00324254 0.000572213 0.39044 -0.250115 -0.00164773 -0.197032 0.00133516 0.000190738 0.392729 -0.249621 0.000448977 
23 -0.00782013 0.00972748 0.247768 -1.40004 0.000190738 -0.495346 0.266079 1.00254 -0.116541 0.565919 0.000572213 -0.19894 -0.00324254 0.000572213 0.39044 -0.250115 -0.00164773 -0.197032 0.00133516 0.000190738 0.392729 -0.249621 0.000448977 
23 -0.00782013 0.00972748 0.247768 -1.40004 0.000190738 -0.495346 0.266461 0.997964 -0.117685 0.567063 0.000953689 -0.19894 -0.00324254 0.000572213 0.39044 -0.250115 -0.00164773 -0.197032 0.00133516 0.000190738 0.392729 -0.249621 0.000448977 
23 -0.00782013 0.00972748 0.247768 -1.40004 0.000190738 -0.495346 0.266842 0.993386 -0.119593 0.568971 0.000953689 -0.19894 -0.00324254 0.000572213 0.39044 -0.250115 -0.00164773 -0.197032 0.00133516 0.000190738 0.392729 -0.249621 0.000448977 
23 -0.00782013 0.00972748 0.247768 -1.40004 0.000190738 -0.495346 0.267605 0.989571 -0.120737 0.570878 0.000953689 -0.19894 -0.00324254 0.000572213 0.39044 -0.250115 -0.00164773 -0.197032 0.00133516 0.000190738 0.392729 -0.249621 0.000448977 
23 -0.00782013 0.00972748 0.247768 -1.40004 0.000190738 -0.495346 0.267987 0.984993 -0.122644 0.572404 0.000953689 -0.19894 -0.00324254 0.000572213 0.39044 -0.250115 -0.00164773 -0.197032 0.00133516 0.000190738 0.392729 -0.249621 0.000448977 
23 -0.00782013 0.00972748 0.247768 -1.40004 0.000190738 -0.495346 0.268368 0.980416 -0.123789 0.57393 0.000953689 -0.19894 -0.00324254 0.000572213 0.39044 -0.250115 -0.00164773 -0.197032 0.00133516 0.000190738 0.392729 -0.249621 0.000448977 
23 -0.00782013 0.00972748 0.247768 -1.40004 0.000190738 -0.495346 0.26875 0.97622 -0.124933 0.575456 0.000953689 -0.19894 -0.00324254 0.000572213 0.39044 -0.250115 -0.00164773 -0.197032 0.00133516 0.000190738 0.392729 -0.249621 0.000448977 
23 -0.00782013 0.00972748 0.247768 -1.40004 0.000190738 -0.495346 0.269131 0.972023 -0.126459 0.577363 0.000953689 -0.19894 -0.00324254 0.000572213 0.39044 -0.250115 -0.00164773 -0.197032 0.00133516 0.000190738 0.392729 -0.249621 0.000448977 
23 -0.00782013 0.00972748 0.247768 -1.40004 0.000190738 -0.495346 0.269512 0.967446 -0.127985 0.578889 0.000953689 -0.19894 -0.00324254 0.000572213 0.39044 -0.250115 -0.00164773 -0.197032 0.00133516 0.000190738 0.392729 -0.249621 0.000448977 
23 -0.00782013 0.00972748 0.247768 -1.40004 0.000190738 -0.495346 0.269894 0.962486 -0.129511 0.580415 0.000953689 -0.19894 -0.00324254 0.000572213 0.39044 -0.250115 -0.00164773 -0.197032 0.00133516 0.000190738 0.392729 -0.249621 0.000448977 
23 -0.00782013 0.00972748 0.247768 -1.40004 0.000190738 -0.495346 0.270275 0.959053 -0.131037 0.582704 0.000953689 -0.19894 -0.00324254 0.000572213 0.39044 -0.250115 -0.00164773 -0.197032 0.00133516 0.000190738 0.392729 -0.249621 0.000448977 
23 -0.00782013 0.00972748 0.247768 -1.40004 0.000190738 -0.495346 0.271038 0.954094 -0.132944 0.58423 0.000953689 -0.19894 -0.00324254 0.000572213 0.39044 -0.250115 -0.00164773 -0.197032 0.00133516 0.000190738 0.392729 -0.249621 0.000448977 
23 -0.00782013 0.00972748 0.247768 -1.40004 0.000190738 -0.495346 0.27142 0.949135 -0.13447 0.585756 0.000953689 -0.19894 -0.00324254 0.000572213 0.39044 -0.250115 -0.00164773 -0.197032 0.00133516 0.000190738 0.392729 -0.249621 0.000448977 
23 -0.00782013 0.00972748 0.247768 -1.40004 0.000190738 -0.495346 0.272183 0.94532 -0.135996 0.587663 0.000953689 -0.19894 -0.00324254 0.000572213 0.39044 -0.250115 -0.00164773 -0.197032 0.00133516 0.000190738 0.392729 -0.249621 0.000448977 
23 -0.00782013 0.00972748 0.247768 -1.40004 0.000190738 -0.495346 0.272183 0.940742 -0.137522 0.58957 0.000953689 -0.19894 -0.00324254 0.000572213 0.39044 -0.250115 -0.00164773 -0.197032 0.00133516 0.000190738 0.392729 -0.249621 0.000448977 
23 -0.00782013 0.00972748 0.247768 -1.40004 0.000190738 -0.495346 0.272564 0.935783 -0.139048 0.591096 0.00133516 -0.19894 -0.00324254 0.000572213 0.39044 -0.250115 -0.00164773 -0.197032 0.00133516 0.000190738 0.392729 -0.249621 0.000448977 
23 -0.00782013 0.00972748 0.247768 -1.40004 0.000190738 -0.495346 0.272946 0.931205 -0.140955 0.593004 0.00133516 -0.19894 -0.00324254 0.000572213 0.39044 -0.250115 -0.00164773 -0.197032 0.00133516 0.000190738 0.392729 -0.249621 0.000448977 
23 -0.00782013 0.00972748 0.247768 -1.40004 0.000190738 -0.495346 0.273327 0.927009 -0.142481 0.595293 0.00133516 -0.19894 -0.00324254 0.000572213 0.39044 -0.250115 -0.00164773 -0.197032 0.00133516 0.000190738 0.392729 -0.249621 0.000448977 
23 -0.00782013 0.00972748 0.247768 -1.40004 0.000190738 -0.495346 0.273327 0.922431 -0.144388 0.596819 0.00133516 -0.19894 -0.00324254 0.000572213 0.39044 -0.250115 -0.00164773 -0.197032 0.00133516 0.000190738 0.392729 -0.249621 0.000448977 
23 -0.00782013 0.00972748 0.247768 -1.40004 0.000190738 -0.495346 0.273709 0.917472 -0.145914 0.598344 0.00133516 -0.19894 -0.00324254 0.000572213 0.39044 -0.250115 -0.00164773 -0.197032 0.00133516 0.000190738 0.392729 -0.249621 0.000448977 
23 -0.00782013 0.00972748 0.247768 -1.40004 0.000190738 -0.495346 0.273709 0.912513 -0.147822 0.600633 0.00133516 -0.19894 -0.00324254 0.000572213 0.39044 -0.250115 -0.00164773 -0.197032 0.00133516 0.000190738 0.392729 -0.249621 0.000448977 
23 -0.00782013 0.00972748 0.247768 -1.40004 0.000190738 -0.495346 0.27409 0.908698 -0.149348 0.602541 0.00133516 -0.19894 -0.00324254 0.000572213 0.39044 -0.250115 -0.00164773 -0.197032 0.00133516 0.000190738 0.392729 -0.249621 0.000448977 
23 -0.00782013 0.00972748 0.247768 -1.40004 0.000190738 -0.495346 0.274472 0.903739 -0.151255 0.604067 0.00171664 -0.19894 -0.00324254 0.000572213 0.39044 -0.250115 -0.00164773 -0.197032 0.00133516 0.000190738 0.392729 -0.249621 0.000448977 
23 -0.00782013 0.00972748 0.247768 -1.40004 0.000190738 -0.495346 0.274853 0.899161 -0.153162 0.605974 0.00171664 -0.19894 -0.00324254 0.000572213 0.39044 -0.250115 -0.00164773 -0.197032 0.00133516 0.000190738 0.392729 -0.249621 0.000448977 
23 -0.00782013 0.00972748 0.247768 -1.40004 0.000190738 -0.495346 0.275235 0.894202 -0.154688 0.608263 0.00171664 -0.19894 -0.00324254 0.000572213 0.39044 -0.250115 -0.00164773 -0.197032 0.00133516 0.000190738 0.392729 -0.249621 0.000448977 
23 -0.00782013 0.00972748 0.247768 -1.40004 0.000190738 -0.495346 0.275616 0.890006 -0.156596 0.609789 0.00209812 -0.19894 -0.00324254 0.000572213 0.39044 -0.250115 -0.00164773 -0.197032 0.00133516 0.000190738 0.392729 -0.249621 0.000448977 
23 -0.00782013 0.00972748 0.247768 -1.40004 0.000190738 -0.495346 0.275998 0.885047 -0.158503 0.611315 0.00209812 -0.19894 -0.00324254 0.000572213 0.39044 -0.250115 -0.00164773 -0.197032 0.00133516 0.000190738 0.392729 -0.249621 0.000448977 
23 -0.00782013 0.00972748 0.247768 -1.40004 0.000190738 -0.495346 0.276761 0.880088 -0.16041 0.613985 0.00209812 -0.19894 -0.00324254 0.000572213 0.39044 -0.250115 -0.00164773 -0.197032 0.00133516 0.000190738 0.392729 -0.249621 0.000448977 
23 -0.00782013 0.00972748 0.247768 -1.40004 0.000190738 -0.495346 0.277142 0.875129 -0.161936 0.615511 0.00247959 -0.19894 -0.00324254 0.000572213 0.39044 -0.250115 -0.00164773 -0.197032 0.00133516 0.000190738 0.392729 -0.249621 0.000448977 
23 -0.00782013 0.00972748 0.247768 -1.40004 0.000190738 -0.495346 0.277905 0.870932 -0.163844 0.617418 0.00247959 -0.19894 -0.00324254 0.000572213 0.39044 -0.250115 -0.00164773 -0.197032 0.00133516 0.000190738 0.392729 -0.249621 0.000448977 
23 -0.00782013 0.00972748 0.247768 -1.40004 0.000190738 -0.495346 0.278668 0.865973 -0.166133 0.619707 0.00247959 -0.19894 -0.00324254 0.000572213 0.39044 -0.250115 -0.00164773 -0.197032 0.00133516 0.000190738 0.392729 -0.249621 0.000448977 
23 -0.00782013 0.00972748 0.247768 -1.40004 0.000190738 -0.495346 0.279049 0.861014 -0.16804 0.621614 0.00247959 -0.19894 -0.00324254 0.000572213 0.39044 -0.250115 -0.00164773 -0.197032 0.00133516 0.000190738 0.392729 -0.249621 0.000448977 
23 -0.00782013 0.00972748 0.247768 -1.40004 0.000190738 -0.495346 0.279431 0.856055 -0.170329 0.62314 0.00247959 -0.19894 -0.00324254 0.000572213 0.39044 -0.250115 -0.00164773 -0.197032 0.00133516 0.000190738 0.392729 -0.249621 0.000448977 
23 -0.00782013 0.00972748 0.247768 -1.40004 0.000190738 -0.495346 0.279812 0.851096 -0.172236 0.625429 0.00286107 -0.19894 -0.00324254 0.000572213 0.39044 -0.250115 -0.00164773 -0.197032 0.00133516 0.000190738 0.392729 -0.249621 0.000448977 
23 -0.00782013 0.00972748 0.247768 -1.40004 0.000190738 -0.495346 0.280194 0.846899 -0.174144 0.627337 0.00286107 -0.19894 -0.00324254 0.000572213 0.39044 -0.250115 -0.00164773 -0.197032 0.00133516 0.000190738 0.392729 -0.249621 0.000448977 
23 -0.00782013 0.00972748 0.247768 -1.40004 0.000190738 -0.495346 0.280575 0.841559 -0.176051 0.629244 0.00286107 -0.19894 -0.00324254 0.000572213 0.39044 -0.250115 -0.00164773 -0.197032 0.00133516 0.000190738 0.392729 -0.249621 0.000448977 
23 -0.00782013 0.00972748 0.247768 -1.40004 0.000190738 -0.495346 0.280575 0.836599 -0.17834 0.631533 0.00286107 -0.19894 -0.00324254 0.000572213 0.39044 -0.250115 -0.00164773 -0.197032 0.00133516 0.000190738 0.392729 -0.249621 0.000448977 
23 -0.00782013 0.00972748 0.247768 -1.40004 0.000190738 -0.495346 0.280957 0.83164 -0.180247 0.633822 0.00286107 -0.19894 -0.00324254 0.000572213 0.39044 -0.250115 -0.00164773 -0.197032 0.00133516 0.000190738 0.392729 -0.249621 0.000448977 
23 -0.00782013 0.00972748 0.247768 -1.40004 0.000190738 -0.495346 0.281338 0.827063 -0.182536 0.635729 0.00286107 -0.19894 -0.00324254 0.000572213 0.39044 -0.250115 -0.00164773 -0.197032 0.00133516 0.000190738 0.392729 -0.249621 0.000448977 
23 -0.00782013 0.00972748 0.247768 -1.40004 0.000190738 -0.495346 0.28172 0.822103 -0.184825 0.637636 0.00286107 -0.19894 -0.00324254 0.000572213 0.39044 -0.250115 -0.00164773 -0.197032 0.00133516 0.000190738 0.392729 -0.249621 0.000448977 
23 -0.00782013 0.00972748 0.247768 -1.40004 0.000190738 -0.495346 0.28172 0.817144 -0.186732 0.639925 0.00324254 -0.19894 -0.00324254 0.000572213 0.39044 -0.250115 -0.00164773 -0.197032 0.00133516 0.000190738 0.392729 -0.249621 0.000448977 
23 -0.00782013 0.00972748 0.247768 -1.40004 0.000190738 -0.495346 0.282483 0.812185 -0.18864 0.641833 0.00324254 -0.19894 -0.00324254 0.000572213 0.39044 -0.250115 -0.00164773 -0.197032 0.00133516 0.000190738 0.392729 -0.249621 0.000448977 
23 -0.00782013 0.00972748 0.247768 -1.40004 0.000190738 -0.495346 0.282864 0.807226 -0.190929 0.644503 0.00324254 -0.19894 -0.00324254 0.000572213 0.39044 -0.250115 -0.00164773 -0.197032 0.00133516 0.000190738 0.392729 -0.249621 0.000448977 
23 -0.00782013 0.00972748 0.247768 -1.40004 0.000190738 -0.495346 0.283246 0.802267 -0.193217 0.646792 0.00362402 -0.19894 -0.00324254 0.000572213 0.39044 -0.250115 -0.00164773 -0.197032 0.00133516 0.000190738 0.392729 -0.249621 0.000448977 
23 -0.00782013 0.00972748 0.247768 -1.40004 0.000190738 -0.495346 0.284009 0.797689 -0.195506 0.648699 0.00362402 -0.19894 -0.00324254 0.000572213 0.39044 -0.250115 -0.00164773 -0.197032 0.00133516 0.000190738 0.392729 -0.249621 0.000448977 
23 -0.00782013 0.00972748 0.247768 -1.40004 0.000190738 -0.495346 0.28439 0.792348 -0.197795 0.65137 0.00362402 -0.19894 -0.00324254 0.000572213 0.39044 -0.250115 -0.00164773 -0.197032 0.00133516 0.000190738 0.392729 -0.249621 0.000448977 
23 -0.00782013 0.00972748 0.247768 -1.40004 0.000190738 -0.495346 0.284772 0.787008 -0.199702 0.653277 0.00400549 -0.19894 -0.00324254 0.000572213 0.39044 -0.250115 -0.00164773 -0.197032 0.00133516 0.000190738 0.392729 -0.249621 0.000448977 
23 -0.00782013 0.00972748 0.247768 -1.40004 0.000190738 -0.495346 0.285153 0.782048 -0.201991 0.655184 0.00400549 -0.19894 -0.00324254 0.000572213 0.39044 -0.250115 -0.00164773 -0.197032 0.00133516 0.000190738 0.392729 -0.249621 0.000448977 
23 -0.00782013 0.00972748 0.247768 -1.40004 0.000190738 -0.495346 0.285534 0.777471 -0.204662 0.658236 0.00438697 -0.19894 -0.00324254 0.000572213 0.39044 -0.250115 -0.00164773 -0.197032 0.00133516 0.000190738 0.392729 -0.249621 0.000448977 
23 -0.00782013 0.00972748 0.247768 -1.40004 0.000190738 -0.495346 0.285534 0.772512 -0.20695 0.660143 0.00438697 -0.19894 -0.00324254 0.000572213 0.39044 -0.250115 -0.00164773 -0.197032 0.00133516 0.000190738 0.392729 -0.249621 0.000448977 
23 -0.00782013 0.00972748 0.247768 -1.40004 0.000190738 -0.495346 0.285916 0.767171 -0.209239 0.662432 0.00438697 -0.19894 -0.00324254 0.000572213 0.39044 -0.250115 -0.00164773 -0.197032 0.00133516 0.000190738 0.392729 -0.249621 0.000448977 
23 -0.00782013 0.00972748 0.247768 -1.40004 0.000190738 -0.495346 0.286297 0.76183 -0.211528 0.664721 0.00476844 -0.19894 -0.00324254 0.000572213 0.39044 -0.250115 -0.00164773 -0.197032 0.00133516 0.000190738 0.392729 -0.249621 0.000448977 
23 -0.00782013 0.00972748 0.247768 -1.40004 0.000190738 -0.495346 0.286297 0.756871 -0.213436 0.66701 0.00476844 -0.19894 -0.00324254 0.000572213 0.39044 -0.250115 -0.00164773 -0.197032 0.00133516 0.000190738 0.392729 -0.249621 0.000448977 
23 -0.00782013 0.00972748 0.247768 -1.40004 0.000190738 -0.495346 0.286297 0.752293 -0.216106 0.66968 0.00476844 -0.19894 -0.00324254 0.000572213 0.39044 -0.250115 -0.00164773 -0.197032 0.00133516 0.000190738 0.392729 -0.249621 0.000448977 
23 -0.00782013 0.00972748 0.247768 -1.40004 0.000190738 -0.495346 0.286679 0.747334 -0.218395 0.671969 0.00476844 -0.19894 -0.00324254 0.000572213 0.39044 -0.250115 -0.00164773 -0.197032 0.00133516 0.000190738 0.392729 -0.249621 0.000448977 
23 -0.00782013 0.00972748 0.247768 -1.40004 0.000190738 -0.495346 0.28706 0.741994 -0.221065 0.674258 0.00476844 -0.19894 -0.00324254 0.000572213 0.39044 -0.250115 -0.00164773 -0.197032 0.00133516 0.000190738 0.392729 -0.249621 0.000448977 
23 -0.00782013 0.00972748 0.247768 -1.40004 0.000190738 -0.495346 0.28706 0.737034 -0.223354 0.676928 0.00476844 -0.19894 -0.00324254 0.000572213 0.39044 -0.250115 -0.00164773 -0.197032 0.00133516 0.000190738 0.392729 -0.249621 0.000448977 
23 -0.00782013 0.00972748 0.247768 -1.40004 0.000190738 -0.495346 0.287442 0.731694 -0.225643 0.679217 0.00514992 -0.19894 -0.00324254 0.000572213 0.39044 -0.250115 -0.00164773 -0.197032 0.00133516 0.000190738 0.392729 -0.249621 0.000448977 
23 -0.00782013 0.00972748 0.247768 -1.40004 0.000190738 -0.495346 0.287442 0.727116 -0.228313 0.681888 0.00514992 -0.19894 -0.00324254 0.000572213 0.39044 -0.250115 -0.00164773 -0.197032 0.00133516 0.000190738 0.392729 -0.249621 0.000448977 
23 -0.00782013 0.00972748 0.247768 -1.40004 0.000190738 -0.495346 0.287823 0.722538 -0.230602 0.684176 0.00514992 -0.19894 -0.00324254 0.000572213 0.39044 -0.250115 -0.00164773 -0.197032 0.00133516 0.000190738 0.392729 -0.249621 0.000448977 
23 -0.00782013 0.00972748 0.247768 -1.40004 0.000190738 -0.495346 0.287823 0.717198 -0.233272 0.686465 0.00514992 -0.19894 -0.00324254 0.000572213 0.39044 -0.250115 -0.00164773 -0.197032 0.00133516 0.000190738 0.392729 -0.249621 0.000448977 
23 -0.00782013 0.00972748 0.247768 -1.40004 0.000190738 -0.495346 0.288205 0.711857 -0.235943 0.689517 0.0055314 -0.19894 -0.00324254 0.000572213 0.39044 -0.250115 -0.00164773 -0.197032 0.00133516 0.000190738 0.392729 -0.249621 0.000448977 
23 -0.00782013 0.00972748 0.247768 -1.40004 0.000190738 -0.495346 0.288586 0.706516 -0.238231 0.691424 0.0055314 -0.19894 -0.00324254 0.000572213 0.39044 -0.250115 -0.00164773 -0.197032 0.00133516 0.000190738 0.392729 -0.249621 0.000448977 
23 -0.00782013 0.00972748 0.247768 -1.40004 0.000190738 -0.495346 0.288586 0.701939 -0.240902 0.694095 0.00591287 -0.19894 -0.00324254 0.000572213 0.39044 -0.250115 -0.00164773 -0.197032 0.00133516 0.000190738 0.392729 -0.249621 0.000448977 
23 -0.00782013 0.00972748 0.247768 -1.40004 0.000190738 -0.495346 0.288968 0.697361 -0.243191 0.696765 0.00591287 -0.19894 -0.00324254 0.000572213 0.39044 -0.250115 -0.00164773 -0.197032 0.00133516 0.000190738 0.392729 -0.249621 0.000448977 
23 -0.00782013 0.00972748 0.247768 -1.40004 0.000190738 -0.495346 0.289349 0.69202 -0.246242 0.699054 0.00629435 -0.19894 -0.00324254 0.000572213 0.39044 -0.250115 -0.00164773 -0.197032 0.00133516 0.000190738 0.392729 -0.249621 0.000448977 
23 -0.00782013 0.00972748 0.247768 -1.40004 0.000190738 -0.495346 0.289731 0.687061 -0.248531 0.702106 0.00629435 -0.19894 -0.00324254 0.000572213 0.39044 -0.250115 -0.00164773 -0.197032 0.00133516 0.000190738 0.392729 -0.249621 0.000448977 
23 -0.00782013 0.00972748 0.247768 -1.40004 0.000190738 -0.495346 0.290112 0.68172 -0.251202 0.704395 0.00629435 -0.19894 -0.00324254 0.000572213 0.39044 -0.250115 -0.00164773 -0.197032 0.00133516 0.000190738 0.392729 -0.249621 0.000448977 
23 -0.00782013 0.00972748 0.247768 -1.40004 0.000190738 -0.495346 0.290494 0.677143 -0.253872 0.707446 0.00629435 -0.19894 -0.00324254 0.000572213 0.39044 -0.250115 -0.00164773 -0.197032 0.00133516 0.000190738 0.392729 -0.249621 0.000448977 
23 -0.00782013 0.00972748 0.247768 -1.40004 0.000190738 -0.495346 0.290494 0.672565 -0.256542 0.710117 0.00667582 -0.19894 -0.00324254 0.000572213 0.39044 -0.250115 -0.00164773 -0.197032 0.00133516 0.000190738 0.392729 -0.249621 0.000448977 
23 -0.00782013 0.00972748 0.247768 -1.40004 0.000190738 -0.495346 0.290875 0.666843 -0.259594 0.712406 0.00667582 -0.19894 -0.00324254 0.000572213 0.39044 -0.250115 -0.00164773 -0.197032 0.00133516 0.000190738 0.392729 -0.249621 0.000448977 
23 -0.00782013 0.00972748 0.247768 -1.40004 0.000190738 -0.495346 0.290875 0.661884 -0.261883 0.715076 0.00667582 -0.19894 -0.00324254 0.000572213 0.39044 -0.250115 -0.00164773 -0.197032 0.00133516 0.000190738 0.392729 -0.249621 0.000448977 
23 -0.00782013 0.00972748 0.247768 -1.40004 0.000190738 -0.495346 0.291257 0.656543 -0.264553 0.717746 0.0070573 -0.19894 -0.00324254 0.000572213 0.39044 -0.250115 -0.00164773 -0.197032 0.00133516 0.000190738 0.392729 -0.249621 0.000448977 
23 -0.00782013 0.00972748 0.247768 -1.40004 0.000190738 -0.495346 0.291257 0.651584 -0.267224 0.720798 0.0070573 -0.19894 -0.00324254 0.000572213 0.39044 -0.250115 -0.00164773 -0.197032 0.00133516 0.000190738 0.392729 -0.249621 0.000448977 
23 -0.00782013 0.00972748 0.247768 -1.40004 0.000190738 -0.495346 0.291638 0.647388 -0.270275 0.723468 0.0070573 -0.19894 -0.00324254 0.000572213 0.39044 -0.250115 -0.00164773 -0.197032 0.00133516 0.000190738 0.392729 -0.249621 0.000448977 
23 -0.00782013 0.00972748 0.247768 -1.40004 0.000190738 -0.495346 0.291638 0.642047 -0.272946 0.72652 0.00743877 -0.19894 -0.00324254 0.000572213 0.39044 -0.250115 -0.00164773 -0.197032 0.00133516 0.000190738 0.392729 -0.249621 0.000448977 
23 -0.00782013 0.00972748 0.247768 -1.40004 0.000190738 -0.495346 0.291638 0.637088 -0.275616 0.729191 0.00743877 -0.19894 -0.00324254 0.000572213 0.39044 -0.250115 -0.00164773 -0.197032 0.00133516 0.000190738 0.392729 -0.249621 0.000448977 
23 -0.00782013 0.00972748 0.247768 -1.40004 0.000190738 -0.495346 0.29202 0.631747 -0.278286 0.733005 0.00743877 -0.19894 -0.00324254 0.000572213 0.39044 -0.250115 -0.00164773 -0.197032 0.00133516 0.000190738 0.392729 -0.249621 0.000448977 
23 -0.00782013 0.00972748 0.247768 -1.40004 0.000190738 -0.495346 0.29202 0.627169 -0.280957 0.735294 0.00782025 -0.19894 -0.00324254 0.000572213 0.39044 -0.250115 -0.00164773 -0.197032 0.00133516 0.000190738 0.392729 -0.249621 0.000448977 
23 -0.00782013 0.00972748 0.247768 -1.40004 0.000190738 -0.495346 0.29202 0.622592 -0.284009 0.738727 0.00782025 -0.19894 -0.00324254 0.000572213 0.39044 -0.250115 -0.00164773 -0.197032 0.00133516 0.000190738 0.392729 -0.249621 0.000448977 
23 -0.00782013 0.00972748 0.247768 -1.40004 0.000190738 -0.495346 0.29202 0.617251 -0.286679 0.741398 0.00782025 -0.19894 -0.00324254 0.000572213 0.39044 -0.250115 -0.00164773 -0.197032 0.00133516 0.000190738 0.392729 -0.249621 0.000448977 
23 -0.00782013 0.00972748 0.247768 -1.40004 0.000190738 -0.495346 0.29202 0.612292 -0.289349 0.744831 0.00820172 -0.19894 -0.00324254 0.000572213 0.39044 -0.250115 -0.00164773 -0.197032 0.00133516 0.000190738 0.392729 -0.249621 0.000448977 
23 -0.00782013 0.00972748 0.247768 -1.40004 0.000190738 -0.495346 0.29202 0.606951 -0.29202 0.747501 0.00820172 -0.19894 -0.00324254 0.000572213 0.39044 -0.250115 -0.00164773 -0.197032 0.00133516 0.000190738 0.392729 -0.249621 0.000448977 
23 -0.00782013 0.00972748 0.247768 -1.40004 0.000190738 -0.495346 0.292401 0.602373 -0.295071 0.750935 0.00820172 -0.19894 -0.00324254 0.000572213 0.39044 -0.250115 -0.00164773 -0.197032 0.00133516 0.000190738 0.392729 -0.249621 0.000448977 
23 -0.00782013 0.00972748 0.247768 -1.40004 0.000190738 -0.495346 0.292401 0.597796 -0.298123 0.753605 0.00820172 -0.19894 -0.00324254 0.000572213 0.39044 -0.250115 -0.00164773 -0.197032 0.00133516 0.000190738 0.392729 -0.249621 0.000448977 
23 -0.00782013 0.00972748 0.247768 -1.40004 0.000190738 -0.495346 0.292401 0.592455 -0.300793 0.75742 0.0085832 -0.19894 -0.00324254 0.000572213 0.39044 -0.250115 -0.00164773 -0.197032 0.00133516 0.000190738 0.392729 -0.249621 0.000448977 
23 -0.00782013 0.00972748 0.247768 -1.40004 0.000190738 -0.495346 0.292401 0.587496 -0.303845 0.76009 0.0085832 -0.19894 -0.00324254 0.000572213 0.39044 -0.250115 -0.00164773 -0.197032 0.00133516 0.000190738 0.392729 -0.249621 0.000448977 
23 -0.00782013 0.00972748 0.247768 -1.40004 0.000190738 -0.495346 0.292401 0.582537 -0.306897 0.763523 0.0085832 -0.19894 -0.00324254 0.000572213 0.39044 -0.250115 -0.00164773 -0.197032 0.00133516 0.000190738 0.392729 -0.249621 0.000448977 
23 -0.00782013 0.00972748 0.247768 -1.40004 0.000190738 -0.495346 0.292401 0.577959 -0.309567 0.766575 0.00896468 -0.19894 -0.00324254 0.000572213 0.39044 -0.250115 -0.00164773 -0.197032 0.00133516 0.000190738 0.392729 -0.249621 0.000448977 
23 -0.00782013 0.00972748 0.247768 -1.40004 0.000190738 -0.495346 0.292401 0.573381 -0.312238 0.770008 0.00896468 -0.19894 -0.00324254 0.000572213 0.39044 -0.250115 -0.00164773 -0.197032 0.00133516 0.000190738 0.392729 -0.249621 0.000448977 
23 -0.00782013 0.00972748 0.247768 -1.40004 0.000190738 -0.495346 0.292401 0.568041 -0.31529 0.77306 0.00896468 -0.19894 -0.00324254 0.000572213 0.39044 -0.250115 -0.00164773 -0.197032 0.00133516 0.000190738 0.392729 -0.249621 0.000448977 
23 -0.00782013 0.00972748 0.247768 -1.40004 0.000190738 -0.495346 0.292401 0.563082 -0.318341 0.776493 0.00934615 -0.19894 -0.00324254 0.000572213 0.39044 -0.250115 -0.00164773 -0.197032 0.00133516 0.000190738 0.392729 -0.249621 0.000448977 
23 -0.00782013 0.00972748 0.247768 -1.40004 0.000190738 -0.495346 0.292401 0.558504 -0.321393 0.779545 0.00934615 -0.19894 -0.00324254 0.000572213 0.39044 -0.250115 -0.00164773 -0.197032 0.00133516 0.000190738 0.392729 -0.249621 0.000448977 
23 -0.00782013 0.00972748 0.247768 -1.40004 0.000190738 -0.495346 0.292401 0.553926 -0.324063 0.78336 0.00934615 -0.19894 -0.00324254 0.000572213 0.39044 -0.250115 -0.00164773 -0.197032 0.00133516 0.000190738 0.392729 -0.249621 0.000448977 
23 -0.00782013 0.00972748 0.247768 -1.40004 0.000190738 -0.495346 0.292401 0.548967 -0.327115 0.78603 0.00934615 -0.19894 -0.00324254 0.000572213 0.39044 -0.250115 -0.00164773 -0.197032 0.00133516 0.000190738 0.392729 -0.249621 0.000448977 
23 -0.00782013 0.00972748 0.247768 -1.40004 0.000190738 -0.495346 0.292401 0.544008 -0.330167 0.789845 0.00972763 -0.19894 -0.00324254 0.000572213 0.39044 -0.250115 -0.00164773 -0.197032 0.00133516 0.000190738 0.392729 -0.249621 0.000448977 
23 -0.00782013 0.00972748 0.247768 -1.40004 0.000190738 -0.495346 0.292401 0.539049 -0.333219 0.793278 0.00972763 -0.19894 -0.00324254 0.000572213 0.39044 -0.250115 -0.00164773 -0.197032 0.00133516 0.000190738 0.392729 -0.249621 0.000448977 
23 -0.00782013 0.00972748 0.247768 -1.40004 0.000190738 -0.495346 0.292401 0.534852 -0.335889 0.796712 0.0101091 -0.19894 -0.00324254 0.000572213 0.39044 -0.250115 -0.00164773 -0.197032 0.00133516 0.000190738 0.392729 -0.249621 0.000448977 
23 -0.00782013 0.00972748 0.247768 -1.40004 0.000190738 -0.495346 0.292401 0.529893 -0.339323 0.800145 0.0101091 -0.19894 -0.00324254 0.000572213 0.39044 -0.250115 -0.00164773 -0.197032 0.00133516 0.000190738 0.392729 -0.249621 0.000448977 
23 -0.00782013 0.00972748 0.247768 -1.40004 0.000190738 -0.495346 0.292401 0.524934 -0.342374 0.803197 0.0101091 -0.19894 -0.00324254 0.000572213 0.39044 -0.250115 -0.00164773 -0.197032 0.00133516 0.000190738 0.392729 -0.249621 0.000448977 
23 -0.00782013 0.00972748 0.247768 -1.40004 0.000190738 -0.495346 0.292401 0.519975 -0.345426 0.807393 0.0104906 -0.19894 -0.00324254 0.000572213 0.39044 -0.250115 -0.00164773 -0.197032 0.00133516 0.000190738 0.392729 -0.249621 0.000448977 
23 -0.00782013 0.00972748 0.247768 -1.40004 0.000190738 -0.495346 0.29202 0.515779 -0.348478 0.810445 0.0104906 -0.19894 -0.00324254 0.000572213 0.39044 -0.250115 -0.00164773 -0.197032 0.00133516 0.000190738 0.392729 -0.249621 0.000448977 
23 -0.00782013 0.00972748 0.247768 -1.40004 0.000190738 -0.495346 0.29202 0.510819 -0.35153 0.81426 0.0104906 -0.19894 -0.00324254 0.000572213 0.39044 -0.250115 -0.00164773 -0.197032 0.00133516 0.000190738 0.392729 -0.249621 0.000448977 
23 -0.00782013 0.00972748 0.247768 -1.40004 0.000190738 -0.495346 0.29202 0.50586 -0.354963 0.817311 0.0108721 -0.19894 -0.00324254 0.000572213 0.39044 -0.250115 -0.00164773 -0.197032 0.00133516 0.000190738 0.392729 -0.249621 0.000448977 
23 -0.00782013 0.00972748 0.247768 -1.40004 0.000190738 -0.495346 0.29202 0.500901 -0.358015 0.821126 0.0108721 -0.19894 -0.00324254 0.000572213 0.39044 -0.250115 -0.00164773 -0.197032 0.00133516 0.000190738 0.392729 -0.249621 0.000448977 
23 -0.00782013 0.00972748 0.247768 -1.40004 0.000190738 -0.495346 0.29202 0.496705 -0.361448 0.824559 0.0112535 -0.19894 -0.00324254 0.000572213 0.39044 -0.250115 -0.00164773 -0.197032 0.00133516 0.000190738 0.392729 -0.249621 0.000448977 
23 -0.00782013 0.00972748 0.247768 -1.40004 0.000190738 -0.495346 0.29202 0.492127 -0.3645 0.827993 0.0112535 -0.19894 -0.00324254 0.000572213 0.39044 -0.250115 -0.00164773 -0.197032 0.00133516 0.000190738 0.392729 -0.249621 0.000448977 
23 -0.00782013 0.00972748 0.247768 -1.40004 0.000190738 -0.495346 0.29202 0.487168 -0.367552 0.831807 0.011635 -0.19894 -0.00324254 0.000572213 0.39044 -0.250115 -0.00164773 -0.197032 0.00133516 0.000190738 0.392729 -0.249621 0.000448977 
23 -0.00782013 0.00972748 0.247768 -1.40004 0.000190738 -0.495346 0.29202 0.482209 -0.370985 0.835241 0.011635 -0.19894 -0.00324254 0.000572213 0.39044 -0.250115 -0.00164773 -0.197032 0.00133516 0.000190738 0.392729 -0.249621 0.000448977 
23 -0.00782013 0.00972748 0.247768 -1.40004 0.000190738 -0.495346 0.29202 0.477631 -0.374037 0.839055 0.011635 -0.19894 -0.00324254 0.000572213 0.39044 -0.250115 -0.00164773 -0.197032 0.00133516 0.000190738 0.392729 -0.249621 0.000448977 
23 -0.00782013 0.00972748 0.247768 -1.40004 0.000190738 -0.495346 0.29202 0.473435 -0.37747 0.842107 0.011635 -0.19894 -0.00324254 0.000572213 0.39044 -0.250115 -0.00164773 -0.197032 0.00133516 0.000190738 0.392729 -0.249621 0.000448977 
23 -0.00782013 0.00972748 0.247768 -1.40004 0.000190738 -0.495346 0.29202 0.468476 -0.380903 0.846304 0.011635 -0.19894 -0.00324254 0.000572213 0.39044 -0.250115 -0.00164773 -0.197032 0.00133516 0.000190738 0.392729 -0.249621 0.000448977 
23 -0.00782013 0.00972748 0.247768 -1.40004 0.000190738 -0.495346 0.29202 0.463516 -0.384337 0.849737 0.0120165 -0.19894 -0.00324254 0.000572213 0.39044 -0.250115 -0.00164773 -0.197032 0.00133516 0.000190738 0.392729 -0.249621 0.000448977 
23 -0.00782013 0.00972748 0.247768 -1.40004 0.000190738 -0.495346 0.29202 0.459702 -0.387388 0.85317 0.0120165 -0.19894 -0.00324254 0.000572213 0.39044 -0.250115 -0.00164773 -0.197032 0.00133516 0.000190738 0.392729 -0.249621 0.000448977 
23 -0.00782013 0.00972748 0.247768 -1.40004 0.000190738 -0.495346 0.29202 0.454742 -0.390822 0.857366 0.0120165 -0.19894 -0.00324254 0.000572213 0.39044 -0.250115 -0.00164773 -0.197032 0.00133516 0.000190738 0.392729 -0.249621 0.000448977 
23 -0.00782013 0.00972748 0.247768 -1.40004 0.000190738 -0.495346 0.291638 0.450165 -0.394255 0.8608 0.0120165 -0.19894 -0.00324254 0.000572213 0.39044 -0.250115 -0.00164773 -0.197032 0.00133516 0.000190738 0.392729 -0.249621 0.000448977 
23 -0.00782013 0.00972748 0.247768 -1.40004 0.000190738 -0.495346 0.291638 0.445206 -0.397688 0.864614 0.0120165 -0.19894 -0.00324254 0.000572213 0.39044 -0.250115 -0.00164773 -0.197032 0.00133516 0.000190738 0.392729 -0.249621 0.000448977 
23 -0.00782013 0.00972748 0.247768 -1.40004 0.000190738 -0.495346 0.291638 0.441391 -0.401122 0.868048 0.0120165 -0.19894 -0.00324254 0.000572213 0.39044 -0.250115 -0.00164773 -0.197032 0.00133516 0.000190738 0.392729 -0.249621 0.000448977 
23 -0.00782013 0.00972748 0.247768 -1.40004 0.000190738 -0.495346 0.291638 0.436432 -0.404555 0.871862 0.0120165 -0.19894 -0.00324254 0.000572213 0.39044 -0.250115 -0.00164773 -0.197032 0.00133516 0.000190738 0.392729 -0.249621 0.000448977 
23 -0.00782013 0.00972748 0.247768 -1.40004 0.000190738 -0.495346 0.291638 0.431854 -0.40837 0.875677 0.012398 -0.19894 -0.00324254 0.000572213 0.39044 -0.250115 -0.00164773 -0.197032 0.00133516 0.000190738 0.392729 -0.249621 0.000448977 
23 -0.00782013 0.00972748 0.247768 -1.40004 0.000190738 -0.495346 0.291638 0.427276 -0.411803 0.87911 0.012398 -0.19894 -0.00324254 0.000572213 0.39044 -0.250115 -0.00164773 -0.197032 0.00133516 0.000190738 0.392729 -0.249621 0.000448977 
23 -0.00782013 0.00972748 0.247768 -1.40004 0.000190738 -0.495346 0.291638 0.423461 -0.415236 0.883307 0.012398 -0.19894 -0.00324254 0.000572213 0.39044 -0.250115 -0.00164773 -0.197032 0.00133516 0.000190738 0.392729 -0.249621 0.000448977 
23 -0.00782013 0.00972748 0.247768 -1.40004 0.000190738 -0.495346 0.291638 0.418502 -0.418669 0.88674 0.0127794 -0.19894 -0.00324254 0.000572213 0.39044 -0.250115 -0.00164773 -0.197032 0.00133516 0.000190738 0.392729 -0.249621 0.000448977 
23 -0.00782013 0.00972748 0.247768 -1.40004 0.000190738 -0.495346 0.291638 0.413925 -0.422484 0.890555 0.0127794 -0.19894 -0.00324254 0.000572213 0.39044 -0.250115 -0.00164773 -0.197032 0.00133516 0.000190738 0.392729 -0.249621 0.000448977 
23 -0.00782013 0.00972748 0.247768 -1.40004 0.000190738 -0.495346 0.291638 0.410491 -0.425917 0.894751 0.0131609 -0.19894 -0.00324254 0.000572213 0.39044 -0.250115 -0.00164773 -0.197032 0.00133516 0.000190738 0.392729 -0.249621 0.000448977 
23 -0.00782013 0.00972748 0.247768 -1.40004 0.000190738 -0.495346 0.291638 0.405532 -0.429351 0.897803 0.0131609 -0.19894 -0.00324254 0.000572213 0.39044 -0.250115 -0.00164773 -0.197032 0.00133516 0.000190738 0.392729 -0.249621 0.000448977 
23 -0.00782013 0.00972748 0.247768 -1.40004 0.000190738 -0.495346 0.291638 0.400954 -0.433547 0.901999 0.0135424 -0.19894 -0.00324254 0.000572213 0.39044 -0.250115 -0.00164773 -0.197032 0.00133516 0.000190738 0.392729 -0.249621 0.000448977 
23 -0.00782013 0.00972748 0.247768 -1.40004 0.000190738 -0.495346 0.291257 0.397521 -0.43698 0.905814 0.0135424 -0.19894 -0.00324254 0.000572213 0.39044 -0.250115 -0.00164773 -0.197032 0.00133516 0.000190738 0.392729 -0.249621 0.000448977 
23 -0.00782013 0.00972748 0.247768 -1.40004 0.000190738 -0.495346 0.291257 0.392943 -0.440795 0.909247 0.0139239 -0.19894 -0.00324254 0.000572213 0.39044 -0.250115 -0.00164773 -0.197032 0.00133516 0.000190738 0.392729 -0.249621 0.000448977 
23 -0.00782013 0.00972748 0.247768 -1.40004 0.000190738 -0.495346 0.291257 0.388366 -0.444228 0.913443 0.0139239 -0.19894 -0.00324254 0.000572213 0.39044 -0.250115 -0.00164773 -0.197032 0.00133516 0.000190738 0.393111 -0.249621 0.000448977 
23 -0.00782013 0.00972748 0.247768 -1.40004 0.000190738 -0.495346 0.291257 0.384932 -0.448043 0.916876 0.0139239 -0.19894 -0.00324254 0.000572213 0.39044 -0.250115 -0.00164773 -0.197032 0.00133516 0.000190738 0.392729 -0.249621 0.000448977 
23 -0.00782013 0.00972748 0.247768 -1.40004 0.000190738 -0.495346 0.291257 0.380736 -0.451858 0.921073 0.0143053 -0.19894 -0.00324254 0.000572213 0.39044 -0.250115 -0.00164773 -0.197032 0.00133516 0.000190738 0.392729 -0.249621 0.000448977 
23 -0.00782013 0.00972748 0.247768 -1.40004 0.000190738 -0.495346 0.291257 0.376158 -0.455673 0.924506 0.0143053 -0.19894 -0.00324254 0.000572213 0.39044 -0.250115 -0.00164773 -0.197032 0.00133516 0.000190738 0.392729 -0.249621 0.000448977 
23 -0.00782013 0.00972748 0.247768 -1.40004 0.000190738 -0.495346 0.291257 0.372725 -0.459869 0.928321 0.0146868 -0.19894 -0.00324254 0.000572213 0.39044 -0.250115 -0.00164773 -0.197032 0.00133516 0.000190738 0.392729 -0.249621 0.000448977 
23 -0.00782013 0.00972748 0.247768 -1.40004 0.000190738 -0.495346 0.291257 0.368529 -0.463302 0.932517 0.0146868 -0.19894 -0.00324254 0.000572213 0.39044 -0.250115 -0.00164773 -0.197032 0.00133516 0.000190738 0.392729 -0.249621 0.000448977 
23 -0.00782013 0.00972748 0.247768 -1.40004 0.000190738 -0.495346 0.291257 0.363951 -0.467498 0.935569 0.0146868 -0.19894 -0.00324254 0.000572213 0.39044 -0.250115 -0.00164773 -0.197032 0.00133516 0.000190738 0.392729 -0.249621 0.000448977 
23 -0.00782013 0.00972748 0.247768 -1.40004 0.000190738 -0.495346 0.291257 0.360899 -0.471313 0.939384 0.0150683 -0.19894 -0.00324254 0.000572213 0.39044 -0.250115 -0.00164773 -0.197032 0.00133516 0.000190738 0.392729 -0.249621 0.000448977 
23 -0.00782013 0.00972748 0.247768 -1.40004 0.000190738 -0.495346 0.291257 0.356322 -0.475128 0.943198 0.0150683 -0.19894 -0.00324254 0.000572213 0.39044 -0.250115 -0.00164773 -0.197032 0.00133516 0.000190738 0.392729 -0.249621 0.000448977 
23 -0.00782013 0.00972748 0.247768 -1.40004 0.000190738 -0.495346 0.291257 0.352126 -0.478943 0.947013 0.0150683 -0.19894 -0.00324254 0.000572213 0.39044 -0.250115 -0.00164773 -0.197032 0.00133516 0.000190738 0.392729 -0.249621 0.000448977 
23 -0.00782013 0.00972748 0.247768 -1.40004 0.000190738 -0.495346 0.291257 0.348692 -0.48352 0.950828 0.0150683 -0.19894 -0.00324254 0.000572213 0.39044 -0.250115 -0.00164773 -0.197032 0.00133516 0.000190738 0.392729 -0.249621 0.000448977 
23 -0.00782013 0.00972748 0.247768 -1.40004 0.000190738 -0.495346 0.291257 0.344115 -0.487335 0.954261 0.0150683 -0.19894 -0.00324254 0.000572213 0.39044 -0.250115 -0.00164773 -0.197032 0.00133516 0.000190738 0.392729 -0.249621 0.000448977 
23 -0.00782013 0.00972748 0.247768 -1.40004 0.000190738 -0.495346 0.291257 0.340681 -0.49115 0.958076 0.0150683 -0.19894 -0.00324254 0.000572213 0.39044 -0.250115 -0.00164773 -0.197032 0.00133516 0.000190738 0.392729 -0.249621 0.000448977 
23 -0.00782013 0.00972748 0.247768 -1.40004 0.000190738 -0.495346 0.290875 0.336866 -0.495727 0.961509 0.0150683 -0.19894 -0.00324254 0.000572213 0.39044 -0.250115 -0.00164773 -0.197032 0.00133516 0.000190738 0.392729 -0.249621 0.000448977 
23 -0.00782013 0.00972748 0.247768 -1.40004 0.000190738 -0.495346 0.290875 0.33267 -0.499161 0.965324 0.0150683 -0.19894 -0.00324254 0.000572213 0.39044 -0.250115 -0.00164773 -0.197032 0.00133516 0.000190738 0.392729 -0.249621 0.000448977 
23 -0.00782013 0.00972748 0.247768 -1.40004 0.000190738 -0.495346 0.290875 0.329237 -0.503357 0.969139 0.0150683 -0.19894 -0.00324254 0.000572213 0.39044 -0.250115 -0.00164773 -0.197032 0.00133516 0.000190738 0.392729 -0.249621 0.000448977 
23 -0.00743866 0.00972748 0.247768 -1.40004 0.000190738 -0.495346 0.290875 0.325041 -0.507935 0.97219 0.0150683 -0.19894 -0.00324254 0.000572213 0.39044 -0.250115 -0.00164773 -0.197032 0.00133516 0.000190738 0.392729 -0.249621 0.000448977 
23 -0.00782013 0.00972748 0.247768 -1.40004 0.000190738 -0.495346 0.290875 0.321226 -0.511749 0.976387 0.0150683 -0.19894 -0.00324254 0.000572213 0.39044 -0.250115 -0.00164773 -0.197032 0.00133516 0.000190738 0.392729 -0.249621 0.000448977 
23 -0.00782013 0.00972748 0.247768 -1.40004 0.000190738 -0.495346 0.290875 0.317793 -0.515946 0.979438 0.0154498 -0.19894 -0.00324254 0.000572213 0.39044 -0.250115 -0.00164773 -0.197032 0.00133516 0.000190738 0.392729 -0.249621 0.000448977 
23 -0.00782013 0.00972748 0.247768 -1.40004 0.000190738 -0.495346 0.290875 0.313596 -0.520523 0.983253 0.0154498 -0.19894 -0.00324254 0.000572213 0.39044 -0.250115 -0.00164773 -0.197032 0.00133516 0.000190738 0.392729 -0.249621 0.000448977 
23 -0.00782013 0.00972748 0.247768 -1.40004 0.000190738 -0.495346 0.290494 0.310926 -0.524338 0.986687 0.0154498 -0.19894 -0.00324254 0.000572213 0.39044 -0.250115 -0.00164773 -0.197032 0.00133516 0.000190738 0.392729 -0.249621 0.000448977 
23 -0.00782013 0.00972748 0.247768 -1.40004 0.000190738 -0.495346 0.290494 0.30673 -0.528916 0.990501 0.0154498 -0.19894 -0.00324254 0.000572213 0.39044 -0.250115 -0.00164773 -0.197032 0.00133516 0.000190738 0.392729 -0.249621 0.000448977 
23 -0.00782013 0.00972748 0.247768 -1.40004 0.000190738 -0.495346 0.290494 0.302915 -0.533112 0.994316 0.0154498 -0.19894 -0.00324254 0.000572213 0.39044 -0.250115 -0.00164773 -0.197032 0.00133516 0.000190738 0.392729 -0.249621 0.000448977 
23 -0.00782013 0.00972748 0.247768 -1.40004 0.000190738 -0.495346 0.290494 0.299482 -0.537308 0.997368 0.0154498 -0.19894 -0.00324254 0.000572213 0.39044 -0.250115 -0.00164773 -0.197032 0.00133516 0.000190738 0.392729 -0.249621 0.000448977 
23 -0.00782013 0.00972748 0.247768 -1.40004 0.000190738 -0.495346 0.290494 0.295667 -0.541505 1.00118 0.0158312 -0.19894 -0.00324254 0.000572213 0.39044 -0.250115 -0.00164773 -0.197032 0.00133516 0.000190738 0.392729 -0.249621 0.000448977 
23 -0.00782013 0.00972748 0.247768 -1.40004 0.000190738 -0.495346 0.290112 0.292615 -0.546082 1.00423 0.0158312 -0.19894 -0.00324254 0.000572213 0.39044 -0.250115 -0.00164773 -0.197032 0.00133516 0.000190738 0.392729 -0.249621 0.000448977 
23 -0.00782013 0.00972748 0.247768 -1.40004 0.000190738 -0.495346 0.290112 0.288419 -0.550278 1.00805 0.0158312 -0.19894 -0.00324254 0.000572213 0.39044 -0.250115 -0.00164773 -0.197032 0.00133516 0.000190738 0.392729 -0.249621 0.000448977 
23 -0.00782013 0.00972748 0.247768 -1.40004 0.000190738 -0.495346 0.290112 0.285367 -0.554856 1.01148 0.0162127 -0.19894 -0.00324254 0.000572213 0.39044 -0.250115 -0.00164773 -0.197032 0.00133516 0.000190738 0.392729 -0.249621 0.000448977 
23 -0.00782013 0.00972748 0.247768 -1.40004 0.000190738 -0.495346 0.289731 0.281553 -0.559434 1.01492 0.0162127 -0.19894 -0.00324254 0.000572213 0.39044 -0.250115 -0.00164773 -0.197032 0.00133516 0.000190738 0.392729 -0.249621 0.000448977 
23 -0.00782013 0.00972748 0.247768 -1.40004 0.000190738 -0.495346 0.289731 0.278119 -0.56363 1.01873 0.0162127 -0.19894 -0.00324254 0.000572213 0.39044 -0.250115 -0.00164773 -0.197032 0.00133516 0.000190738 0.392729 -0.249621 0.000448977 
23 -0.00782013 0.00972748 0.247768 -1.40004 0.000190738 -0.495346 0.289349 0.274686 -0.568208 1.02178 0.0162127 -0.19894 -0.00324254 0.000572213 0.39044 -0.250115 -0.00164773 -0.197032 0.00133516 0.000190738 0.392729 -0.249621 0.000448977 
23 -0.00782013 0.00972748 0.247768 -1.40004 0.000190738 -0.495346 0.289349 0.271253 -0.572786 1.0256 0.0162127 -0.19894 -0.00324254 0.000572213 0.39044 -0.250115 -0.00164773 -0.197032 0.00133516 0.000190738 0.392729 -0.249621 0.000448977 
23 -0.00782013 0.00972748 0.247768 -1.40004 0.000190738 -0.495346 0.288968 0.268201 -0.577363 1.02865 0.0162127 -0.19894 -0.00324254 0.000572213 0.39044 -0.250115 -0.00164773 -0.197032 0.00133516 0.000190738 0.392729 -0.249621 0.000448977 
23 -0.00782013 0.00972748 0.247768 -1.40004 0.000190738 -0.495346 0.288968 0.264386 -0.581941 1.03246 0.0162127 -0.19894 -0.00324254 0.000572213 0.39044 -0.250115 -0.00164773 -0.197032 0.00133516 0.000190738 0.392729 -0.249621 0.000448977 
23 -0.00782013 0.00972748 0.247768 -1.40004 0.000190738 -0.495346 0.288586 0.262097 -0.586137 1.03552 0.0162127 -0.19894 -0.00324254 0.000572213 0.39044 -0.250115 -0.00164773 -0.197032 0.00133516 0.000190738 0.392729 -0.249621 0.000448977 
23 -0.00782013 0.00972748 0.247768 -1.40004 0.000190738 -0.495346 0.288586 0.258664 -0.591096 1.03895 0.0162127 -0.19894 -0.00324254 0.000572213 0.39044 -0.250115 -0.00164773 -0.197032 0.00133516 0.000190738 0.392729 -0.249621 0.000448977 
23 -0.00782013 0.00972748 0.247768 -1.40004 0.000190738 -0.495346 0.288205 0.255994 -0.595674 1.04238 0.0162127 -0.19894 -0.00324254 0.000572213 0.39044 -0.250115 -0.00164773 -0.197032 0.00133516 0.000190738 0.392729 -0.249621 0.000448977 
23 -0.00782013 0.00972748 0.247768 -1.40004 0.000190738 -0.495346 0.288205 0.252179 -0.59987 1.04582 0.0162127 -0.19894 -0.00324254 0.000572213 0.39044 -0.250115 -0.00164773 -0.197032 0.00133516 0.000190738 0.392729 -0.249621 0.000448977 
23 -0.00782013 0.00972748 0.247768 -1.40004 0.000190738 -0.495346 0.288205 0.24989 -0.604829 1.04925 0.0162127 -0.19894 -0.00324254 0.000572213 0.39044 -0.250115 -0.00164773 -0.197032 0.00133516 0.000190738 0.392729 -0.249621 0.000448977 
23 -0.00782013 0.00972748 0.247768 -1.40004 0.000190738 -0.495346 0.287823 0.246838 -0.609407 1.05268 0.0162127 -0.19894 -0.00324254 0.000572213 0.39044 -0.250115 -0.00164773 -0.197032 0.00133516 0.000190738 0.392729 -0.249621 0.000448977 
23 -0.00782013 0.00972748 0.247768 -1.40004 0.000190738 -0.495346 0.287442 0.243786 -0.613985 1.05612 0.0162127 -0.19894 -0.00324254 0.000572213 0.39044 -0.250115 -0.00164773 -0.197032 0.00133516 0.000190738 0.392729 -0.249621 0.000448977 
23 -0.00782013 0.00972748 0.247768 -1.40004 0.000190738 -0.495346 0.287442 0.240735 -0.618944 1.05917 0.0162127 -0.19894 -0.00324254 0.000572213 0.39044 -0.250115 -0.00164773 -0.197032 0.00133516 0.000190738 0.392729 -0.249621 0.000448977 
23 -0.00782013 0.00972748 0.247768 -1.40004 0.000190738 -0.495346 0.28706 0.237683 -0.623522 1.0626 0.0162127 -0.19894 -0.00324254 0.000572213 0.39044 -0.250115 -0.00164773 -0.197032 0.00133516 0.000190738 0.392729 -0.249621 0.000448977 
23 -0.00782013 0.00972748 0.247768 -1.40004 0.000190738 -0.495346 0.286679 0.235394 -0.6281 1.06565 0.0162127 -0.19894 -0.00324254 0.000572213 0.39044 -0.250115 -0.00164773 -0.197032 0.00133516 0.000190738 0.392729 -0.249621 0.000448977 
23 -0.00782013 0.00972748 0.247768 -1.40004 0.000190738 -0.495346 0.286297 0.231961 -0.633059 1.06947 0.0162127 -0.19894 -0.00324254 0.000572213 0.39044 -0.250115 -0.00164773 -0.197032 0.00133516 0.000190738 0.392729 -0.249621 0.000448977 
23 -0.00782013 0.00972748 0.247768 -1.40004 0.000190738 -0.495346 0.285916 0.229672 -0.637255 1.07252 0.0162127 -0.19894 -0.00324254 0.000572213 0.39044 -0.250115 -0.00164773 -0.197032 0.00133516 0.000190738 0.392729 -0.249621 0.000448977 
23 -0.00782013 0.00972748 0.247768 -1.40004 0.000190738 -0.495346 0.285534 0.226239 -0.642214 1.07595 0.0162127 -0.19894 -0.00324254 0.000572213 0.39044 -0.250115 -0.00164773 -0.197032 0.00133516 0.000190738 0.392729 -0.249621 0.000448977 
23 -0.00782013 0.00972748 0.247768 -1.40004 0.000190738 -0.495346 0.285153 0.22395 -0.647173 1.07939 0.0162127 -0.19894 -0.00324254 0.000572213 0.39044 -0.250115 -0.00164773 -0.197032 0.00133516 0.000190738 0.392729 -0.249621 0.000448977 
23 -0.00782013 0.00972748 0.247768 -1.40004 0.000190738 -0.495346 0.284772 0.220516 -0.651751 1.08282 0.0162127 -0.19894 -0.00324254 0.000572213 0.39044 -0.250115 -0.00164773 -0.197032 0.00133516 0.000190738 0.392729 -0.249621 0.000448977 
23 -0.00782013 0.00972748 0.247768 -1.40004 0.000190738 -0.495346 0.284009 0.218228 -0.65671 1.08587 0.0162127 -0.19894 -0.00324254 0.000572213 0.39044 -0.250115 -0.00164773 -0.197032 0.00133516 0.000190738 0.392729 -0.249621 0.000448977 
23 -0.00782013 0.00972748 0.247768 -1.40004 0.000190738 -0.495346 0.283627 0.215176 -0.661288 1.0893 0.0158312 -0.19894 -0.00324254 0.000572213 0.39044 -0.250115 -0.00164773 -0.197032 0.00133516 0.000190738 0.392729 -0.249621 0.000448977 
23 -0.00782013 0.00972748 0.247768 -1.40004 0.000190738 -0.495346 0.282864 0.212887 -0.665866 1.09312 0.0158312 -0.19894 -0.00324254 0.000572213 0.39044 -0.250115 -0.00164773 -0.197032 0.00133516 0.000190738 0.392729 -0.249621 0.000448977 
23 -0.00782013 0.00972748 0.247768 -1.40004 0.000190738 -0.495346 0.282483 0.210598 -0.671206 1.09617 0.0158312 -0.19894 -0.00324254 0.000572213 0.39044 -0.250115 -0.00164773 -0.197032 0.00133516 0.000190738 0.392729 -0.249621 0.000448977 
23 -0.00782013 0.00972748 0.247768 -1.40004 0.000190738 -0.495346 0.282101 0.207546 -0.675784 1.0996 0.0158312 -0.19894 -0.00324254 0.000572213 0.39044 -0.250115 -0.00164773 -0.197032 0.00133516 0.000190738 0.392729 -0.249621 0.000448977 
23 -0.00782013 0.00972748 0.247768 -1.40004 0.000190738 -0.495346 0.28172 0.205639 -0.680743 1.10266 0.0158312 -0.19894 -0.00324254 0.000572213 0.39044 -0.250115 -0.00164773 -0.197032 0.00133516 0.000190738 0.392729 -0.249621 0.000448977 
23 -0.00782013 0.00972748 0.247768 -1.40004 0.000190738 -0.495346 0.281338 0.202587 -0.685321 1.10647 0.0158312 -0.19894 -0.00324254 0.000572213 0.39044 -0.250115 -0.00164773 -0.197032 0.00133516 0.000190738 0.392729 -0.249621 0.000448977 
23 -0.00782013 0.00972748 0.247768 -1.40004 0.000190738 -0.495346 0.280957 0.200298 -0.69028 1.10952 0.0158312 -0.19894 -0.00324254 0.000572213 0.39044 -0.250115 -0.00164773 -0.197032 0.00133516 0.000190738 0.392729 -0.249621 0.000448977 
23 -0.00782013 0.00972748 0.247768 -1.40004 0.000190738 -0.495346 0.280957 0.198391 -0.695239 1.11295 0.0158312 -0.19894 -0.00324254 0.000572213 0.39044 -0.250115 -0.00164773 -0.197032 0.00133516 0.000190738 0.392729 -0.249621 0.000448977 
23 -0.00782013 0.00972748 0.247768 -1.40004 0.000190738 -0.495346 0.280194 0.194958 -0.699817 1.11601 0.0154498 -0.19894 -0.00324254 0.000572213 0.39044 -0.250115 -0.00164773 -0.197032 0.00133516 0.000190738 0.392729 -0.249621 0.000448977 
23 -0.00782013 0.00972748 0.247768 -1.40004 0.000190738 -0.495346 0.279812 0.193432 -0.704776 1.11982 0.0154498 -0.19894 -0.00324254 0.000572213 0.39044 -0.250115 -0.00164773 -0.197032 0.00133516 0.000190738 0.392729 -0.249621 0.000448977 
23 -0.00782013 0.00972748 0.247768 -1.40004 0.000190738 -0.495346 0.279431 0.19038 -0.709735 1.12249 0.0154498 -0.19894 -0.00324254 0.000572213 0.39044 -0.250115 -0.00164773 -0.197032 0.00133516 0.000190738 0.392729 -0.249621 0.000448977 
23 -0.00782013 0.00972748 0.247768 -1.40004 0.000190738 -0.495346 0.278668 0.188091 -0.715076 1.12631 0.0150683 -0.19894 -0.00324254 0.000572213 0.39044 -0.250115 -0.00164773 -0.197032 0.00133516 0.000190738 0.392729 -0.249621 0.000448977 
23 -0.00782013 0.00972748 0.247768 -1.40004 0.000190738 -0.495346 0.278286 0.186184 -0.719654 1.12936 0.0150683 -0.19894 -0.00324254 0.000572213 0.39044 -0.250115 -0.00164773 -0.197032 0.00133516 0.000190738 0.392729 -0.249621 0.000448977 
23 -0.00782013 0.00972748 0.247768 -1.40004 0.000190738 -0.495346 0.277523 0.183132 -0.724231 1.13279 0.0150683 -0.19894 -0.00324254 0.000572213 0.39044 -0.250115 -0.00164773 -0.197032 0.00133516 0.000190738 0.392729 -0.249621 0.000448977 
23 -0.00782013 0.00972748 0.247768 -1.40004 0.000190738 -0.495346 0.276761 0.181224 -0.729572 1.13584 0.0146868 -0.19894 -0.00324254 0.000572213 0.39044 -0.250115 -0.00164773 -0.197032 0.00133516 0.000190738 0.392729 -0.249621 0.000448977 
23 -0.00782013 0.00972748 0.247768 -1.40004 0.000190738 -0.495346 0.275998 0.179317 -0.734531 1.13928 0.0146868 -0.19894 -0.00324254 0.000572213 0.39044 -0.250115 -0.00164773 -0.197032 0.00133516 0.000190738 0.392729 -0.249621 0.000448977 
23 -0.00782013 0.00972748 0.247768 -1.40004 0.000190738 -0.495346 0.275616 0.176647 -0.73949 1.14233 0.0146868 -0.19894 -0.00324254 0.000572213 0.39044 -0.250115 -0.00164773 -0.197032 0.00133516 0.000190738 0.392729 -0.249621 0.000448977 
23 -0.00782013 0.00972748 0.247768 -1.40004 0.000190738 -0.495346 0.275235 0.174739 -0.74445 1.14576 0.0143053 -0.19894 -0.00324254 0.000572213 0.39044 -0.250115 -0.00164773 -0.197032 0.00133516 0.000190738 0.392729 -0.249621 0.000448977 
23 -0.00782013 0.00972748 0.247768 -1.40004 0.000190738 -0.495346 0.274472 0.173214 -0.749027 1.14881 0.0143053 -0.19894 -0.00324254 0.000572213 0.39044 -0.250115 -0.00164773 -0.197032 0.00133516 0.000190738 0.392729 -0.249621 0.000448977 
23 -0.00782013 0.00972748 0.247768 -1.40004 0.000190738 -0.495346 0.27409 0.170162 -0.753986 1.15187 0.0143053 -0.19894 -0.00324254 0.000572213 0.39044 -0.250115 -0.00164773 -0.197032 0.00133516 0.000190738 0.392729 -0.249621 0.000448977 
23 -0.00782013 0.00972748 0.247768 -1.40004 0.000190738 -0.495346 0.273709 0.168636 -0.758946 1.1553 0.0139239 -0.19894 -0.00324254 0.000572213 0.39044 -0.250115 -0.00164773 -0.197032 0.00133516 0.000190738 0.392729 -0.249621 0.000448977 
23 -0.00782013 0.00972748 0.247768 -1.40004 0.000190738 -0.495346 0.273327 0.166728 -0.763905 1.15835 0.0139239 -0.19894 -0.00324254 0.000572213 0.39044 -0.250115 -0.00164773 -0.197032 0.00133516 0.000190738 0.392729 -0.249621 0.000448977 
23 -0.00782013 0.00972748 0.247768 -1.40004 0.000190738 -0.495346 0.272946 0.164058 -0.768864 1.16178 0.0139239 -0.19894 -0.00324254 0.000572213 0.39044 -0.250115 -0.00164773 -0.197032 0.00133516 0.000190738 0.392729 -0.249621 0.000448977 
23 -0.00782013 0.00972748 0.247768 -1.40004 0.000190738 -0.495346 0.272183 0.162532 -0.773823 1.16484 0.0139239 -0.19894 -0.00324254 0.000572213 0.39044 -0.250115 -0.00164773 -0.197032 0.00133516 0.000190738 0.392729 -0.249621 0.000448977 
23 -0.00782013 0.00972748 0.247768 -1.40004 0.000190738 -0.495346 0.27142 0.161006 -0.778782 1.16827 0.0135424 -0.19894 -0.00324254 0.000572213 0.39044 -0.250115 -0.00164773 -0.197032 0.00133516 0.000190738 0.392729 -0.249621 0.000448977 
23 -0.00782013 0.00972748 0.247768 -1.40004 0.000190738 -0.495346 0.270657 0.158717 -0.783742 1.17132 0.0135424 -0.19894 -0.00324254 0.000572213 0.39044 -0.250115 -0.00164773 -0.197032 0.00133516 0.000190738 0.392729 -0.249621 0.000448977 
23 -0.00782013 0.00972748 0.247768 -1.40004 0.000190738 -0.495346 0.270275 0.15681 -0.788701 1.17475 0.0131609 -0.19894 -0.00324254 0.000572213 0.39044 -0.250115 -0.00164773 -0.197032 0.00133516 0.000190738 0.392729 -0.249621 0.000448977 
23 -0.00782013 0.00972748 0.247768 -1.40004 0.000190738 -0.495346 0.269512 0.155284 -0.79366 1.17742 0.0131609 -0.19894 -0.00324254 0.000572213 0.39044 -0.250115 -0.00164773 -0.197032 0.00133516 0.000190738 0.392729 -0.249621 0.000448977 
23 -0.00782013 0.00972748 0.247768 -1.40004 0.000190738 -0.495346 0.269131 0.153377 -0.798238 1.18124 0.0127794 -0.19894 -0.00324254 0.000572213 0.39044 -0.250115 -0.00164773 -0.197032 0.00133516 0.000190738 0.392729 -0.249621 0.000448977 
23 -0.00782013 0.00972748 0.247768 -1.40004 0.000190738 -0.495346 0.26875 0.151469 -0.803197 1.18391 0.0127794 -0.19894 -0.00324254 0.000572213 0.39044 -0.250115 -0.00164773 -0.197032 0.00133516 0.000190738 0.392729 -0.249621 0.000448977 
23 -0.00782013 0.00972748 0.247768 -1.40004 0.000190738 -0.495346 0.268368 0.149944 -0.808537 1.18734 0.0127794 -0.19894 -0.00324254 0.000572213 0.39044 -0.250115 -0.00164773 -0.197032 0.00133516 0.000190738 0.392729 -0.249621 0.000448977 
23 -0.00782013 0.00972748 0.247768 -1.40004 0.000190738 -0.495346 0.267987 0.148799 -0.813115 1.19001 0.0127794 -0.19894 -0.00324254 0.000572213 0.39044 -0.250115 -0.00164773 -0.197032 0.00133516 0.000190738 0.392729 -0.249621 0.000448977 
23 -0.00782013 0.00972748 0.247768 -1.40004 0.000190738 -0.495346 0.267605 0.14651 -0.818456 1.19383 0.012398 -0.19894 -0.00324254 0.000572213 0.39044 -0.250115 -0.00164773 -0.197032 0.00133516 0.000190738 0.392729 -0.249621 0.000448977 
23 -0.00782013 0.00972748 0.247768 -1.40004 0.000190738 -0.495346 0.266842 0.144984 -0.823034 1.1965 0.012398 -0.19894 -0.00324254 0.000572213 0.39044 -0.250115 -0.00164773 -0.197032 0.00133516 0.000190738 0.392729 -0.249621 0.000448977 
23 -0.00782013 0.00972748 0.247768 -1.40004 0.000190738 -0.495346 0.266461 0.14384 -0.827993 1.19993 0.012398 -0.19894 -0.00324254 0.000572213 0.39044 -0.250115 -0.00164773 -0.197032 0.00133516 0.000190738 0.392729 -0.249621 0.000448977 
23 -0.00782013 0.00972748 0.247768 -1.40004 0.000190738 -0.495346 0.266079 0.142695 -0.833333 1.2026 0.0120165 -0.19894 -0.00324254 0.000572213 0.39044 -0.250115 -0.00164773 -0.197032 0.00133516 0.000190738 0.392729 -0.249621 0.000448977 
23 -0.00782013 0.00972748 0.247768 -1.40004 0.000190738 -0.495346 0.265316 0.140407 -0.838293 1.20642 0.0120165 -0.19894 -0.00324254 0.000572213 0.39044 -0.250115 -0.00164773 -0.197032 0.00133516 0.000190738 0.392729 -0.249621 0.000448977 
23 -0.00782013 0.00972748 0.247768 -1.40004 0.000190738 -0.495346 0.264553 0.138881 -0.843252 1.20909 0.0120165 -0.19894 -0.00324254 0.000572213 0.39044 -0.250115 -0.00164773 -0.197032 0.00133516 0.000190738 0.392729 -0.249621 0.000448977 
23 -0.00782013 0.00972748 0.247768 -1.40004 0.000190738 -0.495346 0.26379 0.137736 -0.848211 1.2129 0.011635 -0.19894 -0.00324254 0.000572213 0.39044 -0.250115 -0.00164773 -0.197032 0.00133516 0.000190738 0.392729 -0.249621 0.000448977 
23 -0.00782013 0.00972748 0.247768 -1.40004 0.000190738 -0.495346 0.263409 0.136592 -0.85317 1.21557 0.011635 -0.19894 -0.00324254 0.000572213 0.39044 -0.250115 -0.00164773 -0.197032 0.00133516 0.000190738 0.392729 -0.249621 0.000448977 
23 -0.00782013 0.00972748 0.247768 -1.40004 0.000190738 -0.495346 0.262646 0.135066 -0.858511 1.21901 0.0112535 -0.19894 -0.00324254 0.000572213 0.39044 -0.250115 -0.00164773 -0.197032 0.00133516 0.000190738 0.392729 -0.249621 0.000448977 
23 -0.00782013 0.00972748 0.247768 -1.40004 0.000190738 -0.495346 0.262264 0.133159 -0.86347 1.22168 0.0112535 -0.19894 -0.00324254 0.000572213 0.39044 -0.250115 -0.00164773 -0.197032 0.00133516 0.000190738 0.392729 -0.249621 0.000448977 
23 -0.00782013 0.00972748 0.247768 -1.40004 0.000190738 -0.495346 0.261501 0.132014 -0.868811 1.22549 0.0112535 -0.19894 -0.00324254 0.000572213 0.39044 -0.250115 -0.00164773 -0.197032 0.00133516 0.000190738 0.392729 -0.249621 0.000448977 
23 -0.00782013 0.00972748 0.247768 -1.40004 0.000190738 -0.495346 0.26112 0.13087 -0.87377 1.22816 0.0112535 -0.19894 -0.00324254 0.000572213 0.39044 -0.250115 -0.00164773 -0.197032 0.00133516 0.000190738 0.392729 -0.249621 0.000448977 
23 -0.00782013 0.00972748 0.247768 -1.40004 0.000190738 -0.495346 0.260357 0.129725 -0.878729 1.23198 0.0108721 -0.19894 -0.00324254 0.000572213 0.39044 -0.250115 -0.00164773 -0.197032 0.00133516 0.000190738 0.392729 -0.249621 0.000448977 
23 -0.00782013 0.00972748 0.247768 -1.40004 0.000190738 -0.495346 0.259976 0.127436 -0.88407 1.23465 0.0108721 -0.19894 -0.00324254 0.000572213 0.39044 -0.250115 -0.00164773 -0.197032 0.00133516 0.000190738 0.392729 -0.249621 0.000448977 
23 -0.00782013 0.00972748 0.247768 -1.40004 0.000190738 -0.495346 0.259213 0.126292 -0.88941 1.23808 0.0108721 -0.19894 -0.00324254 0.000572213 0.39044 -0.250115 -0.00164773 -0.197032 0.00133516 0.000190738 0.392729 -0.249621 0.000448977 
23 -0.00782013 0.00972748 0.247768 -1.40004 0.000190738 -0.495346 0.25845 0.125529 -0.894751 1.24113 0.0108721 -0.19894 -0.00324254 0.000572213 0.39044 -0.250115 -0.00164773 -0.197032 0.00133516 0.000190738 0.392729 -0.249621 0.000448977 
23 -0.00782013 0.0101089 0.247768 -1.40004 0.000190738 -0.495346 0.257687 0.124385 -0.899329 1.24456 0.0108721 -0.19894 -0.00324254 0.000572213 0.39044 -0.250115 -0.00164773 -0.197032 0.00133516 0.000190738 0.392729 -0.249621 0.000448977 
23 -0.00782013 0.00972748 0.247768 -1.40004 0.000190738 -0.495346 0.256924 0.12324 -0.905051 1.24762 0.0108721 -0.19894 -0.00324254 0.000572213 0.39044 -0.250115 -0.00164773 -0.197032 0.00133516 0.000190738 0.392729 -0.249621 0.000448977 
23 -0.00782013 0.00972748 0.247768 -1.40004 0.000190738 -0.495346 0.256542 0.121333 -0.91001 1.25105 0.0108721 -0.19894 -0.00324254 0.000572213 0.39044 -0.250115 -0.00164773 -0.197032 0.00133516 0.000190738 0.392729 -0.249621 0.000448977 
23 -0.00782013 0.00972748 0.247768 -1.40004 0.000190738 -0.495346 0.256161 0.119807 -0.915351 1.2541 0.0108721 -0.19894 -0.00324254 0.000572213 0.39044 -0.250115 -0.00164773 -0.197032 0.00133516 0.000190738 0.392729 -0.249621 0.000448977 
23 -0.00782013 0.00972748 0.247768 -1.40004 0.000190738 -0.495346 0.255779 0.119044 -0.920691 1.25792 0.0108721 -0.19894 -0.00324254 0.000572213 0.39044 -0.250115 -0.00164773 -0.197032 0.00133516 0.000190738 0.392729 -0.249621 0.000448977 
23 -0.00782013 0.00972748 0.247768 -1.40004 0.000190738 -0.495346 0.255016 0.1179 -0.92565 1.26097 0.0108721 -0.19894 -0.00324254 0.000572213 0.39044 -0.250115 -0.00164773 -0.197032 0.00133516 0.000190738 0.392729 -0.249621 0.000448977 
23 -0.00782013 0.00972748 0.247768 -1.40004 0.000190738 -0.495346 0.254253 0.116755 -0.930991 1.26402 0.0108721 -0.19894 -0.00324254 0.000572213 0.39044 -0.250115 -0.00164773 -0.197032 0.00133516 0.000190738 0.392729 -0.249621 0.000448977 
23 -0.00782013 0.00972748 0.247768 -1.40004 0.000190738 -0.495346 0.253872 0.114848 -0.936332 1.26783 0.0108721 -0.19894 -0.00324254 0.000572213 0.39044 -0.250115 -0.00164773 -0.197032 0.00133516 0.000190738 0.392729 -0.249621 0.000448977 
23 -0.00782013 0.00972748 0.247768 -1.40004 0.000190738 -0.495346 0.253109 0.114085 -0.941672 1.27089 0.0104906 -0.19894 -0.00324254 0.000572213 0.39044 -0.250115 -0.00164773 -0.197032 0.00133516 0.000190738 0.392729 -0.249621 0.000448977 
23 -0.00782013 0.00972748 0.247768 -1.40004 0.000190738 -0.495346 0.252346 0.11294 -0.947013 1.27432 0.0104906 -0.19894 -0.00324254 0.000572213 0.39044 -0.250115 -0.00164773 -0.197032 0.00133516 0.000190738 0.392729 -0.249621 0.000448977 
23 -0.00782013 0.00972748 0.247768 -1.40004 0.000190738 -0.495346 0.251583 0.111796 -0.952354 1.27737 0.0104906 -0.19894 -0.00324254 0.000572213 0.39044 -0.250115 -0.00164773 -0.197032 0.00133516 0.000190738 0.392729 -0.249621 0.000448977 
23 -0.00782013 0.00972748 0.247768 -1.40004 0.000190738 -0.495346 0.25082 0.111033 -0.958076 1.28119 0.0104906 -0.19894 -0.00324254 0.000572213 0.39044 -0.250115 -0.00164773 -0.197032 0.00133516 0.000190738 0.392729 -0.249621 0.000448977 
23 -0.00782013 0.00972748 0.247768 -1.40004 0.000190738 -0.495346 0.250057 0.109507 -0.963417 1.28386 0.0104906 -0.19894 -0.00324254 0.000572213 0.39044 -0.250115 -0.00164773 -0.197032 0.00133516 0.000190738 0.392729 -0.249621 0.000448977 
23 -0.00782013 0.00972748 0.247768 -1.40004 0.000190738 -0.495346 0.249676 0.107981 -0.968757 1.28767 0.0104906 -0.19894 -0.00324254 0.000572213 0.39044 -0.250115 -0.00164773 -0.197032 0.00133516 0.000190738 0.392729 -0.249621 0.000448977 
23 -0.00782013 0.00972748 0.247768 -1.40004 0.000190738 -0.495346 0.248913 0.107218 -0.974098 1.29034 0.0101091 -0.19894 -0.00324254 0.000572213 0.39044 -0.250115 -0.00164773 -0.197032 0.00133516 0.000190738 0.392729 -0.249621 0.000448977 
23 -0.00782013 0.00972748 0.247768 -1.40004 0.000190738 -0.495346 0.248531 0.106455 -0.97982 1.29416 0.0101091 -0.19894 -0.00324254 0.000572213 0.39044 -0.250115 -0.00164773 -0.197032 0.00133516 0.000190738 0.392729 -0.249621 0.000448977 
23 -0.00782013 0.00972748 0.247768 -1.40004 0.000190738 -0.495346 0.247768 0.105311 -0.985161 1.29683 0.0101091 -0.19894 -0.00324254 0.000572213 0.39044 -0.250115 -0.00164773 -0.197032 0.00133516 0.000190738 0.392729 -0.249621 0.000448977 
23 -0.00782013 0.00972748 0.247768 -1.40004 0.000190738 -0.495346 0.247005 0.104166 -0.990501 1.30064 0.0101091 -0.19894 -0.00324254 0.000572213 0.39044 -0.250115 -0.00164773 -0.197032 0.00133516 0.000190738 0.392729 -0.249621 0.000448977 
23 -0.00782013 0.00972748 0.247768 -1.40004 0.000190738 -0.495346 0.246242 0.102641 -0.996223 1.30369 0.0101091 -0.19894 -0.00324254 0.000572213 0.39044 -0.250115 -0.00164773 -0.197032 0.00133516 0.000190738 0.392729 -0.249621 0.000448977 
23 -0.00782013 0.00972748 0.247768 -1.40004 0.000190738 -0.495346 0.245098 0.101496 -1.00195 1.30713 0.0101091 -0.19894 -0.00324254 0.000572213 0.39044 -0.250115 -0.00164773 -0.197032 0.00133516 0.000190738 0.392729 -0.249621 0.000448977 
23 -0.00782013 0.00972748 0.247768 -1.40004 0.000190738 -0.495346 0.244717 0.101115 -1.00767 1.31018 0.0101091 -0.19894 -0.00324254 0.000572213 0.39044 -0.250115 -0.00164773 -0.197032 0.00133516 0.000190738 0.392729 -0.249621 0.000448977 
23 -0.00782013 0.00972748 0.247768 -1.40004 0.000190738 -0.495346 0.243954 0.0999702 -1.01301 1.31361 0.0101091 -0.19894 -0.00324254 0.000572213 0.39044 -0.250115 -0.00164773 -0.197032 0.00133516 0.000190738 0.392729 -0.249621 0.000448977 
23 -0.00782013 0.00972748 0.247768 -1.40004 0.000190738 -0.495346 0.243572 0.0992073 -1.01873 1.31704 0.0101091 -0.19894 -0.00324254 0.000572213 0.39044 -0.250115 -0.00164773 -0.197032 0.00133516 0.000190738 0.392729 -0.249621 0.000448977 
23 -0.00782013 0.0101089 0.247768 -1.40004 0.000190738 -0.495346 0.242809 0.0980628 -1.02407 1.3201 0.0101091 -0.19894 -0.00324254 0.000572213 0.39044 -0.250115 -0.00164773 -0.197032 0.00133516 0.000190738 0.392729 -0.249621 0.000448977 
23 -0.00782013 0.00972748 0.247768 -1.40004 0.000190738 -0.495346 0.242046 0.0965369 -1.03017 1.32353 0.0101091 -0.19894 -0.00324254 0.000572213 0.39044 -0.250115 -0.00164773 -0.197032 0.00133516 0.000190738 0.392729 -0.249621 0.000448977 
23 -0.00782013 0.00972748 0.247768 -1.40004 0.000190738 -0.495346 0.241283 0.0953925 -1.03552 1.32658 0.0101091 -0.19894 -0.00324254 0.000572213 0.39044 -0.250115 -0.00164773 -0.197032 0.00133516 0.000190738 0.392729 -0.249621 0.000448977 
23 -0.00782013 0.00972748 0.247768 -1.40004 0.000190738 -0.495346 0.24052 0.0946295 -1.04124 1.3304 0.0101091 -0.19894 -0.00324254 0.000572213 0.39044 -0.250115 -0.00164773 -0.197032 0.00133516 0.000190738 0.392729 -0.249621 0.000448977 
23 -0.00782013 0.00972748 0.247768 -1.40004 0.000190738 -0.495346 0.239376 0.0938666 -1.04696 1.33345 0.0101091 -0.19894 -0.00324254 0.000572213 0.39044 -0.250115 -0.00164773 -0.197032 0.00133516 0.000190738 0.392729 -0.249621 0.000448977 
23 -0.00782013 0.00972748 0.247768 -1.40004 0.000190738 -0.495346 0.238613 0.0931036 -1.05268 1.33688 0.0104906 -0.19894 -0.00324254 0.000572213 0.39044 -0.250115 -0.00164773 -0.197032 0.00133516 0.000190738 0.392729 -0.249621 0.000448977 
23 -0.00782013 0.00972748 0.247768 -1.40004 0.000190738 -0.495346 0.23785 0.0923407 -1.05879 1.33955 0.0104906 -0.19894 -0.00324254 0.000572213 0.39044 -0.250115 -0.00164773 -0.197032 0.00133516 0.000190738 0.392729 -0.249621 0.000448977 
23 -0.00782013 0.00972748 0.247768 -1.40004 0.000190738 -0.495346 0.237469 0.0908148 -1.06451 1.34337 0.0104906 -0.19894 -0.00324254 0.000572213 0.39044 -0.250115 -0.00164773 -0.197032 0.00133516 0.000190738 0.392729 -0.249621 0.000448977 
23 -0.00782013 0.00972748 0.247768 -1.40004 0.000190738 -0.495346 0.236706 0.0896704 -1.07061 1.34604 0.0104906 -0.19894 -0.00324254 0.000572213 0.39044 -0.250115 -0.00164773 -0.197032 0.00133516 0.000190738 0.392729 -0.249621 0.000448977 
23 -0.00782013 0.00972748 0.247768 -1.40004 0.000190738 -0.495346 0.235943 0.0889074 -1.07633 1.34985 0.0104906 -0.19894 -0.00324254 0.000572213 0.39044 -0.250115 -0.00164773 -0.197032 0.00133516 0.000190738 0.392729 -0.249621 0.000448977 
23 -0.00782013 0.00972748 0.247768 -1.40004 0.000190738 -0.495346 0.234798 0.0881445 -1.08244 1.35252 0.0104906 -0.19894 -0.00324254 0.000572213 0.39044 -0.250115 -0.00164773 -0.197032 0.00133516 0.000190738 0.392729 -0.249621 0.000448977 
23 -0.00782013 0.00972748 0.247387 -1.40004 0.000190738 -0.495346 0.234035 0.0873815 -1.08816 1.35634 0.0104906 -0.19894 -0.00324254 0.000572213 0.39044 -0.250115 -0.00164773 -0.197032 0.00133516 0.000190738 0.392729 -0.249621 0.000448977 
23 -0.00782013 0.00972748 0.247387 -1.40004 0.000190738 -0.495346 0.232891 0.0866185 -1.09388 1.35901 0.0104906 -0.19894 -0.00324254 0.000572213 0.39044 -0.250115 -0.00164773 -0.197032 0.00133516 0.000190738 0.392729 -0.249621 0.000448977 
23 -0.00782013 0.00972748 0.247387 -1.40004 0.000190738 -0.495346 0.232128 0.0854741 -1.0996 1.36282 0.0104906 -0.19894 -0.00324254 0.000572213 0.39044 -0.250115 -0.00164773 -0.197032 0.00133516 0.000190738 0.392729 -0.249621 0.000448977 
23 -0.00782013 0.00972748 0.247387 -1.40004 0.000190738 -0.495346 0.231746 0.0839482 -1.10571 1.36549 0.0104906 -0.19894 -0.00324254 0.000572213 0.39044 -0.250115 -0.00164773 -0.197032 0.00133516 0.000190738 0.392729 -0.249621 0.000448977 
23 -0.00782013 0.00972748 0.247387 -1.40004 0.000190738 -0.495346 0.230983 0.0828038 -1.11143 1.36931 0.0104906 -0.19894 -0.00324254 0.000572213 0.39044 -0.250115 -0.00164773 -0.197032 0.00133516 0.000190738 0.392729 -0.249621 0.000448977 
23 -0.00782013 0.00972748 0.247387 -1.40004 0.000190738 -0.495346 0.230602 0.0824223 -1.11753 1.37198 0.0104906 -0.19894 -0.00324254 0.000572213 0.39044 -0.250115 -0.00164773 -0.197032 0.00133516 0.000190738 0.392729 -0.249621 0.000448977 
23 -0.00782013 0.00972748 0.247387 -1.40004 0.000190738 -0.495346 0.229839 0.0816594 -1.12364 1.37541 0.0104906 -0.19894 -0.00324254 0.000572213 0.39044 -0.250115 -0.00164773 -0.197032 0.00133516 0.000190738 0.392729 -0.249621 0.000448977 
23 -0.00782013 0.00972748 0.247387 -1.40004 0.000190738 -0.495346 0.229076 0.0808964 -1.12974 1.37846 0.0104906 -0.19894 -0.00324254 0.000572213 0.39044 -0.250115 -0.00164773 -0.197032 0.00133516 0.000190738 0.392729 -0.249621 0.000448977 
23 -0.00782013 0.00972748 0.247387 -1.40004 0.000190738 -0.495346 0.228313 0.079752 -1.13546 1.38228 0.0104906 -0.19894 -0.00324254 0.000572213 0.39044 -0.250115 -0.00164773 -0.197032 0.00133516 0.000190738 0.392729 -0.249621 0.000448977 
23 -0.00782013 0.00972748 0.247387 -1.40004 0.000190738 -0.495346 0.22755 0.0782261 -1.14157 1.38495 0.0104906 -0.19894 -0.00324254 0.000572213 0.39044 -0.250115 -0.00164773 -0.197032 0.00133516 0.000190738 0.392729 -0.249621 0.000448977 
23 -0.00782013 0.00972748 0.247387 -1.40004 0.000190738 -0.495346 0.226406 0.0770817 -1.14729 1.38876 0.0104906 -0.19894 -0.00324254 0.000572213 0.39044 -0.250115 -0.00164773 -0.197032 0.00133516 0.000190738 0.392729 -0.249621 0.000448977 
23 -0.00782013 0.00972748 0.247387 -1.40004 0.000190738 -0.495346 0.225643 0.0763187 -1.15339 1.39181 0.0104906 -0.19894 -0.00324254 0.000572213 0.39044 -0.250115 -0.00164773 -0.197032 0.00133516 0.000190738 0.392729 -0.249621 0.000448977 
23 -0.00782013 0.00972748 0.247387 -1.40004 0.000190738 -0.495346 0.225261 0.0759372 -1.15949 1.39525 0.0104906 -0.19894 -0.00324254 0.000572213 0.39044 -0.250115 -0.00164773 -0.197032 0.00133516 0.000190738 0.392729 -0.249621 0.000448977 
23 -0.00782013 0.00972748 0.247387 -1.40004 0.000190738 -0.495346 0.224498 0.0751743 -1.1656 1.39792 0.0104906 -0.19894 -0.00324254 0.000572213 0.39044 -0.250115 -0.00164773 -0.197032 0.00133516 0.000190738 0.392729 -0.249621 0.000448977 
23 -0.00782013 0.00972748 0.247387 -1.40004 0.000190738 -0.495346 0.223735 0.0744113 -1.17132 1.40173 0.0104906 -0.19894 -0.00324254 0.000572213 0.39044 -0.250115 -0.00164773 -0.197032 0.00133516 0.000190738 0.392729 -0.249621 0.000448977 
23 -0.00782013 0.00972748 0.247387 -1.40004 0.000190738 -0.495346 0.223354 0.0732669 -1.17742 1.40478 0.0104906 -0.19894 -0.00324254 0.000572213 0.39044 -0.249951 -0.00124844 -0.197032 0.00133516 0.000190738 0.392729 -0.249621 0.000448977 
23 -0.00782013 0.00972748 0.247387 -1.40004 0.000190738 -0.495346 0.222972 0.071741 -1.18315 1.40822 0.0104906 -0.19894 -0.00324254 0.000572213 0.39044 -0.249951 -0.001248 -0.197032 0.00133516 0.000190738 0.392729 -0.249621 0.000448977 
23 -0.00782013 0.00972748 0.247005 -1.40004 0.000190738 -0.495346 0.22221 0.0705966 -1.18925 1.41127 0.0104906 -0.19894 -0.00324254 0.000572213 0.39044 -0.249951 -0.001248 -0.197032 0.00133516 0.000190738 0.392729 -0.249621 0.000448977 
23 -0.00782013 0.00972748 0.247005 -1.40004 0.000190738 -0.495346 0.221447 0.0698336 -1.19535 1.41432 0.0104906 -0.19894 -0.00324254 0.000572213 0.39044 -0.249951 -0.001248 -0.197032 0.00133516 0.000190738 0.392729 -0.249621 0.000448977 
23 -0.00743866 0.00972748 0.247005 -1.40004 0.000190738 -0.495346 0.220302 0.0690707 -1.20108 1.41775 0.0104906 -0.19894 -0.00324254 0.000572213 0.39044 -0.249951 -0.001248 -0.197032 0.00133516 0.000190738 0.392729 -0.249621 0.000448977 
23 -0.00782013 0.00972748 0.247005 -1.40004 0.000190738 -0.495346 0.219539 0.0683077 -1.20718 1.42081 0.0104906 -0.19894 -0.00324254 0.000572213 0.39044 -0.249951 -0.001248 -0.197032 0.00133516 0.000190738 0.392729 -0.249621 0.000448977 
23 -0.00782013 0.00972748 0.247005 -1.40004 0.000190738 -0.495346 0.219158 0.0675448 -1.21328 1.42386 0.0104906 -0.19894 -0.00324254 0.000572213 0.39044 -0.249951 -0.001248 -0.197032 0.00133516 0.000190738 0.392729 -0.249621 0.000448977 
23 -0.00782013 0.00972748 0.247005 -1.40004 0.000190738 -0.495346 0.218776 0.0664003 -1.21939 1.42691 0.0104906 -0.19894 -0.00324254 0.000572213 0.39044 -0.250115 -0.00164817 -0.197032 0.00133516 0.000190738 0.392729 -0.249621 0.000448977 
23 -0.00782013 0.00972748 0.247005 -1.40004 0.000190738 -0.495346 0.218013 0.0648744 -1.22473 1.43072 0.0104906 -0.19894 -0.00324254 0.000572213 0.39044 -0.250115 -0.00164773 -0.197032 0.00133516 0.000190738 0.392729 -0.249621 0.000448977 
23 -0.00782013 0.00972748 0.247005 -1.40004 0.000190738 -0.495346 0.217632 0.0641115 -1.23121 1.43339 0.0104906 -0.19894 -0.00324254 0.000572213 0.39044 -0.250115 -0.00164773 -0.197032 0.00133516 0.000190738 0.392729 -0.249621 0.000448977 
23 -0.00782013 0.00972748 0.247005 -1.40004 0.000190738 -0.495346 0.216869 0.0633485 -1.23693 1.43683 0.0101091 -0.19894 -0.00324254 0.000572213 0.39044 -0.250115 -0.00164773 -0.197032 0.00133516 0.000190738 0.392729 -0.249621 0.000448977 
23 -0.00782013 0.00972748 0.247005 -1.40004 0.000190738 -0.495346 0.216487 0.0625856 -1.24304 1.4395 0.0101091 -0.19894 -0.00324254 0.000572213 0.39044 -0.250115 -0.00164773 -0.197032 0.00133516 0.000190738 0.392729 -0.249621 0.000448977 
23 -0.00782013 0.00972748 0.247005 -1.40004 0.000190738 -0.495346 0.215724 0.0618227 -1.24876 1.44331 0.0101091 -0.19894 -0.00324254 0.000572213 0.39044 -0.250115 -0.00164773 -0.197032 0.00133516 0.000190738 0.392729 -0.249621 0.000448977 
23 -0.00782013 0.00972748 0.247005 -1.40004 0.000190738 -0.495346 0.214961 0.0610597 -1.25486 1.44598 0.0101091 -0.19894 -0.00324254 0.000572213 0.39044 -0.250115 -0.00164773 -0.197032 0.00133516 0.000190738 0.392729 -0.249621 0.000448977 
23 -0.00782013 0.00972748 0.247005 -1.40004 0.000190738 -0.495346 0.214199 0.0599153 -1.26059 1.44903 0.0101091 -0.19894 -0.00324254 0.000572213 0.39044 -0.250115 -0.00164773 -0.197032 0.00133516 0.000190738 0.392729 -0.249621 0.000448977 
23 -0.00782013 0.00972748 0.247005 -1.40004 0.000190738 -0.495346 0.213436 0.0587708 -1.26669 1.45209 0.0101091 -0.19894 -0.00324254 0.000572213 0.39044 -0.250115 -0.00164773 -0.197032 0.00133516 0.000190738 0.392729 -0.249621 0.000448977 
23 -0.00782013 0.00972748 0.247005 -1.40004 0.000190738 -0.495346 0.213054 0.0576264 -1.27241 1.45552 0.0101091 -0.19894 -0.00324254 0.000572213 0.39044 -0.250115 -0.00164773 -0.197032 0.00133516 0.000190738 0.392729 -0.249621 0.000448977 
23 -0.00782013 0.00972748 0.247005 -1.40004 0.000190738 -0.495346 0.212291 0.0572449 -1.27813 1.45819 0.0101091 -0.19894 -0.00324254 0.000572213 0.39044 -0.250115 -0.00164773 -0.197032 0.00133516 0.000190738 0.392729 -0.249621 0.000448977 
23 -0.00782013 0.00972748 0.247005 -1.40004 0.000190738 -0.495346 0.211528 0.056482 -1.28424 1.46162 0.0101091 -0.19894 -0.00324254 0.000572213 0.39044 -0.250115 -0.00164773 -0.197032 0.00133516 0.000190738 0.392729 -0.249621 0.000448977 
23 -0.00782013 0.00972748 0.247005 -1.40004 0.000190738 -0.495346 0.211147 0.055719 -1.28996 1.46429 0.00972763 -0.19894 -0.00324254 0.000572213 0.39044 -0.250115 -0.00164773 -0.197032 0.00133516 0.000190738 0.392729 -0.249621 0.000448977 
23 -0.00782013 0.00972748 0.247005 -1.40004 0.000190738 -0.495346 0.210384 0.0549561 -1.29606 1.46773 0.00972763 -0.19894 -0.00324254 0.000572213 0.39044 -0.250115 -0.00164773 -0.197032 0.00133516 0.000190738 0.392729 -0.249621 0.000448977 
23 -0.00782013 0.00972748 0.247005 -1.40004 0.000190738 -0.495346 0.210002 0.0534302 -1.30179 1.4704 0.00972763 -0.19894 -0.00324254 0.000572213 0.39044 -0.250115 -0.00164773 -0.197032 0.00133516 0.000190738 0.392729 -0.249621 0.000448977 
23 -0.00782013 0.00972748 0.247005 -1.40004 0.000190738 -0.495346 0.209239 0.0522858 -1.30789 1.47345 0.00972763 -0.19894 -0.00324254 0.000572213 0.39044 -0.250115 -0.00164773 -0.197032 0.00133516 0.000190738 0.392729 -0.249621 0.000448977 
23 -0.00782013 0.00972748 0.247005 -1.40004 0.000190738 -0.495346 0.208476 0.0519043 -1.31399 1.47612 0.00972763 -0.19894 -0.00324254 0.000572213 0.39044 -0.250115 -0.00164773 -0.197032 0.00133516 0.000190738 0.392729 -0.249621 0.000448977 
23 -0.00782013 0.00972748 0.247005 -1.40004 0.000190738 -0.495346 0.207713 0.0511413 -1.31971 1.47917 0.00972763 -0.19894 -0.00324254 0.000572213 0.39044 -0.250115 -0.00164773 -0.197032 0.00133516 0.000190738 0.392729 -0.249621 0.000448977 
23 -0.00782013 0.00972748 0.247005 -1.40004 0.000190738 -0.495346 0.20695 0.0503784 -1.32544 1.48222 0.00972763 -0.19894 -0.00324254 0.000572213 0.39044 -0.250115 -0.00164773 -0.197032 0.00133516 0.000190738 0.392729 -0.249621 0.000448977 
23 -0.00782013 0.00972748 0.247005 -1.40004 0.000190738 -0.495346 0.206569 0.0496154 -1.33154 1.48489 0.00972763 -0.19894 -0.00324254 0.000572213 0.39044 -0.250115 -0.00164773 -0.197032 0.00133516 0.000190738 0.392729 -0.249621 0.000448977 
23 -0.00782013 0.00972748 0.247005 -1.40004 0.000190738 -0.495346 0.206188 0.0492339 -1.33726 1.48795 0.00972763 -0.19894 -0.00324254 0.000572213 0.39044 -0.250115 -0.00164773 -0.197032 0.00133516 0.000190738 0.392729 -0.249621 0.000448977 
23 -0.00782013 0.00972748 0.247005 -1.40004 0.000190738 -0.495346 0.205806 0.0480895 -1.34337 1.49062 0.00934615 -0.19894 -0.00324254 0.000572213 0.39044 -0.250115 -0.00164773 -0.197032 0.00133516 0.000190738 0.392729 -0.249621 0.000448977 
23 -0.00782013 0.00972748 0.247005 -1.40004 0.000190738 -0.495346 0.205043 0.0469451 -1.34871 1.49405 0.00934615 -0.19894 -0.00324254 0.000572213 0.39044 -0.250115 -0.00164773 -0.197032 0.00133516 0.000190738 0.392729 -0.249621 0.000448977 
23 -0.00782013 0.00972748 0.247005 -1.40004 0.000190738 -0.495346 0.204662 0.0458007 -1.35481 1.49634 0.00934615 -0.19894 -0.00324254 0.000572213 0.39044 -0.250115 -0.00164773 -0.197032 0.00133516 0.000190738 0.392729 -0.249621 0.000448977 
23 -0.00782013 0.00972748 0.247005 -1.40004 0.000190738 -0.495346 0.203899 0.0450377 -1.36053 1.49977 0.00934615 -0.19894 -0.00324254 0.000572213 0.39044 -0.250115 -0.00164773 -0.197032 0.00133516 0.000190738 0.392729 -0.249621 0.000448977 
23 -0.00782013 0.00972748 0.247005 -1.40004 0.000190738 -0.495346 0.203517 0.0446562 -1.36625 1.50206 0.00934615 -0.19894 -0.00324254 0.000572213 0.39044 -0.250115 -0.00164773 -0.197032 0.00133516 0.000190738 0.392729 -0.249621 0.000448977 
23 -0.00782013 0.00972748 0.247005 -1.40004 0.000190738 -0.495346 0.202754 0.0438933 -1.37198 1.50549 0.00896468 -0.19894 -0.00324254 0.000572213 0.39044 -0.250115 -0.00164773 -0.197032 0.00133516 0.000190738 0.392729 -0.249621 0.000448977 
23 -0.00782013 0.00972748 0.247005 -1.40004 0.000190738 -0.495346 0.201991 0.0431303 -1.3777 1.50778 0.00896468 -0.19894 -0.00324254 0.000572213 0.39044 -0.250115 -0.00164773 -0.197032 0.00133516 0.000190738 0.392729 -0.249621 0.000448977 
23 -0.00782013 0.00972748 0.247005 -1.40004 0.000190738 -0.495346 0.201228 0.0423674 -1.38342 1.51083 0.0085832 -0.19894 -0.00324254 0.000572213 0.39044 -0.250115 -0.00164773 -0.197032 0.00133516 0.000190738 0.392729 -0.249621 0.000448977 
23 -0.00782013 0.00972748 0.247005 -1.40004 0.000190738 -0.495346 0.200847 0.0408415 -1.38914 1.5135 0.0085832 -0.19894 -0.00324254 0.000572213 0.39044 -0.250115 -0.00164773 -0.197032 0.00133516 0.000190738 0.392729 -0.249621 0.000448977 
23 -0.00782013 0.00972748 0.247005 -1.40004 0.000190738 -0.495346 0.200084 0.0396971 -1.39487 1.51617 0.0085832 -0.19894 -0.00324254 0.000572213 0.39044 -0.250115 -0.00164773 -0.197032 0.00133516 0.000190738 0.392729 -0.249621 0.000448977 
23 -0.00782013 0.00972748 0.247005 -1.40004 0.000190738 -0.495346 0.199702 0.0393156 -1.40059 1.51923 0.0085832 -0.19894 -0.00324254 0.000572213 0.39044 -0.250115 -0.00164773 -0.197032 0.00133516 0.000190738 0.392729 -0.249621 0.000448977 
23 -0.00782013 0.00972748 0.247005 -1.40004 0.000190738 -0.495346 0.199321 0.0385526 -1.40631 1.52152 0.0085832 -0.19894 -0.00324254 0.000572213 0.39044 -0.250115 -0.00164773 -0.197032 0.00133516 0.000190738 0.392729 -0.249621 0.000448977 
23 -0.00782013 0.00972748 0.247005 -1.40004 0.000190738 -0.495346 0.198558 0.0377897 -1.41203 1.52457 0.00820172 -0.19894 -0.00324254 0.000572213 0.39044 -0.250115 -0.00164773 -0.197032 0.00133516 0.000190738 0.392729 -0.249621 0.000448977 
23 -0.00782013 0.00972748 0.247005 -1.40004 0.000190738 -0.495346 0.198177 0.0370267 -1.41775 1.52686 0.00820172 -0.19894 -0.00324254 0.000572213 0.39044 -0.250115 -0.00164773 -0.197032 0.00133516 0.000190738 0.392729 -0.249621 0.000448977 
23 -0.00782013 0.00972748 0.247005 -1.40004 0.000190738 -0.495346 0.197795 0.0362638 -1.42309 1.53029 0.00820172 -0.19894 -0.00324254 0.000572213 0.39044 -0.250115 -0.00164773 -0.197032 0.00133516 0.000190738 0.392729 -0.249621 0.000448977 
23 -0.00782013 0.00972748 0.247005 -1.40004 0.000190738 -0.495346 0.197032 0.0351194 -1.42882 1.53258 0.00820172 -0.19894 -0.00324254 0.000572213 0.39044 -0.250115 -0.00164773 -0.197032 0.00133516 0.000190738 0.392729 -0.249621 0.000448977 
23 -0.00782013 0.00972748 0.247005 -1.40004 0.000190738 -0.495346 0.196269 0.0339749 -1.43416 1.53487 0.00820172 -0.19894 -0.00324254 0.000572213 0.39044 -0.250115 -0.00164773 -0.197032 0.00133516 0.000190738 0.392729 -0.249621 0.000448977 
23 -0.00782013 0.00972748 0.247005 -1.40004 0.000190738 -0.495346 0.195506 0.033212 -1.43988 1.53754 0.00820172 -0.19894 -0.00324254 0.000572213 0.39044 -0.250115 -0.00164773 -0.197032 0.00133516 0.000190738 0.392729 -0.249621 0.000448977 
23 -0.00782013 0.00972748 0.247005 -1.40004 0.000190738 -0.495346 0.195125 0.032449 -1.4456 1.53983 0.00820172 -0.19894 -0.00324254 0.000572213 0.39044 -0.250115 -0.00164773 -0.197032 0.00133516 0.000190738 0.392729 -0.249621 0.000448977 
23 -0.00782013 0.00972748 0.247005 -1.40004 0.000190738 -0.495346 0.194743 0.0316861 -1.45094 1.54288 0.00820172 -0.19894 -0.00324254 0.000572213 0.39044 -0.250115 -0.00164773 -0.197032 0.00133516 0.000190738 0.392729 -0.249621 0.000448977 
23 -0.00782013 0.00972748 0.247005 -1.40004 0.000190738 -0.495346 0.194362 0.0309231 -1.45705 1.54517 0.00820172 -0.19894 -0.00324254 0.000572213 0.39044 -0.250115 -0.00164773 -0.197032 0.00133516 0.000190738 0.392729 -0.249621 0.000448977 
23 -0.00782013 0.00972748 0.247005 -1.40004 0.000190738 -0.495346 0.19398 0.0301602 -1.46239 1.54707 0.00820172 -0.19894 -0.00324254 0.000572213 0.39044 -0.250115 -0.00164773 -0.197032 0.00133516 0.000190738 0.392729 -0.249621 0.000448977 
23 -0.00782013 0.00972748 0.247005 -1.40004 0.000190738 -0.495346 0.193599 0.0290157 -1.46811 1.54974 0.00820172 -0.19894 -0.00324254 0.000572213 0.39044 -0.250115 -0.00164773 -0.197032 0.00133516 0.000190738 0.392729 -0.249621 0.000448977 
23 -0.00782013 0.00972748 0.247005 -1.40004 0.000190738 -0.495346 0.193217 0.0278713 -1.47345 1.55203 0.00820172 -0.19894 -0.00324254 0.000572213 0.39044 -0.250115 -0.00164773 -0.197032 0.00133516 0.000190738 0.392729 -0.249621 0.000448977 
23 -0.00782013 0.00972748 0.247005 -1.40004 0.000190738 -0.495346 0.192454 0.0271084 -1.47917 1.5547 0.00820172 -0.19894 -0.00324254 0.000572213 0.39044 -0.250115 -0.00164773 -0.197032 0.00133516 0.000190738 0.392729 -0.249621 0.000448977 
23 -0.00782013 0.00972748 0.247005 -1.40004 0.000190738 -0.495346 0.192073 0.0267269 -1.48451 1.55699 0.00820172 -0.19894 -0.00324254 0.000572213 0.39044 -0.250115 -0.00164773 -0.197032 0.00133516 0.000190738 0.392729 -0.249621 0.000448977 
23 -0.00782013 0.00972748 0.247005 -1.40004 0.000190738 -0.495346 0.191691 0.0259639 -1.49023 1.55852 0.00820172 -0.19894 -0.00324254 0.000572213 0.39044 -0.250115 -0.00164773 -0.197032 0.00133516 0.000190738 0.392729 -0.249621 0.000448977 
23 -0.00782013 0.00972748 0.247005 -1.40004 0.000190738 -0.495346 0.19131 0.025201 -1.49557 1.56157 0.00820172 -0.19894 -0.00324254 0.000572213 0.39044 -0.250115 -0.00164773 -0.197032 0.00133516 0.000190738 0.392729 -0.249621 0.000448977 
23 -0.00782013 0.00972748 0.247005 -1.40004 0.000190738 -0.495346 0.190547 0.024438 -1.5013 1.56348 0.00820172 -0.19894 -0.00324254 0.000572213 0.39044 -0.250115 -0.00164773 -0.197032 0.00133516 0.000190738 0.392729 -0.249621 0.000448977 
23 -0.00782013 0.00972748 0.247005 -1.40004 0.000190738 -0.495346 0.189784 0.0240566 -1.50702 1.56538 0.00820172 -0.19894 -0.00324254 0.000572213 0.39044 -0.250115 -0.00164773 -0.197032 0.00133516 0.000190738 0.392729 -0.249621 0.000448977 
23 -0.00782013 0.00972748 0.247005 -1.40004 0.000190738 -0.495346 0.189403 0.0229121 -1.51236 1.56806 0.00820172 -0.19894 -0.00324254 0.000572213 0.39044 -0.250115 -0.00164773 -0.197032 0.00133516 0.000190738 0.392729 -0.249621 0.000448977 
23 -0.00782013 0.00972748 0.247005 -1.40004 0.000190738 -0.495346 0.18864 0.0217677 -1.5177 1.56996 0.00820172 -0.19894 -0.00324254 0.000572213 0.39044 -0.250115 -0.00164773 -0.197032 0.00133516 0.000190738 0.392729 -0.249621 0.000448977 
23 -0.00782013 0.00972748 0.247005 -1.40004 0.000190738 -0.495346 0.188258 0.0210047 -1.52304 1.57149 0.00820172 -0.19894 -0.00324254 0.000572213 0.39044 -0.250115 -0.00164773 -0.197032 0.00133516 0.000190738 0.392729 -0.249621 0.000448977 
23 -0.00782013 0.00972748 0.247005 -1.40004 0.000190738 -0.495346 0.187877 0.0202418 -1.52876 1.57378 0.00782025 -0.19894 -0.00324254 0.000572213 0.39044 -0.250115 -0.00164773 -0.197032 0.00133516 0.000190738 0.392729 -0.249621 0.000448977 
23 -0.00782013 0.00972748 0.247005 -1.40004 0.000190738 -0.495346 0.187495 0.0198603 -1.5341 1.57568 0.00782025 -0.19894 -0.00324254 0.000572213 0.39044 -0.250115 -0.00164773 -0.197032 0.00133516 0.000190738 0.392729 -0.249621 0.000448977 
23 -0.00782013 0.00972748 0.247005 -1.40004 0.000190738 -0.495346 0.187114 0.0194789 -1.53944 1.57759 0.00782025 -0.19894 -0.00324254 0.000572213 0.39044 -0.250115 -0.00164773 -0.197032 0.00133516 0.000190738 0.392729 -0.249621 0.000448977 
23 -0.00743866 0.00972748 0.247005 -1.40004 0.000190738 -0.495346 0.186732 0.0187159 -1.54479 1.57988 0.00782025 -0.19894 -0.00324254 0.000572213 0.39044 -0.250115 -0.00164773 -0.197032 0.00133516 0.000190738 0.392729 -0.249621 0.000448977 
23 -0.00782013 0.00972748 0.247005 -1.40004 0.000190738 -0.495346 0.186351 0.0183344 -1.55013 1.58179 0.00743877 -0.19894 -0.00324254 0.000572213 0.39044 -0.250115 -0.00164773 -0.197032 0.00133516 0.000190738 0.392729 -0.249621 0.000448977 
23 -0.00782013 0.00972748 0.247005 -1.40004 0.000190738 -0.495346 0.185969 0.0175714 -1.55585 1.58331 0.00743877 -0.19894 -0.00324254 0.000572213 0.39044 -0.250115 -0.00164773 -0.197032 0.00133516 0.000190738 0.392729 -0.249621 0.000448977 
23 -0.00782013 0.00972748 0.247005 -1.40004 0.000190738 -0.495346 0.185588 0.0168085 -1.56081 1.58522 0.00743877 -0.19894 -0.00324254 0.000572213 0.39044 -0.250115 -0.00164773 -0.197032 0.00133516 0.000190738 0.392729 -0.249621 0.000448977 
23 -0.00782013 0.00972748 0.247005 -1.40004 0.000190738 -0.495346 0.185206 0.0156641 -1.56615 1.58713 0.00743877 -0.19894 -0.00324254 0.000572213 0.39044 -0.250115 -0.00164773 -0.197032 0.00133516 0.000190738 0.392729 -0.249621 0.000448977 
23 -0.00782013 0.00972748 0.247005 -1.40004 0.000190738 -0.495346 0.184825 0.0149012 -1.57149 1.58865 0.00743877 -0.19894 -0.00324254 0.000572213 0.39044 -0.250115 -0.00164773 -0.197032 0.00133516 0.000190738 0.392729 -0.249621 0.000448977 
23 -0.00782013 0.00972748 0.247005 -1.40004 0.000190738 -0.495346 0.184443 0.0145197 -1.57645 1.59056 0.0070573 -0.19894 -0.00324254 0.000572213 0.39044 -0.250115 -0.00164773 -0.197032 0.00133516 0.000190738 0.392729 -0.249621 0.000448977 
23 -0.00782013 0.00972748 0.247005 -1.40004 0.000190738 -0.495346 0.18368 0.0137567 -1.58217 1.59285 0.0070573 -0.19894 -0.00324254 0.000572213 0.39044 -0.250115 -0.00164773 -0.197032 0.00133516 0.000190738 0.392729 -0.249621 0.000448977 
23 -0.00782013 0.00972748 0.247005 -1.40004 0.000190738 -0.495346 0.183299 0.0133752 -1.58713 1.59438 0.0070573 -0.19894 -0.00324254 0.000572213 0.39044 -0.249951 -0.00124844 -0.197032 0.00133516 0.000190738 0.392729 -0.249621 0.000448977 
23 -0.00782013 0.00972748 0.247005 -1.40004 0.000190738 -0.495346 0.182918 0.0129938 -1.59209 1.59552 0.0070573 -0.19894 -0.00324254 0.000572213 0.39044 -0.250115 -0.00164817 -0.197032 0.00133516 0.000190738 0.392729 -0.249621 0.000448977 
23 -0.00782013 0.00972748 0.247005 -1.40004 0.000190738 -0.495346 0.182536 0.0122308 -1.59705 1.59743 0.0070573 -0.19894 -0.00324254 0.000572213 0.39044 -0.250115 -0.00164773 -0.197032 0.00133516 0.000190738 0.392729 -0.249621 0.000448977 
23 -0.00782013 0.00972748 0.247005 -1.40004 0.000190738 -0.495346 0.182155 0.0118493 -1.60239 1.59934 0.0070573 -0.19894 -0.00324254 0.000572213 0.39044 -0.249951 -0.00124844 -0.197032 0.00133516 0.000190738 0.392729 -0.249621 0.000448977 
23 -0.00782013 0.00972748 0.247005 -1.40004 0.000190738 -0.495346 0.181773 0.0110864 -1.60735 1.60048 0.0070573 -0.19894 -0.00324254 0.000572213 0.39044 -0.250115 -0.00164817 -0.197032 0.00133516 0.000190738 0.392729 -0.249621 0.000448977 
23 -0.00782013 0.00972748 0.247005 -1.40004 0.000190738 -0.495346 0.181773 0.0103235 -1.61231 1.60201 0.0070573 -0.19894 -0.00324254 0.000572213 0.39044 -0.250115 -0.00164773 -0.197032 0.00133516 0.000190738 0.392729 -0.249621 0.000448977 
23 -0.00782013 0.00972748 0.247005 -1.40004 0.000190738 -0.495346 0.181392 0.009179 -1.61727 1.60391 0.0070573 -0.19894 -0.00324254 0.000572213 0.39044 -0.250115 -0.00164773 -0.197032 0.00133516 0.000190738 0.392729 -0.249621 0.000448977 
23 -0.00782013 0.00972748 0.247005 -1.40004 0.000190738 -0.495346 0.181392 0.00841606 -1.62184 1.60582 0.0070573 -0.19894 -0.00324254 0.000572213 0.39044 -0.250115 -0.00164773 -0.197032 0.00133516 0.000190738 0.392729 -0.249621 0.000448977 
23 -0.00782013 0.00972748 0.247005 -1.40004 0.000190738 -0.495346 0.18101 0.00803459 -1.6268 1.60697 0.0070573 -0.19894 -0.00324254 0.000572213 0.39044 -0.250115 -0.00164773 -0.197032 0.00133516 0.000190738 0.392729 -0.249621 0.000448977 
23 -0.00782013 0.00972748 0.247005 -1.40004 0.000190738 -0.495346 0.180629 0.00727165 -1.63176 1.60811 0.0070573 -0.19894 -0.00324254 0.000572213 0.39044 -0.250115 -0.00164773 -0.197032 0.00133516 0.000190738 0.392729 -0.249621 0.000448977 
23 -0.00782013 0.00972748 0.247005 -1.40004 0.000190738 -0.495346 0.180629 0.00689018 -1.63634 1.60964 0.0070573 -0.19894 -0.00324254 0.000572213 0.39044 -0.250115 -0.00164773 -0.197032 0.00133516 0.000190738 0.392729 -0.249621 0.000448977 
23 -0.00782013 0.00972748 0.247005 -1.40004 0.000190738 -0.495346 0.180247 0.00650871 -1.64092 1.61154 0.0070573 -0.19894 -0.00324254 0.000572213 0.39044 -0.250115 -0.00164773 -0.197032 0.00133516 0.000190738 0.392729 -0.249621 0.000448977 
23 -0.00782013 0.00972748 0.247005 -1.40004 0.000190738 -0.495346 0.180247 0.00574571 -1.64549 1.61269 0.0070573 -0.19894 -0.00324254 0.000572213 0.39044 -0.250115 -0.00164773 -0.197032 0.00133516 0.000190738 0.392729 -0.249621 0.000448977 
23 -0.00782013 0.00972748 0.247005 -1.40004 0.000190738 -0.495346 0.180247 0.00536424 -1.65007 1.61383 0.0070573 -0.19894 -0.00324254 0.000572213 0.39044 -0.250115 -0.00164773 -0.197032 0.00133516 0.000190738 0.392729 -0.249621 0.000448977 
23 -0.00782013 0.00972748 0.247005 -1.40004 0.000190738 -0.495346 0.179866 0.0046013 -1.65503 1.61536 0.00667582 -0.19894 -0.00324254 0.000572213 0.39044 -0.250115 -0.00164773 -0.197032 0.00133516 0.000190738 0.392729 -0.249621 0.000448977 
23 -0.00782013 0.00972748 0.247005 -1.40004 0.000190738 -0.495346 0.179866 0.00345689 -1.65923 1.61727 0.00667582 -0.19894 -0.00324254 0.000572213 0.39044 -0.250115 -0.00164773 -0.197032 0.00133516 0.000190738 0.392729 -0.249621 0.000448977 
23 -0.00782013 0.00972748 0.247005 -1.40004 0.000190738 -0.495346 0.179866 0.00269395 -1.66381 1.61841 0.00667582 -0.19894 -0.00324254 0.000572213 0.39044 -0.250115 -0.00164773 -0.197032 0.00133516 0.000190738 0.392729 -0.249621 0.000448977 
23 -0.00782013 0.00972748 0.247005 -1.40004 0.000190738 -0.495346 0.179866 0.00231248 -1.66838 1.61955 0.00629435 -0.19894 -0.00324254 0.000572213 0.39044 -0.250115 -0.00164773 -0.197032 0.00133516 0.000190738 0.392729 -0.249621 0.000448977 
23 -0.00782013 0.00972748 0.247005 -1.40004 0.000190738 -0.495346 0.179866 0.00193095 -1.6722 1.6207 0.00629435 -0.19894 -0.00324254 0.000572213 0.39044 -0.250115 -0.00164773 -0.197032 0.00133516 0.000190738 0.392729 -0.249621 0.000448977 
23 -0.00782013 0.00972748 0.247005 -1.40004 0.000190738 -0.495346 0.179866 0.00116801 -1.67678 1.62222 0.00629435 -0.19894 -0.00324254 0.000572213 0.39044 -0.250115 -0.00164773 -0.197032 0.00133516 0.000190738 0.392729 -0.249621 0.000448977 
23 -0.00782013 0.00972748 0.247005 -1.40004 0.000190738 -0.495346 0.179866 0.000786543 -1.68135 1.62375 0.00591287 -0.19894 -0.00324254 0.000572213 0.39044 -0.250115 -0.00164773 -0.197032 0.00133516 0.000190738 0.392729 -0.249621 0.000448977 
23 -0.00782013 0.00972748 0.247005 -1.40004 0.000190738 -0.495346 0.179866 0.000405073 -1.68517 1.62451 0.00591287 -0.19894 -0.00324254 0.000572213 0.39044 -0.250115 -0.00164773 -0.197032 0.00133516 0.000190738 0.392729 -0.249621 0.000448977 
23 -0.00782013 0.00972748 0.247005 -1.40004 0.000190738 -0.495346 0.179866 2.36034e-05 -1.68936 1.62604 0.0055314 -0.19894 -0.00324254 0.000572213 0.39044 -0.250115 -0.00164773 -0.197032 0.00133516 0.000190738 0.392729 -0.249621 0.000448977 
23 -0.00782013 0.00972748 0.247005 -1.40004 0.000190738 -0.495346 0.179866 -0.000357866 -1.69356 1.62718 0.0055314 -0.19894 -0.00324254 0.000572213 0.39044 -0.250115 -0.00164773 -0.197032 0.00133516 0.000190738 0.392729 -0.249621 0.000448977 
23 -0.00782013 0.00972748 0.247005 -1.40004 0.000190738 -0.495346 0.179866 -0.000739336 -1.69738 1.62833 0.0055314 -0.19894 -0.00324254 0.000572213 0.39044 -0.250115 -0.00164773 -0.197032 0.00133516 0.000190738 0.392729 -0.249621 0.000448977 
23 -0.00782013 0.0101089 0.247005 -1.40004 0.000190738 -0.495346 0.179866 -0.00112081 -1.70119 1.62985 0.00514992 -0.19894 -0.00324254 0.000572213 0.39044 -0.250115 -0.00164773 -0.197032 0.00133516 0.000190738 0.392729 -0.249621 0.000448977 
23 -0.00782013 0.00972748 0.247005 -1.40004 0.000190738 -0.495346 0.179866 -0.0018838 -1.70539 1.631 0.00514992 -0.19894 -0.00324254 0.000572213 0.39044 -0.250115 -0.00164773 -0.197032 0.00133516 0.000190738 0.392729 -0.249621 0.000448977 
23 -0.00782013 0.00972748 0.247005 -1.40004 0.000190738 -0.495346 0.179866 -0.00264674 -1.7092 1.63214 0.00476844 -0.19894 -0.00324254 0.000572213 0.39044 -0.250115 -0.00164773 -0.197032 0.00133516 0.000190738 0.392729 -0.249621 0.000448977 
23 -0.00782013 0.00972748 0.247005 -1.40004 0.000190738 -0.495346 0.179866 -0.00340968 -1.71302 1.63291 0.00476844 -0.19894 -0.00324254 0.000572213 0.39044 -0.250115 -0.00164773 -0.197032 0.00133516 0.000190738 0.392729 -0.249621 0.000448977 
23 -0.00782013 0.00972748 0.247005 -1.40004 0.000190738 -0.495346 0.179866 -0.00379115 -1.71683 1.63405 0.00476844 -0.19894 -0.00324254 0.000572213 0.39044 -0.250115 -0.00164773 -0.197032 0.00133516 0.000190738 0.392729 -0.249621 0.000448977 
23 -0.00782013 0.00972748 0.247005 -1.40004 0.000190738 -0.495346 0.179866 -0.00417262 -1.72065 1.63519 0.00438697 -0.19894 -0.00324254 0.000572213 0.39044 -0.250115 -0.00164773 -0.197032 0.00133516 0.000190738 0.392729 -0.249621 0.000448977 
23 -0.00782013 0.00972748 0.247005 -1.40004 0.000190738 -0.495346 0.179866 -0.00455409 -1.72408 1.63634 0.00438697 -0.19894 -0.00324254 0.000572213 0.39044 -0.250115 -0.00164773 -0.197032 0.00133516 0.000190738 0.392729 -0.249621 0.000448977 
23 -0.00782013 0.00972748 0.247005 -1.40004 0.000190738 -0.495346 0.179866 -0.00493556 -1.72789 1.6371 0.00400549 -0.19894 -0.00324254 0.000572213 0.39044 -0.250115 -0.00164773 -0.197032 0.00133516 0.000190738 0.392729 -0.249621 0.000448977 
23 -0.00782013 0.00972748 0.247005 -1.40004 0.000190738 -0.495346 0.179866 -0.00531703 -1.73133 1.63825 0.00400549 -0.19894 -0.00324254 0.000572213 0.39044 -0.250115 -0.00164773 -0.197032 0.00133516 0.000190738 0.392729 -0.249621 0.000448977 
23 -0.00782013 0.00972748 0.247005 -1.40004 0.000190738 -0.495346 0.179866 -0.00569856 -1.73476 1.63901 0.00400549 -0.19894 -0.00324254 0.000572213 0.39044 -0.250115 -0.00164773 -0.197032 0.00133516 0.000190738 0.392729 -0.249621 0.000448977 
23 -0.00782013 0.00972748 0.247005 -1.40004 0.000190738 -0.495346 0.179866 -0.00608003 -1.73857 1.63977 0.00400549 -0.19894 -0.00324254 0.000572213 0.39044 -0.250115 -0.00164773 -0.197032 0.00133516 0.000190738 0.392729 -0.249621 0.000448977 
23 -0.00782013 0.00972748 0.247005 -1.40004 0.000190738 -0.495346 0.179866 -0.0064615 -1.74201 1.6413 0.00362402 -0.19894 -0.00324254 0.000572213 0.39044 -0.250115 -0.00164773 -0.197032 0.00133516 0.000190738 0.392729 -0.249621 0.000448977 
23 -0.00782013 0.00972748 0.247005 -1.40004 0.000190738 -0.495346 0.179866 -0.0064615 -1.74544 1.64244 0.00362402 -0.19894 -0.00324254 0.000572213 0.39044 -0.250115 -0.00164773 -0.197032 0.00133516 0.000190738 0.392729 -0.249621 0.000448977 
23 -0.00782013 0.00972748 0.247005 -1.40004 0.000190738 -0.495346 0.179866 -0.00684297 -1.74849 1.64321 0.00362402 -0.19894 -0.00324254 0.000572213 0.39044 -0.250115 -0.00164773 -0.197032 0.00133516 0.000190738 0.392729 -0.249621 0.000448977 
23 -0.00782013 0.00972748 0.247005 -1.40004 0.000190738 -0.495346 0.179866 -0.00722444 -1.75193 1.64397 0.00362402 -0.19894 -0.00324254 0.000572213 0.39044 -0.250115 -0.00164773 -0.197032 0.00133516 0.000190738 0.392729 -0.249621 0.000448977 
23 -0.00782013 0.00972748 0.247005 -1.40004 0.000190738 -0.495346 0.179866 -0.00760591 -1.75536 1.64473 0.00362402 -0.19894 -0.00324254 0.000572213 0.39044 -0.250115 -0.00164773 -0.197032 0.00133516 0.000190738 0.392729 -0.249621 0.000448977 
23 -0.00782013 0.00972748 0.247005 -1.40004 0.000190738 -0.495346 0.179866 -0.00836885 -1.75841 1.64549 0.00362402 -0.19894 -0.00324254 0.000572213 0.39044 -0.250115 -0.00164773 -0.197032 0.00133516 0.000190738 0.392729 -0.249621 0.000448977 
23 -0.00782013 0.00972748 0.247005 -1.40004 0.000190738 -0.495346 0.179866 -0.00875032 -1.76184 1.64626 0.00324254 -0.19894 -0.00324254 0.000572213 0.39044 -0.250115 -0.00164773 -0.197032 0.00133516 0.000190738 0.392729 -0.249621 0.000448977 
23 -0.00782013 0.00972748 0.247005 -1.40004 0.000190738 -0.495346 0.179866 -0.00951326 -1.7649 1.64702 0.00324254 -0.19894 -0.00324254 0.000572213 0.39044 -0.250115 -0.00164773 -0.197032 0.00133516 0.000190738 0.392729 -0.249621 0.000448977 
23 -0.00782013 0.00972748 0.247005 -1.40004 0.000190738 -0.495346 0.179866 -0.00989479 -1.76795 1.64817 0.00324254 -0.19894 -0.00324254 0.000572213 0.39044 -0.250115 -0.00164773 -0.197032 0.00133516 0.000190738 0.392729 -0.249621 0.000448977 
23 -0.00782013 0.00972748 0.247005 -1.40004 0.000190738 -0.495346 0.179866 -0.0102763 -1.77062 1.64893 0.00324254 -0.19894 -0.00324254 0.000572213 0.39044 -0.250115 -0.00164773 -0.197032 0.00133516 0.000190738 0.392729 -0.249621 0.000448977 
23 -0.00782013 0.00972748 0.247005 -1.40004 0.000190738 -0.495346 0.179866 -0.0102763 -1.77405 1.64969 0.00324254 -0.19894 -0.00324254 0.000572213 0.39044 -0.250115 -0.00164773 -0.197032 0.00133516 0.000190738 0.392729 -0.249621 0.000448977 
23 -0.00782013 0.00972748 0.247005 -1.40004 0.000190738 -0.495346 0.179866 -0.0106577 -1.77672 1.65045 0.00324254 -0.19894 -0.00324254 0.000572213 0.39044 -0.250115 -0.00164773 -0.197032 0.00133516 0.000190738 0.392729 -0.249621 0.000448977 
23 -0.00782013 0.00972748 0.247005 -1.40004 0.000190738 -0.495346 0.180247 -0.0106577 -1.77977 1.65122 0.00286107 -0.19894 -0.00324254 0.000572213 0.39044 -0.250115 -0.00164773 -0.197032 0.00133516 0.000190738 0.392729 -0.249621 0.000448977 
23 -0.00782013 0.00972748 0.247005 -1.40004 0.000190738 -0.495346 0.180247 -0.0110392 -1.78244 1.6516 0.00286107 -0.19894 -0.00324254 0.000572213 0.39044 -0.250115 -0.00164773 -0.197032 0.00133516 0.000190738 0.392729 -0.249621 0.000448977 
23 -0.00782013 0.00972748 0.247005 -1.40004 0.000190738 -0.495346 0.180247 -0.0114207 -1.78473 1.65236 0.00247959 -0.19894 -0.00324254 0.000572213 0.39044 -0.250115 -0.00164773 -0.197032 0.00133516 0.000190738 0.392729 -0.249621 0.000448977 
23 -0.00782013 0.00972748 0.247005 -1.40004 0.000190738 -0.495346 0.180247 -0.0118021 -1.78779 1.65312 0.00247959 -0.19894 -0.00324254 0.000572213 0.39044 -0.250115 -0.00164773 -0.197032 0.00133516 0.000190738 0.392729 -0.249621 0.000448977 
23 -0.00782013 0.00972748 0.247005 -1.40004 0.000190738 -0.495346 0.180247 -0.0118021 -1.79046 1.65427 0.00209812 -0.19894 -0.00324254 0.000572213 0.39044 -0.250115 -0.00164773 -0.197032 0.00133516 0.000190738 0.392729 -0.249621 0.000448977 
23 -0.00782013 0.00972748 0.247005 -1.40004 0.000190738 -0.495346 0.180247 -0.0121836 -1.79313 1.65541 0.00209812 -0.19894 -0.00324254 0.000572213 0.39044 -0.250115 -0.00164773 -0.197032 0.00133516 0.000190738 0.393111 -0.249621 0.000448977 
23 -0.00782013 0.00972748 0.247005 -1.40004 0.000190738 -0.495346 0.180247 -0.0125651 -1.79541 1.65579 0.00209812 -0.19894 -0.00324254 0.000572213 0.39044 -0.250115 -0.00164773 -0.197032 0.00133516 0.000190738 0.392729 -0.249621 0.000448977 
23 -0.00782013 0.00972748 0.247005 -1.40004 0.000190738 -0.495346 0.180247 -0.0125651 -1.7977 1.65656 0.00171664 -0.19894 -0.00324254 0.000572213 0.39044 -0.250115 -0.00164773 -0.197032 0.00133516 0.000190738 0.392729 -0.249621 0.000448977 
23 -0.00782013 0.0101089 0.247005 -1.40004 0.000190738 -0.495346 0.180247 -0.0125651 -1.79999 1.65694 0.00171664 -0.19894 -0.00324254 0.000572213 0.39044 -0.250115 -0.00164773 -0.197032 0.00133516 0.000190738 0.392729 -0.249621 0.000448977 
23 -0.00782013 0.00972748 0.247005 -1.40004 0.000190738 -0.495346 0.180247 -0.0129465 -1.80228 1.6577 0.00171664 -0.19894 -0.00324254 0.000572213 0.39044 -0.250115 -0.00164773 -0.197032 0.00133516 0.000190738 0.392729 -0.249621 0.000448977 
23 -0.00782013 0.00972748 0.247005 -1.40004 0.000190738 -0.495346 0.180247 -0.0129465 -1.80495 1.65808 0.00171664 -0.19894 -0.00324254 0.000572213 0.39044 -0.250115 -0.00164773 -0.197032 0.00133516 0.000190738 0.392729 -0.249621 0.000448977 
23 -0.00782013 0.00972748 0.247005 -1.40004 0.000190738 -0.495346 0.180247 -0.0129465 -1.80686 1.65846 0.00133516 -0.19894 -0.00324254 0.000572213 0.39044 -0.250115 -0.00164773 -0.197032 0.00133516 0.000190738 0.392729 -0.249621 0.000448977 
23 -0.00782013 0.00972748 0.247005 -1.40004 0.000190738 -0.495346 0.180247 -0.013328 -1.80877 1.65885 0.00133516 -0.19894 -0.00324254 0.000572213 0.39044 -0.250115 -0.00164773 -0.197032 0.00133516 0.000190738 0.392729 -0.249621 0.000448977 
23 -0.00782013 0.00972748 0.247005 -1.40004 0.000190738 -0.495346 0.180247 -0.013328 -1.81106 1.65961 0.00133516 -0.19894 -0.00324254 0.000572213 0.39044 -0.250115 -0.00164773 -0.197032 0.00133516 0.000190738 0.392729 -0.249621 0.000448977 
23 -0.00782013 0.00972748 0.247005 -1.40004 0.000190738 -0.495346 0.180247 -0.0137095 -1.81296 1.66037 0.00133516 -0.19894 -0.00324254 0.000572213 0.39044 -0.250115 -0.00164773 -0.197032 0.00133516 0.000190738 0.392729 -0.249621 0.000448977 
23 -0.00782013 0.00972748 0.247005 -1.40004 0.000190738 -0.495346 0.180247 -0.0137095 -1.81487 1.66075 0.000953689 -0.19894 -0.00324254 0.000572213 0.39044 -0.250115 -0.00164773 -0.197032 0.00133516 0.000190738 0.393111 -0.249621 0.000448977 
23 -0.00782013 0.00972748 0.247005 -1.40004 0.000190738 -0.495346 0.180247 -0.014091 -1.81678 1.66152 0.000953689 -0.19894 -0.00324254 0.000572213 0.39044 -0.250115 -0.00164773 -0.197032 0.00133516 0.000190738 0.393111 -0.249621 0.000448977 
23 -0.00782013 0.00972748 0.247005 -1.40004 0.000190738 -0.495346 0.180247 -0.014091 -1.8183 1.6619 0.000953689 -0.19894 -0.00324254 0.000572213 0.39044 -0.250115 -0.00164773 -0.197032 0.00133516 0.000190738 0.393111 -0.249621 0.000448977 
23 -0.00782013 0.00972748 0.247005 -1.40004 0.000190738 -0.495346 0.180247 -0.014091 -1.81983 1.66228 0.000953689 -0.19894 -0.00324254 0.000572213 0.39044 -0.250115 -0.00164773 -0.197032 0.00133516 0.000190738 0.393111 -0.249621 0.000448977 
23 -0.00782013 0.00972748 0.247005 -1.40004 0.000190738 -0.495346 0.180247 -0.0144725 -1.82174 1.66266 0.000953689 -0.19894 -0.00324254 0.000572213 0.39044 -0.250115 -0.00164773 -0.197032 0.00133516 0.000190738 0.393111 -0.249621 0.000448977 
23 -0.00782013 0.00972748 0.247005 -1.40004 0.000190738 -0.495346 0.180247 -0.0144725 -1.82326 1.66304 0.000953689 -0.19894 -0.00324254 0.000572213 0.39044 -0.250115 -0.00164773 -0.197032 0.00133516 0.000190738 0.392729 -0.249621 0.000448977 
23 -0.00782013 0.00972748 0.247005 -1.40004 0.000190738 -0.495346 0.180247 -0.0144725 -1.82479 1.66342 0.000953689 -0.19894 -0.00324254 0.000572213 0.39044 -0.250115 -0.00164773 -0.197032 0.00133516 0.000190738 0.392729 -0.249621 0.000448977 
23 -0.00782013 0.00972748 0.247005 -1.40004 0.000190738 -0.495346 0.180247 -0.0144725 -1.82593 1.66381 0.000953689 -0.19894 -0.00324254 0.000572213 0.39044 -0.250115 -0.00164773 -0.197032 0.00133516 0.000190738 0.392729 -0.249621 0.000448977 
23 -0.00782013 0.00972748 0.247005 -1.40004 0.000190738 -0.495346 0.180247 -0.0144725 -1.82746 1.66419 0.000953689 -0.19894 -0.00324254 0.000572213 0.39044 -0.250115 -0.00164773 -0.197032 0.00133516 0.000190738 0.392729 -0.249621 0.000448977 
23 -0.00782013 0.00972748 0.247005 -1.40004 0.000190738 -0.495346 0.180247 -0.014854 -1.8286 1.66495 0.000953689 -0.19894 -0.00324254 0.000572213 0.39044 -0.250115 -0.00164773 -0.197032 0.00133516 0.000190738 0.392729 -0.249621 0.000448977 
23 -0.00782013 0.00972748 0.247005 -1.40004 0.000190738 -0.495346 0.180247 -0.014854 -1.83013 1.66533 0.000953689 -0.19894 -0.00324254 0.000572213 0.39044 -0.250115 -0.00164773 -0.197032 0.00133516 0.000190738 0.392729 -0.249621 0.000448977 
23 -0.00782013 0.00972748 0.247005 -1.40004 0.000190738 -0.495346 0.180247 -0.014854 -1.83089 1.66571 0.000953689 -0.19894 -0.00324254 0.000572213 0.39044 -0.250115 -0.00164773 -0.197032 0.00133516 0.000190738 0.392729 -0.249621 0.000448977 
23 -0.00782013 0.00972748 0.247005 -1.40004 0.000190738 -0.495346 0.180247 -0.014854 -1.83165 1.66648 0.000953689 -0.19894 -0.00324254 0.000572213 0.39044 -0.250115 -0.00164773 -0.197032 0.00133516 0.000190738 0.392729 -0.249621 0.000448977 
23 -0.00782013 0.00972748 0.247005 -1.40004 0.000190738 -0.495346 0.180247 -0.014854 -1.8328 1.66686 0.000953689 -0.19894 -0.00324254 0.000572213 0.39044 -0.250115 -0.00164773 -0.197032 0.00133516 0.000190738 0.392729 -0.249621 0.000448977 
23 -0.00782013 0.00972748 0.247005 -1.40004 0.000190738 -0.495346 0.180247 -0.014854 -1.83356 1.66724 0.000953689 -0.19894 -0.00324254 0.000572213 0.39044 -0.250115 -0.00164773 -0.197032 0.00133516 0.000190738 0.392729 -0.249621 0.000448977 
23 -0.00782013 0.00972748 0.247005 -1.40004 0.000190738 -0.495346 0.180247 -0.014854 -1.83433 1.66762 0.000572213 -0.19894 -0.00324254 0.000572213 0.39044 -0.250115 -0.00164773 -0.197032 0.00133516 0.000190738 0.392729 -0.249621 0.000448977 
23 -0.00782013 0.00972748 0.247005 -1.40004 0.000190738 -0.495346 0.180247 -0.014854 -1.83471 1.668 0.000953689 -0.19894 -0.00324254 0.000572213 0.39044 -0.250115 -0.00164773 -0.197032 0.00133516 0.000190738 0.392729 -0.249621 0.000448977 
23 -0.00782013 0.00972748 0.247005 -1.40004 0.000190738 -0.495346 0.180247 -0.014854 -1.83585 1.66838 0.000953689 -0.19894 -0.00324254 0.000572213 0.39044 -0.250115 -0.00164773 -0.197032 0.00133516 0.000190738 0.392729 -0.249621 0.000448977 
23 -0.00782013 0.00972748 0.247005 -1.40004 0.000190738 -0.495346 0.180247 -0.0144725 -1.83623 1.66838 0.000953689 -0.19894 -0.00324254 0.000572213 0.39044 -0.250115 -0.00164773 -0.197032 0.00133516 0.000190738 0.392729 -0.249621 0.000448977 
23 -0.00782013 0.00972748 0.247005 -1.40004 0.000190738 -0.495346 0.180247 -0.0144725 -1.837 1.66876 0.000953689 -0.19894 -0.00324254 0.000572213 0.39044 -0.250115 -0.00164773 -0.197032 0.00133516 0.000190738 0.392729 -0.249621 0.000448977 
23 -0.00782013 0.00972748 0.247005 -1.40004 0.000190738 -0.495346 0.180247 -0.0144725 -1.83738 1.66876 0.000953689 -0.19894 -0.00324254 0.000572213 0.39044 -0.250115 -0.00164773 -0.197032 0.00133516 0.000190738 0.392729 -0.249621 0.000448977 
23 -0.00782013 0.00972748 0.247005 -1.40004 0.000190738 -0.495346 0.180247 -0.0144725 -1.83776 1.66915 0.000953689 -0.19894 -0.00324254 0.000572213 0.39044 -0.250115 -0.00164773 -0.197032 0.00133516 0.000190738 0.392729 -0.249621 0.000448977 
23 -0.00782013 0.00972748 0.247005 -1.40004 0.000190738 -0.495346 0.180247 -0.0144725 -1.83814 1.66915 0.000572213 -0.19894 -0.00324254 0.000572213 0.39044 -0.250115 -0.00164773 -0.197032 0.00133516 0.000190738 0.392729 -0.249621 0.000448977 
23 -0.00782013 0.00972748 0.247005 -1.40004 0.000190738 -0.495346 0.180629 -0.0144725 -1.83852 1.66953 0.000572213 -0.19894 -0.00324254 0.000572213 0.39044 -0.250115 -0.00164773 -0.197032 0.00133516 0.000190738 0.392729 -0.249621 0.000448977 
23 -0.00782013 0.00972748 0.247005 -1.40004 0.000190738 -0.495346 0.180629 -0.0144725 -1.83852 1.66953 0.000572213 -0.19894 -0.00324254 0.000572213 0.39044 -0.250115 -0.00164773 -0.197032 0.00133516 0.000190738 0.392729 -0.249621 0.000448977 
23 -0.00782013 0.00972748 0.247005 -1.40004 0.000190738 -0.495346 0.180629 -0.0144725 -1.83852 1.66953 0.000572213 -0.19894 -0.00324254 0.000572213 0.39044 -0.250115 -0.00164773 -0.197032 0.00133516 0.000190738 0.392729 -0.249621 0.000448977 
23 -0.00782013 0.00972748 0.247005 -1.40004 0.000190738 -0.495346 0.18101 -0.0144725 -1.83852 1.66953 0.000572213 -0.19894 -0.00324254 0.000572213 0.39044 -0.250115 -0.00164773 -0.197032 0.00133516 0.000190738 0.392729 -0.249621 0.000448977 
23 -0.00782013 0.00972748 0.247005 -1.40004 0.000190738 -0.495346 0.18101 -0.0144725 -1.83852 1.66953 0.000572213 -0.19894 -0.00324254 0.000572213 0.39044 -0.250115 -0.00164773 -0.197032 0.00133516 0.000190738 0.392729 -0.249621 0.000448977 
23 -0.00782013 0.00972748 0.247005 -1.40004 0.000190738 -0.495346 0.18101 -0.0144725 -1.83814 1.66953 0.000572213 -0.19894 -0.00324254 0.000572213 0.39044 -0.250115 -0.00164773 -0.197032 0.00133516 0.000190738 0.392729 -0.249621 0.000448977 
23 -0.00782013 0.00972748 0.247005 -1.40004 0.000190738 -0.495346 0.18101 -0.0144725 -1.83814 1.66953 0.000572213 -0.19894 -0.00324254 0.000572213 0.39044 -0.250115 -0.00164773 -0.197032 0.00133516 0.000190738 0.392729 -0.249621 0.000448977 
23 -0.00782013 0.00972748 0.247005 -1.40004 0.000190738 -0.495346 0.181392 -0.0144725 -1.83776 1.66953 0.000572213 -0.19894 -0.00324254 0.000572213 0.39044 -0.250115 -0.00164773 -0.197032 0.00133516 0.000190738 0.392729 -0.249621 0.000448977 
23 -0.00782013 0.00972748 0.247005 -1.40004 0.000190738 -0.495346 0.181392 -0.0144725 -1.83738 1.66953 0.000572213 -0.19894 -0.00324254 0.000572213 0.39044 -0.250115 -0.00164773 -0.197032 0.00133516 0.000190738 0.392729 -0.249621 0.000448977 
23 -0.00782013 0.00972748 0.247005 -1.40004 0.000190738 -0.495346 0.181773 -0.0144725 -1.83738 1.66915 0.000572213 -0.19894 -0.00324254 0.000572213 0.39044 -0.250115 -0.00164773 -0.197032 0.00133516 0.000190738 0.392729 -0.249621 0.000448977 
23 -0.00782013 0.00972748 0.247005 -1.40004 0.000190738 -0.495346 0.181773 -0.0144725 -1.837 1.66915 0.000572213 -0.19894 -0.00324254 0.000572213 0.39044 -0.250115 -0.00164773 -0.197032 0.00133516 0.000190738 0.392729 -0.249621 0.000448977 
23 -0.00782013 0.00972748 0.247005 -1.40004 0.000190738 -0.495346 0.182155 -0.0144725 -1.83623 1.66915 0.000572213 -0.19894 -0.00324254 0.000572213 0.39044 -0.250115 -0.00164773 -0.197032 0.00133516 0.000190738 0.392729 -0.249621 0.000448977 
23 -0.00782013 0.00972748 0.247005 -1.40004 0.000190738 -0.495346 0.182155 -0.0144725 -1.83585 1.66915 0.000572213 -0.19894 -0.00324254 0.000572213 0.39044 -0.250115 -0.00164773 -0.197032 0.00133516 0.000190738 0.392729 -0.249621 0.000448977 
23 -0.00782013 0.00972748 0.247005 -1.40004 0.000190738 -0.495346 0.182536 -0.0144725 -1.83547 1.66915 0.000572213 -0.19894 -0.00324254 0.000572213 0.39044 -0.250115 -0.00164773 -0.197032 0.00133516 0.000190738 0.392729 -0.249621 0.000448977 
23 -0.00782013 0.00972748 0.247005 -1.40004 0.000190738 -0.495346 0.182918 -0.0144725 -1.83471 1.66915 0.000572213 -0.19894 -0.00324254 0.000572213 0.39044 -0.250115 -0.00164773 -0.197032 0.00133516 0.000190738 0.392729 -0.249621 0.000448977 
23 -0.00782013 0.00972748 0.247005 -1.40004 0.000190738 -0.495346 0.183299 -0.0144725 -1.83433 1.66915 0.000572213 -0.19894 -0.00324254 0.000572213 0.39044 -0.250115 -0.00164773 -0.197032 0.00133516 0.000190738 0.392729 -0.249621 0.000448977 
23 -0.00782013 0.00972748 0.247005 -1.40004 0.000190738 -0.495346 0.18368 -0.0144725 -1.83356 1.66915 0.000572213 -0.19894 -0.00324254 0.000572213 0.39044 -0.250115 -0.00164773 -0.197032 0.00133516 0.000190738 0.392729 -0.249621 0.000448977 
23 -0.00782013 0.00972748 0.247005 -1.40004 0.000190738 -0.495346 0.184062 -0.0144725 -1.8328 1.66915 0.000572213 -0.19894 -0.00324254 0.000572213 0.39044 -0.250115 -0.00164773 -0.197032 0.00133516 0.000190738 0.392729 -0.249621 0.000448977 
23 -0.00782013 0.00972748 0.247005 -1.40004 0.000190738 -0.495346 0.184443 -0.0144725 -1.83204 1.66876 0.000572213 -0.19894 -0.00324254 0.000572213 0.39044 -0.250115 -0.00164773 -0.197032 0.00133516 0.000190738 0.392729 -0.249621 0.000448977 
23 -0.00782013 0.00972748 0.247005 -1.40004 0.000190738 -0.495346 0.184825 -0.0144725 -1.83127 1.66876 0.000572213 -0.19894 -0.00324254 0.000572213 0.39044 -0.250115 -0.00164773 -0.197032 0.00133516 0.000190738 0.392729 -0.249621 0.000448977 
23 -0.00782013 0.00972748 0.247005 -1.40004 0.000190738 -0.495346 0.184825 -0.0144725 -1.83013 1.66876 0.000572213 -0.19894 -0.00324254 0.000572213 0.39044 -0.250115 -0.00164773 -0.197032 0.00133516 0.000190738 0.392729 -0.249621 0.000448977 
23 -0.00782013 0.00972748 0.247005 -1.40004 0.000190738 -0.495346 0.185206 -0.0144725 -1.82898 1.66876 0.000572213 -0.19894 -0.00324254 0.000572213 0.39044 -0.250115 -0.00164773 -0.197032 0.00133516 0.000190738 0.392729 -0.249621 0.000448977 
23 -0.00782013 0.00972748 0.247005 -1.40004 0.000190738 -0.495346 0.185588 -0.0144725 -1.82784 1.66876 0.000572213 -0.19894 -0.00324254 0.000572213 0.39044 -0.250115 -0.00164773 -0.197032 0.00133516 0.000190738 0.392729 -0.249621 0.000448977 
23 -0.00782013 0.00972748 0.247005 -1.40004 0.000190738 -0.495346 0.185588 -0.0144725 -1.82631 1.66876 0.000572213 -0.19894 -0.00324254 0.000572213 0.39044 -0.250115 -0.00164773 -0.197032 0.00133516 0.000190738 0.392729 -0.249621 0.000448977 
23 -0.00782013 0.00972748 0.247005 -1.40004 0.000190738 -0.495346 0.185969 -0.0144725 -1.82479 1.66876 0.000572213 -0.19894 -0.00324254 0.000572213 0.39044 -0.250115 -0.00164773 -0.197032 0.00133516 0.000190738 0.392729 -0.249621 0.000448977 
23 -0.00782013 0.00972748 0.247005 -1.40004 0.000190738 -0.495346 0.186351 -0.0144725 -1.82364 1.66876 0.000572213 -0.19894 -0.00324254 0.000572213 0.39044 -0.250115 -0.00164773 -0.197032 0.00133516 0.000190738 0.392729 -0.249621 0.000448977 
23 -0.00782013 0.00972748 0.247005 -1.40004 0.000190738 -0.495346 0.186732 -0.0144725 -1.82174 1.66876 0.000572213 -0.19894 -0.00324254 0.000572213 0.39044 -0.250115 -0.00164773 -0.197032 0.00133516 0.000190738 0.392729 -0.249621 0.000448977 
23 -0.00782013 0.00972748 0.247005 -1.40004 0.000190738 -0.495346 0.186732 -0.0144725 -1.82021 1.66876 0.000572213 -0.19894 -0.00324254 0.000572213 0.39044 -0.250115 -0.00164773 -0.197032 0.00133516 0.000190738 0.392729 -0.249621 0.000448977 
23 -0.00782013 0.00972748 0.247005 -1.40004 0.000190738 -0.495346 0.187114 -0.014091 -1.81868 1.66876 0.000572213 -0.19894 -0.00324254 0.000572213 0.39044 -0.250115 -0.00164773 -0.197032 0.00133516 0.000190738 0.392729 -0.249621 0.000448977 
23 -0.00782013 0.00972748 0.247005 -1.40004 0.000190738 -0.495346 0.187495 -0.014091 -1.81716 1.66876 0.000572213 -0.19894 -0.00324254 0.000572213 0.39044 -0.250115 -0.00164773 -0.197032 0.00133516 0.000190738 0.392729 -0.249621 0.000448977 
23 -0.00782013 0.00972748 0.247005 -1.40004 0.000190738 -0.495346 0.187877 -0.014091 -1.81487 1.66876 0.000572213 -0.19894 -0.00324254 0.000572213 0.39044 -0.250115 -0.00164773 -0.197032 0.00133516 0.000190738 0.392729 -0.249621 0.000448977 
23 -0.00782013 0.00972748 0.247005 -1.40004 0.000190738 -0.495346 0.188258 -0.014091 -1.81296 1.66876 0.000572213 -0.19894 -0.00324254 0.000572213 0.39044 -0.250115 -0.00164773 -0.197032 0.00133516 0.000190738 0.392729 -0.249621 0.000448977 
23 -0.00782013 0.00972748 0.247005 -1.40004 0.000190738 -0.495346 0.18864 -0.014091 -1.81106 1.66876 0.000572213 -0.19894 -0.00324254 0.000572213 0.39044 -0.250115 -0.00164773 -0.197032 0.00133516 0.000190738 0.392729 -0.249621 0.000448977 
23 -0.00782013 0.00972748 0.247005 -1.40004 0.000190738 -0.495346 0.189021 -0.014091 -1.80877 1.66876 0.000572213 -0.19894 -0.00324254 0.000572213 0.39044 -0.250115 -0.00164773 -0.197032 0.00133516 0.000190738 0.392729 -0.249621 0.000448977 
23 -0.00782013 0.00972748 0.247005 -1.40004 0.000190738 -0.495346 0.189403 -0.014091 -1.80648 1.66876 0.000190738 -0.19894 -0.00324254 0.000572213 0.39044 -0.250115 -0.00164773 -0.197032 0.00133516 0.000190738 0.392729 -0.249621 0.000448977 
23 -0.00782013 0.00972748 0.247005 -1.40004 0.000190738 -0.495346 0.189784 -0.014091 -1.80457 1.66876 0.000190738 -0.19894 -0.00324254 0.000572213 0.39044 -0.250115 -0.00164773 -0.197032 0.00133516 0.000190738 0.392729 -0.249621 0.000448977 
23 -0.00782013 0.00972748 0.247005 -1.40004 0.000190738 -0.495346 0.190547 -0.014091 -1.8019 1.66876 0.000190738 -0.19894 -0.00324254 0.000572213 0.39044 -0.250115 -0.00164773 -0.197032 0.00133516 0.000190738 0.392729 -0.249621 0.000448977 
23 -0.00782013 0.00972748 0.247005 -1.40004 0.000190738 -0.495346 0.190929 -0.014091 -1.79923 1.66876 -0.000190738 -0.19894 -0.00324254 0.000572213 0.39044 -0.250115 -0.00164773 -0.197032 0.00133516 0.000190738 0.392729 -0.249621 0.000448977 
23 -0.00782013 0.00972748 0.247005 -1.40004 0.000190738 -0.495346 0.19131 -0.014091 -1.79656 1.66876 -0.000190738 -0.19894 -0.00324254 0.000572213 0.39044 -0.250115 -0.00164773 -0.197032 0.00133516 0.000190738 0.392729 -0.249621 0.000448977 
23 -0.00782013 0.00972748 0.247005 -1.40004 0.000190738 -0.495346 0.191691 -0.014091 -1.79389 1.66876 -0.000572213 -0.19894 -0.00324254 0.000572213 0.39044 -0.250115 -0.00164773 -0.197032 0.00133516 0.000190738 0.392729 -0.249621 0.000448977 
23 -0.00782013 0.00972748 0.247005 -1.40004 0.000190738 -0.495346 0.192073 -0.014091 -1.79122 1.66876 -0.000572213 -0.19894 -0.00324254 0.000572213 0.39044 -0.250115 -0.00164773 -0.197032 0.00133516 0.000190738 0.392729 -0.249621 0.000448977 
23 -0.00782013 0.00972748 0.247005 -1.40004 0.000190738 -0.495346 0.192454 -0.014091 -1.78817 1.66876 -0.000572213 -0.19894 -0.00324254 0.000572213 0.39044 -0.250115 -0.00164773 -0.197032 0.00133516 0.000190738 0.392729 -0.249621 0.000448977 
23 -0.00782013 0.00972748 0.247005 -1.40004 0.000190738 -0.495346 0.192836 -0.014091 -1.78511 1.66915 -0.000953689 -0.19894 -0.00324254 0.000572213 0.39044 -0.250115 -0.00164773 -0.197032 0.00133516 0.000190738 0.392729 -0.249621 0.000448977 
23 -0.00782013 0.00972748 0.247005 -1.40004 0.000190738 -0.495346 0.193217 -0.014091 -1.78206 1.66876 -0.000953689 -0.19894 -0.00324254 0.000572213 0.39044 -0.250115 -0.00164773 -0.197032 0.00133516 0.000190738 0.392729 -0.249621 0.000448977 
23 -0.00782013 0.00972748 0.247005 -1.40004 0.000190738 -0.495346 0.193599 -0.014091 -1.77901 1.66876 -0.00133516 -0.19894 -0.00324254 0.000572213 0.39044 -0.250115 -0.00164773 -0.197032 0.00133516 0.000190738 0.392729 -0.249621 0.000448977 
23 -0.00782013 0.00972748 0.247005 -1.40004 0.000190738 -0.495346 0.19398 -0.014091 -1.77558 1.66915 -0.00133516 -0.19894 -0.00324254 0.000572213 0.39044 -0.250115 -0.00164773 -0.197032 0.00133516 0.000190738 0.392729 -0.249621 0.000448977 
23 -0.00782013 0.00972748 0.247005 -1.40004 0.000190738 -0.495346 0.194362 -0.014091 -1.77176 1.66915 -0.00171664 -0.19894 -0.00324254 0.000572213 0.39044 -0.250115 -0.00164773 -0.197032 0.00133516 0.000190738 0.392729 -0.249621 0.000448977 
23 -0.00782013 0.00972748 0.247005 -1.40004 0.000190738 -0.495346 0.194743 -0.014091 -1.76871 1.66915 -0.00209812 -0.19894 -0.00324254 0.000572213 0.39044 -0.250115 -0.00164773 -0.197032 0.00133516 0.000190738 0.392729 -0.249621 0.000448977 
23 -0.00782013 0.00972748 0.247005 -1.40004 0.000190738 -0.495346 0.195125 -0.014091 -1.7649 1.66915 -0.00209812 -0.19894 -0.00324254 0.000572213 0.39044 -0.250115 -0.00164773 -0.197032 0.00133516 0.000190738 0.392729 -0.249621 0.000448977 
23 -0.00782013 0.00972748 0.247005 -1.40004 0.000190738 -0.495346 0.195888 -0.014091 -1.76108 1.66915 -0.00247959 -0.19894 -0.00324254 0.000572213 0.39044 -0.250115 -0.00164773 -0.197032 0.00133516 0.000190738 0.392729 -0.249621 0.000448977 
23 -0.00782013 0.00972748 0.247005 -1.40004 0.000190738 -0.495346 0.196651 -0.014091 -1.75727 1.66915 -0.00247959 -0.19894 -0.00324254 0.000572213 0.39044 -0.250115 -0.00164773 -0.197032 0.00133516 0.000190738 0.392729 -0.249621 0.000448977 
23 -0.00782013 0.00972748 0.247005 -1.40004 0.000190738 -0.495346 0.197414 -0.014091 -1.75345 1.66915 -0.00286107 -0.19894 -0.00324254 0.000572213 0.39044 -0.250115 -0.00164773 -0.197032 0.00133516 0.000190738 0.392729 -0.249621 0.000448977 
23 -0.00782013 0.00972748 0.247005 -1.40004 0.000190738 -0.495346 0.197795 -0.014091 -1.74926 1.66915 -0.00286107 -0.19894 -0.00324254 0.000572213 0.39044 -0.250115 -0.00164773 -0.197032 0.00133516 0.000190738 0.392729 -0.249621 0.000448977 
23 -0.00782013 0.00972748 0.247005 -1.40004 0.000190738 -0.495346 0.198177 -0.014091 -1.74506 1.66876 -0.00324254 -0.19894 -0.00324254 0.000572213 0.39044 -0.250115 -0.00164773 -0.197032 0.00133516 0.000190738 0.392729 -0.249621 0.000448977 
23 -0.00782013 0.00972748 0.247005 -1.40004 0.000190738 -0.495346 0.198558 -0.014091 -1.74125 1.66915 -0.00324254 -0.19894 -0.00324254 0.000572213 0.39044 -0.250115 -0.00164773 -0.197032 0.00133516 0.000190738 0.392729 -0.249621 0.000448977 
23 -0.00782013 0.00972748 0.247005 -1.40004 0.000190738 -0.495346 0.19894 -0.014091 -1.73667 1.66915 -0.00362402 -0.19894 -0.00324254 0.000572213 0.39044 -0.250115 -0.00164773 -0.197032 0.00133516 0.000190738 0.392729 -0.249621 0.000448977 
23 -0.00782013 0.00972748 0.247005 -1.40004 0.000190738 -0.495346 0.199321 -0.014091 -1.73209 1.66915 -0.00362402 -0.19894 -0.00324254 0.000572213 0.39044 -0.250115 -0.00164773 -0.197032 0.00133516 0.000190738 0.392729 -0.249621 0.000448977 
23 -0.00782013 0.00972748 0.247005 -1.40004 0.000190738 -0.495346 0.199702 -0.014091 -1.72789 1.66915 -0.00362402 -0.19894 -0.00324254 0.000572213 0.39044 -0.250115 -0.00164773 -0.197032 0.00133516 0.000190738 0.392729 -0.249621 0.000448977 
23 -0.00782013 0.00972748 0.247005 -1.40004 0.000190738 -0.495346 0.200084 -0.0144725 -1.72293 1.66915 -0.00400549 -0.19894 -0.00324254 0.000572213 0.39044 -0.250115 -0.00164773 -0.197032 0.00133516 0.000190738 0.392729 -0.249621 0.000448977 
23 -0.00782013 0.00972748 0.247005 -1.40004 0.000190738 -0.495346 0.200465 -0.014091 -1.71874 1.66915 -0.00400549 -0.19894 -0.00324254 0.000572213 0.39044 -0.250115 -0.00164773 -0.197032 0.00133516 0.000190738 0.392729 -0.249621 0.000448977 
23 -0.00782013 0.00972748 0.247005 -1.40004 0.000190738 -0.495346 0.201228 -0.0144725 -1.7134 1.66915 -0.00400549 -0.19894 -0.00324254 0.000572213 0.39044 -0.250115 -0.00164773 -0.197032 0.00133516 0.000190738 0.392729 -0.249621 0.000448977 
23 -0.00782013 0.00972748 0.247005 -1.40004 0.000190738 -0.495346 0.20161 -0.0144725 -1.70844 1.66915 -0.00438697 -0.19894 -0.00324254 0.000572213 0.39044 -0.250115 -0.00164773 -0.197032 0.00133516 0.000190738 0.392729 -0.249621 0.000448977 
23 -0.00782013 0.00972748 0.247005 -1.40004 0.000190738 -0.495346 0.202373 -0.0144725 -1.70424 1.66915 -0.00438697 -0.19894 -0.00324254 0.000572213 0.39044 -0.250115 -0.00164773 -0.197032 0.00133516 0.000190738 0.392729 -0.249621 0.000448977 
23 -0.00782013 0.00972748 0.247005 -1.40004 0.000190738 -0.495346 0.203136 -0.0144725 -1.6989 1.66915 -0.00476844 -0.19894 -0.00324254 0.000572213 0.39044 -0.250115 -0.00164773 -0.197032 0.00133516 0.000190738 0.392729 -0.249621 0.000448977 
23 -0.00782013 0.00972748 0.247005 -1.40004 0.000190738 -0.495346 0.203517 -0.0144725 -1.69356 1.66915 -0.00476844 -0.19894 -0.00324254 0.000572213 0.39044 -0.250115 -0.00164773 -0.197032 0.00133516 0.000190738 0.392729 -0.249621 0.000448977 
23 -0.00782013 0.00972748 0.247005 -1.40004 0.000190738 -0.495346 0.203899 -0.0144725 -1.6886 1.66915 -0.00514992 -0.19894 -0.00324254 0.000572213 0.39044 -0.250115 -0.00164773 -0.197032 0.00133516 0.000190738 0.392729 -0.249621 0.000448977 
23 -0.00782013 0.00972748 0.247005 -1.40004 0.000190738 -0.495346 0.20428 -0.0144725 -1.68326 1.66915 -0.00514992 -0.19894 -0.00324254 0.000572213 0.39044 -0.250115 -0.00164773 -0.197032 0.00133516 0.000190738 0.392729 -0.249621 0.000448977 
23 -0.00782013 0.00972748 0.247005 -1.40004 0.000190738 -0.495346 0.205043 -0.0144725 -1.6783 1.66915 -0.00514992 -0.19894 -0.00324254 0.000572213 0.39044 -0.250115 -0.00164773 -0.197032 0.00133516 0.000190738 0.392729 -0.249621 0.000448977 
23 -0.00782013 0.00972748 0.247005 -1.40004 0.000190738 -0.495346 0.205425 -0.0144725 -1.6722 1.66915 -0.0055314 -0.19894 -0.00324254 0.000572213 0.39044 -0.250115 -0.00164773 -0.197032 0.00133516 0.000190738 0.392729 -0.249621 0.000448977 
23 -0.00782013 0.00972748 0.247005 -1.40004 0.000190738 -0.495346 0.205806 -0.014854 -1.66686 1.66915 -0.0055314 -0.19894 -0.00324254 0.000572213 0.39044 -0.250115 -0.00164773 -0.197032 0.00133516 0.000190738 0.392729 -0.249621 0.000448977 
23 -0.00782013 0.00972748 0.247005 -1.40004 0.000190738 -0.495346 0.206188 -0.014854 -1.66152 1.66915 -0.0055314 -0.19894 -0.00324254 0.000572213 0.39044 -0.250115 -0.00164773 -0.197032 0.00133516 0.000190738 0.392729 -0.249621 0.000448977 
23 -0.00782013 0.00972748 0.247005 -1.40004 0.000190738 -0.495346 0.206569 -0.014854 -1.65579 1.66915 -0.00591287 -0.19894 -0.00324254 0.000572213 0.39044 -0.250115 -0.00164773 -0.197032 0.00133516 0.000190738 0.392729 -0.249621 0.000448977 
23 -0.00782013 0.00972748 0.247005 -1.40004 0.000190738 -0.495346 0.20695 -0.0152354 -1.65007 1.66915 -0.00591287 -0.19894 -0.00324254 0.000572213 0.39044 -0.250115 -0.00164773 -0.197032 0.00133516 0.000190738 0.392729 -0.249621 0.000448977 
23 -0.00782013 0.00972748 0.247005 -1.40004 0.000190738 -0.495346 0.207332 -0.0152354 -1.64435 1.66915 -0.00591287 -0.19894 -0.00324254 0.000572213 0.39044 -0.250115 -0.00164773 -0.197032 0.00133516 0.000190738 0.392729 -0.249621 0.000448977 
23 -0.00782013 0.00972748 0.247005 -1.40004 0.000190738 -0.495346 0.208095 -0.0156169 -1.63825 1.66915 -0.00629435 -0.19894 -0.00324254 0.000572213 0.39044 -0.250115 -0.00164773 -0.197032 0.00133516 0.000190738 0.392729 -0.249621 0.000448977 
23 -0.00782013 0.00972748 0.247005 -1.40004 0.000190738 -0.495346 0.208858 -0.0156169 -1.63214 1.66915 -0.00629435 -0.19894 -0.00324254 0.000572213 0.39044 -0.250115 -0.00164773 -0.197032 0.00133516 0.000190738 0.392729 -0.249621 0.000448977 
23 -0.00782013 0.00972748 0.247005 -1.40004 0.000190738 -0.495346 0.209621 -0.0159984 -1.62642 1.66915 -0.00667582 -0.19894 -0.00324254 0.000572213 0.39044 -0.250115 -0.00164773 -0.197032 0.00133516 0.000190738 0.393111 -0.249621 0.000448977 
23 -0.00782013 0.00972748 0.247005 -1.40004 0.000190738 -0.495346 0.210384 -0.0159984 -1.62032 1.66915 -0.00667582 -0.19894 -0.00324254 0.000572213 0.39044 -0.250115 -0.00164773 -0.197032 0.00133516 0.000190738 0.392729 -0.249621 0.000448977 
23 -0.00782013 0.00972748 0.247005 -1.40004 0.000190738 -0.495346 0.210765 -0.0163798 -1.61421 1.66915 -0.00667582 -0.19894 -0.00324254 0.000572213 0.39044 -0.250115 -0.00164773 -0.197032 0.00133516 0.000190738 0.392729 -0.249621 0.000448977 
23 -0.00782013 0.00972748 0.247005 -1.40004 0.000190738 -0.495346 0.211528 -0.0163798 -1.60811 1.66915 -0.00667582 -0.19894 -0.00324254 0.000572213 0.39044 -0.250115 -0.00164773 -0.197032 0.00133516 0.000190738 0.392729 -0.249621 0.000448977 
23 -0.00782013 0.00972748 0.247005 -1.40004 0.000190738 -0.495346 0.212291 -0.0167613 -1.60201 1.66915 -0.00667582 -0.19894 -0.00324254 0.000572213 0.39044 -0.250115 -0.00164773 -0.197032 0.00133516 0.000190738 0.392729 -0.249621 0.000448977 
23 -0.00782013 0.00972748 0.247005 -1.40004 0.000190738 -0.495346 0.212673 -0.0167613 -1.59552 1.66915 -0.00667582 -0.19894 -0.00324254 0.000572213 0.39044 -0.250115 -0.00164773 -0.197032 0.00133516 0.000190738 0.392729 -0.249621 0.000448977 
23 -0.00782013 0.00972748 0.247005 -1.40004 0.000190738 -0.495346 0.213436 -0.0171428 -1.58904 1.66915 -0.0070573 -0.19894 -0.00324254 0.000572213 0.39044 -0.250115 -0.00164773 -0.197032 0.00133516 0.000190738 0.392729 -0.249621 0.000448977 
23 -0.00782013 0.00972748 0.247005 -1.40004 0.000190738 -0.495346 0.214199 -0.0171428 -1.58255 1.66915 -0.0070573 -0.19894 -0.00324254 0.000572213 0.39044 -0.250115 -0.00164773 -0.197032 0.00133516 0.000190738 0.392729 -0.249621 0.000448977 
23 -0.00782013 0.00972748 0.247005 -1.40004 0.000190738 -0.495346 0.214961 -0.0175243 -1.57607 1.66915 -0.0070573 -0.19894 -0.00324254 0.000572213 0.39044 -0.250115 -0.00164773 -0.197032 0.00133516 0.000190738 0.392729 -0.249621 0.000448977 
23 -0.00782013 0.00972748 0.247005 -1.40004 0.000190738 -0.495346 0.215724 -0.0175243 -1.56958 1.66915 -0.0070573 -0.19894 -0.00324254 0.000572213 0.39044 -0.250115 -0.00164773 -0.197032 0.00133516 0.000190738 0.392729 -0.249621 0.000448977 
23 -0.00782013 0.00972748 0.247005 -1.40004 0.000190738 -0.495346 0.216487 -0.0179058 -1.56271 1.66915 -0.0070573 -0.19894 -0.00324254 0.000572213 0.39044 -0.250115 -0.00164773 -0.197032 0.00133516 0.000190738 0.393111 -0.249621 0.000448977 
23 -0.00782013 0.00972748 0.247005 -1.40004 0.000190738 -0.495346 0.21725 -0.0179058 -1.55623 1.66915 -0.0070573 -0.19894 -0.00324254 0.000572213 0.39044 -0.250115 -0.00164773 -0.197032 0.00133516 0.000190738 0.393111 -0.249621 0.000448977 
23 -0.00782013 0.00972748 0.247005 -1.40004 0.000190738 -0.495346 0.217632 -0.0182872 -1.54936 1.66915 -0.0070573 -0.19894 -0.00324254 0.000572213 0.39044 -0.250115 -0.00164773 -0.197032 0.00133516 0.000190738 0.392729 -0.249621 0.000448977 
23 -0.00782013 0.00972748 0.247005 -1.40004 0.000190738 -0.495346 0.218395 -0.0182872 -1.5425 1.66915 -0.0070573 -0.19894 -0.00324254 0.000572213 0.39044 -0.250115 -0.00164773 -0.197032 0.00133516 0.000190738 0.392729 -0.249621 0.000448977 
23 -0.00782013 0.00972748 0.247005 -1.40004 0.000190738 -0.495346 0.219158 -0.0186687 -1.53525 1.66915 -0.00743877 -0.19894 -0.00324254 0.000572213 0.39044 -0.250115 -0.00164773 -0.197032 0.00133516 0.000190738 0.392729 -0.249621 0.000448977 
23 -0.00782013 0.00972748 0.247005 -1.40004 0.000190738 -0.495346 0.219921 -0.0186687 -1.52838 1.66915 -0.00743877 -0.19894 -0.00324254 0.000572213 0.39044 -0.250115 -0.00164773 -0.197032 0.00133516 0.000190738 0.392729 -0.249621 0.000448977 
23 -0.00782013 0.00972748 0.247005 -1.40004 0.000190738 -0.495346 0.220684 -0.0190502 -1.52113 1.66915 -0.00743877 -0.19894 -0.00324254 0.000572213 0.39044 -0.250115 -0.00164773 -0.197032 0.00133516 0.000190738 0.392729 -0.249621 0.000448977 
23 -0.00782013 0.00972748 0.247005 -1.40004 0.000190738 -0.495346 0.221828 -0.0190502 -1.51389 1.66915 -0.00743877 -0.19894 -0.00324254 0.000572213 0.39044 -0.250115 -0.00164773 -0.197032 0.00133516 0.000190738 0.392729 -0.249621 0.000448977 
23 -0.00782013 0.00972748 0.247005 -1.40004 0.000190738 -0.495346 0.222591 -0.0194317 -1.50702 1.66915 -0.00743877 -0.19894 -0.00324254 0.000572213 0.39044 -0.250115 -0.00164773 -0.197032 0.00133516 0.000190738 0.392729 -0.249621 0.000448977 
23 -0.00782013 0.00972748 0.247005 -1.40004 0.000190738 -0.495346 0.223354 -0.0198131 -1.49977 1.66915 -0.00782025 -0.19894 -0.00324254 0.000572213 0.39044 -0.250115 -0.00164773 -0.197032 0.00133516 0.000190738 0.392729 -0.249621 0.000448977 
23 -0.00782013 0.00972748 0.247005 -1.40004 0.000190738 -0.495346 0.224117 -0.0201946 -1.49252 1.66915 -0.00782025 -0.19894 -0.00324254 0.000572213 0.39044 -0.250115 -0.00164773 -0.197032 0.00133516 0.000190738 0.392729 -0.249621 0.000448977 
23 -0.00782013 0.00972748 0.247005 -1.40004 0.000190738 -0.495346 0.22488 -0.0205761 -1.48489 1.66953 -0.00782025 -0.19894 -0.00324254 0.000572213 0.39044 -0.250115 -0.00164773 -0.197032 0.00133516 0.000190738 0.392729 -0.249621 0.000448977 
23 -0.00782013 0.00972748 0.247005 -1.40004 0.000190738 -0.495346 0.225643 -0.0213391 -1.47726 1.66953 -0.00782025 -0.19894 -0.00324254 0.000572213 0.39044 -0.250115 -0.00164773 -0.197032 0.00133516 0.000190738 0.392729 -0.249621 0.000448977 
23 -0.00782013 0.00972748 0.247005 -1.40004 0.000190738 -0.495346 0.226787 -0.0217205 -1.47002 1.66953 -0.00782025 -0.19894 -0.00324254 0.000572213 0.39044 -0.250115 -0.00164773 -0.197032 0.00133516 0.000190738 0.392729 -0.249621 0.000448977 
23 -0.00782013 0.00972748 0.247005 -1.40004 0.000190738 -0.495346 0.22755 -0.022102 -1.46239 1.66953 -0.00782025 -0.19894 -0.00324254 0.000572213 0.39044 -0.250115 -0.00164773 -0.197032 0.00133516 0.000190738 0.392729 -0.249621 0.000448977 
23 -0.00782013 0.00972748 0.247005 -1.40004 0.000190738 -0.495346 0.228695 -0.0224835 -1.45476 1.66953 -0.00782025 -0.19894 -0.00324254 0.000572213 0.39044 -0.250115 -0.00164773 -0.197032 0.00133516 0.000190738 0.392729 -0.249621 0.000448977 
23 -0.00782013 0.00972748 0.246624 -1.40004 0.000190738 -0.495346 0.229458 -0.0228649 -1.44713 1.66953 -0.00782025 -0.19894 -0.00324254 0.000572213 0.39044 -0.250115 -0.00164773 -0.197032 0.00133516 0.000190738 0.392729 -0.249621 0.000448977 
23 -0.00782013 0.00972748 0.247005 -1.40004 0.000190738 -0.495346 0.23022 -0.0232464 -1.43912 1.66953 -0.00782025 -0.19894 -0.00324254 0.000572213 0.39044 -0.250115 -0.00164773 -0.197032 0.00133516 0.000190738 0.392729 -0.249621 0.000448977 
23 -0.00782013 0.00972748 0.247005 -1.40004 0.000190738 -0.495346 0.230983 -0.0236279 -1.43187 1.66953 -0.00782025 -0.19894 -0.00324254 0.000572213 0.39044 -0.250115 -0.00164773 -0.197032 0.00133516 0.000190738 0.392729 -0.249621 0.000448977 
23 -0.00782013 0.00972748 0.246624 -1.40004 0.000190738 -0.495346 0.231746 -0.0240093 -1.42386 1.66953 -0.00782025 -0.19894 -0.00324254 0.000572213 0.39044 -0.250115 -0.00164773 -0.197032 0.00133516 0.000190738 0.392729 -0.249621 0.000448977 
23 -0.00782013 0.00972748 0.246624 -1.40004 0.000190738 -0.495346 0.232509 -0.0243908 -1.41623 1.66953 -0.00782025 -0.19894 -0.00324254 0.000572213 0.39044 -0.250115 -0.00164773 -0.197032 0.00133516 0.000190738 0.392729 -0.249621 0.000448977 
23 -0.00782013 0.00972748 0.246624 -1.40004 0.000190738 -0.495346 0.233654 -0.0247723 -1.40784 1.66953 -0.00782025 -0.19894 -0.00324254 0.000572213 0.39044 -0.250115 -0.00164773 -0.197032 0.00133516 0.000190738 0.392729 -0.249621 0.000448977 
23 -0.00782013 0.00972748 0.246624 -1.40004 0.000190738 -0.495346 0.234798 -0.0251538 -1.39982 1.66953 -0.00782025 -0.19894 -0.00324254 0.000572213 0.39044 -0.250115 -0.00164773 -0.197032 0.00133516 0.000190738 0.392729 -0.249621 0.000448977 
23 -0.00782013 0.00972748 0.246624 -1.40004 0.000190738 -0.495346 0.235943 -0.0255353 -1.39219 1.66953 -0.00782025 -0.19894 -0.00324254 0.000572213 0.39044 -0.250115 -0.00164773 -0.197032 0.00133516 0.000190738 0.392729 -0.249621 0.000448977 
23 -0.00782013 0.00972748 0.246624 -1.40004 0.000190738 -0.495346 0.236706 -0.0262982 -1.3838 1.66991 -0.00782025 -0.19894 -0.00324254 0.000572213 0.39044 -0.250115 -0.00164773 -0.197032 0.00133516 0.000190738 0.392729 -0.249621 0.000448977 
23 -0.00782013 0.00972748 0.246624 -1.40004 0.000190738 -0.495346 0.237469 -0.0270612 -1.37579 1.66991 -0.00782025 -0.19894 -0.00324254 0.000572213 0.39044 -0.250115 -0.00164773 -0.197032 0.00133516 0.000190738 0.392729 -0.249621 0.000448977 
23 -0.00782013 0.00972748 0.246624 -1.40004 0.000190738 -0.495346 0.238231 -0.0278241 -1.36778 1.66991 -0.00782025 -0.19894 -0.00324254 0.000572213 0.39044 -0.250115 -0.00164773 -0.197032 0.00133516 0.000190738 0.392729 -0.249621 0.000448977 
23 -0.00782013 0.00972748 0.246624 -1.40004 0.000190738 -0.495346 0.239376 -0.028587 -1.35939 1.66991 -0.00820172 -0.19894 -0.00324254 0.000572213 0.39044 -0.250115 -0.00164773 -0.197032 0.00133516 0.000190738 0.392729 -0.249621 0.000448977 
23 -0.00782013 0.00972748 0.246624 -1.40004 0.000190738 -0.495346 0.24052 -0.02935 -1.351 1.66991 -0.00820172 -0.19894 -0.00324254 0.000572213 0.39044 -0.250115 -0.00164773 -0.197032 0.00133516 0.000190738 0.392729 -0.249621 0.000448977 
23 -0.00782013 0.00972748 0.246624 -1.40004 0.000190738 -0.495346 0.241283 -0.0297315 -1.34298 1.66991 -0.00820172 -0.19894 -0.00324254 0.000572213 0.39044 -0.250115 -0.00164773 -0.197032 0.00133516 0.000190738 0.392729 -0.249621 0.000448977 
23 -0.00782013 0.00972748 0.246624 -1.40004 0.000190738 -0.495346 0.242428 -0.030113 -1.33459 1.66991 -0.00820172 -0.19894 -0.00324254 0.000572213 0.39044 -0.250115 -0.00164773 -0.197032 0.00133516 0.000190738 0.392729 -0.249621 0.000448977 
23 -0.00782013 0.00972748 0.246624 -1.40004 0.000190738 -0.495346 0.243191 -0.0304945 -1.32658 1.66991 -0.00820172 -0.19894 -0.00324254 0.000572213 0.39044 -0.250115 -0.00164773 -0.197032 0.00133516 0.000190738 0.392729 -0.249621 0.000448977 
23 -0.00782013 0.00972748 0.246624 -1.40004 0.000190738 -0.495346 0.243954 -0.0312574 -1.31819 1.66991 -0.00820172 -0.19894 -0.00324254 0.000572213 0.39044 -0.250115 -0.00164773 -0.197032 0.00133516 0.000190738 0.392729 -0.249621 0.000448977 
23 -0.00782013 0.00972748 0.246624 -1.40004 0.000190738 -0.495346 0.244335 -0.0316389 -1.31018 1.66991 -0.00820172 -0.19894 -0.00324254 0.000572213 0.39044 -0.250115 -0.00164773 -0.197032 0.00133516 0.000190738 0.392729 -0.249621 0.000448977 
23 -0.00782013 0.00972748 0.246624 -1.40004 0.000190738 -0.495346 0.24548 -0.0320203 -1.3014 1.66991 -0.0085832 -0.19894 -0.00324254 0.000572213 0.39044 -0.250115 -0.00164773 -0.197032 0.00133516 0.000190738 0.392729 -0.249621 0.000448977 
23 -0.00782013 0.00972748 0.246624 -1.40004 0.000190738 -0.495346 0.246624 -0.0331648 -1.29339 1.66991 -0.0085832 -0.19894 -0.00324254 0.000572213 0.39044 -0.250115 -0.00164773 -0.197032 0.00133516 0.000190738 0.392729 -0.249621 0.000448977 
23 -0.00782013 0.00972748 0.246624 -1.40004 0.000190738 -0.495346 0.247387 -0.0343092 -1.285 1.66991 -0.0085832 -0.19894 -0.00324254 0.000572213 0.39044 -0.250115 -0.00164773 -0.197032 0.00133516 0.000190738 0.392729 -0.249621 0.000448977 
23 -0.00782013 0.00972748 0.246624 -1.40004 0.000190738 -0.495346 0.24815 -0.0350721 -1.27699 1.66991 -0.0085832 -0.19894 -0.00324254 0.000572213 0.39044 -0.250115 -0.00164773 -0.197032 0.00133516 0.000190738 0.392729 -0.249621 0.000448977 
23 -0.00782013 0.00972748 0.246624 -1.40004 0.000190738 -0.495346 0.248913 -0.0354536 -1.26936 1.66991 -0.00896468 -0.19894 -0.00324254 0.000572213 0.39044 -0.250115 -0.00164773 -0.197032 0.00133516 0.000190738 0.392729 -0.249621 0.000448977 
23 -0.00782013 0.00972748 0.246624 -1.40004 0.000190738 -0.495346 0.249294 -0.0358351 -1.26059 1.66991 -0.00896468 -0.19894 -0.00324254 0.000572213 0.39044 -0.250115 -0.00164773 -0.197032 0.00133516 0.000190738 0.392729 -0.249621 0.000448977 
23 -0.00782013 0.00972748 0.246624 -1.40004 0.000190738 -0.495346 0.250057 -0.036598 -1.25257 1.66991 -0.00896468 -0.19894 -0.00324254 0.000572213 0.39044 -0.250115 -0.00164773 -0.197032 0.00133516 0.000190738 0.392729 -0.249621 0.000448977 
23 -0.00782013 0.00972748 0.246624 -1.40004 0.000190738 -0.495346 0.250439 -0.0369796 -1.24456 1.66991 -0.00934615 -0.19894 -0.00324254 0.000572213 0.39044 -0.250115 -0.00164773 -0.197032 0.00133516 0.000190738 0.392729 -0.249621 0.000448977 
23 -0.00782013 0.00972748 0.246624 -1.40004 0.000190738 -0.495346 0.251202 -0.0377425 -1.23617 1.66991 -0.00934615 -0.19894 -0.00324254 0.000572213 0.39044 -0.250115 -0.00164773 -0.197032 0.00133516 0.000190738 0.392729 -0.249621 0.000448977 
23 -0.00782013 0.00972748 0.246624 -1.40004 0.000190738 -0.495346 0.251965 -0.038124 -1.22816 1.66991 -0.00934615 -0.19894 -0.00324254 0.000572213 0.39044 -0.250115 -0.00164773 -0.197032 0.00133516 0.000190738 0.392729 -0.249621 0.000448977 
23 -0.00782013 0.0101089 0.246624 -1.40004 0.000190738 -0.495346 0.252728 -0.0388869 -1.22053 1.66991 -0.00972763 -0.19894 -0.00324254 0.000572213 0.39044 -0.250115 -0.00164773 -0.197032 0.00133516 0.000190738 0.392729 -0.249621 0.000448977 
23 -0.00782013 0.00972748 0.246624 -1.40004 0.000190738 -0.495346 0.253491 -0.0396498 -1.21252 1.66991 -0.00972763 -0.19894 -0.00324254 0.000572213 0.39044 -0.250115 -0.00164773 -0.197032 0.00133516 0.000190738 0.392729 -0.249621 0.000448977 
23 -0.00782013 0.00972748 0.246624 -1.40004 0.000190738 -0.495346 0.253872 -0.0407943 -1.20451 1.66991 -0.00972763 -0.19894 -0.00324254 0.000572213 0.39044 -0.250115 -0.00164773 -0.197032 0.00133516 0.000190738 0.392729 -0.249621 0.000448977 
23 -0.00782013 0.00972748 0.246624 -1.40004 0.000190738 -0.495346 0.254253 -0.0415573 -1.1965 1.66991 -0.00972763 -0.19894 -0.00324254 0.000572213 0.39044 -0.250115 -0.00164773 -0.197032 0.00133516 0.000190738 0.392729 -0.249621 0.000448977 
23 -0.00782013 0.00972748 0.246624 -1.40004 0.000190738 -0.495346 0.254635 -0.0419387 -1.18887 1.66991 -0.0101091 -0.19894 -0.00324254 0.000572213 0.39044 -0.250115 -0.00164773 -0.197032 0.00133516 0.000190738 0.392729 -0.249621 0.000448977 
23 -0.00782013 0.00972748 0.246624 -1.40004 0.000190738 -0.495346 0.255016 -0.0427017 -1.18124 1.66991 -0.0101091 -0.19894 -0.00324254 0.000572213 0.39044 -0.250115 -0.00164773 -0.197032 0.00133516 0.000190738 0.392729 -0.249621 0.000448977 
23 -0.00782013 0.00972748 0.246624 -1.40004 0.000190738 -0.495346 0.255398 -0.0430831 -1.17323 1.66991 -0.0101091 -0.19894 -0.00324254 0.000572213 0.39044 -0.250115 -0.00164773 -0.197032 0.00133516 0.000190738 0.392729 -0.249621 0.000448977 
23 -0.00782013 0.00972748 0.246624 -1.40004 0.000190738 -0.495346 0.255779 -0.0438461 -1.16598 1.66991 -0.0104906 -0.19894 -0.00324254 0.000572213 0.39044 -0.250115 -0.00164773 -0.197032 0.00133516 0.000190738 0.392729 -0.249621 0.000448977 
23 -0.00782013 0.00972748 0.246624 -1.40004 0.000190738 -0.495346 0.255779 -0.0442275 -1.15835 1.67029 -0.0104906 -0.19894 -0.00324254 0.000572213 0.39044 -0.250115 -0.00164773 -0.197032 0.00133516 0.000190738 0.392729 -0.249621 0.000448977 
23 -0.00782013 0.00972748 0.246624 -1.40004 0.000190738 -0.495346 0.256161 -0.0449905 -1.1511 1.67029 -0.0104906 -0.19894 -0.00324254 0.000572213 0.39044 -0.250115 -0.00164773 -0.197032 0.00133516 0.000190738 0.392729 -0.249621 0.000448977 
23 -0.00782013 0.00972748 0.246624 -1.40004 0.000190738 -0.495346 0.256161 -0.0461349 -1.14385 1.67029 -0.0108721 -0.19894 -0.00324254 0.000572213 0.39044 -0.250115 -0.00164773 -0.197032 0.00133516 0.000190738 0.392729 -0.249621 0.000448977 
23 -0.00782013 0.00972748 0.246624 -1.40004 0.000190738 -0.495346 0.256542 -0.0472794 -1.13622 1.67029 -0.0108721 -0.19894 -0.00324254 0.000572213 0.39044 -0.250115 -0.00164773 -0.197032 0.00133516 0.000190738 0.392729 -0.249621 0.000448977 
23 -0.00782013 0.00972748 0.246624 -1.40004 0.000190738 -0.495346 0.256542 -0.0476608 -1.12898 1.67029 -0.0108721 -0.19894 -0.00324254 0.000572213 0.39044 -0.250115 -0.00164773 -0.197032 0.00133516 0.000190738 0.392729 -0.249621 0.000448977 
23 -0.00782013 0.00972748 0.246624 -1.40004 0.000190738 -0.495346 0.256542 -0.0480423 -1.12173 1.67067 -0.0112535 -0.19894 -0.00324254 0.000572213 0.39044 -0.250115 -0.00164773 -0.197032 0.00133516 0.000190738 0.392729 -0.249621 0.000448977 
23 -0.00782013 0.00972748 0.246624 -1.40004 0.000190738 -0.495346 0.256542 -0.0488053 -1.11486 1.67067 -0.0112535 -0.19894 -0.00324254 0.000572213 0.39044 -0.250115 -0.00164773 -0.197032 0.00133516 0.000190738 0.392729 -0.249621 0.000448977 
23 -0.00782013 0.00972748 0.246624 -1.40004 0.000190738 -0.495346 0.256542 -0.0491868 -1.108 1.67067 -0.0112535 -0.19894 -0.00324254 0.000572213 0.39044 -0.250115 -0.00164773 -0.197032 0.00133516 0.000190738 0.392729 -0.249621 0.000448977 
23 -0.00782013 0.00972748 0.246624 -1.40004 0.000190738 -0.495346 0.256924 -0.0499497 -1.10113 1.67067 -0.011635 -0.19894 -0.00324254 0.000572213 0.39044 -0.250115 -0.00164773 -0.197032 0.00133516 0.000190738 0.392729 -0.249621 0.000448977 
23 -0.00782013 0.00972748 0.246624 -1.40004 0.000190738 -0.495346 0.256924 -0.0503312 -1.09464 1.67067 -0.011635 -0.19894 -0.00324254 0.000572213 0.39044 -0.250115 -0.00164773 -0.197032 0.00133516 0.000190738 0.392729 -0.249621 0.000448977 
23 -0.00782013 0.00972748 0.246624 -1.40004 0.000190738 -0.495346 0.256542 -0.0510941 -1.08778 1.67067 -0.011635 -0.19894 -0.00324254 0.000572213 0.39044 -0.250115 -0.00164773 -0.197032 0.00133516 0.000190738 0.392729 -0.249621 0.000448977 
23 -0.00743866 0.00972748 0.246624 -1.40004 0.000190738 -0.495346 0.256542 -0.0518571 -1.08167 1.67105 -0.0120165 -0.19894 -0.00324254 0.000572213 0.39044 -0.250115 -0.00164773 -0.197032 0.00133516 0.000190738 0.392729 -0.249621 0.000448977 
23 -0.00782013 0.00972748 0.246624 -1.40004 0.000190738 -0.495346 0.256542 -0.0530015 -1.07481 1.67105 -0.0120165 -0.19894 -0.00324254 0.000572213 0.39044 -0.250115 -0.00164773 -0.197032 0.00133516 0.000190738 0.392729 -0.249621 0.000448977 
23 -0.00782013 0.00972748 0.246624 -1.40004 0.000190738 -0.495346 0.256542 -0.0537645 -1.0687 1.67105 -0.0120165 -0.19894 -0.00324254 0.000572213 0.39044 -0.250115 -0.00164773 -0.197032 0.00133516 0.000190738 0.392729 -0.249621 0.000448977 
23 -0.00782013 0.00972748 0.246624 -1.40004 0.000190738 -0.495346 0.256542 -0.0541459 -1.06222 1.67105 -0.012398 -0.19894 -0.00324254 0.000572213 0.39044 -0.250115 -0.00164773 -0.197032 0.00133516 0.000190738 0.392729 -0.249621 0.000448977 
23 -0.00782013 0.00972748 0.246624 -1.40004 0.000190738 -0.495346 0.256542 -0.0549089 -1.0565 1.67105 -0.012398 -0.19894 -0.00324254 0.000572213 0.39044 -0.250115 -0.00164773 -0.197032 0.00133516 0.000190738 0.392729 -0.249621 0.000448977 
23 -0.00782013 0.00972748 0.246624 -1.40004 0.000190738 -0.495346 0.256161 -0.0552903 -1.05039 1.67105 -0.012398 -0.19894 -0.00324254 0.000572213 0.39044 -0.250115 -0.00164773 -0.197032 0.00133516 0.000190738 0.392729 -0.249621 0.000448977 
23 -0.00782013 0.00972748 0.246624 -1.40004 0.000190738 -0.495346 0.256161 -0.0556718 -1.04505 1.67105 -0.012398 -0.19894 -0.00324254 0.000572213 0.39044 -0.250115 -0.00164773 -0.197032 0.00133516 0.000190738 0.392729 -0.249621 0.000448977 
23 -0.00782013 0.00972748 0.246624 -1.40004 0.000190738 -0.495346 0.256161 -0.0564348 -1.03895 1.67105 -0.0127794 -0.19894 -0.00324254 0.000572213 0.39044 -0.250115 -0.00164773 -0.197032 0.00133516 0.000190738 0.392729 -0.249621 0.000448977 
23 -0.00782013 0.00972748 0.246624 -1.40004 0.000190738 -0.495346 0.256161 -0.0568163 -1.03323 1.67105 -0.0127794 -0.19894 -0.00324254 0.000572213 0.39044 -0.250115 -0.00164773 -0.197032 0.00133516 0.000190738 0.392729 -0.249621 0.000448977 
23 -0.00782013 0.00972748 0.246624 -1.40004 0.000190738 -0.495346 0.255779 -0.0575792 -1.02789 1.67105 -0.0127794 -0.19894 -0.00324254 0.000572213 0.39044 -0.250115 -0.00164773 -0.197032 0.00133516 0.000190738 0.392729 -0.249621 0.000448977 
23 -0.00782013 0.00972748 0.246624 -1.40004 0.000190738 -0.495346 0.255779 -0.0583422 -1.02293 1.67105 -0.0127794 -0.19894 -0.00324254 0.000572213 0.39044 -0.250115 -0.00164773 -0.197032 0.00133516 0.000190738 0.392729 -0.249621 0.000448977 
23 -0.00782013 0.00972748 0.246624 -1.40004 0.000190738 -0.495346 0.255779 -0.0591051 -1.01759 1.67105 -0.0127794 -0.19894 -0.00324254 0.000572213 0.39044 -0.250115 -0.00164773 -0.197032 0.00133516 0.000190738 0.392729 -0.249621 0.000448977 
23 -0.00782013 0.00972748 0.246624 -1.40004 0.000190738 -0.495346 0.255398 -0.059868 -1.01263 1.67105 -0.0127794 -0.19894 -0.00324254 0.000572213 0.39044 -0.250115 -0.00164773 -0.197032 0.00133516 0.000190738 0.392729 -0.249621 0.000448977 
23 -0.00782013 0.00972748 0.246624 -1.40004 0.000190738 -0.495346 0.255398 -0.0602495 -1.00805 1.67105 -0.0127794 -0.19894 -0.00324254 0.000572213 0.39044 -0.250115 -0.00164773 -0.197032 0.00133516 0.000190738 0.392729 -0.249621 0.000448977 
23 -0.00782013 0.00972748 0.246624 -1.40004 0.000190738 -0.495346 0.255016 -0.060631 -1.00309 1.67105 -0.0127794 -0.19894 -0.00324254 0.000572213 0.39044 -0.250115 -0.00164773 -0.197032 0.00133516 0.000190738 0.392729 -0.249621 0.000448977 
23 -0.00782013 0.00972748 0.246624 -1.40004 0.000190738 -0.495346 0.255016 -0.0610125 -0.998894 1.67105 -0.0127794 -0.19894 -0.00324254 0.000572213 0.39044 -0.250115 -0.00164773 -0.197032 0.00133516 0.000190738 0.392729 -0.249621 0.000448977 
23 -0.00782013 0.00972748 0.246624 -1.40004 0.000190738 -0.495346 0.254635 -0.061394 -0.994316 1.67105 -0.0127794 -0.19894 -0.00324254 0.000572213 0.39044 -0.250115 -0.00164773 -0.197032 0.00133516 0.000190738 0.392729 -0.249621 0.000448977 
23 -0.00782013 0.00972748 0.246624 -1.40004 0.000190738 -0.495346 0.254253 -0.0621569 -0.989738 1.67105 -0.0127794 -0.19894 -0.00324254 0.000572213 0.39044 -0.250115 -0.00164773 -0.197032 0.00133516 0.000190738 0.392729 -0.249621 0.000448977 
23 -0.00782013 0.00972748 0.246624 -1.40004 0.000190738 -0.495346 0.254253 -0.0625384 -0.985924 1.67105 -0.0127794 -0.19894 -0.00324254 0.000572213 0.39044 -0.250115 -0.00164773 -0.197032 0.00133516 0.000190738 0.392729 -0.249621 0.000448977 
23 -0.00782013 0.00972748 0.246624 -1.40004 0.000190738 -0.495346 0.253872 -0.0629199 -0.98249 1.67105 -0.0127794 -0.19894 -0.00324254 0.000572213 0.39044 -0.250115 -0.00164773 -0.197032 0.00133516 0.000190738 0.392729 -0.249621 0.000448977 
23 -0.00782013 0.00972748 0.246624 -1.40004 0.000190738 -0.495346 0.253491 -0.0633013 -0.978294 1.67105 -0.0127794 -0.19894 -0.00324254 0.000572213 0.39044 -0.250115 -0.00164773 -0.197032 0.00133516 0.000190738 0.392729 -0.249621 0.000448977 
23 -0.00782013 0.00972748 0.246624 -1.40004 0.000190738 -0.495346 0.253491 -0.0636828 -0.974861 1.67105 -0.0127794 -0.19894 -0.00324254 0.000572213 0.39044 -0.250115 -0.00164773 -0.197032 0.00133516 0.000190738 0.392729 -0.249621 0.000448977 
23 -0.00782013 0.00972748 0.246624 -1.40004 0.000190738 -0.495346 0.252728 -0.0640643 -0.971428 1.67105 -0.012398 -0.19894 -0.00324254 0.000572213 0.39044 -0.250115 -0.00164773 -0.197032 0.00133516 0.000190738 0.392729 -0.249621 0.000448977 
23 -0.00782013 0.00972748 0.246624 -1.40004 0.000190738 -0.495346 0.252346 -0.0648273 -0.968376 1.67105 -0.012398 -0.19894 -0.00324254 0.000572213 0.39044 -0.250115 -0.00164773 -0.197032 0.00133516 0.000190738 0.392729 -0.249621 0.000448977 
23 -0.00782013 0.00972748 0.246624 -1.40004 0.000190738 -0.495346 0.251965 -0.0652087 -0.965324 1.67105 -0.012398 -0.19894 -0.00324254 0.000572213 0.39044 -0.250115 -0.00164773 -0.197032 0.00133516 0.000190738 0.392729 -0.249621 0.000448977 
23 -0.00782013 0.00972748 0.246624 -1.40004 0.000190738 -0.495346 0.251202 -0.0659717 -0.962272 1.67105 -0.012398 -0.19894 -0.00324254 0.000572213 0.39044 -0.250115 -0.00164773 -0.197032 0.00133516 0.000190738 0.392729 -0.249621 0.000448977 
23 -0.00782013 0.00972748 0.246624 -1.40004 0.000190738 -0.495346 0.25082 -0.0663531 -0.959983 1.67105 -0.012398 -0.19894 -0.00324254 0.000572213 0.39044 -0.250115 -0.00164773 -0.197032 0.00133516 0.000190738 0.392729 -0.249621 0.000448977 
23 -0.00782013 0.00972748 0.246624 -1.40004 0.000190738 -0.495346 0.250439 -0.0663531 -0.957694 1.67105 -0.012398 -0.19894 -0.00324254 0.000572213 0.39044 -0.250115 -0.00164773 -0.197032 0.00133516 0.000190738 0.392729 -0.249621 0.000448977 
23 -0.00782013 0.00972748 0.246624 -1.40004 0.000190738 -0.495346 0.250057 -0.0667346 -0.955406 1.67105 -0.012398 -0.19894 -0.00324254 0.000572213 0.39044 -0.250115 -0.00164773 -0.197032 0.00133516 0.000190738 0.392729 -0.249621 0.000448977 
23 -0.00782013 0.00972748 0.246624 -1.40004 0.000190738 -0.495346 0.249294 -0.0671161 -0.952735 1.67105 -0.0120165 -0.19894 -0.00324254 0.000572213 0.39044 -0.250115 -0.00164773 -0.197032 0.00133516 0.000190738 0.392729 -0.249621 0.000448977 
23 -0.00782013 0.00972748 0.246624 -1.40004 0.000190738 -0.495346 0.248913 -0.0671161 -0.951209 1.67105 -0.0120165 -0.19894 -0.00324254 0.000572213 0.39044 -0.250115 -0.00164773 -0.197032 0.00133516 0.000190738 0.392729 -0.249621 0.000448977 
23 -0.00782013 0.00972748 0.246624 -1.40004 0.000190738 -0.495346 0.24815 -0.0674976 -0.949302 1.67105 -0.0120165 -0.19894 -0.00324254 0.000572213 0.39044 -0.250115 -0.00164773 -0.197032 0.00133516 0.000190738 0.392729 -0.249621 0.000448977 
23 -0.00782013 0.00972748 0.246624 -1.40004 0.000190738 -0.495346 0.247387 -0.0674976 -0.947776 1.67105 -0.0120165 -0.19894 -0.00324254 0.000572213 0.39044 -0.250115 -0.00164773 -0.197032 0.00133516 0.000190738 0.392729 -0.249621 0.000448977 
23 -0.00782013 0.00972748 0.246624 -1.40004 0.000190738 -0.495346 0.246624 -0.067879 -0.94625 1.67105 -0.011635 -0.19894 -0.00324254 0.000572213 0.39044 -0.250115 -0.00164773 -0.197032 0.00133516 0.000190738 0.392729 -0.249621 0.000448977 
23 -0.00782013 0.00972748 0.246624 -1.40004 0.000190738 -0.495346 0.245861 -0.067879 -0.945106 1.67105 -0.011635 -0.19894 -0.00324254 0.000572213 0.39044 -0.250115 -0.00164773 -0.197032 0.00133516 0.000190738 0.392729 -0.249621 0.000448977 
23 -0.00782013 0.00972748 0.246624 -1.40004 0.000190738 -0.495346 0.244717 -0.067879 -0.943961 1.67105 -0.011635 -0.19894 -0.00324254 0.000572213 0.39044 -0.250115 -0.00164773 -0.197032 0.00133516 0.000190738 0.392729 -0.249621 0.000448977 
23 -0.00782013 0.00972748 0.246624 -1.40004 0.000190738 -0.495346 0.243954 -0.0682606 -0.943198 1.67105 -0.011635 -0.19894 -0.00324254 0.000572213 0.39044 -0.250115 -0.00164773 -0.197032 0.00133516 0.000190738 0.392729 -0.249621 0.000448977 
23 -0.00782013 0.00972748 0.246624 -1.40004 0.000190738 -0.495346 0.243572 -0.0682606 -0.942435 1.67105 -0.0112535 -0.19894 -0.00324254 0.000572213 0.39044 -0.250115 -0.00164773 -0.197032 0.00133516 0.000190738 0.392729 -0.249621 0.000448977 
23 -0.00782013 0.00972748 0.246624 -1.40004 0.000190738 -0.495346 0.242428 -0.0682606 -0.941672 1.67105 -0.0112535 -0.19894 -0.00324254 0.000572213 0.39044 -0.250115 -0.00164773 -0.197032 0.00133516 0.000190738 0.392729 -0.249621 0.000448977 
23 -0.00782013 0.00972748 0.246624 -1.40004 0.000190738 -0.495346 0.241665 -0.0682606 -0.941672 1.67105 -0.0112535 -0.19894 -0.00324254 0.000572213 0.39044 -0.250115 -0.00164773 -0.197032 0.00133516 0.000190738 0.392729 -0.249621 0.000448977 
23 -0.00782013 0.00972748 0.246624 -1.40004 0.000190738 -0.495346 0.24052 -0.0682606 -0.941291 1.67105 -0.0108721 -0.19894 -0.00324254 0.000572213 0.39044 -0.250115 -0.00164773 -0.197032 0.00133516 0.000190738 0.392729 -0.249621 0.000448977 
23 -0.00782013 0.00972748 0.246624 -1.40004 0.000190738 -0.495346 0.239376 -0.0682606 -0.941672 1.67105 -0.0104906 -0.19894 -0.00324254 0.000572213 0.39044 -0.250115 -0.00164773 -0.197032 0.00133516 0.000190738 0.392729 -0.249621 0.000448977 
23 -0.00782013 0.00972748 0.246624 -1.40004 0.000190738 -0.495346 0.238231 -0.0682606 -0.941672 1.67105 -0.0104906 -0.19894 -0.00324254 0.000572213 0.39044 -0.250115 -0.00164773 -0.197032 0.00133516 0.000190738 0.392729 -0.249621 0.000448977 
23 -0.00782013 0.00972748 0.246624 -1.40004 0.000190738 -0.495346 0.237469 -0.0682606 -0.942054 1.67105 -0.0101091 -0.19894 -0.00324254 0.000572213 0.39044 -0.250115 -0.00164773 -0.197032 0.00133516 0.000190738 0.392729 -0.249621 0.000448977 
23 -0.00782013 0.00972748 0.246624 -1.40004 0.000190738 -0.495346 0.236324 -0.0682606 -0.942817 1.67105 -0.0101091 -0.19894 -0.00324254 0.000572213 0.39044 -0.250115 -0.00164773 -0.197032 0.00133516 0.000190738 0.392729 -0.249621 0.000448977 
23 -0.00782013 0.00972748 0.246624 -1.40004 0.000190738 -0.495346 0.23518 -0.0682606 -0.943198 1.67105 -0.00972763 -0.19894 -0.00324254 0.000572213 0.39044 -0.250115 -0.00164773 -0.197032 0.00133516 0.000190738 0.392729 -0.249621 0.000448977 
23 -0.00782013 0.00972748 0.246624 -1.40004 0.000190738 -0.495346 0.233654 -0.0682606 -0.944343 1.67105 -0.00972763 -0.19894 -0.00324254 0.000572213 0.39044 -0.250115 -0.00164773 -0.197032 0.00133516 0.000190738 0.392729 -0.249621 0.000448977 
23 -0.00782013 0.00972748 0.246624 -1.40004 0.000190738 -0.495346 0.232128 -0.0682606 -0.945106 1.67105 -0.00934615 -0.19894 -0.00324254 0.000572213 0.39044 -0.250115 -0.00164773 -0.197032 0.00133516 0.000190738 0.392729 -0.249621 0.000448977 
23 -0.00782013 0.00972748 0.246624 -1.40004 0.000190738 -0.495346 0.231365 -0.067879 -0.945869 1.67105 -0.00896468 -0.19894 -0.00324254 0.000572213 0.39044 -0.250115 -0.00164773 -0.197032 0.00133516 0.000190738 0.392729 -0.249621 0.000448977 
23 -0.00782013 0.00972748 0.246624 -1.40004 0.000190738 -0.495346 0.23022 -0.067879 -0.947013 1.67105 -0.0085832 -0.19894 -0.00324254 0.000572213 0.39044 -0.250115 -0.00164773 -0.197032 0.00133516 0.000190738 0.392729 -0.249621 0.000448977 
23 -0.00782013 0.00972748 0.246624 -1.40004 0.000190738 -0.495346 0.228695 -0.067879 -0.948539 1.67105 -0.0085832 -0.19894 -0.00324254 0.000572213 0.39044 -0.250115 -0.00164773 -0.197032 0.00133516 0.000190738 0.392729 -0.249621 0.000448977 
23 -0.00782013 0.00972748 0.247005 -1.40004 0.000190738 -0.495346 0.227169 -0.0682606 -0.950065 1.67105 -0.00820172 -0.19894 -0.00324254 0.000572213 0.39044 -0.250115 -0.00164773 -0.197032 0.00133516 0.000190738 0.392729 -0.249621 0.000448977 
23 -0.00782013 0.00972748 0.247005 -1.40004 0.000190738 -0.495346 0.225643 -0.0682606 -0.951591 1.67105 -0.00782025 -0.19894 -0.00324254 0.000572213 0.39044 -0.250115 -0.00164773 -0.197032 0.00133516 0.000190738 0.392729 -0.249621 0.000448977 
23 -0.00782013 0.00972748 0.247005 -1.40004 0.000190738 -0.495346 0.224498 -0.067879 -0.953498 1.67105 -0.00782025 -0.19894 -0.00324254 0.000572213 0.39044 -0.250115 -0.00164773 -0.197032 0.00133516 0.000190738 0.392729 -0.249621 0.000448977 
23 -0.00782013 0.00972748 0.247005 -1.40004 0.000190738 -0.495346 0.222972 -0.067879 -0.955406 1.67105 -0.00743877 -0.19894 -0.00324254 0.000572213 0.39044 -0.250115 -0.00164773 -0.197032 0.00133516 0.000190738 0.392729 -0.249621 0.000448977 
23 -0.00782013 0.00972748 0.247005 -1.40004 0.000190738 -0.495346 0.221828 -0.067879 -0.957694 1.67105 -0.0070573 -0.19894 -0.00324254 0.000572213 0.39044 -0.250115 -0.00164773 -0.197032 0.00133516 0.000190738 0.392729 -0.249621 0.000448977 
23 -0.00782013 0.00972748 0.247005 -1.40004 0.000190738 -0.495346 0.219921 -0.067879 -0.959602 1.67105 -0.0070573 -0.19894 -0.00324254 0.000572213 0.39044 -0.250115 -0.00164773 -0.197032 0.00133516 0.000190738 0.392729 -0.249621 0.000448977 
23 -0.00782013 0.00972748 0.247005 -1.40004 0.000190738 -0.495346 0.218776 -0.067879 -0.961891 1.67105 -0.00667582 -0.19894 -0.00324254 0.000572213 0.39044 -0.250115 -0.00164773 -0.197032 0.00133516 0.000190738 0.392729 -0.249621 0.000448977 
23 -0.00782013 0.00972748 0.247005 -1.40004 0.000190738 -0.495346 0.21725 -0.067879 -0.964561 1.67105 -0.00629435 -0.19894 -0.00324254 0.000572213 0.39044 -0.250115 -0.00164773 -0.197032 0.00133516 0.000190738 0.392729 -0.249621 0.000448977 
23 -0.00782013 0.00972748 0.247005 -1.40004 0.000190738 -0.495346 0.216106 -0.067879 -0.967231 1.67105 -0.00591287 -0.19894 -0.00324254 0.000572213 0.39044 -0.250115 -0.00164773 -0.197032 0.00133516 0.000190738 0.392729 -0.249621 0.000448977 
23 -0.00782013 0.00972748 0.247005 -1.40004 0.000190738 -0.495346 0.214199 -0.067879 -0.969902 1.67067 -0.0055314 -0.19894 -0.00324254 0.000572213 0.39044 -0.250115 -0.00164773 -0.197032 0.00133516 0.000190738 0.392729 -0.249621 0.000448977 
23 -0.00782013 0.00972748 0.247005 -1.40004 0.000190738 -0.495346 0.212673 -0.067879 -0.972572 1.67067 -0.0055314 -0.19894 -0.00324254 0.000572213 0.39044 -0.250115 -0.00164773 -0.197032 0.00133516 0.000190738 0.392729 -0.249621 0.000448977 
23 -0.00782013 0.00972748 0.247005 -1.40004 0.000190738 -0.495346 0.211528 -0.067879 -0.976005 1.67067 -0.00514992 -0.19894 -0.00324254 0.000572213 0.39044 -0.250115 -0.00164773 -0.197032 0.00133516 0.000190738 0.392729 -0.249621 0.000448977 
23 -0.00782013 0.00972748 0.247005 -1.40004 0.000190738 -0.495346 0.210002 -0.067879 -0.978676 1.67067 -0.00476844 -0.19894 -0.00324254 0.000572213 0.39044 -0.250115 -0.00164773 -0.197032 0.00133516 0.000190738 0.392729 -0.249621 0.000448977 
23 -0.00782013 0.00972748 0.247005 -1.40004 0.000190738 -0.495346 0.208095 -0.067879 -0.98249 1.67067 -0.00476844 -0.19894 -0.00324254 0.000572213 0.39044 -0.250115 -0.00164773 -0.197032 0.00133516 0.000190738 0.392729 -0.249621 0.000448977 
23 -0.00782013 0.00972748 0.246624 -1.40004 0.000190738 -0.495346 0.206569 -0.067879 -0.985542 1.67067 -0.00438697 -0.19894 -0.00324254 0.000572213 0.39044 -0.250115 -0.00164773 -0.197032 0.00133516 0.000190738 0.392729 -0.249621 0.000448977 
23 -0.00782013 0.00972748 0.246624 -1.40004 0.000190738 -0.495346 0.205425 -0.067879 -0.988975 1.67067 -0.00400549 -0.19894 -0.00324254 0.000572213 0.39044 -0.250115 -0.00164773 -0.197032 0.00133516 0.000190738 0.392729 -0.249621 0.000448977 
23 -0.00782013 0.00972748 0.246624 -1.40004 0.000190738 -0.495346 0.20428 -0.067879 -0.992409 1.67029 -0.00400549 -0.19894 -0.00324254 0.000572213 0.39044 -0.250115 -0.00164773 -0.197032 0.00133516 0.000190738 0.392729 -0.249621 0.000448977 
23 -0.00782013 0.00972748 0.246624 -1.40004 0.000190738 -0.495346 0.202754 -0.067879 -0.996223 1.67029 -0.00362402 -0.19894 -0.00324254 0.000572213 0.39044 -0.250115 -0.00164773 -0.197032 0.00133516 0.000190738 0.392729 -0.249621 0.000448977 
23 -0.00782013 0.00972748 0.246624 -1.40004 0.000190738 -0.495346 0.200847 -0.067879 -0.999657 1.67029 -0.00362402 -0.19894 -0.00324254 0.000572213 0.39044 -0.250115 -0.00164773 -0.197032 0.00133516 0.000190738 0.392729 -0.249621 0.000448977 
23 -0.00782013 0.00972748 0.246624 -1.40004 0.000190738 -0.495346 0.199702 -0.0674976 -1.00347 1.66991 -0.00324254 -0.19894 -0.00324254 0.000572213 0.39044 -0.250115 -0.00164773 -0.197032 0.00133516 0.000190738 0.392729 -0.249621 0.000448977 
23 -0.00782013 0.00972748 0.246624 -1.40004 0.000190738 -0.495346 0.198558 -0.0674976 -1.00767 1.66991 -0.00324254 -0.19894 -0.00324254 0.000572213 0.39044 -0.250115 -0.00164773 -0.197032 0.00133516 0.000190738 0.392729 -0.249621 0.000448977 
23 -0.00782013 0.00972748 0.246624 -1.40004 0.000190738 -0.495346 0.197032 -0.0674976 -1.01148 1.66953 -0.00286107 -0.19894 -0.00324254 0.000572213 0.39044 -0.250115 -0.00164773 -0.197032 0.00133516 0.000190738 0.392729 -0.249621 0.000448977 
23 -0.00782013 0.00972748 0.246624 -1.40004 0.000190738 -0.495346 0.195125 -0.0674976 -1.0153 1.66953 -0.00286107 -0.19894 -0.00324254 0.000572213 0.39044 -0.250115 -0.00164773 -0.197032 0.00133516 0.000190738 0.392729 -0.249621 0.000448977 
23 -0.00782013 0.00972748 0.246624 -1.40004 0.000190738 -0.495346 0.19398 -0.0674976 -1.01987 1.66915 -0.00247959 -0.19894 -0.00324254 0.000572213 0.39044 -0.250115 -0.00164773 -0.197032 0.00133516 0.000190738 0.392729 -0.249621 0.000448977 
23 -0.00782013 0.00972748 0.246624 -1.40004 0.000190738 -0.495346 0.192454 -0.0674976 -1.02369 1.66915 -0.00247959 -0.19894 -0.00324254 0.000572213 0.39044 -0.250115 -0.00164773 -0.197032 0.00133516 0.000190738 0.392729 -0.249621 0.000448977 
23 -0.00782013 0.00972748 0.246624 -1.40004 0.000190738 -0.495346 0.19131 -0.0674976 -1.02827 1.66876 -0.00209812 -0.19894 -0.00324254 0.000572213 0.39044 -0.250115 -0.00164773 -0.197032 0.00133516 0.000190738 0.392729 -0.249621 0.000448977 
23 -0.00782013 0.00972748 0.246624 -1.40004 0.000190738 -0.495346 0.189784 -0.0674976 -1.03285 1.66838 -0.00209812 -0.19894 -0.00324254 0.000572213 0.39044 -0.250115 -0.00164773 -0.197032 0.00133516 0.000190738 0.392729 -0.249621 0.000448977 
23 -0.00782013 0.00972748 0.246624 -1.40004 0.000190738 -0.495346 0.188258 -0.0674976 -1.03704 1.668 -0.00171664 -0.19894 -0.00324254 0.000572213 0.39044 -0.250115 -0.00164773 -0.197032 0.00133516 0.000190738 0.392729 -0.249621 0.000448977 
23 -0.00782013 0.00972748 0.246624 -1.40004 0.000190738 -0.495346 0.186732 -0.0671161 -1.042 1.66762 -0.00171664 -0.19894 -0.00324254 0.000572213 0.39044 -0.250115 -0.00164773 -0.197032 0.00133516 0.000190738 0.392729 -0.249621 0.000448977 
23 -0.00782013 0.00972748 0.246624 -1.40004 0.000190738 -0.495346 0.185588 -0.0671161 -1.04658 1.66724 -0.00133516 -0.19894 -0.00324254 0.000572213 0.39044 -0.250115 -0.00164773 -0.197032 0.00133516 0.000190738 0.392729 -0.249621 0.000448977 
23 -0.00782013 0.00972748 0.246624 -1.40004 0.000190738 -0.495346 0.184062 -0.0671161 -1.05154 1.66648 -0.00133516 -0.19894 -0.00324254 0.000572213 0.39044 -0.250115 -0.00164773 -0.197032 0.00133516 0.000190738 0.392729 -0.249621 0.000448977 
23 -0.00782013 0.00972748 0.246624 -1.40004 0.000190738 -0.495346 0.182155 -0.0671161 -1.0565 1.66571 -0.00133516 -0.19894 -0.00324254 0.000572213 0.39044 -0.250115 -0.00164773 -0.197032 0.00133516 0.000190738 0.392729 -0.249621 0.000448977 
23 -0.00782013 0.00972748 0.246624 -1.40004 0.000190738 -0.495346 0.18101 -0.0667346 -1.06107 1.66495 -0.000953689 -0.19894 -0.00324254 0.000572213 0.39044 -0.250115 -0.00164773 -0.197032 0.00133516 0.000190738 0.392729 -0.249621 0.000448977 
23 -0.00782013 0.00972748 0.246624 -1.40004 0.000190738 -0.495346 0.179866 -0.0667346 -1.06603 1.66457 -0.000953689 -0.19894 -0.00324254 0.000572213 0.39044 -0.250115 -0.00164773 -0.197032 0.00133516 0.000190738 0.392729 -0.249621 0.000448977 
23 -0.00782013 0.00972748 0.246624 -1.40004 0.000190738 -0.495346 0.17834 -0.0667346 -1.07137 1.66381 -0.000953689 -0.19894 -0.00324254 0.000572213 0.39044 -0.250115 -0.00164773 -0.197032 0.00133516 0.000190738 0.392729 -0.249621 0.000448977 
23 -0.00782013 0.00972748 0.246624 -1.40004 0.000190738 -0.495346 0.176814 -0.0663531 -1.07671 1.66342 -0.000953689 -0.19894 -0.00324254 0.000572213 0.39044 -0.250115 -0.00164773 -0.197032 0.00133516 0.000190738 0.392729 -0.249621 0.000448977 
23 -0.00782013 0.00972748 0.246624 -1.40004 0.000190738 -0.495346 0.175288 -0.0663531 -1.08206 1.66304 -0.000953689 -0.19894 -0.00324254 0.000572213 0.39044 -0.250115 -0.00164773 -0.197032 0.00133516 0.000190738 0.392729 -0.249621 0.000448977 
23 -0.00782013 0.00972748 0.246242 -1.40004 0.000190738 -0.495346 0.173762 -0.0659717 -1.08663 1.66228 -0.000953689 -0.19894 -0.00324254 0.000572213 0.39044 -0.250115 -0.00164773 -0.197032 0.00133516 0.000190738 0.392729 -0.249621 0.000448977 
23 -0.00782013 0.00972748 0.246242 -1.40004 0.000190738 -0.495346 0.172618 -0.0655902 -1.09236 1.6619 -0.000953689 -0.19894 -0.00324254 0.000572213 0.39044 -0.250115 -0.00164773 -0.197032 0.00133516 0.000190738 0.392729 -0.249621 0.000448977 
23 -0.00782013 0.00972748 0.246242 -1.40004 0.000190738 -0.495346 0.17071 -0.0655902 -1.0977 1.66152 -0.000572213 -0.19894 -0.00324254 0.000572213 0.39044 -0.250115 -0.00164773 -0.197032 0.00133516 0.000190738 0.392729 -0.249621 0.000448977 
23 -0.00782013 0.00972748 0.246242 -1.40004 0.000190738 -0.495346 0.169184 -0.0652087 -1.10342 1.66114 -0.000572213 -0.19894 -0.00324254 0.000572213 0.39044 -0.250115 -0.00164773 -0.197032 0.00133516 0.000190738 0.392729 -0.249621 0.000448977 
23 -0.00782013 0.00972748 0.246242 -1.40004 0.000190738 -0.495346 0.16804 -0.0648273 -1.10876 1.66075 -0.000572213 -0.19894 -0.00324254 0.000572213 0.39044 -0.250115 -0.00164773 -0.197032 0.00133516 0.000190738 0.392729 -0.249621 0.000448977 
23 -0.00782013 0.00972748 0.246242 -1.40004 0.000190738 -0.495346 0.166896 -0.0644458 -1.11448 1.65999 -0.000572213 -0.19894 -0.00324254 0.000572213 0.39044 -0.250115 -0.00164773 -0.197032 0.00133516 0.000190738 0.392729 -0.249621 0.000448977 
23 -0.00782013 0.00972748 0.246242 -1.40004 0.000190738 -0.495346 0.16537 -0.0640643 -1.12058 1.65923 -0.000572213 -0.19894 -0.00324254 0.000572213 0.39044 -0.250115 -0.00164773 -0.197032 0.00133516 0.000190738 0.392729 -0.249621 0.000448977 
23 -0.00782013 0.00972748 0.246242 -1.40004 0.000190738 -0.495346 0.163462 -0.0636828 -1.12631 1.65885 -0.000190738 -0.19894 -0.00324254 0.000572213 0.39044 -0.250115 -0.00164773 -0.197032 0.00133516 0.000190738 0.392729 -0.249621 0.000448977 
23 -0.00782013 0.00972748 0.246242 -1.40004 0.000190738 -0.495346 0.162318 -0.0636828 -1.13241 1.65846 -0.000190738 -0.19894 -0.00324254 0.000572213 0.39044 -0.250115 -0.00164773 -0.197032 0.00133516 0.000190738 0.392729 -0.249621 0.000448977 
23 -0.00782013 0.00972748 0.246242 -1.40004 0.000190738 -0.495346 0.161173 -0.0633013 -1.13813 1.65808 -0.000190738 -0.19894 -0.00324254 0.000572213 0.39044 -0.250115 -0.00164773 -0.197032 0.00133516 0.000190738 0.392729 -0.249621 0.000448977 
23 -0.00782013 0.00972748 0.246242 -1.40004 0.000190738 -0.495346 0.159648 -0.0629199 -1.14424 1.65732 -0.000190738 -0.19894 -0.00324254 0.000572213 0.39044 -0.250115 -0.00164773 -0.197032 0.00133516 0.000190738 0.392729 -0.249621 0.000448977 
23 -0.00782013 0.00972748 0.246242 -1.40004 0.000190738 -0.495346 0.15774 -0.0629199 -1.14996 1.65694 -0.000190738 -0.19894 -0.00324254 0.000572213 0.39044 -0.250115 -0.00164773 -0.197032 0.00133516 0.000190738 0.392729 -0.249621 0.000448977 
23 -0.00782013 0.00972748 0.246242 -1.40004 0.000190738 -0.495346 0.156596 -0.0625384 -1.15606 1.65618 -0.000190738 -0.19894 -0.00324254 0.000572213 0.39044 -0.250115 -0.00164773 -0.197032 0.00133516 0.000190738 0.392729 -0.249621 0.000448977 
23 -0.00782013 0.00972748 0.245861 -1.40004 0.000190738 -0.495346 0.155451 -0.0625384 -1.16178 1.65579 -0.000190738 -0.19894 -0.00324254 0.000572213 0.39044 -0.250115 -0.00164773 -0.197032 0.00133516 0.000190738 0.392729 -0.249621 0.000448977 
23 -0.00782013 0.00972748 0.245861 -1.40004 0.000190738 -0.495346 0.154307 -0.0625384 -1.16827 1.65465 -0.000190738 -0.19894 -0.00324254 0.000572213 0.39044 -0.250115 -0.00164773 -0.197032 0.00133516 0.000190738 0.392729 -0.249621 0.000448977 
23 -0.00782013 0.00972748 0.245861 -1.40004 0.000190738 -0.495346 0.152781 -0.0621569 -1.17437 1.65389 -0.000190738 -0.19894 -0.00324254 0.000572213 0.39044 -0.250115 -0.00164773 -0.197032 0.00133516 0.000190738 0.392729 -0.249621 0.000448977 
23 -0.00782013 0.00972748 0.245861 -1.40004 0.000190738 -0.495346 0.151255 -0.0621569 -1.18086 1.65274 -0.000190738 -0.19894 -0.00324254 0.000572213 0.39044 -0.250115 -0.00164773 -0.197032 0.00133516 0.000190738 0.392729 -0.249621 0.000448977 
23 -0.00782013 0.00972748 0.245861 -1.40004 0.000190738 -0.495346 0.150111 -0.0617754 -1.18658 1.65198 -0.000190738 -0.19894 -0.00324254 0.000572213 0.39044 -0.250115 -0.00164773 -0.197032 0.00133516 0.000190738 0.392729 -0.249621 0.000448977 
23 -0.00782013 0.00972748 0.245861 -1.40004 0.000190738 -0.495346 0.148585 -0.0617754 -1.19306 1.65122 -0.000190738 -0.19894 -0.00324254 0.000572213 0.39044 -0.250115 -0.00164773 -0.197032 0.00133516 0.000190738 0.392729 -0.249621 0.000448977 
23 -0.00743866 0.00972748 0.245861 -1.40004 0.000190738 -0.495346 0.14744 -0.061394 -1.19955 1.65045 -0.000190738 -0.19894 -0.00324254 0.000572213 0.39044 -0.250115 -0.00164773 -0.197032 0.00133516 0.000190738 0.392729 -0.249621 0.000448977 
23 -0.00782013 0.00972748 0.245861 -1.40004 0.000190738 -0.495346 0.145533 -0.061394 -1.20603 1.64969 -0.000190738 -0.19894 -0.00324254 0.000572213 0.39044 -0.250115 -0.00164773 -0.197032 0.00133516 0.000190738 0.392729 -0.249621 0.000448977 
23 -0.00782013 0.00972748 0.245861 -1.40004 0.000190738 -0.495346 0.144388 -0.0610125 -1.21214 1.64893 -0.000190738 -0.19894 -0.00324254 0.000572213 0.39044 -0.250115 -0.00164773 -0.197032 0.00133516 0.000190738 0.392729 -0.249621 0.000448977 
23 -0.00782013 0.00972748 0.245861 -1.40004 0.000190738 -0.495346 0.143244 -0.0610125 -1.21901 1.64778 -0.000190738 -0.19894 -0.00324254 0.000572213 0.39044 -0.250115 -0.00164773 -0.197032 0.00133516 0.000190738 0.392729 -0.249621 0.000448977 
23 -0.00782013 0.00972748 0.245861 -1.40004 0.000190738 -0.495346 0.1421 -0.060631 -1.22511 1.64702 -0.000190738 -0.19894 -0.00324254 0.000572213 0.39044 -0.250115 -0.00164773 -0.197032 0.00133516 0.000190738 0.392729 -0.249621 0.000448977 
23 -0.00782013 0.00972748 0.245861 -1.40004 0.000190738 -0.495346 0.140955 -0.060631 -1.23198 1.64626 -0.000190738 -0.19894 -0.00324254 0.000572213 0.39044 -0.250115 -0.00164773 -0.197032 0.00133516 0.000190738 0.392729 -0.249621 0.000448977 
23 -0.00782013 0.00972748 0.245861 -1.40004 0.000190738 -0.495346 0.139429 -0.060631 -1.23846 1.64549 -0.000190738 -0.19894 -0.00324254 0.000572213 0.39044 -0.250115 -0.00164773 -0.197032 0.00133516 0.000190738 0.392729 -0.249621 0.000448977 
23 -0.00782013 0.00972748 0.245861 -1.40004 0.000190738 -0.495346 0.138285 -0.0602495 -1.24495 1.64473 -0.000190738 -0.19894 -0.00324254 0.000572213 0.39044 -0.250115 -0.00164773 -0.197032 0.00133516 0.000190738 0.392729 -0.249621 0.000448977 
23 -0.00782013 0.00972748 0.245861 -1.40004 0.000190738 -0.495346 0.13714 -0.0602495 -1.25143 1.64397 -0.000190738 -0.19894 -0.00324254 0.000572213 0.39044 -0.250115 -0.00164773 -0.197032 0.00133516 0.000190738 0.392729 -0.249621 0.000448977 
23 -0.00782013 0.00972748 0.245861 -1.40004 0.000190738 -0.495346 0.135996 -0.0602495 -1.2583 1.64321 -0.000190738 -0.19894 -0.00324254 0.000572213 0.39044 -0.250115 -0.00164773 -0.197032 0.00133516 0.000190738 0.392729 -0.249621 0.000448977 
23 -0.00782013 0.00972748 0.245861 -1.40004 0.000190738 -0.495346 0.134852 -0.059868 -1.26478 1.64244 -0.000190738 -0.19894 -0.00324254 0.000572213 0.39044 -0.250115 -0.00164773 -0.197032 0.00133516 0.000190738 0.392729 -0.249621 0.000448977 
23 -0.00782013 0.00972748 0.245861 -1.40004 0.000190738 -0.495346 0.133707 -0.059868 -1.27127 1.64092 -0.000572213 -0.19894 -0.00324254 0.000572213 0.39044 -0.250115 -0.00164773 -0.197032 0.00133516 0.000190738 0.392729 -0.249621 0.000448977 
23 -0.00782013 0.00972748 0.245861 -1.40004 0.000190738 -0.495346 0.132563 -0.0594866 -1.27775 1.63977 -0.000572213 -0.19894 -0.00324254 0.000572213 0.39044 -0.250115 -0.00164773 -0.197032 0.00133516 0.000190738 0.392729 -0.249621 0.000448977 
23 -0.00782013 0.00972748 0.245861 -1.40004 0.000190738 -0.495346 0.1318 -0.0594866 -1.28462 1.63901 -0.000572213 -0.19894 -0.00324254 0.000572213 0.39044 -0.250115 -0.00164773 -0.197032 0.00133516 0.000190738 0.392729 -0.249621 0.000448977 
23 -0.00782013 0.00972748 0.245861 -1.40004 0.000190738 -0.495346 0.130655 -0.0591051 -1.29149 1.63825 -0.000572213 -0.19894 -0.00324254 0.000572213 0.39044 -0.250115 -0.00164773 -0.197032 0.00133516 0.000190738 0.392729 -0.249621 0.000448977 
23 -0.00782013 0.00972748 0.245861 -1.40004 0.000190738 -0.495346 0.129892 -0.0591051 -1.29797 1.63748 -0.000572213 -0.19894 -0.00324254 0.000572213 0.39044 -0.250115 -0.00164773 -0.197032 0.00133516 0.000190738 0.392729 -0.249621 0.000448977 
23 -0.00782013 0.00972748 0.245861 -1.40004 0.000190738 -0.495346 0.129129 -0.0587236 -1.30484 1.63672 -0.000572213 -0.19894 -0.00324254 0.000572213 0.39044 -0.250115 -0.00164773 -0.197032 0.00133516 0.000190738 0.392729 -0.249621 0.000448977 
23 -0.00782013 0.00972748 0.245861 -1.40004 0.000190738 -0.495346 0.127985 -0.0587236 -1.3117 1.63558 -0.000572213 -0.19894 -0.00324254 0.000572213 0.39044 -0.250115 -0.00164773 -0.197032 0.00133516 0.000190738 0.392729 -0.249621 0.000448977 
23 -0.00782013 0.00972748 0.245861 -1.40004 0.000190738 -0.495346 0.126841 -0.0583422 -1.31819 1.63443 -0.000572213 -0.19894 -0.00324254 0.000572213 0.39044 -0.250115 -0.00164773 -0.197032 0.00133516 0.000190738 0.392729 -0.249621 0.000448977 
23 -0.00782013 0.00972748 0.245861 -1.40004 0.000190738 -0.495346 0.126078 -0.0583422 -1.32506 1.63367 -0.000572213 -0.19894 -0.00324254 0.000572213 0.39044 -0.250115 -0.00164773 -0.197032 0.00133516 0.000190738 0.392729 -0.249621 0.000448977 
23 -0.00782013 0.00972748 0.245861 -1.40004 0.000190738 -0.495346 0.125315 -0.0579607 -1.3323 1.63252 -0.000572213 -0.19894 -0.00324254 0.000572213 0.39044 -0.250115 -0.00164773 -0.197032 0.00133516 0.000190738 0.392729 -0.249621 0.000448977 
23 -0.00782013 0.00972748 0.245861 -1.40004 0.000190738 -0.495346 0.124552 -0.0575792 -1.33879 1.63176 -0.000572213 -0.19894 -0.00324254 0.000572213 0.39044 -0.250115 -0.00164773 -0.197032 0.00133516 0.000190738 0.392729 -0.249621 0.000448977 
23 -0.00782013 0.00972748 0.245861 -1.40004 0.000190738 -0.495346 0.123789 -0.0575792 -1.34527 1.631 -0.000572213 -0.19894 -0.00324254 0.000572213 0.39044 -0.250115 -0.00164773 -0.197032 0.00133516 0.000190738 0.392729 -0.249621 0.000448977 
23 -0.00782013 0.00972748 0.245861 -1.40004 0.000190738 -0.495346 0.123026 -0.0571977 -1.35214 1.63024 -0.000572213 -0.19894 -0.00324254 0.000572213 0.39044 -0.250115 -0.00164773 -0.197032 0.00133516 0.000190738 0.392729 -0.249621 0.000448977 
23 -0.00782013 0.00972748 0.245861 -1.40004 0.000190738 -0.495346 0.122263 -0.0571977 -1.35863 1.62871 -0.000572213 -0.19894 -0.00324254 0.000572213 0.39044 -0.250115 -0.00164773 -0.197032 0.00133516 0.000190738 0.392729 -0.249621 0.000448977 
23 -0.00782013 0.00972748 0.245861 -1.40004 0.000190738 -0.495346 0.121118 -0.0571977 -1.36549 1.62757 -0.000572213 -0.19894 -0.00324254 0.000572213 0.39044 -0.250115 -0.00164773 -0.197032 0.00133516 0.000190738 0.392729 -0.249621 0.000448977 
23 -0.00782013 0.00972748 0.245861 -1.40004 0.000190738 -0.495346 0.120356 -0.0568163 -1.37236 1.62642 -0.000572213 -0.19894 -0.00324254 0.000572213 0.39044 -0.250115 -0.00164773 -0.197032 0.00133516 0.000190738 0.392729 -0.249621 0.000448977 
23 -0.00782013 0.0101089 0.245861 -1.40004 0.000190738 -0.495346 0.119593 -0.0568163 -1.37922 1.62528 -0.000572213 -0.19894 -0.00324254 0.000572213 0.39044 -0.250115 -0.00164773 -0.197032 0.00133516 0.000190738 0.392729 -0.249621 0.000448977 
23 -0.00782013 0.00972748 0.245861 -1.40004 0.000190738 -0.495346 0.119211 -0.0568163 -1.38533 1.62451 -0.000572213 -0.19894 -0.00324254 0.000572213 0.39044 -0.250115 -0.00164773 -0.197032 0.00133516 0.000190738 0.392729 -0.249621 0.000448977 
23 -0.00782013 0.00972748 0.245861 -1.40004 0.000190738 -0.495346 0.11883 -0.0568163 -1.39258 1.62337 -0.000572213 -0.19894 -0.00324254 0.000572213 0.39044 -0.250115 -0.00164773 -0.197032 0.00133516 0.000190738 0.392729 -0.249621 0.000448977 
23 -0.00782013 0.00972748 0.245861 -1.40004 0.000190738 -0.495346 0.118448 -0.0564348 -1.39868 1.62222 -0.000572213 -0.19894 -0.00324254 0.000572213 0.39044 -0.250115 -0.00164773 -0.197032 0.00133516 0.000190738 0.392729 -0.249621 0.000448977 
23 -0.00782013 0.00972748 0.245861 -1.40004 0.000190738 -0.495346 0.117685 -0.0564348 -1.40593 1.62108 -0.000572213 -0.19894 -0.00324254 0.000572213 0.39044 -0.250115 -0.00164773 -0.197032 0.00133516 0.000190738 0.392729 -0.249621 0.000448977 
23 -0.00782013 0.00972748 0.245861 -1.40004 0.000190738 -0.495346 0.117304 -0.0564348 -1.41241 1.62032 -0.000572213 -0.19894 -0.00324254 0.000572213 0.39044 -0.250115 -0.00164773 -0.197032 0.00133516 0.000190738 0.392729 -0.249621 0.000448977 
23 -0.00782013 0.00972748 0.245861 -1.40004 0.000190738 -0.495346 0.116541 -0.0560533 -1.41928 1.61917 -0.000572213 -0.19894 -0.00324254 0.000572213 0.39044 -0.250115 -0.00164773 -0.197032 0.00133516 0.000190738 0.392729 -0.249621 0.000448977 
23 -0.00782013 0.00972748 0.245861 -1.40004 0.000190738 -0.495346 0.116159 -0.0560533 -1.42576 1.61841 -0.000953689 -0.19894 -0.00324254 0.000572213 0.39044 -0.250115 -0.00164773 -0.197032 0.00133516 0.000190738 0.392729 -0.249621 0.000448977 
23 -0.00782013 0.00972748 0.245861 -1.40004 0.000190738 -0.495346 0.115778 -0.0560533 -1.43225 1.61727 -0.000953689 -0.19894 -0.00324254 0.000572213 0.39044 -0.250115 -0.00164773 -0.197032 0.00133516 0.000190738 0.392729 -0.249621 0.000448977 
23 -0.00782013 0.00972748 0.245861 -1.40004 0.000190738 -0.495346 0.115396 -0.0556718 -1.43874 1.61574 -0.000953689 -0.19894 -0.00324254 0.000572213 0.39044 -0.250115 -0.00164773 -0.197032 0.00133516 0.000190738 0.392729 -0.249621 0.000448977 
23 -0.00782013 0.00972748 0.245861 -1.40004 0.000190738 -0.495346 0.115015 -0.0556718 -1.44522 1.6146 -0.000953689 -0.19894 -0.00324254 0.000572213 0.39044 -0.250115 -0.00164773 -0.197032 0.00133516 0.000190738 0.392729 -0.249621 0.000448977 
23 -0.00782013 0.00972748 0.245861 -1.40004 0.000190738 -0.495346 0.114633 -0.0556718 -1.45132 1.61345 -0.000953689 -0.19894 -0.00324254 0.000572213 0.39044 -0.250115 -0.00164773 -0.197032 0.00133516 0.000190738 0.392729 -0.249621 0.000448977 
23 -0.00782013 0.00972748 0.245861 -1.40004 0.000190738 -0.495346 0.114252 -0.0552903 -1.45781 1.61231 -0.000953689 -0.19894 -0.00324254 0.000572213 0.39044 -0.250115 -0.00164773 -0.197032 0.00133516 0.000190738 0.392729 -0.249621 0.000448977 
23 -0.00782013 0.00972748 0.245861 -1.40004 0.000190738 -0.495346 0.11387 -0.0552903 -1.46429 1.61154 -0.00133516 -0.19894 -0.00324254 0.000572213 0.39044 -0.250115 -0.00164773 -0.197032 0.00133516 0.000190738 0.392729 -0.249621 0.000448977 
23 -0.00782013 0.00972748 0.245861 -1.40004 0.000190738 -0.495346 0.11387 -0.0552903 -1.4704 1.61002 -0.00133516 -0.19894 -0.00324254 0.000572213 0.39044 -0.250115 -0.00164773 -0.197032 0.00133516 0.000190738 0.392729 -0.249621 0.000448977 
23 -0.00782013 0.00972748 0.245861 -1.40004 0.000190738 -0.495346 0.11387 -0.0552903 -1.47688 1.60887 -0.00133516 -0.19894 -0.00324254 0.000572213 0.39044 -0.250115 -0.00164773 -0.197032 0.00133516 0.000190738 0.392729 -0.249621 0.000448977 
23 -0.00782013 0.00972748 0.245861 -1.40004 0.000190738 -0.495346 0.113489 -0.0552903 -1.48299 1.60773 -0.00171664 -0.19894 -0.00324254 0.000572213 0.39044 -0.250115 -0.00164773 -0.197032 0.00133516 0.000190738 0.392729 -0.249621 0.000448977 
23 -0.00782013 0.00972748 0.245861 -1.40004 0.000190738 -0.495346 0.113489 -0.0552903 -1.48947 1.60697 -0.00171664 -0.19894 -0.00324254 0.000572213 0.39044 -0.250115 -0.00164773 -0.197032 0.00133516 0.000190738 0.392729 -0.249621 0.000448977 
23 -0.00782013 0.00972748 0.245861 -1.40004 0.000190738 -0.495346 0.113489 -0.0552903 -1.49557 1.6062 -0.00171664 -0.19894 -0.00324254 0.000572213 0.39044 -0.250115 -0.00164773 -0.197032 0.00133516 0.000190738 0.392729 -0.249621 0.000448977 
23 -0.00782013 0.00972748 0.245861 -1.40004 0.000190738 -0.495346 0.113489 -0.0549089 -1.50168 1.60506 -0.00209812 -0.19894 -0.00324254 0.000572213 0.39044 -0.250115 -0.00164773 -0.197032 0.00133516 0.000190738 0.392729 -0.249621 0.000448977 
23 -0.00782013 0.00972748 0.245861 -1.40004 0.000190738 -0.495346 0.113108 -0.0549089 -1.50778 1.60353 -0.00209812 -0.19894 -0.00324254 0.000572213 0.39044 -0.250115 -0.00164773 -0.197032 0.00133516 0.000190738 0.392729 -0.249621 0.000448977 
23 -0.00782013 0.00972748 0.245861 -1.40004 0.000190738 -0.495346 0.113108 -0.0549089 -1.5135 1.60239 -0.00209812 -0.19894 -0.00324254 0.000572213 0.39044 -0.250115 -0.00164773 -0.197032 0.00133516 0.000190738 0.392729 -0.249621 0.000448977 
23 -0.00782013 0.00972748 0.245861 -1.40004 0.000190738 -0.495346 0.113108 -0.0549089 -1.51961 1.60124 -0.00209812 -0.19894 -0.00324254 0.000572213 0.39044 -0.250115 -0.00164773 -0.197032 0.00133516 0.000190738 0.392729 -0.249621 0.000448977 
23 -0.00782013 0.00972748 0.245861 -1.40004 0.000190738 -0.495346 0.113108 -0.0549089 -1.52533 1.6001 -0.00209812 -0.19894 -0.00324254 0.000572213 0.39044 -0.250115 -0.00164773 -0.197032 0.00133516 0.000190738 0.392729 -0.249621 0.000448977 
23 -0.00782013 0.00972748 0.245861 -1.40004 0.000190738 -0.495346 0.113108 -0.0545274 -1.53143 1.59934 -0.00209812 -0.19894 -0.00324254 0.000572213 0.39044 -0.250115 -0.00164773 -0.197032 0.00133516 0.000190738 0.392729 -0.249621 0.000448977 
23 -0.00782013 0.00972748 0.245861 -1.40004 0.000190738 -0.495346 0.113108 -0.0545274 -1.53716 1.59857 -0.00209812 -0.19894 -0.00324254 0.000572213 0.39044 -0.250115 -0.00164773 -0.197032 0.00133516 0.000190738 0.392729 -0.249621 0.000448977 
23 -0.00782013 0.00972748 0.245861 -1.40004 0.000190738 -0.495346 0.113108 -0.0545274 -1.54288 1.59705 -0.00209812 -0.19894 -0.00324254 0.000572213 0.39044 -0.250115 -0.00164773 -0.197032 0.00133516 0.000190738 0.392729 -0.249621 0.000448977 
23 -0.00782013 0.00972748 0.245861 -1.40004 0.000190738 -0.495346 0.113108 -0.0545274 -1.54822 1.59628 -0.00209812 -0.19894 -0.00324254 0.000572213 0.39044 -0.250115 -0.00164773 -0.197032 0.00133516 0.000190738 0.392729 -0.249621 0.000448977 
23 -0.00782013 0.00972748 0.245861 -1.40004 0.000190738 -0.495346 0.113108 -0.0545274 -1.55432 1.59514 -0.00209812 -0.19894 -0.00324254 0.000572213 0.39044 -0.250115 -0.00164773 -0.197032 0.00133516 0.000190738 0.392729 -0.249621 0.000448977 
23 -0.00782013 0.00972748 0.245861 -1.40004 0.000190738 -0.495346 0.113489 -0.0541459 -1.55928 1.59438 -0.00209812 -0.19894 -0.00324254 0.000572213 0.39044 -0.250115 -0.00164773 -0.197032 0.00133516 0.000190738 0.392729 -0.249621 0.000448977 
23 -0.00782013 0.00972748 0.245861 -1.40004 0.000190738 -0.495346 0.113489 -0.0541459 -1.565 1.59361 -0.00209812 -0.19894 -0.00324254 0.000572213 0.39044 -0.250115 -0.00164773 -0.197032 0.00133516 0.000190738 0.392729 -0.249621 0.000448977 
23 -0.00782013 0.00972748 0.245861 -1.40004 0.000190738 -0.495346 0.113489 -0.0541459 -1.57034 1.59285 -0.00209812 -0.19894 -0.00324254 0.000572213 0.39044 -0.250115 -0.00164773 -0.197032 0.00133516 0.000190738 0.392729 -0.249621 0.000448977 
23 -0.00782013 0.00972748 0.245861 -1.40004 0.000190738 -0.495346 0.113489 -0.0537645 -1.57568 1.59171 -0.00209812 -0.19894 -0.00324254 0.000572213 0.39044 -0.250115 -0.00164773 -0.197032 0.00133516 0.000190738 0.392729 -0.249621 0.000448977 
23 -0.00782013 0.00972748 0.245861 -1.40004 0.000190738 -0.495346 0.113489 -0.0537645 -1.58064 1.59056 -0.00209812 -0.19894 -0.00324254 0.000572213 0.39044 -0.250115 -0.00164773 -0.197032 0.00133516 0.000190738 0.392729 -0.249621 0.000448977 
23 -0.00782013 0.00972748 0.245861 -1.40004 0.000190738 -0.495346 0.113489 -0.053383 -1.5856 1.58942 -0.00209812 -0.19894 -0.00324254 0.000572213 0.39044 -0.250115 -0.00164773 -0.197032 0.00133516 0.000190738 0.392729 -0.249621 0.000448977 
23 -0.00782013 0.00972748 0.245861 -1.40004 0.000190738 -0.495346 0.11387 -0.053383 -1.59094 1.58865 -0.00209812 -0.19894 -0.00324254 0.000572213 0.39044 -0.250115 -0.00164773 -0.197032 0.00133516 0.000190738 0.392729 -0.249621 0.000448977 
23 -0.00782013 0.00972748 0.245861 -1.40004 0.000190738 -0.495346 0.11387 -0.0530015 -1.5959 1.58751 -0.00209812 -0.19894 -0.00324254 0.000572213 0.39044 -0.250115 -0.00164773 -0.197032 0.00133516 0.000190738 0.392729 -0.249621 0.000448977 
23 -0.00782013 0.00972748 0.245861 -1.40004 0.000190738 -0.495346 0.11387 -0.0530015 -1.60086 1.58675 -0.00209812 -0.19894 -0.00324254 0.000572213 0.39044 -0.250115 -0.00164773 -0.197032 0.00133516 0.000190738 0.392729 -0.249621 0.000448977 
23 -0.00782013 0.00972748 0.245861 -1.40004 0.000190738 -0.495346 0.11387 -0.0526201 -1.6062 1.58598 -0.00209812 -0.19894 -0.00324254 0.000572213 0.39044 -0.250115 -0.00164773 -0.197032 0.00133516 0.000190738 0.392729 -0.249621 0.000448977 
23 -0.00782013 0.00972748 0.245861 -1.40004 0.000190738 -0.495346 0.11387 -0.0526201 -1.6104 1.58522 -0.00209812 -0.19894 -0.00324254 0.000572213 0.39044 -0.250115 -0.00164773 -0.197032 0.00133516 0.000190738 0.392729 -0.249621 0.000448977 
23 -0.00782013 0.00972748 0.245861 -1.40004 0.000190738 -0.495346 0.114252 -0.0522385 -1.61574 1.58408 -0.00209812 -0.19894 -0.00324254 0.000572213 0.39044 -0.250115 -0.00164773 -0.197032 0.00133516 0.000190738 0.392729 -0.249621 0.000448977 
23 -0.00782013 0.00972748 0.245861 -1.40004 0.000190738 -0.495346 0.114252 -0.0522385 -1.62032 1.58331 -0.00209812 -0.19894 -0.00324254 0.000572213 0.39044 -0.250115 -0.00164773 -0.197032 0.00133516 0.000190738 0.392729 -0.249621 0.000448977 
23 -0.00782013 0.00972748 0.245861 -1.40004 0.000190738 -0.495346 0.114252 -0.0518571 -1.6249 1.58255 -0.00209812 -0.19894 -0.00324254 0.000572213 0.39044 -0.250115 -0.00164773 -0.197032 0.00133516 0.000190738 0.392729 -0.249621 0.000448977 
23 -0.00782013 0.00972748 0.245861 -1.40004 0.000190738 -0.495346 0.114633 -0.0514756 -1.62947 1.58179 -0.00209812 -0.19894 -0.00324254 0.000572213 0.39044 -0.250115 -0.00164773 -0.197032 0.00133516 0.000190738 0.392729 -0.249621 0.000448977 
23 -0.00782013 0.00972748 0.245861 -1.40004 0.000190738 -0.495346 0.114633 -0.0510941 -1.63405 1.58103 -0.00247959 -0.19894 -0.00324254 0.000572213 0.39044 -0.250115 -0.00164773 -0.197032 0.00133516 0.000190738 0.392729 -0.249621 0.000448977 
23 -0.00782013 0.00972748 0.245861 -1.40004 0.000190738 -0.495346 0.115015 -0.0507126 -1.63825 1.58026 -0.00247959 -0.19894 -0.00324254 0.000572213 0.39044 -0.250115 -0.00164773 -0.197032 0.00133516 0.000190738 0.392729 -0.249621 0.000448977 
23 -0.00782013 0.00972748 0.245861 -1.40004 0.000190738 -0.495346 0.115015 -0.0507126 -1.64321 1.57912 -0.00247959 -0.19894 -0.00324254 0.000572213 0.39044 -0.250115 -0.00164773 -0.197032 0.00133516 0.000190738 0.392729 -0.249621 0.000448977 
23 -0.00782013 0.00972748 0.245861 -1.40004 0.000190738 -0.495346 0.115396 -0.0503312 -1.64702 1.57797 -0.00247959 -0.19894 -0.00324254 0.000572213 0.39044 -0.250115 -0.00164773 -0.197032 0.00133516 0.000190738 0.392729 -0.249621 0.000448977 
23 -0.00782013 0.00972748 0.245861 -1.40004 0.000190738 -0.495346 0.115396 -0.0503312 -1.65122 1.57721 -0.00247959 -0.19894 -0.00324254 0.000572213 0.39044 -0.250115 -0.00164773 -0.197032 0.00133516 0.000190738 0.392729 -0.249621 0.000448977 
23 -0.00782013 0.00972748 0.245861 -1.40004 0.000190738 -0.495346 0.115778 -0.0499497 -1.65579 1.57645 -0.00247959 -0.19894 -0.00324254 0.000572213 0.39044 -0.250115 -0.00164773 -0.197032 0.00133516 0.000190738 0.392729 -0.249621 0.000448977 
23 -0.00782013 0.00972748 0.245861 -1.40004 0.000190738 -0.495346 0.116159 -0.0499497 -1.65961 1.57568 -0.00286107 -0.19894 -0.00324254 0.000572213 0.39044 -0.250115 -0.00164773 -0.197032 0.00133516 0.000190738 0.392729 -0.249621 0.000448977 
23 -0.00782013 0.00972748 0.245861 -1.40004 0.000190738 -0.495346 0.116159 -0.0495682 -1.66381 1.57492 -0.00286107 -0.19894 -0.00324254 0.000572213 0.39044 -0.250115 -0.00164773 -0.197032 0.00133516 0.000190738 0.392729 -0.249621 0.000448977 
23 -0.00782013 0.00972748 0.245861 -1.40004 0.000190738 -0.495346 0.116541 -0.0491868 -1.66762 1.57416 -0.00286107 -0.19894 -0.00324254 0.000572213 0.39044 -0.250115 -0.00164773 -0.197032 0.00133516 0.000190738 0.392729 -0.249621 0.000448977 
23 -0.00782013 0.00972748 0.245861 -1.40004 0.000190738 -0.495346 0.116541 -0.0491868 -1.67144 1.5734 -0.00286107 -0.19894 -0.00324254 0.000572213 0.39044 -0.250115 -0.00164773 -0.197032 0.00133516 0.000190738 0.392729 -0.249621 0.000448977 
23 -0.00782013 0.00972748 0.245861 -1.40004 0.000190738 -0.495346 0.116922 -0.0488053 -1.67525 1.57225 -0.00286107 -0.19894 -0.00324254 0.000572213 0.39044 -0.250115 -0.00164773 -0.197032 0.00133516 0.000190738 0.392729 -0.249621 0.000448977 
23 -0.00782013 0.00972748 0.245861 -1.40004 0.000190738 -0.495346 0.116922 -0.0484238 -1.67945 1.57149 -0.00286107 -0.19894 -0.00324254 0.000572213 0.39044 -0.250115 -0.00164773 -0.197032 0.00133516 0.000190738 0.392729 -0.249621 0.000448977 
23 -0.00782013 0.00972748 0.245861 -1.40004 0.000190738 -0.495346 0.117304 -0.0484238 -1.68288 1.57111 -0.00286107 -0.19894 -0.00324254 0.000572213 0.39044 -0.250115 -0.00164773 -0.197032 0.00133516 0.000190738 0.392729 -0.249621 0.000448977 
23 -0.00782013 0.00972748 0.245861 -1.40004 0.000190738 -0.495346 0.117304 -0.0480423 -1.68631 1.57034 -0.00286107 -0.19894 -0.00324254 0.000572213 0.39044 -0.250115 -0.00164773 -0.197032 0.00133516 0.000190738 0.392729 -0.249621 0.000448977 
23 -0.00782013 0.00972748 0.245861 -1.40004 0.000190738 -0.495346 0.117685 -0.0476608 -1.69013 1.56996 -0.00286107 -0.19894 -0.00324254 0.000572213 0.39044 -0.250115 -0.00164773 -0.197032 0.00133516 0.000190738 0.392729 -0.249621 0.000448977 
23 -0.00782013 0.00972748 0.245861 -1.40004 0.000190738 -0.495346 0.117685 -0.0472794 -1.69356 1.5692 -0.00324254 -0.19894 -0.00324254 0.000572213 0.39044 -0.250115 -0.00164773 -0.197032 0.00133516 0.000190738 0.392729 -0.249621 0.000448977 
23 -0.00782013 0.00972748 0.245861 -1.40004 0.000190738 -0.495346 0.117685 -0.0468979 -1.69661 1.56882 -0.00324254 -0.19894 -0.00324254 0.000572213 0.39044 -0.250115 -0.00164773 -0.197032 0.00133516 0.000190738 0.392729 -0.249621 0.000448977 
23 -0.00782013 0.00972748 0.245861 -1.40004 0.000190738 -0.495346 0.117685 -0.0465164 -1.70005 1.56806 -0.00324254 -0.19894 -0.00324254 0.000572213 0.39044 -0.250115 -0.00164773 -0.197032 0.00133516 0.000190738 0.392729 -0.249621 0.000448977 
23 -0.00782013 0.00972748 0.245861 -1.40004 0.000190738 -0.495346 0.118067 -0.0457535 -1.70348 1.56729 -0.00324254 -0.19894 -0.00324254 0.000572213 0.39044 -0.250115 -0.00164773 -0.197032 0.00133516 0.000190738 0.392729 -0.249621 0.000448977 
23 -0.00782013 0.00972748 0.245861 -1.40004 0.000190738 -0.495346 0.118067 -0.045372 -1.70653 1.56653 -0.00324254 -0.19894 -0.00324254 0.000572213 0.39044 -0.250115 -0.00164773 -0.197032 0.00133516 0.000190738 0.392729 -0.249621 0.000448977 
23 -0.00782013 0.00972748 0.245861 -1.40004 0.000190738 -0.495346 0.118067 -0.0449905 -1.7092 1.56577 -0.00324254 -0.19894 -0.00324254 0.000572213 0.39044 -0.250115 -0.00164773 -0.197032 0.00133516 0.000190738 0.392729 -0.249621 0.000448977 
23 -0.00782013 0.00972748 0.245861 -1.40004 0.000190738 -0.495346 0.118067 -0.044609 -1.71225 1.565 -0.00324254 -0.19894 -0.00324254 0.000572213 0.39044 -0.250115 -0.00164773 -0.197032 0.00133516 0.000190738 0.392729 -0.249621 0.000448977 
23 -0.00782013 0.00972748 0.245861 -1.40004 0.000190738 -0.495346 0.118448 -0.0442275 -1.7153 1.56462 -0.00324254 -0.19894 -0.00324254 0.000572213 0.39044 -0.250115 -0.00164773 -0.197032 0.00133516 0.000190738 0.392729 -0.249621 0.000448977 
23 -0.00782013 0.00972748 0.245861 -1.40004 0.000190738 -0.495346 0.118448 -0.0442275 -1.71836 1.56386 -0.00324254 -0.19894 -0.00324254 0.000572213 0.39044 -0.250115 -0.00164773 -0.197032 0.00133516 0.000190738 0.392729 -0.249621 0.000448977 
23 -0.00782013 0.00972748 0.245861 -1.40004 0.000190738 -0.495346 0.118448 -0.0438461 -1.72065 1.56348 -0.00324254 -0.19894 -0.00324254 0.000572213 0.39044 -0.250115 -0.00164773 -0.197032 0.00133516 0.000190738 0.392729 -0.249621 0.000448977 
23 -0.00782013 0.00972748 0.245861 -1.40004 0.000190738 -0.495346 0.118448 -0.0434646 -1.72332 1.5631 -0.00324254 -0.19894 -0.00324254 0.000572213 0.39044 -0.250115 -0.00164773 -0.197032 0.00133516 0.000190738 0.392729 -0.249621 0.000448977 
23 -0.00782013 0.00972748 0.245861 -1.40004 0.000190738 -0.495346 0.11883 -0.0430831 -1.72599 1.56233 -0.00324254 -0.19894 -0.00324254 0.000572213 0.39044 -0.250115 -0.00164773 -0.197032 0.00133516 0.000190738 0.392729 -0.249621 0.000448977 
23 -0.00782013 0.00972748 0.245861 -1.40004 0.000190738 -0.495346 0.11883 -0.0427017 -1.72866 1.56195 -0.00324254 -0.19894 -0.00324254 0.000572213 0.39044 -0.250115 -0.00164773 -0.197032 0.00133516 0.000190738 0.392729 -0.249621 0.000448977 
23 -0.00782013 0.00972748 0.245861 -1.40004 0.000190738 -0.495346 0.11883 -0.0423202 -1.73095 1.56157 -0.00324254 -0.19894 -0.00324254 0.000572213 0.39044 -0.250115 -0.00164773 -0.197032 0.00133516 0.000190738 0.392729 -0.249621 0.000448977 
23 -0.00782013 0.00972748 0.245861 -1.40004 0.000190738 -0.495346 0.11883 -0.0419387 -1.73285 1.56119 -0.00324254 -0.19894 -0.00324254 0.000572213 0.39044 -0.250115 -0.00164773 -0.197032 0.00133516 0.000190738 0.392729 -0.249621 0.000448977 
23 -0.00782013 0.00972748 0.245861 -1.40004 0.000190738 -0.495346 0.11883 -0.0415573 -1.73514 1.56081 -0.00324254 -0.19894 -0.00324254 0.000572213 0.39044 -0.250115 -0.00164773 -0.197032 0.00133516 0.000190738 0.392729 -0.249621 0.000448977 
23 -0.00782013 0.00972748 0.245861 -1.40004 0.000190738 -0.495346 0.119211 -0.0411758 -1.73743 1.56004 -0.00324254 -0.19894 -0.00324254 0.000572213 0.39044 -0.250115 -0.00164773 -0.197032 0.00133516 0.000190738 0.392729 -0.249621 0.000448977 
23 -0.00782013 0.00972748 0.245861 -1.40004 0.000190738 -0.495346 0.119211 -0.0404128 -1.73934 1.55966 -0.00324254 -0.19894 -0.00324254 0.000572213 0.39044 -0.250115 -0.00164773 -0.197032 0.00133516 0.000190738 0.392729 -0.249621 0.000448977 
23 -0.00782013 0.00972748 0.245861 -1.40004 0.000190738 -0.495346 0.119211 -0.0396498 -1.74125 1.55928 -0.00324254 -0.19894 -0.00324254 0.000572213 0.39044 -0.250115 -0.00164773 -0.197032 0.00133516 0.000190738 0.392729 -0.249621 0.000448977 
23 -0.00782013 0.00972748 0.245861 -1.40004 0.000190738 -0.495346 0.119211 -0.0392684 -1.74315 1.55928 -0.00324254 -0.19894 -0.00324254 0.000572213 0.39044 -0.250115 -0.00164773 -0.197032 0.00133516 0.000190738 0.392729 -0.249621 0.000448977 
23 -0.00782013 0.00972748 0.245861 -1.40004 0.000190738 -0.495346 0.119211 -0.0385054 -1.74468 1.5589 -0.00362402 -0.19894 -0.00324254 0.000572213 0.39044 -0.250115 -0.00164773 -0.197032 0.00133516 0.000190738 0.392729 -0.249621 0.000448977 
23 -0.00782013 0.00972748 0.245861 -1.40004 0.000190738 -0.495346 0.119593 -0.038124 -1.74582 1.5589 -0.00362402 -0.19894 -0.00324254 0.000572213 0.39044 -0.250115 -0.00164773 -0.197032 0.00133516 0.000190738 0.392729 -0.249621 0.000448977 
23 -0.00782013 0.00972748 0.245861 -1.40004 0.000190738 -0.495346 0.119593 -0.0377425 -1.74735 1.55852 -0.00362402 -0.19894 -0.00324254 0.000572213 0.39044 -0.250115 -0.00164773 -0.197032 0.00133516 0.000190738 0.392729 -0.249621 0.000448977 
23 -0.00782013 0.00972748 0.245861 -1.40004 0.000190738 -0.495346 0.119593 -0.037361 -1.74887 1.55852 -0.00362402 -0.19894 -0.00324254 0.000572213 0.39044 -0.250115 -0.00164773 -0.197032 0.00133516 0.000190738 0.392729 -0.249621 0.000448977 
23 -0.00782013 0.00972748 0.245861 -1.40004 0.000190738 -0.495346 0.119974 -0.0369796 -1.75002 1.55852 -0.00362402 -0.19894 -0.00324254 0.000572213 0.39044 -0.250115 -0.00164773 -0.197032 0.00133516 0.000190738 0.392729 -0.249621 0.000448977 
23 -0.00782013 0.00972748 0.245861 -1.40004 0.000190738 -0.495346 0.119974 -0.036598 -1.75154 1.55814 -0.00362402 -0.19894 -0.00324254 0.000572213 0.39044 -0.250115 -0.00164773 -0.197032 0.00133516 0.000190738 0.392729 -0.249621 0.000448977 
23 -0.00782013 0.00972748 0.245861 -1.40004 0.000190738 -0.495346 0.119974 -0.0362166 -1.75269 1.55814 -0.00362402 -0.19894 -0.00324254 0.000572213 0.39044 -0.250115 -0.00164773 -0.197032 0.00133516 0.000190738 0.392729 -0.249621 0.000448977 
23 -0.00782013 0.00972748 0.245861 -1.40004 0.000190738 -0.495346 0.120356 -0.0358351 -1.75345 1.55814 -0.00362402 -0.19894 -0.00324254 0.000572213 0.39044 -0.250115 -0.00164773 -0.197032 0.00133516 0.000190738 0.392729 -0.249621 0.000448977 
23 -0.00782013 0.00972748 0.245861 -1.40004 0.000190738 -0.495346 0.120737 -0.0354536 -1.7546 1.55776 -0.00362402 -0.19894 -0.00324254 0.000572213 0.39044 -0.250115 -0.00164773 -0.197032 0.00133516 0.000190738 0.392729 -0.249621 0.000448977 
23 -0.00782013 0.00972748 0.245861 -1.40004 0.000190738 -0.495346 0.121118 -0.0350721 -1.75498 1.55776 -0.00362402 -0.19894 -0.00324254 0.000572213 0.39044 -0.250115 -0.00164773 -0.197032 0.00133516 0.000190738 0.392729 -0.249621 0.000448977 
23 -0.00782013 0.00972748 0.245861 -1.40004 0.000190738 -0.495346 0.1215 -0.0343092 -1.75574 1.55737 -0.00362402 -0.19894 -0.00324254 0.000572213 0.39044 -0.250115 -0.00164773 -0.197032 0.00133516 0.000190738 0.392729 -0.249621 0.000448977 
23 -0.00782013 0.00972748 0.245861 -1.40004 0.000190738 -0.495346 0.121881 -0.0335463 -1.75612 1.55737 -0.00400549 -0.19894 -0.00324254 0.000572213 0.39044 -0.250115 -0.00164773 -0.197032 0.00133516 0.000190738 0.392729 -0.249621 0.000448977 
23 -0.00782013 0.00972748 0.245861 -1.40004 0.000190738 -0.495346 0.122263 -0.0327833 -1.75612 1.55737 -0.00400549 -0.19894 -0.00324254 0.000572213 0.39044 -0.250115 -0.00164773 -0.197032 0.00133516 0.000190738 0.392729 -0.249621 0.000448977 
23 -0.00782013 0.00972748 0.245861 -1.40004 0.000190738 -0.495346 0.122644 -0.0320203 -1.7565 1.55699 -0.00400549 -0.19894 -0.00324254 0.000572213 0.39044 -0.250115 -0.00164773 -0.197032 0.00133516 0.000190738 0.392729 -0.249621 0.000448977 
23 -0.00782013 0.00972748 0.245861 -1.40004 0.000190738 -0.495346 0.123026 -0.0316389 -1.7565 1.55699 -0.00400549 -0.19894 -0.00324254 0.000572213 0.39044 -0.250115 -0.00164773 -0.197032 0.00133516 0.000190738 0.392729 -0.249621 0.000448977 
23 -0.00782013 0.00972748 0.245861 -1.40004 0.000190738 -0.495346 0.123407 -0.0312574 -1.7565 1.55699 -0.00400549 -0.19894 -0.00324254 0.000572213 0.39044 -0.250115 -0.00164773 -0.197032 0.00133516 0.000190738 0.392729 -0.249621 0.000448977 
23 -0.00782013 0.00972748 0.245861 -1.40004 0.000190738 -0.495346 0.123407 -0.0308759 -1.75612 1.55661 -0.00438697 -0.19894 -0.00324254 0.000572213 0.39044 -0.250115 -0.00164773 -0.197032 0.00133516 0.000190738 0.392729 -0.249621 0.000448977 
23 -0.00782013 0.00972748 0.245861 -1.40004 0.000190738 -0.495346 0.12417 -0.0304945 -1.75612 1.55661 -0.00438697 -0.19894 -0.00324254 0.000572213 0.39044 -0.250115 -0.00164773 -0.197032 0.00133516 0.000190738 0.392729 -0.249621 0.000448977 
23 -0.00782013 0.00972748 0.245861 -1.40004 0.000190738 -0.495346 0.124552 -0.030113 -1.75574 1.55661 -0.00438697 -0.19894 -0.00324254 0.000572213 0.39044 -0.250115 -0.00164773 -0.197032 0.00133516 0.000190738 0.392729 -0.249621 0.000448977 
23 -0.00782013 0.00972748 0.245861 -1.40004 0.000190738 -0.495346 0.124933 -0.0297315 -1.75536 1.55699 -0.00476844 -0.19894 -0.00324254 0.000572213 0.39044 -0.250115 -0.00164773 -0.197032 0.00133516 0.000190738 0.392729 -0.249621 0.000448977 
23 -0.00782013 0.00972748 0.245861 -1.40004 0.000190738 -0.495346 0.125315 -0.02935 -1.7546 1.55699 -0.00476844 -0.19894 -0.00324254 0.000572213 0.39044 -0.250115 -0.00164773 -0.197032 0.00133516 0.000190738 0.392729 -0.249621 0.000448977 
23 -0.00782013 0.00972748 0.245861 -1.40004 0.000190738 -0.495346 0.125696 -0.0289685 -1.75383 1.55699 -0.00476844 -0.19894 -0.00324254 0.000572213 0.39044 -0.250115 -0.00164773 -0.197032 0.00133516 0.000190738 0.392729 -0.249621 0.000448977 
23 -0.00782013 0.00972748 0.245861 -1.40004 0.000190738 -0.495346 0.126459 -0.0282056 -1.75307 1.55737 -0.00514992 -0.19894 -0.00324254 0.000572213 0.39044 -0.250115 -0.00164773 -0.197032 0.00133516 0.000190738 0.392729 -0.249621 0.000448977 
23 -0.00782013 0.00972748 0.245861 -1.40004 0.000190738 -0.495346 0.127222 -0.0274426 -1.75231 1.55737 -0.00514992 -0.19894 -0.00324254 0.000572213 0.39044 -0.250115 -0.00164773 -0.197032 0.00133516 0.000190738 0.392729 -0.249621 0.000448977 
23 -0.00782013 0.00972748 0.245861 -1.40004 0.000190738 -0.495346 0.127985 -0.0270612 -1.75116 1.55737 -0.00514992 -0.19894 -0.00324254 0.000572213 0.39044 -0.250115 -0.00164773 -0.197032 0.00133516 0.000190738 0.392729 -0.249621 0.000448977 
23 -0.00782013 0.00972748 0.245861 -1.40004 0.000190738 -0.495346 0.128748 -0.0262982 -1.75002 1.55776 -0.00514992 -0.19894 -0.00324254 0.000572213 0.39044 -0.250115 -0.00164773 -0.197032 0.00133516 0.000190738 0.392729 -0.249621 0.000448977 
23 -0.00782013 0.00972748 0.245861 -1.40004 0.000190738 -0.495346 0.129511 -0.0259168 -1.74887 1.55776 -0.00514992 -0.19894 -0.00324254 0.000572213 0.39044 -0.250115 -0.00164773 -0.197032 0.00133516 0.000190738 0.392729 -0.249621 0.000448977 
23 -0.00782013 0.00972748 0.245861 -1.40004 0.000190738 -0.495346 0.130274 -0.0255353 -1.74697 1.55814 -0.00514992 -0.19894 -0.00324254 0.000572213 0.39044 -0.250115 -0.00164773 -0.197032 0.00133516 0.000190738 0.392729 -0.249621 0.000448977 
23 -0.00782013 0.00972748 0.245861 -1.40004 0.000190738 -0.495346 0.131037 -0.0255353 -1.74582 1.55814 -0.0055314 -0.19894 -0.00324254 0.000572213 0.39044 -0.250115 -0.00164773 -0.197032 0.00133516 0.000190738 0.392729 -0.249621 0.000448977 
23 -0.00782013 0.00972748 0.245861 -1.40004 0.000190738 -0.495346 0.1318 -0.0251538 -1.7443 1.55814 -0.0055314 -0.19894 -0.00324254 0.000572213 0.39044 -0.250115 -0.00164773 -0.197032 0.00133516 0.000190738 0.392729 -0.249621 0.000448977 
23 -0.00782013 0.00972748 0.245861 -1.40004 0.000190738 -0.495346 0.132563 -0.0247723 -1.74277 1.55852 -0.0055314 -0.19894 -0.00324254 0.000572213 0.39044 -0.250115 -0.00164773 -0.197032 0.00133516 0.000190738 0.392729 -0.249621 0.000448977 
23 -0.00782013 0.00972748 0.245861 -1.40004 0.000190738 -0.495346 0.133707 -0.0243908 -1.74086 1.5589 -0.0055314 -0.19894 -0.00324254 0.000572213 0.39044 -0.250115 -0.00164773 -0.197032 0.00133516 0.000190738 0.392729 -0.249621 0.000448977 
23 -0.00782013 0.00972748 0.245861 -1.40004 0.000190738 -0.495346 0.134852 -0.0240093 -1.73857 1.5589 -0.0055314 -0.19894 -0.00324254 0.000572213 0.39044 -0.250115 -0.00164773 -0.197032 0.00133516 0.000190738 0.392729 -0.249621 0.000448977 
23 -0.00782013 0.00972748 0.245861 -1.40004 0.000190738 -0.495346 0.135996 -0.0236279 -1.73667 1.55928 -0.00591287 -0.19894 -0.00324254 0.000572213 0.39044 -0.250115 -0.00164773 -0.197032 0.00133516 0.000190738 0.392729 -0.249621 0.000448977 
23 -0.00782013 0.00972748 0.245861 -1.40004 0.000190738 -0.495346 0.136759 -0.0236279 -1.73438 1.56004 -0.00591287 -0.19894 -0.00324254 0.000572213 0.39044 -0.250115 -0.00164773 -0.197032 0.00133516 0.000190738 0.392729 -0.249621 0.000448977 
23 -0.00782013 0.00972748 0.245861 -1.40004 0.000190738 -0.495346 0.137903 -0.0232464 -1.73171 1.56043 -0.00629435 -0.19894 -0.00324254 0.000572213 0.39044 -0.250115 -0.00164773 -0.197032 0.00133516 0.000190738 0.392729 -0.249621 0.000448977 
23 -0.00782013 0.00972748 0.245861 -1.40004 0.000190738 -0.495346 0.139048 -0.0232464 -1.72942 1.56119 -0.00629435 -0.19894 -0.00324254 0.000572213 0.39044 -0.250115 -0.00164773 -0.197032 0.00133516 0.000190738 0.392729 -0.249621 0.000448977 
23 -0.00782013 0.00972748 0.245861 -1.40004 0.000190738 -0.495346 0.140192 -0.0228649 -1.72675 1.56195 -0.00667582 -0.19894 -0.00324254 0.000572213 0.39044 -0.250115 -0.00164773 -0.197032 0.00133516 0.000190738 0.392729 -0.249621 0.000448977 
23 -0.00782013 0.00972748 0.245861 -1.40004 0.000190738 -0.495346 0.141337 -0.0224835 -1.72408 1.56233 -0.00667582 -0.19894 -0.00324254 0.000572213 0.39044 -0.250115 -0.00164773 -0.197032 0.00133516 0.000190738 0.392729 -0.249621 0.000448977 
23 -0.00782013 0.00972748 0.245861 -1.40004 0.000190738 -0.495346 0.142481 -0.022102 -1.72103 1.56271 -0.0070573 -0.19894 -0.00324254 0.000572213 0.39044 -0.250115 -0.00164773 -0.197032 0.00133516 0.000190738 0.392729 -0.249621 0.000448977 
23 -0.00782013 0.00972748 0.245861 -1.40004 0.000190738 -0.495346 0.143626 -0.0213391 -1.71836 1.56348 -0.0070573 -0.19894 -0.00324254 0.000572213 0.39044 -0.250115 -0.00164773 -0.197032 0.00133516 0.000190738 0.392729 -0.249621 0.000448977 
23 -0.00782013 0.00972748 0.245861 -1.40004 0.000190738 -0.495346 0.144388 -0.0209575 -1.71492 1.56386 -0.00743877 -0.19894 -0.00324254 0.000572213 0.39044 -0.250115 -0.00164773 -0.197032 0.00133516 0.000190738 0.392729 -0.249621 0.000448977 
23 -0.00782013 0.00972748 0.245861 -1.40004 0.000190738 -0.495346 0.145533 -0.0201946 -1.71149 1.56462 -0.00743877 -0.19894 -0.00324254 0.000572213 0.39044 -0.250115 -0.00164773 -0.197032 0.00133516 0.000190738 0.392729 -0.249621 0.000448977 
23 -0.00782013 0.00972748 0.245861 -1.40004 0.000190738 -0.495346 0.147059 -0.0198131 -1.70806 1.56538 -0.00782025 -0.19894 -0.00324254 0.000572213 0.39044 -0.250115 -0.00164773 -0.197032 0.00133516 0.000190738 0.392729 -0.249621 0.000448977 
23 -0.00782013 0.00972748 0.245861 -1.40004 0.000190738 -0.495346 0.148203 -0.0194317 -1.705 1.56653 -0.00782025 -0.19894 -0.00324254 0.000572213 0.39044 -0.250115 -0.00164773 -0.197032 0.00133516 0.000190738 0.392729 -0.249621 0.000448977 
23 -0.00782013 0.00972748 0.245861 -1.40004 0.000190738 -0.495346 0.149348 -0.0190502 -1.70081 1.56767 -0.00820172 -0.19894 -0.00324254 0.000572213 0.39044 -0.250115 -0.00164773 -0.197032 0.00133516 0.000190738 0.392729 -0.249621 0.000448977 
23 -0.00782013 0.00972748 0.245861 -1.40004 0.000190738 -0.495346 0.150492 -0.0186687 -1.69738 1.56844 -0.00820172 -0.19894 -0.00324254 0.000572213 0.39044 -0.250115 -0.00164773 -0.197032 0.00133516 0.000190738 0.392729 -0.249621 0.000448977 
23 -0.00743866 0.00972748 0.245861 -1.40004 0.000190738 -0.495346 0.151637 -0.0182872 -1.69356 1.5692 -0.0085832 -0.19894 -0.00324254 0.000572213 0.39044 -0.250115 -0.00164773 -0.197032 0.00133516 0.000190738 0.392729 -0.249621 0.000448977 
23 -0.00782013 0.00972748 0.245861 -1.40004 0.000190738 -0.495346 0.153162 -0.0179058 -1.68936 1.56996 -0.0085832 -0.19894 -0.00324254 0.000572213 0.39044 -0.250115 -0.00164773 -0.197032 0.00133516 0.000190738 0.392729 -0.249621 0.000448977 
23 -0.00782013 0.00972748 0.245861 -1.40004 0.000190738 -0.495346 0.154307 -0.0175243 -1.68517 1.57073 -0.00896468 -0.19894 -0.00324254 0.000572213 0.39044 -0.250115 -0.00164773 -0.197032 0.00133516 0.000190738 0.392729 -0.249621 0.000448977 
23 -0.00782013 0.00972748 0.245861 -1.40004 0.000190738 -0.495346 0.155451 -0.0171428 -1.68135 1.57149 -0.00934615 -0.19894 -0.00324254 0.000572213 0.39044 -0.250115 -0.00164773 -0.197032 0.00133516 0.000190738 0.392729 -0.249621 0.000448977 
23 -0.00782013 0.00972748 0.245861 -1.40004 0.000190738 -0.495346 0.156596 -0.0163798 -1.67678 1.57263 -0.00934615 -0.19894 -0.00324254 0.000572213 0.39044 -0.250115 -0.00164773 -0.197032 0.00133516 0.000190738 0.392729 -0.249621 0.000448977 
23 -0.00782013 0.00972748 0.245861 -1.40004 0.000190738 -0.495346 0.157359 -0.0159984 -1.6722 1.57378 -0.00972763 -0.19894 -0.00324254 0.000572213 0.39044 -0.250115 -0.00164773 -0.197032 0.00133516 0.000190738 0.392729 -0.249621 0.000448977 
23 -0.00782013 0.00972748 0.245861 -1.40004 0.000190738 -0.495346 0.158885 -0.0156169 -1.668 1.57454 -0.00972763 -0.19894 -0.00324254 0.000572213 0.39044 -0.250115 -0.00164773 -0.197032 0.00133516 0.000190738 0.392729 -0.249621 0.000448977 
23 -0.00782013 0.00972748 0.245861 -1.40004 0.000190738 -0.495346 0.16041 -0.014854 -1.66304 1.57568 -0.00972763 -0.19894 -0.00324254 0.000572213 0.39044 -0.250115 -0.00164773 -0.197032 0.00133516 0.000190738 0.392729 -0.249621 0.000448977 
23 -0.00782013 0.00972748 0.245861 -1.40004 0.000190738 -0.495346 0.161555 -0.0144725 -1.65808 1.57683 -0.0101091 -0.19894 -0.00324254 0.000572213 0.39044 -0.250115 -0.00164773 -0.197032 0.00133516 0.000190738 0.392729 -0.249621 0.000448977 
23 -0.00782013 0.00972748 0.245861 -1.40004 0.000190738 -0.495346 0.162699 -0.014091 -1.65351 1.57759 -0.0104906 -0.19894 -0.00324254 0.000572213 0.39044 -0.250115 -0.00164773 -0.197032 0.00133516 0.000190738 0.392729 -0.249621 0.000448977 
23 -0.00782013 0.00972748 0.245861 -1.40004 0.000190738 -0.495346 0.163462 -0.0137095 -1.64855 1.57912 -0.0104906 -0.19894 -0.00324254 0.000572213 0.39044 -0.250115 -0.00164773 -0.197032 0.00133516 0.000190738 0.392729 -0.249621 0.000448977 
23 -0.00782013 0.00972748 0.245861 -1.40004 0.000190738 -0.495346 0.164988 -0.013328 -1.64359 1.58064 -0.0108721 -0.19894 -0.00324254 0.000572213 0.39044 -0.250115 -0.00164773 -0.197032 0.00133516 0.000190738 0.392729 -0.249621 0.000448977 
23 -0.00782013 0.00972748 0.245861 -1.40004 0.000190738 -0.495346 0.166514 -0.0129465 -1.63825 1.58179 -0.0108721 -0.19894 -0.00324254 0.000572213 0.39044 -0.250115 -0.00164773 -0.197032 0.00133516 0.000190738 0.392729 -0.249621 0.000448977 
23 -0.00782013 0.00972748 0.245861 -1.40004 0.000190738 -0.495346 0.167659 -0.0125651 -1.63252 1.58255 -0.0112535 -0.19894 -0.00324254 0.000572213 0.39044 -0.250115 -0.00164773 -0.197032 0.00133516 0.000190738 0.392729 -0.249621 0.000448977 
23 -0.00782013 0.00972748 0.245861 -1.40004 0.000190738 -0.495346 0.168421 -0.0121836 -1.62718 1.5837 -0.0112535 -0.19894 -0.00324254 0.000572213 0.39044 -0.250115 -0.00164773 -0.197032 0.00133516 0.000190738 0.392729 -0.249621 0.000448977 
23 -0.00782013 0.00972748 0.245861 -1.40004 0.000190738 -0.495346 0.169566 -0.0118021 -1.62184 1.58522 -0.011635 -0.19894 -0.00324254 0.000572213 0.39044 -0.250115 -0.00164773 -0.197032 0.00133516 0.000190738 0.392729 -0.249621 0.000448977 
23 -0.00782013 0.00972748 0.245861 -1.40004 0.000190738 -0.495346 0.17071 -0.0118021 -1.6165 1.58675 -0.0120165 -0.19894 -0.00324254 0.000572213 0.39044 -0.250115 -0.00164773 -0.197032 0.00133516 0.000190738 0.392729 -0.249621 0.000448977 
23 -0.00782013 0.00972748 0.245861 -1.40004 0.000190738 -0.495346 0.171855 -0.0114207 -1.6104 1.58789 -0.012398 -0.19894 -0.00324254 0.000572213 0.39044 -0.250115 -0.00164773 -0.197032 0.00133516 0.000190738 0.392729 -0.249621 0.000448977 
23 -0.00782013 0.00972748 0.245861 -1.40004 0.000190738 -0.495346 0.172999 -0.0110392 -1.60506 1.58904 -0.012398 -0.19894 -0.00324254 0.000572213 0.39044 -0.250115 -0.00164773 -0.197032 0.00133516 0.000190738 0.392729 -0.249621 0.000448977 
23 -0.00782013 0.00972748 0.245861 -1.40004 0.000190738 -0.495346 0.174144 -0.0110392 -1.59895 1.59056 -0.0127794 -0.19894 -0.00324254 0.000572213 0.39044 -0.250115 -0.00164773 -0.197032 0.00133516 0.000190738 0.392729 -0.249621 0.000448977 
23 -0.00782013 0.00972748 0.245861 -1.40004 0.000190738 -0.495346 0.175288 -0.0106577 -1.59285 1.59247 -0.0131609 -0.19894 -0.00324254 0.000572213 0.39044 -0.250115 -0.00164773 -0.197032 0.00133516 0.000190738 0.392729 -0.249621 0.000448977 
23 -0.00782013 0.00972748 0.245861 -1.40004 0.000190738 -0.495346 0.176432 -0.0106577 -1.58675 1.59361 -0.0135424 -0.19894 -0.00324254 0.000572213 0.39044 -0.250115 -0.00164773 -0.197032 0.00133516 0.000190738 0.392729 -0.249621 0.000448977 
23 -0.00782013 0.00972748 0.245861 -1.40004 0.000190738 -0.495346 0.177577 -0.0102763 -1.58064 1.59514 -0.0139239 -0.19894 -0.00324254 0.000572213 0.39044 -0.250115 -0.00164773 -0.197032 0.00133516 0.000190738 0.392729 -0.249621 0.000448977 
23 -0.00782013 0.00972748 0.245861 -1.40004 0.000190738 -0.495346 0.178721 -0.0102763 -1.57416 1.59628 -0.0143053 -0.19894 -0.00324254 0.000572213 0.39044 -0.250115 -0.00164773 -0.197032 0.00133516 0.000190738 0.392729 -0.249621 0.000448977 
23 -0.00782013 0.00972748 0.245861 -1.40004 0.000190738 -0.495346 0.179866 -0.00989479 -1.56767 1.59819 -0.0143053 -0.19894 -0.00324254 0.000572213 0.39044 -0.250115 -0.00164773 -0.197032 0.00133516 0.000190738 0.392729 -0.249621 0.000448977 
23 -0.00782013 0.00972748 0.245861 -1.40004 0.000190738 -0.495346 0.18101 -0.00951326 -1.56081 1.59972 -0.0146868 -0.19894 -0.00324254 0.000572213 0.39044 -0.250115 -0.00164773 -0.197032 0.00133516 0.000190738 0.392729 -0.249621 0.000448977 
23 -0.00782013 0.00972748 0.245861 -1.40004 0.000190738 -0.495346 0.181773 -0.00951326 -1.55432 1.60124 -0.0150683 -0.19894 -0.00324254 0.000572213 0.39044 -0.250115 -0.00164773 -0.197032 0.00133516 0.000190738 0.392729 -0.249621 0.000448977 
23 -0.00782013 0.00972748 0.245861 -1.40004 0.000190738 -0.495346 0.182918 -0.00913179 -1.54746 1.60277 -0.0154498 -0.19894 -0.00324254 0.000572213 0.39044 -0.250115 -0.00164773 -0.197032 0.00133516 0.000190738 0.392729 -0.249621 0.000448977 
23 -0.00782013 0.00972748 0.245861 -1.40004 0.000190738 -0.495346 0.184062 -0.00913179 -1.54097 1.60468 -0.0158312 -0.19894 -0.00324254 0.000572213 0.39044 -0.250115 -0.00164773 -0.197032 0.00133516 0.000190738 0.392729 -0.249621 0.000448977 
23 -0.00782013 0.00972748 0.245861 -1.40004 0.000190738 -0.495346 0.185206 -0.00913179 -1.53372 1.60658 -0.0158312 -0.19894 -0.00324254 0.000572213 0.39044 -0.250115 -0.00164773 -0.197032 0.00133516 0.000190738 0.392729 -0.249621 0.000448977 
23 -0.00782013 0.00972748 0.245861 -1.40004 0.000190738 -0.495346 0.186351 -0.00913179 -1.52686 1.60773 -0.0162127 -0.19894 -0.00324254 0.000572213 0.39044 -0.250115 -0.00164773 -0.197032 0.00133516 0.000190738 0.392729 -0.249621 0.000448977 
23 -0.00782013 0.00972748 0.245861 -1.40004 0.000190738 -0.495346 0.187495 -0.00875032 -1.51961 1.60925 -0.0162127 -0.19894 -0.00324254 0.000572213 0.39044 -0.250115 -0.00164773 -0.197032 0.00133516 0.000190738 0.392729 -0.249621 0.000448977 
23 -0.00782013 0.00972748 0.245861 -1.40004 0.000190738 -0.495346 0.188258 -0.00875032 -1.51236 1.61154 -0.0165942 -0.19894 -0.00324254 0.000572213 0.39044 -0.250115 -0.00164773 -0.197032 0.00133516 0.000190738 0.392729 -0.249621 0.000448977 
23 -0.00782013 0.00972748 0.245861 -1.40004 0.000190738 -0.495346 0.189784 -0.00875032 -1.50511 1.61307 -0.0165942 -0.19894 -0.00324254 0.000572213 0.39044 -0.250115 -0.00164773 -0.197032 0.00133516 0.000190738 0.392729 -0.249621 0.000448977 
23 -0.00782013 0.00972748 0.245861 -1.40004 0.000190738 -0.495346 0.190929 -0.00875032 -1.49748 1.6146 -0.0165942 -0.19894 -0.00324254 0.000572213 0.39044 -0.250115 -0.00164773 -0.197032 0.00133516 0.000190738 0.392729 -0.249621 0.000448977 
23 -0.00782013 0.0101089 0.245861 -1.40004 0.000190738 -0.495346 0.192073 -0.00913179 -1.49023 1.6165 -0.0169757 -0.19894 -0.00324254 0.000572213 0.39044 -0.250115 -0.00164773 -0.197032 0.00133516 0.000190738 0.392729 -0.249621 0.000448977 
23 -0.00782013 0.00972748 0.245861 -1.40004 0.000190738 -0.495346 0.192836 -0.00913179 -1.48222 1.61841 -0.0169757 -0.19894 -0.00324254 0.000572213 0.39044 -0.250115 -0.00164773 -0.197032 0.00133516 0.000190738 0.392729 -0.249621 0.000448977 
23 -0.00782013 0.00972748 0.245861 -1.40004 0.000190738 -0.495346 0.19398 -0.00913179 -1.47498 1.61994 -0.0173571 -0.19894 -0.00324254 0.000572213 0.39044 -0.250115 -0.00164773 -0.197032 0.00133516 0.000190738 0.392729 -0.249621 0.000448977 
23 -0.00782013 0.00972748 0.245861 -1.40004 0.000190738 -0.495346 0.194743 -0.00913179 -1.46696 1.62184 -0.0173571 -0.19894 -0.00324254 0.000572213 0.39044 -0.250115 -0.00164773 -0.197032 0.00133516 0.000190738 0.392729 -0.249621 0.000448977 
23 -0.00782013 0.00972748 0.245861 -1.40004 0.000190738 -0.495346 0.196269 -0.00913179 -1.45895 1.62375 -0.0173571 -0.19894 -0.00324254 0.000572213 0.39044 -0.250115 -0.00164773 -0.197032 0.00133516 0.000190738 0.392729 -0.249621 0.000448977 
23 -0.00782013 0.00972748 0.245861 -1.40004 0.000190738 -0.495346 0.197414 -0.00913179 -1.45094 1.62566 -0.0173571 -0.19894 -0.00324254 0.000572213 0.39044 -0.250115 -0.00164773 -0.197032 0.00133516 0.000190738 0.392729 -0.249621 0.000448977 
23 -0.00782013 0.00972748 0.245861 -1.40004 0.000190738 -0.495346 0.198558 -0.00951326 -1.44331 1.62718 -0.0177386 -0.19894 -0.00324254 0.000572213 0.39044 -0.250115 -0.00164773 -0.197032 0.00133516 0.000190738 0.392729 -0.249621 0.000448977 
23 -0.00782013 0.00972748 0.245861 -1.40004 0.000190738 -0.495346 0.199702 -0.00951326 -1.4353 1.62947 -0.0177386 -0.19894 -0.00324254 0.000572213 0.39044 -0.250115 -0.00164773 -0.197032 0.00133516 0.000190738 0.392729 -0.249621 0.000448977 
23 -0.00782013 0.00972748 0.245861 -1.40004 0.000190738 -0.495346 0.200465 -0.00951326 -1.42729 1.63138 -0.0177386 -0.19894 -0.00324254 0.000572213 0.39044 -0.249951 -0.00124844 -0.197032 0.00133516 0.000190738 0.392729 -0.249621 0.000448977 
23 -0.00782013 0.00972748 0.245861 -1.40004 0.000190738 -0.495346 0.20161 -0.00951326 -1.41928 1.63329 -0.0181201 -0.19894 -0.00324254 0.000572213 0.39044 -0.249951 -0.001248 -0.197032 0.00133516 0.000190738 0.392729 -0.249621 0.000448977 
23 -0.00782013 0.00972748 0.245861 -1.40004 0.000190738 -0.495346 0.203136 -0.00989479 -1.41051 1.63558 -0.0181201 -0.19894 -0.00324254 0.000572213 0.39044 -0.250115 -0.00164817 -0.197032 0.00133516 0.000190738 0.392729 -0.249621 0.000448977 
23 -0.00782013 0.00972748 0.245861 -1.40004 0.000190738 -0.495346 0.20428 -0.00989479 -1.40249 1.63748 -0.0181201 -0.19894 -0.00324254 0.000572213 0.39044 -0.250115 -0.00164773 -0.197032 0.00133516 0.000190738 0.392729 -0.249621 0.000448977 
23 -0.00782013 0.00972748 0.245861 -1.40004 0.000190738 -0.495346 0.205043 -0.00989479 -1.39448 1.63901 -0.0181201 -0.19894 -0.00324254 0.000572213 0.39044 -0.250115 -0.00164773 -0.197032 0.00133516 0.000190738 0.392729 -0.249621 0.000448977 
23 -0.00782013 0.00972748 0.245861 -1.40004 0.000190738 -0.495346 0.205806 -0.00989479 -1.38571 1.6413 -0.0185016 -0.19894 -0.00324254 0.000572213 0.39044 -0.250115 -0.00164773 -0.197032 0.00133516 0.000190738 0.392729 -0.249621 0.000448977 
23 -0.00782013 0.00972748 0.246242 -1.40004 0.000190738 -0.495346 0.206569 -0.0102763 -1.37732 1.64359 -0.0185016 -0.19894 -0.00324254 0.000572213 0.39044 -0.250115 -0.00164773 -0.197032 0.00133516 0.000190738 0.392729 -0.249621 0.000448977 
23 -0.00782013 0.00972748 0.245861 -1.40004 0.000190738 -0.495346 0.207713 -0.0102763 -1.36931 1.64549 -0.0185016 -0.19894 -0.00324254 0.000572213 0.39044 -0.250115 -0.00164773 -0.197032 0.00133516 0.000190738 0.392729 -0.249621 0.000448977 
23 -0.00782013 0.00972748 0.246242 -1.40004 0.000190738 -0.495346 0.208858 -0.0102763 -1.36053 1.64778 -0.0185016 -0.19894 -0.00324254 0.000572213 0.39044 -0.250115 -0.00164773 -0.197032 0.00133516 0.000190738 0.392729 -0.249621 0.000448977 
23 -0.00782013 0.00972748 0.246242 -1.40004 0.000190738 -0.495346 0.210002 -0.0106577 -1.35214 1.64969 -0.0185016 -0.19894 -0.00324254 0.000572213 0.39044 -0.250115 -0.00164773 -0.197032 0.00133516 0.000190738 0.392729 -0.249621 0.000448977 
23 -0.00782013 0.00972748 0.246242 -1.40004 0.000190738 -0.495346 0.210765 -0.0106577 -1.34375 1.65198 -0.018883 -0.19894 -0.00324254 0.000572213 0.39044 -0.250115 -0.00164773 -0.197032 0.00133516 0.000190738 0.392729 -0.249621 0.000448977 
23 -0.00782013 0.00972748 0.245861 -1.40004 0.000190738 -0.495346 0.21191 -0.0106577 -1.33497 1.65427 -0.018883 -0.19894 -0.00324254 0.000572213 0.39044 -0.250115 -0.00164773 -0.197032 0.00133516 0.000190738 0.392729 -0.249621 0.000448977 
23 -0.00782013 0.00972748 0.245861 -1.40004 0.000190738 -0.495346 0.212673 -0.0110392 -1.32658 1.65656 -0.018883 -0.19894 -0.00324254 0.000572213 0.39044 -0.250115 -0.00164773 -0.197032 0.00133516 0.000190738 0.392729 -0.249621 0.000448977 
23 -0.00782013 0.00972748 0.246242 -1.40004 0.000190738 -0.495346 0.213436 -0.0110392 -1.31819 1.65846 -0.018883 -0.19894 -0.00324254 0.000572213 0.39044 -0.249951 -0.00124844 -0.197032 0.00133516 0.000190738 0.392729 -0.249621 0.000448977 
23 -0.00782013 0.00972748 0.246242 -1.40004 0.000190738 -0.495346 0.214199 -0.0114207 -1.30941 1.66114 -0.018883 -0.19894 -0.00324254 0.000572213 0.39044 -0.250115 -0.00164817 -0.197032 0.00133516 0.000190738 0.392729 -0.249621 0.000448977 
23 -0.00782013 0.00972748 0.246242 -1.40004 0.000190738 -0.495346 0.215343 -0.0114207 -1.30102 1.66342 -0.018883 -0.19894 -0.00324254 0.000572213 0.39044 -0.250115 -0.00164773 -0.197032 0.00133516 0.000190738 0.392729 -0.249621 0.000448977 
23 -0.00782013 0.00972748 0.246242 -1.40004 0.000190738 -0.495346 0.216106 -0.0118021 -1.29225 1.66571 -0.018883 -0.19894 -0.00324254 0.000572213 0.39044 -0.250115 -0.00164773 -0.197032 0.00133516 0.000190738 0.392729 -0.249621 0.000448977 
23 -0.00782013 0.00972748 0.246242 -1.40004 0.000190738 -0.495346 0.216869 -0.0118021 -1.28386 1.66838 -0.0192645 -0.19894 -0.00324254 0.000572213 0.39044 -0.250115 -0.00164773 -0.197032 0.00133516 0.000190738 0.392729 -0.249621 0.000448977 
23 -0.00782013 0.00972748 0.246242 -1.40004 0.000190738 -0.495346 0.21725 -0.0121836 -1.27546 1.67029 -0.0192645 -0.19894 -0.00324254 0.000572213 0.39044 -0.250115 -0.00164773 -0.197032 0.00133516 0.000190738 0.392729 -0.249621 0.000448977 
23 -0.00782013 0.00972748 0.246242 -1.40004 0.000190738 -0.495346 0.218013 -0.0125651 -1.26707 1.67296 -0.0192645 -0.19894 -0.00324254 0.000572213 0.39044 -0.250115 -0.00164773 -0.197032 0.00133516 0.000190738 0.392729 -0.249621 0.000448977 
23 -0.00782013 0.00972748 0.246242 -1.40004 0.000190738 -0.495346 0.218395 -0.0125651 -1.25868 1.67525 -0.0192645 -0.19894 -0.00324254 0.000572213 0.39044 -0.250115 -0.00164773 -0.197032 0.00133516 0.000190738 0.392729 -0.249621 0.000448977 
23 -0.00782013 0.00972748 0.246242 -1.40004 0.000190738 -0.495346 0.218776 -0.0129465 -1.2499 1.67754 -0.0192645 -0.19894 -0.00324254 0.000572213 0.39044 -0.250115 -0.00164773 -0.197032 0.00133516 0.000190738 0.392729 -0.249621 0.000448977 
23 -0.00782013 0.00972748 0.246242 -1.40004 0.000190738 -0.495346 0.219539 -0.0129465 -1.24189 1.68059 -0.0192645 -0.19894 -0.00324254 0.000572213 0.39044 -0.250115 -0.00164773 -0.197032 0.00133516 0.000190738 0.392729 -0.249621 0.000448977 
23 -0.00782013 0.00972748 0.246242 -1.40004 0.000190738 -0.495346 0.219921 -0.013328 -1.23312 1.6825 -0.0192645 -0.19894 -0.00324254 0.000572213 0.39044 -0.250115 -0.00164773 -0.197032 0.00133516 0.000190738 0.392729 -0.249621 0.000448977 
23 -0.00782013 0.00972748 0.246242 -1.40004 0.000190738 -0.495346 0.220684 -0.013328 -1.22473 1.68479 -0.019646 -0.19894 -0.00324254 0.000572213 0.39044 -0.250115 -0.00164773 -0.197032 0.00133516 0.000190738 0.392729 -0.249621 0.000448977 
23 -0.00782013 0.00972748 0.246242 -1.40004 0.000190738 -0.495346 0.221065 -0.0137095 -1.21672 1.68746 -0.019646 -0.19894 -0.00324254 0.000572213 0.39044 -0.250115 -0.00164773 -0.197032 0.00133516 0.000190738 0.392729 -0.249621 0.000448977 
23 -0.00782013 0.00972748 0.246242 -1.40004 0.000190738 -0.495346 0.221828 -0.0137095 -1.20794 1.68936 -0.019646 -0.19894 -0.00324254 0.000572213 0.39044 -0.250115 -0.00164773 -0.197032 0.00133516 0.000190738 0.392729 -0.249621 0.000448977 
23 -0.00782013 0.00972748 0.246242 -1.40004 0.000190738 -0.495346 0.22221 -0.014091 -1.19993 1.69242 -0.019646 -0.19894 -0.00324254 0.000572213 0.39044 -0.250115 -0.00164773 -0.197032 0.00133516 0.000190738 0.392729 -0.249621 0.000448977 
23 -0.00782013 0.00972748 0.246242 -1.40004 0.000190738 -0.495346 0.22221 -0.0144725 -1.19192 1.69432 -0.019646 -0.19894 -0.00324254 0.000572213 0.39044 -0.250115 -0.00164773 -0.197032 0.00133516 0.000190738 0.392729 -0.249621 0.000448977 
23 -0.00782013 0.00972748 0.246242 -1.40004 0.000190738 -0.495346 0.222591 -0.0144725 -1.18353 1.69661 -0.019646 -0.19894 -0.00324254 0.000572213 0.39044 -0.250115 -0.00164773 -0.197032 0.00133516 0.000190738 0.392729 -0.249621 0.000448977 
23 -0.00782013 0.00972748 0.246242 -1.40004 0.000190738 -0.495346 0.222972 -0.0144725 -1.17552 1.69928 -0.019646 -0.19894 -0.00324254 0.000572213 0.39044 -0.250115 -0.00164773 -0.197032 0.00133516 0.000190738 0.392729 -0.249621 0.000448977 
23 -0.00782013 0.00972748 0.246242 -1.40004 0.000190738 -0.495346 0.222972 -0.014854 -1.16751 1.70119 -0.019646 -0.19894 -0.00324254 0.000572213 0.39044 -0.249951 -0.00124844 -0.197032 0.00133516 0.000190738 0.392729 -0.249621 0.000448977 
23 -0.00782013 0.00972748 0.246242 -1.40004 0.000190738 -0.495346 0.222972 -0.014854 -1.15949 1.70386 -0.0192645 -0.19894 -0.00324254 0.000572213 0.39044 -0.250115 -0.00164817 -0.197032 0.00133516 0.000190738 0.392729 -0.249621 0.000448977 
23 -0.00782013 0.00972748 0.246242 -1.40004 0.000190738 -0.495346 0.223354 -0.0152354 -1.15148 1.70615 -0.0192645 -0.19894 -0.00324254 0.000572213 0.39044 -0.250115 -0.00164773 -0.197032 0.00133516 0.000190738 0.392729 -0.249621 0.000448977 
23 -0.00782013 0.00972748 0.246242 -1.40004 0.000190738 -0.495346 0.223354 -0.0152354 -1.14385 1.70806 -0.0192645 -0.19894 -0.00324254 0.000572213 0.39044 -0.250115 -0.00164773 -0.197032 0.00133516 0.000190738 0.392729 -0.249621 0.000448977 
23 -0.00782013 0.00972748 0.246242 -1.40004 0.000190738 -0.495346 0.223354 -0.0156169 -1.13622 1.71073 -0.0192645 -0.19894 -0.00324254 0.000572213 0.39044 -0.250115 -0.00164773 -0.197032 0.00133516 0.000190738 0.392729 -0.249621 0.000448977 
23 -0.00782013 0.00972748 0.246242 -1.40004 0.000190738 -0.495346 0.223354 -0.0156169 -1.1286 1.71302 -0.0192645 -0.19894 -0.00324254 0.000572213 0.39044 -0.250115 -0.00164773 -0.197032 0.00133516 0.000190738 0.392729 -0.249621 0.000448977 
23 -0.00782013 0.00972748 0.246242 -1.40004 0.000190738 -0.495346 0.223354 -0.0159984 -1.12097 1.71492 -0.0192645 -0.19894 -0.00324254 0.000572213 0.39044 -0.250115 -0.00164773 -0.197032 0.00133516 0.000190738 0.392729 -0.249621 0.000448977 
23 -0.00782013 0.00972748 0.246242 -1.40004 0.000190738 -0.495346 0.223354 -0.0159984 -1.11372 1.71759 -0.0192645 -0.19894 -0.00324254 0.000572213 0.39044 -0.250115 -0.00164773 -0.197032 0.00133516 0.000190738 0.392729 -0.249621 0.000448977 
23 -0.00782013 0.00972748 0.245861 -1.40004 0.000190738 -0.495346 0.223354 -0.0159984 -1.10647 1.7195 -0.0192645 -0.19894 -0.00324254 0.000572213 0.39044 -0.250115 -0.00164773 -0.197032 0.00133516 0.000190738 0.392729 -0.249621 0.000448977 
23 -0.00782013 0.00972748 0.245861 -1.40004 0.000190738 -0.495346 0.223354 -0.0159984 -1.09922 1.72141 -0.0192645 -0.19894 -0.00324254 0.000572213 0.39044 -0.249951 -0.00124844 -0.197032 0.00133516 0.000190738 0.392729 -0.249621 0.000448977 
23 -0.00782013 0.00972748 0.246242 -1.40004 0.000190738 -0.495346 0.223354 -0.0159984 -1.09236 1.72408 -0.0192645 -0.19894 -0.00324254 0.000572213 0.39044 -0.249951 -0.001248 -0.197032 0.00133516 0.000190738 0.392729 -0.249621 0.000448977 
23 -0.00782013 0.00972748 0.246242 -1.40004 0.000190738 -0.495346 0.223354 -0.0163798 -1.08511 1.72599 -0.0192645 -0.19894 -0.00324254 0.000572213 0.39044 -0.249951 -0.001248 -0.197032 0.00133516 0.000190738 0.392729 -0.249621 0.000448977 
23 -0.00782013 0.00972748 0.246242 -1.40004 0.000190738 -0.495346 0.222972 -0.0163798 -1.07824 1.72789 -0.0192645 -0.19894 -0.00324254 0.000572213 0.39044 -0.250115 -0.00164817 -0.197032 0.00133516 0.000190738 0.392729 -0.249621 0.000448977 
23 -0.00782013 0.00972748 0.245861 -1.40004 0.000190738 -0.495346 0.222972 -0.0163798 -1.07176 1.73056 -0.0192645 -0.19894 -0.00324254 0.000572213 0.39044 -0.249951 -0.00124844 -0.197032 0.00133516 0.000190738 0.392729 -0.249621 0.000448977 
23 -0.00782013 0.00972748 0.246242 -1.40004 0.000190738 -0.495346 0.222972 -0.0163798 -1.06527 1.73247 -0.0192645 -0.19894 -0.00324254 0.000572213 0.39044 -0.249951 -0.001248 -0.197032 0.00133516 0.000190738 0.392729 -0.249621 0.000448977 
23 -0.00782013 0.00972748 0.246242 -1.40004 0.000190738 -0.495346 0.222591 -0.0163798 -1.05879 1.73438 -0.0192645 -0.19894 -0.00324254 0.000572213 0.39044 -0.249951 -0.001248 -0.197032 0.00133516 0.000190738 0.392729 -0.249621 0.000448977 
23 -0.00782013 0.00972748 0.245861 -1.40004 0.000190738 -0.495346 0.222591 -0.0167613 -1.05268 1.73667 -0.0192645 -0.19894 -0.00324254 0.000572213 0.39044 -0.249951 -0.001248 -0.197032 0.00133516 0.000190738 0.392729 -0.249621 0.000448977 
23 -0.00782013 0.00972748 0.245861 -1.40004 0.000190738 -0.495346 0.222591 -0.0167613 -1.04658 1.73857 -0.018883 -0.19894 -0.00324254 0.000572213 0.39044 -0.249951 -0.001248 -0.197032 0.00133516 0.000190738 0.392729 -0.249621 0.000448977 
23 -0.00782013 0.00972748 0.246242 -1.40004 0.000190738 -0.495346 0.22221 -0.0167613 -1.04047 1.74048 -0.018883 -0.19894 -0.00324254 0.000572213 0.39044 -0.249951 -0.001248 -0.197032 0.00133516 0.000190738 0.392729 -0.249621 0.000448977 
23 -0.00782013 0.00972748 0.246242 -1.40004 0.000190738 -0.495346 0.22221 -0.0167613 -1.03437 1.74315 -0.018883 -0.19894 -0.00324254 0.000572213 0.39044 -0.249951 -0.001248 -0.197032 0.00133516 0.000190738 0.392729 -0.249621 0.000448977 
23 -0.00782013 0.00972748 0.246242 -1.40004 0.000190738 -0.495346 0.221828 -0.0167613 -1.02903 1.74468 -0.018883 -0.19894 -0.00324254 0.000572213 0.39044 -0.249951 -0.001248 -0.197032 0.00133516 0.000190738 0.392729 -0.249621 0.000448977 
23 -0.00782013 0.00972748 0.246242 -1.40004 0.000190738 -0.495346 0.221447 -0.0167613 -1.02331 1.74659 -0.0185016 -0.19894 -0.00324254 0.000572213 0.39044 -0.249951 -0.001248 -0.197032 0.00133516 0.000190738 0.392729 -0.249621 0.000448977 
23 -0.00782013 0.00972748 0.246242 -1.40004 0.000190738 -0.495346 0.220684 -0.0167613 -1.01835 1.74887 -0.0185016 -0.19894 -0.00324254 0.000572213 0.39044 -0.249951 -0.001248 -0.197032 0.00133516 0.000190738 0.392729 -0.249621 0.000448977 
23 -0.00782013 0.00972748 0.246242 -1.40004 0.000190738 -0.495346 0.220302 -0.0167613 -1.01301 1.75078 -0.0185016 -0.19894 -0.00324254 0.000572213 0.39044 -0.249951 -0.001248 -0.197032 0.00133516 0.000190738 0.392729 -0.249621 0.000448977 
23 -0.00782013 0.00972748 0.245861 -1.40004 0.000190738 -0.495346 0.219921 -0.0167613 -1.00805 1.75231 -0.0181201 -0.19894 -0.00324254 0.000572213 0.39044 -0.249951 -0.001248 -0.197032 0.00133516 0.000190738 0.392729 -0.249621 0.000448977 
23 -0.00782013 0.00972748 0.246242 -1.40004 0.000190738 -0.495346 0.219539 -0.0167613 -1.00271 1.7546 -0.0181201 -0.19894 -0.00324254 0.000572213 0.39044 -0.250115 -0.00164817 -0.197032 0.00133516 0.000190738 0.392729 -0.249621 0.000448977 
23 -0.00782013 0.00972748 0.246242 -1.40004 0.000190738 -0.495346 0.219539 -0.0167613 -0.998131 1.7565 -0.0181201 -0.19894 -0.00324254 0.000572213 0.39044 -0.249951 -0.00124844 -0.197032 0.00133516 0.000190738 0.392729 -0.249621 0.000448977 
23 -0.00782013 0.00972748 0.246242 -1.40004 0.000190738 -0.495346 0.219158 -0.0167613 -0.993553 1.75803 -0.0177386 -0.19894 -0.00324254 0.000572213 0.39044 -0.250115 -0.00164817 -0.197032 0.00133516 0.000190738 0.392729 -0.249621 0.000448977 
23 -0.00782013 0.00972748 0.246242 -1.40004 0.000190738 -0.495346 0.218776 -0.0167613 -0.988975 1.76032 -0.0177386 -0.19894 -0.00324254 0.000572213 0.39044 -0.249951 -0.00124844 -0.197032 0.00133516 0.000190738 0.392729 -0.249621 0.000448977 
23 -0.00782013 0.00972748 0.246242 -1.40004 0.000190738 -0.495346 0.218395 -0.0167613 -0.984779 1.76184 -0.0177386 -0.19894 -0.00324254 0.000572213 0.39044 -0.249951 -0.001248 -0.197032 0.00133516 0.000190738 0.392729 -0.249621 0.000448977 
23 -0.00782013 0.00972748 0.246242 -1.40004 0.000190738 -0.495346 0.218013 -0.0167613 -0.980964 1.76375 -0.0173571 -0.19894 -0.00324254 0.000572213 0.39044 -0.249951 -0.001248 -0.197032 0.00133516 0.000190738 0.392729 -0.249621 0.000448977 
23 -0.00782013 0.00972748 0.246242 -1.40004 0.000190738 -0.495346 0.217632 -0.0167613 -0.97715 1.76528 -0.0173571 -0.19894 -0.00324254 0.000572213 0.39044 -0.249951 -0.001248 -0.197032 0.00133516 0.000190738 0.392729 -0.249621 0.000448977 
23 -0.00782013 0.00972748 0.246242 -1.40004 0.000190738 -0.495346 0.21725 -0.0167613 -0.973335 1.76757 -0.0169757 -0.19894 -0.00324254 0.000572213 0.39044 -0.249951 -0.001248 -0.197032 0.00133516 0.000190738 0.392729 -0.249621 0.000448977 
23 -0.00782013 0.00972748 0.246242 -1.40004 0.000190738 -0.495346 0.216869 -0.0167613 -0.969902 1.76909 -0.0169757 -0.19894 -0.00324254 0.000572213 0.39044 -0.249951 -0.001248 -0.197032 0.00133516 0.000190738 0.392729 -0.249621 0.000448977 
23 -0.00782013 0.00972748 0.246242 -1.40004 0.000190738 -0.495346 0.216487 -0.0167613 -0.966468 1.77062 -0.0169757 -0.19894 -0.00324254 0.000572213 0.39044 -0.249951 -0.001248 -0.197032 0.00133516 0.000190738 0.392729 -0.249621 0.000448977 
23 -0.00782013 0.00972748 0.246242 -1.40004 0.000190738 -0.495346 0.216106 -0.0167613 -0.963417 1.77253 -0.0165942 -0.19894 -0.00324254 0.000572213 0.39044 -0.249951 -0.001248 -0.197032 0.00133516 0.000190738 0.392729 -0.249621 0.000448977 
23 -0.00782013 0.00972748 0.246242 -1.40004 0.000190738 -0.495346 0.215724 -0.0167613 -0.960365 1.77443 -0.0165942 -0.19894 -0.00324254 0.000572213 0.39044 -0.249951 -0.001248 -0.197032 0.00133516 0.000190738 0.392729 -0.249621 0.000448977 
23 -0.00782013 0.00972748 0.246242 -1.40004 0.000190738 -0.495346 0.214961 -0.0167613 -0.957694 1.77596 -0.0165942 -0.19894 -0.00324254 0.000572213 0.39044 -0.249951 -0.001248 -0.197032 0.00133516 0.000190738 0.393111 -0.249621 0.000448977 
23 -0.00782013 0.00972748 0.246242 -1.40004 0.000190738 -0.495346 0.214199 -0.0167613 -0.955024 1.7771 -0.0162127 -0.19894 -0.00324254 0.000572213 0.39044 -0.249951 -0.001248 -0.197032 0.00133516 0.000190738 0.392729 -0.249621 0.000448977 
23 -0.00782013 0.00972748 0.246242 -1.40004 0.000190738 -0.495346 0.213817 -0.0167613 -0.952735 1.77939 -0.0162127 -0.19894 -0.00324254 0.000572213 0.39044 -0.249951 -0.001248 -0.197032 0.00133516 0.000190738 0.392729 -0.249621 0.000448977 
23 -0.00782013 0.00972748 0.246242 -1.40004 0.000190738 -0.495346 0.213054 -0.0167613 -0.950446 1.78092 -0.0162127 -0.19894 -0.00324254 0.000572213 0.39044 -0.249951 -0.001248 -0.197032 0.00133516 0.000190738 0.392729 -0.249621 0.000448977 
23 -0.00782013 0.00972748 0.246242 -1.40004 0.000190738 -0.495346 0.212673 -0.0167613 -0.948539 1.78206 -0.0158312 -0.19894 -0.00324254 0.000572213 0.39044 -0.249951 -0.001248 -0.197032 0.00133516 0.000190738 0.392729 -0.249621 0.000448977 
23 -0.00782013 0.00972748 0.246242 -1.40004 0.000190738 -0.495346 0.212291 -0.0167613 -0.946632 1.78359 -0.0158312 -0.19894 -0.00324254 0.000572213 0.39044 -0.249951 -0.001248 -0.197032 0.00133516 0.000190738 0.392729 -0.249621 0.000448977 
23 -0.00782013 0.00972748 0.246242 -1.40004 0.000190738 -0.495346 0.211528 -0.0167613 -0.945487 1.7855 -0.0154498 -0.19894 -0.00324254 0.000572213 0.39044 -0.249951 -0.001248 -0.197032 0.00133516 0.000190738 0.392729 -0.249621 0.000448977 
23 -0.00782013 0.00972748 0.246242 -1.40004 0.000190738 -0.495346 0.211147 -0.0167613 -0.943961 1.78664 -0.0150683 -0.19894 -0.00324254 0.000572213 0.39044 -0.249951 -0.001248 -0.197032 0.00133516 0.000190738 0.392729 -0.249621 0.000448977 
23 -0.00782013 0.00972748 0.246242 -1.40004 0.000190738 -0.495346 0.210384 -0.0163798 -0.942817 1.78817 -0.0146868 -0.19894 -0.00324254 0.000572213 0.39044 -0.249951 -0.001248 -0.197032 0.00133516 0.000190738 0.392729 -0.249621 0.000448977 
23 -0.00782013 0.00972748 0.246242 -1.40004 0.000190738 -0.495346 0.210002 -0.0163798 -0.942054 1.78931 -0.0146868 -0.19894 -0.00324254 0.000572213 0.39044 -0.249951 -0.001248 -0.197032 0.00133516 0.000190738 0.392729 -0.249621 0.000448977 
23 -0.00782013 0.00972748 0.246242 -1.40004 0.000190738 -0.495346 0.208858 -0.0163798 -0.941291 1.79122 -0.0143053 -0.19894 -0.00324254 0.000572213 0.39044 -0.249951 -0.001248 -0.197032 0.00133516 0.000190738 0.392729 -0.249621 0.000448977 
23 -0.00782013 0.00972748 0.246242 -1.40004 0.000190738 -0.495346 0.208095 -0.0163798 -0.940909 1.79274 -0.0139239 -0.19894 -0.00324254 0.000572213 0.39044 -0.249951 -0.001248 -0.197032 0.00133516 0.000190738 0.392729 -0.249621 0.000448977 
23 -0.00782013 0.00972748 0.246242 -1.40004 0.000190738 -0.495346 0.207332 -0.0163798 -0.940528 1.79389 -0.0135424 -0.19894 -0.00324254 0.000572213 0.39044 -0.249951 -0.001248 -0.197032 0.00133516 0.000190738 0.392729 -0.249621 0.000448977 
23 -0.00782013 0.00972748 0.246242 -1.40004 0.000190738 -0.495346 0.206569 -0.0163798 -0.940528 1.79503 -0.0131609 -0.19894 -0.00324254 0.000572213 0.39044 -0.249951 -0.001248 -0.197032 0.00133516 0.000190738 0.392729 -0.249621 0.000448977 
23 -0.00782013 0.00972748 0.246242 -1.40004 0.000190738 -0.495346 0.205806 -0.0159984 -0.940909 1.7958 -0.0127794 -0.19894 -0.00324254 0.000572213 0.39044 -0.249951 -0.001248 -0.197032 0.00133516 0.000190738 0.392729 -0.249621 0.000448977 
23 -0.00782013 0.00972748 0.246242 -1.40004 0.000190738 -0.495346 0.205043 -0.0159984 -0.941291 1.79732 -0.012398 -0.19894 -0.00324254 0.000572213 0.39044 -0.249951 -0.001248 -0.197032 0.00133516 0.000190738 0.392729 -0.249621 0.000448977 
23 -0.00782013 0.00972748 0.246242 -1.40004 0.000190738 -0.495346 0.20428 -0.0159984 -0.942054 1.79847 -0.0120165 -0.19894 -0.00324254 0.000572213 0.39044 -0.249951 -0.001248 -0.197032 0.00133516 0.000190738 0.392729 -0.249621 0.000448977 
23 -0.00782013 0.00972748 0.246242 -1.40004 0.000190738 -0.495346 0.203517 -0.0159984 -0.942817 1.79961 -0.011635 -0.19894 -0.00324254 0.000572213 0.39044 -0.249951 -0.001248 -0.197032 0.00133516 0.000190738 0.392729 -0.249621 0.000448977 
23 -0.00782013 0.00972748 0.246242 -1.40004 0.000190738 -0.495346 0.202754 -0.0156169 -0.94358 1.80076 -0.0112535 -0.19894 -0.00324254 0.000572213 0.39044 -0.249951 -0.001248 -0.197032 0.00133516 0.000190738 0.392729 -0.249621 0.000448977 
23 -0.00782013 0.00972748 0.246242 -1.40004 0.000190738 -0.495346 0.20161 -0.0156169 -0.944724 1.80152 -0.0108721 -0.19894 -0.00324254 0.000572213 0.39044 -0.249951 -0.001248 -0.197032 0.00133516 0.000190738 0.392729 -0.249621 0.000448977 
23 -0.00782013 0.00972748 0.246242 -1.40004 0.000190738 -0.495346 0.200465 -0.0156169 -0.945869 1.80266 -0.0104906 -0.19894 -0.00324254 0.000572213 0.39044 -0.249951 -0.001248 -0.197032 0.00133516 0.000190738 0.392729 -0.249621 0.000448977 
23 -0.00782013 0.00972748 0.246242 -1.40004 0.000190738 -0.495346 0.199702 -0.0152354 -0.947013 1.80419 -0.0101091 -0.19894 -0.00324254 0.000572213 0.39044 -0.249951 -0.001248 -0.197032 0.00133516 0.000190738 0.392729 -0.249621 0.000448977 
23 -0.00782013 0.00972748 0.246242 -1.40004 0.000190738 -0.495346 0.19894 -0.0152354 -0.948539 1.80495 -0.00972763 -0.19894 -0.00324254 0.000572213 0.39044 -0.249951 -0.001248 -0.197032 0.00133516 0.000190738 0.392729 -0.249621 0.000448977 
23 -0.00782013 0.00972748 0.246242 -1.40004 0.000190738 -0.495346 0.198177 -0.0152354 -0.950446 1.80571 -0.00934615 -0.19894 -0.00324254 0.000572213 0.39044 -0.249951 -0.001248 -0.197032 0.00133516 0.000190738 0.392729 -0.249621 0.000448977 
23 -0.00782013 0.00972748 0.246242 -1.40004 0.000190738 -0.495346 0.197032 -0.014854 -0.952354 1.80648 -0.00896468 -0.19894 -0.00324254 0.000572213 0.39044 -0.249951 -0.001248 -0.197032 0.00133516 0.000190738 0.392729 -0.249621 0.000448977 
23 -0.00782013 0.00972748 0.246242 -1.40004 0.000190738 -0.495346 0.195506 -0.014854 -0.954261 1.80724 -0.0085832 -0.19894 -0.00324254 0.000572213 0.39044 -0.249951 -0.001248 -0.197032 0.00133516 0.000190738 0.392729 -0.249621 0.000448977 
23 -0.00782013 0.00972748 0.246242 -1.40004 0.000190738 -0.495346 0.194362 -0.014854 -0.95655 1.808 -0.00820172 -0.19894 -0.00324254 0.000572213 0.39044 -0.249951 -0.001248 -0.197032 0.00133516 0.000190738 0.392729 -0.249621 0.000448977 
23 -0.00782013 0.00972748 0.246242 -1.40004 0.000190738 -0.495346 0.193599 -0.014854 -0.958839 1.80877 -0.00782025 -0.19894 -0.00324254 0.000572213 0.39044 -0.249951 -0.001248 -0.197032 0.00133516 0.000190738 0.392729 -0.249621 0.000448977 
23 -0.00782013 0.00972748 0.246242 -1.40004 0.000190738 -0.495346 0.192454 -0.0144725 -0.961509 1.80953 -0.00743877 -0.19894 -0.00324254 0.000572213 0.39044 -0.249951 -0.001248 -0.197032 0.00133516 0.000190738 0.392729 -0.249621 0.000448977 
23 -0.00782013 0.00972748 0.246242 -1.40004 0.000190738 -0.495346 0.191691 -0.0144725 -0.964179 1.81029 -0.0070573 -0.19894 -0.00324254 0.000572213 0.39044 -0.249951 -0.001248 -0.197032 0.00133516 0.000190738 0.392729 -0.249621 0.000448977 
23 -0.00782013 0.00972748 0.246242 -1.40004 0.000190738 -0.495346 0.190166 -0.0144725 -0.967231 1.81067 -0.00667582 -0.19894 -0.00324254 0.000572213 0.39044 -0.249951 -0.001248 -0.197032 0.00133516 0.000190738 0.392729 -0.249621 0.000448977 
23 -0.00782013 0.00972748 0.246242 -1.40004 0.000190738 -0.495346 0.189021 -0.014091 -0.970283 1.81106 -0.00629435 -0.19894 -0.00324254 0.000572213 0.39044 -0.249951 -0.001248 -0.197032 0.00133516 0.000190738 0.392729 -0.249621 0.000448977 
23 -0.00782013 0.00972748 0.246242 -1.40004 0.000190738 -0.495346 0.187877 -0.014091 -0.972953 1.81144 -0.00591287 -0.19894 -0.00324254 0.000572213 0.39044 -0.249951 -0.001248 -0.197032 0.00133516 0.000190738 0.392729 -0.249621 0.000448977 
23 -0.00782013 0.00972748 0.246242 -1.40004 0.000190738 -0.495346 0.186732 -0.0137095 -0.976387 1.81182 -0.0055314 -0.19894 -0.00324254 0.000572213 0.39044 -0.249951 -0.001248 -0.197032 0.00133516 0.000190738 0.392729 -0.249621 0.000448977 
23 -0.00782013 0.00972748 0.246242 -1.40004 0.000190738 -0.495346 0.185588 -0.0137095 -0.97982 1.8122 -0.00514992 -0.19894 -0.00324254 0.000572213 0.39044 -0.249951 -0.001248 -0.197032 0.00133516 0.000190738 0.392729 -0.249621 0.000448977 
23 -0.00782013 0.00972748 0.246242 -1.40004 0.000190738 -0.495346 0.184443 -0.0137095 -0.983253 1.81296 -0.00476844 -0.19894 -0.00324254 0.000572213 0.39044 -0.249951 -0.001248 -0.197032 0.00133516 0.000190738 0.392729 -0.249621 0.000448977 
23 -0.00782013 0.00972748 0.245861 -1.40004 0.000190738 -0.495346 0.182918 -0.0137095 -0.986687 1.81334 -0.00438697 -0.19894 -0.00324254 0.000572213 0.39044 -0.249951 -0.001248 -0.197032 0.00133516 0.000190738 0.392729 -0.249621 0.000448977 
23 -0.00782013 0.00972748 0.245861 -1.40004 0.000190738 -0.495346 0.181773 -0.013328 -0.990501 1.81373 -0.00400549 -0.19894 -0.00324254 0.000572213 0.39044 -0.249951 -0.001248 -0.197032 0.00133516 0.000190738 0.392729 -0.249621 0.000448977 
23 -0.00782013 0.00972748 0.245861 -1.40004 0.000190738 -0.495346 0.18101 -0.013328 -0.994698 1.81411 -0.00400549 -0.19894 -0.00324254 0.000572213 0.39044 -0.249951 -0.001248 -0.197032 0.00133516 0.000190738 0.392729 -0.249621 0.000448977 
23 -0.00782013 0.00972748 0.245861 -1.40004 0.000190738 -0.495346 0.179866 -0.013328 -0.998512 1.81449 -0.00362402 -0.19894 -0.00324254 0.000572213 0.39044 -0.249951 -0.001248 -0.197032 0.00133516 0.000190738 0.392729 -0.249621 0.000448977 
23 -0.00782013 0.00972748 0.245861 -1.40004 0.000190738 -0.495346 0.178721 -0.0129465 -1.00271 1.81525 -0.00362402 -0.19894 -0.00324254 0.000572213 0.39044 -0.249951 -0.001248 -0.197032 0.00133516 0.000190738 0.392729 -0.249621 0.000448977 
23 -0.00782013 0.00972748 0.245861 -1.40004 0.000190738 -0.495346 0.177577 -0.0129465 -1.00729 1.81563 -0.00324254 -0.19894 -0.00324254 0.000572213 0.39044 -0.249951 -0.001248 -0.197032 0.00133516 0.000190738 0.392729 -0.249621 0.000448977 
23 -0.00782013 0.00972748 0.245861 -1.40004 0.000190738 -0.495346 0.176051 -0.0129465 -1.01148 1.81601 -0.00286107 -0.19894 -0.00324254 0.000572213 0.39044 -0.249951 -0.001248 -0.197032 0.00133516 0.000190738 0.392729 -0.249621 0.000448977 
23 -0.00782013 0.00972748 0.245861 -1.40004 0.000190738 -0.495346 0.174907 -0.0129465 -1.01568 1.8164 -0.00286107 -0.19894 -0.00324254 0.000572213 0.39044 -0.249951 -0.001248 -0.197032 0.00133516 0.000190738 0.392729 -0.249621 0.000448977 
23 -0.00782013 0.00972748 0.245861 -1.40004 0.000190738 -0.495346 0.173762 -0.0125651 -1.02064 1.8164 -0.00286107 -0.19894 -0.00324254 0.000572213 0.39044 -0.249951 -0.001248 -0.197032 0.00133516 0.000190738 0.392729 -0.249621 0.000448977 
23 -0.00782013 0.00972748 0.245861 -1.40004 0.000190738 -0.495346 0.172999 -0.0125651 -1.02522 1.8164 -0.00247959 -0.19894 -0.00324254 0.000572213 0.39044 -0.249951 -0.001248 -0.197032 0.00133516 0.000190738 0.392729 -0.249621 0.000448977 
23 -0.00782013 0.00972748 0.245861 -1.40004 0.000190738 -0.495346 0.171473 -0.0121836 -1.03017 1.8164 -0.00247959 -0.19894 -0.00324254 0.000572213 0.39044 -0.249951 -0.001248 -0.197032 0.00133516 0.000190738 0.392729 -0.249621 0.000448977 
23 -0.00782013 0.00972748 0.245861 -1.40004 0.000190738 -0.495346 0.170329 -0.0121836 -1.03475 1.8164 -0.00247959 -0.19894 -0.00324254 0.000572213 0.39044 -0.249951 -0.001248 -0.197032 0.00133516 0.000190738 0.392729 -0.249621 0.000448977 
23 -0.00782013 0.00972748 0.245861 -1.40004 0.000190738 -0.495346 0.169184 -0.0118021 -1.04009 1.81601 -0.00247959 -0.19894 -0.00324254 0.000572213 0.39044 -0.249951 -0.001248 -0.197032 0.00133516 0.000190738 0.392729 -0.249621 0.000448977 
23 -0.00782013 0.00972748 0.245861 -1.40004 0.000190738 -0.495346 0.168421 -0.0118021 -1.04543 1.81601 -0.00247959 -0.19894 -0.00324254 0.000572213 0.39044 -0.249951 -0.001248 -0.197032 0.00133516 0.000190738 0.392729 -0.249621 0.000448977 
23 -0.00782013 0.00972748 0.245861 -1.40004 0.000190738 -0.495346 0.167277 -0.0114207 -1.05039 1.81601 -0.00209812 -0.19894 -0.00324254 0.000572213 0.39044 -0.249951 -0.001248 -0.197032 0.00133516 0.000190738 0.392729 -0.249621 0.000448977 
23 -0.00743866 0.00972748 0.24548 -1.40004 0.000190738 -0.495346 0.166514 -0.0114207 -1.05573 1.81563 -0.00209812 -0.19894 -0.00324254 0.000572213 0.39044 -0.249951 -0.001248 -0.197032 0.00133516 0.000190738 0.392729 -0.249621 0.000448977 
23 -0.00782013 0.00972748 0.24548 -1.40004 0.000190738 -0.495346 0.164988 -0.0110392 -1.06107 1.81563 -0.00209812 -0.19894 -0.00324254 0.000572213 0.39044 -0.249951 -0.001248 -0.197032 0.00133516 0.000190738 0.392729 -0.249621 0.000448977 
23 -0.00782013 0.00972748 0.24548 -1.40004 0.000190738 -0.495346 0.163844 -0.0110392 -1.0668 1.81525 -0.00171664 -0.19894 -0.00324254 0.000572213 0.39044 -0.249951 -0.001248 -0.197032 0.00133516 0.000190738 0.392729 -0.249621 0.000448977 
23 -0.00782013 0.00972748 0.24548 -1.40004 0.000190738 -0.495346 0.162699 -0.0110392 -1.07214 1.81487 -0.00171664 -0.19894 -0.00324254 0.000572213 0.39044 -0.249951 -0.001248 -0.197032 0.00133516 0.000190738 0.392729 -0.249621 0.000448977 
23 -0.00782013 0.00972748 0.24548 -1.40004 0.000190738 -0.495346 0.161936 -0.0106577 -1.07786 1.81487 -0.00133516 -0.19894 -0.00324254 0.000572213 0.39044 -0.249951 -0.001248 -0.197032 0.00133516 0.000190738 0.392729 -0.249621 0.000448977 
23 -0.00782013 0.00972748 0.24548 -1.40004 0.000190738 -0.495346 0.160792 -0.0106577 -1.08396 1.81449 -0.00133516 -0.19894 -0.00324254 0.000572213 0.39044 -0.249951 -0.001248 -0.197032 0.00133516 0.000190738 0.392729 -0.249621 0.000448977 
23 -0.00782013 0.00972748 0.245098 -1.40004 0.000190738 -0.495346 0.160029 -0.0102763 -1.08968 1.81411 -0.00133516 -0.19894 -0.00324254 0.000572213 0.39044 -0.249951 -0.001248 -0.197032 0.00133516 0.000190738 0.392729 -0.249621 0.000448977 
23 -0.00782013 0.00972748 0.245098 -1.40004 0.000190738 -0.495346 0.158503 -0.00989479 -1.09579 1.81373 -0.00133516 -0.19894 -0.00324254 0.000572213 0.39044 -0.249951 -0.001248 -0.197032 0.00133516 0.000190738 0.392729 -0.249621 0.000448977 
23 -0.00782013 0.00972748 0.245098 -1.40004 0.000190738 -0.495346 0.157359 -0.00989479 -1.10151 1.81373 -0.00133516 -0.19894 -0.00324254 0.000572213 0.39044 -0.249951 -0.001248 -0.197032 0.00133516 0.000190738 0.392729 -0.249621 0.000448977 
23 -0.00782013 0.00972748 0.244717 -1.40004 0.000190738 -0.495346 0.156596 -0.00951326 -1.10761 1.81334 -0.00133516 -0.19894 -0.00324254 0.000572213 0.39044 -0.249951 -0.001248 -0.197032 0.00133516 0.000190738 0.392729 -0.249621 0.000448977 
23 -0.00782013 0.00972748 0.244717 -1.40004 0.000190738 -0.495346 0.155833 -0.00913179 -1.11372 1.81296 -0.00133516 -0.19894 -0.00324254 0.000572213 0.39044 -0.249951 -0.001248 -0.197032 0.00133516 0.000190738 0.392729 -0.249621 0.000448977 
23 -0.00782013 0.00972748 0.244717 -1.40004 0.000190738 -0.495346 0.15507 -0.00875032 -1.1202 1.81296 -0.00133516 -0.19894 -0.00324254 0.000572213 0.39044 -0.249951 -0.001248 -0.197032 0.00133516 0.000190738 0.392729 -0.249621 0.000448977 
23 -0.00782013 0.00972748 0.244335 -1.40004 0.000190738 -0.495346 0.154307 -0.00836885 -1.12631 1.81258 -0.00133516 -0.19894 -0.00324254 0.000572213 0.39044 -0.249951 -0.001248 -0.197032 0.00133516 0.000190738 0.392729 -0.249621 0.000448977 
23 -0.00782013 0.00972748 0.244335 -1.40004 0.000190738 -0.495346 0.153162 -0.00798738 -1.13279 1.81258 -0.00133516 -0.19894 -0.00324254 0.000572213 0.39044 -0.249951 -0.001248 -0.197032 0.00133516 0.000190738 0.392729 -0.249621 0.000448977 
23 -0.00782013 0.00972748 0.244335 -1.40004 0.000190738 -0.495346 0.152018 -0.00760591 -1.1389 1.8122 -0.00171664 -0.19894 -0.00324254 0.000572213 0.39044 -0.249951 -0.001248 -0.197032 0.00133516 0.000190738 0.392729 -0.249621 0.000448977 
23 -0.00782013 0.00972748 0.243954 -1.40004 0.000190738 -0.495346 0.150874 -0.00722444 -1.14538 1.81182 -0.00171664 -0.19894 -0.00324254 0.000572213 0.39044 -0.249951 -0.001248 -0.197032 0.00133516 0.000190738 0.392729 -0.249621 0.000448977 
23 -0.00782013 0.00972748 0.243954 -1.40004 0.000190738 -0.495346 0.150111 -0.00684297 -1.15187 1.81182 -0.00171664 -0.19894 -0.00324254 0.000572213 0.39044 -0.249951 -0.001248 -0.197032 0.00133516 0.000190738 0.392729 -0.249621 0.000448977 
23 -0.00782013 0.00972748 0.243572 -1.40004 0.000190738 -0.495346 0.149348 -0.00684297 -1.15835 1.81144 -0.00171664 -0.19894 -0.00324254 0.000572213 0.39044 -0.249951 -0.001248 -0.197032 0.00133516 0.000190738 0.392729 -0.249621 0.000448977 
23 -0.00782013 0.00972748 0.243572 -1.40004 0.000190738 -0.495346 0.148585 -0.0064615 -1.16484 1.81144 -0.00171664 -0.19894 -0.00324254 0.000572213 0.39044 -0.249951 -0.001248 -0.197032 0.00133516 0.000190738 0.392729 -0.249621 0.000448977 
23 -0.00782013 0.00972748 0.243572 -1.40004 0.000190738 -0.495346 0.147822 -0.0064615 -1.1717 1.81106 -0.00171664 -0.19894 -0.00324254 0.000572213 0.39044 -0.249951 -0.001248 -0.197032 0.00133516 0.000190738 0.392729 -0.249621 0.000448977 
23 -0.00782013 0.00972748 0.243191 -1.40004 0.000190738 -0.495346 0.146677 -0.00608003 -1.17819 1.81067 -0.00209812 -0.19894 -0.00324254 0.000572213 0.39044 -0.249951 -0.001248 -0.197032 0.00133516 0.000190738 0.392729 -0.249621 0.000448977 
23 -0.00782013 0.00972748 0.243191 -1.40004 0.000190738 -0.495346 0.145533 -0.00569856 -1.18505 1.81029 -0.00209812 -0.19894 -0.00324254 0.000572213 0.39044 -0.249951 -0.001248 -0.197032 0.00133516 0.000190738 0.392729 -0.249621 0.000448977 
23 -0.00782013 0.00972748 0.242809 -1.40004 0.000190738 -0.495346 0.144388 -0.00569856 -1.19192 1.80991 -0.00209812 -0.19894 -0.00324254 0.000572213 0.39044 -0.249951 -0.001248 -0.197032 0.00133516 0.000190738 0.392729 -0.249621 0.000448977 
23 -0.00782013 0.00972748 0.242809 -1.40004 0.000190738 -0.495346 0.144007 -0.00531703 -1.19879 1.80953 -0.00209812 -0.19894 -0.00324254 0.000572213 0.39044 -0.249951 -0.001248 -0.197032 0.00133516 0.000190738 0.392729 -0.249621 0.000448977 
23 -0.00782013 0.00972748 0.242428 -1.40004 0.000190738 -0.495346 0.143244 -0.00493556 -1.20565 1.80877 -0.00247959 -0.19894 -0.00324254 0.000572213 0.39044 -0.249951 -0.001248 -0.197032 0.00133516 0.000190738 0.392729 -0.249621 0.000448977 
23 -0.00782013 0.00972748 0.242428 -1.40004 0.000190738 -0.495346 0.142481 -0.00493556 -1.21252 1.80838 -0.00247959 -0.19894 -0.00324254 0.000572213 0.39044 -0.249951 -0.001248 -0.197032 0.00133516 0.000190738 0.392729 -0.249621 0.000448977 
23 -0.00782013 0.00972748 0.242046 -1.40004 0.000190738 -0.495346 0.141718 -0.00455409 -1.21977 1.808 -0.00247959 -0.19894 -0.00324254 0.000572213 0.39044 -0.249951 -0.001248 -0.197032 0.00133516 0.000190738 0.392729 -0.249621 0.000448977 
23 -0.00782013 0.00972748 0.242046 -1.40004 0.000190738 -0.495346 0.140955 -0.00455409 -1.22663 1.80762 -0.00286107 -0.19894 -0.00324254 0.000572213 0.39044 -0.249951 -0.001248 -0.197032 0.00133516 0.000190738 0.392729 -0.249621 0.000448977 
23 -0.00782013 0.00972748 0.242046 -1.40004 0.000190738 -0.495346 0.139811 -0.00417262 -1.2335 1.80686 -0.00286107 -0.19894 -0.00324254 0.000572213 0.39044 -0.250115 -0.00164817 -0.197032 0.00133516 0.000190738 0.392729 -0.249621 0.000448977 
23 -0.00782013 0.00972748 0.241665 -1.40004 0.000190738 -0.495346 0.139048 -0.00379115 -1.24075 1.80648 -0.00324254 -0.19894 -0.00324254 0.000572213 0.39044 -0.249951 -0.00124844 -0.197032 0.00133516 0.000190738 0.392729 -0.249621 0.000448977 
23 -0.00782013 0.00972748 0.241665 -1.40004 0.000190738 -0.495346 0.138285 -0.00379115 -1.24762 1.80571 -0.00324254 -0.19894 -0.00324254 0.000572213 0.39044 -0.249951 -0.001248 -0.197032 0.00133516 0.000190738 0.392729 -0.249621 0.000448977 
23 -0.00782013 0.00972748 0.241665 -1.40004 0.000190738 -0.495346 0.137522 -0.00340968 -1.25486 1.80533 -0.00362402 -0.19894 -0.00324254 0.000572213 0.39044 -0.249951 -0.001248 -0.197032 0.00133516 0.000190738 0.392729 -0.249621 0.000448977 
23 -0.00782013 0.00972748 0.241665 -1.40004 0.000190738 -0.495346 0.136759 -0.00302821 -1.26173 1.80457 -0.00362402 -0.19894 -0.00324254 0.000572213 0.39044 -0.249951 -0.001248 -0.197032 0.00133516 0.000190738 0.392729 -0.249621 0.000448977 
23 -0.00782013 0.00972748 0.241665 -1.40004 0.000190738 -0.495346 0.135996 -0.00302821 -1.26898 1.80343 -0.00362402 -0.19894 -0.00324254 0.000572213 0.39044 -0.249951 -0.001248 -0.197032 0.00133516 0.000190738 0.392729 -0.249621 0.000448977 
23 -0.00782013 0.00972748 0.241283 -1.40004 0.000190738 -0.495346 0.135615 -0.00264674 -1.27623 1.80228 -0.00400549 -0.19894 -0.00324254 0.000572213 0.39044 -0.249951 -0.001248 -0.197032 0.00133516 0.000190738 0.392729 -0.249621 0.000448977 
23 -0.00782013 0.00972748 0.241283 -1.40004 0.000190738 -0.495346 0.134852 -0.00264674 -1.28309 1.80152 -0.00400549 -0.19894 -0.00324254 0.000572213 0.39044 -0.249951 -0.001248 -0.197032 0.00133516 0.000190738 0.392729 -0.249621 0.000448977 
23 -0.00782013 0.00972748 0.241283 -1.40004 0.000190738 -0.495346 0.134089 -0.00264674 -1.29034 1.80037 -0.00400549 -0.19894 -0.00324254 0.000572213 0.39044 -0.249951 -0.001248 -0.197032 0.00133516 0.000190738 0.392729 -0.249621 0.000448977 
23 -0.00782013 0.00972748 0.241283 -1.40004 0.000190738 -0.495346 0.133326 -0.00264674 -1.29759 1.79961 -0.00438697 -0.19894 -0.00324254 0.000572213 0.39044 -0.249951 -0.001248 -0.197032 0.00133516 0.000190738 0.392729 -0.249621 0.000448977 
23 -0.00743866 0.00972748 0.241283 -1.40004 0.000190738 -0.495346 0.132563 -0.00264674 -1.30484 1.79885 -0.00438697 -0.19894 -0.00324254 0.000572213 0.39044 -0.249951 -0.001248 -0.197032 0.00133516 0.000190738 0.392729 -0.249621 0.000448977 
23 -0.00782013 0.00972748 0.240902 -1.40004 0.000190738 -0.495346 0.1318 -0.00264674 -1.3117 1.7977 -0.00476844 -0.19894 -0.00324254 0.000572213 0.39044 -0.249951 -0.001248 -0.197032 0.00133516 0.000190738 0.392729 -0.249621 0.000448977 
23 -0.00782013 0.00972748 0.240902 -1.40004 0.000190738 -0.495346 0.131418 -0.00264674 -1.31933 1.79656 -0.00476844 -0.19894 -0.00324254 0.000572213 0.39044 -0.249951 -0.001248 -0.197032 0.00133516 0.000190738 0.392729 -0.249621 0.000448977 
23 -0.00782013 0.00972748 0.240902 -1.40004 0.000190738 -0.495346 0.131037 -0.00264674 -1.3262 1.7958 -0.00476844 -0.19894 -0.00324254 0.000572213 0.39044 -0.249951 -0.001248 -0.197032 0.00133516 0.000190738 0.392729 -0.249621 0.000448977 
23 -0.00782013 0.00972748 0.240902 -1.40004 0.000190738 -0.495346 0.130655 -0.00264674 -1.33345 1.79465 -0.00514992 -0.19894 -0.00324254 0.000572213 0.39044 -0.249951 -0.001248 -0.197032 0.00133516 0.000190738 0.392729 -0.249621 0.000448977 
23 -0.00782013 0.00972748 0.240902 -1.40004 0.000190738 -0.495346 0.130274 -0.00264674 -1.3407 1.79389 -0.00514992 -0.19894 -0.00324254 0.000572213 0.39044 -0.249951 -0.001248 -0.197032 0.00133516 0.000190738 0.392729 -0.249621 0.000448977 
23 -0.00782013 0.00972748 0.240902 -1.40004 0.000190738 -0.495346 0.129892 -0.00264674 -1.34756 1.79274 -0.00514992 -0.19894 -0.00324254 0.000572213 0.39044 -0.249951 -0.001248 -0.197032 0.00133516 0.000190738 0.392729 -0.249621 0.000448977 
23 -0.00782013 0.00972748 0.240902 -1.40004 0.000190738 -0.495346 0.129511 -0.00264674 -1.35481 1.79122 -0.00514992 -0.19894 -0.00324254 0.000572213 0.39044 -0.249951 -0.001248 -0.197032 0.00133516 0.000190738 0.392729 -0.249621 0.000448977 
23 -0.00782013 0.00972748 0.240902 -1.40004 0.000190738 -0.495346 0.129129 -0.00264674 -1.36168 1.78969 -0.00514992 -0.19894 -0.00324254 0.000572213 0.39044 -0.249951 -0.001248 -0.197032 0.00133516 0.000190738 0.392729 -0.249621 0.000448977 
23 -0.00782013 0.00972748 0.240902 -1.40004 0.000190738 -0.495346 0.128748 -0.00264674 -1.36931 1.78855 -0.00514992 -0.19894 -0.00324254 0.000572213 0.39044 -0.249951 -0.001248 -0.197032 0.00133516 0.000190738 0.392729 -0.249621 0.000448977 
23 -0.00782013 0.00972748 0.240902 -1.40004 0.000190738 -0.495346 0.128367 -0.00264674 -1.37579 1.7874 -0.00514992 -0.19894 -0.00324254 0.000572213 0.39044 -0.249951 -0.001248 -0.197032 0.00133516 0.000190738 0.392729 -0.249621 0.000448977 
23 -0.00782013 0.00972748 0.240902 -1.40004 0.000190738 -0.495346 0.127985 -0.00264674 -1.38266 1.78626 -0.00514992 -0.19894 -0.00324254 0.000572213 0.39044 -0.249951 -0.001248 -0.197032 0.00133516 0.000190738 0.392729 -0.249621 0.000448977 
23 -0.00782013 0.00972748 0.240902 -1.40004 0.000190738 -0.495346 0.127604 -0.00264674 -1.39029 1.78473 -0.00514992 -0.19894 -0.00324254 0.000572213 0.39044 -0.249951 -0.001248 -0.197032 0.00133516 0.000190738 0.392729 -0.249621 0.000448977 
23 -0.00782013 0.00972748 0.240902 -1.40004 0.000190738 -0.495346 0.127222 -0.00264674 -1.39715 1.78283 -0.00514992 -0.19894 -0.00324254 0.000572213 0.39044 -0.249951 -0.001248 -0.197032 0.00133516 0.000190738 0.392729 -0.249621 0.000448977 
23 -0.00782013 0.00972748 0.240902 -1.40004 0.000190738 -0.495346 0.126841 -0.00264674 -1.4044 1.78168 -0.00514992 -0.19894 -0.00324254 0.000572213 0.39044 -0.249951 -0.001248 -0.197032 0.00133516 0.000190738 0.392729 -0.249621 0.000448977 
23 -0.00782013 0.00972748 0.240902 -1.40004 0.000190738 -0.495346 0.126459 -0.00264674 -1.41127 1.78054 -0.00514992 -0.19894 -0.00324254 0.000572213 0.39044 -0.249951 -0.001248 -0.197032 0.00133516 0.000190738 0.392729 -0.249621 0.000448977 
23 -0.00782013 0.00972748 0.240902 -1.40004 0.000190738 -0.495346 0.126459 -0.00264674 -1.41852 1.77901 -0.00514992 -0.19894 -0.00324254 0.000572213 0.39044 -0.249951 -0.001248 -0.197032 0.00133516 0.000190738 0.392729 -0.249621 0.000448977 
23 -0.00782013 0.00972748 0.240902 -1.40004 0.000190738 -0.495346 0.126078 -0.00264674 -1.42576 1.77672 -0.00514992 -0.19894 -0.00324254 0.000572213 0.39044 -0.249951 -0.001248 -0.197032 0.00133516 0.000190738 0.392729 -0.249621 0.000448977 
23 -0.00782013 0.00972748 0.240902 -1.40004 0.000190738 -0.495346 0.125696 -0.00264674 -1.43263 1.7752 -0.00514992 -0.19894 -0.00324254 0.000572213 0.39044 -0.249951 -0.001248 -0.197032 0.00133516 0.000190738 0.392729 -0.249621 0.000448977 
23 -0.00782013 0.00972748 0.240902 -1.40004 0.000190738 -0.495346 0.125696 -0.00264674 -1.43912 1.77367 -0.00514992 -0.19894 -0.00324254 0.000572213 0.39044 -0.249951 -0.001248 -0.197032 0.00133516 0.000190738 0.392729 -0.249621 0.000448977 
23 -0.00782013 0.00972748 0.240902 -1.40004 0.000190738 -0.495346 0.125696 -0.00264674 -1.44636 1.77176 -0.00514992 -0.19894 -0.00324254 0.000572213 0.39044 -0.249951 -0.001248 -0.197032 0.00133516 0.000190738 0.392729 -0.249621 0.000448977 
23 -0.00782013 0.00972748 0.240902 -1.40004 0.000190738 -0.495346 0.125315 -0.00264674 -1.45323 1.77024 -0.00514992 -0.19894 -0.00324254 0.000572213 0.39044 -0.249951 -0.001248 -0.197032 0.00133516 0.000190738 0.392729 -0.249621 0.000448977 
23 -0.00782013 0.00972748 0.240902 -1.40004 0.000190738 -0.495346 0.125315 -0.00264674 -1.4601 1.76871 -0.00514992 -0.19894 -0.00324254 0.000572213 0.39044 -0.249951 -0.001248 -0.197032 0.00133516 0.000190738 0.392729 -0.249621 0.000448977 
23 -0.00782013 0.00972748 0.240902 -1.40004 0.000190738 -0.495346 0.125315 -0.00264674 -1.46735 1.7668 -0.00514992 -0.19894 -0.00324254 0.000572213 0.39044 -0.249951 -0.001248 -0.197032 0.00133516 0.000190738 0.392729 -0.249621 0.000448977 
23 -0.00782013 0.00972748 0.240902 -1.40004 0.000190738 -0.495346 0.125315 -0.00264674 -1.47383 1.76452 -0.00514992 -0.19894 -0.00324254 0.000572213 0.39044 -0.249951 -0.001248 -0.197032 0.00133516 0.000190738 0.392729 -0.249621 0.000448977 
23 -0.00782013 0.00972748 0.240902 -1.40004 0.000190738 -0.495346 0.124933 -0.00264674 -1.48108 1.76299 -0.00514992 -0.19894 -0.00324254 0.000572213 0.39044 -0.249951 -0.001248 -0.197032 0.00133516 0.000190738 0.392729 -0.249621 0.000448977 
23 -0.00782013 0.00972748 0.240902 -1.40004 0.000190738 -0.495346 0.124933 -0.00264674 -1.48756 1.76108 -0.00514992 -0.19894 -0.00324254 0.000572213 0.39044 -0.249951 -0.001248 -0.197032 0.00133516 0.000190738 0.392729 -0.249621 0.000448977 
23 -0.00782013 0.00972748 0.240902 -1.40004 0.000190738 -0.495346 0.124933 -0.00264674 -1.49405 1.75879 -0.00514992 -0.19894 -0.00324254 0.000572213 0.39044 -0.249951 -0.001248 -0.197032 0.00133516 0.000190738 0.392729 -0.249621 0.000448977 
23 -0.00782013 0.00972748 0.240902 -1.40004 0.000190738 -0.495346 0.124933 -0.00264674 -1.50092 1.75727 -0.00514992 -0.19894 -0.00324254 0.000572213 0.39044 -0.249951 -0.001248 -0.197032 0.00133516 0.000190738 0.392729 -0.249621 0.000448977 
23 -0.00782013 0.00972748 0.240902 -1.40004 0.000190738 -0.495346 0.124933 -0.00226527 -1.5074 1.75536 -0.00476844 -0.19894 -0.00324254 0.000572213 0.39044 -0.249951 -0.001248 -0.197032 0.00133516 0.000190738 0.392729 -0.249621 0.000448977 
23 -0.00782013 0.00972748 0.240902 -1.40004 0.000190738 -0.495346 0.124933 -0.00226527 -1.51389 1.75307 -0.00476844 -0.19894 -0.00324254 0.000572213 0.39044 -0.249951 -0.001248 -0.197032 0.00133516 0.000190738 0.392729 -0.249621 0.000448977 
23 -0.00782013 0.00972748 0.240902 -1.40004 0.000190738 -0.495346 0.124933 -0.00226527 -1.52037 1.75116 -0.00476844 -0.19894 -0.00324254 0.000572213 0.39044 -0.249951 -0.001248 -0.197032 0.00133516 0.000190738 0.392729 -0.249621 0.000448977 
23 -0.00782013 0.00972748 0.240902 -1.40004 0.000190738 -0.495346 0.124933 -0.00226527 -1.52686 1.74926 -0.00476844 -0.19894 -0.00324254 0.000572213 0.39044 -0.249951 -0.001248 -0.197032 0.00133516 0.000190738 0.392729 -0.249621 0.000448977 
23 -0.00782013 0.00972748 0.240902 -1.40004 0.000190738 -0.495346 0.124933 -0.00226527 -1.53334 1.74697 -0.00476844 -0.19894 -0.00324254 0.000572213 0.39044 -0.249951 -0.001248 -0.197032 0.00133516 0.000190738 0.392729 -0.249621 0.000448977 
23 -0.00782013 0.00972748 0.240902 -1.40004 0.000190738 -0.495346 0.124933 -0.00226527 -1.53944 1.74506 -0.00476844 -0.19894 -0.00324254 0.000572213 0.39044 -0.249951 -0.001248 -0.197032 0.00133516 0.000190738 0.392729 -0.249621 0.000448977 
23 -0.00782013 0.00972748 0.240902 -1.40004 0.000190738 -0.495346 0.124933 -0.0018838 -1.54593 1.74315 -0.00476844 -0.19894 -0.00324254 0.000572213 0.39044 -0.249951 -0.001248 -0.197032 0.00133516 0.000190738 0.392729 -0.249621 0.000448977 
23 -0.00782013 0.00972748 0.240902 -1.40004 0.000190738 -0.495346 0.124933 -0.0018838 -1.55203 1.74086 -0.00476844 -0.19894 -0.00324254 0.000572213 0.39044 -0.249951 -0.001248 -0.197032 0.00133516 0.000190738 0.392729 -0.249621 0.000448977 
23 -0.00782013 0.00972748 0.240902 -1.40004 0.000190738 -0.495346 0.124933 -0.0018838 -1.55776 1.73857 -0.00476844 -0.19894 -0.00324254 0.000572213 0.39044 -0.249951 -0.001248 -0.197032 0.00133516 0.000190738 0.392729 -0.249621 0.000448977 
23 -0.00782013 0.00972748 0.240902 -1.40004 0.000190738 -0.495346 0.124933 -0.0018838 -1.56424 1.73705 -0.00476844 -0.19894 -0.00324254 0.000572213 0.39044 -0.249951 -0.001248 -0.197032 0.00133516 0.000190738 0.392729 -0.249621 0.000448977 
23 -0.00782013 0.00972748 0.240902 -1.40004 0.000190738 -0.495346 0.124933 -0.00150228 -1.56996 1.73438 -0.00476844 -0.19894 -0.00324254 0.000572213 0.39044 -0.249951 -0.001248 -0.197032 0.00133516 0.000190738 0.392729 -0.249621 0.000448977 
23 -0.00782013 0.00972748 0.240902 -1.40004 0.000190738 -0.495346 0.124933 -0.00150228 -1.57607 1.73247 -0.00438697 -0.19894 -0.00324254 0.000572213 0.39044 -0.249951 -0.001248 -0.197032 0.00133516 0.000190738 0.392729 -0.249621 0.000448977 
23 -0.00782013 0.00972748 0.240902 -1.40004 0.000190738 -0.495346 0.124933 -0.00150228 -1.58179 1.73056 -0.00438697 -0.19894 -0.00324254 0.000572213 0.39044 -0.249951 -0.001248 -0.197032 0.00133516 0.000190738 0.392729 -0.249621 0.000448977 
23 -0.00782013 0.00972748 0.24052 -1.40004 0.000190738 -0.495346 0.124933 -0.00112081 -1.58751 1.72827 -0.00438697 -0.19894 -0.00324254 0.000572213 0.39044 -0.249951 -0.001248 -0.197032 0.00133516 0.000190738 0.392729 -0.249621 0.000448977 
23 -0.00782013 0.00972748 0.24052 -1.40004 0.000190738 -0.495346 0.124933 -0.00112081 -1.59323 1.72599 -0.00438697 -0.19894 -0.00324254 0.000572213 0.39044 -0.249951 -0.001248 -0.197032 0.00133516 0.000190738 0.392729 -0.249621 0.000448977 
23 -0.00782013 0.00972748 0.24052 -1.40004 0.000190738 -0.495346 0.124933 -0.00112081 -1.59857 1.72446 -0.00438697 -0.19894 -0.00324254 0.000572213 0.39044 -0.249951 -0.001248 -0.197032 0.00133516 0.000190738 0.392729 -0.249621 0.000448977 
23 -0.00782013 0.00972748 0.24052 -1.40004 0.000190738 -0.495346 0.124933 -0.00112081 -1.6043 1.72217 -0.00438697 -0.19894 -0.00324254 0.000572213 0.39044 -0.249951 -0.001248 -0.197032 0.00133516 0.000190738 0.392729 -0.249621 0.000448977 
23 -0.00782013 0.00972748 0.24052 -1.40004 0.000190738 -0.495346 0.125315 -0.000739336 -1.60925 1.71988 -0.00438697 -0.19894 -0.00324254 0.000572213 0.39044 -0.249951 -0.001248 -0.197032 0.00133516 0.000190738 0.392729 -0.249621 0.000448977 
23 -0.00782013 0.00972748 0.24052 -1.40004 0.000190738 -0.495346 0.125315 -0.000739336 -1.6146 1.71836 -0.00438697 -0.19894 -0.00324254 0.000572213 0.39044 -0.249951 -0.001248 -0.197032 0.00133516 0.000190738 0.392729 -0.249621 0.000448977 
23 -0.00743866 0.00972748 0.24052 -1.40004 0.000190738 -0.495346 0.125315 -0.000739336 -1.61994 1.71569 -0.00438697 -0.19894 -0.00324254 0.000572213 0.39044 -0.249951 -0.001248 -0.197032 0.00133516 0.000190738 0.392729 -0.249621 0.000448977 
23 -0.00782013 0.00972748 0.24052 -1.40004 0.000190738 -0.495346 0.125315 -0.000357866 -1.6249 1.71378 -0.00438697 -0.19894 -0.00324254 0.000572213 0.39044 -0.249951 -0.001248 -0.197032 0.00133516 0.000190738 0.392729 -0.249621 0.000448977 
23 -0.00782013 0.00972748 0.240139 -1.40004 0.000190738 -0.495346 0.125315 -0.000357866 -1.63024 1.71187 -0.00438697 -0.19894 -0.00324254 0.000572213 0.39044 -0.249951 -0.001248 -0.197032 0.00133516 0.000190738 0.392729 -0.249621 0.000448977 
23 -0.00782013 0.00972748 0.240139 -1.40004 0.000190738 -0.495346 0.125315 -0.000357866 -1.63481 1.70958 -0.00438697 -0.19894 -0.00324254 0.000572213 0.39044 -0.249951 -0.001248 -0.197032 0.00133516 0.000190738 0.392729 -0.249621 0.000448977 
23 -0.00782013 0.00972748 0.240139 -1.40004 0.000190738 -0.495346 0.125696 2.36034e-05 -1.63939 1.70768 -0.00438697 -0.19894 -0.00324254 0.000572213 0.39044 -0.249951 -0.001248 -0.197032 0.00133516 0.000190738 0.392729 -0.249621 0.000448977 
23 -0.00782013 0.00972748 0.240139 -1.40004 0.000190738 -0.495346 0.125696 2.36034e-05 -1.64435 1.70615 -0.00476844 -0.19894 -0.00324254 0.000572213 0.39044 -0.249951 -0.001248 -0.197032 0.00133516 0.000190738 0.392729 -0.249621 0.000448977 
23 -0.00782013 0.00972748 0.239757 -1.40004 0.000190738 -0.495346 0.126078 2.36034e-05 -1.64855 1.70386 -0.00476844 -0.19894 -0.00324254 0.000572213 0.39044 -0.249951 -0.001248 -0.197032 0.00133516 0.000190738 0.392729 -0.249621 0.000448977 
23 -0.00782013 0.00972748 0.239757 -1.40004 0.000190738 -0.495346 0.126078 0.000405073 -1.65312 1.70157 -0.00476844 -0.19894 -0.00324254 0.000572213 0.39044 -0.249951 -0.001248 -0.197032 0.00133516 0.000190738 0.392729 -0.249621 0.000448977 
23 -0.00782013 0.00972748 0.239757 -1.40004 0.000190738 -0.495346 0.126459 0.000405073 -1.65732 1.70005 -0.00476844 -0.19894 -0.00324254 0.000572213 0.39044 -0.249951 -0.001248 -0.197032 0.00133516 0.000190738 0.392729 -0.249621 0.000448977 
23 -0.00782013 0.00972748 0.239757 -1.40004 0.000190738 -0.495346 0.126459 0.000786543 -1.66152 1.69814 -0.00476844 -0.19894 -0.00324254 0.000572213 0.39044 -0.249951 -0.001248 -0.197032 0.00133516 0.000190738 0.392729 -0.249621 0.000448977 
23 -0.00782013 0.00972748 0.239376 -1.40004 0.000190738 -0.495346 0.126841 0.000786543 -1.66571 1.69585 -0.00476844 -0.19894 -0.00324254 0.000572213 0.39044 -0.249951 -0.001248 -0.197032 0.00133516 0.000190738 0.392729 -0.249621 0.000448977 
23 -0.00782013 0.00972748 0.239376 -1.40004 0.000190738 -0.495346 0.127222 0.000786543 -1.66953 1.69432 -0.00476844 -0.19894 -0.00324254 0.000572213 0.39044 -0.249951 -0.001248 -0.197032 0.00133516 0.000190738 0.392729 -0.249621 0.000448977 
23 -0.00782013 0.00972748 0.239376 -1.40004 0.000190738 -0.495346 0.127222 0.00116801 -1.67334 1.69242 -0.00476844 -0.19894 -0.00324254 0.000572213 0.39044 -0.249951 -0.001248 -0.197032 0.00133516 0.000190738 0.392729 -0.249621 0.000448977 
23 -0.00782013 0.00972748 0.238994 -1.40004 0.000190738 -0.495346 0.127604 0.00116801 -1.67716 1.69013 -0.00476844 -0.19894 -0.00324254 0.000572213 0.39044 -0.250115 -0.00164817 -0.197032 0.00133516 0.000190738 0.392729 -0.249621 0.000448977 
23 -0.00782013 0.00972748 0.238994 -1.40004 0.000190738 -0.495346 0.127604 0.00154948 -1.68097 1.68822 -0.00514992 -0.19894 -0.00324254 0.000572213 0.39044 -0.250115 -0.00164773 -0.197032 0.00133516 0.000190738 0.392729 -0.249621 0.000448977 
23 -0.00782013 0.00972748 0.238994 -1.40004 0.000190738 -0.495346 0.127985 0.00154948 -1.68402 1.68669 -0.00514992 -0.19894 -0.00324254 0.000572213 0.39044 -0.249951 -0.00124844 -0.197032 0.00133516 0.000190738 0.392729 -0.249621 0.000448977 
23 -0.00782013 0.00972748 0.238994 -1.40004 0.000190738 -0.495346 0.128367 0.00154948 -1.68746 1.68479 -0.00514992 -0.19894 -0.00324254 0.000572213 0.39044 -0.249951 -0.001248 -0.197032 0.00133516 0.000190738 0.392729 -0.249621 0.000448977 
23 -0.00782013 0.00972748 0.238613 -1.40004 0.000190738 -0.495346 0.128748 0.00193095 -1.69089 1.68288 -0.00514992 -0.19894 -0.00324254 0.000572213 0.39044 -0.249951 -0.001248 -0.197032 0.00133516 0.000190738 0.392729 -0.249621 0.000448977 
23 -0.00782013 0.00972748 0.238613 -1.40004 0.000190738 -0.495346 0.128748 0.00193095 -1.69394 1.68135 -0.00514992 -0.19894 -0.00324254 0.000572213 0.39044 -0.249951 -0.001248 -0.197032 0.00133516 0.000190738 0.392729 -0.249621 0.000448977 
23 -0.00782013 0.00972748 0.238613 -1.40004 0.000190738 -0.495346 0.129129 0.00231248 -1.69699 1.67983 -0.00514992 -0.19894 -0.00324254 0.000572213 0.39044 -0.249951 -0.001248 -0.197032 0.00133516 0.000190738 0.392729 -0.249621 0.000448977 
23 -0.00782013 0.00972748 0.238613 -1.40004 0.000190738 -0.495346 0.129511 0.00231248 -1.69966 1.67754 -0.0055314 -0.19894 -0.00324254 0.000572213 0.39044 -0.249951 -0.001248 -0.197032 0.00133516 0.000190738 0.392729 -0.249621 0.000448977 
23 -0.00782013 0.00972748 0.238613 -1.40004 0.000190738 -0.495346 0.129511 0.00269395 -1.70272 1.67601 -0.0055314 -0.19894 -0.00324254 0.000572213 0.39044 -0.249951 -0.001248 -0.197032 0.00133516 0.000190738 0.392729 -0.249621 0.000448977 
23 -0.00782013 0.00972748 0.238613 -1.40004 0.000190738 -0.495346 0.129892 0.00269395 -1.70539 1.67449 -0.0055314 -0.19894 -0.00324254 0.000572213 0.39044 -0.249951 -0.001248 -0.197032 0.00133516 0.000190738 0.392729 -0.249621 0.000448977 
23 -0.00782013 0.00972748 0.238613 -1.40004 0.000190738 -0.495346 0.130274 0.00307542 -1.70768 1.67258 -0.0055314 -0.19894 -0.00324254 0.000572213 0.39044 -0.249951 -0.001248 -0.197032 0.00133516 0.000190738 0.392729 -0.249621 0.000448977 
23 -0.00782013 0.00972748 0.238613 -1.40004 0.000190738 -0.495346 0.130655 0.00307542 -1.70996 1.67105 -0.00591287 -0.19894 -0.00324254 0.000572213 0.39044 -0.249951 -0.001248 -0.197032 0.00133516 0.000190738 0.392729 -0.249621 0.000448977 
23 -0.00782013 0.00972748 0.238613 -1.40004 0.000190738 -0.495346 0.131037 0.00345689 -1.71225 1.66953 -0.00591287 -0.19894 -0.00324254 0.000572213 0.39044 -0.250115 -0.00164817 -0.197032 0.00133516 0.000190738 0.392729 -0.249621 0.000448977 
23 -0.00782013 0.00972748 0.238613 -1.40004 0.000190738 -0.495346 0.131418 0.00383836 -1.71454 1.668 -0.00591287 -0.19894 -0.00324254 0.000572213 0.39044 -0.250115 -0.00164773 -0.197032 0.00133516 0.000190738 0.392729 -0.249621 0.000448977 
23 -0.00782013 0.00972748 0.238613 -1.40004 0.000190738 -0.495346 0.131418 0.00421983 -1.71645 1.66648 -0.00629435 -0.19894 -0.00324254 0.000572213 0.39044 -0.250115 -0.00164773 -0.197032 0.00133516 0.000190738 0.392729 -0.249621 0.000448977 
23 -0.00782013 0.00972748 0.238613 -1.40004 0.000190738 -0.495346 0.1318 0.0046013 -1.71874 1.66457 -0.00629435 -0.19894 -0.00324254 0.000572213 0.39044 -0.250115 -0.00164773 -0.197032 0.00133516 0.000190738 0.392729 -0.249621 0.000448977 
23 -0.00782013 0.00972748 0.238613 -1.40004 0.000190738 -0.495346 0.132181 0.00498277 -1.71988 1.66304 -0.00629435 -0.19894 -0.00324254 0.000572213 0.39044 -0.250115 -0.00164773 -0.197032 0.00133516 0.000190738 0.392729 -0.249621 0.000448977 
23 -0.00782013 0.0101089 0.238613 -1.40004 0.000190738 -0.495346 0.132563 0.00498277 -1.72179 1.6619 -0.00667582 -0.19894 -0.00324254 0.000572213 0.39044 -0.250115 -0.00164773 -0.197032 0.00133516 0.000190738 0.392729 -0.249621 0.000448977 
23 -0.00782013 0.00972748 0.238613 -1.40004 0.000190738 -0.495346 0.132944 0.00536424 -1.72332 1.65999 -0.00667582 -0.19894 -0.00324254 0.000572213 0.39044 -0.250115 -0.00164773 -0.197032 0.00133516 0.000190738 0.392729 -0.249621 0.000448977 
23 -0.00782013 0.00972748 0.238613 -1.40004 0.000190738 -0.495346 0.133326 0.00574571 -1.72446 1.65846 -0.00667582 -0.19894 -0.00324254 0.000572213 0.39044 -0.250115 -0.00164773 -0.197032 0.00133516 0.000190738 0.392729 -0.249621 0.000448977 
23 -0.00782013 0.00972748 0.238613 -1.40004 0.000190738 -0.495346 0.133707 0.00574571 -1.7256 1.65732 -0.00667582 -0.19894 -0.00324254 0.000572213 0.39044 -0.250115 -0.00164773 -0.197032 0.00133516 0.000190738 0.392729 -0.249621 0.000448977 
23 -0.00782013 0.00972748 0.238613 -1.40004 0.000190738 -0.495346 0.13447 0.00574571 -1.72675 1.65618 -0.00667582 -0.19894 -0.00324254 0.000572213 0.39044 -0.250115 -0.00164773 -0.197032 0.00133516 0.000190738 0.392729 -0.249621 0.000448977 
23 -0.00782013 0.00972748 0.238613 -1.40004 0.000190738 -0.495346 0.134852 0.00612724 -1.72789 1.65465 -0.00667582 -0.19894 -0.00324254 0.000572213 0.39044 -0.249951 -0.00124844 -0.197032 0.00133516 0.000190738 0.392729 -0.249621 0.000448977 
23 -0.00782013 0.00972748 0.238613 -1.40004 0.000190738 -0.495346 0.135233 0.00612724 -1.72866 1.65312 -0.00667582 -0.19894 -0.00324254 0.000572213 0.39044 -0.250115 -0.00164817 -0.197032 0.00133516 0.000190738 0.392729 -0.249621 0.000448977 
23 -0.00782013 0.00972748 0.238613 -1.40004 0.000190738 -0.495346 0.135615 0.00650871 -1.72904 1.6516 -0.00667582 -0.19894 -0.00324254 0.000572213 0.39044 -0.250115 -0.00164773 -0.197032 0.00133516 0.000190738 0.392729 -0.249621 0.000448977 
23 -0.00782013 0.00972748 0.238613 -1.40004 0.000190738 -0.495346 0.135996 0.00689018 -1.72942 1.65045 -0.00667582 -0.19894 -0.00324254 0.000572213 0.39044 -0.250115 -0.00164773 -0.197032 0.00133516 0.000190738 0.392729 -0.249621 0.000448977 
23 -0.00782013 0.00972748 0.238613 -1.40004 0.000190738 -0.495346 0.136378 0.00727165 -1.72942 1.64931 -0.00667582 -0.19894 -0.00324254 0.000572213 0.39044 -0.250115 -0.00164773 -0.197032 0.00133516 0.000190738 0.392729 -0.249621 0.000448977 
23 -0.00782013 0.00972748 0.238613 -1.40004 0.000190738 -0.495346 0.136759 0.00765312 -1.72942 1.64778 -0.00667582 -0.19894 -0.00324254 0.000572213 0.39044 -0.250115 -0.00164773 -0.197032 0.00133516 0.000190738 0.392729 -0.249621 0.000448977 
23 -0.00782013 0.00972748 0.238613 -1.40004 0.000190738 -0.495346 0.137522 0.00765312 -1.72942 1.64664 -0.00667582 -0.19894 -0.00324254 0.000572213 0.39044 -0.250115 -0.00164773 -0.197032 0.00133516 0.000190738 0.392729 -0.249621 0.000448977 
23 -0.00782013 0.00972748 0.238613 -1.40004 0.000190738 -0.495346 0.137903 0.00803459 -1.72904 1.64549 -0.00667582 -0.19894 -0.00324254 0.000572213 0.39044 -0.250115 -0.00164773 -0.197032 0.00133516 0.000190738 0.392729 -0.249621 0.000448977 
23 -0.00782013 0.00972748 0.238613 -1.40004 0.000190738 -0.495346 0.138285 0.00841606 -1.72866 1.64473 -0.00667582 -0.19894 -0.00324254 0.000572213 0.39044 -0.250115 -0.00164773 -0.197032 0.00133516 0.000190738 0.392729 -0.249621 0.000448977 
23 -0.00782013 0.00972748 0.238613 -1.40004 0.000190738 -0.495346 0.139048 0.00879753 -1.72827 1.64359 -0.00667582 -0.19894 -0.00324254 0.000572213 0.39044 -0.249951 -0.00124844 -0.197032 0.00133516 0.000190738 0.392729 -0.249621 0.000448977 
23 -0.00782013 0.00972748 0.238613 -1.40004 0.000190738 -0.495346 0.139811 0.00956047 -1.72789 1.64282 -0.00667582 -0.19894 -0.00324254 0.000572213 0.39044 -0.249951 -0.001248 -0.197032 0.00133516 0.000190738 0.392729 -0.249621 0.000448977 
23 -0.00782013 0.00972748 0.238613 -1.40004 0.000190738 -0.495346 0.140574 0.0103235 -1.72713 1.6413 -0.00667582 -0.19894 -0.00324254 0.000572213 0.39044 -0.250115 -0.00164817 -0.197032 0.00133516 0.000190738 0.392729 -0.249621 0.000448977 
23 -0.00782013 0.00972748 0.238613 -1.40004 0.000190738 -0.495346 0.141337 0.0107049 -1.72599 1.64015 -0.00667582 -0.19894 -0.00324254 0.000572213 0.39044 -0.250115 -0.00164773 -0.197032 0.00133516 0.000190738 0.392729 -0.249621 0.000448977 
23 -0.00782013 0.00972748 0.238613 -1.40004 0.000190738 -0.495346 0.141718 0.0114679 -1.72522 1.63901 -0.00667582 -0.19894 -0.00324254 0.000572213 0.39044 -0.250115 -0.00164773 -0.197032 0.00133516 0.000190738 0.392729 -0.249621 0.000448977 
23 -0.00782013 0.00972748 0.238613 -1.40004 0.000190738 -0.495346 0.142481 0.0118493 -1.72446 1.63825 -0.0070573 -0.19894 -0.00324254 0.000572213 0.39044 -0.250115 -0.00164773 -0.197032 0.00133516 0.000190738 0.392729 -0.249621 0.000448977 
23 -0.00782013 0.00972748 0.238613 -1.40004 0.000190738 -0.495346 0.143244 0.0118493 -1.72332 1.63748 -0.0070573 -0.19894 -0.00324254 0.000572213 0.39044 -0.250115 -0.00164773 -0.197032 0.00133516 0.000190738 0.392729 -0.249621 0.000448977 
23 -0.00782013 0.00972748 0.238613 -1.40004 0.000190738 -0.495346 0.143626 0.0122308 -1.72217 1.63672 -0.0070573 -0.19894 -0.00324254 0.000572213 0.39044 -0.250115 -0.00164773 -0.197032 0.00133516 0.000190738 0.392729 -0.249621 0.000448977 
23 -0.00782013 0.00972748 0.238613 -1.40004 0.000190738 -0.495346 0.144388 0.0126123 -1.72065 1.63596 -0.0070573 -0.19894 -0.00324254 0.000572213 0.39044 -0.250115 -0.00164773 -0.197032 0.00133516 0.000190738 0.392729 -0.249621 0.000448977 
23 -0.00782013 0.00972748 0.238613 -1.40004 0.000190738 -0.495346 0.145151 0.0129938 -1.7195 1.63481 -0.0070573 -0.19894 -0.00324254 0.000572213 0.39044 -0.250115 -0.00164773 -0.197032 0.00133516 0.000190738 0.392729 -0.249621 0.000448977 
23 -0.00782013 0.00972748 0.238231 -1.40004 0.000190738 -0.495346 0.146296 0.0137567 -1.71836 1.63405 -0.0070573 -0.19894 -0.00324254 0.000572213 0.39044 -0.249951 -0.00124844 -0.197032 0.00133516 0.000190738 0.392729 -0.249621 0.000448977 
23 -0.00782013 0.00972748 0.238231 -1.40004 0.000190738 -0.495346 0.14744 0.0141382 -1.71683 1.63329 -0.0070573 -0.19894 -0.00324254 0.000572213 0.39044 -0.249951 -0.001248 -0.197032 0.00133516 0.000190738 0.392729 -0.249621 0.000448977 
23 -0.00782013 0.00972748 0.238231 -1.40004 0.000190738 -0.495346 0.148203 0.0145197 -1.71492 1.63291 -0.00743877 -0.19894 -0.00324254 0.000572213 0.39044 -0.249951 -0.001248 -0.197032 0.00133516 0.000190738 0.392729 -0.249621 0.000448977 
23 -0.00782013 0.00972748 0.238231 -1.40004 0.000190738 -0.495346 0.148966 0.0149012 -1.71302 1.63214 -0.00743877 -0.19894 -0.00324254 0.000572213 0.39044 -0.249951 -0.001248 -0.197032 0.00133516 0.000190738 0.392729 -0.249621 0.000448977 
23 -0.00782013 0.00972748 0.238231 -1.40004 0.000190738 -0.495346 0.150111 0.0152826 -1.71111 1.63176 -0.00743877 -0.19894 -0.00324254 0.000572213 0.39044 -0.249951 -0.001248 -0.197032 0.00133516 0.000190738 0.392729 -0.249621 0.000448977 
23 -0.00782013 0.00972748 0.238231 -1.40004 0.000190738 -0.495346 0.150874 0.016427 -1.7092 1.63138 -0.00782025 -0.19894 -0.00324254 0.000572213 0.39044 -0.250115 -0.00164817 -0.197032 0.00133516 0.000190738 0.392729 -0.249621 0.000448977 
23 -0.00782013 0.00972748 0.238231 -1.40004 0.000190738 -0.495346 0.152018 0.01719 -1.70691 1.63062 -0.00782025 -0.19894 -0.00324254 0.000572213 0.39044 -0.249951 -0.00124844 -0.197032 0.00133516 0.000190738 0.392729 -0.249621 0.000448977 
23 -0.00782013 0.00972748 0.238231 -1.40004 0.000190738 -0.495346 0.153162 0.017953 -1.705 1.63024 -0.00782025 -0.19894 -0.00324254 0.000572213 0.39044 -0.249951 -0.001248 -0.197032 0.00133516 0.000190738 0.392729 -0.249621 0.000448977 
23 -0.00782013 0.0101089 0.238231 -1.40004 0.000190738 -0.495346 0.154307 0.0183344 -1.70233 1.62985 -0.00782025 -0.19894 -0.00324254 0.000572213 0.39044 -0.250115 -0.00164817 -0.197032 0.00133516 0.000190738 0.392729 -0.249621 0.000448977 
23 -0.00782013 0.00972748 0.238231 -1.40004 0.000190738 -0.495346 0.155451 0.0187159 -1.69966 1.62909 -0.00820172 -0.19894 -0.00324254 0.000572213 0.39044 -0.250115 -0.00164773 -0.197032 0.00133516 0.000190738 0.392729 -0.249621 0.000448977 
23 -0.00782013 0.00972748 0.238231 -1.40004 0.000190738 -0.495346 0.156214 0.0194789 -1.69699 1.62871 -0.00820172 -0.19894 -0.00324254 0.000572213 0.39044 -0.250115 -0.00164773 -0.197032 0.00133516 0.000190738 0.392729 -0.249621 0.000448977 
23 -0.00782013 0.00972748 0.23785 -1.40004 0.000190738 -0.495346 0.156977 0.0198603 -1.69432 1.62833 -0.00820172 -0.19894 -0.00324254 0.000572213 0.39044 -0.250115 -0.00164773 -0.197032 0.00133516 0.000190738 0.392729 -0.249621 0.000448977 
23 -0.00782013 0.00972748 0.23785 -1.40004 0.000190738 -0.495346 0.158122 0.0202418 -1.69127 1.62795 -0.00820172 -0.19894 -0.00324254 0.000572213 0.39044 -0.250115 -0.00164773 -0.197032 0.00133516 0.000190738 0.392729 -0.249621 0.000448977 
23 -0.00782013 0.00972748 0.23785 -1.40004 0.000190738 -0.495346 0.159648 0.0210047 -1.68822 1.62795 -0.00820172 -0.19894 -0.00324254 0.000572213 0.39044 -0.250115 -0.00164773 -0.197032 0.00133516 0.000190738 0.392729 -0.249621 0.000448977 
23 -0.00782013 0.00972748 0.23785 -1.40004 0.000190738 -0.495346 0.160792 0.0217677 -1.68479 1.62795 -0.0085832 -0.19894 -0.00324254 0.000572213 0.39044 -0.250115 -0.00164773 -0.197032 0.00133516 0.000190738 0.392729 -0.249621 0.000448977 
23 -0.00782013 0.00972748 0.23785 -1.40004 0.000190738 -0.495346 0.161936 0.0225307 -1.68173 1.62757 -0.0085832 -0.19894 -0.00324254 0.000572213 0.39044 -0.250115 -0.00164773 -0.197032 0.00133516 0.000190738 0.392729 -0.249621 0.000448977 
23 -0.00782013 0.00972748 0.23785 -1.40004 0.000190738 -0.495346 0.163081 0.0232936 -1.6783 1.62757 -0.0085832 -0.19894 -0.00324254 0.000572213 0.39044 -0.250115 -0.00164773 -0.197032 0.00133516 0.000190738 0.392729 -0.249621 0.000448977 
23 -0.00782013 0.00972748 0.23785 -1.40004 0.000190738 -0.495346 0.164225 0.0240566 -1.67487 1.62757 -0.0085832 -0.19894 -0.00324254 0.000572213 0.39044 -0.250115 -0.00164773 -0.197032 0.00133516 0.000190738 0.392729 -0.249621 0.000448977 
23 -0.00782013 0.00972748 0.23785 -1.40004 0.000190738 -0.495346 0.165751 0.024438 -1.67067 1.62757 -0.00896468 -0.19894 -0.00324254 0.000572213 0.39044 -0.250115 -0.00164773 -0.197032 0.00133516 0.000190738 0.392729 -0.249621 0.000448977 
23 -0.00782013 0.00972748 0.23785 -1.40004 0.000190738 -0.495346 0.166896 0.0248195 -1.66724 1.62795 -0.00896468 -0.19894 -0.00324254 0.000572213 0.39044 -0.249951 -0.00124844 -0.197032 0.00133516 0.000190738 0.392729 -0.249621 0.000448977 
23 -0.00782013 0.00972748 0.237469 -1.40004 0.000190738 -0.495346 0.16804 0.0255825 -1.66304 1.62795 -0.00896468 -0.19894 -0.00324254 0.000572213 0.39044 -0.250115 -0.00164817 -0.197032 0.00133516 0.000190738 0.392729 -0.249621 0.000448977 
23 -0.00782013 0.00972748 0.237469 -1.40004 0.000190738 -0.495346 0.168803 0.0259639 -1.65885 1.62795 -0.00934615 -0.19894 -0.00324254 0.000572213 0.39044 -0.250115 -0.00164773 -0.197032 0.00133516 0.000190738 0.392729 -0.249621 0.000448977 
23 -0.00782013 0.00972748 0.237469 -1.40004 0.000190738 -0.495346 0.169947 0.0267269 -1.65503 1.62833 -0.00934615 -0.19894 -0.00324254 0.000572213 0.39044 -0.250115 -0.00164773 -0.197032 0.00133516 0.000190738 0.392729 -0.249621 0.000448977 
23 -0.00782013 0.00972748 0.237469 -1.40004 0.000190738 -0.495346 0.171473 0.0271084 -1.65045 1.62833 -0.00934615 -0.19894 -0.00324254 0.000572213 0.39044 -0.250115 -0.00164773 -0.197032 0.00133516 0.000190738 0.392729 -0.249621 0.000448977 
23 -0.00782013 0.00972748 0.237469 -1.40004 0.000190738 -0.495346 0.172618 0.0274898 -1.64626 1.62871 -0.00972763 -0.19894 -0.00324254 0.000572213 0.39044 -0.250115 -0.00164773 -0.197032 0.00133516 0.000190738 0.392729 -0.249621 0.000448977 
23 -0.00782013 0.00972748 0.237469 -1.40004 0.000190738 -0.495346 0.173762 0.0282528 -1.64168 1.62909 -0.00972763 -0.19894 -0.00324254 0.000572213 0.39044 -0.250115 -0.00164773 -0.197032 0.00133516 0.000190738 0.392729 -0.249621 0.000448977 
23 -0.00782013 0.00972748 0.237469 -1.40004 0.000190738 -0.495346 0.174907 0.0290157 -1.6371 1.62909 -0.00972763 -0.19894 -0.00324254 0.000572213 0.39044 -0.250115 -0.00164773 -0.197032 0.00133516 0.000190738 0.392729 -0.249621 0.000448977 
23 -0.00782013 0.00972748 0.237087 -1.40004 0.000190738 -0.495346 0.176051 0.0297787 -1.63214 1.62947 -0.0101091 -0.19894 -0.00324254 0.000572213 0.39044 -0.250115 -0.00164773 -0.197032 0.00133516 0.000190738 0.392729 -0.249621 0.000448977 
23 -0.00782013 0.00972748 0.237087 -1.40004 0.000190738 -0.495346 0.177577 0.0305417 -1.62718 1.62985 -0.0101091 -0.19894 -0.00324254 0.000572213 0.39044 -0.250115 -0.00164773 -0.197032 0.00133516 0.000190738 0.392729 -0.249621 0.000448977 
23 -0.00782013 0.00972748 0.237087 -1.40004 0.000190738 -0.495346 0.179103 0.0309231 -1.62222 1.63024 -0.0104906 -0.19894 -0.00324254 0.000572213 0.39044 -0.250115 -0.00164773 -0.197032 0.00133516 0.000190738 0.392729 -0.249621 0.000448977 
23 -0.00782013 0.00972748 0.237087 -1.40004 0.000190738 -0.495346 0.179866 0.0313046 -1.61727 1.63062 -0.0104906 -0.19894 -0.00324254 0.000572213 0.39044 -0.250115 -0.00164773 -0.197032 0.00133516 0.000190738 0.392729 -0.249621 0.000448977 
23 -0.00782013 0.00972748 0.237087 -1.40004 0.000190738 -0.495346 0.18101 0.0316861 -1.61192 1.63062 -0.0108721 -0.19894 -0.00324254 0.000572213 0.39044 -0.250115 -0.00164773 -0.197032 0.00133516 0.000190738 0.392729 -0.249621 0.000448977 
23 -0.00782013 0.00972748 0.237087 -1.40004 0.000190738 -0.495346 0.182155 0.0320675 -1.60658 1.631 -0.0108721 -0.19894 -0.00324254 0.000572213 0.39044 -0.250115 -0.00164773 -0.197032 0.00133516 0.000190738 0.392729 -0.249621 0.000448977 
23 -0.00782013 0.00972748 0.237087 -1.40004 0.000190738 -0.495346 0.18368 0.032449 -1.60124 1.631 -0.0112535 -0.19894 -0.00324254 0.000572213 0.39044 -0.250115 -0.00164773 -0.197032 0.00133516 0.000190738 0.392729 -0.249621 0.000448977 
23 -0.00782013 0.00972748 0.236706 -1.40004 0.000190738 -0.495346 0.185206 0.0328305 -1.59552 1.63138 -0.011635 -0.19894 -0.00324254 0.000572213 0.39044 -0.250115 -0.00164773 -0.197032 0.00133516 0.000190738 0.392729 -0.249621 0.000448977 
23 -0.00782013 0.00972748 0.236706 -1.40004 0.000190738 -0.495346 0.186351 0.0335934 -1.5898 1.63138 -0.011635 -0.19894 -0.00324254 0.000572213 0.39044 -0.250115 -0.00164773 -0.197032 0.00133516 0.000190738 0.392729 -0.249621 0.000448977 
23 -0.00782013 0.00972748 0.236706 -1.40004 0.000190738 -0.495346 0.187495 0.0339749 -1.58408 1.63176 -0.0120165 -0.19894 -0.00324254 0.000572213 0.39044 -0.250115 -0.00164773 -0.197032 0.00133516 0.000190738 0.392729 -0.249621 0.000448977 
23 -0.00782013 0.00972748 0.236706 -1.40004 0.000190738 -0.495346 0.18864 0.0347379 -1.57836 1.63214 -0.012398 -0.19894 -0.00324254 0.000572213 0.39044 -0.250115 -0.00164773 -0.197032 0.00133516 0.000190738 0.392729 -0.249621 0.000448977 
23 -0.00782013 0.00972748 0.236706 -1.40004 0.000190738 -0.495346 0.190166 0.0351194 -1.57225 1.63214 -0.012398 -0.19894 -0.00324254 0.000572213 0.39044 -0.250115 -0.00164773 -0.197032 0.00133516 0.000190738 0.392729 -0.249621 0.000448977 
23 -0.00782013 0.00972748 0.236706 -1.40004 0.000190738 -0.495346 0.191691 0.0355008 -1.56615 1.63252 -0.0127794 -0.19894 -0.00324254 0.000572213 0.39044 -0.250115 -0.00164773 -0.197032 0.00133516 0.000190738 0.392729 -0.249621 0.000448977 
23 -0.00782013 0.00972748 0.236706 -1.40004 0.000190738 -0.495346 0.192836 0.0358823 -1.56004 1.63291 -0.0131609 -0.19894 -0.00324254 0.000572213 0.39044 -0.250115 -0.00164773 -0.197032 0.00133516 0.000190738 0.392729 -0.249621 0.000448977 
23 -0.00782013 0.00972748 0.236324 -1.40004 0.000190738 -0.495346 0.19398 0.0362638 -1.55394 1.63291 -0.0135424 -0.19894 -0.00324254 0.000572213 0.39044 -0.250115 -0.00164773 -0.197032 0.00133516 0.000190738 0.392729 -0.249621 0.000448977 
23 -0.00782013 0.00972748 0.236324 -1.40004 0.000190738 -0.495346 0.195125 0.0366453 -1.54707 1.63329 -0.0135424 -0.19894 -0.00324254 0.000572213 0.39044 -0.250115 -0.00164773 -0.197032 0.00133516 0.000190738 0.392729 -0.249621 0.000448977 
23 -0.00782013 0.00972748 0.236324 -1.40004 0.000190738 -0.495346 0.196651 0.0370267 -1.54097 1.63367 -0.0139239 -0.19894 -0.00324254 0.000572213 0.39044 -0.250115 -0.00164773 -0.197032 0.00133516 0.000190738 0.392729 -0.249621 0.000448977 
23 -0.00782013 0.00972748 0.236324 -1.40004 0.000190738 -0.495346 0.198177 0.0370267 -1.5341 1.63405 -0.0143053 -0.19894 -0.00324254 0.000572213 0.39044 -0.250115 -0.00164773 -0.197032 0.00133516 0.000190738 0.392729 -0.249621 0.000448977 
23 -0.00743866 0.00972748 0.236324 -1.40004 0.000190738 -0.495346 0.199321 0.0370267 -1.52762 1.63443 -0.0143053 -0.19894 -0.00324254 0.000572213 0.39044 -0.250115 -0.00164773 -0.197032 0.00133516 0.000190738 0.392729 -0.249621 0.000448977 
23 -0.00782013 0.00972748 0.236324 -1.40004 0.000190738 -0.495346 0.200465 0.0374082 -1.52075 1.63481 -0.0146868 -0.19894 -0.00324254 0.000572213 0.39044 -0.250115 -0.00164773 -0.197032 0.00133516 0.000190738 0.392729 -0.249621 0.000448977 
23 -0.00782013 0.00972748 0.236324 -1.40004 0.000190738 -0.495346 0.20161 0.0374082 -1.51389 1.63519 -0.0150683 -0.19894 -0.00324254 0.000572213 0.39044 -0.250115 -0.00164773 -0.197032 0.00133516 0.000190738 0.392729 -0.249621 0.000448977 
23 -0.00782013 0.00972748 0.236324 -1.40004 0.000190738 -0.495346 0.203136 0.0377897 -1.50702 1.63558 -0.0150683 -0.19894 -0.00324254 0.000572213 0.39044 -0.250115 -0.00164773 -0.197032 0.00133516 0.000190738 0.392729 -0.249621 0.000448977 
23 -0.00782013 0.00972748 0.236324 -1.40004 0.000190738 -0.495346 0.20428 0.0377897 -1.50015 1.63634 -0.0154498 -0.19894 -0.00324254 0.000572213 0.39044 -0.250115 -0.00164773 -0.197032 0.00133516 0.000190738 0.392729 -0.249621 0.000448977 
23 -0.00782013 0.00972748 0.236324 -1.40004 0.000190738 -0.495346 0.205425 0.0381711 -1.4929 1.63672 -0.0158312 -0.19894 -0.00324254 0.000572213 0.39044 -0.250115 -0.00164773 -0.197032 0.00133516 0.000190738 0.392729 -0.249621 0.000448977 
23 -0.00782013 0.00972748 0.236324 -1.40004 0.000190738 -0.495346 0.206569 0.0381711 -1.48566 1.6371 -0.0158312 -0.19894 -0.00324254 0.000572213 0.39044 -0.250115 -0.00164773 -0.197032 0.00133516 0.000190738 0.392729 -0.249621 0.000448977 
23 -0.00782013 0.00972748 0.235943 -1.40004 0.000190738 -0.495346 0.207332 0.0381711 -1.47841 1.63748 -0.0158312 -0.19894 -0.00324254 0.000572213 0.39044 -0.250115 -0.00164773 -0.197032 0.00133516 0.000190738 0.392729 -0.249621 0.000448977 
23 -0.00782013 0.00972748 0.235943 -1.40004 0.000190738 -0.495346 0.209239 0.0381711 -1.47116 1.63825 -0.0162127 -0.19894 -0.00324254 0.000572213 0.39044 -0.250115 -0.00164773 -0.197032 0.00133516 0.000190738 0.392729 -0.249621 0.000448977 
23 -0.00782013 0.00972748 0.235943 -1.40004 0.000190738 -0.495346 0.210384 0.0381711 -1.46353 1.63863 -0.0162127 -0.19894 -0.00324254 0.000572213 0.39044 -0.250115 -0.00164773 -0.197032 0.00133516 0.000190738 0.392729 -0.249621 0.000448977 
23 -0.00782013 0.00972748 0.235943 -1.40004 0.000190738 -0.495346 0.211528 0.0381711 -1.45666 1.63939 -0.0165942 -0.19894 -0.00324254 0.000572213 0.39044 -0.250115 -0.00164773 -0.197032 0.00133516 0.000190738 0.392729 -0.249621 0.000448977 
23 -0.00782013 0.00972748 0.235943 -1.40004 0.000190738 -0.495346 0.212673 0.0381711 -1.44865 1.64054 -0.0165942 -0.19894 -0.00324254 0.000572213 0.39044 -0.250115 -0.00164773 -0.197032 0.00133516 0.000190738 0.392729 -0.249621 0.000448977 
23 -0.00782013 0.00972748 0.235943 -1.40004 0.000190738 -0.495346 0.213817 0.0381711 -1.44141 1.64168 -0.0165942 -0.19894 -0.00324254 0.000572213 0.39044 -0.250115 -0.00164773 -0.197032 0.00133516 0.000190738 0.392729 -0.249621 0.000448977 
23 -0.00782013 0.00972748 0.235943 -1.40004 0.000190738 -0.495346 0.215343 0.0381711 -1.43378 1.64282 -0.0169757 -0.19894 -0.00324254 0.000572213 0.39044 -0.250115 -0.00164773 -0.197032 0.00133516 0.000190738 0.392729 -0.249621 0.000448977 
23 -0.00782013 0.00972748 0.235943 -1.40004 0.000190738 -0.495346 0.216487 0.0381711 -1.42615 1.64359 -0.0169757 -0.19894 -0.00324254 0.000572213 0.39044 -0.250115 -0.00164773 -0.197032 0.00133516 0.000190738 0.392729 -0.249621 0.000448977 
23 -0.00782013 0.00972748 0.235943 -1.40004 0.000190738 -0.495346 0.21725 0.0381711 -1.41852 1.64435 -0.0173571 -0.19894 -0.00324254 0.000572213 0.39044 -0.250115 -0.00164773 -0.197032 0.00133516 0.000190738 0.392729 -0.249621 0.000448977 
23 -0.00782013 0.00972748 0.235943 -1.40004 0.000190738 -0.495346 0.218395 0.0381711 -1.41051 1.64511 -0.0173571 -0.19894 -0.00324254 0.000572213 0.39044 -0.250115 -0.00164773 -0.197032 0.00133516 0.000190738 0.392729 -0.249621 0.000448977 
23 -0.00782013 0.00972748 0.235943 -1.40004 0.000190738 -0.495346 0.219539 0.0381711 -1.40249 1.64588 -0.0173571 -0.19894 -0.00324254 0.000572213 0.39044 -0.250115 -0.00164773 -0.197032 0.00133516 0.000190738 0.392729 -0.249621 0.000448977 
23 -0.00782013 0.00972748 0.235943 -1.40004 0.000190738 -0.495346 0.220684 0.0381711 -1.39487 1.64664 -0.0177386 -0.19894 -0.00324254 0.000572213 0.39044 -0.250115 -0.00164773 -0.197032 0.00133516 0.000190738 0.392729 -0.249621 0.000448977 
23 -0.00782013 0.00972748 0.235943 -1.40004 0.000190738 -0.495346 0.22221 0.0381711 -1.38647 1.64778 -0.0177386 -0.19894 -0.00324254 0.000572213 0.39044 -0.250115 -0.00164773 -0.197032 0.00133516 0.000190738 0.392729 -0.249621 0.000448977 
23 -0.00782013 0.00972748 0.235943 -1.40004 0.000190738 -0.495346 0.222972 0.0381711 -1.37884 1.64893 -0.0177386 -0.19894 -0.00324254 0.000572213 0.39044 -0.250115 -0.00164773 -0.197032 0.00133516 0.000190738 0.392729 -0.249621 0.000448977 
23 -0.00782013 0.00972748 0.235943 -1.40004 0.000190738 -0.495346 0.224117 0.0381711 -1.37045 1.65007 -0.0181201 -0.19894 -0.00324254 0.000572213 0.39044 -0.250115 -0.00164773 -0.197032 0.00133516 0.000190738 0.392729 -0.249621 0.000448977 
23 -0.00782013 0.00972748 0.235943 -1.40004 0.000190738 -0.495346 0.22488 0.0381711 -1.36244 1.65084 -0.0181201 -0.19894 -0.00324254 0.000572213 0.39044 -0.250115 -0.00164773 -0.197032 0.00133516 0.000190738 0.392729 -0.249621 0.000448977 
23 -0.00782013 0.00972748 0.235943 -1.40004 0.000190738 -0.495346 0.226024 0.0377897 -1.35443 1.65198 -0.0181201 -0.19894 -0.00324254 0.000572213 0.39044 -0.250115 -0.00164773 -0.197032 0.00133516 0.000190738 0.392729 -0.249621 0.000448977 
23 -0.00782013 0.00972748 0.235943 -1.40004 0.000190738 -0.495346 0.227169 0.0377897 -1.34565 1.65312 -0.0185016 -0.19894 -0.00324254 0.000572213 0.39044 -0.250115 -0.00164773 -0.197032 0.00133516 0.000190738 0.392729 -0.249621 0.000448977 
23 -0.00782013 0.00972748 0.235943 -1.40004 0.000190738 -0.495346 0.228313 0.0377897 -1.33726 1.65465 -0.0185016 -0.19894 -0.00324254 0.000572213 0.39044 -0.250115 -0.00164773 -0.197032 0.00133516 0.000190738 0.392729 -0.249621 0.000448977 
23 -0.00782013 0.00972748 0.235943 -1.40004 0.000190738 -0.495346 0.229458 0.0377897 -1.32963 1.65579 -0.0185016 -0.19894 -0.00324254 0.000572213 0.39044 -0.250115 -0.00164773 -0.197032 0.00133516 0.000190738 0.392729 -0.249621 0.000448977 
23 -0.00782013 0.00972748 0.235943 -1.40004 0.000190738 -0.495346 0.23022 0.0374082 -1.32086 1.65694 -0.0185016 -0.19894 -0.00324254 0.000572213 0.39044 -0.250115 -0.00164773 -0.197032 0.00133516 0.000190738 0.392729 -0.249621 0.000448977 
23 -0.00782013 0.00972748 0.235943 -1.40004 0.000190738 -0.495346 0.230983 0.0374082 -1.31285 1.6577 -0.0185016 -0.19894 -0.00324254 0.000572213 0.39044 -0.250115 -0.00164773 -0.197032 0.00133516 0.000190738 0.392729 -0.249621 0.000448977 
23 -0.00782013 0.00972748 0.235943 -1.40004 0.000190738 -0.495346 0.231365 0.0374082 -1.30446 1.65885 -0.018883 -0.19894 -0.00324254 0.000572213 0.39044 -0.250115 -0.00164773 -0.197032 0.00133516 0.000190738 0.392729 -0.249621 0.000448977 
23 -0.00782013 0.00972748 0.235943 -1.40004 0.000190738 -0.495346 0.232128 0.0374082 -1.29606 1.65999 -0.018883 -0.19894 -0.00324254 0.000572213 0.39044 -0.250115 -0.00164773 -0.197032 0.00133516 0.000190738 0.392729 -0.249621 0.000448977 
23 -0.00782013 0.00972748 0.235943 -1.40004 0.000190738 -0.495346 0.233272 0.0370267 -1.28805 1.66152 -0.018883 -0.19894 -0.00324254 0.000572213 0.39044 -0.250115 -0.00164773 -0.197032 0.00133516 0.000190738 0.392729 -0.249621 0.000448977 
23 -0.00782013 0.00972748 0.235943 -1.40004 0.000190738 -0.495346 0.234417 0.0370267 -1.27966 1.66266 -0.018883 -0.19894 -0.00324254 0.000572213 0.39044 -0.250115 -0.00164773 -0.197032 0.00133516 0.000190738 0.392729 -0.249621 0.000448977 
23 -0.00782013 0.00972748 0.235943 -1.40004 0.000190738 -0.495346 0.23518 0.0370267 -1.27127 1.66381 -0.018883 -0.19894 -0.00324254 0.000572213 0.39044 -0.250115 -0.00164773 -0.197032 0.00133516 0.000190738 0.392729 -0.249621 0.000448977 
23 -0.00782013 0.00972748 0.235943 -1.40004 0.000190738 -0.495346 0.235943 0.0370267 -1.26326 1.66495 -0.018883 -0.19894 -0.00324254 0.000572213 0.39044 -0.250115 -0.00164773 -0.197032 0.00133516 0.000190738 0.392729 -0.249621 0.000448977 
23 -0.00782013 0.00972748 0.235943 -1.40004 0.000190738 -0.495346 0.236324 0.0366453 -1.25448 1.66686 -0.0192645 -0.19894 -0.00324254 0.000572213 0.39044 -0.250115 -0.00164773 -0.197032 0.00133516 0.000190738 0.392729 -0.249621 0.000448977 
23 -0.00782013 0.00972748 0.235943 -1.40004 0.000190738 -0.495346 0.237087 0.0366453 -1.24609 1.66838 -0.0192645 -0.19894 -0.00324254 0.000572213 0.39044 -0.250115 -0.00164773 -0.197032 0.00133516 0.000190738 0.392729 -0.249621 0.000448977 
23 -0.00782013 0.00972748 0.235943 -1.40004 0.000190738 -0.495346 0.237469 0.0362638 -1.23846 1.66953 -0.0192645 -0.19894 -0.00324254 0.000572213 0.39044 -0.250115 -0.00164773 -0.197032 0.00133516 0.000190738 0.392729 -0.249621 0.000448977 
23 -0.00782013 0.00972748 0.235943 -1.40004 0.000190738 -0.495346 0.23785 0.0358823 -1.23045 1.67067 -0.019646 -0.19894 -0.00324254 0.000572213 0.39044 -0.250115 -0.00164773 -0.197032 0.00133516 0.000190738 0.392729 -0.249621 0.000448977 
23 -0.00782013 0.00972748 0.235943 -1.40004 0.000190738 -0.495346 0.238613 0.0358823 -1.22206 1.67182 -0.019646 -0.19894 -0.00324254 0.000572213 0.39044 -0.250115 -0.00164773 -0.197032 0.00133516 0.000190738 0.392729 -0.249621 0.000448977 
23 -0.00782013 0.00972748 0.235943 -1.40004 0.000190738 -0.495346 0.238994 0.0355008 -1.21366 1.67372 -0.019646 -0.19894 -0.00324254 0.000572213 0.39044 -0.250115 -0.00164773 -0.197032 0.00133516 0.000190738 0.392729 -0.249621 0.000448977 
23 -0.00782013 0.00972748 0.235943 -1.40004 0.000190738 -0.495346 0.239376 0.0351194 -1.20603 1.67487 -0.019646 -0.19894 -0.00324254 0.000572213 0.39044 -0.250115 -0.00164773 -0.197032 0.00133516 0.000190738 0.392729 -0.249621 0.000448977 
23 -0.00782013 0.00972748 0.235943 -1.40004 0.000190738 -0.495346 0.240139 0.0351194 -1.19764 1.67601 -0.0200275 -0.19894 -0.00324254 0.000572213 0.39044 -0.250115 -0.00164773 -0.197032 0.00133516 0.000190738 0.392729 -0.249621 0.000448977 
23 -0.00782013 0.00972748 0.235943 -1.40004 0.000190738 -0.495346 0.24052 0.0347379 -1.18963 1.67754 -0.0200275 -0.19894 -0.00324254 0.000572213 0.39044 -0.250115 -0.00164773 -0.197032 0.00133516 0.000190738 0.392729 -0.249621 0.000448977 
23 -0.00782013 0.00972748 0.235943 -1.40004 0.000190738 -0.495346 0.240902 0.0343564 -1.182 1.67945 -0.0200275 -0.19894 -0.00324254 0.000572213 0.39044 -0.250115 -0.00164773 -0.197032 0.00133516 0.000190738 0.392729 -0.249621 0.000448977 
23 -0.00782013 0.00972748 0.235943 -1.40004 0.000190738 -0.495346 0.241283 0.0339749 -1.17399 1.68097 -0.0200275 -0.19894 -0.00324254 0.000572213 0.39044 -0.250115 -0.00164773 -0.197032 0.00133516 0.000190738 0.392729 -0.249621 0.000448977 
23 -0.00782013 0.00972748 0.235943 -1.40004 0.000190738 -0.495346 0.241283 0.0335934 -1.16636 1.68212 -0.0200275 -0.19894 -0.00324254 0.000572213 0.39044 -0.250115 -0.00164773 -0.197032 0.00133516 0.000190738 0.392729 -0.249621 0.000448977 
23 -0.00782013 0.00972748 0.235943 -1.40004 0.000190738 -0.495346 0.241665 0.033212 -1.15873 1.68326 -0.0200275 -0.19894 -0.00324254 0.000572213 0.39044 -0.250115 -0.00164773 -0.197032 0.00133516 0.000190738 0.392729 -0.249621 0.000448977 
23 -0.00782013 0.00972748 0.235943 -1.40004 0.000190738 -0.495346 0.241665 0.0328305 -1.1511 1.68517 -0.0200275 -0.19894 -0.00324254 0.000572213 0.39044 -0.250115 -0.00164773 -0.197032 0.00133516 0.000190738 0.392729 -0.249621 0.000448977 
23 -0.00782013 0.00972748 0.235943 -1.40004 0.000190738 -0.495346 0.242046 0.0328305 -1.14347 1.68669 -0.0200275 -0.19894 -0.00324254 0.000572213 0.39044 -0.250115 -0.00164773 -0.197032 0.00133516 0.000190738 0.392729 -0.249621 0.000448977 
23 -0.00782013 0.00972748 0.235943 -1.40004 0.000190738 -0.495346 0.242046 0.032449 -1.13584 1.68822 -0.0200275 -0.19894 -0.00324254 0.000572213 0.39044 -0.250115 -0.00164773 -0.197032 0.00133516 0.000190738 0.392729 -0.249621 0.000448977 
23 -0.00782013 0.00972748 0.235943 -1.40004 0.000190738 -0.495346 0.242046 0.0320675 -1.12821 1.68936 -0.0200275 -0.19894 -0.00324254 0.000572213 0.39044 -0.250115 -0.00164773 -0.197032 0.00133516 0.000190738 0.392729 -0.249621 0.000448977 
23 -0.00782013 0.00972748 0.235943 -1.40004 0.000190738 -0.495346 0.242046 0.0320675 -1.12097 1.69089 -0.0200275 -0.19894 -0.00324254 0.000572213 0.39044 -0.250115 -0.00164773 -0.197032 0.00133516 0.000190738 0.392729 -0.249621 0.000448977 
23 -0.00782013 0.00972748 0.235943 -1.40004 0.000190738 -0.495346 0.242046 0.0316861 -1.1141 1.6928 -0.0200275 -0.19894 -0.00324254 0.000572213 0.39044 -0.250115 -0.00164773 -0.197032 0.00133516 0.000190738 0.392729 -0.249621 0.000448977 
23 -0.00782013 0.00972748 0.235943 -1.40004 0.000190738 -0.495346 0.242046 0.0313046 -1.10685 1.69432 -0.0200275 -0.19894 -0.00324254 0.000572213 0.39044 -0.250115 -0.00164773 -0.197032 0.00133516 0.000190738 0.392729 -0.249621 0.000448977 
23 -0.00782013 0.00972748 0.235943 -1.40004 0.000190738 -0.495346 0.242046 0.0313046 -1.0996 1.69547 -0.0200275 -0.19894 -0.00324254 0.000572213 0.39044 -0.250115 -0.00164773 -0.197032 0.00133516 0.000190738 0.392729 -0.249621 0.000448977 
23 -0.00782013 0.00972748 0.235943 -1.40004 0.000190738 -0.495346 0.242046 0.0309231 -1.09274 1.69699 -0.0200275 -0.19894 -0.00324254 0.000572213 0.39044 -0.250115 -0.00164773 -0.197032 0.00133516 0.000190738 0.392729 -0.249621 0.000448977 
23 -0.00782013 0.00972748 0.235943 -1.40004 0.000190738 -0.495346 0.242046 0.0309231 -1.08549 1.6989 -0.0200275 -0.19894 -0.00324254 0.000572213 0.39044 -0.250115 -0.00164773 -0.197032 0.00133516 0.000190738 0.392729 -0.249621 0.000448977 
23 -0.00782013 0.00972748 0.235943 -1.40004 0.000190738 -0.495346 0.241665 0.0305417 -1.079 1.70005 -0.019646 -0.19894 -0.00324254 0.000572213 0.39044 -0.250115 -0.00164773 -0.197032 0.00133516 0.000190738 0.392729 -0.249621 0.000448977 
23 -0.00782013 0.00972748 0.235943 -1.40004 0.000190738 -0.495346 0.241665 0.0305417 -1.07214 1.70119 -0.019646 -0.19894 -0.00324254 0.000572213 0.39044 -0.250115 -0.00164773 -0.197032 0.00133516 0.000190738 0.392729 -0.249621 0.000448977 
23 -0.00782013 0.00972748 0.235943 -1.40004 0.000190738 -0.495346 0.241665 0.0301602 -1.06565 1.70272 -0.019646 -0.19894 -0.00324254 0.000572213 0.39044 -0.250115 -0.00164773 -0.197032 0.00133516 0.000190738 0.392729 -0.249621 0.000448977 
23 -0.00782013 0.00972748 0.235943 -1.40004 0.000190738 -0.495346 0.241665 0.0297787 -1.05955 1.705 -0.019646 -0.19894 -0.00324254 0.000572213 0.39044 -0.250115 -0.00164773 -0.197032 0.00133516 0.000190738 0.392729 -0.249621 0.000448977 
23 -0.00782013 0.00972748 0.235943 -1.40004 0.000190738 -0.495346 0.241283 0.0293972 -1.05306 1.70615 -0.019646 -0.19894 -0.00324254 0.000572213 0.39044 -0.250115 -0.00164773 -0.197032 0.00133516 0.000190738 0.392729 -0.249621 0.000448977 
23 -0.00782013 0.00972748 0.235943 -1.40004 0.000190738 -0.495346 0.241283 0.0290157 -1.04696 1.70768 -0.019646 -0.19894 -0.00324254 0.000572213 0.39044 -0.250115 -0.00164773 -0.197032 0.00133516 0.000190738 0.392729 -0.249621 0.000448977 
23 -0.00782013 0.00972748 0.235943 -1.40004 0.000190738 -0.495346 0.240902 0.0286343 -1.04086 1.70882 -0.019646 -0.19894 -0.00324254 0.000572213 0.39044 -0.250115 -0.00164773 -0.197032 0.00133516 0.000190738 0.392729 -0.249621 0.000448977 
23 -0.00782013 0.00972748 0.235943 -1.40004 0.000190738 -0.495346 0.240902 0.0282528 -1.03513 1.71035 -0.019646 -0.19894 -0.00324254 0.000572213 0.39044 -0.250115 -0.00164773 -0.197032 0.00133516 0.000190738 0.392729 -0.249621 0.000448977 
23 -0.00782013 0.00972748 0.235943 -1.40004 0.000190738 -0.495346 0.24052 0.0278713 -1.02979 1.71187 -0.019646 -0.19894 -0.00324254 0.000572213 0.39044 -0.250115 -0.00164773 -0.197032 0.00133516 0.000190738 0.392729 -0.249621 0.000448977 
23 -0.00743866 0.00972748 0.235943 -1.40004 0.000190738 -0.495346 0.24052 0.0278713 -1.02407 1.71302 -0.019646 -0.19894 -0.00324254 0.000572213 0.39044 -0.250115 -0.00164773 -0.197032 0.00133516 0.000190738 0.392729 -0.249621 0.000448977 
23 -0.00782013 0.00972748 0.235943 -1.40004 0.000190738 -0.495346 0.240139 0.0274898 -1.01873 1.71454 -0.0192645 -0.19894 -0.00324254 0.000572213 0.39044 -0.250115 -0.00164773 -0.197032 0.00133516 0.000190738 0.392729 -0.249621 0.000448977 
23 -0.00782013 0.00972748 0.235943 -1.40004 0.000190738 -0.495346 0.239757 0.0274898 -1.01339 1.71607 -0.0192645 -0.19894 -0.00324254 0.000572213 0.39044 -0.250115 -0.00164773 -0.197032 0.00133516 0.000190738 0.392729 -0.249621 0.000448977 
23 -0.00782013 0.00972748 0.235943 -1.40004 0.000190738 -0.495346 0.239757 0.0271084 -1.00843 1.71798 -0.0192645 -0.19894 -0.00324254 0.000572213 0.39044 -0.250115 -0.00164773 -0.197032 0.00133516 0.000190738 0.392729 -0.249621 0.000448977 
23 -0.00782013 0.00972748 0.235943 -1.40004 0.000190738 -0.495346 0.239376 0.0271084 -1.00309 1.71912 -0.0192645 -0.19894 -0.00324254 0.000572213 0.39044 -0.250115 -0.00164773 -0.197032 0.00133516 0.000190738 0.392729 -0.249621 0.000448977 
23 -0.00782013 0.00972748 0.235943 -1.40004 0.000190738 -0.495346 0.238994 0.0267269 -0.998512 1.72026 -0.0192645 -0.19894 -0.00324254 0.000572213 0.39044 -0.250115 -0.00164773 -0.197032 0.00133516 0.000190738 0.392729 -0.249621 0.000448977 
23 -0.00782013 0.00972748 0.235943 -1.40004 0.000190738 -0.495346 0.238994 0.0267269 -0.994316 1.72141 -0.0192645 -0.19894 -0.00324254 0.000572213 0.39044 -0.250115 -0.00164773 -0.197032 0.00133516 0.000190738 0.392729 -0.249621 0.000448977 
23 -0.00782013 0.00972748 0.235943 -1.40004 0.000190738 -0.495346 0.238613 0.0263454 -0.989738 1.72293 -0.0192645 -0.19894 -0.00324254 0.000572213 0.39044 -0.250115 -0.00164773 -0.197032 0.00133516 0.000190738 0.392729 -0.249621 0.000448977 
23 -0.00782013 0.00972748 0.235943 -1.40004 0.000190738 -0.495346 0.238231 0.0263454 -0.985542 1.72408 -0.018883 -0.19894 -0.00324254 0.000572213 0.39044 -0.250115 -0.00164773 -0.197032 0.00133516 0.000190738 0.392729 -0.249621 0.000448977 
23 -0.00782013 0.00972748 0.235943 -1.40004 0.000190738 -0.495346 0.23785 0.0259639 -0.981727 1.72522 -0.018883 -0.19894 -0.00324254 0.000572213 0.39044 -0.250115 -0.00164773 -0.197032 0.00133516 0.000190738 0.392729 -0.249621 0.000448977 
23 -0.00782013 0.00972748 0.235943 -1.40004 0.000190738 -0.495346 0.23785 0.0259639 -0.977531 1.72637 -0.018883 -0.19894 -0.00324254 0.000572213 0.39044 -0.250115 -0.00164773 -0.197032 0.00133516 0.000190738 0.392729 -0.249621 0.000448977 
23 -0.00782013 0.00972748 0.235943 -1.40004 0.000190738 -0.495346 0.237469 0.0255825 -0.973716 1.72751 -0.018883 -0.19894 -0.00324254 0.000572213 0.39044 -0.250115 -0.00164773 -0.197032 0.00133516 0.000190738 0.392729 -0.249621 0.000448977 
23 -0.00782013 0.00972748 0.235943 -1.40004 0.000190738 -0.495346 0.236706 0.025201 -0.970665 1.72942 -0.0185016 -0.19894 -0.00324254 0.000572213 0.39044 -0.250115 -0.00164773 -0.197032 0.00133516 0.000190738 0.392729 -0.249621 0.000448977 
23 -0.00782013 0.00972748 0.235943 -1.40004 0.000190738 -0.495346 0.236324 0.025201 -0.967231 1.73056 -0.0185016 -0.19894 -0.00324254 0.000572213 0.39044 -0.250115 -0.00164773 -0.197032 0.00133516 0.000190738 0.392729 -0.249621 0.000448977 
23 -0.00782013 0.00972748 0.235943 -1.40004 0.000190738 -0.495346 0.235943 0.0248195 -0.964179 1.73171 -0.0185016 -0.19894 -0.00324254 0.000572213 0.39044 -0.250115 -0.00164773 -0.197032 0.00133516 0.000190738 0.392729 -0.249621 0.000448977 
23 -0.00782013 0.00972748 0.235943 -1.40004 0.000190738 -0.495346 0.23518 0.0248195 -0.961128 1.73285 -0.0181201 -0.19894 -0.00324254 0.000572213 0.39044 -0.250115 -0.00164773 -0.197032 0.00133516 0.000190738 0.392729 -0.249621 0.000448977 
23 -0.00782013 0.00972748 0.235943 -1.40004 0.000190738 -0.495346 0.234798 0.024438 -0.958457 1.73362 -0.0181201 -0.19894 -0.00324254 0.000572213 0.39044 -0.250115 -0.00164773 -0.197032 0.00133516 0.000190738 0.392729 -0.249621 0.000448977 
23 -0.00782013 0.00972748 0.235943 -1.40004 0.000190738 -0.495346 0.234035 0.024438 -0.955787 1.73514 -0.0177386 -0.19894 -0.00324254 0.000572213 0.39044 -0.250115 -0.00164773 -0.197032 0.00133516 0.000190738 0.392729 -0.249621 0.000448977 
23 -0.00782013 0.00972748 0.235943 -1.40004 0.000190738 -0.495346 0.232891 0.0240566 -0.953117 1.73629 -0.0177386 -0.19894 -0.00324254 0.000572213 0.39044 -0.250115 -0.00164773 -0.197032 0.00133516 0.000190738 0.392729 -0.249621 0.000448977 
23 -0.00782013 0.00972748 0.235943 -1.40004 0.000190738 -0.495346 0.232128 0.0240566 -0.951209 1.73743 -0.0177386 -0.19894 -0.00324254 0.000572213 0.39044 -0.250115 -0.00164773 -0.197032 0.00133516 0.000190738 0.392729 -0.249621 0.000448977 
23 -0.00782013 0.00972748 0.235943 -1.40004 0.000190738 -0.495346 0.231746 0.0236751 -0.949302 1.73819 -0.0173571 -0.19894 -0.00324254 0.000572213 0.39044 -0.250115 -0.00164773 -0.197032 0.00133516 0.000190738 0.392729 -0.249621 0.000448977 
23 -0.00782013 0.00972748 0.235561 -1.40004 0.000190738 -0.495346 0.231365 0.0236751 -0.947013 1.73934 -0.0173571 -0.19894 -0.00324254 0.000572213 0.39044 -0.250115 -0.00164773 -0.197032 0.00133516 0.000190738 0.392729 -0.249621 0.000448977 
23 -0.00782013 0.00972748 0.235561 -1.40004 0.000190738 -0.495346 0.230602 0.0232936 -0.945869 1.74048 -0.0169757 -0.19894 -0.00324254 0.000572213 0.39044 -0.250115 -0.00164773 -0.197032 0.00133516 0.000190738 0.392729 -0.249621 0.000448977 
23 -0.00782013 0.00972748 0.235561 -1.40004 0.000190738 -0.495346 0.23022 0.0232936 -0.943961 1.74201 -0.0169757 -0.19894 -0.00324254 0.000572213 0.39044 -0.250115 -0.00164773 -0.197032 0.00133516 0.000190738 0.392729 -0.249621 0.000448977 
23 -0.00782013 0.00972748 0.235561 -1.40004 0.000190738 -0.495346 0.229458 0.0232936 -0.942817 1.74277 -0.0169757 -0.19894 -0.00324254 0.000572213 0.39044 -0.250115 -0.00164773 -0.197032 0.00133516 0.000190738 0.392729 -0.249621 0.000448977 
23 -0.00782013 0.00972748 0.235561 -1.40004 0.000190738 -0.495346 0.228695 0.0229121 -0.941291 1.74392 -0.0165942 -0.19894 -0.00324254 0.000572213 0.39044 -0.250115 -0.00164773 -0.197032 0.00133516 0.000190738 0.392729 -0.249621 0.000448977 
23 -0.00782013 0.00972748 0.235561 -1.40004 0.000190738 -0.495346 0.227932 0.0229121 -0.940528 1.74468 -0.0165942 -0.19894 -0.00324254 0.000572213 0.39044 -0.250115 -0.00164773 -0.197032 0.00133516 0.000190738 0.392729 -0.249621 0.000448977 
23 -0.00782013 0.00972748 0.235561 -1.40004 0.000190738 -0.495346 0.226787 0.0229121 -0.939765 1.74544 -0.0165942 -0.19894 -0.00324254 0.000572213 0.39044 -0.250115 -0.00164773 -0.197032 0.00133516 0.000190738 0.392729 -0.249621 0.000448977 
23 -0.00782013 0.00972748 0.235561 -1.40004 0.000190738 -0.495346 0.226024 0.0229121 -0.939384 1.7462 -0.0165942 -0.19894 -0.00324254 0.000572213 0.39044 -0.250115 -0.00164773 -0.197032 0.00133516 0.000190738 0.392729 -0.249621 0.000448977 
23 -0.00782013 0.00972748 0.235561 -1.40004 0.000190738 -0.495346 0.225261 0.0229121 -0.939002 1.74735 -0.0162127 -0.19894 -0.00324254 0.000572213 0.39044 -0.250115 -0.00164773 -0.197032 0.00133516 0.000190738 0.392729 -0.249621 0.000448977 
23 -0.00782013 0.00972748 0.235561 -1.40004 0.000190738 -0.495346 0.224117 0.0225307 -0.939002 1.74849 -0.0162127 -0.19894 -0.00324254 0.000572213 0.39044 -0.250115 -0.00164773 -0.197032 0.00133516 0.000190738 0.392729 -0.249621 0.000448977 
23 -0.00782013 0.00972748 0.235561 -1.40004 0.000190738 -0.495346 0.223354 0.0225307 -0.939002 1.74926 -0.0162127 -0.19894 -0.00324254 0.000572213 0.39044 -0.250115 -0.00164773 -0.197032 0.00133516 0.000190738 0.392729 -0.249621 0.000448977 
23 -0.00782013 0.0101089 0.235561 -1.40004 0.000190738 -0.495346 0.222591 0.0225307 -0.939384 1.75002 -0.0158312 -0.19894 -0.00324254 0.000572213 0.39044 -0.250115 -0.00164773 -0.197032 0.00133516 0.000190738 0.392729 -0.249621 0.000448977 
23 -0.00782013 0.00972748 0.235561 -1.40004 0.000190738 -0.495346 0.221447 0.0225307 -0.939765 1.75116 -0.0158312 -0.19894 -0.00324254 0.000572213 0.39044 -0.250115 -0.00164773 -0.197032 0.00133516 0.000190738 0.392729 -0.249621 0.000448977 
23 -0.00782013 0.00972748 0.235561 -1.40004 0.000190738 -0.495346 0.220302 0.0221492 -0.940528 1.75154 -0.0154498 -0.19894 -0.00324254 0.000572213 0.39044 -0.250115 -0.00164773 -0.197032 0.00133516 0.000190738 0.392729 -0.249621 0.000448977 
23 -0.00782013 0.00972748 0.235561 -1.40004 0.000190738 -0.495346 0.219158 0.0221492 -0.941291 1.75231 -0.0154498 -0.19894 -0.00324254 0.000572213 0.39044 -0.250115 -0.00164773 -0.197032 0.00133516 0.000190738 0.392729 -0.249621 0.000448977 
23 -0.00782013 0.00972748 0.235561 -1.40004 0.000190738 -0.495346 0.218395 0.0221492 -0.942054 1.75345 -0.0150683 -0.19894 -0.00324254 0.000572213 0.39044 -0.250115 -0.00164773 -0.197032 0.00133516 0.000190738 0.392729 -0.249621 0.000448977 
23 -0.00782013 0.00972748 0.235561 -1.40004 0.000190738 -0.495346 0.21725 0.0217677 -0.943198 1.7546 -0.0150683 -0.19894 -0.00324254 0.000572213 0.39044 -0.250115 -0.00164773 -0.197032 0.00133516 0.000190738 0.392729 -0.249621 0.000448977 
23 -0.00782013 0.00972748 0.235561 -1.40004 0.000190738 -0.495346 0.216487 0.0217677 -0.944724 1.75536 -0.0146868 -0.19894 -0.00324254 0.000572213 0.39044 -0.250115 -0.00164773 -0.197032 0.00133516 0.000190738 0.392729 -0.249621 0.000448977 
23 -0.00782013 0.00972748 0.235561 -1.40004 0.000190738 -0.495346 0.215343 0.0217677 -0.945869 1.75612 -0.0143053 -0.19894 -0.00324254 0.000572213 0.39044 -0.250115 -0.00164773 -0.197032 0.00133516 0.000190738 0.392729 -0.249621 0.000448977 
23 -0.00782013 0.00972748 0.235561 -1.40004 0.000190738 -0.495346 0.213817 0.0217677 -0.947395 1.75689 -0.0139239 -0.19894 -0.00324254 0.000572213 0.39044 -0.250115 -0.00164773 -0.197032 0.00133516 0.000190738 0.392729 -0.249621 0.000448977 
23 -0.00782013 0.00972748 0.235561 -1.40004 0.000190738 -0.495346 0.212673 0.0217677 -0.94892 1.75727 -0.0139239 -0.19894 -0.00324254 0.000572213 0.39044 -0.250115 -0.00164773 -0.197032 0.00133516 0.000190738 0.392729 -0.249621 0.000448977 
23 -0.00782013 0.00972748 0.235561 -1.40004 0.000190738 -0.495346 0.21191 0.0213862 -0.950828 1.75765 -0.0135424 -0.19894 -0.00324254 0.000572213 0.39044 -0.250115 -0.00164773 -0.197032 0.00133516 0.000190738 0.392729 -0.249621 0.000448977 
23 -0.00782013 0.00972748 0.235561 -1.40004 0.000190738 -0.495346 0.210765 0.0213862 -0.952735 1.75841 -0.0131609 -0.19894 -0.00324254 0.000572213 0.39044 -0.250115 -0.00164773 -0.197032 0.00133516 0.000190738 0.392729 -0.249621 0.000448977 
23 -0.00782013 0.00972748 0.235561 -1.40004 0.000190738 -0.495346 0.209239 0.0213862 -0.955024 1.75879 -0.0127794 -0.19894 -0.00324254 0.000572213 0.39044 -0.250115 -0.00164773 -0.197032 0.00133516 0.000190738 0.392729 -0.249621 0.000448977 
23 -0.00782013 0.00972748 0.235561 -1.40004 0.000190738 -0.495346 0.207713 0.0213862 -0.957313 1.75956 -0.0127794 -0.19894 -0.00324254 0.000572213 0.39044 -0.250115 -0.00164773 -0.197032 0.00133516 0.000190738 0.392729 -0.249621 0.000448977 
23 -0.00782013 0.00972748 0.235561 -1.40004 0.000190738 -0.495346 0.206569 0.0213862 -0.959602 1.76032 -0.012398 -0.19894 -0.00324254 0.000572213 0.39044 -0.250115 -0.00164773 -0.197032 0.00133516 0.000190738 0.392729 -0.249621 0.000448977 
23 -0.00782013 0.00972748 0.235561 -1.40004 0.000190738 -0.495346 0.205806 0.0213862 -0.961891 1.7607 -0.0120165 -0.19894 -0.00324254 0.000572213 0.39044 -0.250115 -0.00164773 -0.197032 0.00133516 0.000190738 0.392729 -0.249621 0.000448977 
23 -0.00782013 0.00972748 0.235561 -1.40004 0.000190738 -0.495346 0.204662 0.0213862 -0.964942 1.76146 -0.011635 -0.19894 -0.00324254 0.000572213 0.39044 -0.250115 -0.00164773 -0.197032 0.00133516 0.000190738 0.392729 -0.249621 0.000448977 
23 -0.00782013 0.00972748 0.235561 -1.40004 0.000190738 -0.495346 0.203517 0.0213862 -0.967613 1.76184 -0.011635 -0.19894 -0.00324254 0.000572213 0.39044 -0.250115 -0.00164773 -0.197032 0.00133516 0.000190738 0.392729 -0.249621 0.000448977 
23 -0.00782013 0.00972748 0.235561 -1.40004 0.000190738 -0.495346 0.201991 0.0210047 -0.970665 1.76223 -0.0112535 -0.19894 -0.00324254 0.000572213 0.39044 -0.250115 -0.00164773 -0.197032 0.00133516 0.000190738 0.392729 -0.249621 0.000448977 
23 -0.00782013 0.00972748 0.235561 -1.40004 0.000190738 -0.495346 0.200465 0.0210047 -0.973335 1.76261 -0.0108721 -0.19894 -0.00324254 0.000572213 0.39044 -0.250115 -0.00164773 -0.197032 0.00133516 0.000190738 0.392729 -0.249621 0.000448977 
23 -0.00782013 0.00972748 0.235561 -1.40004 0.000190738 -0.495346 0.199321 0.0210047 -0.976768 1.76299 -0.0108721 -0.19894 -0.00324254 0.000572213 0.39044 -0.250115 -0.00164773 -0.197032 0.00133516 0.000190738 0.392729 -0.249621 0.000448977 
23 -0.00782013 0.00972748 0.235561 -1.40004 0.000190738 -0.495346 0.198177 0.0210047 -0.980201 1.76337 -0.0104906 -0.19894 -0.00324254 0.000572213 0.39044 -0.250115 -0.00164773 -0.197032 0.00133516 0.000190738 0.392729 -0.249621 0.000448977 
23 -0.00782013 0.00972748 0.235561 -1.40004 0.000190738 -0.495346 0.197032 0.0210047 -0.983253 1.76413 -0.0101091 -0.19894 -0.00324254 0.000572213 0.39044 -0.250115 -0.00164773 -0.197032 0.00133516 0.000190738 0.392729 -0.249621 0.000448977 
23 -0.00782013 0.00972748 0.235561 -1.40004 0.000190738 -0.495346 0.195125 0.0210047 -0.986687 1.76452 -0.0101091 -0.19894 -0.00324254 0.000572213 0.39044 -0.250115 -0.00164773 -0.197032 0.00133516 0.000190738 0.392729 -0.249621 0.000448977 
23 -0.00782013 0.00972748 0.235561 -1.40004 0.000190738 -0.495346 0.19398 0.0210047 -0.99012 1.7649 -0.00972763 -0.19894 -0.00324254 0.000572213 0.39044 -0.250115 -0.00164773 -0.197032 0.00133516 0.000190738 0.392729 -0.249621 0.000448977 
23 -0.00782013 0.00972748 0.235561 -1.40004 0.000190738 -0.495346 0.193217 0.0210047 -0.994316 1.76528 -0.00934615 -0.19894 -0.00324254 0.000572213 0.39044 -0.250115 -0.00164773 -0.197032 0.00133516 0.000190738 0.392729 -0.249621 0.000448977 
23 -0.00782013 0.00972748 0.235561 -1.40004 0.000190738 -0.495346 0.191691 0.0210047 -0.997749 1.76604 -0.00934615 -0.19894 -0.00324254 0.000572213 0.39044 -0.250115 -0.00164773 -0.197032 0.00133516 0.000190738 0.392729 -0.249621 0.000448977 
23 -0.00782013 0.00972748 0.235561 -1.40004 0.000190738 -0.495346 0.190547 0.0210047 -1.00195 1.76642 -0.00896468 -0.19894 -0.00324254 0.000572213 0.39044 -0.250115 -0.00164773 -0.197032 0.00133516 0.000190738 0.392729 -0.249621 0.000448977 
23 -0.00782013 0.00972748 0.235561 -1.40004 0.000190738 -0.495346 0.189021 0.0210047 -1.00576 1.7668 -0.0085832 -0.19894 -0.00324254 0.000572213 0.39044 -0.250115 -0.00164773 -0.197032 0.00133516 0.000190738 0.392729 -0.249621 0.000448977 
23 -0.00782013 0.00972748 0.235561 -1.40004 0.000190738 -0.495346 0.187877 0.0210047 -1.00996 1.76719 -0.0085832 -0.19894 -0.00324254 0.000572213 0.39044 -0.250115 -0.00164773 -0.197032 0.00133516 0.000190738 0.392729 -0.249621 0.000448977 
23 -0.00782013 0.00972748 0.235561 -1.40004 0.000190738 -0.495346 0.186732 0.0210047 -1.01415 1.76757 -0.00820172 -0.19894 -0.00324254 0.000572213 0.39044 -0.250115 -0.00164773 -0.197032 0.00133516 0.000190738 0.392729 -0.249621 0.000448977 
23 -0.00782013 0.00972748 0.235561 -1.40004 0.000190738 -0.495346 0.185588 0.0210047 -1.01873 1.76757 -0.00782025 -0.19894 -0.00324254 0.000572213 0.39044 -0.250115 -0.00164773 -0.197032 0.00133516 0.000190738 0.392729 -0.249621 0.000448977 
23 -0.00782013 0.00972748 0.235561 -1.40004 0.000190738 -0.495346 0.184443 0.0210047 -1.02255 1.76757 -0.00782025 -0.19894 -0.00324254 0.000572213 0.39044 -0.250115 -0.00164773 -0.197032 0.00133516 0.000190738 0.392729 -0.249621 0.000448977 
23 -0.00782013 0.00972748 0.235561 -1.40004 0.000190738 -0.495346 0.182918 0.0210047 -1.02712 1.76757 -0.00743877 -0.19894 -0.00324254 0.000572213 0.39044 -0.250115 -0.00164773 -0.197032 0.00133516 0.000190738 0.392729 -0.249621 0.000448977 
23 -0.00782013 0.00972748 0.235561 -1.40004 0.000190738 -0.495346 0.181773 0.0210047 -1.03208 1.76757 -0.00743877 -0.19894 -0.00324254 0.000572213 0.39044 -0.250115 -0.00164773 -0.197032 0.00133516 0.000190738 0.392729 -0.249621 0.000448977 
23 -0.00743866 0.00972748 0.235561 -1.40004 0.000190738 -0.495346 0.18101 0.0210047 -1.03628 1.76757 -0.0070573 -0.19894 -0.00324254 0.000572213 0.39044 -0.250115 -0.00164773 -0.197032 0.00133516 0.000190738 0.392729 -0.249621 0.000448977 
23 -0.00782013 0.00972748 0.235561 -1.40004 0.000190738 -0.495346 0.179866 0.0210047 -1.04162 1.76757 -0.0070573 -0.19894 -0.00324254 0.000572213 0.39044 -0.250115 -0.00164773 -0.197032 0.00133516 0.000190738 0.392729 -0.249621 0.000448977 
23 -0.00782013 0.00972748 0.235561 -1.40004 0.000190738 -0.495346 0.178721 0.0210047 -1.04658 1.76757 -0.00667582 -0.19894 -0.00324254 0.000572213 0.39044 -0.250115 -0.00164773 -0.197032 0.00133516 0.000190738 0.392729 -0.249621 0.000448977 
23 -0.00782013 0.00972748 0.235561 -1.40004 0.000190738 -0.495346 0.177577 0.0210047 -1.05154 1.76719 -0.00667582 -0.19894 -0.00324254 0.000572213 0.39044 -0.250115 -0.00164773 -0.197032 0.00133516 0.000190738 0.392729 -0.249621 0.000448977 
23 -0.00782013 0.00972748 0.235561 -1.40004 0.000190738 -0.495346 0.176051 0.0210047 -1.0565 1.76719 -0.00629435 -0.19894 -0.00324254 0.000572213 0.39044 -0.250115 -0.00164773 -0.197032 0.00133516 0.000190738 0.392729 -0.249621 0.000448977 
23 -0.00782013 0.00972748 0.235561 -1.40004 0.000190738 -0.495346 0.174907 0.0210047 -1.06146 1.7668 -0.00629435 -0.19894 -0.00324254 0.000572213 0.39044 -0.250115 -0.00164773 -0.197032 0.00133516 0.000190738 0.392729 -0.249621 0.000448977 
23 -0.00782013 0.00972748 0.235561 -1.40004 0.000190738 -0.495346 0.174144 0.0210047 -1.0668 1.76642 -0.00591287 -0.19894 -0.00324254 0.000572213 0.39044 -0.250115 -0.00164773 -0.197032 0.00133516 0.000190738 0.392729 -0.249621 0.000448977 
23 -0.00782013 0.00972748 0.235561 -1.40004 0.000190738 -0.495346 0.172999 0.0210047 -1.07176 1.76604 -0.00591287 -0.19894 -0.00324254 0.000572213 0.39044 -0.250115 -0.00164773 -0.197032 0.00133516 0.000190738 0.392729 -0.249621 0.000448977 
23 -0.00782013 0.00972748 0.235561 -1.40004 0.000190738 -0.495346 0.171855 0.0210047 -1.07748 1.76566 -0.00591287 -0.19894 -0.00324254 0.000572213 0.39044 -0.250115 -0.00164773 -0.197032 0.00133516 0.000190738 0.392729 -0.249621 0.000448977 
23 -0.00782013 0.00972748 0.235561 -1.40004 0.000190738 -0.495346 0.170329 0.0210047 -1.08282 1.76528 -0.0055314 -0.19894 -0.00324254 0.000572213 0.39044 -0.250115 -0.00164773 -0.197032 0.00133516 0.000190738 0.392729 -0.249621 0.000448977 
23 -0.00782013 0.00972748 0.235561 -1.40004 0.000190738 -0.495346 0.169566 0.0210047 -1.08854 1.7649 -0.0055314 -0.19894 -0.00324254 0.000572213 0.39044 -0.250115 -0.00164773 -0.197032 0.00133516 0.000190738 0.392729 -0.249621 0.000448977 
23 -0.00782013 0.00972748 0.235561 -1.40004 0.000190738 -0.495346 0.168803 0.0210047 -1.09426 1.76452 -0.0055314 -0.19894 -0.00324254 0.000572213 0.39044 -0.250115 -0.00164773 -0.197032 0.00133516 0.000190738 0.392729 -0.249621 0.000448977 
23 -0.00782013 0.00972748 0.235561 -1.40004 0.000190738 -0.495346 0.167659 0.0210047 -1.0996 1.76413 -0.00514992 -0.19894 -0.00324254 0.000572213 0.39044 -0.250115 -0.00164773 -0.197032 0.00133516 0.000190738 0.392729 -0.249621 0.000448977 
23 -0.00782013 0.00972748 0.235561 -1.40004 0.000190738 -0.495346 0.166514 0.0210047 -1.10533 1.76413 -0.00514992 -0.19894 -0.00324254 0.000572213 0.39044 -0.250115 -0.00164773 -0.197032 0.00133516 0.000190738 0.392729 -0.249621 0.000448977 
23 -0.00782013 0.00972748 0.235561 -1.40004 0.000190738 -0.495346 0.16537 0.0210047 -1.11105 1.76375 -0.00514992 -0.19894 -0.00324254 0.000572213 0.39044 -0.250115 -0.00164773 -0.197032 0.00133516 0.000190738 0.392729 -0.249621 0.000448977 
23 -0.00782013 0.00972748 0.235561 -1.40004 0.000190738 -0.495346 0.164225 0.0210047 -1.11677 1.76337 -0.00476844 -0.19894 -0.00324254 0.000572213 0.39044 -0.250115 -0.00164773 -0.197032 0.00133516 0.000190738 0.392729 -0.249621 0.000448977 
23 -0.00782013 0.00972748 0.235561 -1.40004 0.000190738 -0.495346 0.163081 0.0210047 -1.12287 1.76337 -0.00476844 -0.19894 -0.00324254 0.000572213 0.39044 -0.250115 -0.00164773 -0.197032 0.00133516 0.000190738 0.392729 -0.249621 0.000448977 
23 -0.00782013 0.00972748 0.235561 -1.40004 0.000190738 -0.495346 0.162318 0.0210047 -1.12898 1.76299 -0.00476844 -0.19894 -0.00324254 0.000572213 0.39044 -0.250115 -0.00164773 -0.197032 0.00133516 0.000190738 0.392729 -0.249621 0.000448977 
23 -0.00782013 0.00972748 0.23518 -1.40004 0.000190738 -0.495346 0.161555 0.0210047 -1.1347 1.76299 -0.00476844 -0.19894 -0.00324254 0.000572213 0.39044 -0.250115 -0.00164773 -0.197032 0.00133516 0.000190738 0.392729 -0.249621 0.000448977 
23 -0.00782013 0.00972748 0.23518 -1.40004 0.000190738 -0.495346 0.16041 0.0210047 -1.14118 1.76261 -0.00476844 -0.19894 -0.00324254 0.000572213 0.39044 -0.250115 -0.00164773 -0.197032 0.00133516 0.000190738 0.392729 -0.249621 0.000448977 
23 -0.00782013 0.00972748 0.23518 -1.40004 0.000190738 -0.495346 0.159266 0.0210047 -1.14691 1.76261 -0.00476844 -0.19894 -0.00324254 0.000572213 0.39044 -0.250115 -0.00164773 -0.197032 0.00133516 0.000190738 0.392729 -0.249621 0.000448977 
23 -0.00782013 0.00972748 0.23518 -1.40004 0.000190738 -0.495346 0.15774 0.0210047 -1.15339 1.76223 -0.00476844 -0.19894 -0.00324254 0.000572213 0.39044 -0.250115 -0.00164773 -0.197032 0.00133516 0.000190738 0.392729 -0.249621 0.000448977 
23 -0.00782013 0.00972748 0.23518 -1.40004 0.000190738 -0.495346 0.156977 0.0210047 -1.15949 1.76223 -0.00438697 -0.19894 -0.00324254 0.000572213 0.39044 -0.250115 -0.00164773 -0.197032 0.00133516 0.000190738 0.392729 -0.249621 0.000448977 
23 -0.00782013 0.00972748 0.23518 -1.40004 0.000190738 -0.495346 0.156214 0.0213862 -1.16598 1.76223 -0.00438697 -0.19894 -0.00324254 0.000572213 0.39044 -0.250115 -0.00164773 -0.197032 0.00133516 0.000190738 0.392729 -0.249621 0.000448977 
23 -0.00782013 0.00972748 0.23518 -1.40004 0.000190738 -0.495346 0.155451 0.0213862 -1.17208 1.76223 -0.00438697 -0.19894 -0.00324254 0.000572213 0.39044 -0.250115 -0.00164773 -0.197032 0.00133516 0.000190738 0.392729 -0.249621 0.000448977 
23 -0.00782013 0.00972748 0.23518 -1.40004 0.000190738 -0.495346 0.154688 0.0213862 -1.17857 1.76223 -0.00438697 -0.19894 -0.00324254 0.000572213 0.39044 -0.250115 -0.00164773 -0.197032 0.00133516 0.000190738 0.392729 -0.249621 0.000448977 
23 -0.00782013 0.00972748 0.23518 -1.40004 0.000190738 -0.495346 0.153544 0.0213862 -1.18505 1.76223 -0.00438697 -0.19894 -0.00324254 0.000572213 0.39044 -0.250115 -0.00164773 -0.197032 0.00133516 0.000190738 0.392729 -0.249621 0.000448977 
23 -0.00782013 0.00972748 0.23518 -1.40004 0.000190738 -0.495346 0.152781 0.0213862 -1.19154 1.76184 -0.00438697 -0.19894 -0.00324254 0.000572213 0.39044 -0.250115 -0.00164773 -0.197032 0.00133516 0.000190738 0.392729 -0.249621 0.000448977 
23 -0.00782013 0.00972748 0.23518 -1.40004 0.000190738 -0.495346 0.151637 0.0213862 -1.19802 1.76223 -0.00438697 -0.19894 -0.00324254 0.000572213 0.39044 -0.250115 -0.00164773 -0.197032 0.00133516 0.000190738 0.392729 -0.249621 0.000448977 
23 -0.00782013 0.00972748 0.234798 -1.40004 0.000190738 -0.495346 0.150874 0.0213862 -1.20451 1.76223 -0.00438697 -0.19894 -0.00324254 0.000572213 0.39044 -0.250115 -0.00164773 -0.197032 0.00133516 0.000190738 0.392729 -0.249621 0.000448977 
23 -0.00782013 0.00972748 0.234798 -1.40004 0.000190738 -0.495346 0.150111 0.0217677 -1.21099 1.76223 -0.00438697 -0.19894 -0.00324254 0.000572213 0.39044 -0.250115 -0.00164773 -0.197032 0.00133516 0.000190738 0.392729 -0.249621 0.000448977 
23 -0.00782013 0.00972748 0.234798 -1.40004 0.000190738 -0.495346 0.149348 0.0217677 -1.21786 1.76223 -0.00438697 -0.19894 -0.00324254 0.000572213 0.39044 -0.250115 -0.00164773 -0.197032 0.00133516 0.000190738 0.392729 -0.249621 0.000448977 
23 -0.00782013 0.00972748 0.234798 -1.40004 0.000190738 -0.495346 0.148585 0.0217677 -1.22396 1.76223 -0.00438697 -0.19894 -0.00324254 0.000572213 0.39044 -0.250115 -0.00164773 -0.197032 0.00133516 0.000190738 0.392729 -0.249621 0.000448977 
23 -0.00782013 0.00972748 0.234798 -1.40004 0.000190738 -0.495346 0.14744 0.0217677 -1.23121 1.76223 -0.00438697 -0.19894 -0.00324254 0.000572213 0.39044 -0.250115 -0.00164773 -0.197032 0.00133516 0.000190738 0.392729 -0.249621 0.000448977 
23 -0.00782013 0.00972748 0.234798 -1.40004 0.000190738 -0.495346 0.146677 0.0217677 -1.2377 1.76223 -0.00438697 -0.19894 -0.00324254 0.000572213 0.39044 -0.250115 -0.00164773 -0.197032 0.00133516 0.000190738 0.392729 -0.249621 0.000448977 
23 -0.00782013 0.00972748 0.234798 -1.40004 0.000190738 -0.495346 0.145533 0.0217677 -1.24456 1.76223 -0.00438697 -0.19894 -0.00324254 0.000572213 0.39044 -0.250115 -0.00164773 -0.197032 0.00133516 0.000190738 0.392729 -0.249621 0.000448977 
23 -0.00782013 0.00972748 0.234798 -1.40004 0.000190738 -0.495346 0.14477 0.0217677 -1.25105 1.76223 -0.00438697 -0.19894 -0.00324254 0.000572213 0.39044 -0.250115 -0.00164773 -0.197032 0.00133516 0.000190738 0.392729 -0.249621 0.000448977 
23 -0.00782013 0.00972748 0.234798 -1.40004 0.000190738 -0.495346 0.144007 0.0217677 -1.25792 1.76223 -0.00438697 -0.19894 -0.00324254 0.000572213 0.39044 -0.250115 -0.00164773 -0.197032 0.00133516 0.000190738 0.392729 -0.249621 0.000448977 
23 -0.00782013 0.00972748 0.234798 -1.40004 0.000190738 -0.495346 0.143626 0.0217677 -1.2644 1.76223 -0.00438697 -0.19894 -0.00324254 0.000572213 0.39044 -0.250115 -0.00164773 -0.197032 0.00133516 0.000190738 0.392729 -0.249621 0.000448977 
23 -0.00782013 0.00972748 0.234798 -1.40004 0.000190738 -0.495346 0.142863 0.0217677 -1.27089 1.76223 -0.00438697 -0.19894 -0.00324254 0.000572213 0.39044 -0.250115 -0.00164773 -0.197032 0.00133516 0.000190738 0.392729 -0.249621 0.000448977 
23 -0.00782013 0.00972748 0.234798 -1.40004 0.000190738 -0.495346 0.1421 0.0217677 -1.27775 1.76223 -0.00438697 -0.19894 -0.00324254 0.000572213 0.39044 -0.250115 -0.00164773 -0.197032 0.00133516 0.000190738 0.392729 -0.249621 0.000448977 
23 -0.00782013 0.00972748 0.234798 -1.40004 0.000190738 -0.495346 0.141718 0.0217677 -1.28424 1.76223 -0.00476844 -0.19894 -0.00324254 0.000572213 0.39044 -0.250115 -0.00164773 -0.197032 0.00133516 0.000190738 0.392729 -0.249621 0.000448977 
23 -0.00782013 0.00972748 0.234798 -1.40004 0.000190738 -0.495346 0.140955 0.0217677 -1.2911 1.76223 -0.00476844 -0.19894 -0.00324254 0.000572213 0.39044 -0.250115 -0.00164773 -0.197032 0.00133516 0.000190738 0.392729 -0.249621 0.000448977 
23 -0.00782013 0.00972748 0.234798 -1.40004 0.000190738 -0.495346 0.140192 0.0217677 -1.29797 1.76223 -0.00476844 -0.19894 -0.00324254 0.000572213 0.39044 -0.250115 -0.00164773 -0.197032 0.00133516 0.000190738 0.392729 -0.249621 0.000448977 
23 -0.00782013 0.00972748 0.234798 -1.40004 0.000190738 -0.495346 0.139429 0.0217677 -1.30484 1.76223 -0.00476844 -0.19894 -0.00324254 0.000572213 0.39044 -0.250115 -0.00164773 -0.197032 0.00133516 0.000190738 0.392729 -0.249621 0.000448977 
23 -0.00782013 0.00972748 0.234798 -1.40004 0.000190738 -0.495346 0.139048 0.0217677 -1.31132 1.76223 -0.00476844 -0.19894 -0.00324254 0.000572213 0.39044 -0.250115 -0.00164773 -0.197032 0.00133516 0.000190738 0.392729 -0.249621 0.000448977 
23 -0.00782013 0.00972748 0.234798 -1.40004 0.000190738 -0.495346 0.138285 0.0217677 -1.31819 1.76223 -0.00476844 -0.19894 -0.00324254 0.000572213 0.39044 -0.250115 -0.00164773 -0.197032 0.00133516 0.000190738 0.392729 -0.249621 0.000448977 
23 -0.00782013 0.00972748 0.234798 -1.40004 0.000190738 -0.495346 0.137903 0.0217677 -1.32506 1.76223 -0.00476844 -0.19894 -0.00324254 0.000572213 0.39044 -0.250115 -0.00164773 -0.197032 0.00133516 0.000190738 0.392729 -0.249621 0.000448977 
23 -0.00782013 0.00972748 0.234798 -1.40004 0.000190738 -0.495346 0.137522 0.0217677 -1.33192 1.76223 -0.00476844 -0.19894 -0.00324254 0.000572213 0.39044 -0.250115 -0.00164773 -0.197032 0.00133516 0.000190738 0.392729 -0.249621 0.000448977 
23 -0.00782013 0.00972748 0.234798 -1.40004 0.000190738 -0.495346 0.13714 0.0217677 -1.33841 1.76223 -0.00476844 -0.19894 -0.00324254 0.000572213 0.39044 -0.250115 -0.00164773 -0.197032 0.00133516 0.000190738 0.392729 -0.249621 0.000448977 
23 -0.00782013 0.00972748 0.234798 -1.40004 0.000190738 -0.495346 0.136759 0.0217677 -1.34527 1.76223 -0.00476844 -0.19894 -0.00324254 0.000572213 0.39044 -0.250115 -0.00164773 -0.197032 0.00133516 0.000190738 0.392729 -0.249621 0.000448977 
23 -0.00782013 0.00972748 0.234798 -1.40004 0.000190738 -0.495346 0.135996 0.0217677 -1.35176 1.76223 -0.00476844 -0.19894 -0.00324254 0.000572213 0.39044 -0.250115 -0.00164773 -0.197032 0.00133516 0.000190738 0.392729 -0.249621 0.000448977 
23 -0.00782013 0.00972748 0.234798 -1.40004 0.000190738 -0.495346 0.135615 0.0213862 -1.35824 1.76223 -0.00476844 -0.19894 -0.00324254 0.000572213 0.39044 -0.250115 -0.00164773 -0.197032 0.00133516 0.000190738 0.392729 -0.249621 0.000448977 
23 -0.00782013 0.00972748 0.234798 -1.40004 0.000190738 -0.495346 0.135233 0.0213862 -1.36511 1.76223 -0.00476844 -0.19894 -0.00324254 0.000572213 0.39044 -0.250115 -0.00164773 -0.197032 0.00133516 0.000190738 0.392729 -0.249621 0.000448977 
23 -0.00782013 0.00972748 0.234798 -1.40004 0.000190738 -0.495346 0.134852 0.0213862 -1.37198 1.76223 -0.00514992 -0.19894 -0.00324254 0.000572213 0.39044 -0.250115 -0.00164773 -0.197032 0.00133516 0.000190738 0.392729 -0.249621 0.000448977 
23 -0.00782013 0.00972748 0.234798 -1.40004 0.000190738 -0.495346 0.13447 0.0213862 -1.37884 1.76223 -0.00514992 -0.19894 -0.00324254 0.000572213 0.39044 -0.250115 -0.00164773 -0.197032 0.00133516 0.000190738 0.392729 -0.249621 0.000448977 
23 -0.00782013 0.00972748 0.234798 -1.40004 0.000190738 -0.495346 0.134089 0.0213862 -1.38495 1.76223 -0.00514992 -0.19894 -0.00324254 0.000572213 0.39044 -0.250115 -0.00164773 -0.197032 0.00133516 0.000190738 0.392729 -0.249621 0.000448977 
23 -0.00782013 0.00972748 0.234798 -1.40004 0.000190738 -0.495346 0.133326 0.0213862 -1.39181 1.76223 -0.00514992 -0.19894 -0.00324254 0.000572213 0.39044 -0.250115 -0.00164773 -0.197032 0.00133516 0.000190738 0.392729 -0.249621 0.000448977 
23 -0.00782013 0.00972748 0.234798 -1.40004 0.000190738 -0.495346 0.132944 0.0213862 -1.39792 1.76223 -0.00514992 -0.19894 -0.00324254 0.000572213 0.39044 -0.250115 -0.00164773 -0.197032 0.00133516 0.000190738 0.392729 -0.249621 0.000448977 
23 -0.00782013 0.00972748 0.234798 -1.40004 0.000190738 -0.495346 0.132563 0.0213862 -1.40478 1.76223 -0.00514992 -0.19894 -0.00324254 0.000572213 0.39044 -0.250115 -0.00164773 -0.197032 0.00133516 0.000190738 0.392729 -0.249621 0.000448977 
23 -0.00782013 0.00972748 0.234798 -1.40004 0.000190738 -0.495346 0.132181 0.0213862 -1.41127 1.76223 -0.00514992 -0.19894 -0.00324254 0.000572213 0.39044 -0.250115 -0.00164773 -0.197032 0.00133516 0.000190738 0.392729 -0.249621 0.000448977 
23 -0.00782013 0.00972748 0.234798 -1.40004 0.000190738 -0.495346 0.1318 0.0213862 -1.41775 1.76223 -0.00514992 -0.19894 -0.00324254 0.000572213 0.39044 -0.250115 -0.00164773 -0.197032 0.00133516 0.000190738 0.392729 -0.249621 0.000448977 
23 -0.00782013 0.00972748 0.234798 -1.40004 0.000190738 -0.495346 0.1318 0.0213862 -1.42424 1.76223 -0.00514992 -0.19894 -0.00324254 0.000572213 0.39044 -0.250115 -0.00164773 -0.197032 0.00133516 0.000190738 0.392729 -0.249621 0.000448977 
23 -0.00782013 0.00972748 0.234798 -1.40004 0.000190738 -0.495346 0.131418 0.0213862 -1.43072 1.76223 -0.00514992 -0.19894 -0.00324254 0.000572213 0.39044 -0.250115 -0.00164773 -0.197032 0.00133516 0.000190738 0.392729 -0.249621 0.000448977 
23 -0.00782013 0.00972748 0.234798 -1.40004 0.000190738 -0.495346 0.131418 0.0213862 -1.43683 1.76223 -0.00514992 -0.19894 -0.00324254 0.000572213 0.39044 -0.250115 -0.00164773 -0.197032 0.00133516 0.000190738 0.392729 -0.249621 0.000448977 
23 -0.00782013 0.00972748 0.234798 -1.40004 0.000190738 -0.495346 0.131037 0.0213862 -1.44331 1.76223 -0.00514992 -0.19894 -0.00324254 0.000572213 0.39044 -0.250115 -0.00164773 -0.197032 0.00133516 0.000190738 0.392729 -0.249621 0.000448977 
23 -0.00782013 0.00972748 0.234798 -1.40004 0.000190738 -0.495346 0.130655 0.0213862 -1.44942 1.76223 -0.00514992 -0.19894 -0.00324254 0.000572213 0.39044 -0.250115 -0.00164773 -0.197032 0.00133516 0.000190738 0.392729 -0.249621 0.000448977 
23 -0.00782013 0.00972748 0.234798 -1.40004 0.000190738 -0.495346 0.130655 0.0217677 -1.4559 1.76223 -0.00514992 -0.19894 -0.00324254 0.000572213 0.39044 -0.250115 -0.00164773 -0.197032 0.00133516 0.000190738 0.392729 -0.249621 0.000448977 
23 -0.00782013 0.00972748 0.234798 -1.40004 0.000190738 -0.495346 0.130274 0.0217677 -1.46201 1.76223 -0.00514992 -0.19894 -0.00324254 0.000572213 0.39044 -0.250115 -0.00164773 -0.197032 0.00133516 0.000190738 0.392729 -0.249621 0.000448977 
23 -0.00782013 0.00972748 0.234798 -1.40004 0.000190738 -0.495346 0.130274 0.0217677 -1.46811 1.76223 -0.00514992 -0.19894 -0.00324254 0.000572213 0.39044 -0.250115 -0.00164773 -0.197032 0.00133516 0.000190738 0.392729 -0.249621 0.000448977 
23 -0.00782013 0.00972748 0.234798 -1.40004 0.000190738 -0.495346 0.130274 0.0217677 -1.47421 1.76223 -0.00514992 -0.19894 -0.00324254 0.000572213 0.39044 -0.250115 -0.00164773 -0.197032 0.00133516 0.000190738 0.392729 -0.249621 0.000448977 
23 -0.00782013 0.00972748 0.234798 -1.40004 0.000190738 -0.495346 0.130274 0.0217677 -1.48032 1.76223 -0.00514992 -0.19894 -0.00324254 0.000572213 0.39044 -0.250115 -0.00164773 -0.197032 0.00133516 0.000190738 0.392729 -0.249621 0.000448977 
23 -0.00782013 0.00972748 0.234798 -1.40004 0.000190738 -0.495346 0.130274 0.0217677 -1.48604 1.76223 -0.00514992 -0.19894 -0.00324254 0.000572213 0.39044 -0.250115 -0.00164773 -0.197032 0.00133516 0.000190738 0.392729 -0.249621 0.000448977 
23 -0.00782013 0.00972748 0.234798 -1.40004 0.000190738 -0.495346 0.130274 0.0217677 -1.49214 1.76184 -0.00514992 -0.19894 -0.00324254 0.000572213 0.39044 -0.250115 -0.00164773 -0.197032 0.00133516 0.000190738 0.392729 -0.249621 0.000448977 
23 -0.00782013 0.00972748 0.234798 -1.40004 0.000190738 -0.495346 0.130274 0.0217677 -1.49786 1.76184 -0.00514992 -0.19894 -0.00324254 0.000572213 0.39044 -0.250115 -0.00164773 -0.197032 0.00133516 0.000190738 0.392729 -0.249621 0.000448977 
23 -0.00782013 0.00972748 0.234798 -1.40004 0.000190738 -0.495346 0.130274 0.0217677 -1.50397 1.76184 -0.00514992 -0.19894 -0.00324254 0.000572213 0.39044 -0.250115 -0.00164773 -0.197032 0.00133516 0.000190738 0.392729 -0.249621 0.000448977 
23 -0.00782013 0.00972748 0.234798 -1.40004 0.000190738 -0.495346 0.130274 0.0217677 -1.50969 1.76184 -0.00514992 -0.19894 -0.00324254 0.000572213 0.39044 -0.250115 -0.00164773 -0.197032 0.00133516 0.000190738 0.392729 -0.249621 0.000448977 
23 -0.00782013 0.00972748 0.234798 -1.40004 0.000190738 -0.495346 0.130274 0.0221492 -1.51579 1.76184 -0.00514992 -0.19894 -0.00324254 0.000572213 0.39044 -0.250115 -0.00164773 -0.197032 0.00133516 0.000190738 0.392729 -0.249621 0.000448977 
23 -0.00782013 0.00972748 0.234798 -1.40004 0.000190738 -0.495346 0.130274 0.0221492 -1.52113 1.76184 -0.00514992 -0.19894 -0.00324254 0.000572213 0.39044 -0.250115 -0.00164773 -0.197032 0.00133516 0.000190738 0.392729 -0.249621 0.000448977 
23 -0.00782013 0.00972748 0.234798 -1.40004 0.000190738 -0.495346 0.130274 0.0221492 -1.52686 1.76184 -0.00514992 -0.19894 -0.00324254 0.000572213 0.39044 -0.250115 -0.00164773 -0.197032 0.00133516 0.000190738 0.392729 -0.249621 0.000448977 
23 -0.00782013 0.00972748 0.234798 -1.40004 0.000190738 -0.495346 0.130274 0.0221492 -1.5322 1.76184 -0.00514992 -0.19894 -0.00324254 0.000572213 0.39044 -0.250115 -0.00164773 -0.197032 0.00133516 0.000190738 0.392729 -0.249621 0.000448977 
23 -0.00782013 0.00972748 0.234798 -1.40004 0.000190738 -0.495346 0.130274 0.0221492 -1.53792 1.76184 -0.00514992 -0.19894 -0.00324254 0.000572213 0.39044 -0.250115 -0.00164773 -0.197032 0.00133516 0.000190738 0.392729 -0.249621 0.000448977 
23 -0.00782013 0.00972748 0.234798 -1.40004 0.000190738 -0.495346 0.130274 0.0221492 -1.54326 1.76184 -0.00514992 -0.19894 -0.00324254 0.000572213 0.39044 -0.250115 -0.00164773 -0.197032 0.00133516 0.000190738 0.392729 -0.249621 0.000448977 
23 -0.00782013 0.00972748 0.234798 -1.40004 0.000190738 -0.495346 0.130655 0.0221492 -1.54822 1.76184 -0.00514992 -0.19894 -0.00324254 0.000572213 0.39044 -0.250115 -0.00164773 -0.197032 0.00133516 0.000190738 0.392729 -0.249621 0.000448977 
23 -0.00782013 0.00972748 0.234798 -1.40004 0.000190738 -0.495346 0.130655 0.0221492 -1.55356 1.76184 -0.00514992 -0.19894 -0.00324254 0.000572213 0.39044 -0.250115 -0.00164773 -0.197032 0.00133516 0.000190738 0.392729 -0.249621 0.000448977 
23 -0.00782013 0.00972748 0.234798 -1.40004 0.000190738 -0.495346 0.130655 0.0225307 -1.55852 1.76184 -0.00514992 -0.19894 -0.00324254 0.000572213 0.39044 -0.250115 -0.00164773 -0.197032 0.00133516 0.000190738 0.392729 -0.249621 0.000448977 
23 -0.00782013 0.00972748 0.234798 -1.40004 0.000190738 -0.495346 0.130655 0.0225307 -1.56348 1.76184 -0.00514992 -0.19894 -0.00324254 0.000572213 0.39044 -0.250115 -0.00164773 -0.197032 0.00133516 0.000190738 0.392729 -0.249621 0.000448977 
23 -0.00782013 0.00972748 0.234798 -1.40004 0.000190738 -0.495346 0.130655 0.0225307 -1.56882 1.76184 -0.00514992 -0.19894 -0.00324254 0.000572213 0.39044 -0.250115 -0.00164773 -0.197032 0.00133516 0.000190738 0.392729 -0.249621 0.000448977 
23 -0.00782013 0.00972748 0.234798 -1.40004 0.000190738 -0.495346 0.131037 0.0225307 -1.57301 1.76184 -0.00514992 -0.19894 -0.00324254 0.000572213 0.39044 -0.250115 -0.00164773 -0.197032 0.00133516 0.000190738 0.392729 -0.249621 0.000448977 
23 -0.00782013 0.00972748 0.234798 -1.40004 0.000190738 -0.495346 0.131037 0.0225307 -1.57797 1.76184 -0.00514992 -0.19894 -0.00324254 0.000572213 0.39044 -0.250115 -0.00164773 -0.197032 0.00133516 0.000190738 0.392729 -0.249621 0.000448977 
23 -0.00782013 0.00972748 0.234798 -1.40004 0.000190738 -0.495346 0.131037 0.0225307 -1.58255 1.76184 -0.00514992 -0.19894 -0.00324254 0.000572213 0.39044 -0.250115 -0.00164773 -0.197032 0.00133516 0.000190738 0.392729 -0.249621 0.000448977 
23 -0.00782013 0.00972748 0.234798 -1.40004 0.000190738 -0.495346 0.131037 0.0229121 -1.58713 1.76184 -0.00514992 -0.19894 -0.00324254 0.000572213 0.39044 -0.250115 -0.00164773 -0.197032 0.00133516 0.000190738 0.392729 -0.249621 0.000448977 
23 -0.00782013 0.00972748 0.234798 -1.40004 0.000190738 -0.495346 0.131418 0.0229121 -1.59171 1.76184 -0.00514992 -0.19894 -0.00324254 0.000572213 0.39044 -0.250115 -0.00164773 -0.197032 0.00133516 0.000190738 0.392729 -0.249621 0.000448977 
23 -0.00782013 0.00972748 0.234798 -1.40004 0.000190738 -0.495346 0.131418 0.0229121 -1.5959 1.76184 -0.00514992 -0.19894 -0.00324254 0.000572213 0.39044 -0.250115 -0.00164773 -0.197032 0.00133516 0.000190738 0.392729 -0.249621 0.000448977 
23 -0.00782013 0.00972748 0.234798 -1.40004 0.000190738 -0.495346 0.131418 0.0229121 -1.60048 1.76184 -0.00514992 -0.19894 -0.00324254 0.000572213 0.39044 -0.250115 -0.00164773 -0.197032 0.00133516 0.000190738 0.392729 -0.249621 0.000448977 
23 -0.00782013 0.00972748 0.234798 -1.40004 0.000190738 -0.495346 0.131418 0.0229121 -1.6043 1.76184 -0.00514992 -0.19894 -0.00324254 0.000572213 0.39044 -0.250115 -0.00164773 -0.197032 0.00133516 0.000190738 0.392729 -0.249621 0.000448977 
23 -0.00782013 0.00972748 0.234798 -1.40004 0.000190738 -0.495346 0.131418 0.0232936 -1.60811 1.76184 -0.00514992 -0.19894 -0.00324254 0.000572213 0.39044 -0.250115 -0.00164773 -0.197032 0.00133516 0.000190738 0.392729 -0.249621 0.000448977 
23 -0.00782013 0.00972748 0.234798 -1.40004 0.000190738 -0.495346 0.1318 0.0232936 -1.61231 1.76184 -0.00514992 -0.19894 -0.00324254 0.000572213 0.39044 -0.250115 -0.00164773 -0.197032 0.00133516 0.000190738 0.392729 -0.249621 0.000448977 
23 -0.00782013 0.00972748 0.234798 -1.40004 0.000190738 -0.495346 0.1318 0.0232936 -1.61612 1.76184 -0.00514992 -0.19894 -0.00324254 0.000572213 0.39044 -0.250115 -0.00164773 -0.197032 0.00133516 0.000190738 0.392729 -0.249621 0.000448977 
23 -0.00782013 0.00972748 0.234798 -1.40004 0.000190738 -0.495346 0.1318 0.0232936 -1.61994 1.76184 -0.00514992 -0.19894 -0.00324254 0.000572213 0.39044 -0.250115 -0.00164773 -0.197032 0.00133516 0.000190738 0.392729 -0.249621 0.000448977 
23 -0.00782013 0.00972748 0.234798 -1.40004 0.000190738 -0.495346 0.1318 0.0232936 -1.62337 1.76184 -0.00514992 -0.19894 -0.00324254 0.000572213 0.39044 -0.250115 -0.00164773 -0.197032 0.00133516 0.000190738 0.392729 -0.249621 0.000448977 
23 -0.00782013 0.00972748 0.234798 -1.40004 0.000190738 -0.495346 0.132181 0.0236751 -1.6268 1.76184 -0.00514992 -0.19894 -0.00324254 0.000572213 0.39044 -0.250115 -0.00164773 -0.197032 0.00133516 0.000190738 0.392729 -0.249621 0.000448977 
23 -0.00782013 0.00972748 0.234798 -1.40004 0.000190738 -0.495346 0.132181 0.0236751 -1.63062 1.76184 -0.00514992 -0.19894 -0.00324254 0.000572213 0.39044 -0.250115 -0.00164773 -0.197032 0.00133516 0.000190738 0.392729 -0.249621 0.000448977 
23 -0.00782013 0.00972748 0.234798 -1.40004 0.000190738 -0.495346 0.132181 0.0236751 -1.63367 1.76184 -0.00514992 -0.19894 -0.00324254 0.000572213 0.39044 -0.250115 -0.00164773 -0.197032 0.00133516 0.000190738 0.392729 -0.249621 0.000448977 
23 -0.00782013 0.00972748 0.234798 -1.40004 0.000190738 -0.495346 0.132563 0.0236751 -1.63672 1.76184 -0.0055314 -0.19894 -0.00324254 0.000572213 0.39044 -0.250115 -0.00164773 -0.197032 0.00133516 0.000190738 0.392729 -0.249621 0.000448977 
23 -0.00782013 0.00972748 0.234798 -1.40004 0.000190738 -0.495346 0.132563 0.0236751 -1.63977 1.76184 -0.0055314 -0.19894 -0.00324254 0.000572213 0.39044 -0.250115 -0.00164773 -0.197032 0.00133516 0.000190738 0.392729 -0.249621 0.000448977 
23 -0.00782013 0.00972748 0.234798 -1.40004 0.000190738 -0.495346 0.132563 0.0236751 -1.64282 1.76184 -0.0055314 -0.19894 -0.00324254 0.000572213 0.39044 -0.250115 -0.00164773 -0.197032 0.00133516 0.000190738 0.392729 -0.249621 0.000448977 
23 -0.00782013 0.00972748 0.234798 -1.40004 0.000190738 -0.495346 0.132944 0.0236751 -1.64549 1.76223 -0.0055314 -0.19894 -0.00324254 0.000572213 0.39044 -0.250115 -0.00164773 -0.197032 0.00133516 0.000190738 0.392729 -0.249621 0.000448977 
23 -0.00782013 0.00972748 0.234798 -1.40004 0.000190738 -0.495346 0.132944 0.0240566 -1.64817 1.76223 -0.0055314 -0.19894 -0.00324254 0.000572213 0.39044 -0.250115 -0.00164773 -0.197032 0.00133516 0.000190738 0.392729 -0.249621 0.000448977 
23 -0.00782013 0.00972748 0.234798 -1.40004 0.000190738 -0.495346 0.133326 0.0240566 -1.65084 1.76223 -0.0055314 -0.19894 -0.00324254 0.000572213 0.39044 -0.250115 -0.00164773 -0.197032 0.00133516 0.000190738 0.392729 -0.249621 0.000448977 
23 -0.00782013 0.00972748 0.234798 -1.40004 0.000190738 -0.495346 0.133326 0.0240566 -1.65312 1.76223 -0.0055314 -0.19894 -0.00324254 0.000572213 0.39044 -0.250115 -0.00164773 -0.197032 0.00133516 0.000190738 0.392729 -0.249621 0.000448977 
23 -0.00782013 0.00972748 0.234798 -1.40004 0.000190738 -0.495346 0.133707 0.0240566 -1.65579 1.76223 -0.00591287 -0.19894 -0.00324254 0.000572213 0.39044 -0.250115 -0.00164773 -0.197032 0.00133516 0.000190738 0.392729 -0.249621 0.000448977 
23 -0.00782013 0.00972748 0.234798 -1.40004 0.000190738 -0.495346 0.133707 0.0240566 -1.6577 1.76223 -0.00591287 -0.19894 -0.00324254 0.000572213 0.39044 -0.250115 -0.00164773 -0.197032 0.00133516 0.000190738 0.392729 -0.249621 0.000448977 
23 -0.00782013 0.00972748 0.234798 -1.40004 0.000190738 -0.495346 0.134089 0.0240566 -1.65999 1.76223 -0.00591287 -0.19894 -0.00324254 0.000572213 0.39044 -0.250115 -0.00164773 -0.197032 0.00133516 0.000190738 0.392729 -0.249621 0.000448977 
23 -0.00782013 0.00972748 0.234798 -1.40004 0.000190738 -0.495346 0.134089 0.0240566 -1.6619 1.76223 -0.00591287 -0.19894 -0.00324254 0.000572213 0.39044 -0.250115 -0.00164773 -0.197032 0.00133516 0.000190738 0.392729 -0.249621 0.000448977 
23 -0.00782013 0.00972748 0.234798 -1.40004 0.000190738 -0.495346 0.134089 0.0240566 -1.66381 1.76223 -0.00591287 -0.19894 -0.00324254 0.000572213 0.39044 -0.250115 -0.00164773 -0.197032 0.00133516 0.000190738 0.392729 -0.249621 0.000448977 
23 -0.00782013 0.00972748 0.234798 -1.40004 0.000190738 -0.495346 0.13447 0.024438 -1.66571 1.76223 -0.00629435 -0.19894 -0.00324254 0.000572213 0.39044 -0.250115 -0.00164773 -0.197032 0.00133516 0.000190738 0.392729 -0.249621 0.000448977 
23 -0.00782013 0.00972748 0.234798 -1.40004 0.000190738 -0.495346 0.13447 0.024438 -1.66762 1.76223 -0.00629435 -0.19894 -0.00324254 0.000572213 0.39044 -0.250115 -0.00164773 -0.197032 0.00133516 0.000190738 0.392729 -0.249621 0.000448977 
23 -0.00782013 0.00972748 0.234798 -1.40004 0.000190738 -0.495346 0.134852 0.024438 -1.66876 1.76223 -0.00629435 -0.19894 -0.00324254 0.000572213 0.39044 -0.250115 -0.00164773 -0.197032 0.00133516 0.000190738 0.392729 -0.249621 0.000448977 
23 -0.00782013 0.00972748 0.234798 -1.40004 0.000190738 -0.495346 0.134852 0.024438 -1.67029 1.76223 -0.00629435 -0.19894 -0.00324254 0.000572213 0.39044 -0.250115 -0.00164773 -0.197032 0.00133516 0.000190738 0.392729 -0.249621 0.000448977 
23 -0.00782013 0.00972748 0.234798 -1.40004 0.000190738 -0.495346 0.134852 0.024438 -1.67144 1.76223 -0.00629435 -0.19894 -0.00324254 0.000572213 0.39044 -0.250115 -0.00164773 -0.197032 0.00133516 0.000190738 0.392729 -0.249621 0.000448977 
23 -0.00782013 0.00972748 0.234798 -1.40004 0.000190738 -0.495346 0.135233 0.024438 -1.67258 1.76223 -0.00629435 -0.19894 -0.00324254 0.000572213 0.39044 -0.250115 -0.00164773 -0.197032 0.00133516 0.000190738 0.392729 -0.249621 0.000448977 
23 -0.00782013 0.00972748 0.234798 -1.40004 0.000190738 -0.495346 0.135233 0.024438 -1.67372 1.76223 -0.00629435 -0.19894 -0.00324254 0.000572213 0.39044 -0.250115 -0.00164773 -0.197032 0.00133516 0.000190738 0.392729 -0.249621 0.000448977 
23 -0.00782013 0.00972748 0.234798 -1.40004 0.000190738 -0.495346 0.135233 0.024438 -1.67487 1.76223 -0.00629435 -0.19894 -0.00324254 0.000572213 0.39044 -0.250115 -0.00164773 -0.197032 0.00133516 0.000190738 0.392729 -0.249621 0.000448977 
23 -0.00782013 0.00972748 0.234798 -1.40004 0.000190738 -0.495346 0.135615 0.024438 -1.67563 1.76223 -0.00629435 -0.19894 -0.00324254 0.000572213 0.39044 -0.250115 -0.00164773 -0.197032 0.00133516 0.000190738 0.392729 -0.249621 0.000448977 
23 -0.00782013 0.00972748 0.234798 -1.40004 0.000190738 -0.495346 0.135615 0.024438 -1.67678 1.76223 -0.00629435 -0.19894 -0.00324254 0.000572213 0.39044 -0.250115 -0.00164773 -0.197032 0.00133516 0.000190738 0.392729 -0.249621 0.000448977 
23 -0.00782013 0.00972748 0.234798 -1.40004 0.000190738 -0.495346 0.135996 0.024438 -1.67754 1.76223 -0.00629435 -0.19894 -0.00324254 0.000572213 0.39044 -0.250115 -0.00164773 -0.197032 0.00133516 0.000190738 0.392729 -0.249621 0.000448977 
23 -0.00782013 0.00972748 0.234798 -1.40004 0.000190738 -0.495346 0.135996 0.024438 -1.67792 1.76261 -0.00629435 -0.19894 -0.00324254 0.000572213 0.39044 -0.250115 -0.00164773 -0.197032 0.00133516 0.000190738 0.392729 -0.249621 0.000448977 
23 -0.00782013 0.00972748 0.234798 -1.40004 0.000190738 -0.495346 0.136378 0.024438 -1.6783 1.76261 -0.00629435 -0.19894 -0.00324254 0.000572213 0.39044 -0.250115 -0.00164773 -0.197032 0.00133516 0.000190738 0.392729 -0.249621 0.000448977 
23 -0.00782013 0.00972748 0.234798 -1.40004 0.000190738 -0.495346 0.136759 0.024438 -1.67868 1.76261 -0.00629435 -0.19894 -0.00324254 0.000572213 0.39044 -0.250115 -0.00164773 -0.197032 0.00133516 0.000190738 0.392729 -0.249621 0.000448977 
23 -0.00782013 0.00972748 0.234798 -1.40004 0.000190738 -0.495346 0.13714 0.024438 -1.67868 1.76261 -0.00629435 -0.19894 -0.00324254 0.000572213 0.39044 -0.250115 -0.00164773 -0.197032 0.00133516 0.000190738 0.392729 -0.249621 0.000448977 
23 -0.00782013 0.00972748 0.234798 -1.40004 0.000190738 -0.495346 0.137522 0.024438 -1.67868 1.76261 -0.00629435 -0.19894 -0.00324254 0.000572213 0.39044 -0.250115 -0.00164773 -0.197032 0.00133516 0.000190738 0.392729 -0.249621 0.000448977 
23 -0.00782013 0.00972748 0.234798 -1.40004 0.000190738 -0.495346 0.137903 0.024438 -1.6783 1.76261 -0.00629435 -0.19894 -0.00324254 0.000572213 0.39044 -0.250115 -0.00164773 -0.197032 0.00133516 0.000190738 0.392729 -0.249621 0.000448977 
23 -0.00743866 0.00972748 0.234798 -1.40004 0.000190738 -0.495346 0.138285 0.024438 -1.6783 1.76261 -0.00629435 -0.19894 -0.00324254 0.000572213 0.39044 -0.250115 -0.00164773 -0.197032 0.00133516 0.000190738 0.392729 -0.249621 0.000448977 
23 -0.00782013 0.00972748 0.234798 -1.40004 0.000190738 -0.495346 0.138666 0.024438 -1.67792 1.76261 -0.00667582 -0.19894 -0.00324254 0.000572213 0.39044 -0.250115 -0.00164773 -0.197032 0.00133516 0.000190738 0.392729 -0.249621 0.000448977 
23 -0.00782013 0.00972748 0.234798 -1.40004 0.000190738 -0.495346 0.139429 0.0248195 -1.67716 1.76299 -0.00667582 -0.19894 -0.00324254 0.000572213 0.39044 -0.250115 -0.00164773 -0.197032 0.00133516 0.000190738 0.392729 -0.249621 0.000448977 
23 -0.00782013 0.00972748 0.234798 -1.40004 0.000190738 -0.495346 0.139811 0.0248195 -1.67639 1.76299 -0.00667582 -0.19894 -0.00324254 0.000572213 0.39044 -0.250115 -0.00164773 -0.197032 0.00133516 0.000190738 0.392729 -0.249621 0.000448977 
23 -0.00782013 0.00972748 0.234798 -1.40004 0.000190738 -0.495346 0.140574 0.0248195 -1.67601 1.76299 -0.00667582 -0.19894 -0.00324254 0.000572213 0.39044 -0.250115 -0.00164773 -0.197032 0.00133516 0.000190738 0.392729 -0.249621 0.000448977 
23 -0.00782013 0.00972748 0.234798 -1.40004 0.000190738 -0.495346 0.141337 0.0248195 -1.67525 1.76299 -0.00667582 -0.19894 -0.00324254 0.000572213 0.39044 -0.250115 -0.00164773 -0.197032 0.00133516 0.000190738 0.392729 -0.249621 0.000448977 
23 -0.00782013 0.00972748 0.234798 -1.40004 0.000190738 -0.495346 0.141718 0.0248195 -1.67449 1.76337 -0.00667582 -0.19894 -0.00324254 0.000572213 0.39044 -0.250115 -0.00164773 -0.197032 0.00133516 0.000190738 0.392729 -0.249621 0.000448977 
23 -0.00782013 0.00972748 0.234798 -1.40004 0.000190738 -0.495346 0.1421 0.0248195 -1.67334 1.76337 -0.00667582 -0.19894 -0.00324254 0.000572213 0.39044 -0.250115 -0.00164773 -0.197032 0.00133516 0.000190738 0.392729 -0.249621 0.000448977 
23 -0.00782013 0.00972748 0.234798 -1.40004 0.000190738 -0.495346 0.142863 0.0248195 -1.6722 1.76337 -0.00667582 -0.19894 -0.00324254 0.000572213 0.39044 -0.250115 -0.00164773 -0.197032 0.00133516 0.000190738 0.392729 -0.249621 0.000448977 
23 -0.00782013 0.00972748 0.234798 -1.40004 0.000190738 -0.495346 0.143626 0.0248195 -1.67105 1.76337 -0.00667582 -0.19894 -0.00324254 0.000572213 0.39044 -0.250115 -0.00164773 -0.197032 0.00133516 0.000190738 0.392729 -0.249621 0.000448977 
23 -0.00782013 0.00972748 0.234798 -1.40004 0.000190738 -0.495346 0.144007 0.0248195 -1.66953 1.76375 -0.00667582 -0.19894 -0.00324254 0.000572213 0.39044 -0.250115 -0.00164773 -0.197032 0.00133516 0.000190738 0.392729 -0.249621 0.000448977 
23 -0.00782013 0.00972748 0.234798 -1.40004 0.000190738 -0.495346 0.14477 0.025201 -1.66838 1.76375 -0.00667582 -0.19894 -0.00324254 0.000572213 0.39044 -0.250115 -0.00164773 -0.197032 0.00133516 0.000190738 0.392729 -0.249621 0.000448977 
23 -0.00782013 0.00972748 0.234798 -1.40004 0.000190738 -0.495346 0.145533 0.025201 -1.66686 1.76375 -0.00667582 -0.19894 -0.00324254 0.000572213 0.39044 -0.250115 -0.00164773 -0.197032 0.00133516 0.000190738 0.392729 -0.249621 0.000448977 
23 -0.00782013 0.00972748 0.234798 -1.40004 0.000190738 -0.495346 0.146677 0.025201 -1.66533 1.76375 -0.00667582 -0.19894 -0.00324254 0.000572213 0.39044 -0.250115 -0.00164773 -0.197032 0.00133516 0.000190738 0.392729 -0.249621 0.000448977 
23 -0.00782013 0.00972748 0.234798 -1.40004 0.000190738 -0.495346 0.147822 0.025201 -1.66342 1.76375 -0.00667582 -0.19894 -0.00324254 0.000572213 0.39044 -0.250115 -0.00164773 -0.197032 0.00133516 0.000190738 0.392729 -0.249621 0.000448977 
23 -0.00782013 0.00972748 0.234798 -1.40004 0.000190738 -0.495346 0.148585 0.0255825 -1.66152 1.76375 -0.00667582 -0.19894 -0.00324254 0.000572213 0.39044 -0.250115 -0.00164773 -0.197032 0.00133516 0.000190738 0.392729 -0.249621 0.000448977 
23 -0.00782013 0.00972748 0.234798 -1.40004 0.000190738 -0.495346 0.149729 0.0255825 -1.65923 1.76413 -0.00667582 -0.19894 -0.00324254 0.000572213 0.39044 -0.250115 -0.00164773 -0.197032 0.00133516 0.000190738 0.392729 -0.249621 0.000448977 
23 -0.00782013 0.00972748 0.234798 -1.40004 0.000190738 -0.495346 0.150492 0.0259639 -1.65694 1.76413 -0.00667582 -0.19894 -0.00324254 0.000572213 0.39044 -0.250115 -0.00164773 -0.197032 0.00133516 0.000190738 0.392729 -0.249621 0.000448977 
23 -0.00782013 0.00972748 0.234798 -1.40004 0.000190738 -0.495346 0.151255 0.0259639 -1.65465 1.76413 -0.00667582 -0.19894 -0.00324254 0.000572213 0.39044 -0.250115 -0.00164773 -0.197032 0.00133516 0.000190738 0.392729 -0.249621 0.000448977 
23 -0.00782013 0.00972748 0.234798 -1.40004 0.000190738 -0.495346 0.152399 0.0259639 -1.65198 1.76452 -0.00667582 -0.19894 -0.00324254 0.000572213 0.39044 -0.250115 -0.00164773 -0.197032 0.00133516 0.000190738 0.392729 -0.249621 0.000448977 
23 -0.00782013 0.00972748 0.234798 -1.40004 0.000190738 -0.495346 0.153544 0.0263454 -1.64969 1.7649 -0.00667582 -0.19894 -0.00324254 0.000572213 0.39044 -0.250115 -0.00164773 -0.197032 0.00133516 0.000190738 0.392729 -0.249621 0.000448977 
23 -0.00782013 0.00972748 0.234798 -1.40004 0.000190738 -0.495346 0.154688 0.0263454 -1.64664 1.76528 -0.0070573 -0.19894 -0.00324254 0.000572213 0.39044 -0.250115 -0.00164773 -0.197032 0.00133516 0.000190738 0.392729 -0.249621 0.000448977 
23 -0.00782013 0.00972748 0.234798 -1.40004 0.000190738 -0.495346 0.155451 0.0263454 -1.64397 1.76566 -0.0070573 -0.19894 -0.00324254 0.000572213 0.39044 -0.250115 -0.00164773 -0.197032 0.00133516 0.000190738 0.392729 -0.249621 0.000448977 
23 -0.00782013 0.00972748 0.234798 -1.40004 0.000190738 -0.495346 0.156596 0.0263454 -1.64092 1.76604 -0.0070573 -0.19894 -0.00324254 0.000572213 0.39044 -0.250115 -0.00164773 -0.197032 0.00133516 0.000190738 0.392729 -0.249621 0.000448977 
23 -0.00782013 0.00972748 0.234798 -1.40004 0.000190738 -0.495346 0.157359 0.0267269 -1.63787 1.76604 -0.0070573 -0.19894 -0.00324254 0.000572213 0.39044 -0.250115 -0.00164773 -0.197032 0.00133516 0.000190738 0.392729 -0.249621 0.000448977 
23 -0.00782013 0.00972748 0.234798 -1.40004 0.000190738 -0.495346 0.158503 0.0267269 -1.63443 1.76642 -0.0070573 -0.19894 -0.00324254 0.000572213 0.39044 -0.250115 -0.00164773 -0.197032 0.00133516 0.000190738 0.392729 -0.249621 0.000448977 
23 -0.00782013 0.00972748 0.234798 -1.40004 0.000190738 -0.495346 0.16041 0.0267269 -1.63138 1.7668 -0.0070573 -0.19894 -0.00324254 0.000572213 0.39044 -0.250115 -0.00164773 -0.197032 0.00133516 0.000190738 0.392729 -0.249621 0.000448977 
23 -0.00782013 0.00972748 0.234798 -1.40004 0.000190738 -0.495346 0.161555 0.0271084 -1.62757 1.76719 -0.00743877 -0.19894 -0.00324254 0.000572213 0.39044 -0.250115 -0.00164773 -0.197032 0.00133516 0.000190738 0.392729 -0.249621 0.000448977 
23 -0.00782013 0.00972748 0.234798 -1.40004 0.000190738 -0.495346 0.162318 0.0271084 -1.62375 1.76719 -0.00743877 -0.19894 -0.00324254 0.000572213 0.39044 -0.250115 -0.00164773 -0.197032 0.00133516 0.000190738 0.392729 -0.249621 0.000448977 
23 -0.00782013 0.00972748 0.234798 -1.40004 0.000190738 -0.495346 0.163462 0.0274898 -1.61994 1.76757 -0.00743877 -0.19894 -0.00324254 0.000572213 0.39044 -0.250115 -0.00164773 -0.197032 0.00133516 0.000190738 0.392729 -0.249621 0.000448977 
23 -0.00782013 0.00972748 0.234798 -1.40004 0.000190738 -0.495346 0.164607 0.0274898 -1.6165 1.76757 -0.00782025 -0.19894 -0.00324254 0.000572213 0.39044 -0.250115 -0.00164773 -0.197032 0.00133516 0.000190738 0.392729 -0.249621 0.000448977 
23 -0.00782013 0.00972748 0.234798 -1.40004 0.000190738 -0.495346 0.166133 0.0278713 -1.61231 1.76795 -0.00782025 -0.19894 -0.00324254 0.000572213 0.39044 -0.250115 -0.00164773 -0.197032 0.00133516 0.000190738 0.392729 -0.249621 0.000448977 
23 -0.00782013 0.00972748 0.234798 -1.40004 0.000190738 -0.495346 0.167277 0.0282528 -1.60811 1.76795 -0.00782025 -0.19894 -0.00324254 0.000572213 0.39044 -0.250115 -0.00164773 -0.197032 0.00133516 0.000190738 0.392729 -0.249621 0.000448977 
23 -0.00782013 0.00972748 0.234798 -1.40004 0.000190738 -0.495346 0.168421 0.0282528 -1.60391 1.76795 -0.00820172 -0.19894 -0.00324254 0.000572213 0.39044 -0.250115 -0.00164773 -0.197032 0.00133516 0.000190738 0.392729 -0.249621 0.000448977 
23 -0.00782013 0.00972748 0.234798 -1.40004 0.000190738 -0.495346 0.169566 0.0286343 -1.59972 1.76795 -0.00820172 -0.19894 -0.00324254 0.000572213 0.39044 -0.250115 -0.00164773 -0.197032 0.00133516 0.000190738 0.392729 -0.249621 0.000448977 
23 -0.00782013 0.00972748 0.234798 -1.40004 0.000190738 -0.495346 0.17071 0.0286343 -1.59514 1.76833 -0.00820172 -0.19894 -0.00324254 0.000572213 0.39044 -0.250115 -0.00164773 -0.197032 0.00133516 0.000190738 0.392729 -0.249621 0.000448977 
23 -0.00782013 0.00972748 0.234798 -1.40004 0.000190738 -0.495346 0.172236 0.0290157 -1.59094 1.76833 -0.0085832 -0.19894 -0.00324254 0.000572213 0.39044 -0.250115 -0.00164773 -0.197032 0.00133516 0.000190738 0.392729 -0.249621 0.000448977 
23 -0.00782013 0.00972748 0.234798 -1.40004 0.000190738 -0.495346 0.173381 0.0293972 -1.58598 1.76833 -0.0085832 -0.19894 -0.00324254 0.000572213 0.39044 -0.250115 -0.00164773 -0.197032 0.00133516 0.000190738 0.392729 -0.249621 0.000448977 
23 -0.00782013 0.00972748 0.234798 -1.40004 0.000190738 -0.495346 0.174907 0.0297787 -1.58141 1.76833 -0.0085832 -0.19894 -0.00324254 0.000572213 0.39044 -0.250115 -0.00164773 -0.197032 0.00133516 0.000190738 0.392729 -0.249621 0.000448977 
23 -0.00782013 0.00972748 0.234798 -1.40004 0.000190738 -0.495346 0.176051 0.0297787 -1.57607 1.76833 -0.00896468 -0.19894 -0.00324254 0.000572213 0.39044 -0.250115 -0.00164773 -0.197032 0.00133516 0.000190738 0.392729 -0.249621 0.000448977 
23 -0.00782013 0.00972748 0.234798 -1.40004 0.000190738 -0.495346 0.177577 0.0301602 -1.57111 1.76833 -0.00896468 -0.19894 -0.00324254 0.000572213 0.39044 -0.250115 -0.00164773 -0.197032 0.00133516 0.000190738 0.392729 -0.249621 0.000448977 
23 -0.00782013 0.00972748 0.234798 -1.40004 0.000190738 -0.495346 0.178721 0.0301602 -1.56615 1.76833 -0.00896468 -0.19894 -0.00324254 0.000572213 0.39044 -0.250115 -0.00164773 -0.197032 0.00133516 0.000190738 0.392729 -0.249621 0.000448977 
23 -0.00782013 0.00972748 0.234798 -1.40004 0.000190738 -0.495346 0.180247 0.0301602 -1.56081 1.76795 -0.00934615 -0.19894 -0.00324254 0.000572213 0.39044 -0.250115 -0.00164773 -0.197032 0.00133516 0.000190738 0.392729 -0.249621 0.000448977 
23 -0.00782013 0.00972748 0.234798 -1.40004 0.000190738 -0.495346 0.181392 0.0305417 -1.55547 1.76795 -0.00934615 -0.19894 -0.00324254 0.000572213 0.39044 -0.250115 -0.00164773 -0.197032 0.00133516 0.000190738 0.392729 -0.249621 0.000448977 
23 -0.00782013 0.00972748 0.234798 -1.40004 0.000190738 -0.495346 0.182536 0.0305417 -1.55013 1.76795 -0.00934615 -0.19894 -0.00324254 0.000572213 0.39044 -0.250115 -0.00164773 -0.197032 0.00133516 0.000190738 0.392729 -0.249621 0.000448977 
23 -0.00782013 0.00972748 0.234798 -1.40004 0.000190738 -0.495346 0.184062 0.0305417 -1.5444 1.76795 -0.00934615 -0.19894 -0.00324254 0.000572213 0.39044 -0.250115 -0.00164773 -0.197032 0.00133516 0.000190738 0.392729 -0.249621 0.000448977 
23 -0.00782013 0.00972748 0.234798 -1.40004 0.000190738 -0.495346 0.185588 0.0305417 -1.53868 1.76795 -0.00972763 -0.19894 -0.00324254 0.000572213 0.39044 -0.250115 -0.00164773 -0.197032 0.00133516 0.000190738 0.392729 -0.249621 0.000448977 
23 -0.00782013 0.00972748 0.234798 -1.40004 0.000190738 -0.495346 0.186732 0.0305417 -1.53296 1.76795 -0.00972763 -0.19894 -0.00324254 0.000572213 0.39044 -0.250115 -0.00164773 -0.197032 0.00133516 0.000190738 0.392729 -0.249621 0.000448977 
23 -0.00782013 0.00972748 0.234798 -1.40004 0.000190738 -0.495346 0.187877 0.0305417 -1.52724 1.76795 -0.00972763 -0.19894 -0.00324254 0.000572213 0.39044 -0.250115 -0.00164773 -0.197032 0.00133516 0.000190738 0.392729 -0.249621 0.000448977 
23 -0.00782013 0.00972748 0.234798 -1.40004 0.000190738 -0.495346 0.189403 0.0305417 -1.52113 1.76795 -0.0101091 -0.19894 -0.00324254 0.000572213 0.39044 -0.250115 -0.00164773 -0.197032 0.00133516 0.000190738 0.392729 -0.249621 0.000448977 
23 -0.00782013 0.00972748 0.234798 -1.40004 0.000190738 -0.495346 0.19131 0.0305417 -1.51503 1.76757 -0.0101091 -0.19894 -0.00324254 0.000572213 0.39044 -0.250115 -0.00164773 -0.197032 0.00133516 0.000190738 0.392729 -0.249621 0.000448977 
23 -0.00782013 0.00972748 0.234798 -1.40004 0.000190738 -0.495346 0.192454 0.0305417 -1.50893 1.76757 -0.0104906 -0.19894 -0.00324254 0.000572213 0.39044 -0.250115 -0.00164773 -0.197032 0.00133516 0.000190738 0.392729 -0.249621 0.000448977 
23 -0.00782013 0.00972748 0.234798 -1.40004 0.000190738 -0.495346 0.193599 0.0305417 -1.50244 1.76757 -0.0104906 -0.19894 -0.00324254 0.000572213 0.39044 -0.250115 -0.00164773 -0.197032 0.00133516 0.000190738 0.392729 -0.249621 0.000448977 
23 -0.00782013 0.00972748 0.234798 -1.40004 0.000190738 -0.495346 0.194743 0.0305417 -1.49596 1.76757 -0.0108721 -0.19894 -0.00324254 0.000572213 0.39044 -0.250115 -0.00164773 -0.197032 0.00133516 0.000190738 0.392729 -0.249621 0.000448977 
23 -0.00782013 0.00972748 0.234798 -1.40004 0.000190738 -0.495346 0.196269 0.0305417 -1.48947 1.76757 -0.0112535 -0.19894 -0.00324254 0.000572213 0.39044 -0.250115 -0.00164773 -0.197032 0.00133516 0.000190738 0.392729 -0.249621 0.000448977 
23 -0.00782013 0.00972748 0.234798 -1.40004 0.000190738 -0.495346 0.197795 0.0305417 -1.48299 1.76757 -0.0112535 -0.19894 -0.00324254 0.000572213 0.39044 -0.250115 -0.00164773 -0.197032 0.00133516 0.000190738 0.392729 -0.249621 0.000448977 
23 -0.00782013 0.00972748 0.234798 -1.40004 0.000190738 -0.495346 0.19894 0.0305417 -1.47612 1.76757 -0.011635 -0.19894 -0.00324254 0.000572213 0.39044 -0.250115 -0.00164773 -0.197032 0.00133516 0.000190738 0.392729 -0.249621 0.000448977 
23 -0.00782013 0.00972748 0.234798 -1.40004 0.000190738 -0.495346 0.200084 0.0305417 -1.46963 1.76757 -0.0120165 -0.19894 -0.00324254 0.000572213 0.39044 -0.250115 -0.00164773 -0.197032 0.00133516 0.000190738 0.392729 -0.249621 0.000448977 
23 -0.00782013 0.00972748 0.234798 -1.40004 0.000190738 -0.495346 0.20161 0.0305417 -1.46277 1.76757 -0.012398 -0.19894 -0.00324254 0.000572213 0.39044 -0.250115 -0.00164773 -0.197032 0.00133516 0.000190738 0.392729 -0.249621 0.000448977 
23 -0.00782013 0.00972748 0.234798 -1.40004 0.000190738 -0.495346 0.203136 0.0305417 -1.4559 1.76757 -0.0127794 -0.19894 -0.00324254 0.000572213 0.39044 -0.250115 -0.00164773 -0.197032 0.00133516 0.000190738 0.392729 -0.249621 0.000448977 
23 -0.00782013 0.00972748 0.234798 -1.40004 0.000190738 -0.495346 0.204662 0.0305417 -1.44865 1.76757 -0.0131609 -0.19894 -0.00324254 0.000572213 0.39044 -0.250115 -0.00164773 -0.197032 0.00133516 0.000190738 0.392729 -0.249621 0.000448977 
23 -0.00782013 0.00972748 0.234798 -1.40004 0.000190738 -0.495346 0.205806 0.0305417 -1.44179 1.76757 -0.0135424 -0.19894 -0.00324254 0.000572213 0.39044 -0.250115 -0.00164773 -0.197032 0.00133516 0.000190738 0.392729 -0.249621 0.000448977 
23 -0.00782013 0.00972748 0.234798 -1.40004 0.000190738 -0.495346 0.206569 0.0305417 -1.43454 1.76757 -0.0139239 -0.19894 -0.00324254 0.000572213 0.39044 -0.250115 -0.00164773 -0.197032 0.00133516 0.000190738 0.392729 -0.249621 0.000448977 
23 -0.00782013 0.00972748 0.234798 -1.40004 0.000190738 -0.495346 0.207713 0.0305417 -1.42729 1.76757 -0.0143053 -0.19894 -0.00324254 0.000572213 0.39044 -0.250115 -0.00164773 -0.197032 0.00133516 0.000190738 0.392729 -0.249621 0.000448977 
23 -0.00782013 0.00972748 0.234798 -1.40004 0.000190738 -0.495346 0.209621 0.0305417 -1.42004 1.76757 -0.0146868 -0.19894 -0.00324254 0.000572213 0.39044 -0.250115 -0.00164773 -0.197032 0.00133516 0.000190738 0.392729 -0.249621 0.000448977 
23 -0.00782013 0.00972748 0.234798 -1.40004 0.000190738 -0.495346 0.210765 0.0305417 -1.41279 1.76795 -0.0150683 -0.19894 -0.00324254 0.000572213 0.39044 -0.250115 -0.00164773 -0.197032 0.00133516 0.000190738 0.392729 -0.249621 0.000448977 
23 -0.00782013 0.00972748 0.234798 -1.40004 0.000190738 -0.495346 0.21191 0.0301602 -1.40555 1.76795 -0.0154498 -0.19894 -0.00324254 0.000572213 0.39044 -0.250115 -0.00164773 -0.197032 0.00133516 0.000190738 0.392729 -0.249621 0.000448977 
23 -0.00782013 0.00972748 0.234798 -1.40004 0.000190738 -0.495346 0.213054 0.0301602 -1.39754 1.76795 -0.0158312 -0.19894 -0.00324254 0.000572213 0.39044 -0.250115 -0.00164773 -0.197032 0.00133516 0.000190738 0.392729 -0.249621 0.000448977 
23 -0.00782013 0.00972748 0.234798 -1.40004 0.000190738 -0.495346 0.214199 0.0301602 -1.39029 1.76795 -0.0162127 -0.19894 -0.00324254 0.000572213 0.39044 -0.250115 -0.00164773 -0.197032 0.00133516 0.000190738 0.392729 -0.249621 0.000448977 
23 -0.00782013 0.00972748 0.234798 -1.40004 0.000190738 -0.495346 0.215724 0.0301602 -1.38266 1.76795 -0.0165942 -0.19894 -0.00324254 0.000572213 0.39044 -0.250115 -0.00164773 -0.197032 0.00133516 0.000190738 0.392729 -0.249621 0.000448977 
23 -0.00782013 0.00972748 0.234798 -1.40004 0.000190738 -0.495346 0.216869 0.0301602 -1.37541 1.76795 -0.0165942 -0.19894 -0.00324254 0.000572213 0.39044 -0.250115 -0.00164773 -0.197032 0.00133516 0.000190738 0.392729 -0.249621 0.000448977 
23 -0.00782013 0.00972748 0.234798 -1.40004 0.000190738 -0.495346 0.218013 0.0297787 -1.3674 1.76757 -0.0169757 -0.19894 -0.00324254 0.000572213 0.39044 -0.250115 -0.00164773 -0.197032 0.00133516 0.000190738 0.392729 -0.249621 0.000448977 
23 -0.00782013 0.00972748 0.234798 -1.40004 0.000190738 -0.495346 0.218776 0.0297787 -1.35977 1.76757 -0.0173571 -0.19894 -0.00324254 0.000572213 0.39044 -0.250115 -0.00164773 -0.197032 0.00133516 0.000190738 0.392729 -0.249621 0.000448977 
23 -0.00782013 0.00972748 0.234798 -1.40004 0.000190738 -0.495346 0.219921 0.0297787 -1.35214 1.76795 -0.0177386 -0.19894 -0.00324254 0.000572213 0.39044 -0.250115 -0.00164773 -0.197032 0.00133516 0.000190738 0.392729 -0.249621 0.000448977 
23 -0.00782013 0.00972748 0.234798 -1.40004 0.000190738 -0.495346 0.221065 0.0293972 -1.34451 1.76757 -0.0177386 -0.19894 -0.00324254 0.000572213 0.39044 -0.250115 -0.00164773 -0.197032 0.00133516 0.000190738 0.392729 -0.249621 0.000448977 
23 -0.00782013 0.00972748 0.234798 -1.40004 0.000190738 -0.495346 0.22221 0.0290157 -1.3365 1.76795 -0.0181201 -0.19894 -0.00324254 0.000572213 0.39044 -0.250115 -0.00164773 -0.197032 0.00133516 0.000190738 0.392729 -0.249621 0.000448977 
23 -0.00782013 0.00972748 0.234798 -1.40004 0.000190738 -0.495346 0.223354 0.0290157 -1.32887 1.76795 -0.0185016 -0.19894 -0.00324254 0.000572213 0.39044 -0.250115 -0.00164773 -0.197032 0.00133516 0.000190738 0.392729 -0.249621 0.000448977 
23 -0.00782013 0.00972748 0.234798 -1.40004 0.000190738 -0.495346 0.224117 0.0286343 -1.32086 1.76757 -0.0185016 -0.19894 -0.00324254 0.000572213 0.39044 -0.250115 -0.00164773 -0.197032 0.00133516 0.000190738 0.392729 -0.249621 0.000448977 
23 -0.00782013 0.00972748 0.234798 -1.40004 0.000190738 -0.495346 0.22488 0.0286343 -1.31323 1.76757 -0.018883 -0.19894 -0.00324254 0.000572213 0.39044 -0.250115 -0.00164773 -0.197032 0.00133516 0.000190738 0.392729 -0.249621 0.000448977 
23 -0.00782013 0.00972748 0.234798 -1.40004 0.000190738 -0.495346 0.226024 0.0282528 -1.30522 1.76757 -0.018883 -0.19894 -0.00324254 0.000572213 0.39044 -0.250115 -0.00164773 -0.197032 0.00133516 0.000190738 0.392729 -0.249621 0.000448977 
23 -0.00782013 0.00972748 0.234798 -1.40004 0.000190738 -0.495346 0.226787 0.0282528 -1.29759 1.76757 -0.0192645 -0.19894 -0.00324254 0.000572213 0.39044 -0.250115 -0.00164773 -0.197032 0.00133516 0.000190738 0.392729 -0.249621 0.000448977 
23 -0.00782013 0.00972748 0.234798 -1.40004 0.000190738 -0.495346 0.227932 0.0278713 -1.28958 1.76757 -0.0192645 -0.19894 -0.00324254 0.000572213 0.39044 -0.250115 -0.00164773 -0.197032 0.00133516 0.000190738 0.392729 -0.249621 0.000448977 
23 -0.00782013 0.00972748 0.234798 -1.40004 0.000190738 -0.495346 0.229076 0.0278713 -1.28233 1.76757 -0.019646 -0.19894 -0.00324254 0.000572213 0.39044 -0.250115 -0.00164773 -0.197032 0.00133516 0.000190738 0.392729 -0.249621 0.000448977 
23 -0.00782013 0.00972748 0.234798 -1.40004 0.000190738 -0.495346 0.229458 0.0274898 -1.27394 1.76757 -0.019646 -0.19894 -0.00324254 0.000572213 0.39044 -0.250115 -0.00164773 -0.197032 0.00133516 0.000190738 0.392729 -0.249621 0.000448977 
23 -0.00782013 0.00972748 0.234798 -1.40004 0.000190738 -0.495346 0.23022 0.0274898 -1.26631 1.76757 -0.0200275 -0.19894 -0.00324254 0.000572213 0.39044 -0.250115 -0.00164773 -0.197032 0.00133516 0.000190738 0.392729 -0.249621 0.000448977 
23 -0.00782013 0.00972748 0.234798 -1.40004 0.000190738 -0.495346 0.230983 0.0274898 -1.25868 1.76757 -0.0200275 -0.19894 -0.00324254 0.000572213 0.39044 -0.250115 -0.00164773 -0.197032 0.00133516 0.000190738 0.392729 -0.249621 0.000448977 
23 -0.00782013 0.00972748 0.234798 -1.40004 0.000190738 -0.495346 0.231365 0.0274898 -1.25105 1.76757 -0.0204089 -0.19894 -0.00324254 0.000572213 0.39044 -0.250115 -0.00164773 -0.197032 0.00133516 0.000190738 0.392729 -0.249621 0.000448977 
23 -0.00782013 0.00972748 0.234798 -1.40004 0.000190738 -0.495346 0.232128 0.0271084 -1.24304 1.76757 -0.0204089 -0.19894 -0.00324254 0.000572213 0.39044 -0.250115 -0.00164773 -0.197032 0.00133516 0.000190738 0.392729 -0.249621 0.000448977 
23 -0.00782013 0.00972748 0.234798 -1.40004 0.000190738 -0.495346 0.232891 0.0271084 -1.23541 1.76757 -0.0207904 -0.19894 -0.00324254 0.000572213 0.39044 -0.250115 -0.00164773 -0.197032 0.00133516 0.000190738 0.392729 -0.249621 0.000448977 
23 -0.00782013 0.00972748 0.234798 -1.40004 0.000190738 -0.495346 0.234035 0.0271084 -1.2274 1.76757 -0.0207904 -0.19894 -0.00324254 0.000572213 0.39044 -0.250115 -0.00164773 -0.197032 0.00133516 0.000190738 0.392729 -0.249621 0.000448977 
23 -0.00782013 0.00972748 0.234798 -1.40004 0.000190738 -0.495346 0.234798 0.0271084 -1.22015 1.76757 -0.0211719 -0.19894 -0.00324254 0.000572213 0.39044 -0.250115 -0.00164773 -0.197032 0.00133516 0.000190738 0.392729 -0.249621 0.000448977 
23 -0.00782013 0.00972748 0.234798 -1.40004 0.000190738 -0.495346 0.23518 0.0267269 -1.21252 1.76757 -0.0211719 -0.19894 -0.00324254 0.000572213 0.39044 -0.250115 -0.00164773 -0.197032 0.00133516 0.000190738 0.392729 -0.249621 0.000448977 
23 -0.00782013 0.00972748 0.234798 -1.40004 0.000190738 -0.495346 0.235943 0.0267269 -1.20489 1.76757 -0.0211719 -0.19894 -0.00324254 0.000572213 0.39044 -0.250115 -0.00164773 -0.197032 0.00133516 0.000190738 0.392729 -0.249621 0.000448977 
23 -0.00782013 0.00972748 0.234798 -1.40004 0.000190738 -0.495346 0.236324 0.0267269 -1.19726 1.76757 -0.0215534 -0.19894 -0.00324254 0.000572213 0.39044 -0.250115 -0.00164773 -0.197032 0.00133516 0.000190738 0.392729 -0.249621 0.000448977 
23 -0.00782013 0.00972748 0.234798 -1.40004 0.000190738 -0.495346 0.236706 0.0267269 -1.18963 1.76757 -0.0215534 -0.19894 -0.00324254 0.000572213 0.39044 -0.250115 -0.00164773 -0.197032 0.00133516 0.000190738 0.392729 -0.249621 0.000448977 
23 -0.00782013 0.00972748 0.23518 -1.40004 0.000190738 -0.495346 0.237469 0.0263454 -1.18238 1.76757 -0.0215534 -0.19894 -0.00324254 0.000572213 0.39044 -0.250115 -0.00164773 -0.197032 0.00133516 0.000190738 0.392729 -0.249621 0.000448977 
23 -0.00782013 0.00972748 0.23518 -1.40004 0.000190738 -0.495346 0.23785 0.0263454 -1.17475 1.76719 -0.0215534 -0.19894 -0.00324254 0.000572213 0.39044 -0.250115 -0.00164773 -0.197032 0.00133516 0.000190738 0.392729 -0.249621 0.000448977 
23 -0.00782013 0.00972748 0.23518 -1.40004 0.000190738 -0.495346 0.238231 0.0263454 -1.16751 1.76719 -0.0215534 -0.19894 -0.00324254 0.000572213 0.39044 -0.250115 -0.00164773 -0.197032 0.00133516 0.000190738 0.392729 -0.249621 0.000448977 
23 -0.00782013 0.00972748 0.23518 -1.40004 0.000190738 -0.495346 0.238613 0.0259639 -1.15988 1.76719 -0.0215534 -0.19894 -0.00324254 0.000572213 0.39044 -0.250115 -0.00164773 -0.197032 0.00133516 0.000190738 0.392729 -0.249621 0.000448977 
23 -0.00782013 0.00972748 0.23518 -1.40004 0.000190738 -0.495346 0.238994 0.0259639 -1.15225 1.76719 -0.0215534 -0.19894 -0.00324254 0.000572213 0.39044 -0.250115 -0.00164773 -0.197032 0.00133516 0.000190738 0.392729 -0.249621 0.000448977 
23 -0.00782013 0.00972748 0.23518 -1.40004 0.000190738 -0.495346 0.239376 0.0259639 -1.14538 1.76719 -0.0215534 -0.19894 -0.00324254 0.000572213 0.39044 -0.250115 -0.00164773 -0.197032 0.00133516 0.000190738 0.392729 -0.249621 0.000448977 
23 -0.00782013 0.00972748 0.23518 -1.40004 0.000190738 -0.495346 0.239757 0.0255825 -1.13813 1.76719 -0.0215534 -0.19894 -0.00324254 0.000572213 0.39044 -0.250115 -0.00164773 -0.197032 0.00133516 0.000190738 0.392729 -0.249621 0.000448977 
23 -0.00782013 0.00972748 0.23518 -1.40004 0.000190738 -0.494965 0.240139 0.0255825 -1.13127 1.76719 -0.0215534 -0.19894 -0.00324254 0.000572213 0.39044 -0.250115 -0.00164773 -0.197032 0.00133516 0.000190738 0.392729 -0.249621 0.000448977 
23 -0.00782013 0.00972748 0.23518 -1.40004 0.000190738 -0.494965 0.24052 0.0255825 -1.12402 1.7668 -0.0215534 -0.19894 -0.00324254 0.000572213 0.39044 -0.250115 -0.00164773 -0.197032 0.00133516 0.000190738 0.392729 -0.249621 0.000448977 
23 -0.00782013 0.00972748 0.235561 -1.40004 0.000190738 -0.494965 0.240902 0.025201 -1.11715 1.7668 -0.0219348 -0.19894 -0.00324254 0.000572213 0.39044 -0.250115 -0.00164773 -0.197032 0.00133516 0.000190738 0.392729 -0.249621 0.000448977 
23 -0.00782013 0.00972748 0.235561 -1.40004 0.000190738 -0.494965 0.240902 0.025201 -1.1099 1.7668 -0.0219348 -0.19894 -0.00324254 0.000572213 0.39044 -0.250115 -0.00164773 -0.197032 0.00133516 0.000190738 0.392729 -0.249621 0.000448977 
23 -0.00782013 0.00972748 0.235561 -1.40004 0.000190738 -0.494965 0.241283 0.0248195 -1.10342 1.7668 -0.0215534 -0.19894 -0.00324254 0.000572213 0.39044 -0.250115 -0.00164773 -0.197032 0.00133516 0.000190738 0.392729 -0.249621 0.000448977 
23 -0.00782013 0.00972748 0.235561 -1.40004 0.000190738 -0.494965 0.241283 0.0248195 -1.09655 1.7668 -0.0219348 -0.19894 -0.00324254 0.000572213 0.39044 -0.250115 -0.00164773 -0.197032 0.00133516 0.000190738 0.392729 -0.249621 0.000448977 
23 -0.00782013 0.00972748 0.235561 -1.40004 0.000190738 -0.494965 0.241283 0.0248195 -1.09007 1.7668 -0.0219348 -0.19894 -0.00324254 0.000572213 0.39044 -0.250115 -0.00164773 -0.197032 0.00133516 0.000190738 0.392729 -0.249621 0.000448977 
23 -0.00782013 0.00972748 0.235561 -1.40004 0.000190738 -0.494965 0.241283 0.024438 -1.08358 1.7668 -0.0219348 -0.19894 -0.00324254 0.000572213 0.39044 -0.250115 -0.00164773 -0.197032 0.00133516 0.000190738 0.392729 -0.249621 0.000448977 
23 -0.00782013 0.00972748 0.235561 -1.40004 0.000190738 -0.494965 0.241665 0.024438 -1.0771 1.76642 -0.0219348 -0.19894 -0.00324254 0.000572213 0.39044 -0.250115 -0.00164773 -0.197032 0.00133516 0.000190738 0.392729 -0.249621 0.000448977 
23 -0.00782013 0.00972748 0.235561 -1.40004 0.000190738 -0.494965 0.241665 0.024438 -1.07061 1.76642 -0.0219348 -0.19894 -0.00324254 0.000572213 0.39044 -0.250115 -0.00164773 -0.197032 0.00133516 0.000190738 0.392729 -0.249621 0.000448977 
23 -0.00782013 0.00972748 0.235561 -1.40004 0.000190738 -0.494965 0.241283 0.0240566 -1.06451 1.76642 -0.0215534 -0.19894 -0.00324254 0.000572213 0.39044 -0.250115 -0.00164773 -0.197032 0.00133516 0.000190738 0.392729 -0.249621 0.000448977 
23 -0.00782013 0.00972748 0.235561 -1.40004 0.000190738 -0.494965 0.241283 0.0240566 -1.0584 1.76642 -0.0215534 -0.19894 -0.00324254 0.000572213 0.39044 -0.250115 -0.00164773 -0.197032 0.00133516 0.000190738 0.392729 -0.249621 0.000448977 
23 -0.00782013 0.00972748 0.235561 -1.40004 0.000190738 -0.494965 0.241283 0.0236751 -1.0523 1.76642 -0.0215534 -0.19894 -0.00324254 0.000572213 0.39044 -0.250115 -0.00164773 -0.197032 0.00133516 0.000190738 0.392729 -0.249621 0.000448977 
23 -0.00782013 0.00972748 0.235561 -1.40004 0.000190738 -0.494965 0.241283 0.0236751 -1.04658 1.76642 -0.0215534 -0.19894 -0.00324254 0.000572213 0.39044 -0.250115 -0.00164773 -0.197032 0.00133516 0.000190738 0.392729 -0.249621 0.000448977 
23 -0.00782013 0.00972748 0.235561 -1.40004 0.000190738 -0.494965 0.241283 0.0232936 -1.04086 1.76642 -0.0215534 -0.19894 -0.00324254 0.000572213 0.39044 -0.250115 -0.00164773 -0.197032 0.00133516 0.000190738 0.392729 -0.249621 0.000448977 
23 -0.00782013 0.00972748 0.235561 -1.40004 0.000190738 -0.494965 0.241283 0.0232936 -1.03513 1.76642 -0.0215534 -0.19894 -0.00324254 0.000572213 0.39044 -0.250115 -0.00164773 -0.197032 0.00133516 0.000190738 0.392729 -0.249621 0.000448977 
23 -0.00782013 0.00972748 0.235561 -1.40004 0.000190738 -0.494965 0.240902 0.0232936 -1.02979 1.76642 -0.0215534 -0.19894 -0.00324254 0.000572213 0.39044 -0.250115 -0.00164773 -0.197032 0.00133516 0.000190738 0.392729 -0.249621 0.000448977 
23 -0.00782013 0.00972748 0.235561 -1.40004 0.000190738 -0.494965 0.240902 0.0229121 -1.02407 1.76642 -0.0215534 -0.19894 -0.00324254 0.000572213 0.39044 -0.250115 -0.00164773 -0.197032 0.00133516 0.000190738 0.392729 -0.249621 0.000448977 
23 -0.00782013 0.00972748 0.235561 -1.40004 0.000190738 -0.494965 0.240902 0.0229121 -1.01911 1.76642 -0.0215534 -0.19894 -0.00324254 0.000572213 0.39044 -0.250115 -0.00164773 -0.197032 0.00133516 0.000190738 0.392729 -0.249621 0.000448977 
23 -0.00782013 0.00972748 0.235561 -1.40004 0.000190738 -0.494965 0.24052 0.0229121 -1.01377 1.76604 -0.0215534 -0.19894 -0.00324254 0.000572213 0.39044 -0.250115 -0.00164773 -0.197032 0.00133516 0.000190738 0.392729 -0.249621 0.000448977 
23 -0.00782013 0.00972748 0.235561 -1.40004 0.000190738 -0.494965 0.24052 0.0225307 -1.00881 1.76604 -0.0211719 -0.19894 -0.00324254 0.000572213 0.39044 -0.250115 -0.00164773 -0.197032 0.00133516 0.000190738 0.392729 -0.249621 0.000448977 
23 -0.00782013 0.00972748 0.235561 -1.40004 0.000190738 -0.494965 0.240139 0.0225307 -1.00385 1.76604 -0.0211719 -0.19894 -0.00324254 0.000572213 0.39044 -0.250115 -0.00164773 -0.197032 0.00133516 0.000190738 0.392729 -0.249621 0.000448977 
23 -0.00782013 0.00972748 0.235561 -1.40004 0.000190738 -0.494965 0.240139 0.0225307 -0.998894 1.76604 -0.0211719 -0.19894 -0.00324254 0.000572213 0.39044 -0.250115 -0.00164773 -0.197032 0.00133516 0.000190738 0.392729 -0.249621 0.000448977 
23 -0.00782013 0.00972748 0.23518 -1.40004 0.000190738 -0.494965 0.239757 0.0221492 -0.994698 1.76604 -0.0207904 -0.19894 -0.00324254 0.000572213 0.39044 -0.250115 -0.00164773 -0.197032 0.00133516 0.000190738 0.392729 -0.249621 0.000448977 
23 -0.00782013 0.00972748 0.23518 -1.40004 0.000190738 -0.494965 0.239376 0.0221492 -0.99012 1.76604 -0.0207904 -0.19894 -0.00324254 0.000572213 0.39044 -0.250115 -0.00164773 -0.197032 0.00133516 0.000190738 0.392729 -0.249621 0.000448977 
23 -0.00782013 0.00972748 0.23518 -1.40004 0.000190738 -0.494965 0.238994 0.0217677 -0.985924 1.76604 -0.0207904 -0.19894 -0.00324254 0.000572213 0.39044 -0.250115 -0.00164773 -0.197032 0.00133516 0.000190738 0.392729 -0.249621 0.000448977 
23 -0.00782013 0.00972748 0.23518 -1.40004 0.000190738 -0.494965 0.238994 0.0217677 -0.982109 1.76604 -0.0207904 -0.19894 -0.00324254 0.000572213 0.39044 -0.250115 -0.00164773 -0.197032 0.00133516 0.000190738 0.392729 -0.249621 0.000448977 
23 -0.00782013 0.00972748 0.23518 -1.40004 0.000190738 -0.494965 0.238613 0.0217677 -0.977913 1.76642 -0.0204089 -0.19894 -0.00324254 0.000572213 0.39044 -0.250115 -0.00164773 -0.197032 0.00133516 0.000190738 0.392729 -0.249621 0.000448977 
23 -0.00782013 0.00972748 0.23518 -1.40004 0.000190738 -0.494965 0.238231 0.0213862 -0.974098 1.76642 -0.0204089 -0.19894 -0.00324254 0.000572213 0.39044 -0.250115 -0.00164773 -0.197032 0.00133516 0.000190738 0.392729 -0.249621 0.000448977 
23 -0.00782013 0.00972748 0.23518 -1.40004 0.000190738 -0.494965 0.23785 0.0213862 -0.971046 1.76604 -0.0204089 -0.19894 -0.00324254 0.000572213 0.39044 -0.250115 -0.00164773 -0.197032 0.00133516 0.000190738 0.392729 -0.249621 0.000448977 
23 -0.00782013 0.00972748 0.234798 -1.40004 0.000190738 -0.494965 0.237469 0.0213862 -0.967613 1.76642 -0.0204089 -0.19894 -0.00324254 0.000572213 0.39044 -0.250115 -0.00164773 -0.197032 0.00133516 0.000190738 0.392729 -0.249621 0.000448977 
23 -0.00782013 0.00972748 0.234798 -1.40004 0.000190738 -0.494965 0.237087 0.0210047 -0.964561 1.76642 -0.0204089 -0.19894 -0.00324254 0.000572213 0.39044 -0.250115 -0.00164773 -0.197032 0.00133516 0.000190738 0.392729 -0.249621 0.000448977 
23 -0.00782013 0.00972748 0.234798 -1.40004 0.000190738 -0.494965 0.236706 0.0210047 -0.961128 1.76642 -0.0200275 -0.19894 -0.00324254 0.000572213 0.39044 -0.250115 -0.00164773 -0.197032 0.00133516 0.000190738 0.392729 -0.249621 0.000448977 
23 -0.00782013 0.00972748 0.234798 -1.40004 0.000190738 -0.494965 0.235943 0.0210047 -0.958457 1.76642 -0.0200275 -0.19894 -0.00324254 0.000572213 0.39044 -0.250115 -0.00164773 -0.197032 0.00133516 0.000190738 0.392729 -0.249621 0.000448977 
23 -0.00782013 0.00972748 0.234798 -1.40004 0.000190738 -0.494965 0.235561 0.0206233 -0.955787 1.76642 -0.0200275 -0.19894 -0.00324254 0.000572213 0.39044 -0.250115 -0.00164773 -0.197032 0.00133516 0.000190738 0.392729 -0.249621 0.000448977 
23 -0.00782013 0.00972748 0.234798 -1.40004 0.000190738 -0.494965 0.234798 0.0206233 -0.953117 1.76642 -0.0200275 -0.19894 -0.00324254 0.000572213 0.39044 -0.250115 -0.00164773 -0.197032 0.00133516 0.000190738 0.392729 -0.249621 0.000448977 
23 -0.00782013 0.00972748 0.234798 -1.40004 0.000190738 -0.494965 0.234417 0.0206233 -0.950828 1.76642 -0.0200275 -0.19894 -0.00324254 0.000572213 0.39044 -0.250115 -0.00164773 -0.197032 0.00133516 0.000190738 0.392729 -0.249621 0.000448977 
23 -0.00782013 0.00972748 0.234798 -1.40004 0.000190738 -0.494965 0.233272 0.0206233 -0.948539 1.76642 -0.019646 -0.19894 -0.00324254 0.000572213 0.39044 -0.250115 -0.00164773 -0.197032 0.00133516 0.000190738 0.392729 -0.249621 0.000448977 
23 -0.00782013 0.00972748 0.234798 -1.40004 0.000190738 -0.494965 0.232509 0.0202418 -0.946632 1.76642 -0.019646 -0.19894 -0.00324254 0.000572213 0.39044 -0.250115 -0.00164773 -0.197032 0.00133516 0.000190738 0.392729 -0.249621 0.000448977 
23 -0.00782013 0.00972748 0.234798 -1.40004 0.000190738 -0.494965 0.232128 0.0202418 -0.944724 1.76642 -0.019646 -0.19894 -0.00324254 0.000572213 0.39044 -0.250115 -0.00164773 -0.197032 0.00133516 0.000190738 0.392729 -0.249621 0.000448977 
23 -0.00782013 0.00972748 0.234798 -1.40004 0.000190738 -0.494965 0.231746 0.0202418 -0.942817 1.76642 -0.019646 -0.19894 -0.00324254 0.000572213 0.39044 -0.250115 -0.00164773 -0.197032 0.00133516 0.000190738 0.392729 -0.249621 0.000448977 
23 -0.00782013 0.00972748 0.234798 -1.40004 0.000190738 -0.494965 0.230983 0.0202418 -0.940909 1.76642 -0.019646 -0.19894 -0.00324254 0.000572213 0.39044 -0.250115 -0.00164773 -0.197032 0.00133516 0.000190738 0.392729 -0.249621 0.000448977 
23 -0.00782013 0.00972748 0.234417 -1.40004 0.000190738 -0.494965 0.230602 0.0202418 -0.939765 1.76642 -0.019646 -0.19894 -0.00324254 0.000572213 0.39044 -0.250115 -0.00164773 -0.197032 0.00133516 0.000190738 0.392729 -0.249621 0.000448977 
23 -0.00782013 0.00972748 0.234417 -1.40004 0.000190738 -0.494965 0.229839 0.0202418 -0.938239 1.76642 -0.019646 -0.19894 -0.00324254 0.000572213 0.39044 -0.250115 -0.00164773 -0.197032 0.00133516 0.000190738 0.392729 -0.249621 0.000448977 
23 -0.00782013 0.00972748 0.234417 -1.40004 0.000190738 -0.494965 0.229458 0.0198603 -0.937095 1.76642 -0.019646 -0.19894 -0.00324254 0.000572213 0.39044 -0.250115 -0.00164773 -0.197032 0.00133516 0.000190738 0.392729 -0.249621 0.000448977 
23 -0.00782013 0.00972748 0.234417 -1.40004 0.000190738 -0.494965 0.228695 0.0198603 -0.93595 1.76642 -0.019646 -0.19894 -0.00324254 0.000572213 0.39044 -0.250115 -0.00164773 -0.197032 0.00133516 0.000190738 0.392729 -0.249621 0.000448977 
23 -0.00782013 0.00972748 0.234417 -1.40004 0.000190738 -0.494965 0.227932 0.0198603 -0.935187 1.76642 -0.019646 -0.19894 -0.00324254 0.000572213 0.39044 -0.250115 -0.00164773 -0.197032 0.00133516 0.000190738 0.392729 -0.249621 0.000448977 
23 -0.00782013 0.00972748 0.234417 -1.40004 0.000190738 -0.494965 0.226787 0.0198603 -0.934806 1.76642 -0.0192645 -0.19894 -0.00324254 0.000572213 0.39044 -0.250115 -0.00164773 -0.197032 0.00133516 0.000190738 0.392729 -0.249621 0.000448977 
23 -0.00782013 0.00972748 0.234417 -1.40004 0.000190738 -0.494965 0.226024 0.0194789 -0.934424 1.76642 -0.0192645 -0.19894 -0.00324254 0.000572213 0.39044 -0.250115 -0.00164773 -0.197032 0.00133516 0.000190738 0.392729 -0.249621 0.000448977 
23 -0.00782013 0.00972748 0.234417 -1.40004 0.000190738 -0.494965 0.225261 0.0194789 -0.934043 1.76642 -0.0192645 -0.19894 -0.00324254 0.000572213 0.39044 -0.250115 -0.00164773 -0.197032 0.00133516 0.000190738 0.392729 -0.249621 0.000448977 
23 -0.00782013 0.0101089 0.234417 -1.40004 0.000190738 -0.494965 0.224498 0.0194789 -0.934043 1.76642 -0.0192645 -0.19894 -0.00324254 0.000572213 0.39044 -0.250115 -0.00164773 -0.197032 0.00133516 0.000190738 0.392729 -0.249621 0.000448977 
23 -0.00782013 0.00972748 0.234417 -1.40004 0.000190738 -0.494965 0.223735 0.0194789 -0.934424 1.76642 -0.0192645 -0.19894 -0.00324254 0.000572213 0.39044 -0.250115 -0.00164773 -0.197032 0.00133516 0.000190738 0.392729 -0.249621 0.000448977 
23 -0.00782013 0.00972748 0.234417 -1.40004 0.000190738 -0.494965 0.222972 0.0194789 -0.934424 1.76642 -0.0192645 -0.19894 -0.00324254 0.000572213 0.39044 -0.250115 -0.00164773 -0.197032 0.00133516 0.000190738 0.392729 -0.249621 0.000448977 
23 -0.00782013 0.00972748 0.234417 -1.40004 0.000190738 -0.494965 0.221828 0.0194789 -0.934806 1.76642 -0.0192645 -0.19894 -0.00324254 0.000572213 0.39044 -0.250115 -0.00164773 -0.197032 0.00133516 0.000190738 0.392729 -0.249621 0.000448977 
23 -0.00782013 0.00972748 0.234417 -1.40004 0.000190738 -0.494965 0.220684 0.0190974 -0.935569 1.76642 -0.0192645 -0.19894 -0.00324254 0.000572213 0.39044 -0.250115 -0.00164773 -0.197032 0.00133516 0.000190738 0.392729 -0.249621 0.000448977 
23 -0.00782013 0.00972748 0.234417 -1.40004 0.000190738 -0.494965 0.219539 0.0190974 -0.936332 1.76642 -0.0192645 -0.19894 -0.00324254 0.000572213 0.39044 -0.250115 -0.00164773 -0.197032 0.00133516 0.000190738 0.392729 -0.249621 0.000448977 
23 -0.00782013 0.00972748 0.234417 -1.40004 0.000190738 -0.494965 0.218776 0.0190974 -0.937095 1.76642 -0.0192645 -0.19894 -0.00324254 0.000572213 0.39044 -0.250115 -0.00164773 -0.197032 0.00133516 0.000190738 0.392729 -0.249621 0.000448977 
23 -0.00782013 0.00972748 0.234798 -1.40004 0.000190738 -0.494965 0.217632 0.0190974 -0.938239 1.76642 -0.018883 -0.19894 -0.00324254 0.000572213 0.39044 -0.250115 -0.00164773 -0.197032 0.00133516 0.000190738 0.392729 -0.249621 0.000448977 
23 -0.00782013 0.00972748 0.234798 -1.40004 0.000190738 -0.494965 0.216487 0.0190974 -0.939384 1.76642 -0.018883 -0.19894 -0.00324254 0.000572213 0.39044 -0.250115 -0.00164773 -0.197032 0.00133516 0.000190738 0.392729 -0.249621 0.000448977 
23 -0.00782013 0.00972748 0.234798 -1.40004 0.000190738 -0.494965 0.215724 0.0187159 -0.940528 1.76642 -0.018883 -0.19894 -0.00324254 0.000572213 0.39044 -0.250115 -0.00164773 -0.197032 0.00133516 0.000190738 0.392729 -0.249621 0.000448977 
23 -0.00782013 0.00972748 0.234798 -1.40004 0.000190738 -0.494965 0.214199 0.0187159 -0.942054 1.76642 -0.018883 -0.19894 -0.00324254 0.000572213 0.39044 -0.250115 -0.00164773 -0.197032 0.00133516 0.000190738 0.392729 -0.249621 0.000448977 
23 -0.00782013 0.00972748 0.234798 -1.40004 0.000190738 -0.494965 0.212673 0.0187159 -0.94358 1.76642 -0.0185016 -0.19894 -0.00324254 0.000572213 0.39044 -0.250115 -0.00164773 -0.197032 0.00133516 0.000190738 0.392729 -0.249621 0.000448977 
23 -0.00782013 0.00972748 0.234798 -1.40004 0.000190738 -0.494965 0.211528 0.0187159 -0.945487 1.76642 -0.0185016 -0.19894 -0.00324254 0.000572213 0.39044 -0.250115 -0.00164773 -0.197032 0.00133516 0.000190738 0.392729 -0.249621 0.000448977 
23 -0.00782013 0.00972748 0.234798 -1.40004 0.000190738 -0.494965 0.210384 0.0187159 -0.947013 1.76642 -0.0181201 -0.19894 -0.00324254 0.000572213 0.39044 -0.250115 -0.00164773 -0.197032 0.00133516 0.000190738 0.392729 -0.249621 0.000448977 
23 -0.00782013 0.00972748 0.234798 -1.40004 0.000190738 -0.494965 0.209239 0.0187159 -0.94892 1.76642 -0.0181201 -0.19894 -0.00324254 0.000572213 0.39044 -0.250115 -0.00164773 -0.197032 0.00133516 0.000190738 0.392729 -0.249621 0.000448977 
23 -0.00782013 0.00972748 0.234798 -1.40004 0.000190738 -0.494965 0.207332 0.0183344 -0.951209 1.76642 -0.0177386 -0.19894 -0.00324254 0.000572213 0.39044 -0.250115 -0.00164773 -0.197032 0.00133516 0.000190738 0.392729 -0.249621 0.000448977 
23 -0.00782013 0.00972748 0.234798 -1.40004 0.000190738 -0.494965 0.206188 0.0183344 -0.953498 1.76642 -0.0177386 -0.19894 -0.00324254 0.000572213 0.39044 -0.250115 -0.00164773 -0.197032 0.00133516 0.000190738 0.392729 -0.249621 0.000448977 
23 -0.00782013 0.00972748 0.234798 -1.40004 0.000190738 -0.494965 0.205043 0.017953 -0.955787 1.76642 -0.0177386 -0.19894 -0.00324254 0.000572213 0.39044 -0.250115 -0.00164773 -0.197032 0.00133516 0.000190738 0.392729 -0.249621 0.000448977 
23 -0.00782013 0.00972748 0.234798 -1.40004 0.000190738 -0.494965 0.203899 0.017953 -0.958457 1.76642 -0.0173571 -0.19894 -0.00324254 0.000572213 0.39044 -0.250115 -0.00164773 -0.197032 0.00133516 0.000190738 0.392729 -0.249621 0.000448977 
23 -0.00782013 0.00972748 0.234798 -1.40004 0.000190738 -0.494965 0.202373 0.0175714 -0.961128 1.76642 -0.0173571 -0.19894 -0.00324254 0.000572213 0.39044 -0.250115 -0.00164773 -0.197032 0.00133516 0.000190738 0.392729 -0.249621 0.000448977 
23 -0.00782013 0.00972748 0.234798 -1.40004 0.000190738 -0.494965 0.200847 0.01719 -0.963798 1.76642 -0.0169757 -0.19894 -0.00324254 0.000572213 0.39044 -0.250115 -0.00164773 -0.197032 0.00133516 0.000190738 0.392729 -0.249621 0.000448977 
23 -0.00782013 0.00972748 0.234798 -1.40004 0.000190738 -0.494965 0.199702 0.0168085 -0.96685 1.76642 -0.0169757 -0.19894 -0.00324254 0.000572213 0.39044 -0.250115 -0.00164773 -0.197032 0.00133516 0.000190738 0.392729 -0.249621 0.000448977 
23 -0.00782013 0.00972748 0.234798 -1.40004 0.000190738 -0.494965 0.198177 0.016427 -0.969902 1.76642 -0.0165942 -0.19894 -0.00324254 0.000572213 0.39044 -0.249951 -0.00124844 -0.197032 0.00133516 0.000190738 0.392729 -0.249621 0.000448977 
23 -0.00782013 0.00972748 0.234798 -1.40004 0.000190738 -0.494965 0.197032 0.0160456 -0.972572 1.76604 -0.0165942 -0.19894 -0.00324254 0.000572213 0.39044 -0.249951 -0.001248 -0.197032 0.00133516 0.000190738 0.392729 -0.249621 0.000448977 
23 -0.00782013 0.00972748 0.234798 -1.40004 0.000190738 -0.494965 0.195125 0.0156641 -0.976005 1.76604 -0.0165942 -0.19894 -0.00324254 0.000572213 0.39044 -0.249951 -0.001248 -0.197032 0.00133516 0.000190738 0.392729 -0.249621 0.000448977 
23 -0.00782013 0.00972748 0.234798 -1.40004 0.000190738 -0.494965 0.19398 0.0152826 -0.979438 1.76604 -0.0165942 -0.19894 -0.00324254 0.000572213 0.39044 -0.249951 -0.001248 -0.197032 0.00133516 0.000190738 0.392729 -0.249621 0.000448977 
23 -0.00782013 0.00972748 0.234798 -1.40004 0.000190738 -0.494965 0.192836 0.0149012 -0.983253 1.76604 -0.0162127 -0.19894 -0.00324254 0.000572213 0.39044 -0.250115 -0.00164817 -0.197032 0.00133516 0.000190738 0.392729 -0.249621 0.000448977 
23 -0.00782013 0.00972748 0.234798 -1.40004 0.000190738 -0.494965 0.19131 0.0145197 -0.986305 1.76604 -0.0162127 -0.19894 -0.00324254 0.000572213 0.39044 -0.250115 -0.00164773 -0.197032 0.00133516 0.000190738 0.392729 -0.249621 0.000448977 
23 -0.00782013 0.00972748 0.234798 -1.40004 0.000190738 -0.494965 0.189784 0.0145197 -0.99012 1.76604 -0.0162127 -0.19894 -0.00324254 0.000572213 0.39044 -0.250115 -0.00164773 -0.197032 0.00133516 0.000190738 0.392729 -0.249621 0.000448977 
23 -0.00782013 0.00972748 0.234798 -1.40004 0.000190738 -0.494965 0.188258 0.0141382 -0.993935 1.76604 -0.0158312 -0.19894 -0.00324254 0.000572213 0.39044 -0.249951 -0.00124844 -0.197032 0.00133516 0.000190738 0.392729 -0.249621 0.000448977 
23 -0.00782013 0.00972748 0.234798 -1.40004 0.000190738 -0.494965 0.187114 0.0137567 -0.997368 1.76604 -0.0158312 -0.19894 -0.00324254 0.000572213 0.39044 -0.249951 -0.001248 -0.197032 0.00133516 0.000190738 0.392729 -0.249621 0.000448977 
23 -0.00782013 0.00972748 0.234798 -1.40004 0.000190738 -0.494965 0.185588 0.0137567 -1.00156 1.76604 -0.0154498 -0.19894 -0.00324254 0.000572213 0.39044 -0.249951 -0.001248 -0.197032 0.00133516 0.000190738 0.392729 -0.249621 0.000448977 
23 -0.00782013 0.00972748 0.234798 -1.40004 0.000190738 -0.494965 0.184443 0.0133752 -1.00576 1.76604 -0.0154498 -0.19894 -0.00324254 0.000572213 0.39044 -0.249951 -0.001248 -0.197032 0.00133516 0.000190738 0.392729 -0.249621 0.000448977 
23 -0.00782013 0.00972748 0.234798 -1.40004 0.000190738 -0.494965 0.182536 0.0129938 -1.00958 1.76566 -0.0150683 -0.19894 -0.00324254 0.000572213 0.39044 -0.249951 -0.001248 -0.197032 0.00133516 0.000190738 0.392729 -0.249621 0.000448977 
23 -0.00782013 0.00972748 0.234798 -1.40004 0.000190738 -0.494965 0.181392 0.0129938 -1.01415 1.76566 -0.0146868 -0.19894 -0.00324254 0.000572213 0.39044 -0.250115 -0.00164817 -0.197032 0.00133516 0.000190738 0.392729 -0.249621 0.000448977 
23 -0.00782013 0.00972748 0.234798 -1.40004 0.000190738 -0.494965 0.180247 0.0126123 -1.01835 1.76566 -0.0143053 -0.19894 -0.00324254 0.000572213 0.39044 -0.249951 -0.00124844 -0.197032 0.00133516 0.000190738 0.392729 -0.249621 0.000448977 
23 -0.00782013 0.00972748 0.234798 -1.40004 0.000190738 -0.494965 0.179103 0.0126123 -1.02255 1.76528 -0.0143053 -0.19894 -0.00324254 0.000572213 0.39044 -0.249951 -0.001248 -0.197032 0.00133516 0.000190738 0.392729 -0.249621 0.000448977 
23 -0.00782013 0.00972748 0.234798 -1.40004 0.000190738 -0.494965 0.177577 0.0122308 -1.02712 1.76528 -0.0139239 -0.19894 -0.00324254 0.000572213 0.39044 -0.249951 -0.001248 -0.197032 0.00133516 0.000190738 0.392729 -0.249621 0.000448977 
23 -0.00782013 0.00972748 0.234798 -1.40004 0.000190738 -0.494965 0.176051 0.0118493 -1.03208 1.76528 -0.0135424 -0.19894 -0.00324254 0.000572213 0.39044 -0.249951 -0.001248 -0.197032 0.00133516 0.000190738 0.392729 -0.249621 0.000448977 
23 -0.00782013 0.00972748 0.234798 -1.40004 0.000190738 -0.494965 0.174907 0.0118493 -1.03628 1.76528 -0.0131609 -0.19894 -0.00324254 0.000572213 0.39044 -0.249951 -0.001248 -0.197032 0.00133516 0.000190738 0.392729 -0.249621 0.000448977 
23 -0.00782013 0.00972748 0.234798 -1.40004 0.000190738 -0.494965 0.173381 0.0114679 -1.04124 1.7649 -0.0131609 -0.19894 -0.00324254 0.000572213 0.39044 -0.249951 -0.001248 -0.197032 0.00133516 0.000190738 0.392729 -0.249621 0.000448977 
23 -0.00782013 0.00972748 0.234798 -1.40004 0.000190738 -0.494965 0.172236 0.0114679 -1.0462 1.7649 -0.0127794 -0.19894 -0.00324254 0.000572213 0.39044 -0.249951 -0.001248 -0.197032 0.00133516 0.000190738 0.392729 -0.249621 0.000448977 
23 -0.00782013 0.00972748 0.234798 -1.40004 0.000190738 -0.494965 0.17071 0.0110864 -1.05116 1.7649 -0.012398 -0.19894 -0.00324254 0.000572213 0.39044 -0.249951 -0.001248 -0.197032 0.00133516 0.000190738 0.392729 -0.249621 0.000448977 
23 -0.00782013 0.00972748 0.234798 -1.40004 0.000190738 -0.494965 0.169184 0.0107049 -1.05612 1.7649 -0.0120165 -0.19894 -0.00324254 0.000572213 0.39044 -0.249951 -0.001248 -0.197032 0.00133516 0.000190738 0.392729 -0.249621 0.000448977 
23 -0.00782013 0.00972748 0.234798 -1.40004 0.000190738 -0.494965 0.168421 0.0103235 -1.06107 1.7649 -0.0120165 -0.19894 -0.00324254 0.000572213 0.39044 -0.249951 -0.001248 -0.197032 0.00133516 0.000190738 0.392729 -0.249621 0.000448977 
23 -0.00782013 0.00972748 0.234798 -1.40004 0.000190738 -0.494965 0.167277 0.009942 -1.06641 1.7649 -0.011635 -0.19894 -0.00324254 0.000572213 0.39044 -0.249951 -0.001248 -0.197032 0.00133516 0.000190738 0.392729 -0.249621 0.000448977 
23 -0.00782013 0.00972748 0.234798 -1.40004 0.000190738 -0.494965 0.166133 0.00956047 -1.07176 1.7649 -0.011635 -0.19894 -0.00324254 0.000572213 0.39044 -0.249951 -0.001248 -0.197032 0.00133516 0.000190738 0.392729 -0.249621 0.000448977 
23 -0.00782013 0.00972748 0.234798 -1.40004 0.000190738 -0.494965 0.164225 0.009179 -1.0771 1.7649 -0.0112535 -0.19894 -0.00324254 0.000572213 0.39044 -0.249951 -0.001248 -0.197032 0.00133516 0.000190738 0.392729 -0.249621 0.000448977 
23 -0.00782013 0.00972748 0.234798 -1.40004 0.000190738 -0.494965 0.163081 0.00879753 -1.08282 1.7649 -0.0112535 -0.19894 -0.00324254 0.000572213 0.39044 -0.249951 -0.001248 -0.197032 0.00133516 0.000190738 0.392729 -0.249621 0.000448977 
23 -0.00782013 0.00972748 0.234798 -1.40004 0.000190738 -0.494965 0.161936 0.00841606 -1.08816 1.7649 -0.0108721 -0.19894 -0.00324254 0.000572213 0.39044 -0.249951 -0.001248 -0.197032 0.00133516 0.000190738 0.392729 -0.249621 0.000448977 
23 -0.00782013 0.00972748 0.234798 -1.40004 0.000190738 -0.494965 0.160792 0.00841606 -1.09388 1.7649 -0.0108721 -0.19894 -0.00324254 0.000572213 0.39044 -0.249951 -0.001248 -0.197032 0.00133516 0.000190738 0.392729 -0.249621 0.000448977 
23 -0.00782013 0.00972748 0.234798 -1.40004 0.000190738 -0.494965 0.159266 0.00803459 -1.09922 1.76452 -0.0104906 -0.19894 -0.00324254 0.000572213 0.39044 -0.250115 -0.00164817 -0.197032 0.00133516 0.000190738 0.392729 -0.249621 0.000448977 
23 -0.00782013 0.00972748 0.234798 -1.40004 0.000190738 -0.494965 0.15774 0.00803459 -1.10494 1.76452 -0.0104906 -0.19894 -0.00324254 0.000572213 0.39044 -0.249951 -0.00124844 -0.197032 0.00133516 0.000190738 0.392729 -0.249621 0.000448977 
23 -0.00782013 0.00972748 0.234798 -1.40004 0.000190738 -0.494965 0.156596 0.00765312 -1.11067 1.76452 -0.0101091 -0.19894 -0.00324254 0.000572213 0.39044 -0.249951 -0.001248 -0.197032 0.00133516 0.000190738 0.392729 -0.249621 0.000448977 
23 -0.00782013 0.00972748 0.234798 -1.40004 0.000190738 -0.494965 0.155833 0.00765312 -1.11639 1.76452 -0.0101091 -0.19894 -0.00324254 0.000572213 0.39044 -0.249951 -0.001248 -0.197032 0.00133516 0.000190738 0.392729 -0.249621 0.000448977 
23 -0.00782013 0.00972748 0.234798 -1.40004 0.000190738 -0.494965 0.154688 0.00765312 -1.12249 1.76413 -0.00972763 -0.19894 -0.00324254 0.000572213 0.39044 -0.249951 -0.001248 -0.197032 0.00133516 0.000190738 0.392729 -0.249621 0.000448977 
23 -0.00782013 0.00972748 0.234798 -1.40004 0.000190738 -0.494965 0.153544 0.00727165 -1.1286 1.76413 -0.00972763 -0.19894 -0.00324254 0.000572213 0.39044 -0.249951 -0.001248 -0.197032 0.00133516 0.000190738 0.392729 -0.249621 0.000448977 
23 -0.00782013 0.00972748 0.234798 -1.40004 0.000190738 -0.494965 0.152018 0.00727165 -1.1347 1.76413 -0.00972763 -0.19894 -0.00324254 0.000572213 0.39044 -0.249951 -0.001248 -0.197032 0.00133516 0.000190738 0.392729 -0.249621 0.000448977 
23 -0.00782013 0.00972748 0.234798 -1.40004 0.000190738 -0.494965 0.150874 0.00689018 -1.1408 1.76413 -0.00934615 -0.19894 -0.00324254 0.000572213 0.39044 -0.249951 -0.001248 -0.197032 0.00133516 0.000190738 0.392729 -0.249621 0.000448977 
23 -0.00782013 0.00972748 0.234798 -1.40004 0.000190738 -0.494965 0.149729 0.00689018 -1.14691 1.76413 -0.00934615 -0.19894 -0.00324254 0.000572213 0.39044 -0.249951 -0.001248 -0.197032 0.00133516 0.000190738 0.392729 -0.249621 0.000448977 
23 -0.00782013 0.00972748 0.234798 -1.40004 0.000190738 -0.494965 0.148585 0.00689018 -1.15301 1.76413 -0.00896468 -0.19894 -0.00324254 0.000572213 0.39044 -0.249951 -0.001248 -0.197032 0.00133516 0.000190738 0.392729 -0.249621 0.000448977 
23 -0.00782013 0.00972748 0.234798 -1.40004 0.000190738 -0.494965 0.14744 0.00650871 -1.15911 1.76413 -0.00896468 -0.19894 -0.00324254 0.000572213 0.39044 -0.249951 -0.001248 -0.197032 0.00133516 0.000190738 0.392729 -0.249621 0.000448977 
23 -0.00782013 0.00972748 0.234798 -1.40004 0.000190738 -0.494965 0.145914 0.00650871 -1.1656 1.76375 -0.00896468 -0.19894 -0.00324254 0.000572213 0.39044 -0.249951 -0.001248 -0.197032 0.00133516 0.000190738 0.392729 -0.249621 0.000448977 
23 -0.00782013 0.00972748 0.234798 -1.40004 0.000190738 -0.494965 0.144388 0.00650871 -1.17208 1.76375 -0.0085832 -0.19894 -0.00324254 0.000572213 0.39044 -0.249951 -0.001248 -0.197032 0.00133516 0.000190738 0.392729 -0.249621 0.000448977 
23 -0.00782013 0.00972748 0.234798 -1.40004 0.000190738 -0.494965 0.143626 0.00650871 -1.17819 1.76375 -0.0085832 -0.19894 -0.00324254 0.000572213 0.39044 -0.249951 -0.001248 -0.197032 0.00133516 0.000190738 0.392729 -0.249621 0.000448977 
23 -0.00782013 0.00972748 0.234798 -1.40004 0.000190738 -0.494965 0.142481 0.00612724 -1.18467 1.76375 -0.0085832 -0.19894 -0.00324254 0.000572213 0.39044 -0.249951 -0.001248 -0.197032 0.00133516 0.000190738 0.392729 -0.249621 0.000448977 
23 -0.00782013 0.00972748 0.234798 -1.40004 0.000190738 -0.494965 0.141337 0.00612724 -1.19154 1.76375 -0.0085832 -0.19894 -0.00324254 0.000572213 0.39044 -0.249951 -0.001248 -0.197032 0.00133516 0.000190738 0.392729 -0.249621 0.000448977 
23 -0.00782013 0.00972748 0.234798 -1.40004 0.000190738 -0.494965 0.140192 0.00612724 -1.19764 1.76375 -0.0085832 -0.19894 -0.00324254 0.000572213 0.39044 -0.249951 -0.001248 -0.197032 0.00133516 0.000190738 0.392729 -0.249621 0.000448977 
23 -0.00782013 0.00972748 0.234798 -1.40004 0.000190738 -0.494965 0.138666 0.00574571 -1.20451 1.76375 -0.0085832 -0.19894 -0.00324254 0.000572213 0.39044 -0.249951 -0.001248 -0.197032 0.00133516 0.000190738 0.392729 -0.249621 0.000448977 
23 -0.00782013 0.00972748 0.234798 -1.40004 0.000190738 -0.494965 0.137903 0.00574571 -1.21061 1.76375 -0.0085832 -0.19894 -0.00324254 0.000572213 0.39044 -0.249951 -0.001248 -0.197032 0.00133516 0.000190738 0.392729 -0.249621 0.000448977 
23 -0.00782013 0.00972748 0.234798 -1.40004 0.000190738 -0.494965 0.136759 0.00536424 -1.21786 1.76375 -0.00820172 -0.19894 -0.00324254 0.000572213 0.39044 -0.249951 -0.001248 -0.197032 0.00133516 0.000190738 0.392729 -0.249621 0.000448977 
23 -0.00782013 0.00972748 0.234798 -1.40004 0.000190738 -0.494965 0.135615 0.00536424 -1.22396 1.76375 -0.00820172 -0.19894 -0.00324254 0.000572213 0.39044 -0.250115 -0.00164817 -0.197032 0.00133516 0.000190738 0.392729 -0.249621 0.000448977 
23 -0.00782013 0.00972748 0.234798 -1.40004 0.000190738 -0.494965 0.13447 0.00536424 -1.23083 1.76375 -0.00820172 -0.19894 -0.00324254 0.000572213 0.39044 -0.249951 -0.00124844 -0.197032 0.00133516 0.000190738 0.392729 -0.249621 0.000448977 
23 -0.00782013 0.00972748 0.234798 -1.40004 0.000190738 -0.494965 0.133326 0.00498277 -1.2377 1.76375 -0.00820172 -0.19894 -0.00324254 0.000572213 0.39044 -0.249951 -0.001248 -0.197032 0.00133516 0.000190738 0.392729 -0.249621 0.000448977 
23 -0.00782013 0.00972748 0.234798 -1.40004 0.000190738 -0.494965 0.132181 0.00498277 -1.24456 1.76375 -0.00820172 -0.19894 -0.00324254 0.000572213 0.39044 -0.249951 -0.001248 -0.197032 0.00133516 0.000190738 0.392729 -0.249621 0.000448977 
23 -0.00782013 0.00972748 0.234798 -1.40004 0.000190738 -0.494965 0.131418 0.0046013 -1.25143 1.76375 -0.00782025 -0.19894 -0.00324254 0.000572213 0.39044 -0.249951 -0.001248 -0.197032 0.00133516 0.000190738 0.392729 -0.249621 0.000448977 
23 -0.00782013 0.00972748 0.234798 -1.40004 0.000190738 -0.494965 0.130274 0.00421983 -1.2583 1.76375 -0.00782025 -0.19894 -0.00324254 0.000572213 0.39044 -0.249951 -0.001248 -0.197032 0.00133516 0.000190738 0.392729 -0.249621 0.000448977 
23 -0.00782013 0.00972748 0.234798 -1.40004 0.000190738 -0.494965 0.129129 0.00421983 -1.26478 1.76375 -0.00782025 -0.19894 -0.00324254 0.000572213 0.39044 -0.249951 -0.001248 -0.197032 0.00133516 0.000190738 0.392729 -0.249621 0.000448977 
23 -0.00782013 0.00972748 0.234798 -1.40004 0.000190738 -0.494965 0.128367 0.00383836 -1.27127 1.76375 -0.00782025 -0.19894 -0.00324254 0.000572213 0.39044 -0.249951 -0.001248 -0.197032 0.00133516 0.000190738 0.392729 -0.249621 0.000448977 
23 -0.00782013 0.00972748 0.234798 -1.40004 0.000190738 -0.494965 0.127222 0.00383836 -1.27852 1.76375 -0.00782025 -0.19894 -0.00324254 0.000572213 0.39044 -0.249951 -0.001248 -0.197032 0.00133516 0.000190738 0.392729 -0.249621 0.000448977 
23 -0.00782013 0.00972748 0.234798 -1.40004 0.000190738 -0.494965 0.126078 0.00345689 -1.285 1.76375 -0.00782025 -0.19894 -0.00324254 0.000572213 0.39044 -0.249951 -0.001248 -0.197032 0.00133516 0.000190738 0.392729 -0.249621 0.000448977 
23 -0.00782013 0.00972748 0.234798 -1.40004 0.000190738 -0.494965 0.125315 0.00307542 -1.29187 1.76375 -0.00782025 -0.19894 -0.00324254 0.000572213 0.39044 -0.250115 -0.00164817 -0.197032 0.00133516 0.000190738 0.392729 -0.249621 0.000448977 
23 -0.00782013 0.00972748 0.234417 -1.40004 0.000190738 -0.494965 0.124552 0.00307542 -1.29873 1.76375 -0.00782025 -0.19894 -0.00324254 0.000572213 0.39044 -0.249951 -0.00124844 -0.197032 0.00133516 0.000190738 0.392729 -0.249621 0.000448977 
23 -0.00782013 0.00972748 0.234417 -1.40004 0.000190738 -0.494965 0.123789 0.00269395 -1.3056 1.76375 -0.00782025 -0.19894 -0.00324254 0.000572213 0.39044 -0.249951 -0.001248 -0.197032 0.00133516 0.000190738 0.392729 -0.249621 0.000448977 
23 -0.00782013 0.00972748 0.234417 -1.40004 0.000190738 -0.494965 0.123026 0.00269395 -1.31247 1.76375 -0.00782025 -0.19894 -0.00324254 0.000572213 0.39044 -0.249951 -0.001248 -0.197032 0.00133516 0.000190738 0.392729 -0.249621 0.000448977 
23 -0.00782013 0.00972748 0.234417 -1.40004 0.000190738 -0.494965 0.121881 0.00269395 -1.31933 1.76375 -0.00782025 -0.19894 -0.00324254 0.000572213 0.39044 -0.249951 -0.001248 -0.197032 0.00133516 0.000190738 0.392729 -0.249621 0.000448977 
23 -0.00782013 0.00972748 0.234417 -1.40004 0.000190738 -0.494965 0.120737 0.00231248 -1.32582 1.76375 -0.00782025 -0.19894 -0.00324254 0.000572213 0.39044 -0.249951 -0.001248 -0.197032 0.00133516 0.000190738 0.392729 -0.249621 0.000448977 
23 -0.00782013 0.00972748 0.234417 -1.40004 0.000190738 -0.494965 0.119974 0.00231248 -1.33268 1.76375 -0.00782025 -0.19894 -0.00324254 0.000572213 0.39044 -0.249951 -0.001248 -0.197032 0.00133516 0.000190738 0.392729 -0.249621 0.000448977 
23 -0.00782013 0.00972748 0.234417 -1.40004 0.000190738 -0.494965 0.119211 0.00231248 -1.33917 1.76375 -0.00782025 -0.19894 -0.00324254 0.000572213 0.39044 -0.249951 -0.001248 -0.197032 0.00133516 0.000190738 0.392729 -0.249621 0.000448977 
23 -0.00782013 0.00972748 0.234417 -1.40004 0.000190738 -0.494965 0.11883 0.00231248 -1.34604 1.76375 -0.00782025 -0.19894 -0.00324254 0.000572213 0.39044 -0.250115 -0.00164817 -0.197032 0.00133516 0.000190738 0.392729 -0.249621 0.000448977 
23 -0.00782013 0.00972748 0.234417 -1.40004 0.000190738 -0.494965 0.118067 0.00193095 -1.3529 1.76375 -0.00782025 -0.19894 -0.00324254 0.000572213 0.39044 -0.249951 -0.00124844 -0.197032 0.00133516 0.000190738 0.392729 -0.249621 0.000448977 
23 -0.00782013 0.00972748 0.234417 -1.40004 0.000190738 -0.494965 0.117304 0.00193095 -1.35939 1.76375 -0.00782025 -0.19894 -0.00324254 0.000572213 0.39044 -0.249951 -0.001248 -0.197032 0.00133516 0.000190738 0.392729 -0.249621 0.000448977 
23 -0.00782013 0.00972748 0.234417 -1.40004 0.000190738 -0.494965 0.116541 0.00193095 -1.36625 1.76375 -0.00782025 -0.19894 -0.00324254 0.000572213 0.39044 -0.249951 -0.001248 -0.197032 0.00133516 0.000190738 0.392729 -0.249621 0.000448977 
23 -0.00782013 0.0101089 0.234417 -1.40004 0.000190738 -0.494965 0.116159 0.00193095 -1.37274 1.76375 -0.00782025 -0.19894 -0.00324254 0.000572213 0.39044 -0.250115 -0.00164817 -0.197032 0.00133516 0.000190738 0.392729 -0.249621 0.000448977 
23 -0.00782013 0.00972748 0.234417 -1.40004 0.000190738 -0.494965 0.115396 0.00154948 -1.37961 1.76375 -0.00782025 -0.19894 -0.00324254 0.000572213 0.39044 -0.250115 -0.00164773 -0.197032 0.00133516 0.000190738 0.392729 -0.249621 0.000448977 
23 -0.00782013 0.00972748 0.234417 -1.40004 0.000190738 -0.494965 0.114633 0.00154948 -1.38609 1.76375 -0.00782025 -0.19894 -0.00324254 0.000572213 0.39044 -0.249951 -0.00124844 -0.197032 0.00133516 0.000190738 0.392729 -0.249621 0.000448977 
23 -0.00782013 0.00972748 0.234417 -1.40004 0.000190738 -0.494965 0.11387 0.00154948 -1.39258 1.76375 -0.00782025 -0.19894 -0.00324254 0.000572213 0.39044 -0.249951 -0.001248 -0.197032 0.00133516 0.000190738 0.392729 -0.249621 0.000448977 
23 -0.00782013 0.00972748 0.234417 -1.40004 0.000190738 -0.494965 0.113489 0.00154948 -1.39906 1.76375 -0.00782025 -0.19894 -0.00324254 0.000572213 0.39044 -0.249951 -0.001248 -0.197032 0.00133516 0.000190738 0.392729 -0.249621 0.000448977 
23 -0.00782013 0.00972748 0.234417 -1.40004 0.000190738 -0.494965 0.113108 0.00154948 -1.40593 1.76375 -0.00782025 -0.19894 -0.00324254 0.000572213 0.39044 -0.249951 -0.001248 -0.197032 0.00133516 0.000190738 0.392729 -0.249621 0.000448977 
23 -0.00782013 0.00972748 0.234417 -1.40004 0.000190738 -0.494965 0.112726 0.00154948 -1.41241 1.76375 -0.00782025 -0.19894 -0.00324254 0.000572213 0.39044 -0.249951 -0.001248 -0.197032 0.00133516 0.000190738 0.392729 -0.249621 0.000448977 
23 -0.00782013 0.00972748 0.234417 -1.40004 0.000190738 -0.494965 0.112345 0.00116801 -1.4189 1.76375 -0.00782025 -0.19894 -0.00324254 0.000572213 0.39044 -0.249951 -0.001248 -0.197032 0.00133516 0.000190738 0.392729 -0.249621 0.000448977 
23 -0.00782013 0.00972748 0.234417 -1.40004 0.000190738 -0.494965 0.111582 0.00116801 -1.42538 1.76375 -0.00782025 -0.19894 -0.00324254 0.000572213 0.39044 -0.249951 -0.001248 -0.197032 0.00133516 0.000190738 0.392729 -0.249621 0.000448977 
23 -0.00782013 0.00972748 0.234417 -1.40004 0.000190738 -0.494965 0.1112 0.00116801 -1.43187 1.76375 -0.00782025 -0.19894 -0.00324254 0.000572213 0.39044 -0.249951 -0.001248 -0.197032 0.00133516 0.000190738 0.392729 -0.249621 0.000448977 
23 -0.00782013 0.00972748 0.234417 -1.40004 0.000190738 -0.494965 0.110819 0.00116801 -1.43797 1.76375 -0.00782025 -0.19894 -0.00324254 0.000572213 0.39044 -0.250115 -0.00164817 -0.197032 0.00133516 0.000190738 0.392729 -0.249621 0.000448977 
23 -0.00782013 0.00972748 0.234417 -1.40004 0.000190738 -0.494965 0.110437 0.00116801 -1.44446 1.76375 -0.00782025 -0.19894 -0.00324254 0.000572213 0.39044 -0.250115 -0.00164773 -0.197032 0.00133516 0.000190738 0.392729 -0.249621 0.000448977 
23 -0.00782013 0.00972748 0.234417 -1.40004 0.000190738 -0.494965 0.110056 0.00116801 -1.45056 1.76375 -0.00782025 -0.19894 -0.00324254 0.000572213 0.39044 -0.249951 -0.00124844 -0.197032 0.00133516 0.000190738 0.392729 -0.249621 0.000448977 
23 -0.00782013 0.00972748 0.234417 -1.40004 0.000190738 -0.494965 0.109293 0.00116801 -1.45705 1.76375 -0.00782025 -0.19894 -0.00324254 0.000572213 0.39044 -0.249951 -0.001248 -0.197032 0.00133516 0.000190738 0.392729 -0.249621 0.000448977 
23 -0.00782013 0.00972748 0.234417 -1.40004 0.000190738 -0.494965 0.108911 0.00116801 -1.46277 1.76375 -0.00782025 -0.19894 -0.00324254 0.000572213 0.39044 -0.249951 -0.001248 -0.197032 0.00133516 0.000190738 0.392729 -0.249621 0.000448977 
23 -0.00782013 0.00972748 0.234417 -1.40004 0.000190738 -0.494965 0.10853 0.00116801 -1.46925 1.76375 -0.00782025 -0.19894 -0.00324254 0.000572213 0.39044 -0.249951 -0.001248 -0.197032 0.00133516 0.000190738 0.392729 -0.249621 0.000448977 
23 -0.00782013 0.00972748 0.234417 -1.40004 0.000190738 -0.494965 0.10853 0.00116801 -1.47498 1.76375 -0.00782025 -0.19894 -0.00324254 0.000572213 0.39044 -0.249951 -0.001248 -0.197032 0.00133516 0.000190738 0.392729 -0.249621 0.000448977 
23 -0.00782013 0.00972748 0.234417 -1.40004 0.000190738 -0.494965 0.108148 0.00116801 -1.48108 1.76375 -0.00782025 -0.19894 -0.00324254 0.000572213 0.39044 -0.249951 -0.001248 -0.197032 0.00133516 0.000190738 0.392729 -0.249621 0.000448977 
23 -0.00782013 0.00972748 0.234417 -1.40004 0.000190738 -0.494965 0.108148 0.00116801 -1.4868 1.76375 -0.00782025 -0.19894 -0.00324254 0.000572213 0.39044 -0.249951 -0.001248 -0.197032 0.00133516 0.000190738 0.392729 -0.249621 0.000448977 
23 -0.00782013 0.00972748 0.234417 -1.40004 0.000190738 -0.494965 0.108148 0.00116801 -1.4929 1.76375 -0.00782025 -0.19894 -0.00324254 0.000572213 0.39044 -0.249951 -0.001248 -0.197032 0.00133516 0.000190738 0.392729 -0.249621 0.000448977 
23 -0.00782013 0.00972748 0.234417 -1.40004 0.000190738 -0.494965 0.108148 0.00116801 -1.49863 1.76375 -0.00782025 -0.19894 -0.00324254 0.000572213 0.39044 -0.250115 -0.00164817 -0.197032 0.00133516 0.000190738 0.392729 -0.249621 0.000448977 
23 -0.00782013 0.0101089 0.234417 -1.40004 0.000190738 -0.494965 0.108148 0.00116801 -1.50473 1.76375 -0.00782025 -0.19894 -0.00324254 0.000572213 0.39044 -0.250115 -0.00164773 -0.197032 0.00133516 0.000190738 0.392729 -0.249621 0.000448977 
23 -0.00782013 0.00972748 0.234417 -1.40004 0.000190738 -0.494965 0.108148 0.00116801 -1.51007 1.76375 -0.00782025 -0.19894 -0.00324254 0.000572213 0.39044 -0.250115 -0.00164773 -0.197032 0.00133516 0.000190738 0.392729 -0.249621 0.000448977 
23 -0.00782013 0.00972748 0.234417 -1.40004 0.000190738 -0.494965 0.108148 0.00116801 -1.51617 1.76375 -0.00782025 -0.19894 -0.00324254 0.000572213 0.39044 -0.250115 -0.00164773 -0.197032 0.00133516 0.000190738 0.392729 -0.249621 0.000448977 
23 -0.00782013 0.00972748 0.234417 -1.40004 0.000190738 -0.494965 0.108148 0.00116801 -1.52113 1.76375 -0.00782025 -0.19894 -0.00324254 0.000572213 0.39044 -0.249951 -0.00124844 -0.197032 0.00133516 0.000190738 0.392729 -0.249621 0.000448977 
23 -0.00782013 0.00972748 0.234417 -1.40004 0.000190738 -0.494965 0.108148 0.00116801 -1.52686 1.76375 -0.00782025 -0.19894 -0.00324254 0.000572213 0.39044 -0.250115 -0.00164817 -0.197032 0.00133516 0.000190738 0.392729 -0.249621 0.000448977 
23 -0.00782013 0.00972748 0.234417 -1.40004 0.000190738 -0.494965 0.108148 0.00116801 -1.5322 1.76375 -0.00782025 -0.19894 -0.00324254 0.000572213 0.39044 -0.250115 -0.00164773 -0.197032 0.00133516 0.000190738 0.392729 -0.249621 0.000448977 
23 -0.00782013 0.00972748 0.234417 -1.40004 0.000190738 -0.494965 0.108148 0.00116801 -1.53792 1.76375 -0.00782025 -0.19894 -0.00324254 0.000572213 0.39044 -0.249951 -0.00124844 -0.197032 0.00133516 0.000190738 0.392729 -0.249621 0.000448977 
23 -0.00782013 0.00972748 0.234417 -1.40004 0.000190738 -0.494965 0.108148 0.00116801 -1.54326 1.76375 -0.00782025 -0.19894 -0.00324254 0.000572213 0.39044 -0.249951 -0.001248 -0.197032 0.00133516 0.000190738 0.392729 -0.249621 0.000448977 
23 -0.00782013 0.00972748 0.234417 -1.40004 0.000190738 -0.494965 0.108148 0.00116801 -1.54784 1.76375 -0.00782025 -0.19894 -0.00324254 0.000572213 0.39044 -0.249951 -0.001248 -0.197032 0.00133516 0.000190738 0.392729 -0.249621 0.000448977 
23 -0.00782013 0.00972748 0.234417 -1.40004 0.000190738 -0.494965 0.108148 0.00116801 -1.55356 1.76375 -0.00782025 -0.19894 -0.00324254 0.000572213 0.39044 -0.249951 -0.001248 -0.197032 0.00133516 0.000190738 0.392729 -0.249621 0.000448977 
23 -0.00782013 0.00972748 0.234417 -1.40004 0.000190738 -0.494965 0.108148 0.00116801 -1.55814 1.76375 -0.00782025 -0.19894 -0.00324254 0.000572213 0.39044 -0.249951 -0.001248 -0.197032 0.00133516 0.000190738 0.392729 -0.249621 0.000448977 
23 -0.00782013 0.00972748 0.234417 -1.40004 0.000190738 -0.494965 0.10853 0.00116801 -1.5631 1.76375 -0.00782025 -0.19894 -0.00324254 0.000572213 0.39044 -0.249951 -0.001248 -0.197032 0.00133516 0.000190738 0.392729 -0.249621 0.000448977 
23 -0.00782013 0.00972748 0.234417 -1.40004 0.000190738 -0.494965 0.10853 0.00116801 -1.56844 1.76375 -0.00782025 -0.19894 -0.00324254 0.000572213 0.39044 -0.250115 -0.00164817 -0.197032 0.00133516 0.000190738 0.392729 -0.249621 0.000448977 
23 -0.00782013 0.00972748 0.234417 -1.40004 0.000190738 -0.494965 0.10853 0.00116801 -1.57225 1.76375 -0.00782025 -0.19894 -0.00324254 0.000572213 0.39044 -0.250115 -0.00164773 -0.197032 0.00133516 0.000190738 0.392729 -0.249621 0.000448977 
23 -0.00782013 0.00972748 0.234417 -1.40004 0.000190738 -0.494965 0.108911 0.00116801 -1.57721 1.76375 -0.00782025 -0.19894 -0.00324254 0.000572213 0.39044 -0.250115 -0.00164773 -0.197032 0.00133516 0.000190738 0.392729 -0.249621 0.000448977 
23 -0.00782013 0.00972748 0.234417 -1.40004 0.000190738 -0.494965 0.108911 0.00116801 -1.58179 1.76375 -0.00782025 -0.19894 -0.00324254 0.000572213 0.39044 -0.250115 -0.00164773 -0.197032 0.00133516 0.000190738 0.392729 -0.249621 0.000448977 
23 -0.00782013 0.00972748 0.234417 -1.40004 0.000190738 -0.494965 0.109293 0.00116801 -1.58598 1.76375 -0.00782025 -0.19894 -0.00324254 0.000572213 0.39044 -0.250115 -0.00164773 -0.197032 0.00133516 0.000190738 0.392729 -0.249621 0.000448977 
23 -0.00782013 0.00972748 0.234417 -1.40004 0.000190738 -0.494965 0.109293 0.00116801 -1.59056 1.76375 -0.00782025 -0.19894 -0.00324254 0.000572213 0.39044 -0.250115 -0.00164773 -0.197032 0.00133516 0.000190738 0.392729 -0.249621 0.000448977 
23 -0.00782013 0.00972748 0.234417 -1.40004 0.000190738 -0.494965 0.109293 0.00116801 -1.59438 1.76375 -0.00782025 -0.19894 -0.00324254 0.000572213 0.39044 -0.250115 -0.00164773 -0.197032 0.00133516 0.000190738 0.392729 -0.249621 0.000448977 
23 -0.00782013 0.00972748 0.234417 -1.40004 0.000190738 -0.494965 0.109674 0.00116801 -1.59857 1.76375 -0.00782025 -0.19894 -0.00324254 0.000572213 0.39044 -0.250115 -0.00164773 -0.197032 0.00133516 0.000190738 0.392729 -0.249621 0.000448977 
23 -0.00782013 0.00972748 0.234417 -1.40004 0.000190738 -0.494965 0.109674 0.00116801 -1.60277 1.76375 -0.00782025 -0.19894 -0.00324254 0.000572213 0.39044 -0.250115 -0.00164773 -0.197032 0.00133516 0.000190738 0.392729 -0.249621 0.000448977 
23 -0.00782013 0.00972748 0.234417 -1.40004 0.000190738 -0.494965 0.110056 0.00116801 -1.60658 1.76375 -0.00782025 -0.19894 -0.00324254 0.000572213 0.39044 -0.250115 -0.00164773 -0.197032 0.00133516 0.000190738 0.392729 -0.249621 0.000448977 
23 -0.00782013 0.00972748 0.234417 -1.40004 0.000190738 -0.494965 0.110056 0.00116801 -1.61002 1.76375 -0.00782025 -0.19894 -0.00324254 0.000572213 0.39044 -0.250115 -0.00164773 -0.197032 0.00133516 0.000190738 0.392729 -0.249621 0.000448977 
23 -0.00782013 0.00972748 0.234417 -1.40004 0.000190738 -0.494965 0.110056 0.00116801 -1.61383 1.76375 -0.00782025 -0.19894 -0.00324254 0.000572213 0.39044 -0.250115 -0.00164773 -0.197032 0.00133516 0.000190738 0.392729 -0.249621 0.000448977 
23 -0.00782013 0.00972748 0.234417 -1.40004 0.000190738 -0.494965 0.110437 0.00116801 -1.61765 1.76375 -0.00782025 -0.19894 -0.00324254 0.000572213 0.39044 -0.250115 -0.00164773 -0.197032 0.00133516 0.000190738 0.392729 -0.249621 0.000448977 
23 -0.00782013 0.00972748 0.234417 -1.40004 0.000190738 -0.494965 0.110437 0.00116801 -1.6207 1.76375 -0.00782025 -0.19894 -0.00324254 0.000572213 0.39044 -0.250115 -0.00164773 -0.197032 0.00133516 0.000190738 0.392729 -0.249621 0.000448977 
23 -0.00782013 0.00972748 0.234417 -1.40004 0.000190738 -0.494965 0.110437 0.00116801 -1.62413 1.76375 -0.00782025 -0.19894 -0.00324254 0.000572213 0.39044 -0.250115 -0.00164773 -0.197032 0.00133516 0.000190738 0.392729 -0.249621 0.000448977 
23 -0.00782013 0.00972748 0.234417 -1.40004 0.000190738 -0.494965 0.110819 0.00116801 -1.62757 1.76375 -0.00782025 -0.19894 -0.00324254 0.000572213 0.39044 -0.250115 -0.00164773 -0.197032 0.00133516 0.000190738 0.392729 -0.249621 0.000448977 
23 -0.00782013 0.00972748 0.234417 -1.40004 0.000190738 -0.494965 0.110819 0.00116801 -1.63062 1.76375 -0.00782025 -0.19894 -0.00324254 0.000572213 0.39044 -0.249951 -0.00124844 -0.197032 0.00133516 0.000190738 0.392729 -0.249621 0.000448977 
23 -0.00782013 0.00972748 0.234417 -1.40004 0.000190738 -0.494965 0.1112 0.00116801 -1.63367 1.76375 -0.00782025 -0.19894 -0.00324254 0.000572213 0.39044 -0.250115 -0.00164817 -0.197032 0.00133516 0.000190738 0.392729 -0.249621 0.000448977 
23 -0.00782013 0.00972748 0.234417 -1.40004 0.000190738 -0.494965 0.1112 0.00116801 -1.63672 1.76375 -0.00782025 -0.19894 -0.00324254 0.000572213 0.39044 -0.250115 -0.00164773 -0.197032 0.00133516 0.000190738 0.392729 -0.249621 0.000448977 
23 -0.00782013 0.00972748 0.234417 -1.40004 0.000190738 -0.494965 0.111582 0.00116801 -1.63939 1.76375 -0.00782025 -0.19894 -0.00324254 0.000572213 0.39044 -0.250115 -0.00164773 -0.197032 0.00133516 0.000190738 0.392729 -0.249621 0.000448977 
23 -0.00782013 0.00972748 0.234417 -1.40004 0.000190738 -0.494965 0.111582 0.00116801 -1.64206 1.76375 -0.00782025 -0.19894 -0.00324254 0.000572213 0.39044 -0.250115 -0.00164773 -0.197032 0.00133516 0.000190738 0.392729 -0.249621 0.000448977 
23 -0.00782013 0.00972748 0.234417 -1.40004 0.000190738 -0.494965 0.111963 0.00116801 -1.64473 1.76375 -0.00820172 -0.19894 -0.00324254 0.000572213 0.39044 -0.250115 -0.00164773 -0.197032 0.00133516 0.000190738 0.392729 -0.249621 0.000448977 
23 -0.00782013 0.00972748 0.234417 -1.40004 0.000190738 -0.494965 0.111963 0.00116801 -1.64702 1.76375 -0.00820172 -0.19894 -0.00324254 0.000572213 0.39044 -0.250115 -0.00164773 -0.197032 0.00133516 0.000190738 0.392729 -0.249621 0.000448977 
23 -0.00782013 0.00972748 0.234417 -1.40004 0.000190738 -0.494965 0.112345 0.00116801 -1.64969 1.76375 -0.00820172 -0.19894 -0.00324254 0.000572213 0.39044 -0.250115 -0.00164773 -0.197032 0.00133516 0.000190738 0.392729 -0.249621 0.000448977 
23 -0.00782013 0.00972748 0.234417 -1.40004 0.000190738 -0.494965 0.112345 0.00116801 -1.6516 1.76375 -0.00820172 -0.19894 -0.00324254 0.000572213 0.39044 -0.250115 -0.00164773 -0.197032 0.00133516 0.000190738 0.392729 -0.249621 0.000448977 
23 -0.00782013 0.00972748 0.234417 -1.40004 0.000190738 -0.494965 0.112726 0.00116801 -1.65389 1.76375 -0.00820172 -0.19894 -0.00324254 0.000572213 0.39044 -0.250115 -0.00164773 -0.197032 0.00133516 0.000190738 0.392729 -0.249621 0.000448977 
23 -0.00782013 0.00972748 0.234417 -1.40004 0.000190738 -0.494965 0.113108 0.00116801 -1.65618 1.76375 -0.00820172 -0.19894 -0.00324254 0.000572213 0.39044 -0.250115 -0.00164773 -0.197032 0.00133516 0.000190738 0.392729 -0.249621 0.000448977 
23 -0.00782013 0.00972748 0.234417 -1.40004 0.000190738 -0.494965 0.113108 0.00116801 -1.6577 1.76375 -0.00820172 -0.19894 -0.00324254 0.000572213 0.39044 -0.250115 -0.00164773 -0.197032 0.00133516 0.000190738 0.392729 -0.249621 0.000448977 
23 -0.00782013 0.00972748 0.234417 -1.40004 0.000190738 -0.494965 0.113489 0.00116801 -1.65961 1.76375 -0.00820172 -0.19894 -0.00324254 0.000572213 0.39044 -0.249951 -0.00124844 -0.197032 0.00133516 0.000190738 0.392729 -0.249621 0.000448977 
23 -0.00782013 0.00972748 0.234417 -1.40004 0.000190738 -0.494965 0.11387 0.00116801 -1.66152 1.76375 -0.00820172 -0.19894 -0.00324254 0.000572213 0.39044 -0.250115 -0.00164817 -0.197032 0.00133516 0.000190738 0.392729 -0.249621 0.000448977 
23 -0.00782013 0.00972748 0.234417 -1.40004 0.000190738 -0.494965 0.114252 0.00116801 -1.66304 1.76375 -0.00820172 -0.19894 -0.00324254 0.000572213 0.39044 -0.249951 -0.00124844 -0.197032 0.00133516 0.000190738 0.392729 -0.249621 0.000448977 
23 -0.00782013 0.00972748 0.234417 -1.40004 0.000190738 -0.494965 0.114633 0.00116801 -1.66495 1.76375 -0.00820172 -0.19894 -0.00324254 0.000572213 0.39044 -0.249951 -0.001248 -0.197032 0.00133516 0.000190738 0.392729 -0.249621 0.000448977 
23 -0.00782013 0.00972748 0.234417 -1.40004 0.000190738 -0.494965 0.115015 0.00116801 -1.66609 1.76375 -0.00820172 -0.19894 -0.00324254 0.000572213 0.39044 -0.250115 -0.00164817 -0.197032 0.00133516 0.000190738 0.392729 -0.249621 0.000448977 
23 -0.00782013 0.00972748 0.234417 -1.40004 0.000190738 -0.494965 0.115778 0.00154948 -1.66762 1.76375 -0.00820172 -0.19894 -0.00324254 0.000572213 0.39044 -0.250115 -0.00164773 -0.197032 0.00133516 0.000190738 0.392729 -0.249621 0.000448977 
23 -0.00782013 0.00972748 0.234417 -1.40004 0.000190738 -0.494965 0.116159 0.00154948 -1.66876 1.76375 -0.00820172 -0.19894 -0.00324254 0.000572213 0.39044 -0.250115 -0.00164773 -0.197032 0.00133516 0.000190738 0.392729 -0.249621 0.000448977 
23 -0.00782013 0.00972748 0.234417 -1.40004 0.000190738 -0.494965 0.116541 0.00154948 -1.66953 1.76375 -0.00820172 -0.19894 -0.00324254 0.000572213 0.39044 -0.250115 -0.00164773 -0.197032 0.00133516 0.000190738 0.392729 -0.249621 0.000448977 
23 -0.00782013 0.00972748 0.234417 -1.40004 0.000190738 -0.494965 0.116922 0.00154948 -1.67067 1.76375 -0.00820172 -0.19894 -0.00324254 0.000572213 0.39044 -0.250115 -0.00164773 -0.197032 0.00133516 0.000190738 0.392729 -0.249621 0.000448977 
23 -0.00782013 0.00972748 0.234417 -1.40004 0.000190738 -0.494965 0.117685 0.00154948 -1.67144 1.76375 -0.00820172 -0.19894 -0.00324254 0.000572213 0.39044 -0.250115 -0.00164773 -0.197032 0.00133516 0.000190738 0.392729 -0.249621 0.000448977 
23 -0.00782013 0.00972748 0.234417 -1.40004 0.000190738 -0.494965 0.118067 0.00154948 -1.6722 1.76375 -0.00820172 -0.19894 -0.00324254 0.000572213 0.39044 -0.250115 -0.00164773 -0.197032 0.00133516 0.000190738 0.392729 -0.249621 0.000448977 
23 -0.00782013 0.00972748 0.234417 -1.40004 0.000190738 -0.494965 0.118448 0.00154948 -1.67296 1.76375 -0.00820172 -0.19894 -0.00324254 0.000572213 0.39044 -0.250115 -0.00164773 -0.197032 0.00133516 0.000190738 0.392729 -0.249621 0.000448977 
23 -0.00782013 0.00972748 0.234417 -1.40004 0.000190738 -0.494965 0.11883 0.00154948 -1.67372 1.76375 -0.00820172 -0.19894 -0.00324254 0.000572213 0.39044 -0.250115 -0.00164773 -0.197032 0.00133516 0.000190738 0.392729 -0.249621 0.000448977 
23 -0.00782013 0.00972748 0.234417 -1.40004 0.000190738 -0.494965 0.119211 0.00154948 -1.67411 1.76375 -0.00820172 -0.19894 -0.00324254 0.000572213 0.39044 -0.250115 -0.00164773 -0.197032 0.00133516 0.000190738 0.392729 -0.249621 0.000448977 
23 -0.00782013 0.00972748 0.234417 -1.40004 0.000190738 -0.494965 0.119593 0.00154948 -1.67449 1.76375 -0.00820172 -0.19894 -0.00324254 0.000572213 0.39044 -0.250115 -0.00164773 -0.197032 0.00133516 0.000190738 0.392729 -0.249621 0.000448977 
23 -0.00782013 0.00972748 0.234417 -1.40004 0.000190738 -0.494965 0.119974 0.00193095 -1.67487 1.76375 -0.00820172 -0.19894 -0.00324254 0.000572213 0.39044 -0.250115 -0.00164773 -0.197032 0.00133516 0.000190738 0.392729 -0.249621 0.000448977 
23 -0.00782013 0.00972748 0.234417 -1.40004 0.000190738 -0.494965 0.120737 0.00193095 -1.67487 1.76375 -0.00820172 -0.19894 -0.00324254 0.000572213 0.39044 -0.250115 -0.00164773 -0.197032 0.00133516 0.000190738 0.392729 -0.249621 0.000448977 
23 -0.00782013 0.00972748 0.234417 -1.40004 0.000190738 -0.494965 0.121881 0.00193095 -1.67487 1.76375 -0.00820172 -0.19894 -0.00324254 0.000572213 0.39044 -0.250115 -0.00164773 -0.197032 0.00133516 0.000190738 0.392729 -0.249621 0.000448977 
23 -0.00782013 0.00972748 0.234417 -1.40004 0.000190738 -0.494965 0.122644 0.00193095 -1.67487 1.76375 -0.00820172 -0.19894 -0.00324254 0.000572213 0.39044 -0.250115 -0.00164773 -0.197032 0.00133516 0.000190738 0.392729 -0.249621 0.000448977 
23 -0.00782013 0.00972748 0.234417 -1.40004 0.000190738 -0.494965 0.123026 0.00193095 -1.67487 1.76375 -0.00820172 -0.19894 -0.00324254 0.000572213 0.39044 -0.250115 -0.00164773 -0.197032 0.00133516 0.000190738 0.392729 -0.249621 0.000448977 
23 -0.00782013 0.00972748 0.234417 -1.40004 0.000190738 -0.494965 0.123789 0.00193095 -1.67449 1.76375 -0.00820172 -0.19894 -0.00324254 0.000572213 0.39044 -0.250115 -0.00164773 -0.197032 0.00133516 0.000190738 0.392729 -0.249621 0.000448977 
23 -0.00782013 0.00972748 0.234417 -1.40004 0.000190738 -0.494965 0.124552 0.00231248 -1.67411 1.76375 -0.00820172 -0.19894 -0.00324254 0.000572213 0.39044 -0.250115 -0.00164773 -0.197032 0.00133516 0.000190738 0.392729 -0.249621 0.000448977 
23 -0.00782013 0.00972748 0.234417 -1.40004 0.000190738 -0.494965 0.125315 0.00231248 -1.67372 1.76375 -0.00820172 -0.19894 -0.00324254 0.000572213 0.39044 -0.250115 -0.00164773 -0.197032 0.00133516 0.000190738 0.392729 -0.249621 0.000448977 
23 -0.00782013 0.00972748 0.234417 -1.40004 0.000190738 -0.494965 0.126078 0.00231248 -1.67334 1.76413 -0.00820172 -0.19894 -0.00324254 0.000572213 0.39044 -0.250115 -0.00164773 -0.197032 0.00133516 0.000190738 0.392729 -0.249621 0.000448977 
23 -0.00782013 0.00972748 0.234417 -1.40004 0.000190738 -0.494965 0.126841 0.00269395 -1.67258 1.76413 -0.00820172 -0.19894 -0.00324254 0.000572213 0.39044 -0.250115 -0.00164773 -0.197032 0.00133516 0.000190738 0.392729 -0.249621 0.000448977 
23 -0.00782013 0.00972748 0.234417 -1.40004 0.000190738 -0.495346 0.127985 0.00269395 -1.6722 1.76413 -0.00820172 -0.19894 -0.00324254 0.000572213 0.39044 -0.250115 -0.00164773 -0.197032 0.00133516 0.000190738 0.392729 -0.249621 0.000448977 
23 -0.00782013 0.00972748 0.234417 -1.40004 0.000190738 -0.495346 0.128748 0.00269395 -1.67144 1.76452 -0.00820172 -0.19894 -0.00324254 0.000572213 0.39044 -0.250115 -0.00164773 -0.197032 0.00133516 0.000190738 0.392729 -0.249621 0.000448977 
23 -0.00782013 0.00972748 0.234417 -1.40004 0.000190738 -0.495346 0.129892 0.00307542 -1.67067 1.76452 -0.00820172 -0.19894 -0.00324254 0.000572213 0.39044 -0.250115 -0.00164773 -0.197032 0.00133516 0.000190738 0.392729 -0.249621 0.000448977 
23 -0.00782013 0.00972748 0.234417 -1.40004 0.000190738 -0.495346 0.130655 0.00307542 -1.66991 1.76452 -0.00820172 -0.19894 -0.00324254 0.000572213 0.39044 -0.250115 -0.00164773 -0.197032 0.00133516 0.000190738 0.392729 -0.249621 0.000448977 
23 -0.00782013 0.00972748 0.234417 -1.40004 0.000190738 -0.495346 0.131418 0.00345689 -1.66876 1.7649 -0.00820172 -0.19894 -0.00324254 0.000572213 0.39044 -0.250115 -0.00164773 -0.197032 0.00133516 0.000190738 0.392729 -0.249621 0.000448977 
23 -0.00782013 0.00972748 0.234417 -1.40004 0.000190738 -0.495346 0.132181 0.00345689 -1.668 1.7649 -0.00820172 -0.19894 -0.00324254 0.000572213 0.39044 -0.250115 -0.00164773 -0.197032 0.00133516 0.000190738 0.392729 -0.249621 0.000448977 
23 -0.00782013 0.00972748 0.234417 -1.40004 0.000190738 -0.495346 0.133707 0.00383836 -1.66648 1.76528 -0.00820172 -0.19894 -0.00324254 0.000572213 0.39044 -0.250115 -0.00164773 -0.197032 0.00133516 0.000190738 0.392729 -0.249621 0.000448977 
23 -0.00782013 0.00972748 0.234417 -1.40004 0.000190738 -0.495346 0.134852 0.00421983 -1.66533 1.76528 -0.0085832 -0.19894 -0.00324254 0.000572213 0.39044 -0.250115 -0.00164773 -0.197032 0.00133516 0.000190738 0.392729 -0.249621 0.000448977 
23 -0.00782013 0.00972748 0.234417 -1.40004 0.000190738 -0.495346 0.135996 0.0046013 -1.66381 1.76566 -0.0085832 -0.19894 -0.00324254 0.000572213 0.39044 -0.250115 -0.00164773 -0.197032 0.00133516 0.000190738 0.392729 -0.249621 0.000448977 
23 -0.00782013 0.00972748 0.234417 -1.40004 0.000190738 -0.495346 0.136759 0.00498277 -1.6619 1.76566 -0.0085832 -0.19894 -0.00324254 0.000572213 0.39044 -0.250115 -0.00164773 -0.197032 0.00133516 0.000190738 0.392729 -0.249621 0.000448977 
23 -0.00782013 0.00972748 0.234417 -1.40004 0.000190738 -0.495346 0.137903 0.00498277 -1.65999 1.76604 -0.00896468 -0.19894 -0.00324254 0.000572213 0.39044 -0.250115 -0.00164773 -0.197032 0.00133516 0.000190738 0.392729 -0.249621 0.000448977 
23 -0.00782013 0.00972748 0.234417 -1.40004 0.000190738 -0.495346 0.139048 0.00536424 -1.65846 1.76604 -0.00896468 -0.19894 -0.00324254 0.000572213 0.39044 -0.250115 -0.00164773 -0.197032 0.00133516 0.000190738 0.392729 -0.249621 0.000448977 
23 -0.00782013 0.00972748 0.234417 -1.40004 0.000190738 -0.495346 0.140574 0.00536424 -1.65656 1.76604 -0.00896468 -0.19894 -0.00324254 0.000572213 0.39044 -0.250115 -0.00164773 -0.197032 0.00133516 0.000190738 0.392729 -0.249621 0.000448977 
23 -0.00782013 0.00972748 0.234417 -1.40004 0.000190738 -0.495346 0.141718 0.00574571 -1.65465 1.76642 -0.00934615 -0.19894 -0.00324254 0.000572213 0.39044 -0.250115 -0.00164773 -0.197032 0.00133516 0.000190738 0.392729 -0.249621 0.000448977 
23 -0.00782013 0.00972748 0.234417 -1.40004 0.000190738 -0.495346 0.142863 0.00574571 -1.65236 1.76642 -0.00934615 -0.19894 -0.00324254 0.000572213 0.39044 -0.250115 -0.00164773 -0.197032 0.00133516 0.000190738 0.392729 -0.249621 0.000448977 
23 -0.00782013 0.00972748 0.234417 -1.40004 0.000190738 -0.495346 0.143626 0.00612724 -1.65007 1.76642 -0.00934615 -0.19894 -0.00324254 0.000572213 0.39044 -0.250115 -0.00164773 -0.197032 0.00133516 0.000190738 0.392729 -0.249621 0.000448977 
23 -0.00782013 0.00972748 0.234417 -1.40004 0.000190738 -0.495346 0.14477 0.00612724 -1.6474 1.7668 -0.00972763 -0.19894 -0.00324254 0.000572213 0.39044 -0.250115 -0.00164773 -0.197032 0.00133516 0.000190738 0.392729 -0.249621 0.000448977 
23 -0.00782013 0.00972748 0.234417 -1.40004 0.000190738 -0.495346 0.146296 0.00650871 -1.64511 1.7668 -0.00972763 -0.19894 -0.00324254 0.000572213 0.39044 -0.250115 -0.00164773 -0.197032 0.00133516 0.000190738 0.392729 -0.249621 0.000448977 
23 -0.00782013 0.00972748 0.234417 -1.40004 0.000190738 -0.495346 0.147822 0.00689018 -1.64244 1.7668 -0.00972763 -0.19894 -0.00324254 0.000572213 0.39044 -0.250115 -0.00164773 -0.197032 0.00133516 0.000190738 0.392729 -0.249621 0.000448977 
23 -0.00782013 0.00972748 0.234417 -1.40004 0.000190738 -0.495346 0.148966 0.00689018 -1.63939 1.7668 -0.0101091 -0.19894 -0.00324254 0.000572213 0.39044 -0.250115 -0.00164773 -0.197032 0.00133516 0.000190738 0.392729 -0.249621 0.000448977 
23 -0.00782013 0.00972748 0.234417 -1.40004 0.000190738 -0.495346 0.150111 0.00727165 -1.63672 1.7668 -0.0101091 -0.19894 -0.00324254 0.000572213 0.39044 -0.250115 -0.00164773 -0.197032 0.00133516 0.000190738 0.392729 -0.249621 0.000448977 
23 -0.00782013 0.00972748 0.234417 -1.40004 0.000190738 -0.495346 0.151255 0.00765312 -1.63367 1.7668 -0.0104906 -0.19894 -0.00324254 0.000572213 0.39044 -0.250115 -0.00164773 -0.197032 0.00133516 0.000190738 0.392729 -0.249621 0.000448977 
23 -0.00782013 0.00972748 0.234417 -1.40004 0.000190738 -0.495346 0.152781 0.00803459 -1.631 1.7668 -0.0104906 -0.19894 -0.00324254 0.000572213 0.39044 -0.250115 -0.00164773 -0.197032 0.00133516 0.000190738 0.392729 -0.249621 0.000448977 
23 -0.00782013 0.00972748 0.234417 -1.40004 0.000190738 -0.495346 0.154307 0.00803459 -1.62718 1.7668 -0.0108721 -0.19894 -0.00324254 0.000572213 0.39044 -0.250115 -0.00164773 -0.197032 0.00133516 0.000190738 0.392729 -0.249621 0.000448977 
23 -0.00782013 0.00972748 0.234417 -1.40004 0.000190738 -0.495346 0.155451 0.00841606 -1.62413 1.7668 -0.0108721 -0.19894 -0.00324254 0.000572213 0.39044 -0.250115 -0.00164773 -0.197032 0.00133516 0.000190738 0.392729 -0.249621 0.000448977 
23 -0.00782013 0.00972748 0.234417 -1.40004 0.000190738 -0.495346 0.156596 0.00879753 -1.6207 1.7668 -0.0112535 -0.19894 -0.00324254 0.000572213 0.39044 -0.250115 -0.00164773 -0.197032 0.00133516 0.000190738 0.392729 -0.249621 0.000448977 
23 -0.00782013 0.00972748 0.234417 -1.40004 0.000190738 -0.495346 0.158122 0.009179 -1.61727 1.7668 -0.0112535 -0.19894 -0.00324254 0.000572213 0.39044 -0.250115 -0.00164773 -0.197032 0.00133516 0.000190738 0.392729 -0.249621 0.000448977 
23 -0.00782013 0.00972748 0.234417 -1.40004 0.000190738 -0.495346 0.160029 0.009942 -1.61345 1.7668 -0.011635 -0.19894 -0.00324254 0.000572213 0.39044 -0.250115 -0.00164773 -0.197032 0.00133516 0.000190738 0.392729 -0.249621 0.000448977 
23 -0.00782013 0.00972748 0.234417 -1.40004 0.000190738 -0.495346 0.161555 0.0103235 -1.60964 1.7668 -0.0120165 -0.19894 -0.00324254 0.000572213 0.39044 -0.250115 -0.00164773 -0.197032 0.00133516 0.000190738 0.392729 -0.249621 0.000448977 
23 -0.00782013 0.00972748 0.234417 -1.40004 0.000190738 -0.495346 0.162699 0.0107049 -1.60582 1.7668 -0.012398 -0.19894 -0.00324254 0.000572213 0.39044 -0.250115 -0.00164773 -0.197032 0.00133516 0.000190738 0.392729 -0.249621 0.000448977 
23 -0.00782013 0.00972748 0.234417 -1.40004 0.000190738 -0.495346 0.163844 0.0110864 -1.60163 1.7668 -0.0127794 -0.19894 -0.00324254 0.000572213 0.39044 -0.250115 -0.00164773 -0.197032 0.00133516 0.000190738 0.393111 -0.249621 0.000448977 
23 -0.00782013 0.00972748 0.234417 -1.40004 0.000190738 -0.495346 0.165751 0.0114679 -1.59743 1.7668 -0.0127794 -0.19894 -0.00324254 0.000572213 0.39044 -0.250115 -0.00164773 -0.197032 0.00133516 0.000190738 0.392729 -0.249621 0.000448977 
23 -0.00782013 0.00972748 0.234417 -1.40004 0.000190738 -0.495346 0.167277 0.0118493 -1.59323 1.7668 -0.0131609 -0.19894 -0.00324254 0.000572213 0.39044 -0.250115 -0.00164773 -0.197032 0.00133516 0.000190738 0.392729 -0.249621 0.000448977 
23 -0.00782013 0.00972748 0.234417 -1.40004 0.000190738 -0.495346 0.168803 0.0122308 -1.58865 1.76642 -0.0139239 -0.19894 -0.00324254 0.000572213 0.39044 -0.250115 -0.00164773 -0.197032 0.00133516 0.000190738 0.392729 -0.249621 0.000448977 
23 -0.00782013 0.00972748 0.234417 -1.40004 0.000190738 -0.495346 0.169947 0.0122308 -1.58446 1.76642 -0.0143053 -0.19894 -0.00324254 0.000572213 0.39044 -0.250115 -0.00164773 -0.197032 0.00133516 0.000190738 0.392729 -0.249621 0.000448977 
23 -0.00782013 0.00972748 0.234417 -1.40004 0.000190738 -0.495346 0.171855 0.0126123 -1.57988 1.76642 -0.0143053 -0.19894 -0.00324254 0.000572213 0.39044 -0.250115 -0.00164773 -0.197032 0.00133516 0.000190738 0.392729 -0.249621 0.000448977 
23 -0.00782013 0.00972748 0.234417 -1.40004 0.000190738 -0.495346 0.173381 0.0129938 -1.5753 1.76642 -0.0146868 -0.19894 -0.00324254 0.000572213 0.39044 -0.250115 -0.00164773 -0.197032 0.00133516 0.000190738 0.392729 -0.249621 0.000448977 
23 -0.00782013 0.00972748 0.234417 -1.40004 0.000190738 -0.495346 0.174907 0.0133752 -1.57034 1.76642 -0.0154498 -0.19894 -0.00324254 0.000572213 0.39044 -0.250115 -0.00164773 -0.197032 0.00133516 0.000190738 0.392729 -0.249621 0.000448977 
23 -0.00782013 0.00972748 0.234417 -1.40004 0.000190738 -0.495346 0.176432 0.0133752 -1.56538 1.76642 -0.0154498 -0.19894 -0.00324254 0.000572213 0.39044 -0.250115 -0.00164773 -0.197032 0.00133516 0.000190738 0.392729 -0.249621 0.000448977 
23 -0.00782013 0.00972748 0.234417 -1.40004 0.000190738 -0.495346 0.17834 0.0137567 -1.56004 1.76642 -0.0158312 -0.19894 -0.00324254 0.000572213 0.39044 -0.250115 -0.00164773 -0.197032 0.00133516 0.000190738 0.392729 -0.249621 0.000448977 
23 -0.00782013 0.00972748 0.234417 -1.40004 0.000190738 -0.495346 0.179866 0.0141382 -1.55509 1.76642 -0.0162127 -0.19894 -0.00324254 0.000572213 0.39044 -0.250115 -0.00164773 -0.197032 0.00133516 0.000190738 0.392729 -0.249621 0.000448977 
23 -0.00782013 0.00972748 0.234417 -1.40004 0.000190738 -0.495346 0.18101 0.0141382 -1.54974 1.76642 -0.0165942 -0.19894 -0.00324254 0.000572213 0.39044 -0.250115 -0.00164773 -0.197032 0.00133516 0.000190738 0.392729 -0.249621 0.000448977 
23 -0.00782013 0.00972748 0.234417 -1.40004 0.000190738 -0.495346 0.182536 0.0145197 -1.5444 1.76642 -0.0169757 -0.19894 -0.00324254 0.000572213 0.39044 -0.250115 -0.00164773 -0.197032 0.00133516 0.000190738 0.392729 -0.249621 0.000448977 
23 -0.00782013 0.00972748 0.234417 -1.40004 0.000190738 -0.495346 0.184443 0.0149012 -1.53868 1.76642 -0.0173571 -0.19894 -0.00324254 0.000572213 0.39044 -0.250115 -0.00164773 -0.197032 0.00133516 0.000190738 0.392729 -0.249621 0.000448977 
23 -0.00782013 0.00972748 0.234417 -1.40004 0.000190738 -0.495346 0.186351 0.0152826 -1.53296 1.76642 -0.0173571 -0.19894 -0.00324254 0.000572213 0.39044 -0.250115 -0.00164773 -0.197032 0.00133516 0.000190738 0.392729 -0.249621 0.000448977 
23 -0.00782013 0.00972748 0.234417 -1.40004 0.000190738 -0.495346 0.187877 0.0156641 -1.52762 1.76642 -0.0177386 -0.19894 -0.00324254 0.000572213 0.39044 -0.250115 -0.00164773 -0.197032 0.00133516 0.000190738 0.392729 -0.249621 0.000448977 
23 -0.00782013 0.00972748 0.234417 -1.40004 0.000190738 -0.495346 0.189403 0.0160456 -1.52152 1.76642 -0.0181201 -0.19894 -0.00324254 0.000572213 0.39044 -0.250115 -0.00164773 -0.197032 0.00133516 0.000190738 0.392729 -0.249621 0.000448977 
23 -0.00782013 0.00972748 0.234417 -1.40004 0.000190738 -0.495346 0.19131 0.016427 -1.51579 1.76642 -0.0181201 -0.19894 -0.00324254 0.000572213 0.39044 -0.250115 -0.00164773 -0.197032 0.00133516 0.000190738 0.392729 -0.249621 0.000448977 
23 -0.00782013 0.00972748 0.234417 -1.40004 0.000190738 -0.495346 0.192836 0.0168085 -1.50969 1.76642 -0.0185016 -0.19894 -0.00324254 0.000572213 0.39044 -0.250115 -0.00164773 -0.197032 0.00133516 0.000190738 0.392729 -0.249621 0.000448977 
23 -0.00782013 0.00972748 0.234417 -1.40004 0.000190738 -0.495346 0.194362 0.01719 -1.50359 1.76642 -0.018883 -0.19894 -0.00324254 0.000572213 0.39044 -0.250115 -0.00164773 -0.197032 0.00133516 0.000190738 0.392729 -0.249621 0.000448977 
23 -0.00782013 0.00972748 0.234417 -1.40004 0.000190738 -0.495346 0.195888 0.0175714 -1.4971 1.7668 -0.018883 -0.19894 -0.00324254 0.000572213 0.39044 -0.250115 -0.00164773 -0.197032 0.00133516 0.000190738 0.392729 -0.249621 0.000448977 
23 -0.00782013 0.00972748 0.234417 -1.40004 0.000190738 -0.495346 0.197795 0.0175714 -1.491 1.76642 -0.0192645 -0.19894 -0.00324254 0.000572213 0.39044 -0.250115 -0.00164773 -0.197032 0.00133516 0.000190738 0.392729 -0.249621 0.000448977 
23 -0.00782013 0.00972748 0.234417 -1.40004 0.000190738 -0.495346 0.199321 0.0175714 -1.48451 1.76642 -0.019646 -0.19894 -0.00324254 0.000572213 0.39044 -0.250115 -0.00164773 -0.197032 0.00133516 0.000190738 0.392729 -0.249621 0.000448977 
23 -0.00782013 0.00972748 0.234417 -1.40004 0.000190738 -0.495346 0.200847 0.017953 -1.47765 1.76642 -0.019646 -0.19894 -0.00324254 0.000572213 0.39044 -0.250115 -0.00164773 -0.197032 0.00133516 0.000190738 0.392729 -0.249621 0.000448977 
23 -0.00782013 0.00972748 0.234417 -1.40004 0.000190738 -0.495346 0.203136 0.017953 -1.47078 1.76642 -0.0200275 -0.19894 -0.00324254 0.000572213 0.39044 -0.250115 -0.00164773 -0.197032 0.00133516 0.000190738 0.392729 -0.249621 0.000448977 
23 -0.00782013 0.00972748 0.234417 -1.40004 0.000190738 -0.495346 0.204662 0.017953 -1.46429 1.76642 -0.0204089 -0.19894 -0.00324254 0.000572213 0.39044 -0.250115 -0.00164773 -0.197032 0.00133516 0.000190738 0.392729 -0.249621 0.000448977 
23 -0.00782013 0.00972748 0.234417 -1.40004 0.000190738 -0.495346 0.206188 0.017953 -1.45743 1.76642 -0.0207904 -0.19894 -0.00324254 0.000572213 0.39044 -0.250115 -0.00164773 -0.197032 0.00133516 0.000190738 0.392729 -0.249621 0.000448977 
23 -0.00782013 0.00972748 0.234417 -1.40004 0.000190738 -0.495346 0.207332 0.017953 -1.45056 1.76642 -0.0207904 -0.19894 -0.00324254 0.000572213 0.39044 -0.250115 -0.00164773 -0.197032 0.00133516 0.000190738 0.392729 -0.249621 0.000448977 
23 -0.00782013 0.00972748 0.234417 -1.40004 0.000190738 -0.495346 0.209621 0.017953 -1.44369 1.76642 -0.0211719 -0.19894 -0.00324254 0.000572213 0.39044 -0.250115 -0.00164773 -0.197032 0.00133516 0.000190738 0.392729 -0.249621 0.000448977 
23 -0.00782013 0.00972748 0.234417 -1.40004 0.000190738 -0.495346 0.211147 0.017953 -1.43645 1.76642 -0.0215534 -0.19894 -0.00324254 0.000572213 0.39044 -0.250115 -0.00164773 -0.197032 0.00133516 0.000190738 0.392729 -0.249621 0.000448977 
23 -0.00782013 0.00972748 0.234417 -1.40004 0.000190738 -0.495346 0.212673 0.017953 -1.42958 1.76642 -0.0215534 -0.19894 -0.00324254 0.000572213 0.39044 -0.250115 -0.00164773 -0.197032 0.00133516 0.000190738 0.392729 -0.249621 0.000448977 
23 -0.00782013 0.00972748 0.234417 -1.40004 0.000190738 -0.495346 0.21458 0.017953 -1.42195 1.76642 -0.0219348 -0.19894 -0.00324254 0.000572213 0.39044 -0.250115 -0.00164773 -0.197032 0.00133516 0.000190738 0.392729 -0.249621 0.000448977 
23 -0.00782013 0.00972748 0.234417 -1.40004 0.000190738 -0.495346 0.216487 0.017953 -1.4147 1.76642 -0.0219348 -0.19894 -0.00324254 0.000572213 0.39044 -0.250115 -0.00164773 -0.197032 0.00133516 0.000190738 0.392729 -0.249621 0.000448977 
23 -0.00782013 0.00972748 0.234417 -1.40004 0.000190738 -0.495346 0.218013 0.017953 -1.40745 1.76642 -0.0223163 -0.19894 -0.00324254 0.000572213 0.39044 -0.250115 -0.00164773 -0.197032 0.00133516 0.000190738 0.392729 -0.249621 0.000448977 
23 -0.00743866 0.00972748 0.234417 -1.40004 0.000190738 -0.495346 0.219158 0.017953 -1.40021 1.76642 -0.0223163 -0.19894 -0.00324254 0.000572213 0.39044 -0.250115 -0.00164773 -0.197032 0.00133516 0.000190738 0.392729 -0.249621 0.000448977 
23 -0.00782013 0.00972748 0.234417 -1.40004 0.000190738 -0.495346 0.221065 0.0175714 -1.39258 1.76642 -0.0226978 -0.19894 -0.00324254 0.000572213 0.39044 -0.250115 -0.00164773 -0.197032 0.00133516 0.000190738 0.392729 -0.249621 0.000448977 
23 -0.00782013 0.00972748 0.234798 -1.40004 0.000190738 -0.495346 0.222972 0.0175714 -1.38495 1.76642 -0.0230793 -0.19894 -0.00324254 0.000572213 0.39044 -0.250115 -0.00164773 -0.197032 0.00133516 0.000190738 0.392729 -0.249621 0.000448977 
23 -0.00782013 0.00972748 0.234798 -1.40004 0.000190738 -0.495346 0.224117 0.0175714 -1.37732 1.76642 -0.0230793 -0.19894 -0.00324254 0.000572213 0.39044 -0.250115 -0.00164773 -0.197032 0.00133516 0.000190738 0.392729 -0.249621 0.000448977 
23 -0.00782013 0.00972748 0.234798 -1.40004 0.000190738 -0.495346 0.225643 0.0175714 -1.36969 1.76642 -0.0230793 -0.19894 -0.00324254 0.000572213 0.39044 -0.250115 -0.00164773 -0.197032 0.00133516 0.000190738 0.392729 -0.249621 0.000448977 
23 -0.00782013 0.00972748 0.234798 -1.40004 0.000190738 -0.495346 0.227169 0.0175714 -1.36206 1.76642 -0.0234607 -0.19894 -0.00324254 0.000572213 0.39044 -0.250115 -0.00164773 -0.197032 0.00133516 0.000190738 0.392729 -0.249621 0.000448977 
23 -0.00782013 0.00972748 0.234798 -1.40004 0.000190738 -0.495346 0.228695 0.01719 -1.35443 1.76642 -0.0234607 -0.19894 -0.00324254 0.000572213 0.39044 -0.250115 -0.00164773 -0.197032 0.00133516 0.000190738 0.392729 -0.249621 0.000448977 
23 -0.00782013 0.00972748 0.234798 -1.40004 0.000190738 -0.495346 0.23022 0.01719 -1.34642 1.76642 -0.0234607 -0.19894 -0.00324254 0.000572213 0.39044 -0.250115 -0.00164773 -0.197032 0.00133516 0.000190738 0.392729 -0.249621 0.000448977 
23 -0.00782013 0.00972748 0.234798 -1.40004 0.000190738 -0.495346 0.231365 0.01719 -1.33879 1.76642 -0.0234607 -0.19894 -0.00324254 0.000572213 0.39044 -0.250115 -0.00164773 -0.197032 0.00133516 0.000190738 0.392729 -0.249621 0.000448977 
23 -0.00782013 0.00972748 0.234798 -1.40004 0.000190738 -0.495346 0.232509 0.0168085 -1.33116 1.76642 -0.0238422 -0.19894 -0.00324254 0.000572213 0.39044 -0.250115 -0.00164773 -0.197032 0.00133516 0.000190738 0.392729 -0.249621 0.000448977 
23 -0.00782013 0.00972748 0.23518 -1.40004 0.000190738 -0.495346 0.234417 0.0168085 -1.32315 1.76642 -0.0238422 -0.19894 -0.00324254 0.000572213 0.39044 -0.250115 -0.00164773 -0.197032 0.00133516 0.000190738 0.392729 -0.249621 0.000448977 
23 -0.00782013 0.00972748 0.23518 -1.40004 0.000190738 -0.495346 0.235561 0.016427 -1.31514 1.76642 -0.0238422 -0.19894 -0.00324254 0.000572213 0.39044 -0.250115 -0.00164773 -0.197032 0.00133516 0.000190738 0.392729 -0.249621 0.000448977 
23 -0.00782013 0.00972748 0.23518 -1.40004 0.000190738 -0.495346 0.236706 0.016427 -1.30751 1.76642 -0.0242237 -0.19894 -0.00324254 0.000572213 0.39044 -0.250115 -0.00164773 -0.197032 0.00133516 0.000190738 0.392729 -0.249621 0.000448977 
23 -0.00782013 0.00972748 0.23518 -1.40004 0.000190738 -0.495346 0.23785 0.0160456 -1.2995 1.76642 -0.0242237 -0.19894 -0.00324254 0.000572213 0.39044 -0.250115 -0.00164773 -0.197032 0.00133516 0.000190738 0.392729 -0.249621 0.000448977 
23 -0.00782013 0.00972748 0.23518 -1.40004 0.000190738 -0.495346 0.238994 0.0156641 -1.29187 1.76642 -0.0242237 -0.19894 -0.00324254 0.000572213 0.39044 -0.250115 -0.00164773 -0.197032 0.00133516 0.000190738 0.392729 -0.249621 0.000448977 
23 -0.00782013 0.00972748 0.235561 -1.40004 0.000190738 -0.495346 0.240139 0.0152826 -1.28386 1.76642 -0.0242237 -0.19894 -0.00324254 0.000572213 0.39044 -0.250115 -0.00164773 -0.197032 0.00133516 0.000190738 0.392729 -0.249621 0.000448977 
23 -0.00782013 0.00972748 0.235561 -1.40004 0.000190738 -0.495346 0.241283 0.0152826 -1.27623 1.76642 -0.0242237 -0.19894 -0.00324254 0.000572213 0.39044 -0.250115 -0.00164773 -0.197032 0.00133516 0.000190738 0.392729 -0.249621 0.000448977 
23 -0.00782013 0.00972748 0.235561 -1.40004 0.000190738 -0.495346 0.242428 0.0149012 -1.2686 1.7668 -0.0242237 -0.19894 -0.00324254 0.000572213 0.39044 -0.250115 -0.00164773 -0.197032 0.00133516 0.000190738 0.392729 -0.249621 0.000448977 
23 -0.00782013 0.00972748 0.235561 -1.40004 0.000190738 -0.495346 0.243191 0.0145197 -1.26059 1.7668 -0.0242237 -0.19894 -0.00324254 0.000572213 0.39044 -0.250115 -0.00164773 -0.197032 0.00133516 0.000190738 0.392729 -0.249621 0.000448977 
23 -0.00782013 0.00972748 0.235561 -1.40004 0.000190738 -0.495346 0.243954 0.0145197 -1.25296 1.7668 -0.0242237 -0.19894 -0.00324254 0.000572213 0.39044 -0.250115 -0.00164773 -0.197032 0.00133516 0.000190738 0.392729 -0.249621 0.000448977 
23 -0.00782013 0.00972748 0.235561 -1.40004 0.000190738 -0.495346 0.244717 0.0141382 -1.24533 1.7668 -0.0242237 -0.19894 -0.00324254 0.000572213 0.39044 -0.250115 -0.00164773 -0.197032 0.00133516 0.000190738 0.392729 -0.249621 0.000448977 
23 -0.00782013 0.00972748 0.235561 -1.40004 0.000190738 -0.495346 0.24548 0.0141382 -1.2377 1.7668 -0.0242237 -0.19894 -0.00324254 0.000572213 0.39044 -0.250115 -0.00164773 -0.197032 0.00133516 0.000190738 0.392729 -0.249621 0.000448977 
23 -0.00782013 0.00972748 0.235561 -1.40004 0.000190738 -0.495346 0.246624 0.0137567 -1.23007 1.7668 -0.0242237 -0.19894 -0.00324254 0.000572213 0.39044 -0.250115 -0.00164773 -0.197032 0.00133516 0.000190738 0.392729 -0.249621 0.000448977 
23 -0.00782013 0.00972748 0.235561 -1.40004 0.000190738 -0.495346 0.247387 0.0133752 -1.22244 1.7668 -0.0242237 -0.19894 -0.00324254 0.000572213 0.39044 -0.250115 -0.00164773 -0.197032 0.00133516 0.000190738 0.392729 -0.249621 0.000448977 
23 -0.00782013 0.00972748 0.235561 -1.40004 0.000190738 -0.495346 0.24815 0.0129938 -1.21519 1.7668 -0.0242237 -0.19894 -0.00324254 0.000572213 0.39044 -0.250115 -0.00164773 -0.197032 0.00133516 0.000190738 0.392729 -0.249621 0.000448977 
23 -0.00782013 0.00972748 0.235561 -1.40004 0.000190738 -0.495346 0.248531 0.0126123 -1.20756 1.7668 -0.0242237 -0.19894 -0.00324254 0.000572213 0.39044 -0.250115 -0.00164773 -0.197032 0.00133516 0.000190738 0.392729 -0.249621 0.000448977 
23 -0.00782013 0.00972748 0.235561 -1.40004 0.000190738 -0.495346 0.248913 0.0126123 -1.20031 1.7668 -0.0242237 -0.19894 -0.00324254 0.000572213 0.39044 -0.250115 -0.00164773 -0.197032 0.00133516 0.000190738 0.392729 -0.249621 0.000448977 
23 -0.00782013 0.00972748 0.235561 -1.40004 0.000190738 -0.495346 0.249676 0.0122308 -1.19306 1.7668 -0.0242237 -0.19894 -0.00324254 0.000572213 0.39044 -0.250115 -0.00164773 -0.197032 0.00133516 0.000190738 0.392729 -0.249621 0.000448977 
23 -0.00782013 0.00972748 0.235561 -1.40004 0.000190738 -0.495346 0.250057 0.0118493 -1.18582 1.7668 -0.0242237 -0.19894 -0.00324254 0.000572213 0.39044 -0.250115 -0.00164773 -0.197032 0.00133516 0.000190738 0.392729 -0.249621 0.000448977 
23 -0.00782013 0.00972748 0.235561 -1.40004 0.000190738 -0.495346 0.250057 0.0114679 -1.17857 1.7668 -0.0242237 -0.19894 -0.00324254 0.000572213 0.39044 -0.250115 -0.00164773 -0.197032 0.00133516 0.000190738 0.392729 -0.249621 0.000448977 
23 -0.00782013 0.00972748 0.235561 -1.40004 0.000190738 -0.495346 0.250439 0.0110864 -1.1717 1.7668 -0.0242237 -0.19894 -0.00324254 0.000572213 0.39044 -0.250115 -0.00164773 -0.197032 0.00133516 0.000190738 0.392729 -0.249621 0.000448977 
23 -0.00782013 0.00972748 0.235561 -1.40004 0.000190738 -0.495346 0.25082 0.0107049 -1.16484 1.7668 -0.0238422 -0.19894 -0.00324254 0.000572213 0.39044 -0.250115 -0.00164773 -0.197032 0.00133516 0.000190738 0.392729 -0.249621 0.000448977 
23 -0.00782013 0.00972748 0.235561 -1.40004 0.000190738 -0.495346 0.251202 0.009942 -1.15797 1.7668 -0.0238422 -0.19894 -0.00324254 0.000572213 0.39044 -0.250115 -0.00164773 -0.197032 0.00133516 0.000190738 0.392729 -0.249621 0.000448977 
23 -0.00782013 0.00972748 0.235561 -1.40004 0.000190738 -0.495346 0.251202 0.00956047 -1.15072 1.7668 -0.0238422 -0.19894 -0.00324254 0.000572213 0.39044 -0.250115 -0.00164773 -0.197032 0.00133516 0.000190738 0.392729 -0.249621 0.000448977 
23 -0.00782013 0.00972748 0.235561 -1.40004 0.000190738 -0.495346 0.251583 0.00879753 -1.14424 1.7668 -0.0238422 -0.19894 -0.00324254 0.000572213 0.39044 -0.250115 -0.00164773 -0.197032 0.00133516 0.000190738 0.392729 -0.249621 0.000448977 
23 -0.00782013 0.00972748 0.235561 -1.40004 0.000190738 -0.495346 0.251583 0.00841606 -1.13737 1.7668 -0.0234607 -0.19894 -0.00324254 0.000572213 0.39044 -0.250115 -0.00164773 -0.197032 0.00133516 0.000190738 0.392729 -0.249621 0.000448977 
23 -0.00782013 0.00972748 0.235561 -1.40004 0.000190738 -0.495346 0.251583 0.00803459 -1.13127 1.7668 -0.0234607 -0.19894 -0.00324254 0.000572213 0.39044 -0.250115 -0.00164773 -0.197032 0.00133516 0.000190738 0.392729 -0.249621 0.000448977 
23 -0.00782013 0.00972748 0.235561 -1.40004 0.000190738 -0.495346 0.251583 0.00803459 -1.1244 1.7668 -0.0234607 -0.19894 -0.00324254 0.000572213 0.39044 -0.250115 -0.00164773 -0.197032 0.00133516 0.000190738 0.392729 -0.249621 0.000448977 
23 -0.00782013 0.00972748 0.235561 -1.40004 0.000190738 -0.495346 0.251583 0.00765312 -1.1183 1.7668 -0.0230793 -0.19894 -0.00324254 0.000572213 0.39044 -0.250115 -0.00164773 -0.197032 0.00133516 0.000190738 0.392729 -0.249621 0.000448977 
23 -0.00782013 0.00972748 0.235561 -1.40004 0.000190738 -0.495346 0.251583 0.00727165 -1.11181 1.7668 -0.0230793 -0.19894 -0.00324254 0.000572213 0.39044 -0.250115 -0.00164773 -0.197032 0.00133516 0.000190738 0.392729 -0.249621 0.000448977 
23 -0.00782013 0.00972748 0.23518 -1.40004 0.000190738 -0.495346 0.251583 0.00727165 -1.10609 1.7668 -0.0226978 -0.19894 -0.00324254 0.000572213 0.39044 -0.250115 -0.00164773 -0.197032 0.00133516 0.000190738 0.392729 -0.249621 0.000448977 
23 -0.00782013 0.00972748 0.23518 -1.40004 0.000190738 -0.495346 0.251583 0.00689018 -1.09998 1.7668 -0.0226978 -0.19894 -0.00324254 0.000572213 0.39044 -0.250115 -0.00164773 -0.197032 0.00133516 0.000190738 0.392729 -0.249621 0.000448977 
23 -0.00782013 0.00972748 0.23518 -1.40004 0.000190738 -0.495346 0.251583 0.00650871 -1.09426 1.7668 -0.0223163 -0.19894 -0.00324254 0.000572213 0.39044 -0.250115 -0.00164773 -0.197032 0.00133516 0.000190738 0.392729 -0.249621 0.000448977 
23 -0.00782013 0.00972748 0.23518 -1.40004 0.000190738 -0.495346 0.251202 0.00650871 -1.08854 1.7668 -0.0223163 -0.19894 -0.00324254 0.000572213 0.39044 -0.250115 -0.00164773 -0.197032 0.00133516 0.000190738 0.392729 -0.249621 0.000448977 
23 -0.00782013 0.00972748 0.23518 -1.40004 0.000190738 -0.495346 0.251202 0.00612724 -1.08282 1.7668 -0.0219348 -0.19894 -0.00324254 0.000572213 0.39044 -0.250115 -0.00164773 -0.197032 0.00133516 0.000190738 0.392729 -0.249621 0.000448977 
23 -0.00782013 0.00972748 0.23518 -1.40004 0.000190738 -0.495346 0.251202 0.00612724 -1.07748 1.7668 -0.0215534 -0.19894 -0.00324254 0.000572213 0.39044 -0.250115 -0.00164773 -0.197032 0.00133516 0.000190738 0.392729 -0.249621 0.000448977 
23 -0.00782013 0.00972748 0.23518 -1.40004 0.000190738 -0.495346 0.25082 0.00574571 -1.07176 1.7668 -0.0215534 -0.19894 -0.00324254 0.000572213 0.39044 -0.250115 -0.00164773 -0.197032 0.00133516 0.000190738 0.392729 -0.249621 0.000448977 
23 -0.00782013 0.00972748 0.23518 -1.40004 0.000190738 -0.495346 0.25082 0.00536424 -1.06718 1.7668 -0.0211719 -0.19894 -0.00324254 0.000572213 0.39044 -0.250115 -0.00164773 -0.197032 0.00133516 0.000190738 0.392729 -0.249621 0.000448977 
23 -0.00782013 0.00972748 0.23518 -1.40004 0.000190738 -0.495346 0.250439 0.00498277 -1.06184 1.7668 -0.0211719 -0.19894 -0.00324254 0.000572213 0.39044 -0.250115 -0.00164773 -0.197032 0.00133516 0.000190738 0.392729 -0.249621 0.000448977 
23 -0.00782013 0.00972748 0.23518 -1.40004 0.000190738 -0.495346 0.250057 0.0046013 -1.05726 1.7668 -0.0207904 -0.19894 -0.00324254 0.000572213 0.39044 -0.250115 -0.00164773 -0.197032 0.00133516 0.000190738 0.392729 -0.249621 0.000448977 
23 -0.00782013 0.00972748 0.23518 -1.40004 0.000190738 -0.495346 0.250057 0.00383836 -1.0523 1.7668 -0.0204089 -0.19894 -0.00324254 0.000572213 0.39044 -0.250115 -0.00164773 -0.197032 0.00133516 0.000190738 0.392729 -0.249621 0.000448977 
23 -0.00782013 0.00972748 0.23518 -1.40004 0.000190738 -0.495346 0.249676 0.00345689 -1.04772 1.7668 -0.0204089 -0.19894 -0.00324254 0.000572213 0.39044 -0.250115 -0.00164773 -0.197032 0.00133516 0.000190738 0.392729 -0.249621 0.000448977 
23 -0.00782013 0.00972748 0.23518 -1.40004 0.000190738 -0.495346 0.249294 0.00307542 -1.04353 1.7668 -0.0204089 -0.19894 -0.00324254 0.000572213 0.39044 -0.250115 -0.00164773 -0.197032 0.00133516 0.000190738 0.392729 -0.249621 0.000448977 
23 -0.00782013 0.00972748 0.23518 -1.40004 0.000190738 -0.495346 0.248913 0.00269395 -1.03933 1.7668 -0.0200275 -0.19894 -0.00324254 0.000572213 0.39044 -0.250115 -0.00164773 -0.197032 0.00133516 0.000190738 0.392729 -0.249621 0.000448977 
23 -0.00782013 0.00972748 0.23518 -1.40004 0.000190738 -0.495346 0.248531 0.00231248 -1.03513 1.7668 -0.0200275 -0.19894 -0.00324254 0.000572213 0.39044 -0.250115 -0.00164773 -0.197032 0.00133516 0.000190738 0.392729 -0.249621 0.000448977 
23 -0.00782013 0.00972748 0.23518 -1.40004 0.000190738 -0.495346 0.24815 0.00193095 -1.0317 1.7668 -0.019646 -0.19894 -0.00324254 0.000572213 0.39044 -0.249951 -0.00124844 -0.197032 0.00133516 0.000190738 0.392729 -0.249621 0.000448977 
23 -0.00782013 0.00972748 0.23518 -1.40004 0.000190738 -0.495346 0.247768 0.00193095 -1.0275 1.7668 -0.019646 -0.19894 -0.00324254 0.000572213 0.39044 -0.250115 -0.00164817 -0.197032 0.00133516 0.000190738 0.392729 -0.249621 0.000448977 
23 -0.00782013 0.00972748 0.23518 -1.40004 0.000190738 -0.495346 0.247005 0.00154948 -1.02407 1.7668 -0.0192645 -0.19894 -0.00324254 0.000572213 0.39044 -0.250115 -0.00164773 -0.197032 0.00133516 0.000190738 0.392729 -0.249621 0.000448977 
23 -0.00782013 0.00972748 0.23518 -1.40004 0.000190738 -0.495346 0.246624 0.00116801 -1.02102 1.7668 -0.0192645 -0.19894 -0.00324254 0.000572213 0.39044 -0.250115 -0.00164773 -0.197032 0.00133516 0.000190738 0.392729 -0.249621 0.000448977 
23 -0.00782013 0.00972748 0.23518 -1.40004 0.000190738 -0.495346 0.245861 0.000786543 -1.01797 1.7668 -0.0192645 -0.19894 -0.00324254 0.000572213 0.39044 -0.249951 -0.00124844 -0.197032 0.00133516 0.000190738 0.392729 -0.249621 0.000448977 
23 -0.00782013 0.00972748 0.23518 -1.40004 0.000190738 -0.495346 0.245098 0.000405073 -1.01453 1.7668 -0.018883 -0.19894 -0.00324254 0.000572213 0.39044 -0.250115 -0.00164817 -0.197032 0.00133516 0.000190738 0.392729 -0.249621 0.000448977 
23 -0.00782013 0.00972748 0.23518 -1.40004 0.000190738 -0.495346 0.244335 2.36034e-05 -1.01186 1.7668 -0.018883 -0.19894 -0.00324254 0.000572213 0.39044 -0.250115 -0.00164773 -0.197032 0.00133516 0.000190738 0.392729 -0.249621 0.000448977 
23 -0.00782013 0.00972748 0.23518 -1.40004 0.000190738 -0.495346 0.243954 2.36034e-05 -1.00919 1.7668 -0.018883 -0.19894 -0.00324254 0.000572213 0.39044 -0.250115 -0.00164773 -0.197032 0.00133516 0.000190738 0.392729 -0.249621 0.000448977 
23 -0.00782013 0.00972748 0.23518 -1.40004 0.000190738 -0.495346 0.243191 -0.000357866 -1.00729 1.7668 -0.0185016 -0.19894 -0.00324254 0.000572213 0.39044 -0.250115 -0.00164773 -0.197032 0.00133516 0.000190738 0.392729 -0.249621 0.000448977 
23 -0.00782013 0.00972748 0.23518 -1.40004 0.000190738 -0.495346 0.242428 -0.000739336 -1.005 1.7668 -0.0185016 -0.19894 -0.00324254 0.000572213 0.39044 -0.250115 -0.00164773 -0.197032 0.00133516 0.000190738 0.392729 -0.249621 0.000448977 
23 -0.00782013 0.00972748 0.23518 -1.40004 0.000190738 -0.495346 0.241665 -0.000739336 -1.00271 1.76642 -0.0181201 -0.19894 -0.00324254 0.000572213 0.39044 -0.250115 -0.00164773 -0.197032 0.00133516 0.000190738 0.392729 -0.249621 0.000448977 
23 -0.00782013 0.00972748 0.23518 -1.40004 0.000190738 -0.495346 0.240902 -0.00112081 -1.00118 1.76642 -0.0181201 -0.19894 -0.00324254 0.000572213 0.39044 -0.250115 -0.00164773 -0.197032 0.00133516 0.000190738 0.392729 -0.249621 0.000448977 
23 -0.00782013 0.00972748 0.23518 -1.40004 0.000190738 -0.495346 0.240139 -0.00150228 -0.999275 1.76642 -0.0177386 -0.19894 -0.00324254 0.000572213 0.39044 -0.250115 -0.00164773 -0.197032 0.00133516 0.000190738 0.392729 -0.249621 0.000448977 
23 -0.00782013 0.00972748 0.23518 -1.40004 0.000190738 -0.495346 0.238994 -0.0018838 -0.998131 1.76642 -0.0177386 -0.19894 -0.00324254 0.000572213 0.39044 -0.250115 -0.00164773 -0.197032 0.00133516 0.000190738 0.392729 -0.249621 0.000448977 
23 -0.00782013 0.00972748 0.23518 -1.40004 0.000190738 -0.495346 0.23785 -0.00226527 -0.996986 1.76642 -0.0173571 -0.19894 -0.00324254 0.000572213 0.39044 -0.250115 -0.00164773 -0.197032 0.00133516 0.000190738 0.392729 -0.249621 0.000448977 
23 -0.00782013 0.00972748 0.23518 -1.40004 0.000190738 -0.495346 0.237087 -0.00264674 -0.996223 1.76604 -0.0169757 -0.19894 -0.00324254 0.000572213 0.39044 -0.250115 -0.00164773 -0.197032 0.00133516 0.000190738 0.392729 -0.249621 0.000448977 
23 -0.00782013 0.00972748 0.23518 -1.40004 0.000190738 -0.495346 0.235943 -0.00302821 -0.995842 1.76604 -0.0169757 -0.19894 -0.00324254 0.000572213 0.39044 -0.250115 -0.00164773 -0.197032 0.00133516 0.000190738 0.392729 -0.249621 0.000448977 
23 -0.00782013 0.00972748 0.23518 -1.40004 0.000190738 -0.495346 0.234798 -0.00340968 -0.99546 1.76604 -0.0165942 -0.19894 -0.00324254 0.000572213 0.39044 -0.250115 -0.00164773 -0.197032 0.00133516 0.000190738 0.392729 -0.249621 0.000448977 
23 -0.00782013 0.00972748 0.23518 -1.40004 0.000190738 -0.495346 0.233654 -0.00340968 -0.995079 1.76604 -0.0162127 -0.19894 -0.00324254 0.000572213 0.39044 -0.250115 -0.00164773 -0.197032 0.00133516 0.000190738 0.392729 -0.249621 0.000448977 
23 -0.00782013 0.00972748 0.23518 -1.40004 0.000190738 -0.495346 0.232128 -0.00379115 -0.995079 1.76566 -0.0162127 -0.19894 -0.00324254 0.000572213 0.39044 -0.250115 -0.00164773 -0.197032 0.00133516 0.000190738 0.392729 -0.249621 0.000448977 
23 -0.00782013 0.00972748 0.23518 -1.40004 0.000190738 -0.495346 0.230983 -0.00379115 -0.99546 1.76566 -0.0158312 -0.19894 -0.00324254 0.000572213 0.39044 -0.250115 -0.00164773 -0.197032 0.00133516 0.000190738 0.392729 -0.249621 0.000448977 
23 -0.00782013 0.00972748 0.23518 -1.40004 0.000190738 -0.495346 0.229839 -0.00417262 -0.995842 1.76566 -0.0154498 -0.19894 -0.00324254 0.000572213 0.39044 -0.250115 -0.00164773 -0.197032 0.00133516 0.000190738 0.392729 -0.249621 0.000448977 
23 -0.00782013 0.00972748 0.23518 -1.40004 0.000190738 -0.495346 0.228695 -0.00417262 -0.996223 1.76566 -0.0150683 -0.19894 -0.00324254 0.000572213 0.39044 -0.250115 -0.00164773 -0.197032 0.00133516 0.000190738 0.392729 -0.249621 0.000448977 
23 -0.00782013 0.00972748 0.23518 -1.40004 0.000190738 -0.495346 0.227169 -0.00455409 -0.996605 1.76566 -0.0150683 -0.19894 -0.00324254 0.000572213 0.39044 -0.250115 -0.00164773 -0.197032 0.00133516 0.000190738 0.392729 -0.249621 0.000448977 
23 -0.00782013 0.00972748 0.23518 -1.40004 0.000190738 -0.495346 0.225261 -0.00455409 -0.997368 1.76566 -0.0146868 -0.19894 -0.00324254 0.000572213 0.39044 -0.250115 -0.00164773 -0.197032 0.00133516 0.000190738 0.392729 -0.249621 0.000448977 
23 -0.00782013 0.00972748 0.23518 -1.40004 0.000190738 -0.495346 0.224117 -0.00493556 -0.998512 1.76566 -0.0143053 -0.19894 -0.00324254 0.000572213 0.39044 -0.250115 -0.00164773 -0.197032 0.00133516 0.000190738 0.392729 -0.249621 0.000448977 
23 -0.00782013 0.00972748 0.23518 -1.40004 0.000190738 -0.495346 0.222591 -0.00531703 -0.999657 1.76566 -0.0139239 -0.19894 -0.00324254 0.000572213 0.39044 -0.250115 -0.00164773 -0.197032 0.00133516 0.000190738 0.392729 -0.249621 0.000448977 
23 -0.00782013 0.00972748 0.23518 -1.40004 0.000190738 -0.495346 0.220684 -0.00531703 -1.00118 1.76566 -0.0135424 -0.19894 -0.00324254 0.000572213 0.39044 -0.250115 -0.00164773 -0.197032 0.00133516 0.000190738 0.392729 -0.249621 0.000448977 
23 -0.00782013 0.00972748 0.23518 -1.40004 0.000190738 -0.495346 0.218776 -0.00569856 -1.00271 1.76566 -0.0131609 -0.19894 -0.00324254 0.000572213 0.39044 -0.250115 -0.00164773 -0.197032 0.00133516 0.000190738 0.392729 -0.249621 0.000448977 
23 -0.00782013 0.00972748 0.23518 -1.40004 0.000190738 -0.495346 0.217632 -0.00569856 -1.00462 1.76566 -0.0127794 -0.19894 -0.00324254 0.000572213 0.39044 -0.250115 -0.00164773 -0.197032 0.00133516 0.000190738 0.392729 -0.249621 0.000448977 
23 -0.00782013 0.00972748 0.23518 -1.40004 0.000190738 -0.495346 0.216106 -0.00608003 -1.0069 1.76566 -0.012398 -0.19894 -0.00324254 0.000572213 0.39044 -0.250115 -0.00164773 -0.197032 0.00133516 0.000190738 0.392729 -0.249621 0.000448977 
23 -0.00782013 0.00972748 0.23518 -1.40004 0.000190738 -0.495346 0.214199 -0.00608003 -1.00843 1.76566 -0.0120165 -0.19894 -0.00324254 0.000572213 0.39044 -0.250115 -0.00164773 -0.197032 0.00133516 0.000190738 0.392729 -0.249621 0.000448977 
23 -0.00782013 0.00972748 0.23518 -1.40004 0.000190738 -0.495346 0.212291 -0.0064615 -1.0111 1.76566 -0.011635 -0.19894 -0.00324254 0.000572213 0.39044 -0.250115 -0.00164773 -0.197032 0.00133516 0.000190738 0.392729 -0.249621 0.000448977 
23 -0.00782013 0.00972748 0.23518 -1.40004 0.000190738 -0.495346 0.210765 -0.0064615 -1.01339 1.76566 -0.0112535 -0.19894 -0.00324254 0.000572213 0.39044 -0.250115 -0.00164773 -0.197032 0.00133516 0.000190738 0.392729 -0.249621 0.000448977 
23 -0.00782013 0.00972748 0.23518 -1.40004 0.000190738 -0.495346 0.208858 -0.00684297 -1.01606 1.76566 -0.0108721 -0.19894 -0.00324254 0.000572213 0.39044 -0.250115 -0.00164773 -0.197032 0.00133516 0.000190738 0.392729 -0.249621 0.000448977 
23 -0.00743866 0.00972748 0.23518 -1.40004 0.000190738 -0.495346 0.20695 -0.00684297 -1.01911 1.76566 -0.0104906 -0.19894 -0.00324254 0.000572213 0.39044 -0.250115 -0.00164773 -0.197032 0.00133516 0.000190738 0.392729 -0.249621 0.000448977 
23 -0.00782013 0.00972748 0.23518 -1.40004 0.000190738 -0.495346 0.205425 -0.00722444 -1.02178 1.76566 -0.0101091 -0.19894 -0.00324254 0.000572213 0.39044 -0.250115 -0.00164773 -0.197032 0.00133516 0.000190738 0.392729 -0.249621 0.000448977 
23 -0.00782013 0.00972748 0.23518 -1.40004 0.000190738 -0.495346 0.203899 -0.00722444 -1.02483 1.76566 -0.00972763 -0.19894 -0.00324254 0.000572213 0.39044 -0.250115 -0.00164773 -0.197032 0.00133516 0.000190738 0.392729 -0.249621 0.000448977 
23 -0.00782013 0.00972748 0.23518 -1.40004 0.000190738 -0.495346 0.20161 -0.00760591 -1.02789 1.76566 -0.00934615 -0.19894 -0.00324254 0.000572213 0.39044 -0.250115 -0.00164773 -0.197032 0.00133516 0.000190738 0.392729 -0.249621 0.000448977 
23 -0.00782013 0.00972748 0.23518 -1.40004 0.000190738 -0.495346 0.200084 -0.00798738 -1.0317 1.76566 -0.00896468 -0.19894 -0.00324254 0.000572213 0.39044 -0.250115 -0.00164773 -0.197032 0.00133516 0.000190738 0.392729 -0.249621 0.000448977 
23 -0.00782013 0.00972748 0.23518 -1.40004 0.000190738 -0.495346 0.198558 -0.00836885 -1.03475 1.76566 -0.0085832 -0.19894 -0.00324254 0.000572213 0.39044 -0.250115 -0.00164773 -0.197032 0.00133516 0.000190738 0.392729 -0.249621 0.000448977 
23 -0.00782013 0.00972748 0.23518 -1.40004 0.000190738 -0.495346 0.196651 -0.00875032 -1.03857 1.76566 -0.00820172 -0.19894 -0.00324254 0.000572213 0.39044 -0.250115 -0.00164773 -0.197032 0.00133516 0.000190738 0.392729 -0.249621 0.000448977 
23 -0.00782013 0.00972748 0.23518 -1.40004 0.000190738 -0.495346 0.194362 -0.00913179 -1.04238 1.76566 -0.00782025 -0.19894 -0.00324254 0.000572213 0.39044 -0.250115 -0.00164773 -0.197032 0.00133516 0.000190738 0.392729 -0.249621 0.000448977 
23 -0.00782013 0.00972748 0.23518 -1.40004 0.000190738 -0.495346 0.193217 -0.00951326 -1.0462 1.76566 -0.00743877 -0.19894 -0.00324254 0.000572213 0.39044 -0.250115 -0.00164773 -0.197032 0.00133516 0.000190738 0.392729 -0.249621 0.000448977 
23 -0.00782013 0.00972748 0.23518 -1.40004 0.000190738 -0.495346 0.19131 -0.00989479 -1.05001 1.76566 -0.0070573 -0.19894 -0.00324254 0.000572213 0.39044 -0.250115 -0.00164773 -0.197032 0.00133516 0.000190738 0.392729 -0.249621 0.000448977 
23 -0.00782013 0.00972748 0.23518 -1.40004 0.000190738 -0.495346 0.189403 -0.0102763 -1.05459 1.76528 -0.00667582 -0.19894 -0.00324254 0.000572213 0.39044 -0.250115 -0.00164773 -0.197032 0.00133516 0.000190738 0.392729 -0.249621 0.000448977 
23 -0.00782013 0.00972748 0.23518 -1.40004 0.000190738 -0.495346 0.187877 -0.0106577 -1.05879 1.76528 -0.00629435 -0.19894 -0.00324254 0.000572213 0.39044 -0.250115 -0.00164773 -0.197032 0.00133516 0.000190738 0.392729 -0.249621 0.000448977 
23 -0.00782013 0.00972748 0.23518 -1.40004 0.000190738 -0.495346 0.186351 -0.0106577 -1.06298 1.76528 -0.00591287 -0.19894 -0.00324254 0.000572213 0.39044 -0.250115 -0.00164773 -0.197032 0.00133516 0.000190738 0.392729 -0.249621 0.000448977 
23 -0.00782013 0.00972748 0.23518 -1.40004 0.000190738 -0.495346 0.184443 -0.0110392 -1.06756 1.76528 -0.0055314 -0.19894 -0.00324254 0.000572213 0.39044 -0.250115 -0.00164773 -0.197032 0.00133516 0.000190738 0.392729 -0.249621 0.000448977 
23 -0.00782013 0.00972748 0.23518 -1.40004 0.000190738 -0.495346 0.182536 -0.0114207 -1.07176 1.76528 -0.0055314 -0.19894 -0.00324254 0.000572213 0.39044 -0.250115 -0.00164773 -0.197032 0.00133516 0.000190738 0.392729 -0.249621 0.000448977 
23 -0.00782013 0.00972748 0.23518 -1.40004 0.000190738 -0.495346 0.18101 -0.0118021 -1.07671 1.76528 -0.00514992 -0.19894 -0.00324254 0.000572213 0.39044 -0.250115 -0.00164773 -0.197032 0.00133516 0.000190738 0.392729 -0.249621 0.000448977 
23 -0.00782013 0.00972748 0.23518 -1.40004 0.000190738 -0.495346 0.179484 -0.0121836 -1.08167 1.76528 -0.00476844 -0.19894 -0.00324254 0.000572213 0.39044 -0.250115 -0.00164773 -0.197032 0.00133516 0.000190738 0.392729 -0.249621 0.000448977 
23 -0.00782013 0.00972748 0.23518 -1.40004 0.000190738 -0.495346 0.17834 -0.0125651 -1.08587 1.7649 -0.00476844 -0.19894 -0.00324254 0.000572213 0.39044 -0.250115 -0.00164773 -0.197032 0.00133516 0.000190738 0.392729 -0.249621 0.000448977 
23 -0.00782013 0.00972748 0.23518 -1.40004 0.000190738 -0.495346 0.176432 -0.0129465 -1.09121 1.7649 -0.00476844 -0.19894 -0.00324254 0.000572213 0.39044 -0.250115 -0.00164773 -0.197032 0.00133516 0.000190738 0.392729 -0.249621 0.000448977 
23 -0.00782013 0.00972748 0.23518 -1.40004 0.000190738 -0.495346 0.174907 -0.013328 -1.09617 1.76452 -0.00438697 -0.19894 -0.00324254 0.000572213 0.39044 -0.250115 -0.00164773 -0.197032 0.00133516 0.000190738 0.392729 -0.249621 0.000448977 
23 -0.00782013 0.00972748 0.234798 -1.40004 0.000190738 -0.495346 0.173381 -0.0137095 -1.10113 1.76413 -0.00438697 -0.19894 -0.00324254 0.000572213 0.39044 -0.250115 -0.00164773 -0.197032 0.00133516 0.000190738 0.392729 -0.249621 0.000448977 
23 -0.00782013 0.00972748 0.234798 -1.40004 0.000190738 -0.495346 0.171473 -0.014091 -1.10647 1.76413 -0.00438697 -0.19894 -0.00324254 0.000572213 0.39044 -0.250115 -0.00164773 -0.197032 0.00133516 0.000190738 0.392729 -0.249621 0.000448977 
23 -0.00782013 0.00972748 0.234798 -1.40004 0.000190738 -0.495346 0.169566 -0.0144725 -1.11143 1.76375 -0.00438697 -0.19894 -0.00324254 0.000572213 0.39044 -0.250115 -0.00164773 -0.197032 0.00133516 0.000190738 0.392729 -0.249621 0.000448977 
23 -0.00782013 0.00972748 0.234798 -1.40004 0.000190738 -0.495346 0.168421 -0.014854 -1.11677 1.76375 -0.00438697 -0.19894 -0.00324254 0.000572213 0.39044 -0.250115 -0.00164773 -0.197032 0.00133516 0.000190738 0.392729 -0.249621 0.000448977 
23 -0.00782013 0.00972748 0.234798 -1.40004 0.000190738 -0.495346 0.167277 -0.0152354 -1.12211 1.76337 -0.00438697 -0.19894 -0.00324254 0.000572213 0.39044 -0.250115 -0.00164773 -0.197032 0.00133516 0.000190738 0.392729 -0.249621 0.000448977 
23 -0.00782013 0.00972748 0.234798 -1.40004 0.000190738 -0.495346 0.165751 -0.0156169 -1.12745 1.76299 -0.00438697 -0.19894 -0.00324254 0.000572213 0.39044 -0.250115 -0.00164773 -0.197032 0.00133516 0.000190738 0.392729 -0.249621 0.000448977 
23 -0.00782013 0.00972748 0.234798 -1.40004 0.000190738 -0.495346 0.163844 -0.0159984 -1.13317 1.76299 -0.00438697 -0.19894 -0.00324254 0.000572213 0.39044 -0.250115 -0.00164773 -0.197032 0.00133516 0.000190738 0.392729 -0.249621 0.000448977 
23 -0.00782013 0.00972748 0.234798 -1.40004 0.000190738 -0.495346 0.162699 -0.0163798 -1.1389 1.76261 -0.00438697 -0.19894 -0.00324254 0.000572213 0.39044 -0.250115 -0.00164773 -0.197032 0.00133516 0.000190738 0.392729 -0.249621 0.000448977 
23 -0.00782013 0.00972748 0.234798 -1.40004 0.000190738 -0.495346 0.161173 -0.0167613 -1.14424 1.76261 -0.00438697 -0.19894 -0.00324254 0.000572213 0.39044 -0.250115 -0.00164773 -0.197032 0.00133516 0.000190738 0.392729 -0.249621 0.000448977 
23 -0.00782013 0.00972748 0.234417 -1.40004 0.000190738 -0.495346 0.160029 -0.0167613 -1.14996 1.76223 -0.00438697 -0.19894 -0.00324254 0.000572213 0.39044 -0.250115 -0.00164773 -0.197032 0.00133516 0.000190738 0.392729 -0.249621 0.000448977 
23 -0.00782013 0.00972748 0.234417 -1.40004 0.000190738 -0.495346 0.158122 -0.0171428 -1.15568 1.76223 -0.00438697 -0.19894 -0.00324254 0.000572213 0.39044 -0.250115 -0.00164773 -0.197032 0.00133516 0.000190738 0.392729 -0.249621 0.000448977 
23 -0.00782013 0.00972748 0.234417 -1.40004 0.000190738 -0.495346 0.156596 -0.0175243 -1.1614 1.76223 -0.00438697 -0.19894 -0.00324254 0.000572213 0.39044 -0.250115 -0.00164773 -0.197032 0.00133516 0.000190738 0.392729 -0.249621 0.000448977 
23 -0.00782013 0.00972748 0.234417 -1.40004 0.000190738 -0.495346 0.155451 -0.0179058 -1.16751 1.76184 -0.00438697 -0.19894 -0.00324254 0.000572213 0.39044 -0.250115 -0.00164773 -0.197032 0.00133516 0.000190738 0.392729 -0.249621 0.000448977 
23 -0.00782013 0.00972748 0.234417 -1.40004 0.000190738 -0.495346 0.154307 -0.0179058 -1.17323 1.76184 -0.00438697 -0.19894 -0.00324254 0.000572213 0.39044 -0.250115 -0.00164773 -0.197032 0.00133516 0.000190738 0.392729 -0.249621 0.000448977 
23 -0.00782013 0.00972748 0.234417 -1.40004 0.000190738 -0.495346 0.152781 -0.0182872 -1.17933 1.76146 -0.00438697 -0.19894 -0.00324254 0.000572213 0.39044 -0.250115 -0.00164773 -0.197032 0.00133516 0.000190738 0.392729 -0.249621 0.000448977 
23 -0.00782013 0.00972748 0.234417 -1.40004 0.000190738 -0.495346 0.151255 -0.0182872 -1.18505 1.76146 -0.00438697 -0.19894 -0.00324254 0.000572213 0.39044 -0.250115 -0.00164773 -0.197032 0.00133516 0.000190738 0.392729 -0.249621 0.000448977 
23 -0.00782013 0.00972748 0.234035 -1.40004 0.000190738 -0.495346 0.150111 -0.0186687 -1.19078 1.76146 -0.00438697 -0.19894 -0.00324254 0.000572213 0.39044 -0.250115 -0.00164773 -0.197032 0.00133516 0.000190738 0.392729 -0.249621 0.000448977 
23 -0.00782013 0.00972748 0.234035 -1.40004 0.000190738 -0.495346 0.148585 -0.0186687 -1.19688 1.76146 -0.00438697 -0.19894 -0.00324254 0.000572213 0.39044 -0.250115 -0.00164773 -0.197032 0.00133516 0.000190738 0.392729 -0.249621 0.000448977 
23 -0.00782013 0.00972748 0.234035 -1.40004 0.000190738 -0.495346 0.14744 -0.0190502 -1.20336 1.76108 -0.00438697 -0.19894 -0.00324254 0.000572213 0.39044 -0.250115 -0.00164773 -0.197032 0.00133516 0.000190738 0.392729 -0.249621 0.000448977 
23 -0.00782013 0.00972748 0.234035 -1.40004 0.000190738 -0.495346 0.145914 -0.0190502 -1.20909 1.76108 -0.00438697 -0.19894 -0.00324254 0.000572213 0.39044 -0.250115 -0.00164773 -0.197032 0.00133516 0.000190738 0.392729 -0.249621 0.000448977 
23 -0.00782013 0.00972748 0.233654 -1.40004 0.000190738 -0.495346 0.144388 -0.0194317 -1.21519 1.7607 -0.00438697 -0.19894 -0.00324254 0.000572213 0.39044 -0.250115 -0.00164773 -0.197032 0.00133516 0.000190738 0.392729 -0.249621 0.000448977 
23 -0.00782013 0.00972748 0.233654 -1.40004 0.000190738 -0.495346 0.143626 -0.0194317 -1.22129 1.7607 -0.00438697 -0.19894 -0.00324254 0.000572213 0.39044 -0.250115 -0.00164773 -0.197032 0.00133516 0.000190738 0.392729 -0.249621 0.000448977 
23 -0.00782013 0.00972748 0.233654 -1.40004 0.000190738 -0.495346 0.1421 -0.0198131 -1.2274 1.76032 -0.00476844 -0.19894 -0.00324254 0.000572213 0.39044 -0.250115 -0.00164773 -0.197032 0.00133516 0.000190738 0.392729 -0.249621 0.000448977 
23 -0.00782013 0.00972748 0.233654 -1.40004 0.000190738 -0.495346 0.140955 -0.0201946 -1.23388 1.76032 -0.00476844 -0.19894 -0.00324254 0.000572213 0.39044 -0.250115 -0.00164773 -0.197032 0.00133516 0.000190738 0.392729 -0.249621 0.000448977 
23 -0.00782013 0.00972748 0.233272 -1.40004 0.000190738 -0.495346 0.139429 -0.0205761 -1.23999 1.75994 -0.00476844 -0.19894 -0.00324254 0.000572213 0.39044 -0.250115 -0.00164773 -0.197032 0.00133516 0.000190738 0.392729 -0.249621 0.000448977 
23 -0.00782013 0.00972748 0.233272 -1.40004 0.000190738 -0.495346 0.138285 -0.0209575 -1.24609 1.75994 -0.00476844 -0.19894 -0.00324254 0.000572213 0.39044 -0.250115 -0.00164773 -0.197032 0.00133516 0.000190738 0.392729 -0.249621 0.000448977 
23 -0.00782013 0.00972748 0.233272 -1.40004 0.000190738 -0.495346 0.13714 -0.0209575 -1.25257 1.75956 -0.00514992 -0.19894 -0.00324254 0.000572213 0.39044 -0.250115 -0.00164773 -0.197032 0.00133516 0.000190738 0.392729 -0.249621 0.000448977 
23 -0.00782013 0.00972748 0.233272 -1.40004 0.000190738 -0.495346 0.136378 -0.0213391 -1.25868 1.75956 -0.00514992 -0.19894 -0.00324254 0.000572213 0.39044 -0.250115 -0.00164773 -0.197032 0.00133516 0.000190738 0.392729 -0.249621 0.000448977 
23 -0.00782013 0.00972748 0.233272 -1.40004 0.000190738 -0.495346 0.135233 -0.0217205 -1.26478 1.75917 -0.00514992 -0.19894 -0.00324254 0.000572213 0.39044 -0.250115 -0.00164773 -0.197032 0.00133516 0.000190738 0.392729 -0.249621 0.000448977 
23 -0.00782013 0.00972748 0.233272 -1.40004 0.000190738 -0.495346 0.134089 -0.022102 -1.27089 1.75879 -0.00514992 -0.19894 -0.00324254 0.000572213 0.39044 -0.250115 -0.00164773 -0.197032 0.00133516 0.000190738 0.392729 -0.249621 0.000448977 
23 -0.00782013 0.00972748 0.233272 -1.40004 0.000190738 -0.495346 0.132563 -0.0224835 -1.27699 1.75841 -0.0055314 -0.19894 -0.00324254 0.000572213 0.39044 -0.250115 -0.00164773 -0.197032 0.00133516 0.000190738 0.392729 -0.249621 0.000448977 
23 -0.00782013 0.00972748 0.232891 -1.40004 0.000190738 -0.495346 0.1318 -0.0228649 -1.28347 1.75841 -0.0055314 -0.19894 -0.00324254 0.000572213 0.39044 -0.250115 -0.00164773 -0.197032 0.00133516 0.000190738 0.392729 -0.249621 0.000448977 
23 -0.00782013 0.00972748 0.232891 -1.40004 0.000190738 -0.495346 0.131037 -0.0228649 -1.28958 1.75803 -0.0055314 -0.19894 -0.00324254 0.000572213 0.39044 -0.250115 -0.00164773 -0.197032 0.00133516 0.000190738 0.392729 -0.249621 0.000448977 
23 -0.00782013 0.00972748 0.232891 -1.40004 0.000190738 -0.495346 0.129892 -0.0232464 -1.29568 1.75765 -0.00591287 -0.19894 -0.00324254 0.000572213 0.39044 -0.250115 -0.00164773 -0.197032 0.00133516 0.000190738 0.392729 -0.249621 0.000448977 
23 -0.00782013 0.00972748 0.232891 -1.40004 0.000190738 -0.495346 0.129129 -0.0232464 -1.30179 1.75727 -0.00591287 -0.19894 -0.00324254 0.000572213 0.39044 -0.250115 -0.00164773 -0.197032 0.00133516 0.000190738 0.392729 -0.249621 0.000448977 
23 -0.00782013 0.00972748 0.232891 -1.40004 0.000190738 -0.495346 0.128367 -0.0236279 -1.30827 1.75689 -0.00629435 -0.19894 -0.00324254 0.000572213 0.39044 -0.250115 -0.00164773 -0.197032 0.00133516 0.000190738 0.392729 -0.249621 0.000448977 
23 -0.00782013 0.00972748 0.232891 -1.40004 0.000190738 -0.495346 0.127222 -0.0236279 -1.31437 1.7565 -0.00629435 -0.19894 -0.00324254 0.000572213 0.39044 -0.250115 -0.00164773 -0.197032 0.00133516 0.000190738 0.392729 -0.249621 0.000448977 
23 -0.00782013 0.00972748 0.232891 -1.40004 0.000190738 -0.495346 0.126078 -0.0240093 -1.32048 1.75612 -0.00629435 -0.19894 -0.00324254 0.000572213 0.39044 -0.250115 -0.00164773 -0.197032 0.00133516 0.000190738 0.392729 -0.249621 0.000448977 
23 -0.00782013 0.00972748 0.232891 -1.40004 0.000190738 -0.495346 0.125315 -0.0243908 -1.32658 1.75574 -0.00667582 -0.19894 -0.00324254 0.000572213 0.39044 -0.250115 -0.00164773 -0.197032 0.00133516 0.000190738 0.392729 -0.249621 0.000448977 
23 -0.00782013 0.00972748 0.232891 -1.40004 0.000190738 -0.495346 0.124552 -0.0247723 -1.33307 1.75498 -0.00667582 -0.19894 -0.00324254 0.000572213 0.39044 -0.250115 -0.00164773 -0.197032 0.00133516 0.000190738 0.392729 -0.249621 0.000448977 
23 -0.00782013 0.00972748 0.232891 -1.40004 0.000190738 -0.495346 0.123789 -0.0251538 -1.33917 1.75422 -0.0070573 -0.19894 -0.00324254 0.000572213 0.39044 -0.250115 -0.00164773 -0.197032 0.00133516 0.000190738 0.392729 -0.249621 0.000448977 
23 -0.00782013 0.00972748 0.232891 -1.40004 0.000190738 -0.495346 0.123407 -0.0251538 -1.34527 1.75307 -0.0070573 -0.19894 -0.00324254 0.000572213 0.39044 -0.250115 -0.00164773 -0.197032 0.00133516 0.000190738 0.392729 -0.249621 0.000448977 
23 -0.00782013 0.00972748 0.232891 -1.40004 0.000190738 -0.495346 0.122644 -0.0255353 -1.351 1.75231 -0.0070573 -0.19894 -0.00324254 0.000572213 0.39044 -0.250115 -0.00164773 -0.197032 0.00133516 0.000190738 0.392729 -0.249621 0.000448977 
23 -0.00782013 0.00972748 0.232891 -1.40004 0.000190738 -0.495346 0.1215 -0.0255353 -1.3571 1.75154 -0.00743877 -0.19894 -0.00324254 0.000572213 0.39044 -0.250115 -0.00164773 -0.197032 0.00133516 0.000190738 0.392729 -0.249621 0.000448977 
23 -0.00782013 0.00972748 0.232891 -1.40004 0.000190738 -0.495346 0.120737 -0.0259168 -1.3632 1.75116 -0.00743877 -0.19894 -0.00324254 0.000572213 0.39044 -0.250115 -0.00164773 -0.197032 0.00133516 0.000190738 0.392729 -0.249621 0.000448977 
23 -0.00782013 0.00972748 0.232891 -1.40004 0.000190738 -0.495346 0.119974 -0.0262982 -1.36931 1.7504 -0.00782025 -0.19894 -0.00324254 0.000572213 0.39044 -0.250115 -0.00164773 -0.197032 0.00133516 0.000190738 0.392729 -0.249621 0.000448977 
23 -0.00743866 0.00972748 0.232891 -1.40004 0.000190738 -0.495346 0.119593 -0.0270612 -1.37503 1.74964 -0.00782025 -0.19894 -0.00324254 0.000572213 0.39044 -0.250115 -0.00164773 -0.197032 0.00133516 0.000190738 0.392729 -0.249621 0.000448977 
23 -0.00782013 0.00972748 0.232891 -1.40004 0.000190738 -0.495346 0.119211 -0.0274426 -1.38113 1.74887 -0.00782025 -0.19894 -0.00324254 0.000572213 0.39044 -0.250115 -0.00164773 -0.197032 0.00133516 0.000190738 0.392729 -0.249621 0.000448977 
23 -0.00782013 0.00972748 0.232891 -1.40004 0.000190738 -0.495346 0.11883 -0.0278241 -1.38685 1.74811 -0.00820172 -0.19894 -0.00324254 0.000572213 0.39044 -0.250115 -0.00164773 -0.197032 0.00133516 0.000190738 0.392729 -0.249621 0.000448977 
23 -0.00782013 0.00972748 0.232891 -1.40004 0.000190738 -0.495346 0.118067 -0.028587 -1.39296 1.74697 -0.00820172 -0.19894 -0.00324254 0.000572213 0.39044 -0.250115 -0.00164773 -0.197032 0.00133516 0.000190738 0.392729 -0.249621 0.000448977 
23 -0.00782013 0.00972748 0.232891 -1.40004 0.000190738 -0.495346 0.117304 -0.028587 -1.3983 1.7462 -0.00820172 -0.19894 -0.00324254 0.000572213 0.39044 -0.250115 -0.00164773 -0.197032 0.00133516 0.000190738 0.392729 -0.249621 0.000448977 
23 -0.00782013 0.00972748 0.232891 -1.40004 0.000190738 -0.495346 0.116922 -0.0289685 -1.4044 1.74544 -0.0085832 -0.19894 -0.00324254 0.000572213 0.39044 -0.250115 -0.00164773 -0.197032 0.00133516 0.000190738 0.392729 -0.249621 0.000448977 
23 -0.00782013 0.00972748 0.232891 -1.40004 0.000190738 -0.495346 0.116541 -0.02935 -1.41051 1.74468 -0.0085832 -0.19894 -0.00324254 0.000572213 0.39044 -0.250115 -0.00164773 -0.197032 0.00133516 0.000190738 0.392729 -0.249621 0.000448977 
23 -0.00782013 0.00972748 0.232891 -1.40004 0.000190738 -0.495346 0.116159 -0.02935 -1.41623 1.74392 -0.0085832 -0.19894 -0.00324254 0.000572213 0.39044 -0.250115 -0.00164773 -0.197032 0.00133516 0.000190738 0.392729 -0.249621 0.000448977 
23 -0.00782013 0.00972748 0.232891 -1.40004 0.000190738 -0.495346 0.115396 -0.0297315 -1.42195 1.74315 -0.00896468 -0.19894 -0.00324254 0.000572213 0.39044 -0.250115 -0.00164773 -0.197032 0.00133516 0.000190738 0.392729 -0.249621 0.000448977 
23 -0.00782013 0.00972748 0.232891 -1.40004 0.000190738 -0.495346 0.115015 -0.0297315 -1.42767 1.74239 -0.00896468 -0.19894 -0.00324254 0.000572213 0.39044 -0.250115 -0.00164773 -0.197032 0.00133516 0.000190738 0.393111 -0.249621 0.000448977 
23 -0.00782013 0.00972748 0.232891 -1.40004 0.000190738 -0.495346 0.114633 -0.0297315 -1.43301 1.74125 -0.00896468 -0.19894 -0.00324254 0.000572213 0.39044 -0.250115 -0.00164773 -0.197032 0.00133516 0.000190738 0.392729 -0.249621 0.000448977 
23 -0.00782013 0.00972748 0.232891 -1.40004 0.000190738 -0.495346 0.114252 -0.030113 -1.43874 1.7401 -0.00896468 -0.19894 -0.00324254 0.000572213 0.39044 -0.250115 -0.00164773 -0.197032 0.00133516 0.000190738 0.392729 -0.249621 0.000448977 
23 -0.00782013 0.00972748 0.232891 -1.40004 0.000190738 -0.495346 0.11387 -0.030113 -1.44446 1.73896 -0.00934615 -0.19894 -0.00324254 0.000572213 0.39044 -0.250115 -0.00164773 -0.197032 0.00133516 0.000190738 0.392729 -0.249621 0.000448977 
23 -0.00782013 0.00972748 0.232891 -1.40004 0.000190738 -0.495346 0.11387 -0.0304945 -1.45018 1.73819 -0.00934615 -0.19894 -0.00324254 0.000572213 0.39044 -0.250115 -0.00164773 -0.197032 0.00133516 0.000190738 0.392729 -0.249621 0.000448977 
23 -0.00782013 0.00972748 0.232891 -1.40004 0.000190738 -0.495346 0.113489 -0.0304945 -1.45552 1.73743 -0.00934615 -0.19894 -0.00324254 0.000572213 0.39044 -0.250115 -0.00164773 -0.197032 0.00133516 0.000190738 0.392729 -0.249621 0.000448977 
23 -0.00782013 0.00972748 0.232891 -1.40004 0.000190738 -0.495346 0.113489 -0.0308759 -1.46086 1.73667 -0.00934615 -0.19894 -0.00324254 0.000572213 0.39044 -0.250115 -0.00164773 -0.197032 0.00133516 0.000190738 0.392729 -0.249621 0.000448977 
23 -0.00782013 0.00972748 0.232891 -1.40004 0.000190738 -0.495346 0.113108 -0.0308759 -1.4662 1.73552 -0.00934615 -0.19894 -0.00324254 0.000572213 0.39044 -0.250115 -0.00164773 -0.197032 0.00133516 0.000190738 0.392729 -0.249621 0.000448977 
23 -0.00782013 0.00972748 0.232891 -1.40004 0.000190738 -0.495346 0.113108 -0.0312574 -1.47154 1.734 -0.00934615 -0.19894 -0.00324254 0.000572213 0.39044 -0.250115 -0.00164773 -0.197032 0.00133516 0.000190738 0.392729 -0.249621 0.000448977 
23 -0.00782013 0.00972748 0.232891 -1.40004 0.000190738 -0.495346 0.112726 -0.0312574 -1.47688 1.73285 -0.00934615 -0.19894 -0.00324254 0.000572213 0.39044 -0.250115 -0.00164773 -0.197032 0.00133516 0.000190738 0.392729 -0.249621 0.000448977 
23 -0.00782013 0.00972748 0.232891 -1.40004 0.000190738 -0.495346 0.112726 -0.0316389 -1.48222 1.73247 -0.00934615 -0.19894 -0.00324254 0.000572213 0.39044 -0.250115 -0.00164773 -0.197032 0.00133516 0.000190738 0.392729 -0.249621 0.000448977 
23 -0.00782013 0.00972748 0.232891 -1.40004 0.000190738 -0.495346 0.112726 -0.0316389 -1.48756 1.73133 -0.00934615 -0.19894 -0.00324254 0.000572213 0.39044 -0.250115 -0.00164773 -0.197032 0.00133516 0.000190738 0.392729 -0.249621 0.000448977 
23 -0.00782013 0.00972748 0.232891 -1.40004 0.000190738 -0.495346 0.112726 -0.0316389 -1.4929 1.73056 -0.00934615 -0.19894 -0.00324254 0.000572213 0.39044 -0.250115 -0.00164773 -0.197032 0.00133516 0.000190738 0.392729 -0.249621 0.000448977 
23 -0.00782013 0.00972748 0.232891 -1.40004 0.000190738 -0.495346 0.112345 -0.0320203 -1.49748 1.72942 -0.00934615 -0.19894 -0.00324254 0.000572213 0.39044 -0.250115 -0.00164773 -0.197032 0.00133516 0.000190738 0.392729 -0.249621 0.000448977 
23 -0.00782013 0.00972748 0.232891 -1.40004 0.000190738 -0.495346 0.112345 -0.0320203 -1.5032 1.72789 -0.00934615 -0.19894 -0.00324254 0.000572213 0.39044 -0.250115 -0.00164773 -0.197032 0.00133516 0.000190738 0.392729 -0.249621 0.000448977 
23 -0.00782013 0.00972748 0.232891 -1.40004 0.000190738 -0.495346 0.112345 -0.0320203 -1.50778 1.72675 -0.00934615 -0.19894 -0.00324254 0.000572213 0.39044 -0.250115 -0.00164773 -0.197032 0.00133516 0.000190738 0.392729 -0.249621 0.000448977 
23 -0.00782013 0.00972748 0.232891 -1.40004 0.000190738 -0.495346 0.112345 -0.0320203 -1.51274 1.7256 -0.00934615 -0.19894 -0.00324254 0.000572213 0.39044 -0.250115 -0.00164773 -0.197032 0.00133516 0.000190738 0.392729 -0.249621 0.000448977 
23 -0.00782013 0.00972748 0.232891 -1.40004 0.000190738 -0.495346 0.112345 -0.0324018 -1.5177 1.72484 -0.00934615 -0.19894 -0.00324254 0.000572213 0.39044 -0.250115 -0.00164773 -0.197032 0.00133516 0.000190738 0.392729 -0.249621 0.000448977 
23 -0.00782013 0.00972748 0.232891 -1.40004 0.000190738 -0.495346 0.112345 -0.0324018 -1.52266 1.72408 -0.00934615 -0.19894 -0.00324254 0.000572213 0.39044 -0.250115 -0.00164773 -0.197032 0.00133516 0.000190738 0.392729 -0.249621 0.000448977 
23 -0.00782013 0.00972748 0.232891 -1.40004 0.000190738 -0.495346 0.112345 -0.0324018 -1.52724 1.72293 -0.00934615 -0.19894 -0.00324254 0.000572213 0.39044 -0.250115 -0.00164773 -0.197032 0.00133516 0.000190738 0.392729 -0.249621 0.000448977 
23 -0.00782013 0.00972748 0.232891 -1.40004 0.000190738 -0.495346 0.112345 -0.0327833 -1.53182 1.72179 -0.00934615 -0.19894 -0.00324254 0.000572213 0.39044 -0.250115 -0.00164773 -0.197032 0.00133516 0.000190738 0.392729 -0.249621 0.000448977 
23 -0.00782013 0.00972748 0.232891 -1.40004 0.000190738 -0.495346 0.112345 -0.0327833 -1.53639 1.72065 -0.00934615 -0.19894 -0.00324254 0.000572213 0.39044 -0.250115 -0.00164773 -0.197032 0.00133516 0.000190738 0.392729 -0.249621 0.000448977 
23 -0.00782013 0.00972748 0.232891 -1.40004 0.000190738 -0.495346 0.112345 -0.0327833 -1.54097 1.71988 -0.00934615 -0.19894 -0.00324254 0.000572213 0.39044 -0.250115 -0.00164773 -0.197032 0.00133516 0.000190738 0.392729 -0.249621 0.000448977 
23 -0.00782013 0.00972748 0.232891 -1.40004 0.000190738 -0.495346 0.112345 -0.0327833 -1.54517 1.71912 -0.00934615 -0.19894 -0.00324254 0.000572213 0.39044 -0.250115 -0.00164773 -0.197032 0.00133516 0.000190738 0.392729 -0.249621 0.000448977 
23 -0.00782013 0.00972748 0.232891 -1.40004 0.000190738 -0.495346 0.112345 -0.0327833 -1.54974 1.71798 -0.00934615 -0.19894 -0.00324254 0.000572213 0.39044 -0.250115 -0.00164773 -0.197032 0.00133516 0.000190738 0.392729 -0.249621 0.000448977 
23 -0.00782013 0.00972748 0.232891 -1.40004 0.000190738 -0.495346 0.112345 -0.0327833 -1.55394 1.71721 -0.00934615 -0.19894 -0.00324254 0.000572213 0.39044 -0.250115 -0.00164773 -0.197032 0.00133516 0.000190738 0.392729 -0.249621 0.000448977 
23 -0.00782013 0.00972748 0.232891 -1.40004 0.000190738 -0.495346 0.112345 -0.0327833 -1.55776 1.71569 -0.00934615 -0.19894 -0.00324254 0.000572213 0.39044 -0.250115 -0.00164773 -0.197032 0.00133516 0.000190738 0.392729 -0.249621 0.000448977 
23 -0.00782013 0.00972748 0.232891 -1.40004 0.000190738 -0.495346 0.112345 -0.0327833 -1.56195 1.71454 -0.00934615 -0.19894 -0.00324254 0.000572213 0.39044 -0.250115 -0.00164773 -0.197032 0.00133516 0.000190738 0.392729 -0.249621 0.000448977 
23 -0.00782013 0.00972748 0.232891 -1.40004 0.000190738 -0.495346 0.112345 -0.0327833 -1.56615 1.71378 -0.00934615 -0.19894 -0.00324254 0.000572213 0.39044 -0.250115 -0.00164773 -0.197032 0.00133516 0.000190738 0.392729 -0.249621 0.000448977 
23 -0.00782013 0.00972748 0.232891 -1.40004 0.000190738 -0.495346 0.112345 -0.0327833 -1.56996 1.71263 -0.00934615 -0.19894 -0.00324254 0.000572213 0.39044 -0.250115 -0.00164773 -0.197032 0.00133516 0.000190738 0.392729 -0.249621 0.000448977 
23 -0.00782013 0.00972748 0.232891 -1.40004 0.000190738 -0.495346 0.112345 -0.0327833 -1.5734 1.71187 -0.00934615 -0.19894 -0.00324254 0.000572213 0.39044 -0.250115 -0.00164773 -0.197032 0.00133516 0.000190738 0.392729 -0.249621 0.000448977 
23 -0.00782013 0.00972748 0.232891 -1.40004 0.000190738 -0.495346 0.112345 -0.0327833 -1.57721 1.71111 -0.00934615 -0.19894 -0.00324254 0.000572213 0.39044 -0.250115 -0.00164773 -0.197032 0.00133516 0.000190738 0.392729 -0.249621 0.000448977 
23 -0.00782013 0.00972748 0.232891 -1.40004 0.000190738 -0.495346 0.112345 -0.0327833 -1.58103 1.70996 -0.00934615 -0.19894 -0.00324254 0.000572213 0.39044 -0.250115 -0.00164773 -0.197032 0.00133516 0.000190738 0.392729 -0.249621 0.000448977 
23 -0.00782013 0.00972748 0.232891 -1.40004 0.000190738 -0.495346 0.112345 -0.0327833 -1.58446 1.70882 -0.00934615 -0.19894 -0.00324254 0.000572213 0.39044 -0.250115 -0.00164773 -0.197032 0.00133516 0.000190738 0.392729 -0.249621 0.000448977 
23 -0.00782013 0.00972748 0.232891 -1.40004 0.000190738 -0.495346 0.112345 -0.0327833 -1.58789 1.70806 -0.00934615 -0.19894 -0.00324254 0.000572213 0.39044 -0.250115 -0.00164773 -0.197032 0.00133516 0.000190738 0.392729 -0.249621 0.000448977 
23 -0.00782013 0.00972748 0.232891 -1.40004 0.000190738 -0.495346 0.112726 -0.0327833 -1.59133 1.70729 -0.00934615 -0.19894 -0.00324254 0.000572213 0.39044 -0.250115 -0.00164773 -0.197032 0.00133516 0.000190738 0.392729 -0.249621 0.000448977 
23 -0.00782013 0.00972748 0.232891 -1.40004 0.000190738 -0.495346 0.112726 -0.0327833 -1.59476 1.70653 -0.00934615 -0.19894 -0.00324254 0.000572213 0.39044 -0.250115 -0.00164773 -0.197032 0.00133516 0.000190738 0.392729 -0.249621 0.000448977 
23 -0.00782013 0.00972748 0.232891 -1.40004 0.000190738 -0.495346 0.112726 -0.0327833 -1.59781 1.70577 -0.00934615 -0.19894 -0.00324254 0.000572213 0.39044 -0.250115 -0.00164773 -0.197032 0.00133516 0.000190738 0.392729 -0.249621 0.000448977 
23 -0.00782013 0.00972748 0.232891 -1.40004 0.000190738 -0.495346 0.112726 -0.0327833 -1.60086 1.705 -0.00934615 -0.19894 -0.00324254 0.000572213 0.39044 -0.250115 -0.00164773 -0.197032 0.00133516 0.000190738 0.392729 -0.249621 0.000448977 
23 -0.00782013 0.00972748 0.232891 -1.40004 0.000190738 -0.495346 0.112726 -0.0327833 -1.6043 1.70386 -0.00934615 -0.19894 -0.00324254 0.000572213 0.39044 -0.250115 -0.00164773 -0.197032 0.00133516 0.000190738 0.392729 -0.249621 0.000448977 
23 -0.00782013 0.00972748 0.232891 -1.40004 0.000190738 -0.495346 0.112726 -0.0324018 -1.60735 1.70272 -0.00934615 -0.19894 -0.00324254 0.000572213 0.39044 -0.250115 -0.00164773 -0.197032 0.00133516 0.000190738 0.392729 -0.249621 0.000448977 
23 -0.00782013 0.00972748 0.232891 -1.40004 0.000190738 -0.495346 0.113108 -0.0324018 -1.61002 1.70195 -0.00934615 -0.19894 -0.00324254 0.000572213 0.39044 -0.250115 -0.00164773 -0.197032 0.00133516 0.000190738 0.392729 -0.249621 0.000448977 
23 -0.00782013 0.00972748 0.232891 -1.40004 0.000190738 -0.495346 0.113108 -0.0324018 -1.61307 1.70119 -0.00934615 -0.19894 -0.00324254 0.000572213 0.39044 -0.250115 -0.00164773 -0.197032 0.00133516 0.000190738 0.392729 -0.249621 0.000448977 
23 -0.00782013 0.00972748 0.232891 -1.40004 0.000190738 -0.495346 0.113108 -0.0324018 -1.61574 1.70043 -0.00934615 -0.19894 -0.00324254 0.000572213 0.39044 -0.250115 -0.00164773 -0.197032 0.00133516 0.000190738 0.392729 -0.249621 0.000448977 
23 -0.00782013 0.00972748 0.232891 -1.40004 0.000190738 -0.495346 0.113108 -0.0324018 -1.61841 1.69966 -0.00934615 -0.19894 -0.00324254 0.000572213 0.39044 -0.250115 -0.00164773 -0.197032 0.00133516 0.000190738 0.392729 -0.249621 0.000448977 
23 -0.00782013 0.00972748 0.232891 -1.40004 0.000190738 -0.495346 0.113489 -0.0324018 -1.6207 1.6989 -0.00934615 -0.19894 -0.00324254 0.000572213 0.39044 -0.250115 -0.00164773 -0.197032 0.00133516 0.000190738 0.392729 -0.249621 0.000448977 
23 -0.00782013 0.00972748 0.232891 -1.40004 0.000190738 -0.495346 0.113489 -0.0324018 -1.62337 1.69814 -0.00934615 -0.19894 -0.00324254 0.000572213 0.39044 -0.250115 -0.00164773 -0.197032 0.00133516 0.000190738 0.392729 -0.249621 0.000448977 
23 -0.00782013 0.00972748 0.232891 -1.40004 0.000190738 -0.495346 0.11387 -0.0324018 -1.62566 1.69738 -0.00934615 -0.19894 -0.00324254 0.000572213 0.39044 -0.250115 -0.00164773 -0.197032 0.00133516 0.000190738 0.392729 -0.249621 0.000448977 
23 -0.00782013 0.00972748 0.232891 -1.40004 0.000190738 -0.495346 0.11387 -0.0324018 -1.62795 1.69623 -0.00934615 -0.19894 -0.00324254 0.000572213 0.39044 -0.250115 -0.00164773 -0.197032 0.00133516 0.000190738 0.392729 -0.249621 0.000448977 
23 -0.00782013 0.00972748 0.232891 -1.40004 0.000190738 -0.495346 0.114252 -0.0324018 -1.63062 1.69585 -0.00934615 -0.19894 -0.00324254 0.000572213 0.39044 -0.250115 -0.00164773 -0.197032 0.00133516 0.000190738 0.392729 -0.249621 0.000448977 
23 -0.00782013 0.00972748 0.232891 -1.40004 0.000190738 -0.495346 0.114633 -0.0324018 -1.63214 1.69509 -0.00934615 -0.19894 -0.00324254 0.000572213 0.39044 -0.250115 -0.00164773 -0.197032 0.00133516 0.000190738 0.392729 -0.249621 0.000448977 
23 -0.00782013 0.00972748 0.232891 -1.40004 0.000190738 -0.495346 0.115015 -0.0320203 -1.63443 1.69471 -0.00934615 -0.19894 -0.00324254 0.000572213 0.39044 -0.250115 -0.00164773 -0.197032 0.00133516 0.000190738 0.392729 -0.249621 0.000448977 
23 -0.00782013 0.00972748 0.232891 -1.40004 0.000190738 -0.495346 0.115396 -0.0320203 -1.63634 1.69394 -0.00934615 -0.19894 -0.00324254 0.000572213 0.39044 -0.250115 -0.00164773 -0.197032 0.00133516 0.000190738 0.392729 -0.249621 0.000448977 
23 -0.00782013 0.00972748 0.232891 -1.40004 0.000190738 -0.495346 0.115778 -0.0320203 -1.63825 1.69356 -0.00934615 -0.19894 -0.00324254 0.000572213 0.39044 -0.250115 -0.00164773 -0.197032 0.00133516 0.000190738 0.392729 -0.249621 0.000448977 
23 -0.00782013 0.00972748 0.232891 -1.40004 0.000190738 -0.495346 0.116159 -0.0320203 -1.64015 1.6928 -0.00934615 -0.19894 -0.00324254 0.000572213 0.39044 -0.250115 -0.00164773 -0.197032 0.00133516 0.000190738 0.392729 -0.249621 0.000448977 
23 -0.00782013 0.00972748 0.232891 -1.40004 0.000190738 -0.495346 0.116541 -0.0320203 -1.64168 1.69203 -0.00934615 -0.19894 -0.00324254 0.000572213 0.39044 -0.250115 -0.00164773 -0.197032 0.00133516 0.000190738 0.392729 -0.249621 0.000448977 
23 -0.00782013 0.00972748 0.232891 -1.40004 0.000190738 -0.495346 0.116922 -0.0320203 -1.64359 1.69127 -0.00934615 -0.19894 -0.00324254 0.000572213 0.39044 -0.250115 -0.00164773 -0.197032 0.00133516 0.000190738 0.392729 -0.249621 0.000448977 
23 -0.00782013 0.00972748 0.232891 -1.40004 0.000190738 -0.495346 0.117304 -0.0320203 -1.64473 1.69013 -0.00934615 -0.19894 -0.00324254 0.000572213 0.39044 -0.250115 -0.00164773 -0.197032 0.00133516 0.000190738 0.392729 -0.249621 0.000448977 
23 -0.00782013 0.00972748 0.232891 -1.40004 0.000190738 -0.495346 0.117685 -0.0320203 -1.64626 1.68975 -0.00934615 -0.19894 -0.00324254 0.000572213 0.39044 -0.250115 -0.00164773 -0.197032 0.00133516 0.000190738 0.392729 -0.249621 0.000448977 
23 -0.00782013 0.00972748 0.232891 -1.40004 0.000190738 -0.495346 0.118067 -0.0320203 -1.6474 1.68898 -0.00934615 -0.19894 -0.00324254 0.000572213 0.39044 -0.250115 -0.00164773 -0.197032 0.00133516 0.000190738 0.392729 -0.249621 0.000448977 
23 -0.00782013 0.00972748 0.232891 -1.40004 0.000190738 -0.495346 0.118448 -0.0320203 -1.64855 1.6886 -0.00934615 -0.19894 -0.00324254 0.000572213 0.39044 -0.250115 -0.00164773 -0.197032 0.00133516 0.000190738 0.392729 -0.249621 0.000448977 
23 -0.00782013 0.00972748 0.232891 -1.40004 0.000190738 -0.495346 0.118448 -0.0320203 -1.64969 1.68822 -0.00934615 -0.19894 -0.00324254 0.000572213 0.39044 -0.250115 -0.00164773 -0.197032 0.00133516 0.000190738 0.392729 -0.249621 0.000448977 
23 -0.00782013 0.00972748 0.232891 -1.40004 0.000190738 -0.495346 0.11883 -0.0316389 -1.65084 1.68784 -0.00934615 -0.19894 -0.00324254 0.000572213 0.39044 -0.250115 -0.00164773 -0.197032 0.00133516 0.000190738 0.392729 -0.249621 0.000448977 
23 -0.00782013 0.00972748 0.232891 -1.40004 0.000190738 -0.495346 0.119211 -0.0316389 -1.6516 1.68746 -0.00934615 -0.19894 -0.00324254 0.000572213 0.39044 -0.250115 -0.00164773 -0.197032 0.00133516 0.000190738 0.392729 -0.249621 0.000448977 
23 -0.00782013 0.00972748 0.232891 -1.40004 0.000190738 -0.495346 0.119593 -0.0316389 -1.65274 1.68708 -0.00934615 -0.19894 -0.00324254 0.000572213 0.39044 -0.250115 -0.00164773 -0.197032 0.00133516 0.000190738 0.392729 -0.249621 0.000448977 
23 -0.00782013 0.00972748 0.232891 -1.40004 0.000190738 -0.495346 0.119974 -0.0316389 -1.65312 1.68669 -0.00934615 -0.19894 -0.00324254 0.000572213 0.39044 -0.250115 -0.00164773 -0.197032 0.00133516 0.000190738 0.392729 -0.249621 0.000448977 
23 -0.00782013 0.00972748 0.232891 -1.40004 0.000190738 -0.495346 0.120356 -0.0316389 -1.65389 1.68631 -0.00934615 -0.19894 -0.00324254 0.000572213 0.39044 -0.250115 -0.00164773 -0.197032 0.00133516 0.000190738 0.392729 -0.249621 0.000448977 
23 -0.00782013 0.00972748 0.232891 -1.40004 0.000190738 -0.495346 0.120737 -0.0316389 -1.65427 1.68631 -0.00934615 -0.19894 -0.00324254 0.000572213 0.39044 -0.250115 -0.00164773 -0.197032 0.00133516 0.000190738 0.392729 -0.249621 0.000448977 
23 -0.00782013 0.00972748 0.232891 -1.40004 0.000190738 -0.495346 0.1215 -0.0316389 -1.65465 1.68593 -0.00934615 -0.19894 -0.00324254 0.000572213 0.39044 -0.250115 -0.00164773 -0.197032 0.00133516 0.000190738 0.392729 -0.249621 0.000448977 
23 -0.00782013 0.00972748 0.232891 -1.40004 0.000190738 -0.495346 0.122263 -0.0316389 -1.65503 1.68555 -0.00934615 -0.19894 -0.00324254 0.000572213 0.39044 -0.250115 -0.00164773 -0.197032 0.00133516 0.000190738 0.392729 -0.249621 0.000448977 
23 -0.00782013 0.00972748 0.232891 -1.40004 0.000190738 -0.495346 0.122644 -0.0316389 -1.65503 1.68517 -0.00934615 -0.19894 -0.00324254 0.000572213 0.39044 -0.250115 -0.00164773 -0.197032 0.00133516 0.000190738 0.392729 -0.249621 0.000448977 
23 -0.00782013 0.00972748 0.232891 -1.40004 0.000190738 -0.495346 0.123407 -0.0316389 -1.65503 1.68479 -0.00934615 -0.19894 -0.00324254 0.000572213 0.39044 -0.250115 -0.00164773 -0.197032 0.00133516 0.000190738 0.392729 -0.249621 0.000448977 
23 -0.00782013 0.00972748 0.232891 -1.40004 0.000190738 -0.495346 0.123789 -0.0316389 -1.65465 1.68479 -0.00934615 -0.19894 -0.00324254 0.000572213 0.39044 -0.250115 -0.00164773 -0.197032 0.00133516 0.000190738 0.392729 -0.249621 0.000448977 
23 -0.00782013 0.00972748 0.232891 -1.40004 0.000190738 -0.495346 0.12417 -0.0312574 -1.65427 1.68441 -0.00934615 -0.19894 -0.00324254 0.000572213 0.39044 -0.250115 -0.00164773 -0.197032 0.00133516 0.000190738 0.392729 -0.249621 0.000448977 
23 -0.00782013 0.00972748 0.232891 -1.40004 0.000190738 -0.495346 0.124933 -0.0312574 -1.65427 1.68441 -0.00934615 -0.19894 -0.00324254 0.000572213 0.39044 -0.250115 -0.00164773 -0.197032 0.00133516 0.000190738 0.392729 -0.249621 0.000448977 
23 -0.00782013 0.00972748 0.232891 -1.40004 0.000190738 -0.495346 0.125315 -0.0312574 -1.65389 1.68441 -0.00934615 -0.19894 -0.00324254 0.000572213 0.39044 -0.250115 -0.00164773 -0.197032 0.00133516 0.000190738 0.392729 -0.249621 0.000448977 
23 -0.00782013 0.00972748 0.232891 -1.40004 0.000190738 -0.495346 0.126078 -0.0312574 -1.65351 1.68441 -0.00934615 -0.19894 -0.00324254 0.000572213 0.39044 -0.250115 -0.00164773 -0.197032 0.00133516 0.000190738 0.392729 -0.249621 0.000448977 
23 -0.00782013 0.00972748 0.232891 -1.40004 0.000190738 -0.495346 0.126459 -0.0308759 -1.65274 1.68441 -0.00934615 -0.19894 -0.00324254 0.000572213 0.39044 -0.250115 -0.00164773 -0.197032 0.00133516 0.000190738 0.392729 -0.249621 0.000448977 
23 -0.00782013 0.00972748 0.232891 -1.40004 0.000190738 -0.495346 0.127604 -0.0308759 -1.65236 1.68441 -0.00934615 -0.19894 -0.00324254 0.000572213 0.39044 -0.250115 -0.00164773 -0.197032 0.00133516 0.000190738 0.392729 -0.249621 0.000448977 
23 -0.00782013 0.00972748 0.232891 -1.40004 0.000190738 -0.495346 0.128367 -0.0308759 -1.6516 1.68441 -0.00934615 -0.19894 -0.00324254 0.000572213 0.39044 -0.250115 -0.00164773 -0.197032 0.00133516 0.000190738 0.392729 -0.249621 0.000448977 
23 -0.00782013 0.00972748 0.232891 -1.40004 0.000190738 -0.495346 0.129129 -0.0304945 -1.65084 1.68441 -0.00934615 -0.19894 -0.00324254 0.000572213 0.39044 -0.250115 -0.00164773 -0.197032 0.00133516 0.000190738 0.392729 -0.249621 0.000448977 
23 -0.00782013 0.00972748 0.232891 -1.40004 0.000190738 -0.495346 0.129892 -0.0304945 -1.65007 1.68441 -0.00934615 -0.19894 -0.00324254 0.000572213 0.39044 -0.250115 -0.00164773 -0.197032 0.00133516 0.000190738 0.392729 -0.249621 0.000448977 
23 -0.00782013 0.00972748 0.232891 -1.40004 0.000190738 -0.495346 0.130655 -0.030113 -1.64893 1.68479 -0.00972763 -0.19894 -0.00324254 0.000572213 0.39044 -0.250115 -0.00164773 -0.197032 0.00133516 0.000190738 0.392729 -0.249621 0.000448977 
23 -0.00782013 0.00972748 0.232891 -1.40004 0.000190738 -0.495346 0.131418 -0.030113 -1.64778 1.68479 -0.00972763 -0.19894 -0.00324254 0.000572213 0.39044 -0.250115 -0.00164773 -0.197032 0.00133516 0.000190738 0.392729 -0.249621 0.000448977 
23 -0.00782013 0.00972748 0.232891 -1.40004 0.000190738 -0.495346 0.132181 -0.0297315 -1.64702 1.68517 -0.00972763 -0.19894 -0.00324254 0.000572213 0.39044 -0.250115 -0.00164773 -0.197032 0.00133516 0.000190738 0.392729 -0.249621 0.000448977 
23 -0.00782013 0.00972748 0.232891 -1.40004 0.000190738 -0.495346 0.132944 -0.0297315 -1.64588 1.68517 -0.00972763 -0.19894 -0.00324254 0.000572213 0.39044 -0.250115 -0.00164773 -0.197032 0.00133516 0.000190738 0.392729 -0.249621 0.000448977 
23 -0.00782013 0.00972748 0.232891 -1.40004 0.000190738 -0.495346 0.13447 -0.0297315 -1.64473 1.68555 -0.00972763 -0.19894 -0.00324254 0.000572213 0.39044 -0.250115 -0.00164773 -0.197032 0.00133516 0.000190738 0.392729 -0.249621 0.000448977 
23 -0.00782013 0.00972748 0.232891 -1.40004 0.000190738 -0.495346 0.135233 -0.02935 -1.64359 1.68593 -0.0101091 -0.19894 -0.00324254 0.000572213 0.39044 -0.250115 -0.00164773 -0.197032 0.00133516 0.000190738 0.392729 -0.249621 0.000448977 
23 -0.00782013 0.00972748 0.232891 -1.40004 0.000190738 -0.495346 0.136378 -0.0289685 -1.64206 1.68631 -0.0101091 -0.19894 -0.00324254 0.000572213 0.39044 -0.250115 -0.00164773 -0.197032 0.00133516 0.000190738 0.392729 -0.249621 0.000448977 
23 -0.00782013 0.00972748 0.232891 -1.40004 0.000190738 -0.495346 0.137522 -0.0289685 -1.64054 1.68631 -0.0101091 -0.19894 -0.00324254 0.000572213 0.39044 -0.250115 -0.00164773 -0.197032 0.00133516 0.000190738 0.392729 -0.249621 0.000448977 
23 -0.00782013 0.00972748 0.232891 -1.40004 0.000190738 -0.495346 0.138285 -0.028587 -1.63863 1.68669 -0.0104906 -0.19894 -0.00324254 0.000572213 0.39044 -0.250115 -0.00164773 -0.197032 0.00133516 0.000190738 0.392729 -0.249621 0.000448977 
23 -0.00782013 0.00972748 0.232891 -1.40004 0.000190738 -0.495346 0.139429 -0.0282056 -1.6371 1.68669 -0.0104906 -0.19894 -0.00324254 0.000572213 0.39044 -0.250115 -0.00164773 -0.197032 0.00133516 0.000190738 0.392729 -0.249621 0.000448977 
23 -0.00782013 0.00972748 0.232891 -1.40004 0.000190738 -0.495346 0.140955 -0.0274426 -1.63519 1.68708 -0.0108721 -0.19894 -0.00324254 0.000572213 0.39044 -0.250115 -0.00164773 -0.197032 0.00133516 0.000190738 0.392729 -0.249621 0.000448977 
23 -0.00782013 0.00972748 0.232891 -1.40004 0.000190738 -0.495346 0.141718 -0.0270612 -1.63329 1.68746 -0.0108721 -0.19894 -0.00324254 0.000572213 0.39044 -0.250115 -0.00164773 -0.197032 0.00133516 0.000190738 0.392729 -0.249621 0.000448977 
23 -0.00782013 0.00972748 0.232891 -1.40004 0.000190738 -0.495346 0.142863 -0.0266797 -1.63176 1.68746 -0.0108721 -0.19894 -0.00324254 0.000572213 0.39044 -0.250115 -0.00164773 -0.197032 0.00133516 0.000190738 0.392729 -0.249621 0.000448977 
23 -0.00782013 0.00972748 0.232891 -1.40004 0.000190738 -0.495346 0.144007 -0.0262982 -1.62947 1.68784 -0.0112535 -0.19894 -0.00324254 0.000572213 0.39044 -0.250115 -0.00164773 -0.197032 0.00133516 0.000190738 0.392729 -0.249621 0.000448977 
23 -0.00782013 0.00972748 0.232891 -1.40004 0.000190738 -0.495346 0.14477 -0.0259168 -1.62718 1.68822 -0.0112535 -0.19894 -0.00324254 0.000572213 0.39044 -0.250115 -0.00164773 -0.197032 0.00133516 0.000190738 0.392729 -0.249621 0.000448977 
23 -0.00782013 0.00972748 0.232891 -1.40004 0.000190738 -0.495346 0.146296 -0.0255353 -1.62528 1.6886 -0.0112535 -0.19894 -0.00324254 0.000572213 0.39044 -0.250115 -0.00164773 -0.197032 0.00133516 0.000190738 0.392729 -0.249621 0.000448977 
23 -0.00782013 0.00972748 0.232891 -1.40004 0.000190738 -0.495346 0.14744 -0.0255353 -1.62261 1.68936 -0.011635 -0.19894 -0.00324254 0.000572213 0.39044 -0.250115 -0.00164773 -0.197032 0.00133516 0.000190738 0.392729 -0.249621 0.000448977 
23 -0.00782013 0.00972748 0.232891 -1.40004 0.000190738 -0.495346 0.148585 -0.0251538 -1.62032 1.68975 -0.011635 -0.19894 -0.00324254 0.000572213 0.39044 -0.250115 -0.00164773 -0.197032 0.00133516 0.000190738 0.392729 -0.249621 0.000448977 
23 -0.00782013 0.00972748 0.232891 -1.40004 0.000190738 -0.495346 0.149729 -0.0251538 -1.61803 1.69013 -0.0120165 -0.19894 -0.00324254 0.000572213 0.39044 -0.250115 -0.00164773 -0.197032 0.00133516 0.000190738 0.392729 -0.249621 0.000448977 
23 -0.00782013 0.00972748 0.232891 -1.40004 0.000190738 -0.495346 0.150874 -0.0247723 -1.61536 1.69089 -0.0120165 -0.19894 -0.00324254 0.000572213 0.39044 -0.250115 -0.00164773 -0.197032 0.00133516 0.000190738 0.392729 -0.249621 0.000448977 
23 -0.00782013 0.00972748 0.232891 -1.40004 0.000190738 -0.495346 0.152399 -0.0243908 -1.61269 1.69165 -0.012398 -0.19894 -0.00324254 0.000572213 0.39044 -0.250115 -0.00164773 -0.197032 0.00133516 0.000190738 0.392729 -0.249621 0.000448977 
23 -0.00782013 0.00972748 0.232891 -1.40004 0.000190738 -0.495346 0.153925 -0.0240093 -1.60964 1.69242 -0.012398 -0.19894 -0.00324254 0.000572213 0.39044 -0.250115 -0.00164773 -0.197032 0.00133516 0.000190738 0.392729 -0.249621 0.000448977 
23 -0.00782013 0.00972748 0.232891 -1.40004 0.000190738 -0.495346 0.15507 -0.0236279 -1.60697 1.69318 -0.0127794 -0.19894 -0.00324254 0.000572213 0.39044 -0.250115 -0.00164773 -0.197032 0.00133516 0.000190738 0.392729 -0.249621 0.000448977 
23 -0.00782013 0.00972748 0.232891 -1.40004 0.000190738 -0.495346 0.156214 -0.0232464 -1.60391 1.69356 -0.0127794 -0.19894 -0.00324254 0.000572213 0.39044 -0.250115 -0.00164773 -0.197032 0.00133516 0.000190738 0.392729 -0.249621 0.000448977 
23 -0.00782013 0.00972748 0.232891 -1.40004 0.000190738 -0.495346 0.157359 -0.0228649 -1.60086 1.69394 -0.0131609 -0.19894 -0.00324254 0.000572213 0.39044 -0.250115 -0.00164773 -0.197032 0.00133516 0.000190738 0.392729 -0.249621 0.000448977 
23 -0.00782013 0.00972748 0.232891 -1.40004 0.000190738 -0.495346 0.158885 -0.0224835 -1.59743 1.69432 -0.0131609 -0.19894 -0.00324254 0.000572213 0.39044 -0.250115 -0.00164773 -0.197032 0.00133516 0.000190738 0.392729 -0.249621 0.000448977 
23 -0.00782013 0.00972748 0.232891 -1.40004 0.000190738 -0.495346 0.16041 -0.022102 -1.59438 1.69509 -0.0135424 -0.19894 -0.00324254 0.000572213 0.39044 -0.250115 -0.00164773 -0.197032 0.00133516 0.000190738 0.392729 -0.249621 0.000448977 
23 -0.00782013 0.00972748 0.232891 -1.40004 0.000190738 -0.495346 0.161936 -0.0213391 -1.59094 1.69547 -0.0139239 -0.19894 -0.00324254 0.000572213 0.39044 -0.250115 -0.00164773 -0.197032 0.00133516 0.000190738 0.392729 -0.249621 0.000448977 
23 -0.00782013 0.00972748 0.232891 -1.40004 0.000190738 -0.495346 0.163081 -0.0205761 -1.58751 1.69585 -0.0139239 -0.19894 -0.00324254 0.000572213 0.39044 -0.250115 -0.00164773 -0.197032 0.00133516 0.000190738 0.393111 -0.249621 0.000448977 
23 -0.00782013 0.00972748 0.232891 -1.40004 0.000190738 -0.495346 0.164607 -0.0201946 -1.5837 1.69623 -0.0143053 -0.19894 -0.00324254 0.000572213 0.39044 -0.250115 -0.00164773 -0.197032 0.00133516 0.000190738 0.392729 -0.249621 0.000448977 
23 -0.00782013 0.00972748 0.232891 -1.40004 0.000190738 -0.495346 0.166133 -0.0198131 -1.57988 1.69661 -0.0146868 -0.19894 -0.00324254 0.000572213 0.39044 -0.250115 -0.00164773 -0.197032 0.00133516 0.000190738 0.392729 -0.249621 0.000448977 
23 -0.00782013 0.00972748 0.232891 -1.40004 0.000190738 -0.495346 0.167659 -0.0194317 -1.57607 1.69738 -0.0146868 -0.19894 -0.00324254 0.000572213 0.39044 -0.250115 -0.00164773 -0.197032 0.00133516 0.000190738 0.392729 -0.249621 0.000448977 
23 -0.00782013 0.00972748 0.232891 -1.40004 0.000190738 -0.495346 0.168803 -0.0190502 -1.57187 1.69814 -0.0150683 -0.19894 -0.00324254 0.000572213 0.39044 -0.250115 -0.00164773 -0.197032 0.00133516 0.000190738 0.392729 -0.249621 0.000448977 
23 -0.00782013 0.00972748 0.232891 -1.40004 0.000190738 -0.495346 0.170329 -0.0186687 -1.56806 1.69852 -0.0154498 -0.19894 -0.00324254 0.000572213 0.39044 -0.250115 -0.00164773 -0.197032 0.00133516 0.000190738 0.392729 -0.249621 0.000448977 
23 -0.00782013 0.00972748 0.232891 -1.40004 0.000190738 -0.495346 0.172236 -0.0182872 -1.56348 1.6989 -0.0158312 -0.19894 -0.00324254 0.000572213 0.39044 -0.250115 -0.00164773 -0.197032 0.00133516 0.000190738 0.392729 -0.249621 0.000448977 
23 -0.00782013 0.00972748 0.232891 -1.40004 0.000190738 -0.495346 0.173762 -0.0179058 -1.55928 1.69966 -0.0158312 -0.19894 -0.00324254 0.000572213 0.39044 -0.250115 -0.00164773 -0.197032 0.00133516 0.000190738 0.392729 -0.249621 0.000448977 
23 -0.00782013 0.00972748 0.232891 -1.40004 0.000190738 -0.495346 0.175288 -0.0171428 -1.55509 1.70005 -0.0162127 -0.19894 -0.00324254 0.000572213 0.39044 -0.250115 -0.00164773 -0.197032 0.00133516 0.000190738 0.392729 -0.249621 0.000448977 
23 -0.00782013 0.00972748 0.232891 -1.40004 0.000190738 -0.495346 0.176814 -0.0167613 -1.55051 1.70043 -0.0162127 -0.19894 -0.00324254 0.000572213 0.39044 -0.250115 -0.00164773 -0.197032 0.00133516 0.000190738 0.392729 -0.249621 0.000448977 
23 -0.00782013 0.00972748 0.232891 -1.40004 0.000190738 -0.495346 0.17834 -0.0163798 -1.54593 1.70119 -0.0165942 -0.19894 -0.00324254 0.000572213 0.39044 -0.250115 -0.00164773 -0.197032 0.00133516 0.000190738 0.392729 -0.249621 0.000448977 
23 -0.00782013 0.00972748 0.232891 -1.40004 0.000190738 -0.495346 0.179866 -0.0159984 -1.54135 1.70157 -0.0165942 -0.19894 -0.00324254 0.000572213 0.39044 -0.250115 -0.00164773 -0.197032 0.00133516 0.000190738 0.392729 -0.249621 0.000448977 
23 -0.00782013 0.00972748 0.232891 -1.40004 0.000190738 -0.495346 0.181392 -0.0152354 -1.53639 1.70195 -0.0169757 -0.19894 -0.00324254 0.000572213 0.39044 -0.250115 -0.00164773 -0.197032 0.00133516 0.000190738 0.392729 -0.249621 0.000448977 
23 -0.00782013 0.00972748 0.232891 -1.40004 0.000190738 -0.495346 0.182918 -0.0144725 -1.53182 1.70272 -0.0173571 -0.19894 -0.00324254 0.000572213 0.39044 -0.250115 -0.00164773 -0.197032 0.00133516 0.000190738 0.392729 -0.249621 0.000448977 
23 -0.00782013 0.00972748 0.232891 -1.40004 0.000190738 -0.495346 0.184825 -0.014091 -1.52647 1.70386 -0.0173571 -0.19894 -0.00324254 0.000572213 0.39044 -0.250115 -0.00164773 -0.197032 0.00133516 0.000190738 0.392729 -0.249621 0.000448977 
23 -0.00782013 0.00972748 0.232891 -1.40004 0.000190738 -0.495346 0.186351 -0.013328 -1.52152 1.705 -0.0177386 -0.19894 -0.00324254 0.000572213 0.39044 -0.250115 -0.00164773 -0.197032 0.00133516 0.000190738 0.392729 -0.249621 0.000448977 
23 -0.00782013 0.00972748 0.232891 -1.40004 0.000190738 -0.495346 0.187877 -0.0129465 -1.51656 1.70539 -0.0177386 -0.19894 -0.00324254 0.000572213 0.39044 -0.250115 -0.00164773 -0.197032 0.00133516 0.000190738 0.392729 -0.249621 0.000448977 
23 -0.00782013 0.00972748 0.232891 -1.40004 0.000190738 -0.495346 0.189403 -0.0125651 -1.51122 1.70615 -0.0181201 -0.19894 -0.00324254 0.000572213 0.39044 -0.250115 -0.00164773 -0.197032 0.00133516 0.000190738 0.392729 -0.249621 0.000448977 
23 -0.00782013 0.00972748 0.232891 -1.40004 0.000190738 -0.495346 0.19131 -0.0121836 -1.50626 1.70653 -0.0181201 -0.19894 -0.00324254 0.000572213 0.39044 -0.250115 -0.00164773 -0.197032 0.00133516 0.000190738 0.392729 -0.249621 0.000448977 
23 -0.00782013 0.00972748 0.232891 -1.40004 0.000190738 -0.495346 0.192836 -0.0118021 -1.50053 1.70729 -0.0185016 -0.19894 -0.00324254 0.000572213 0.39044 -0.250115 -0.00164773 -0.197032 0.00133516 0.000190738 0.392729 -0.249621 0.000448977 
23 -0.00782013 0.00972748 0.232891 -1.40004 0.000190738 -0.495346 0.194362 -0.0114207 -1.49481 1.70768 -0.0185016 -0.19894 -0.00324254 0.000572213 0.39044 -0.250115 -0.00164773 -0.197032 0.00133516 0.000190738 0.392729 -0.249621 0.000448977 
23 -0.00782013 0.00972748 0.232891 -1.40004 0.000190738 -0.495346 0.196269 -0.0110392 -1.48947 1.70806 -0.0185016 -0.19894 -0.00324254 0.000572213 0.39044 -0.250115 -0.00164773 -0.197032 0.00133516 0.000190738 0.392729 -0.249621 0.000448977 
23 -0.00782013 0.00972748 0.232891 -1.40004 0.000190738 -0.495346 0.198177 -0.0106577 -1.48375 1.70844 -0.018883 -0.19894 -0.00324254 0.000572213 0.39044 -0.250115 -0.00164773 -0.197032 0.00133516 0.000190738 0.392729 -0.249621 0.000448977 
23 -0.00782013 0.00972748 0.232891 -1.40004 0.000190738 -0.495346 0.199702 -0.0102763 -1.47803 1.7092 -0.018883 -0.19894 -0.00324254 0.000572213 0.39044 -0.250115 -0.00164773 -0.197032 0.00133516 0.000190738 0.392729 -0.249621 0.000448977 
23 -0.00782013 0.00972748 0.232891 -1.40004 0.000190738 -0.495346 0.201228 -0.00989479 -1.47192 1.70996 -0.018883 -0.19894 -0.00324254 0.000572213 0.39044 -0.250115 -0.00164773 -0.197032 0.00133516 0.000190738 0.392729 -0.249621 0.000448977 
23 -0.00782013 0.00972748 0.232891 -1.40004 0.000190738 -0.495346 0.203136 -0.00913179 -1.4662 1.71073 -0.0192645 -0.19894 -0.00324254 0.000572213 0.39044 -0.250115 -0.00164773 -0.197032 0.00133516 0.000190738 0.392729 -0.249621 0.000448977 
23 -0.00782013 0.00972748 0.232891 -1.40004 0.000190738 -0.495346 0.205043 -0.00836885 -1.4601 1.71149 -0.0192645 -0.19894 -0.00324254 0.000572213 0.39044 -0.250115 -0.00164773 -0.197032 0.00133516 0.000190738 0.392729 -0.249621 0.000448977 
23 -0.00782013 0.00972748 0.232891 -1.40004 0.000190738 -0.495346 0.206188 -0.00798738 -1.45438 1.71187 -0.019646 -0.19894 -0.00324254 0.000572213 0.39044 -0.250115 -0.00164773 -0.197032 0.00133516 0.000190738 0.392729 -0.249621 0.000448977 
23 -0.00782013 0.00972748 0.232891 -1.40004 0.000190738 -0.495346 0.208095 -0.00760591 -1.44827 1.71263 -0.019646 -0.19894 -0.00324254 0.000572213 0.39044 -0.250115 -0.00164773 -0.197032 0.00133516 0.000190738 0.392729 -0.249621 0.000448977 
23 -0.00782013 0.00972748 0.232891 -1.40004 0.000190738 -0.495346 0.210384 -0.00722444 -1.44217 1.7134 -0.0200275 -0.19894 -0.00324254 0.000572213 0.39044 -0.250115 -0.00164773 -0.197032 0.00133516 0.000190738 0.392729 -0.249621 0.000448977 
23 -0.00782013 0.00972748 0.232891 -1.40004 0.000190738 -0.495346 0.21191 -0.00684297 -1.43568 1.71378 -0.0200275 -0.19894 -0.00324254 0.000572213 0.39044 -0.250115 -0.00164773 -0.197032 0.00133516 0.000190738 0.392729 -0.249621 0.000448977 
23 -0.00782013 0.00972748 0.232891 -1.40004 0.000190738 -0.495346 0.213436 -0.00684297 -1.42958 1.71454 -0.0200275 -0.19894 -0.00324254 0.000572213 0.39044 -0.250115 -0.00164773 -0.197032 0.00133516 0.000190738 0.392729 -0.249621 0.000448977 
23 -0.00782013 0.00972748 0.232891 -1.40004 0.000190738 -0.495346 0.215724 -0.0064615 -1.42309 1.7153 -0.0204089 -0.19894 -0.00324254 0.000572213 0.39044 -0.250115 -0.00164773 -0.197032 0.00133516 0.000190738 0.392729 -0.249621 0.000448977 
23 -0.00782013 0.00972748 0.232891 -1.40004 0.000190738 -0.495346 0.21725 -0.00608003 -1.41699 1.71645 -0.0204089 -0.19894 -0.00324254 0.000572213 0.39044 -0.250115 -0.00164773 -0.197032 0.00133516 0.000190738 0.392729 -0.249621 0.000448977 
23 -0.00782013 0.00972748 0.232891 -1.40004 0.000190738 -0.495346 0.218776 -0.00569856 -1.41051 1.71759 -0.0207904 -0.19894 -0.00324254 0.000572213 0.39044 -0.250115 -0.00164773 -0.197032 0.00133516 0.000190738 0.392729 -0.249621 0.000448977 
23 -0.00782013 0.00972748 0.232891 -1.40004 0.000190738 -0.495346 0.220684 -0.00531703 -1.40402 1.71798 -0.0207904 -0.19894 -0.00324254 0.000572213 0.39044 -0.250115 -0.00164773 -0.197032 0.00133516 0.000190738 0.392729 -0.249621 0.000448977 
23 -0.00782013 0.00972748 0.232891 -1.40004 0.000190738 -0.495346 0.222591 -0.00531703 -1.39715 1.71874 -0.0207904 -0.19894 -0.00324254 0.000572213 0.39044 -0.250115 -0.00164773 -0.197032 0.00133516 0.000190738 0.392729 -0.249621 0.000448977 
23 -0.00782013 0.00972748 0.232891 -1.40004 0.000190738 -0.495346 0.224498 -0.00493556 -1.39067 1.7195 -0.0211719 -0.19894 -0.00324254 0.000572213 0.39044 -0.250115 -0.00164773 -0.197032 0.00133516 0.000190738 0.392729 -0.249621 0.000448977 
23 -0.00782013 0.00972748 0.232891 -1.40004 0.000190738 -0.495346 0.226024 -0.00455409 -1.3838 1.71988 -0.0211719 -0.19894 -0.00324254 0.000572213 0.39044 -0.250115 -0.00164773 -0.197032 0.00133516 0.000190738 0.392729 -0.249621 0.000448977 
23 -0.00782013 0.00972748 0.232891 -1.40004 0.000190738 -0.495346 0.228313 -0.00455409 -1.37732 1.72065 -0.0211719 -0.19894 -0.00324254 0.000572213 0.39044 -0.250115 -0.00164773 -0.197032 0.00133516 0.000190738 0.392729 -0.249621 0.000448977 
23 -0.00782013 0.00972748 0.232891 -1.40004 0.000190738 -0.495346 0.229839 -0.00417262 -1.37045 1.72141 -0.0211719 -0.19894 -0.00324254 0.000572213 0.39044 -0.250115 -0.00164773 -0.197032 0.00133516 0.000190738 0.392729 -0.249621 0.000448977 
23 -0.00782013 0.00972748 0.232891 -1.40004 0.000190738 -0.495346 0.231365 -0.00417262 -1.36358 1.72217 -0.0211719 -0.19894 -0.00324254 0.000572213 0.39044 -0.250115 -0.00164773 -0.197032 0.00133516 0.000190738 0.392729 -0.249621 0.000448977 
23 -0.00782013 0.00972748 0.232891 -1.40004 0.000190738 -0.495346 0.232891 -0.00379115 -1.35672 1.72293 -0.0211719 -0.19894 -0.00324254 0.000572213 0.39044 -0.250115 -0.00164773 -0.197032 0.00133516 0.000190738 0.392729 -0.249621 0.000448977 
23 -0.00782013 0.00972748 0.232891 -1.40004 0.000190738 -0.495346 0.23518 -0.00379115 -1.34985 1.7237 -0.0211719 -0.19894 -0.00324254 0.000572213 0.39044 -0.250115 -0.00164773 -0.197032 0.00133516 0.000190738 0.392729 -0.249621 0.000448977 
23 -0.00782013 0.00972748 0.232891 -1.40004 0.000190738 -0.495346 0.237087 -0.00340968 -1.34298 1.72446 -0.0211719 -0.19894 -0.00324254 0.000572213 0.39044 -0.250115 -0.00164773 -0.197032 0.00133516 0.000190738 0.392729 -0.249621 0.000448977 
23 -0.00782013 0.00972748 0.232891 -1.40004 0.000190738 -0.495346 0.238613 -0.00340968 -1.33574 1.72522 -0.0211719 -0.19894 -0.00324254 0.000572213 0.39044 -0.250115 -0.00164773 -0.197032 0.00133516 0.000190738 0.392729 -0.249621 0.000448977 
23 -0.00782013 0.00972748 0.232891 -1.40004 0.000190738 -0.495346 0.24052 -0.00302821 -1.32887 1.72599 -0.0211719 -0.19894 -0.00324254 0.000572213 0.39044 -0.250115 -0.00164773 -0.197032 0.00133516 0.000190738 0.392729 -0.249621 0.000448977 
23 -0.00782013 0.00972748 0.232891 -1.40004 0.000190738 -0.495346 0.242046 -0.00302821 -1.32162 1.72675 -0.0211719 -0.19894 -0.00324254 0.000572213 0.39044 -0.250115 -0.00164773 -0.197032 0.00133516 0.000190738 0.392729 -0.249621 0.000448977 
23 -0.00782013 0.00972748 0.232891 -1.40004 0.000190738 -0.495346 0.243572 -0.00302821 -1.31437 1.72751 -0.0211719 -0.19894 -0.00324254 0.000572213 0.39044 -0.250115 -0.00164773 -0.197032 0.00133516 0.000190738 0.392729 -0.249621 0.000448977 
23 -0.00782013 0.00972748 0.232891 -1.40004 0.000190738 -0.495346 0.245098 -0.00302821 -1.30751 1.72866 -0.0211719 -0.19894 -0.00324254 0.000572213 0.39044 -0.250115 -0.00164773 -0.197032 0.00133516 0.000190738 0.392729 -0.249621 0.000448977 
23 -0.00782013 0.00972748 0.233272 -1.40004 0.000190738 -0.495346 0.247005 -0.00302821 -1.30026 1.73018 -0.0211719 -0.19894 -0.00324254 0.000572213 0.39044 -0.250115 -0.00164773 -0.197032 0.00133516 0.000190738 0.392729 -0.249621 0.000448977 
23 -0.00782013 0.00972748 0.233272 -1.40004 0.000190738 -0.495346 0.248531 -0.00302821 -1.29339 1.73095 -0.0211719 -0.19894 -0.00324254 0.000572213 0.39044 -0.250115 -0.00164773 -0.197032 0.00133516 0.000190738 0.392729 -0.249621 0.000448977 
23 -0.00782013 0.00972748 0.233272 -1.40004 0.000190738 -0.495346 0.250057 -0.00302821 -1.28576 1.73171 -0.0211719 -0.19894 -0.00324254 0.000572213 0.39044 -0.250115 -0.00164773 -0.197032 0.00133516 0.000190738 0.392729 -0.249621 0.000448977 
23 -0.00782013 0.00972748 0.233272 -1.40004 0.000190738 -0.495346 0.251583 -0.00302821 -1.2789 1.73247 -0.0211719 -0.19894 -0.00324254 0.000572213 0.39044 -0.250115 -0.00164773 -0.197032 0.00133516 0.000190738 0.392729 -0.249621 0.000448977 
23 -0.00782013 0.00972748 0.233272 -1.40004 0.000190738 -0.495346 0.253491 -0.00302821 -1.27165 1.73285 -0.0211719 -0.19894 -0.00324254 0.000572213 0.39044 -0.250115 -0.00164773 -0.197032 0.00133516 0.000190738 0.392729 -0.249621 0.000448977 
23 -0.00782013 0.00972748 0.233272 -1.40004 0.000190738 -0.495346 0.254635 -0.00302821 -1.2644 1.73362 -0.0211719 -0.19894 -0.00324254 0.000572213 0.39044 -0.250115 -0.00164773 -0.197032 0.00133516 0.000190738 0.392729 -0.249621 0.000448977 
23 -0.00782013 0.00972748 0.233272 -1.40004 0.000190738 -0.495346 0.255779 -0.00302821 -1.25753 1.73476 -0.0211719 -0.19894 -0.00324254 0.000572213 0.39044 -0.250115 -0.00164773 -0.197032 0.00133516 0.000190738 0.392729 -0.249621 0.000448977 
23 -0.00782013 0.00972748 0.233272 -1.40004 0.000190738 -0.495346 0.256924 -0.00340968 -1.25029 1.7359 -0.0211719 -0.19894 -0.00324254 0.000572213 0.39044 -0.250115 -0.00164773 -0.197032 0.00133516 0.000190738 0.392729 -0.249621 0.000448977 
23 -0.00782013 0.00972748 0.233272 -1.40004 0.000190738 -0.495346 0.258831 -0.00340968 -1.24304 1.73667 -0.0211719 -0.19894 -0.00324254 0.000572213 0.39044 -0.250115 -0.00164773 -0.197032 0.00133516 0.000190738 0.392729 -0.249621 0.000448977 
23 -0.00782013 0.00972748 0.233272 -1.40004 0.000190738 -0.495346 0.260357 -0.00340968 -1.23579 1.73743 -0.0211719 -0.19894 -0.00324254 0.000572213 0.39044 -0.250115 -0.00164773 -0.197032 0.00133516 0.000190738 0.392729 -0.249621 0.000448977 
23 -0.00782013 0.00972748 0.233272 -1.40004 0.000190738 -0.495346 0.261501 -0.00340968 -1.22892 1.73819 -0.0211719 -0.19894 -0.00324254 0.000572213 0.39044 -0.250115 -0.00164773 -0.197032 0.00133516 0.000190738 0.392729 -0.249621 0.000448977 
23 -0.00782013 0.00972748 0.233272 -1.40004 0.000190738 -0.495346 0.262646 -0.00379115 -1.22168 1.73896 -0.0211719 -0.19894 -0.00324254 0.000572213 0.39044 -0.250115 -0.00164773 -0.197032 0.00133516 0.000190738 0.392729 -0.249621 0.000448977 
23 -0.00782013 0.00972748 0.233272 -1.40004 0.000190738 -0.495346 0.26379 -0.00379115 -1.21481 1.7401 -0.0211719 -0.19894 -0.00324254 0.000572213 0.39044 -0.250115 -0.00164773 -0.197032 0.00133516 0.000190738 0.392729 -0.249621 0.000448977 
23 -0.00782013 0.00972748 0.233272 -1.40004 0.000190738 -0.495346 0.264935 -0.00379115 -1.20756 1.74163 -0.0211719 -0.19894 -0.00324254 0.000572213 0.39044 -0.250115 -0.00164773 -0.197032 0.00133516 0.000190738 0.392729 -0.249621 0.000448977 
23 -0.00782013 0.00972748 0.233272 -1.40004 0.000190738 -0.495346 0.266461 -0.00379115 -1.20069 1.74277 -0.0211719 -0.19894 -0.00324254 0.000572213 0.39044 -0.250115 -0.00164773 -0.197032 0.00133516 0.000190738 0.392729 -0.249621 0.000448977 
23 -0.00782013 0.00972748 0.233272 -1.40004 0.000190738 -0.495346 0.267224 -0.00379115 -1.19383 1.74353 -0.0211719 -0.19894 -0.00324254 0.000572213 0.39044 -0.250115 -0.00164773 -0.197032 0.00133516 0.000190738 0.392729 -0.249621 0.000448977 
23 -0.00782013 0.00972748 0.233272 -1.40004 0.000190738 -0.495346 0.267987 -0.00379115 -1.18658 1.7443 -0.0211719 -0.19894 -0.00324254 0.000572213 0.39044 -0.250115 -0.00164773 -0.197032 0.00133516 0.000190738 0.392729 -0.249621 0.000448977 
23 -0.00782013 0.00972748 0.233272 -1.40004 0.000190738 -0.495346 0.26875 -0.00379115 -1.18009 1.74506 -0.0211719 -0.19894 -0.00324254 0.000572213 0.39044 -0.250115 -0.00164773 -0.197032 0.00133516 0.000190738 0.392729 -0.249621 0.000448977 
23 -0.00782013 0.00972748 0.233272 -1.40004 0.000190738 -0.495346 0.269512 -0.00379115 -1.17285 1.74582 -0.0211719 -0.19894 -0.00324254 0.000572213 0.39044 -0.250115 -0.00164773 -0.197032 0.00133516 0.000190738 0.392729 -0.249621 0.000448977 
23 -0.00782013 0.00972748 0.233272 -1.40004 0.000190738 -0.495346 0.270657 -0.00379115 -1.16636 1.74659 -0.0211719 -0.19894 -0.00324254 0.000572213 0.39044 -0.250115 -0.00164773 -0.197032 0.00133516 0.000190738 0.392729 -0.249621 0.000448977 
23 -0.00782013 0.00972748 0.233272 -1.40004 0.000190738 -0.495346 0.271801 -0.00379115 -1.15949 1.74773 -0.0211719 -0.19894 -0.00324254 0.000572213 0.39044 -0.250115 -0.00164773 -0.197032 0.00133516 0.000190738 0.392729 -0.249621 0.000448977 
23 -0.00782013 0.00972748 0.233272 -1.40004 0.000190738 -0.495346 0.272564 -0.00379115 -1.15301 1.74887 -0.0207904 -0.19894 -0.00324254 0.000572213 0.39044 -0.250115 -0.00164773 -0.197032 0.00133516 0.000190738 0.392729 -0.249621 0.000448977 
23 -0.00782013 0.00972748 0.232891 -1.40004 0.000190738 -0.495346 0.273327 -0.00379115 -1.14614 1.74964 -0.0207904 -0.19894 -0.00324254 0.000572213 0.39044 -0.250115 -0.00164773 -0.197032 0.00133516 0.000190738 0.392729 -0.249621 0.000448977 
23 -0.00782013 0.00972748 0.232891 -1.40004 0.000190738 -0.495346 0.273709 -0.00379115 -1.14004 1.7504 -0.0207904 -0.19894 -0.00324254 0.000572213 0.39044 -0.250115 -0.00164773 -0.197032 0.00133516 0.000190738 0.392729 -0.249621 0.000448977 
23 -0.00782013 0.00972748 0.232891 -1.40004 0.000190738 -0.495346 0.274472 -0.00379115 -1.13355 1.75154 -0.0207904 -0.19894 -0.00324254 0.000572213 0.39044 -0.250115 -0.00164773 -0.197032 0.00133516 0.000190738 0.392729 -0.249621 0.000448977 
23 -0.00782013 0.00972748 0.232891 -1.40004 0.000190738 -0.495346 0.274853 -0.00379115 -1.12707 1.75193 -0.0207904 -0.19894 -0.00324254 0.000572213 0.39044 -0.250115 -0.00164773 -0.197032 0.00133516 0.000190738 0.392729 -0.249621 0.000448977 
23 -0.00782013 0.00972748 0.232891 -1.40004 0.000190738 -0.495346 0.275235 -0.00379115 -1.12097 1.75307 -0.0207904 -0.19894 -0.00324254 0.000572213 0.39044 -0.250115 -0.00164773 -0.197032 0.00133516 0.000190738 0.392729 -0.249621 0.000448977 
23 -0.00782013 0.00972748 0.232891 -1.40004 0.000190738 -0.495346 0.275616 -0.00379115 -1.11486 1.75422 -0.0207904 -0.19894 -0.00324254 0.000572213 0.39044 -0.250115 -0.00164773 -0.197032 0.00133516 0.000190738 0.392729 -0.249621 0.000448977 
23 -0.00782013 0.00972748 0.232891 -1.40004 0.000190738 -0.495346 0.275998 -0.00379115 -1.10876 1.75536 -0.0207904 -0.19894 -0.00324254 0.000572213 0.39044 -0.250115 -0.00164773 -0.197032 0.00133516 0.000190738 0.392729 -0.249621 0.000448977 
23 -0.00782013 0.00972748 0.232891 -1.40004 0.000190738 -0.495346 0.276379 -0.00379115 -1.10266 1.75612 -0.0207904 -0.19894 -0.00324254 0.000572213 0.39044 -0.250115 -0.00164773 -0.197032 0.00133516 0.000190738 0.392729 -0.249621 0.000448977 
23 -0.00782013 0.00972748 0.232891 -1.40004 0.000190738 -0.495346 0.276761 -0.00379115 -1.09693 1.75689 -0.0204089 -0.19894 -0.00324254 0.000572213 0.39044 -0.250115 -0.00164773 -0.197032 0.00133516 0.000190738 0.392729 -0.249621 0.000448977 
23 -0.00782013 0.00972748 0.232891 -1.40004 0.000190738 -0.495346 0.277142 -0.00340968 -1.09121 1.75765 -0.0204089 -0.19894 -0.00324254 0.000572213 0.39044 -0.250115 -0.00164773 -0.197032 0.00133516 0.000190738 0.392729 -0.249621 0.000448977 
23 -0.00782013 0.00972748 0.232891 -1.40004 0.000190738 -0.495346 0.277142 -0.00340968 -1.08549 1.75803 -0.0204089 -0.19894 -0.00324254 0.000572213 0.39044 -0.250115 -0.00164773 -0.197032 0.00133516 0.000190738 0.392729 -0.249621 0.000448977 
23 -0.00782013 0.00972748 0.232891 -1.40004 0.000190738 -0.495346 0.277523 -0.00340968 -1.08015 1.75879 -0.0204089 -0.19894 -0.00324254 0.000572213 0.39044 -0.250115 -0.00164773 -0.197032 0.00133516 0.000190738 0.392729 -0.249621 0.000448977 
23 -0.00782013 0.00972748 0.232891 -1.40004 0.000190738 -0.495346 0.277523 -0.00340968 -1.07443 1.75956 -0.0204089 -0.19894 -0.00324254 0.000572213 0.39044 -0.250115 -0.00164773 -0.197032 0.00133516 0.000190738 0.392729 -0.249621 0.000448977 
23 -0.00782013 0.00972748 0.232891 -1.40004 0.000190738 -0.495346 0.277523 -0.00340968 -1.06947 1.76032 -0.0204089 -0.19894 -0.00324254 0.000572213 0.39044 -0.250115 -0.00164773 -0.197032 0.00133516 0.000190738 0.392729 -0.249621 0.000448977 
23 -0.00782013 0.00972748 0.232891 -1.40004 0.000190738 -0.495346 0.277523 -0.00340968 -1.06413 1.76108 -0.0200275 -0.19894 -0.00324254 0.000572213 0.39044 -0.250115 -0.00164773 -0.197032 0.00133516 0.000190738 0.392729 -0.249621 0.000448977 
23 -0.00782013 0.00972748 0.232891 -1.40004 0.000190738 -0.495346 0.277523 -0.00340968 -1.05879 1.76146 -0.0200275 -0.19894 -0.00324254 0.000572213 0.39044 -0.250115 -0.00164773 -0.197032 0.00133516 0.000190738 0.392729 -0.249621 0.000448977 
23 -0.00782013 0.00972748 0.232891 -1.40004 0.000190738 -0.495346 0.277142 -0.00340968 -1.05383 1.76223 -0.0200275 -0.19894 -0.00324254 0.000572213 0.39044 -0.250115 -0.00164773 -0.197032 0.00133516 0.000190738 0.392729 -0.249621 0.000448977 
23 -0.00782013 0.00972748 0.232891 -1.40004 0.000190738 -0.495346 0.277142 -0.00340968 -1.04887 1.76299 -0.0200275 -0.19894 -0.00324254 0.000572213 0.39044 -0.250115 -0.00164773 -0.197032 0.00133516 0.000190738 0.392729 -0.249621 0.000448977 
23 -0.00782013 0.00972748 0.232891 -1.40004 0.000190738 -0.495346 0.277142 -0.00340968 -1.04429 1.76337 -0.019646 -0.19894 -0.00324254 0.000572213 0.39044 -0.250115 -0.00164773 -0.197032 0.00133516 0.000190738 0.392729 -0.249621 0.000448977 
23 -0.00782013 0.00972748 0.232891 -1.40004 0.000190738 -0.495346 0.277142 -0.00340968 -1.03933 1.76413 -0.019646 -0.19894 -0.00324254 0.000572213 0.39044 -0.250115 -0.00164773 -0.197032 0.00133516 0.000190738 0.392729 -0.249621 0.000448977 
23 -0.00782013 0.00972748 0.232891 -1.40004 0.000190738 -0.495346 0.276761 -0.00340968 -1.03475 1.7649 -0.019646 -0.19894 -0.00324254 0.000572213 0.39044 -0.250115 -0.00164773 -0.197032 0.00133516 0.000190738 0.392729 -0.249621 0.000448977 
23 -0.00782013 0.00972748 0.232891 -1.40004 0.000190738 -0.495346 0.276761 -0.00340968 -1.03056 1.76566 -0.019646 -0.19894 -0.00324254 0.000572213 0.39044 -0.250115 -0.00164773 -0.197032 0.00133516 0.000190738 0.392729 -0.249621 0.000448977 
23 -0.00782013 0.00972748 0.232891 -1.40004 0.000190738 -0.495346 0.276379 -0.00340968 -1.02636 1.7668 -0.0192645 -0.19894 -0.00324254 0.000572213 0.39044 -0.250115 -0.00164773 -0.197032 0.00133516 0.000190738 0.392729 -0.249621 0.000448977 
23 -0.00782013 0.00972748 0.232891 -1.40004 0.000190738 -0.495346 0.276379 -0.00340968 -1.02216 1.76757 -0.0192645 -0.19894 -0.00324254 0.000572213 0.39044 -0.250115 -0.00164773 -0.197032 0.00133516 0.000190738 0.392729 -0.249621 0.000448977 
23 -0.00782013 0.00972748 0.232891 -1.40004 0.000190738 -0.495346 0.275998 -0.00340968 -1.01835 1.76795 -0.0192645 -0.19894 -0.00324254 0.000572213 0.39044 -0.250115 -0.00164773 -0.197032 0.00133516 0.000190738 0.392729 -0.249621 0.000448977 
23 -0.00782013 0.00972748 0.232891 -1.40004 0.000190738 -0.495346 0.275616 -0.00340968 -1.01415 1.76833 -0.0192645 -0.19894 -0.00324254 0.000572213 0.39044 -0.250115 -0.00164773 -0.197032 0.00133516 0.000190738 0.392729 -0.249621 0.000448977 
23 -0.00782013 0.00972748 0.232891 -1.40004 0.000190738 -0.495346 0.275616 -0.00340968 -1.01072 1.76909 -0.0192645 -0.19894 -0.00324254 0.000572213 0.39044 -0.250115 -0.00164773 -0.197032 0.00133516 0.000190738 0.392729 -0.249621 0.000448977 
23 -0.00782013 0.00972748 0.232891 -1.40004 0.000190738 -0.495346 0.275235 -0.00340968 -1.00729 1.76947 -0.0192645 -0.19894 -0.00324254 0.000572213 0.39044 -0.250115 -0.00164773 -0.197032 0.00133516 0.000190738 0.392729 -0.249621 0.000448977 
23 -0.00782013 0.00972748 0.232891 -1.40004 0.000190738 -0.495346 0.274853 -0.00340968 -1.00385 1.76986 -0.0192645 -0.19894 -0.00324254 0.000572213 0.39044 -0.250115 -0.00164773 -0.197032 0.00133516 0.000190738 0.392729 -0.249621 0.000448977 
23 -0.00782013 0.00972748 0.232891 -1.40004 0.000190738 -0.495346 0.274853 -0.00379115 -1.0008 1.77024 -0.0192645 -0.19894 -0.00324254 0.000572213 0.39044 -0.250115 -0.00164773 -0.197032 0.00133516 0.000190738 0.392729 -0.249621 0.000448977 
23 -0.00782013 0.00972748 0.232891 -1.40004 0.000190738 -0.495346 0.274472 -0.00379115 -0.997368 1.77062 -0.018883 -0.19894 -0.00324254 0.000572213 0.39044 -0.250115 -0.00164773 -0.197032 0.00133516 0.000190738 0.392729 -0.249621 0.000448977 
23 -0.00782013 0.00972748 0.232891 -1.40004 0.000190738 -0.495346 0.27409 -0.00379115 -0.995079 1.77138 -0.018883 -0.19894 -0.00324254 0.000572213 0.39044 -0.250115 -0.00164773 -0.197032 0.00133516 0.000190738 0.392729 -0.249621 0.000448977 
23 -0.00782013 0.00972748 0.232891 -1.40004 0.000190738 -0.495346 0.273327 -0.00379115 -0.992027 1.77176 -0.018883 -0.19894 -0.00324254 0.000572213 0.39044 -0.250115 -0.00164773 -0.197032 0.00133516 0.000190738 0.392729 -0.249621 0.000448977 
23 -0.00782013 0.00972748 0.232891 -1.40004 0.000190738 -0.495346 0.272946 -0.00379115 -0.989357 1.77253 -0.018883 -0.19894 -0.00324254 0.000572213 0.39044 -0.250115 -0.00164773 -0.197032 0.00133516 0.000190738 0.392729 -0.249621 0.000448977 
23 -0.00782013 0.00972748 0.232891 -1.40004 0.000190738 -0.495346 0.272183 -0.00379115 -0.986687 1.77291 -0.018883 -0.19894 -0.00324254 0.000572213 0.39044 -0.250115 -0.00164773 -0.197032 0.00133516 0.000190738 0.392729 -0.249621 0.000448977 
23 -0.00782013 0.00972748 0.232891 -1.40004 0.000190738 -0.495346 0.27142 -0.00379115 -0.984779 1.77367 -0.018883 -0.19894 -0.00324254 0.000572213 0.39044 -0.250115 -0.00164773 -0.197032 0.00133516 0.000190738 0.392729 -0.249621 0.000448977 
23 -0.00782013 0.00972748 0.232891 -1.40004 0.000190738 -0.495346 0.270275 -0.00379115 -0.982872 1.77405 -0.0185016 -0.19894 -0.00324254 0.000572213 0.39044 -0.250115 -0.00164773 -0.197032 0.00133516 0.000190738 0.392729 -0.249621 0.000448977 
23 -0.00782013 0.00972748 0.232891 -1.40004 0.000190738 -0.495346 0.269512 -0.00379115 -0.980964 1.77405 -0.0185016 -0.19894 -0.00324254 0.000572213 0.39044 -0.250115 -0.00164773 -0.197032 0.00133516 0.000190738 0.392729 -0.249621 0.000448977 
23 -0.00782013 0.00972748 0.232891 -1.40004 0.000190738 -0.495346 0.26875 -0.00379115 -0.979057 1.77481 -0.0185016 -0.19894 -0.00324254 0.000572213 0.39044 -0.250115 -0.00164773 -0.197032 0.00133516 0.000190738 0.392729 -0.249621 0.000448977 
23 -0.00782013 0.00972748 0.232891 -1.40004 0.000190738 -0.495346 0.268368 -0.00417262 -0.977531 1.7752 -0.0181201 -0.19894 -0.00324254 0.000572213 0.39044 -0.250115 -0.00164773 -0.197032 0.00133516 0.000190738 0.392729 -0.249621 0.000448977 
23 -0.00782013 0.00972748 0.232891 -1.40004 0.000190738 -0.495346 0.267605 -0.00417262 -0.976005 1.77558 -0.0181201 -0.19894 -0.00324254 0.000572213 0.39044 -0.250115 -0.00164773 -0.197032 0.00133516 0.000190738 0.392729 -0.249621 0.000448977 
23 -0.00782013 0.00972748 0.232891 -1.40004 0.000190738 -0.495346 0.266461 -0.00417262 -0.974479 1.77596 -0.0177386 -0.19894 -0.00324254 0.000572213 0.39044 -0.250115 -0.00164773 -0.197032 0.00133516 0.000190738 0.392729 -0.249621 0.000448977 
23 -0.00782013 0.00972748 0.232891 -1.40004 0.000190738 -0.495346 0.265698 -0.00417262 -0.973716 1.77634 -0.0177386 -0.19894 -0.00324254 0.000572213 0.39044 -0.250115 -0.00164773 -0.197032 0.00133516 0.000190738 0.392729 -0.249621 0.000448977 
23 -0.00782013 0.00972748 0.232891 -1.40004 0.000190738 -0.495346 0.264553 -0.00417262 -0.972953 1.77672 -0.0177386 -0.19894 -0.00324254 0.000572213 0.39044 -0.250115 -0.00164773 -0.197032 0.00133516 0.000190738 0.392729 -0.249621 0.000448977 
23 -0.00782013 0.00972748 0.232891 -1.40004 0.000190738 -0.495346 0.26379 -0.00417262 -0.97219 1.77749 -0.0177386 -0.19894 -0.00324254 0.000572213 0.39044 -0.250115 -0.00164773 -0.197032 0.00133516 0.000190738 0.392729 -0.249621 0.000448977 
23 -0.00743866 0.00972748 0.232891 -1.40004 0.000190738 -0.495346 0.262646 -0.00417262 -0.971809 1.77787 -0.0173571 -0.19894 -0.00324254 0.000572213 0.39044 -0.250115 -0.00164773 -0.197032 0.00133516 0.000190738 0.392729 -0.249621 0.000448977 
23 -0.00782013 0.00972748 0.232891 -1.40004 0.000190738 -0.495346 0.261501 -0.00417262 -0.971428 1.77863 -0.0173571 -0.19894 -0.00324254 0.000572213 0.39044 -0.250115 -0.00164773 -0.197032 0.00133516 0.000190738 0.392729 -0.249621 0.000448977 
23 -0.00782013 0.00972748 0.232891 -1.40004 0.000190738 -0.495346 0.260739 -0.00417262 -0.971428 1.77901 -0.0173571 -0.19894 -0.00324254 0.000572213 0.39044 -0.250115 -0.00164773 -0.197032 0.00133516 0.000190738 0.392729 -0.249621 0.000448977 
23 -0.00782013 0.00972748 0.232891 -1.40004 0.000190738 -0.495346 0.259594 -0.00417262 -0.971428 1.77977 -0.0169757 -0.19894 -0.00324254 0.000572213 0.39044 -0.250115 -0.00164773 -0.197032 0.00133516 0.000190738 0.392729 -0.249621 0.000448977 
23 -0.00782013 0.00972748 0.232891 -1.40004 0.000190738 -0.495346 0.258068 -0.00417262 -0.971809 1.78016 -0.0169757 -0.19894 -0.00324254 0.000572213 0.39044 -0.250115 -0.00164773 -0.197032 0.00133516 0.000190738 0.392729 -0.249621 0.000448977 
23 -0.00782013 0.00972748 0.232891 -1.40004 0.000190738 -0.495346 0.256924 -0.00417262 -0.97219 1.78054 -0.0169757 -0.19894 -0.00324254 0.000572213 0.39044 -0.250115 -0.00164773 -0.197032 0.00133516 0.000190738 0.392729 -0.249621 0.000448977 
23 -0.00782013 0.00972748 0.232891 -1.40004 0.000190738 -0.495346 0.255779 -0.00417262 -0.972572 1.78054 -0.0169757 -0.19894 -0.00324254 0.000572213 0.39044 -0.250115 -0.00164773 -0.197032 0.00133516 0.000190738 0.392729 -0.249621 0.000448977 
23 -0.00782013 0.00972748 0.232891 -1.40004 0.000190738 -0.495346 0.254635 -0.00417262 -0.973335 1.78092 -0.0165942 -0.19894 -0.00324254 0.000572213 0.39044 -0.250115 -0.00164773 -0.197032 0.00133516 0.000190738 0.392729 -0.249621 0.000448977 
23 -0.00782013 0.00972748 0.233272 -1.40004 0.000190738 -0.495346 0.253491 -0.00417262 -0.974098 1.78092 -0.0165942 -0.19894 -0.00324254 0.000572213 0.39044 -0.250115 -0.00164773 -0.197032 0.00133516 0.000190738 0.392729 -0.249621 0.000448977 
23 -0.00782013 0.00972748 0.233272 -1.40004 0.000190738 -0.495346 0.251583 -0.00417262 -0.975242 1.7813 -0.0165942 -0.19894 -0.00324254 0.000572213 0.39044 -0.250115 -0.00164773 -0.197032 0.00133516 0.000190738 0.392729 -0.249621 0.000448977 
23 -0.00782013 0.00972748 0.233272 -1.40004 0.000190738 -0.495346 0.250057 -0.00417262 -0.976387 1.7813 -0.0165942 -0.19894 -0.00324254 0.000572213 0.39044 -0.250115 -0.00164773 -0.197032 0.00133516 0.000190738 0.392729 -0.249621 0.000448977 
23 -0.00782013 0.00972748 0.233272 -1.40004 0.000190738 -0.495346 0.248913 -0.00417262 -0.977531 1.78168 -0.0162127 -0.19894 -0.00324254 0.000572213 0.39044 -0.250115 -0.00164773 -0.197032 0.00133516 0.000190738 0.392729 -0.249621 0.000448977 
23 -0.00782013 0.00972748 0.233272 -1.40004 0.000190738 -0.495346 0.247387 -0.00417262 -0.979057 1.78168 -0.0162127 -0.19894 -0.00324254 0.000572213 0.39044 -0.250115 -0.00164773 -0.197032 0.00133516 0.000190738 0.392729 -0.249621 0.000448977 
23 -0.00782013 0.00972748 0.233272 -1.40004 0.000190738 -0.495346 0.24548 -0.00455409 -0.980583 1.78168 -0.0162127 -0.19894 -0.00324254 0.000572213 0.39044 -0.250115 -0.00164773 -0.197032 0.00133516 0.000190738 0.392729 -0.249621 0.000448977 
23 -0.00782013 0.00972748 0.233272 -1.40004 0.000190738 -0.495346 0.243954 -0.00455409 -0.98249 1.78168 -0.0158312 -0.19894 -0.00324254 0.000572213 0.39044 -0.250115 -0.00164773 -0.197032 0.00133516 0.000190738 0.392729 -0.249621 0.000448977 
23 -0.00782013 0.00972748 0.233272 -1.40004 0.000190738 -0.495346 0.242809 -0.00455409 -0.984016 1.78206 -0.0154498 -0.19894 -0.00324254 0.000572213 0.39044 -0.250115 -0.00164773 -0.197032 0.00133516 0.000190738 0.392729 -0.249621 0.000448977 
23 -0.00782013 0.00972748 0.233272 -1.40004 0.000190738 -0.495346 0.241283 -0.00493556 -0.985924 1.78206 -0.0154498 -0.19894 -0.00324254 0.000572213 0.39044 -0.250115 -0.00164773 -0.197032 0.00133516 0.000190738 0.392729 -0.249621 0.000448977 
23 -0.00782013 0.00972748 0.233272 -1.40004 0.000190738 -0.495346 0.239376 -0.00493556 -0.988212 1.78206 -0.0150683 -0.19894 -0.00324254 0.000572213 0.39044 -0.250115 -0.00164773 -0.197032 0.00133516 0.000190738 0.392729 -0.249621 0.000448977 
23 -0.00782013 0.00972748 0.233272 -1.40004 0.000190738 -0.495346 0.23785 -0.00531703 -0.990501 1.78206 -0.0150683 -0.19894 -0.00324254 0.000572213 0.39044 -0.250115 -0.00164773 -0.197032 0.00133516 0.000190738 0.392729 -0.249621 0.000448977 
23 -0.00782013 0.00972748 0.233272 -1.40004 0.000190738 -0.495346 0.236324 -0.00531703 -0.993172 1.78206 -0.0146868 -0.19894 -0.00324254 0.000572213 0.39044 -0.250115 -0.00164773 -0.197032 0.00133516 0.000190738 0.392729 -0.249621 0.000448977 
23 -0.00782013 0.00972748 0.232891 -1.40004 0.000190738 -0.495346 0.234798 -0.00531703 -0.995842 1.78206 -0.0143053 -0.19894 -0.00324254 0.000572213 0.39044 -0.250115 -0.00164773 -0.197032 0.00133516 0.000190738 0.392729 -0.249621 0.000448977 
23 -0.00782013 0.00972748 0.232891 -1.40004 0.000190738 -0.495346 0.232509 -0.00569856 -0.998131 1.78206 -0.0139239 -0.19894 -0.00324254 0.000572213 0.39044 -0.250115 -0.00164773 -0.197032 0.00133516 0.000190738 0.392729 -0.249621 0.000448977 
23 -0.00782013 0.00972748 0.232891 -1.40004 0.000190738 -0.495346 0.230983 -0.00569856 -1.00118 1.78206 -0.0135424 -0.19894 -0.00324254 0.000572213 0.39044 -0.250115 -0.00164773 -0.197032 0.00133516 0.000190738 0.392729 -0.249621 0.000448977 
23 -0.00782013 0.00972748 0.232891 -1.40004 0.000190738 -0.495346 0.229458 -0.00608003 -1.00385 1.78206 -0.0131609 -0.19894 -0.00324254 0.000572213 0.39044 -0.250115 -0.00164773 -0.197032 0.00133516 0.000190738 0.392729 -0.249621 0.000448977 
23 -0.00782013 0.00972748 0.232891 -1.40004 0.000190738 -0.495346 0.227932 -0.00608003 -1.0069 1.78206 -0.0131609 -0.19894 -0.00324254 0.000572213 0.39044 -0.250115 -0.00164773 -0.197032 0.00133516 0.000190738 0.392729 -0.249621 0.000448977 
23 -0.00782013 0.00972748 0.232891 -1.40004 0.000190738 -0.495346 0.226024 -0.0064615 -1.00996 1.78206 -0.0127794 -0.19894 -0.00324254 0.000572213 0.39044 -0.250115 -0.00164773 -0.197032 0.00133516 0.000190738 0.392729 -0.249621 0.000448977 
23 -0.00782013 0.00972748 0.232891 -1.40004 0.000190738 -0.495346 0.224498 -0.0064615 -1.01339 1.78168 -0.012398 -0.19894 -0.00324254 0.000572213 0.39044 -0.250115 -0.00164773 -0.197032 0.00133516 0.000190738 0.392729 -0.249621 0.000448977 
23 -0.00782013 0.00972748 0.232891 -1.40004 0.000190738 -0.495346 0.222972 -0.00684297 -1.01682 1.78168 -0.0120165 -0.19894 -0.00324254 0.000572213 0.39044 -0.250115 -0.00164773 -0.197032 0.00133516 0.000190738 0.392729 -0.249621 0.000448977 
23 -0.00782013 0.00972748 0.232891 -1.40004 0.000190738 -0.495346 0.221065 -0.00684297 -1.02026 1.78168 -0.011635 -0.19894 -0.00324254 0.000572213 0.39044 -0.250115 -0.00164773 -0.197032 0.00133516 0.000190738 0.392729 -0.249621 0.000448977 
23 -0.00782013 0.00972748 0.232891 -1.40004 0.000190738 -0.495346 0.219158 -0.00722444 -1.02369 1.78168 -0.011635 -0.19894 -0.00324254 0.000572213 0.39044 -0.250115 -0.00164773 -0.197032 0.00133516 0.000190738 0.392729 -0.249621 0.000448977 
23 -0.00782013 0.00972748 0.232891 -1.40004 0.000190738 -0.495346 0.218013 -0.00760591 -1.0275 1.78168 -0.0112535 -0.19894 -0.00324254 0.000572213 0.39044 -0.250115 -0.00164773 -0.197032 0.00133516 0.000190738 0.392729 -0.249621 0.000448977 
23 -0.00782013 0.00972748 0.232891 -1.40004 0.000190738 -0.495346 0.216487 -0.00798738 -1.03132 1.7813 -0.0108721 -0.19894 -0.00324254 0.000572213 0.39044 -0.250115 -0.00164773 -0.197032 0.00133516 0.000190738 0.392729 -0.249621 0.000448977 
23 -0.00782013 0.00972748 0.232891 -1.40004 0.000190738 -0.495346 0.21458 -0.00836885 -1.03513 1.7813 -0.0108721 -0.19894 -0.00324254 0.000572213 0.39044 -0.250115 -0.00164773 -0.197032 0.00133516 0.000190738 0.392729 -0.249621 0.000448977 
23 -0.00782013 0.00972748 0.232891 -1.40004 0.000190738 -0.495346 0.213054 -0.00875032 -1.03933 1.7813 -0.0104906 -0.19894 -0.00324254 0.000572213 0.39044 -0.250115 -0.00164773 -0.197032 0.00133516 0.000190738 0.392729 -0.249621 0.000448977 
23 -0.00782013 0.00972748 0.232891 -1.40004 0.000190738 -0.495346 0.211528 -0.00913179 -1.04353 1.78092 -0.0101091 -0.19894 -0.00324254 0.000572213 0.39044 -0.250115 -0.00164773 -0.197032 0.00133516 0.000190738 0.392729 -0.249621 0.000448977 
23 -0.00782013 0.00972748 0.232891 -1.40004 0.000190738 -0.495346 0.210002 -0.00951326 -1.04772 1.78092 -0.0101091 -0.19894 -0.00324254 0.000572213 0.39044 -0.250115 -0.00164773 -0.197032 0.00133516 0.000190738 0.392729 -0.249621 0.000448977 
23 -0.00782013 0.00972748 0.232891 -1.40004 0.000190738 -0.495346 0.207713 -0.00989479 -1.05192 1.78054 -0.00972763 -0.19894 -0.00324254 0.000572213 0.39044 -0.250115 -0.00164773 -0.197032 0.00133516 0.000190738 0.392729 -0.249621 0.000448977 
23 -0.00782013 0.00972748 0.232891 -1.40004 0.000190738 -0.495346 0.206569 -0.0102763 -1.0565 1.78016 -0.00972763 -0.19894 -0.00324254 0.000572213 0.39044 -0.250115 -0.00164773 -0.197032 0.00133516 0.000190738 0.392729 -0.249621 0.000448977 
23 -0.00782013 0.00972748 0.232891 -1.40004 0.000190738 -0.495346 0.205043 -0.0106577 -1.06069 1.78016 -0.00934615 -0.19894 -0.00324254 0.000572213 0.39044 -0.250115 -0.00164773 -0.197032 0.00133516 0.000190738 0.392729 -0.249621 0.000448977 
23 -0.00782013 0.00972748 0.232891 -1.40004 0.000190738 -0.495346 0.203899 -0.0106577 -1.06527 1.77977 -0.00896468 -0.19894 -0.00324254 0.000572213 0.39044 -0.250115 -0.00164773 -0.197032 0.00133516 0.000190738 0.392729 -0.249621 0.000448977 
23 -0.00782013 0.00972748 0.232891 -1.40004 0.000190738 -0.495346 0.201991 -0.0110392 -1.07023 1.77939 -0.00896468 -0.19894 -0.00324254 0.000572213 0.39044 -0.250115 -0.00164773 -0.197032 0.00133516 0.000190738 0.392729 -0.249621 0.000448977 
23 -0.00782013 0.00972748 0.232891 -1.40004 0.000190738 -0.495346 0.200465 -0.0110392 -1.07481 1.77901 -0.0085832 -0.19894 -0.00324254 0.000572213 0.39044 -0.250115 -0.00164773 -0.197032 0.00133516 0.000190738 0.392729 -0.249621 0.000448977 
23 -0.00782013 0.00972748 0.232891 -1.40004 0.000190738 -0.495346 0.19894 -0.0114207 -1.07939 1.77863 -0.00820172 -0.19894 -0.00324254 0.000572213 0.39044 -0.250115 -0.00164773 -0.197032 0.00133516 0.000190738 0.392729 -0.249621 0.000448977 
23 -0.00782013 0.00972748 0.232891 -1.40004 0.000190738 -0.495346 0.197795 -0.0118021 -1.08434 1.77825 -0.00820172 -0.19894 -0.00324254 0.000572213 0.39044 -0.250115 -0.00164773 -0.197032 0.00133516 0.000190738 0.392729 -0.249621 0.000448977 
23 -0.00782013 0.00972748 0.232891 -1.40004 0.000190738 -0.495346 0.195888 -0.0121836 -1.0893 1.77787 -0.00782025 -0.19894 -0.00324254 0.000572213 0.39044 -0.250115 -0.00164773 -0.197032 0.00133516 0.000190738 0.392729 -0.249621 0.000448977 
23 -0.00782013 0.00972748 0.232891 -1.40004 0.000190738 -0.495346 0.194362 -0.0125651 -1.09464 1.77749 -0.00782025 -0.19894 -0.00324254 0.000572213 0.39044 -0.250115 -0.00164773 -0.197032 0.00133516 0.000190738 0.392729 -0.249621 0.000448977 
23 -0.00782013 0.00972748 0.232891 -1.40004 0.000190738 -0.495346 0.193217 -0.0129465 -1.09922 1.7771 -0.00743877 -0.19894 -0.00324254 0.000572213 0.39044 -0.250115 -0.00164773 -0.197032 0.00133516 0.000190738 0.392729 -0.249621 0.000448977 
23 -0.00782013 0.00972748 0.232891 -1.40004 0.000190738 -0.495346 0.191691 -0.013328 -1.10456 1.7771 -0.00743877 -0.19894 -0.00324254 0.000572213 0.39044 -0.250115 -0.00164773 -0.197032 0.00133516 0.000190738 0.392729 -0.249621 0.000448977 
23 -0.00782013 0.00972748 0.232891 -1.40004 0.000190738 -0.495346 0.190547 -0.013328 -1.10952 1.77672 -0.00743877 -0.19894 -0.00324254 0.000572213 0.39044 -0.250115 -0.00164773 -0.197032 0.00133516 0.000190738 0.392729 -0.249621 0.000448977 
23 -0.00782013 0.00972748 0.232891 -1.40004 0.000190738 -0.495346 0.18864 -0.0137095 -1.11486 1.77672 -0.0070573 -0.19894 -0.00324254 0.000572213 0.39044 -0.250115 -0.00164773 -0.197032 0.00133516 0.000190738 0.392729 -0.249621 0.000448977 
23 -0.00782013 0.00972748 0.232891 -1.40004 0.000190738 -0.495346 0.187495 -0.0144725 -1.1202 1.77672 -0.0070573 -0.19894 -0.00324254 0.000572213 0.39044 -0.250115 -0.00164773 -0.197032 0.00133516 0.000190738 0.392729 -0.249621 0.000448977 
23 -0.00782013 0.00972748 0.232891 -1.40004 0.000190738 -0.495346 0.186351 -0.014854 -1.12554 1.77672 -0.0070573 -0.19894 -0.00324254 0.000572213 0.39044 -0.250115 -0.00164773 -0.197032 0.00133516 0.000190738 0.392729 -0.249621 0.000448977 
23 -0.00782013 0.00972748 0.232891 -1.40004 0.000572213 -0.495346 0.184825 -0.0152354 -1.13088 1.77672 -0.00667582 -0.19894 -0.00324254 0.000572213 0.39044 -0.250115 -0.00164773 -0.197032 0.00133516 0.000190738 0.392729 -0.249621 0.000448977 
23 -0.00782013 0.00972748 0.232891 -1.40004 0.000190738 -0.495346 0.183299 -0.0159984 -1.13622 1.77672 -0.00667582 -0.19894 -0.00324254 0.000572213 0.39044 -0.250115 -0.00164773 -0.197032 0.00133516 0.000190738 0.392729 -0.249621 0.000448977 
23 -0.00782013 0.00972748 0.232891 -1.40004 0.000190738 -0.495346 0.181773 -0.0163798 -1.14195 1.77672 -0.00629435 -0.19894 -0.00324254 0.000572213 0.39044 -0.250115 -0.00164773 -0.197032 0.00133516 0.000190738 0.392729 -0.249621 0.000448977 
23 -0.00782013 0.00972748 0.232891 -1.40004 0.000190738 -0.495346 0.18101 -0.0167613 -1.14729 1.77672 -0.00629435 -0.19894 -0.00324254 0.000572213 0.39044 -0.250115 -0.00164773 -0.197032 0.00133516 0.000190738 0.392729 -0.249621 0.000448977 
23 -0.00782013 0.00972748 0.232891 -1.40004 0.000190738 -0.495346 0.179484 -0.0167613 -1.15301 1.77672 -0.00629435 -0.19894 -0.00324254 0.000572213 0.39044 -0.250115 -0.00164773 -0.197032 0.00133516 0.000190738 0.392729 -0.249621 0.000448977 
23 -0.00782013 0.00972748 0.232891 -1.40004 0.000190738 -0.495346 0.178721 -0.0171428 -1.15873 1.77672 -0.00591287 -0.19894 -0.00324254 0.000572213 0.39044 -0.250115 -0.00164773 -0.197032 0.00133516 0.000190738 0.392729 -0.249621 0.000448977 
23 -0.00782013 0.00972748 0.232891 -1.40004 0.000190738 -0.495346 0.177195 -0.0175243 -1.16407 1.77672 -0.00591287 -0.19894 -0.00324254 0.000572213 0.39044 -0.250115 -0.00164773 -0.197032 0.00133516 0.000190738 0.392729 -0.249621 0.000448977 
23 -0.00782013 0.00972748 0.232891 -1.40004 0.000572213 -0.495346 0.175669 -0.0179058 -1.17018 1.77672 -0.00591287 -0.19894 -0.00324254 0.000572213 0.39044 -0.250115 -0.00164773 -0.197032 0.00133516 0.000190738 0.392729 -0.249621 0.000448977 
23 -0.00782013 0.00972748 0.232891 -1.40004 0.000190738 -0.495346 0.174525 -0.0182872 -1.1759 1.77634 -0.00591287 -0.19894 -0.00324254 0.000572213 0.39044 -0.250115 -0.00164773 -0.197032 0.00133516 0.000190738 0.392729 -0.249621 0.000448977 
23 -0.00782013 0.00972748 0.232891 -1.40004 0.000190738 -0.495346 0.173381 -0.0182872 -1.18162 1.77634 -0.00591287 -0.19894 -0.00324254 0.000572213 0.39044 -0.250115 -0.00164773 -0.197032 0.00133516 0.000190738 0.392729 -0.249621 0.000448977 
23 -0.00782013 0.00972748 0.232891 -1.40004 0.000190738 -0.495346 0.172236 -0.0186687 -1.18734 1.77634 -0.00591287 -0.19894 -0.00324254 0.000572213 0.39044 -0.250115 -0.00164773 -0.197032 0.00133516 0.000190738 0.392729 -0.249621 0.000448977 
23 -0.00782013 0.00972748 0.232891 -1.40004 0.000190738 -0.495346 0.17071 -0.0186687 -1.19345 1.77634 -0.0055314 -0.19894 -0.00324254 0.000572213 0.39044 -0.250115 -0.00164773 -0.197032 0.00133516 0.000190738 0.392729 -0.249621 0.000448977 
23 -0.00782013 0.00972748 0.232891 -1.40004 0.000190738 -0.495346 0.169566 -0.0190502 -1.19879 1.77634 -0.0055314 -0.19894 -0.00324254 0.000572213 0.39044 -0.250115 -0.00164773 -0.197032 0.00133516 0.000190738 0.392729 -0.249621 0.000448977 
23 -0.00782013 0.00972748 0.232891 -1.40004 0.000190738 -0.495346 0.168421 -0.0190502 -1.20489 1.77672 -0.0055314 -0.19894 -0.00324254 0.000572213 0.39044 -0.250115 -0.00164773 -0.197032 0.00133516 0.000190738 0.392729 -0.249621 0.000448977 
23 -0.00782013 0.00972748 0.232509 -1.40004 0.000190738 -0.495346 0.167659 -0.0194317 -1.21061 1.77672 -0.0055314 -0.19894 -0.00324254 0.000572213 0.39044 -0.250115 -0.00164773 -0.197032 0.00133516 0.000190738 0.392729 -0.249621 0.000448977 
23 -0.00782013 0.00972748 0.232509 -1.40004 0.000190738 -0.495346 0.166514 -0.0194317 -1.21672 1.77672 -0.0055314 -0.19894 -0.00324254 0.000572213 0.39044 -0.250115 -0.00164773 -0.197032 0.00133516 0.000190738 0.392729 -0.249621 0.000448977 
23 -0.00782013 0.00972748 0.232509 -1.40004 0.000190738 -0.495346 0.164988 -0.0198131 -1.22282 1.77672 -0.0055314 -0.19894 -0.00324254 0.000572213 0.39044 -0.250115 -0.00164773 -0.197032 0.00133516 0.000190738 0.392729 -0.249621 0.000448977 
23 -0.00782013 0.00972748 0.232509 -1.40004 0.000190738 -0.495346 0.163844 -0.0198131 -1.22892 1.77672 -0.0055314 -0.19894 -0.00324254 0.000572213 0.39044 -0.250115 -0.00164773 -0.197032 0.00133516 0.000190738 0.392729 -0.249621 0.000448977 
23 -0.00782013 0.00972748 0.232509 -1.40004 0.000572213 -0.495346 0.162699 -0.0201946 -1.23465 1.77634 -0.0055314 -0.19894 -0.00324254 0.000572213 0.39044 -0.250115 -0.00164773 -0.197032 0.00133516 0.000190738 0.392729 -0.249621 0.000448977 
23 -0.00782013 0.00972748 0.232509 -1.40004 0.000572213 -0.495346 0.161936 -0.0201946 -1.24113 1.77672 -0.00514992 -0.19894 -0.00324254 0.000572213 0.39044 -0.250115 -0.00164773 -0.197032 0.00133516 0.000190738 0.392729 -0.249621 0.000448977 
23 -0.00782013 0.00972748 0.232509 -1.40004 0.000572213 -0.495346 0.160792 -0.0205761 -1.24685 1.77672 -0.00514992 -0.19894 -0.00324254 0.000572213 0.39044 -0.250115 -0.00164773 -0.197032 0.00133516 0.000190738 0.392729 -0.249621 0.000448977 
23 -0.00782013 0.00972748 0.232509 -1.40004 0.000572213 -0.495346 0.159648 -0.0209575 -1.25296 1.77672 -0.00514992 -0.19894 -0.00324254 0.000572213 0.39044 -0.250115 -0.00164773 -0.197032 0.00133516 0.000190738 0.392729 -0.249621 0.000448977 
23 -0.00782013 0.0101089 0.232509 -1.40004 0.000572213 -0.495346 0.158122 -0.0209575 -1.25906 1.77672 -0.00514992 -0.19894 -0.00324254 0.000572213 0.39044 -0.250115 -0.00164773 -0.197032 0.00133516 0.000190738 0.392729 -0.249621 0.000448977 
23 -0.00782013 0.00972748 0.232509 -1.40004 0.000572213 -0.495346 0.156977 -0.0213391 -1.26516 1.77672 -0.00514992 -0.19894 -0.00324254 0.000572213 0.39044 -0.250115 -0.00164773 -0.197032 0.00133516 0.000190738 0.392729 -0.249621 0.000448977 
23 -0.00782013 0.00972748 0.232509 -1.40004 0.000572213 -0.495346 0.156214 -0.0217205 -1.27165 1.77672 -0.00514992 -0.19894 -0.00324254 0.000572213 0.39044 -0.250115 -0.00164773 -0.197032 0.00133516 0.000190738 0.392729 -0.249621 0.000448977 
23 -0.00782013 0.00972748 0.232509 -1.40004 0.000572213 -0.495346 0.155451 -0.0217205 -1.27775 1.77672 -0.00514992 -0.19894 -0.00324254 0.000572213 0.39044 -0.250115 -0.00164773 -0.197032 0.00133516 0.000190738 0.392729 -0.249621 0.000448977 
23 -0.00782013 0.00972748 0.232509 -1.40004 0.000572213 -0.495346 0.154307 -0.022102 -1.28386 1.77672 -0.00514992 -0.19894 -0.00324254 0.000572213 0.39044 -0.250115 -0.00164773 -0.197032 0.00133516 0.000190738 0.392729 -0.249621 0.000448977 
23 -0.00782013 0.00972748 0.232509 -1.40004 0.000572213 -0.495346 0.153544 -0.022102 -1.28996 1.77672 -0.00514992 -0.19894 -0.00324254 0.000572213 0.39044 -0.250115 -0.00164773 -0.197032 0.00133516 0.000190738 0.392729 -0.249621 0.000448977 
23 -0.00782013 0.00972748 0.232509 -1.40004 0.000572213 -0.495346 0.152399 -0.0224835 -1.29644 1.77672 -0.00514992 -0.19894 -0.00324254 0.000572213 0.39044 -0.250115 -0.00164773 -0.197032 0.00133516 0.000190738 0.392729 -0.249621 0.000448977 
23 -0.00743866 0.00972748 0.232509 -1.40004 0.000572213 -0.495346 0.151255 -0.0224835 -1.30255 1.77672 -0.00514992 -0.19894 -0.00324254 0.000572213 0.39044 -0.250115 -0.00164773 -0.197032 0.00133516 0.000190738 0.392729 -0.249621 0.000448977 
23 -0.00782013 0.00972748 0.232509 -1.40004 0.000572213 -0.495346 0.150492 -0.0224835 -1.30865 1.77672 -0.00514992 -0.19894 -0.00324254 0.000572213 0.39044 -0.250115 -0.00164773 -0.197032 0.00133516 0.000190738 0.392729 -0.249621 0.000448977 
23 -0.00782013 0.00972748 0.232509 -1.40004 0.000572213 -0.495346 0.149729 -0.0224835 -1.31514 1.77672 -0.00514992 -0.19894 -0.00324254 0.000572213 0.39044 -0.250115 -0.00164773 -0.197032 0.00133516 0.000190738 0.392729 -0.249621 0.000448977 
23 -0.00782013 0.00972748 0.232128 -1.40004 0.000572213 -0.495346 0.148966 -0.0224835 -1.32124 1.77672 -0.00514992 -0.19894 -0.00324254 0.000572213 0.39044 -0.250115 -0.00164773 -0.197032 0.00133516 0.000190738 0.392729 -0.249621 0.000448977 
23 -0.00782013 0.00972748 0.232128 -1.40004 0.000572213 -0.495346 0.147822 -0.0228649 -1.32734 1.77672 -0.00514992 -0.19894 -0.00324254 0.000572213 0.39044 -0.250115 -0.00164773 -0.197032 0.00133516 0.000190738 0.392729 -0.249621 0.000448977 
23 -0.00782013 0.00972748 0.232128 -1.40004 0.000572213 -0.495346 0.147059 -0.0228649 -1.33345 1.77672 -0.00514992 -0.19894 -0.00324254 0.000572213 0.39044 -0.250115 -0.00164773 -0.197032 0.00133516 0.000190738 0.392729 -0.249621 0.000448977 
23 -0.00782013 0.00972748 0.232128 -1.40004 0.000572213 -0.495346 0.145914 -0.0228649 -1.33993 1.77672 -0.00514992 -0.19894 -0.00324254 0.000572213 0.39044 -0.250115 -0.00164773 -0.197032 0.00133516 0.000190738 0.392729 -0.249621 0.000448977 
23 -0.00782013 0.00972748 0.232128 -1.40004 0.000572213 -0.495346 0.145151 -0.0228649 -1.34604 1.77672 -0.00514992 -0.19894 -0.00324254 0.000572213 0.39044 -0.250115 -0.00164773 -0.197032 0.00133516 0.000190738 0.392729 -0.249621 0.000448977 
23 -0.00782013 0.00972748 0.232128 -1.40004 0.000572213 -0.495346 0.144388 -0.0228649 -1.35214 1.77672 -0.00514992 -0.19894 -0.00324254 0.000572213 0.39044 -0.250115 -0.00164773 -0.197032 0.00133516 0.000190738 0.392729 -0.249621 0.000448977 
23 -0.00782013 0.00972748 0.232128 -1.40004 0.000572213 -0.495346 0.144007 -0.0228649 -1.35824 1.77672 -0.00514992 -0.19894 -0.00324254 0.000572213 0.39044 -0.250115 -0.00164773 -0.197032 0.00133516 0.000190738 0.392729 -0.249621 0.000448977 
23 -0.00782013 0.00972748 0.232128 -1.40004 0.000572213 -0.495346 0.143244 -0.0228649 -1.36473 1.77672 -0.00514992 -0.19894 -0.00324254 0.000572213 0.39044 -0.250115 -0.00164773 -0.197032 0.00133516 0.000190738 0.392729 -0.249621 0.000448977 
23 -0.00782013 0.00972748 0.232128 -1.40004 0.000572213 -0.495346 0.142481 -0.0228649 -1.37045 1.77672 -0.00514992 -0.19894 -0.00324254 0.000572213 0.39044 -0.250115 -0.00164773 -0.197032 0.00133516 0.000190738 0.392729 -0.249621 0.000448977 
23 -0.00782013 0.00972748 0.232128 -1.40004 0.000572213 -0.495346 0.141718 -0.0228649 -1.37655 1.77672 -0.00514992 -0.19894 -0.00324254 0.000572213 0.39044 -0.250115 -0.00164773 -0.197032 0.00133516 0.000190738 0.392729 -0.249621 0.000448977 
23 -0.00782013 0.00972748 0.232128 -1.40004 0.000572213 -0.495346 0.141337 -0.0228649 -1.38266 1.77672 -0.00514992 -0.19894 -0.00324254 0.000572213 0.39044 -0.250115 -0.00164773 -0.197032 0.00133516 0.000190738 0.392729 -0.249621 0.000448977 
23 -0.00782013 0.00972748 0.232128 -1.40004 0.000572213 -0.495346 0.140574 -0.0228649 -1.38876 1.77672 -0.00514992 -0.19894 -0.00324254 0.000572213 0.39044 -0.250115 -0.00164773 -0.197032 0.00133516 0.000190738 0.392729 -0.249621 0.000448977 
23 -0.00782013 0.00972748 0.232128 -1.40004 0.000572213 -0.495346 0.139811 -0.0228649 -1.39487 1.77672 -0.00514992 -0.19894 -0.00324254 0.000572213 0.39044 -0.250115 -0.00164773 -0.197032 0.00133516 0.000190738 0.392729 -0.249621 0.000448977 
23 -0.00782013 0.00972748 0.232128 -1.40004 0.000572213 -0.495346 0.139048 -0.0228649 -1.40097 1.77672 -0.00514992 -0.19894 -0.00324254 0.000572213 0.39044 -0.250115 -0.00164773 -0.197032 0.00133516 0.000190738 0.392729 -0.249621 0.000448977 
23 -0.00782013 0.00972748 0.232128 -1.40004 0.000572213 -0.495346 0.138285 -0.0228649 -1.40707 1.77672 -0.00514992 -0.19894 -0.00324254 0.000572213 0.39044 -0.250115 -0.00164773 -0.197032 0.00133516 0.000190738 0.392729 -0.249621 0.000448977 
23 -0.00782013 0.00972748 0.232128 -1.40004 0.000572213 -0.495346 0.137903 -0.0228649 -1.41279 1.77672 -0.0055314 -0.19894 -0.00324254 0.000572213 0.39044 -0.250115 -0.00164773 -0.197032 0.00133516 0.000190738 0.392729 -0.249621 0.000448977 
23 -0.00782013 0.00972748 0.232128 -1.40004 0.000572213 -0.495346 0.137522 -0.0228649 -1.4189 1.77672 -0.0055314 -0.19894 -0.00324254 0.000572213 0.39044 -0.250115 -0.00164773 -0.197032 0.00133516 0.000190738 0.392729 -0.249621 0.000448977 
23 -0.00782013 0.00972748 0.232128 -1.40004 0.000572213 -0.495346 0.13714 -0.0228649 -1.425 1.77672 -0.0055314 -0.19894 -0.00324254 0.000572213 0.39044 -0.250115 -0.00164773 -0.197032 0.00133516 0.000190738 0.392729 -0.249621 0.000448977 
23 -0.00782013 0.00972748 0.232128 -1.40004 0.000572213 -0.495346 0.136759 -0.0228649 -1.43072 1.77672 -0.0055314 -0.19894 -0.00324254 0.000572213 0.39044 -0.250115 -0.00164773 -0.197032 0.00133516 0.000190738 0.392729 -0.249621 0.000448977 
23 -0.00782013 0.00972748 0.232128 -1.40004 0.000572213 -0.495346 0.136378 -0.0228649 -1.43645 1.77672 -0.0055314 -0.19894 -0.00324254 0.000572213 0.39044 -0.250115 -0.00164773 -0.197032 0.00133516 0.000190738 0.392729 -0.249621 0.000448977 
23 -0.00782013 0.00972748 0.232128 -1.40004 0.000572213 -0.495346 0.135996 -0.0228649 -1.44217 1.77672 -0.0055314 -0.19894 -0.00324254 0.000572213 0.39044 -0.250115 -0.00164773 -0.197032 0.00133516 0.000190738 0.392729 -0.249621 0.000448977 
23 -0.00782013 0.00972748 0.232128 -1.40004 0.000572213 -0.495346 0.135615 -0.0228649 -1.44789 1.77672 -0.0055314 -0.19894 -0.00324254 0.000572213 0.39044 -0.250115 -0.00164773 -0.197032 0.00133516 0.000190738 0.392729 -0.249621 0.000448977 
23 -0.00782013 0.00972748 0.232128 -1.40004 0.000572213 -0.495346 0.135233 -0.0228649 -1.45361 1.77672 -0.0055314 -0.19894 -0.00324254 0.000572213 0.39044 -0.250115 -0.00164773 -0.197032 0.00133516 0.000190738 0.392729 -0.249621 0.000448977 
23 -0.00782013 0.00972748 0.232128 -1.40004 0.000572213 -0.495346 0.134852 -0.0228649 -1.45933 1.77672 -0.00591287 -0.19894 -0.00324254 0.000572213 0.39044 -0.250115 -0.00164773 -0.197032 0.00133516 0.000190738 0.392729 -0.249621 0.000448977 
23 -0.00782013 0.00972748 0.232128 -1.40004 0.000572213 -0.495346 0.13447 -0.0228649 -1.46506 1.77672 -0.00591287 -0.19894 -0.00324254 0.000572213 0.39044 -0.250115 -0.00164773 -0.197032 0.00133516 0.000190738 0.392729 -0.249621 0.000448977 
23 -0.00782013 0.00972748 0.232128 -1.40004 0.000572213 -0.495346 0.134089 -0.0228649 -1.4704 1.77672 -0.00591287 -0.19894 -0.00324254 0.000572213 0.39044 -0.250115 -0.00164773 -0.197032 0.00133516 0.000190738 0.392729 -0.249621 0.000448977 
23 -0.00782013 0.00972748 0.232128 -1.40004 0.000572213 -0.495346 0.133707 -0.0228649 -1.47612 1.77672 -0.00591287 -0.19894 -0.00324254 0.000572213 0.39044 -0.250115 -0.00164773 -0.197032 0.00133516 0.000190738 0.392729 -0.249621 0.000448977 
23 -0.00782013 0.00972748 0.232128 -1.40004 0.000572213 -0.495346 0.133326 -0.0228649 -1.48184 1.77672 -0.00591287 -0.19894 -0.00324254 0.000572213 0.39044 -0.250115 -0.00164773 -0.197032 0.00133516 0.000190738 0.392729 -0.249621 0.000448977 
23 -0.00782013 0.00972748 0.232128 -1.40004 0.000572213 -0.495346 0.133326 -0.0228649 -1.48718 1.77672 -0.00591287 -0.19894 -0.00324254 0.000572213 0.39044 -0.250115 -0.00164773 -0.197032 0.00133516 0.000190738 0.392729 -0.249621 0.000448977 
23 -0.00782013 0.00972748 0.232128 -1.40004 0.000572213 -0.495346 0.132944 -0.0228649 -1.49252 1.77672 -0.00629435 -0.19894 -0.00324254 0.000572213 0.39044 -0.250115 -0.00164773 -0.197032 0.00133516 0.000190738 0.392729 -0.249621 0.000448977 
23 -0.00782013 0.00972748 0.232128 -1.40004 0.000572213 -0.495346 0.132563 -0.0228649 -1.49748 1.77672 -0.00629435 -0.19894 -0.00324254 0.000572213 0.39044 -0.250115 -0.00164773 -0.197032 0.00133516 0.000190738 0.392729 -0.249621 0.000448977 
23 -0.00782013 0.00972748 0.232128 -1.40004 0.000572213 -0.495346 0.132563 -0.0228649 -1.5032 1.77672 -0.00629435 -0.19894 -0.00324254 0.000572213 0.39044 -0.250115 -0.00164773 -0.197032 0.00133516 0.000190738 0.392729 -0.249621 0.000448977 
23 -0.00782013 0.00972748 0.232128 -1.40004 0.000572213 -0.495346 0.132181 -0.0224835 -1.50816 1.77672 -0.00629435 -0.19894 -0.00324254 0.000572213 0.39044 -0.250115 -0.00164773 -0.197032 0.00133516 0.000190738 0.392729 -0.249621 0.000448977 
23 -0.00782013 0.00972748 0.232128 -1.40004 0.000572213 -0.495346 0.132181 -0.0224835 -1.5135 1.77672 -0.00629435 -0.19894 -0.00324254 0.000572213 0.39044 -0.250115 -0.00164773 -0.197032 0.00133516 0.000190738 0.392729 -0.249621 0.000448977 
23 -0.00782013 0.00972748 0.232128 -1.40004 0.000572213 -0.495346 0.132181 -0.0224835 -1.51884 1.77672 -0.00629435 -0.19894 -0.00324254 0.000572213 0.39044 -0.250115 -0.00164773 -0.197032 0.00133516 0.000190738 0.392729 -0.249621 0.000448977 
23 -0.00782013 0.00972748 0.232128 -1.40004 0.000572213 -0.495346 0.132181 -0.0224835 -1.52342 1.77672 -0.00629435 -0.19894 -0.00324254 0.000572213 0.39044 -0.250115 -0.00164773 -0.197032 0.00133516 0.000190738 0.392729 -0.249621 0.000448977 
23 -0.00782013 0.00972748 0.232128 -1.40004 0.000572213 -0.495346 0.1318 -0.0224835 -1.52876 1.77672 -0.00629435 -0.19894 -0.00324254 0.000572213 0.39044 -0.250115 -0.00164773 -0.197032 0.00133516 0.000190738 0.392729 -0.249621 0.000448977 
23 -0.00782013 0.00972748 0.232128 -1.40004 0.000572213 -0.495346 0.1318 -0.0224835 -1.53334 1.77672 -0.00629435 -0.19894 -0.00324254 0.000572213 0.39044 -0.250115 -0.00164773 -0.197032 0.00133516 0.000190738 0.392729 -0.249621 0.000448977 
23 -0.00782013 0.00972748 0.232128 -1.40004 0.000572213 -0.495346 0.1318 -0.022102 -1.5383 1.77672 -0.00629435 -0.19894 -0.00324254 0.000572213 0.39044 -0.250115 -0.00164773 -0.197032 0.00133516 0.000190738 0.392729 -0.249621 0.000448977 
23 -0.00782013 0.00972748 0.232128 -1.40004 0.000572213 -0.495346 0.1318 -0.022102 -1.54326 1.77672 -0.00629435 -0.19894 -0.00324254 0.000572213 0.39044 -0.250115 -0.00164773 -0.197032 0.00133516 0.000190738 0.392729 -0.249621 0.000448977 
23 -0.00782013 0.00972748 0.232128 -1.40004 0.000572213 -0.495346 0.1318 -0.022102 -1.54784 1.77672 -0.00629435 -0.19894 -0.00324254 0.000572213 0.39044 -0.250115 -0.00164773 -0.197032 0.00133516 0.000190738 0.392729 -0.249621 0.000448977 
23 -0.00782013 0.00972748 0.232128 -1.40004 0.000572213 -0.495346 0.1318 -0.022102 -1.55241 1.77672 -0.00629435 -0.19894 -0.00324254 0.000572213 0.39044 -0.250115 -0.00164773 -0.197032 0.00133516 0.000190738 0.392729 -0.249621 0.000448977 
23 -0.00782013 0.00972748 0.232128 -1.40004 0.000572213 -0.495346 0.1318 -0.022102 -1.55699 1.77672 -0.00629435 -0.19894 -0.00324254 0.000572213 0.39044 -0.250115 -0.00164773 -0.197032 0.00133516 0.000190738 0.392729 -0.249621 0.000448977 
23 -0.00782013 0.00972748 0.232128 -1.40004 0.000572213 -0.495346 0.132181 -0.022102 -1.56157 1.77672 -0.00629435 -0.19894 -0.00324254 0.000572213 0.39044 -0.250115 -0.00164773 -0.197032 0.00133516 0.000190738 0.392729 -0.249621 0.000448977 
23 -0.00782013 0.00972748 0.232128 -1.40004 0.000572213 -0.495346 0.132181 -0.022102 -1.56615 1.77672 -0.00629435 -0.19894 -0.00324254 0.000572213 0.39044 -0.250115 -0.00164773 -0.197032 0.00133516 0.000190738 0.392729 -0.249621 0.000448977 
23 -0.00782013 0.00972748 0.232128 -1.40004 0.000572213 -0.495346 0.132181 -0.022102 -1.57034 1.77672 -0.00629435 -0.19894 -0.00324254 0.000572213 0.39044 -0.250115 -0.00164773 -0.197032 0.00133516 0.000190738 0.392729 -0.249621 0.000448977 
23 -0.00782013 0.00972748 0.232128 -1.40004 0.000572213 -0.495346 0.132181 -0.022102 -1.57454 1.77672 -0.00629435 -0.19894 -0.00324254 0.000572213 0.39044 -0.250115 -0.00164773 -0.197032 0.00133516 0.000190738 0.392729 -0.249621 0.000448977 
23 -0.00782013 0.00972748 0.232128 -1.40004 0.000572213 -0.495346 0.132181 -0.022102 -1.57874 1.77672 -0.00629435 -0.19894 -0.00324254 0.000572213 0.39044 -0.250115 -0.00164773 -0.197032 0.00133516 0.000190738 0.392729 -0.249621 0.000448977 
23 -0.00782013 0.00972748 0.232128 -1.40004 0.000572213 -0.495346 0.132181 -0.022102 -1.58255 1.77672 -0.00629435 -0.19894 -0.00324254 0.000572213 0.39044 -0.250115 -0.00164773 -0.197032 0.00133516 0.000190738 0.392729 -0.249621 0.000448977 
23 -0.00782013 0.00972748 0.232128 -1.40004 0.000572213 -0.495346 0.132181 -0.0217205 -1.58675 1.77672 -0.00629435 -0.19894 -0.00324254 0.000572213 0.39044 -0.250115 -0.00164773 -0.197032 0.00133516 0.000190738 0.392729 -0.249621 0.000448977 
23 -0.00782013 0.00972748 0.232128 -1.40004 0.000572213 -0.495346 0.132181 -0.0217205 -1.59056 1.77672 -0.00629435 -0.19894 -0.00324254 0.000572213 0.39044 -0.250115 -0.00164773 -0.197032 0.00133516 0.000190738 0.392729 -0.249621 0.000448977 
23 -0.00782013 0.00972748 0.232128 -1.40004 0.000572213 -0.495346 0.132181 -0.0217205 -1.59438 1.77672 -0.00629435 -0.19894 -0.00324254 0.000572213 0.39044 -0.250115 -0.00164773 -0.197032 0.00133516 0.000190738 0.392729 -0.249621 0.000448977 
23 -0.00782013 0.00972748 0.232128 -1.40004 0.000572213 -0.495346 0.132181 -0.0217205 -1.59781 1.77672 -0.00629435 -0.19894 -0.00324254 0.000572213 0.39044 -0.250115 -0.00164773 -0.197032 0.00133516 0.000190738 0.392729 -0.249621 0.000448977 
23 -0.00782013 0.00972748 0.232128 -1.40004 0.000572213 -0.495346 0.132181 -0.0217205 -1.60163 1.77672 -0.00629435 -0.19894 -0.00324254 0.000572213 0.39044 -0.250115 -0.00164773 -0.197032 0.00133516 0.000190738 0.392729 -0.249621 0.000448977 
23 -0.00782013 0.00972748 0.232128 -1.40004 0.000572213 -0.495346 0.132563 -0.0217205 -1.60544 1.77672 -0.00629435 -0.19894 -0.00324254 0.000572213 0.39044 -0.250115 -0.00164773 -0.197032 0.00133516 0.000190738 0.392729 -0.249621 0.000448977 
23 -0.00782013 0.00972748 0.232128 -1.40004 0.000572213 -0.495346 0.132563 -0.0217205 -1.60849 1.77672 -0.00629435 -0.19894 -0.00324254 0.000572213 0.39044 -0.250115 -0.00164773 -0.197032 0.00133516 0.000190738 0.392729 -0.249621 0.000448977 
23 -0.00782013 0.00972748 0.232128 -1.40004 0.000572213 -0.495346 0.132563 -0.0213391 -1.61192 1.77672 -0.00629435 -0.19894 -0.00324254 0.000572213 0.39044 -0.250115 -0.00164773 -0.197032 0.00133516 0.000190738 0.392729 -0.249621 0.000448977 
23 -0.00782013 0.00972748 0.232128 -1.40004 0.000572213 -0.495346 0.132563 -0.0213391 -1.61536 1.77672 -0.00667582 -0.19894 -0.00324254 0.000572213 0.39044 -0.250115 -0.00164773 -0.197032 0.00133516 0.000190738 0.392729 -0.249621 0.000448977 
23 -0.00782013 0.00972748 0.232128 -1.40004 0.000572213 -0.495346 0.132944 -0.0213391 -1.61879 1.77672 -0.00667582 -0.19894 -0.00324254 0.000572213 0.39044 -0.250115 -0.00164773 -0.197032 0.00133516 0.000190738 0.392729 -0.249621 0.000448977 
23 -0.00782013 0.00972748 0.232128 -1.40004 0.000572213 -0.495346 0.132944 -0.0213391 -1.62146 1.77672 -0.00667582 -0.19894 -0.00324254 0.000572213 0.39044 -0.250115 -0.00164773 -0.197032 0.00133516 0.000190738 0.392729 -0.249621 0.000448977 
23 -0.00782013 0.00972748 0.232128 -1.40004 0.000572213 -0.495346 0.132944 -0.0209575 -1.62451 1.77672 -0.00667582 -0.19894 -0.00324254 0.000572213 0.39044 -0.250115 -0.00164773 -0.197032 0.00133516 0.000190738 0.392729 -0.249621 0.000448977 
23 -0.00782013 0.00972748 0.232128 -1.40004 0.000572213 -0.495346 0.133326 -0.0209575 -1.62718 1.7771 -0.00667582 -0.19894 -0.00324254 0.000572213 0.39044 -0.250115 -0.00164773 -0.197032 0.00133516 0.000190738 0.392729 -0.249621 0.000448977 
23 -0.00782013 0.00972748 0.232128 -1.40004 0.000572213 -0.495346 0.133326 -0.0209575 -1.63024 1.7771 -0.00667582 -0.19894 -0.00324254 0.000572213 0.39044 -0.250115 -0.00164773 -0.197032 0.00133516 0.000190738 0.392729 -0.249621 0.000448977 
23 -0.00782013 0.00972748 0.232128 -1.40004 0.000572213 -0.495346 0.133707 -0.0209575 -1.63291 1.7771 -0.00667582 -0.19894 -0.00324254 0.000572213 0.39044 -0.250115 -0.00164773 -0.197032 0.00133516 0.000190738 0.392729 -0.249621 0.000448977 
23 -0.00782013 0.00972748 0.232128 -1.40004 0.000572213 -0.495346 0.133707 -0.0205761 -1.63519 1.7771 -0.00667582 -0.19894 -0.00324254 0.000572213 0.39044 -0.250115 -0.00164773 -0.197032 0.00133516 0.000190738 0.392729 -0.249621 0.000448977 
23 -0.00782013 0.00972748 0.232128 -1.40004 0.000572213 -0.495346 0.133707 -0.0205761 -1.63787 1.7771 -0.00667582 -0.19894 -0.00324254 0.000572213 0.39044 -0.250115 -0.00164773 -0.197032 0.00133516 0.000190738 0.392729 -0.249621 0.000448977 
23 -0.00782013 0.00972748 0.232128 -1.40004 0.000572213 -0.495346 0.134089 -0.0201946 -1.64015 1.7771 -0.00667582 -0.19894 -0.00324254 0.000572213 0.39044 -0.250115 -0.00164773 -0.197032 0.00133516 0.000190738 0.392729 -0.249621 0.000448977 
23 -0.00782013 0.00972748 0.232128 -1.40004 0.000572213 -0.495346 0.134089 -0.0201946 -1.64282 1.7771 -0.00667582 -0.19894 -0.00324254 0.000572213 0.39044 -0.250115 -0.00164773 -0.197032 0.00133516 0.000190738 0.392729 -0.249621 0.000448977 
23 -0.00782013 0.00972748 0.232128 -1.40004 0.000572213 -0.495346 0.13447 -0.0201946 -1.64473 1.7771 -0.00667582 -0.19894 -0.00324254 0.000572213 0.39044 -0.250115 -0.00164773 -0.197032 0.00133516 0.000190738 0.392729 -0.249621 0.000448977 
23 -0.00782013 0.00972748 0.232128 -1.40004 0.000572213 -0.495346 0.13447 -0.0198131 -1.64664 1.7771 -0.00667582 -0.19894 -0.00324254 0.000572213 0.39044 -0.250115 -0.00164773 -0.197032 0.00133516 0.000190738 0.392729 -0.249621 0.000448977 
23 -0.00782013 0.00972748 0.232128 -1.40004 0.000572213 -0.495346 0.134852 -0.0198131 -1.64893 1.7771 -0.00667582 -0.19894 -0.00324254 0.000572213 0.39044 -0.250115 -0.00164773 -0.197032 0.00133516 0.000190738 0.392729 -0.249621 0.000448977 
23 -0.00782013 0.00972748 0.232128 -1.40004 0.000572213 -0.495346 0.134852 -0.0198131 -1.65045 1.7771 -0.00667582 -0.19894 -0.00324254 0.000572213 0.39044 -0.250115 -0.00164773 -0.197032 0.00133516 0.000190738 0.392729 -0.249621 0.000448977 
23 -0.00782013 0.00972748 0.232128 -1.40004 0.000572213 -0.495346 0.135233 -0.0194317 -1.65236 1.7771 -0.0070573 -0.19894 -0.00324254 0.000572213 0.39044 -0.250115 -0.00164773 -0.197032 0.00133516 0.000190738 0.392729 -0.249621 0.000448977 
23 -0.00782013 0.00972748 0.232128 -1.40004 0.000572213 -0.495346 0.135233 -0.0194317 -1.65389 1.7771 -0.0070573 -0.19894 -0.00324254 0.000572213 0.39044 -0.250115 -0.00164773 -0.197032 0.00133516 0.000190738 0.392729 -0.249621 0.000448977 
23 -0.00782013 0.00972748 0.232128 -1.40004 0.000572213 -0.495346 0.135615 -0.0194317 -1.65579 1.7771 -0.0070573 -0.19894 -0.00324254 0.000572213 0.39044 -0.250115 -0.00164773 -0.197032 0.00133516 0.000190738 0.392729 -0.249621 0.000448977 
23 -0.00782013 0.00972748 0.232128 -1.40004 0.000572213 -0.495346 0.135615 -0.0190502 -1.65694 1.7771 -0.0070573 -0.19894 -0.00324254 0.000572213 0.39044 -0.250115 -0.00164773 -0.197032 0.00133516 0.000190738 0.392729 -0.249621 0.000448977 
23 -0.00782013 0.00972748 0.232128 -1.40004 0.000572213 -0.495346 0.135996 -0.0190502 -1.65808 1.7771 -0.0070573 -0.19894 -0.00324254 0.000572213 0.39044 -0.250115 -0.00164773 -0.197032 0.00133516 0.000190738 0.392729 -0.249621 0.000448977 
23 -0.00782013 0.00972748 0.232128 -1.40004 0.000572213 -0.495346 0.136378 -0.0190502 -1.65961 1.7771 -0.00743877 -0.19894 -0.00324254 0.000572213 0.39044 -0.250115 -0.00164773 -0.197032 0.00133516 0.000190738 0.392729 -0.249621 0.000448977 
23 -0.00782013 0.00972748 0.232128 -1.40004 0.000572213 -0.495346 0.136378 -0.0186687 -1.66037 1.7771 -0.00743877 -0.19894 -0.00324254 0.000572213 0.39044 -0.250115 -0.00164773 -0.197032 0.00133516 0.000190738 0.392729 -0.249621 0.000448977 
23 -0.00782013 0.00972748 0.232128 -1.40004 0.000572213 -0.495346 0.136759 -0.0186687 -1.6619 1.7771 -0.00743877 -0.19894 -0.00324254 0.000572213 0.39044 -0.250115 -0.00164773 -0.197032 0.00133516 0.000190738 0.392729 -0.249621 0.000448977 
23 -0.00782013 0.00972748 0.232128 -1.40004 0.000572213 -0.495346 0.13714 -0.0182872 -1.66266 1.77749 -0.00743877 -0.19894 -0.00324254 0.000572213 0.39044 -0.250115 -0.00164773 -0.197032 0.00133516 0.000190738 0.392729 -0.249621 0.000448977 
23 -0.00782013 0.00972748 0.232128 -1.40004 0.000572213 -0.495346 0.137522 -0.0179058 -1.66342 1.77749 -0.00782025 -0.19894 -0.00324254 0.000572213 0.39044 -0.250115 -0.00164773 -0.197032 0.00133516 0.000190738 0.392729 -0.249621 0.000448977 
23 -0.00782013 0.00972748 0.232128 -1.40004 0.000572213 -0.495346 0.137903 -0.0179058 -1.66419 1.77787 -0.00782025 -0.19894 -0.00324254 0.000572213 0.39044 -0.250115 -0.00164773 -0.197032 0.00133516 0.000190738 0.392729 -0.249621 0.000448977 
23 -0.00782013 0.00972748 0.232128 -1.40004 0.000572213 -0.495346 0.138285 -0.0175243 -1.66495 1.77787 -0.00782025 -0.19894 -0.00324254 0.000572213 0.39044 -0.250115 -0.00164773 -0.197032 0.00133516 0.000190738 0.392729 -0.249621 0.000448977 
23 -0.00782013 0.00972748 0.232128 -1.40004 0.000572213 -0.495346 0.138666 -0.0175243 -1.66533 1.77825 -0.00820172 -0.19894 -0.00324254 0.000572213 0.39044 -0.250115 -0.00164773 -0.197032 0.00133516 0.000190738 0.392729 -0.249621 0.000448977 
23 -0.00782013 0.00972748 0.232128 -1.40004 0.000572213 -0.495346 0.139429 -0.0171428 -1.66571 1.77863 -0.00820172 -0.19894 -0.00324254 0.000572213 0.39044 -0.250115 -0.00164773 -0.197032 0.00133516 0.000190738 0.392729 -0.249621 0.000448977 
23 -0.00782013 0.00972748 0.232128 -1.40004 0.000572213 -0.495346 0.139811 -0.0171428 -1.66571 1.77863 -0.00820172 -0.19894 -0.00324254 0.000572213 0.39044 -0.250115 -0.00164773 -0.197032 0.00133516 0.000190738 0.392729 -0.249621 0.000448977 
23 -0.00782013 0.00972748 0.232128 -1.40004 0.000572213 -0.495346 0.140574 -0.0171428 -1.66571 1.77901 -0.00820172 -0.19894 -0.00324254 0.000572213 0.39044 -0.250115 -0.00164773 -0.197032 0.00133516 0.000190738 0.392729 -0.249621 0.000448977 
23 -0.00782013 0.00972748 0.232128 -1.40004 0.000572213 -0.495346 0.141337 -0.0167613 -1.66571 1.77939 -0.00820172 -0.19894 -0.00324254 0.000572213 0.39044 -0.250115 -0.00164773 -0.197032 0.00133516 0.000190738 0.392729 -0.249621 0.000448977 
23 -0.00782013 0.00972748 0.232128 -1.40004 0.000572213 -0.495346 0.141718 -0.0167613 -1.66533 1.77939 -0.0085832 -0.19894 -0.00324254 0.000572213 0.39044 -0.250115 -0.00164773 -0.197032 0.00133516 0.000190738 0.392729 -0.249621 0.000448977 
23 -0.00782013 0.00972748 0.232128 -1.40004 0.000572213 -0.495346 0.1421 -0.0163798 -1.66495 1.77977 -0.0085832 -0.19894 -0.00324254 0.000572213 0.39044 -0.250115 -0.00164773 -0.197032 0.00133516 0.000190738 0.392729 -0.249621 0.000448977 
23 -0.00782013 0.00972748 0.232128 -1.40004 0.000572213 -0.495346 0.142863 -0.0163798 -1.66419 1.78016 -0.0085832 -0.19894 -0.00324254 0.000572213 0.39044 -0.250115 -0.00164773 -0.197032 0.00133516 0.000190738 0.392729 -0.249621 0.000448977 
23 -0.00782013 0.00972748 0.232128 -1.40004 0.000572213 -0.495346 0.143626 -0.0159984 -1.66342 1.78016 -0.0085832 -0.19894 -0.00324254 0.000572213 0.39044 -0.250115 -0.00164773 -0.197032 0.00133516 0.000190738 0.392729 -0.249621 0.000448977 
23 -0.00782013 0.00972748 0.232128 -1.40004 0.000572213 -0.495346 0.144007 -0.0156169 -1.66266 1.78054 -0.0085832 -0.19894 -0.00324254 0.000572213 0.39044 -0.250115 -0.00164773 -0.197032 0.00133516 0.000190738 0.393111 -0.249621 0.000448977 
23 -0.00782013 0.00972748 0.231746 -1.40004 0.000572213 -0.495346 0.14477 -0.0152354 -1.6619 1.78054 -0.0085832 -0.19894 -0.00324254 0.000572213 0.39044 -0.250115 -0.00164773 -0.197032 0.00133516 0.000190738 0.392729 -0.249621 0.000448977 
23 -0.00782013 0.00972748 0.231746 -1.40004 0.000572213 -0.495346 0.145914 -0.014854 -1.66114 1.78092 -0.00896468 -0.19894 -0.00324254 0.000572213 0.39044 -0.250115 -0.00164773 -0.197032 0.00133516 0.000190738 0.392729 -0.249621 0.000448977 
23 -0.00782013 0.00972748 0.231746 -1.40004 0.000572213 -0.495346 0.147059 -0.014854 -1.65999 1.78092 -0.00896468 -0.19894 -0.00324254 0.000572213 0.39044 -0.250115 -0.00164773 -0.197032 0.00133516 0.000190738 0.392729 -0.249621 0.000448977 
23 -0.00782013 0.00972748 0.231746 -1.40004 0.000572213 -0.495346 0.148203 -0.0144725 -1.65885 1.7813 -0.00934615 -0.19894 -0.00324254 0.000572213 0.39044 -0.250115 -0.00164773 -0.197032 0.00133516 0.000190738 0.392729 -0.249621 0.000448977 
23 -0.00782013 0.00972748 0.231746 -1.40004 0.000572213 -0.495346 0.148966 -0.014091 -1.65732 1.78168 -0.00934615 -0.19894 -0.00324254 0.000572213 0.39044 -0.250115 -0.00164773 -0.197032 0.00133516 0.000190738 0.392729 -0.249621 0.000448977 
23 -0.00782013 0.00972748 0.231746 -1.40004 0.000572213 -0.495346 0.150111 -0.0137095 -1.65618 1.78168 -0.00934615 -0.19894 -0.00324254 0.000572213 0.39044 -0.250115 -0.00164773 -0.197032 0.00133516 0.000190738 0.392729 -0.249621 0.000448977 
23 -0.00782013 0.00972748 0.231746 -1.40004 0.000572213 -0.495346 0.151255 -0.0137095 -1.65465 1.78206 -0.00972763 -0.19894 -0.00324254 0.000572213 0.39044 -0.250115 -0.00164773 -0.197032 0.00133516 0.000190738 0.392729 -0.249621 0.000448977 
23 -0.00782013 0.00972748 0.231746 -1.40004 0.000572213 -0.495346 0.152399 -0.013328 -1.65312 1.78206 -0.00972763 -0.19894 -0.00324254 0.000572213 0.39044 -0.250115 -0.00164773 -0.197032 0.00133516 0.000190738 0.392729 -0.249621 0.000448977 
23 -0.00782013 0.00972748 0.231746 -1.40004 0.000572213 -0.495346 0.153925 -0.0129465 -1.65122 1.78244 -0.00972763 -0.19894 -0.00324254 0.000572213 0.39044 -0.250115 -0.00164773 -0.197032 0.00133516 0.000190738 0.392729 -0.249621 0.000448977 
23 -0.00782013 0.00972748 0.231746 -1.40004 0.000572213 -0.495346 0.15507 -0.0129465 -1.64931 1.78244 -0.0101091 -0.19894 -0.00324254 0.000572213 0.39044 -0.250115 -0.00164773 -0.197032 0.00133516 0.000190738 0.392729 -0.249621 0.000448977 
23 -0.00782013 0.00972748 0.231746 -1.40004 0.000572213 -0.495346 0.156214 -0.0125651 -1.64702 1.78283 -0.0104906 -0.19894 -0.00324254 0.000572213 0.39044 -0.250115 -0.00164773 -0.197032 0.00133516 0.000190738 0.392729 -0.249621 0.000448977 
23 -0.00782013 0.00972748 0.231365 -1.40004 0.000572213 -0.495346 0.156977 -0.0125651 -1.64473 1.78321 -0.0104906 -0.19894 -0.00324254 0.000572213 0.39044 -0.250115 -0.00164773 -0.197032 0.00133516 0.000190738 0.392729 -0.249621 0.000448977 
23 -0.00782013 0.00972748 0.231365 -1.40004 0.000572213 -0.495346 0.158503 -0.0121836 -1.64282 1.78321 -0.0108721 -0.19894 -0.00324254 0.000572213 0.39044 -0.250115 -0.00164773 -0.197032 0.00133516 0.000190738 0.392729 -0.249621 0.000448977 
23 -0.00782013 0.00972748 0.231365 -1.40004 0.000572213 -0.495346 0.16041 -0.0118021 -1.64015 1.78359 -0.0112535 -0.19894 -0.00324254 0.000572213 0.39044 -0.250115 -0.00164773 -0.197032 0.00133516 0.000190738 0.392729 -0.249621 0.000448977 
23 -0.00782013 0.00972748 0.231365 -1.40004 0.000572213 -0.495346 0.161936 -0.0114207 -1.63787 1.78397 -0.0112535 -0.19894 -0.00324254 0.000572213 0.39044 -0.250115 -0.00164773 -0.197032 0.00133516 0.000190738 0.392729 -0.249621 0.000448977 
23 -0.00782013 0.00972748 0.231365 -1.40004 0.000572213 -0.495346 0.163081 -0.0110392 -1.63481 1.78473 -0.011635 -0.19894 -0.00324254 0.000572213 0.39044 -0.250115 -0.00164773 -0.197032 0.00133516 0.000190738 0.392729 -0.249621 0.000448977 
23 -0.00782013 0.00972748 0.231365 -1.40004 0.000572213 -0.495346 0.164607 -0.0110392 -1.63214 1.78511 -0.0120165 -0.19894 -0.00324254 0.000572213 0.39044 -0.250115 -0.00164773 -0.197032 0.00133516 0.000190738 0.392729 -0.249621 0.000448977 
23 -0.00782013 0.00972748 0.231365 -1.40004 0.000572213 -0.495346 0.166514 -0.0106577 -1.62947 1.7855 -0.012398 -0.19894 -0.00324254 0.000572213 0.39044 -0.250115 -0.00164773 -0.197032 0.00133516 0.000190738 0.392729 -0.249621 0.000448977 
23 -0.00782013 0.00972748 0.231365 -1.40004 0.000572213 -0.495346 0.167659 -0.0102763 -1.62642 1.78626 -0.0127794 -0.19894 -0.00324254 0.000572213 0.39044 -0.250115 -0.00164773 -0.197032 0.00133516 0.000190738 0.392729 -0.249621 0.000448977 
23 -0.00782013 0.00972748 0.230983 -1.40004 0.000572213 -0.495346 0.168803 -0.00989479 -1.62337 1.78664 -0.0131609 -0.19894 -0.00324254 0.000572213 0.39044 -0.250115 -0.00164773 -0.197032 0.00133516 0.000190738 0.392729 -0.249621 0.000448977 
23 -0.00782013 0.00972748 0.230983 -1.40004 0.000572213 -0.495346 0.170329 -0.00913179 -1.62032 1.78702 -0.0135424 -0.19894 -0.00324254 0.000572213 0.39044 -0.250115 -0.00164773 -0.197032 0.00133516 0.000190738 0.392729 -0.249621 0.000448977 
23 -0.00782013 0.00972748 0.230983 -1.40004 0.000572213 -0.495346 0.172236 -0.00836885 -1.61688 1.7874 -0.0139239 -0.19894 -0.00324254 0.000572213 0.39044 -0.250115 -0.00164773 -0.197032 0.00133516 0.000190738 0.392729 -0.249621 0.000448977 
23 -0.00782013 0.00972748 0.230983 -1.40004 0.000572213 -0.495346 0.173762 -0.00760591 -1.61345 1.78779 -0.0143053 -0.19894 -0.00324254 0.000572213 0.39044 -0.250115 -0.00164773 -0.197032 0.00133516 0.000190738 0.392729 -0.249621 0.000448977 
23 -0.00782013 0.00972748 0.230983 -1.40004 0.000572213 -0.495346 0.175288 -0.00722444 -1.61002 1.78855 -0.0146868 -0.19894 -0.00324254 0.000572213 0.39044 -0.250115 -0.00164773 -0.197032 0.00133516 0.000190738 0.392729 -0.249621 0.000448977 
23 -0.00782013 0.00972748 0.230983 -1.40004 0.000572213 -0.495346 0.177195 -0.0064615 -1.60658 1.78893 -0.0154498 -0.19894 -0.00324254 0.000572213 0.39044 -0.250115 -0.00164773 -0.197032 0.00133516 0.000190738 0.392729 -0.249621 0.000448977 
23 -0.00782013 0.00972748 0.230983 -1.40004 0.000572213 -0.495346 0.178721 -0.00608003 -1.60277 1.78969 -0.0158312 -0.19894 -0.00324254 0.000572213 0.39044 -0.250115 -0.00164773 -0.197032 0.00133516 0.000190738 0.392729 -0.249621 0.000448977 
23 -0.00782013 0.00972748 0.230983 -1.40004 0.000572213 -0.495346 0.180247 -0.00569856 -1.59895 1.79046 -0.0162127 -0.19894 -0.00324254 0.000572213 0.39044 -0.250115 -0.00164773 -0.197032 0.00133516 0.000190738 0.392729 -0.249621 0.000448977 
23 -0.00782013 0.00972748 0.230602 -1.40004 0.000572213 -0.495346 0.181773 -0.00493556 -1.59476 1.79122 -0.0162127 -0.19894 -0.00324254 0.000572213 0.39044 -0.250115 -0.00164773 -0.197032 0.00133516 0.000190738 0.392729 -0.249621 0.000448977 
23 -0.00782013 0.00972748 0.230602 -1.40004 0.000572213 -0.495346 0.18368 -0.00455409 -1.59094 1.79236 -0.0165942 -0.19894 -0.00324254 0.000572213 0.39044 -0.250115 -0.00164773 -0.197032 0.00133516 0.000190738 0.392729 -0.249621 0.000448977 
23 -0.00782013 0.00972748 0.230602 -1.40004 0.000572213 -0.495346 0.185588 -0.00379115 -1.58675 1.79274 -0.0169757 -0.19894 -0.00324254 0.000572213 0.39044 -0.250115 -0.00164773 -0.197032 0.00133516 0.000190738 0.392729 -0.249621 0.000448977 
23 -0.00782013 0.00972748 0.230602 -1.40004 0.000572213 -0.495346 0.187114 -0.00302821 -1.58255 1.79313 -0.0173571 -0.19894 -0.00324254 0.000572213 0.39044 -0.250115 -0.00164773 -0.197032 0.00133516 0.000190738 0.392729 -0.249621 0.000448977 
23 -0.00782013 0.00972748 0.230602 -1.40004 0.000572213 -0.495346 0.18864 -0.0018838 -1.57836 1.79389 -0.0173571 -0.19894 -0.00324254 0.000572213 0.39044 -0.250115 -0.00164773 -0.197032 0.00133516 0.000190738 0.392729 -0.249621 0.000448977 
23 -0.00782013 0.00972748 0.230602 -1.40004 0.000572213 -0.495346 0.190929 -0.00112081 -1.5734 1.79427 -0.0177386 -0.19894 -0.00324254 0.000572213 0.39044 -0.250115 -0.00164773 -0.197032 0.00133516 0.000190738 0.392729 -0.249621 0.000448977 
23 -0.00782013 0.00972748 0.230602 -1.40004 0.000572213 -0.495346 0.192454 -0.000357866 -1.5692 1.79503 -0.0181201 -0.19894 -0.00324254 0.000572213 0.39044 -0.250115 -0.00164773 -0.197032 0.00133516 0.000190738 0.392729 -0.249621 0.000448977 
23 -0.00782013 0.00972748 0.230602 -1.40004 0.000572213 -0.495346 0.19398 2.36034e-05 -1.56424 1.79541 -0.0185016 -0.19894 -0.00324254 0.000572213 0.39044 -0.250115 -0.00164773 -0.197032 0.00133516 0.000190738 0.392729 -0.249621 0.000448977 
23 -0.00782013 0.00972748 0.230602 -1.40004 0.000572213 -0.495346 0.195888 0.000786543 -1.55966 1.7958 -0.0185016 -0.19894 -0.00324254 0.000572213 0.39044 -0.250115 -0.00164773 -0.197032 0.00133516 0.000190738 0.392729 -0.249621 0.000448977 
23 -0.00782013 0.00972748 0.230602 -1.40004 0.000572213 -0.495346 0.198177 0.00116801 -1.5547 1.79618 -0.018883 -0.19894 -0.00324254 0.000572213 0.39044 -0.250115 -0.00164773 -0.197032 0.00133516 0.000190738 0.392729 -0.249621 0.000448977 
23 -0.00782013 0.00972748 0.230602 -1.40004 0.000572213 -0.495346 0.199702 0.00193095 -1.54974 1.79656 -0.018883 -0.19894 -0.00324254 0.000572213 0.39044 -0.250115 -0.00164773 -0.197032 0.00133516 0.000190738 0.392729 -0.249621 0.000448977 
23 -0.00782013 0.00972748 0.230602 -1.40004 0.000572213 -0.495346 0.201228 0.00231248 -1.54479 1.79732 -0.0192645 -0.19894 -0.00324254 0.000572213 0.39044 -0.250115 -0.00164773 -0.197032 0.00133516 0.000190738 0.392729 -0.249621 0.000448977 
23 -0.00782013 0.00972748 0.230602 -1.40004 0.000572213 -0.495346 0.203517 0.00307542 -1.53906 1.7977 -0.019646 -0.19894 -0.00324254 0.000572213 0.39044 -0.250115 -0.00164773 -0.197032 0.00133516 0.000190738 0.392729 -0.249621 0.000448977 
23 -0.00782013 0.00972748 0.230602 -1.40004 0.000572213 -0.495346 0.205043 0.00421983 -1.5341 1.79847 -0.0200275 -0.19894 -0.00324254 0.000572213 0.39044 -0.250115 -0.00164773 -0.197032 0.00133516 0.000190738 0.392729 -0.249621 0.000448977 
23 -0.00782013 0.00972748 0.230602 -1.40004 0.000572213 -0.495346 0.206569 0.00498277 -1.52876 1.79885 -0.0200275 -0.19894 -0.00324254 0.000572213 0.39044 -0.250115 -0.00164773 -0.197032 0.00133516 0.000190738 0.392729 -0.249621 0.000448977 
23 -0.00782013 0.00972748 0.230602 -1.40004 0.000572213 -0.495346 0.208858 0.00574571 -1.52304 1.79923 -0.0204089 -0.19894 -0.00324254 0.000572213 0.39044 -0.250115 -0.00164773 -0.197032 0.00133516 0.000190738 0.392729 -0.249419 0.000873699 
23 -0.00782013 0.00972748 0.230602 -1.40004 0.000572213 -0.495346 0.210765 0.00612724 -1.5177 1.79961 -0.0207904 -0.19894 -0.00324254 0.000572213 0.39044 -0.250115 -0.00164773 -0.197032 0.00133516 0.000190738 0.392729 -0.249621 0.000448838 
23 -0.00782013 0.00972748 0.230602 -1.40004 0.000572213 -0.495346 0.212673 0.00689018 -1.5116 1.80037 -0.0207904 -0.19894 -0.00324254 0.000572213 0.39044 -0.250115 -0.00164773 -0.197032 0.00133516 0.000190738 0.392729 -0.249621 0.000448977 
23 -0.00782013 0.00972748 0.230602 -1.40004 0.000572213 -0.495346 0.21458 0.00727165 -1.50587 1.80076 -0.0211719 -0.19894 -0.00324254 0.000572213 0.39044 -0.250115 -0.00164773 -0.197032 0.00133516 0.000190738 0.392729 -0.249419 0.000873699 
23 -0.00782013 0.00972748 0.230602 -1.40004 0.000572213 -0.495346 0.216487 0.00765312 -1.49977 1.80152 -0.0211719 -0.19894 -0.00324254 0.000572213 0.39044 -0.250115 -0.00164773 -0.197032 0.00133516 0.000190738 0.392729 -0.249419 0.000873839 
23 -0.00782013 0.00972748 0.230602 -1.40004 0.000572213 -0.495346 0.218395 0.00841606 -1.49367 1.8019 -0.0215534 -0.19894 -0.00324254 0.000572213 0.39044 -0.250115 -0.00164773 -0.197032 0.00133516 0.000190738 0.392729 -0.249419 0.000873839 
23 -0.00743866 0.0101089 0.230602 -1.40004 0.000572213 -0.495346 0.219921 0.009179 -1.48756 1.80266 -0.0215534 -0.19894 -0.00324254 0.000572213 0.39044 -0.250115 -0.00164773 -0.197032 0.00133516 0.000190738 0.392729 -0.249419 0.000873839 
23 -0.00782013 0.00972748 0.230602 -1.40004 0.000572213 -0.495346 0.22221 0.0103235 -1.48146 1.80343 -0.0219348 -0.19894 -0.00324254 0.000572213 0.39044 -0.250115 -0.00164773 -0.197032 0.00133516 0.000190738 0.392729 -0.249419 0.000873839 
23 -0.00782013 0.00972748 0.230602 -1.40004 0.000572213 -0.495346 0.224117 0.0110864 -1.47498 1.80419 -0.0219348 -0.19894 -0.00324254 0.000572213 0.39044 -0.250115 -0.00164773 -0.197032 0.00133516 0.000190738 0.392729 -0.249419 0.000873839 
23 -0.00782013 0.00972748 0.230602 -1.40004 0.000572213 -0.495346 0.225643 0.0118493 -1.46849 1.80495 -0.0223163 -0.19894 -0.00324254 0.000572213 0.39044 -0.250115 -0.00164773 -0.197032 0.00133516 0.000190738 0.392729 -0.249419 0.000873839 
23 -0.00782013 0.00972748 0.230602 -1.40004 0.000572213 -0.495346 0.228313 0.0122308 -1.46201 1.80533 -0.0223163 -0.19894 -0.00324254 0.000572213 0.39044 -0.250115 -0.00164773 -0.197032 0.00133516 0.000190738 0.392729 -0.249419 0.000873839 
23 -0.00782013 0.00972748 0.230602 -1.40004 0.000572213 -0.495346 0.229839 0.0126123 -1.45552 1.80571 -0.0226978 -0.19894 -0.00324254 0.000572213 0.39044 -0.250115 -0.00164773 -0.197032 0.00133516 0.000190738 0.392729 -0.249621 0.000448837 
23 -0.00782013 0.00972748 0.230602 -1.40004 0.000572213 -0.495346 0.231746 0.0129938 -1.44865 1.8061 -0.0226978 -0.19894 -0.00324254 0.000572213 0.39044 -0.250115 -0.00164773 -0.197032 0.00133516 0.000190738 0.392729 -0.249621 0.000448977 
23 -0.00782013 0.00972748 0.230602 -1.40004 0.000572213 -0.495346 0.233654 0.0137567 -1.44179 1.80686 -0.0226978 -0.19894 -0.00324254 0.000572213 0.39044 -0.250115 -0.00164773 -0.197032 0.00133516 0.000190738 0.392729 -0.249621 0.000448977 
23 -0.00782013 0.00972748 0.230983 -1.40004 0.000572213 -0.495346 0.235943 0.0141382 -1.43492 1.80686 -0.0230793 -0.19894 -0.00324254 0.000572213 0.39044 -0.250115 -0.00164773 -0.197032 0.00133516 0.000190738 0.392729 -0.249621 0.000448977 
23 -0.00782013 0.00972748 0.230983 -1.40004 0.000572213 -0.495346 0.23785 0.0145197 -1.42805 1.80724 -0.0230793 -0.19894 -0.00324254 0.000572213 0.39044 -0.250115 -0.00164773 -0.197032 0.00133516 0.000190738 0.392729 -0.249621 0.000448977 
23 -0.00782013 0.00972748 0.230983 -1.40004 0.000572213 -0.495346 0.239757 0.0149012 -1.42081 1.80762 -0.0230793 -0.19894 -0.00324254 0.000572213 0.39044 -0.250115 -0.00164773 -0.197032 0.00133516 0.000190738 0.392729 -0.249621 0.000448977 
23 -0.00782013 0.00972748 0.230983 -1.40004 0.000572213 -0.495346 0.241665 0.0152826 -1.41394 1.808 -0.0230793 -0.19894 -0.00324254 0.000572213 0.39044 -0.250115 -0.00164773 -0.197032 0.00133516 0.000190738 0.392729 -0.249621 0.000448977 
23 -0.00782013 0.00972748 0.230983 -1.40004 0.000572213 -0.495346 0.243572 0.0160456 -1.40707 1.808 -0.0230793 -0.19894 -0.00324254 0.000572213 0.39044 -0.250115 -0.00164773 -0.197032 0.00133516 0.000190738 0.392729 -0.249621 0.000448977 
23 -0.00782013 0.00972748 0.230983 -1.40004 0.000572213 -0.495346 0.245098 0.0168085 -1.39944 1.80838 -0.0234607 -0.19894 -0.00324254 0.000572213 0.39044 -0.250115 -0.00164773 -0.197032 0.00133516 0.000190738 0.392729 -0.249419 0.000873699 
23 -0.00782013 0.00972748 0.230983 -1.40004 0.000572213 -0.495346 0.247387 0.01719 -1.39219 1.80838 -0.0234607 -0.19894 -0.00324254 0.000572213 0.39044 -0.250115 -0.00164773 -0.197032 0.00133516 0.000190738 0.392729 -0.249419 0.000873839 
23 -0.00782013 0.00972748 0.230983 -1.40004 0.000572213 -0.495346 0.249294 0.0175714 -1.38457 1.80877 -0.0234607 -0.19894 -0.00324254 0.000572213 0.39044 -0.250115 -0.00164773 -0.197032 0.00133516 0.000190738 0.392729 -0.249419 0.000873839 
23 -0.00782013 0.00972748 0.230983 -1.40004 0.000572213 -0.495346 0.251202 0.017953 -1.37732 1.80877 -0.0234607 -0.19894 -0.00324254 0.000572213 0.39044 -0.250115 -0.00164773 -0.197032 0.00133516 0.000190738 0.392729 -0.249419 0.000873839 
23 -0.00782013 0.00972748 0.230983 -1.40004 0.000572213 -0.495346 0.253491 0.0183344 -1.36969 1.80877 -0.0234607 -0.19894 -0.00324254 0.000572213 0.39044 -0.250115 -0.00164773 -0.197032 0.00133516 0.000190738 0.392729 -0.249419 0.000873839 
23 -0.00782013 0.00972748 0.230983 -1.40004 0.000572213 -0.495346 0.255016 0.0183344 -1.36244 1.80915 -0.0234607 -0.19894 -0.00324254 0.000572213 0.39044 -0.250115 -0.00164773 -0.197032 0.00133516 0.000190738 0.392729 -0.249419 0.000873839 
23 -0.00782013 0.00972748 0.230983 -1.40004 0.000572213 -0.495346 0.256542 0.0187159 -1.35481 1.80915 -0.0234607 -0.19894 -0.00324254 0.000572213 0.39044 -0.250115 -0.00164773 -0.197032 0.00133516 0.000190738 0.392729 -0.249419 0.000873839 
23 -0.00782013 0.00972748 0.230983 -1.40004 0.000572213 -0.495346 0.258831 0.0190974 -1.3468 1.80953 -0.0234607 -0.19894 -0.00324254 0.000572213 0.39044 -0.250115 -0.00164773 -0.197032 0.00133516 0.000190738 0.392729 -0.249419 0.000873839 
23 -0.00782013 0.00972748 0.230983 -1.40004 0.000572213 -0.495346 0.260739 0.0190974 -1.33955 1.80953 -0.0234607 -0.19894 -0.00324254 0.000572213 0.39044 -0.250115 -0.00164773 -0.197032 0.00133516 0.000190738 0.392729 -0.249419 0.000873839 
23 -0.00782013 0.00972748 0.230983 -1.40004 0.000572213 -0.495346 0.262264 0.0194789 -1.33192 1.80953 -0.0234607 -0.19894 -0.00324254 0.000572213 0.39044 -0.250115 -0.00164773 -0.197032 0.00133516 0.000190738 0.392729 -0.249419 0.000873839 
23 -0.00782013 0.00972748 0.230983 -1.40004 0.000572213 -0.495346 0.264172 0.0194789 -1.32391 1.80953 -0.0234607 -0.19894 -0.00324254 0.000572213 0.39044 -0.250115 -0.00164773 -0.197032 0.00133516 0.000190738 0.392729 -0.249419 0.000873839 
23 -0.00782013 0.00972748 0.230983 -1.40004 0.000572213 -0.495346 0.266079 0.0198603 -1.31628 1.80953 -0.0234607 -0.19894 -0.00324254 0.000572213 0.39044 -0.250115 -0.00164773 -0.197032 0.00133516 0.000190738 0.392729 -0.249419 0.000873839 
23 -0.00782013 0.00972748 0.230983 -1.40004 0.000572213 -0.495346 0.267605 0.0198603 -1.30827 1.80953 -0.0234607 -0.19894 -0.00324254 0.000572213 0.39044 -0.250115 -0.00164773 -0.197032 0.00133516 0.000190738 0.392729 -0.249419 0.000873839 
23 -0.00782013 0.00972748 0.230983 -1.40004 0.000572213 -0.495346 0.269131 0.0198603 -1.30064 1.80991 -0.0234607 -0.19894 -0.00324254 0.000572213 0.39044 -0.250115 -0.00164773 -0.197032 0.00133516 0.000190738 0.392729 -0.249419 0.000873839 
23 -0.00782013 0.00972748 0.230983 -1.40004 0.000572213 -0.495346 0.270657 0.0198603 -1.29301 1.80991 -0.0234607 -0.19894 -0.00324254 0.000572213 0.39044 -0.250115 -0.00164773 -0.197032 0.00133516 0.000190738 0.392729 -0.249419 0.000873839 
23 -0.00782013 0.00972748 0.230983 -1.40004 0.000572213 -0.495346 0.272564 0.0198603 -1.28538 1.80991 -0.0234607 -0.19894 -0.00324254 0.000572213 0.39044 -0.250115 -0.00164773 -0.197032 0.00133516 0.000190738 0.392729 -0.249419 0.000873839 
23 -0.00782013 0.00972748 0.230983 -1.40004 0.000572213 -0.495346 0.27409 0.0198603 -1.27737 1.80991 -0.0234607 -0.19894 -0.00324254 0.000572213 0.39044 -0.250115 -0.00164773 -0.197032 0.00133516 0.000190738 0.392729 -0.249419 0.000873839 
23 -0.00782013 0.00972748 0.230983 -1.40004 0.000572213 -0.495346 0.275235 0.0198603 -1.27012 1.80991 -0.0234607 -0.19894 -0.00324254 0.000572213 0.39044 -0.250115 -0.00164773 -0.197032 0.00133516 0.000190738 0.392729 -0.249419 0.000873839 
23 -0.00782013 0.00972748 0.230983 -1.40004 0.000572213 -0.495346 0.276761 0.0198603 -1.26211 1.81029 -0.0230793 -0.19894 -0.00324254 0.000572213 0.39044 -0.250115 -0.00164773 -0.197032 0.00133516 0.000190738 0.392729 -0.249419 0.000873839 
23 -0.00782013 0.00972748 0.230983 -1.40004 0.000572213 -0.495346 0.278668 0.0198603 -1.25448 1.81029 -0.0230793 -0.19894 -0.00324254 0.000572213 0.39044 -0.250115 -0.00164773 -0.197032 0.00133516 0.000190738 0.392729 -0.249419 0.000873839 
23 -0.00782013 0.00972748 0.230983 -1.40004 0.000572213 -0.495346 0.279812 0.0198603 -1.24685 1.81029 -0.0230793 -0.19894 -0.00324254 0.000572213 0.39044 -0.250115 -0.00164773 -0.197032 0.00133516 0.000190738 0.392729 -0.249419 0.000873839 
23 -0.00782013 0.00972748 0.230983 -1.40004 0.000572213 -0.495346 0.280957 0.0198603 -1.23922 1.81029 -0.0230793 -0.19894 -0.00324254 0.000572213 0.39044 -0.250115 -0.00164773 -0.197032 0.00133516 0.000190738 0.392729 -0.249419 0.000873839 
23 -0.00782013 0.00972748 0.230983 -1.40004 0.000572213 -0.495346 0.28172 0.0198603 -1.23198 1.81067 -0.0230793 -0.19894 -0.00324254 0.000572213 0.39044 -0.250115 -0.00164773 -0.197032 0.00133516 0.000190738 0.392729 -0.249419 0.000873839 
23 -0.00782013 0.00972748 0.230983 -1.40004 0.000572213 -0.495346 0.283246 0.0198603 -1.22396 1.81067 -0.0226978 -0.19894 -0.00324254 0.000572213 0.39044 -0.250115 -0.00164773 -0.197032 0.00133516 0.000190738 0.392729 -0.249419 0.000873839 
23 -0.00782013 0.00972748 0.230983 -1.40004 0.000572213 -0.495346 0.284772 0.0198603 -1.21672 1.81067 -0.0226978 -0.19894 -0.00324254 0.000572213 0.39044 -0.250115 -0.00164773 -0.197032 0.00133516 0.000190738 0.392729 -0.249419 0.000873839 
23 -0.00782013 0.00972748 0.230983 -1.40004 0.000572213 -0.495346 0.285916 0.0198603 -1.20909 1.81106 -0.0226978 -0.19894 -0.00324254 0.000572213 0.39044 -0.250115 -0.00164773 -0.197032 0.00133516 0.000190738 0.392729 -0.249419 0.000873839 
23 -0.00782013 0.00972748 0.230602 -1.40004 0.000572213 -0.495346 0.286679 0.0198603 -1.20146 1.81106 -0.0226978 -0.19894 -0.00324254 0.000572213 0.39044 -0.250115 -0.00164773 -0.197032 0.00133516 0.000190738 0.392729 -0.249419 0.000873839 
23 -0.00782013 0.00972748 0.230602 -1.40004 0.000572213 -0.495346 0.287823 0.0198603 -1.19459 1.81144 -0.0223163 -0.19894 -0.00324254 0.000572213 0.39044 -0.250115 -0.00164773 -0.197032 0.00133516 0.000190738 0.392729 -0.249419 0.000873839 
23 -0.00782013 0.00972748 0.230602 -1.40004 0.000572213 -0.495346 0.288586 0.0194789 -1.18696 1.81144 -0.0223163 -0.19894 -0.00324254 0.000572213 0.39044 -0.250115 -0.00164773 -0.197032 0.00133516 0.000190738 0.392729 -0.249419 0.000873839 
23 -0.00782013 0.00972748 0.230602 -1.40004 0.000572213 -0.495346 0.289349 0.0194789 -1.18009 1.81182 -0.0223163 -0.19894 -0.00324254 0.000572213 0.39044 -0.250115 -0.00164773 -0.197032 0.00133516 0.000190738 0.392729 -0.249419 0.000873839 
23 -0.00782013 0.00972748 0.230602 -1.40004 0.000572213 -0.495346 0.290494 0.0194789 -1.17247 1.8122 -0.0223163 -0.19894 -0.00324254 0.000572213 0.39044 -0.250115 -0.00164773 -0.197032 0.00133516 0.000190738 0.392729 -0.249419 0.000873839 
23 -0.00782013 0.00972748 0.230602 -1.40004 0.000572213 -0.495346 0.291257 0.0194789 -1.1656 1.81258 -0.0223163 -0.19894 -0.00324254 0.000572213 0.39044 -0.250115 -0.00164773 -0.197032 0.00133516 0.000190738 0.392729 -0.249419 0.000873839 
23 -0.00782013 0.00972748 0.230602 -1.40004 0.000572213 -0.495346 0.291638 0.0194789 -1.15835 1.81258 -0.0219348 -0.19894 -0.00324254 0.000572213 0.39044 -0.250115 -0.00164773 -0.197032 0.00133516 0.000190738 0.392729 -0.249419 0.000873839 
23 -0.00782013 0.00972748 0.230602 -1.40004 0.000572213 -0.495346 0.292401 0.0194789 -1.15148 1.81296 -0.0219348 -0.19894 -0.00324254 0.000572213 0.39044 -0.250115 -0.00164773 -0.197032 0.00133516 0.000190738 0.392729 -0.249419 0.000873839 
23 -0.00782013 0.00972748 0.23022 -1.40004 0.000572213 -0.495346 0.292782 0.0194789 -1.14462 1.81334 -0.0219348 -0.19894 -0.00324254 0.000572213 0.39044 -0.250115 -0.00164773 -0.197032 0.00133516 0.000190738 0.392729 -0.249419 0.000873839 
23 -0.00782013 0.00972748 0.23022 -1.40004 0.000572213 -0.495346 0.293164 0.0194789 -1.13775 1.81411 -0.0219348 -0.19894 -0.00324254 0.000572213 0.39044 -0.250115 -0.00164773 -0.197032 0.00133516 0.000190738 0.392729 -0.249419 0.000873839 
23 -0.00782013 0.00972748 0.23022 -1.40004 0.000572213 -0.495346 0.293545 0.0194789 -1.13127 1.81449 -0.0219348 -0.19894 -0.00324254 0.000572213 0.39044 -0.250115 -0.00164773 -0.197032 0.00133516 0.000190738 0.392729 -0.249419 0.000873839 
23 -0.00782013 0.00972748 0.23022 -1.40004 0.000572213 -0.495346 0.293927 0.0194789 -1.1244 1.81487 -0.0215534 -0.19894 -0.00324254 0.000572213 0.39044 -0.250115 -0.00164773 -0.197032 0.00133516 0.000190738 0.392729 -0.249419 0.000873839 
23 -0.00782013 0.00972748 0.23022 -1.40004 0.000572213 -0.495346 0.293927 0.0194789 -1.11791 1.81563 -0.0215534 -0.19894 -0.00324254 0.000572213 0.39044 -0.250115 -0.00164773 -0.197032 0.00133516 0.000190738 0.392729 -0.249419 0.000873839 
23 -0.00782013 0.00972748 0.23022 -1.40004 0.000572213 -0.495346 0.294308 0.0194789 -1.11143 1.8164 -0.0215534 -0.19894 -0.00324254 0.000572213 0.39044 -0.250115 -0.00164773 -0.197032 0.00133516 0.000190738 0.392729 -0.249419 0.000873839 
23 -0.00782013 0.00972748 0.229839 -1.40004 0.000572213 -0.495346 0.294308 0.0194789 -1.10533 1.81678 -0.0215534 -0.19894 -0.00324254 0.000572213 0.39044 -0.250115 -0.00164773 -0.197032 0.00133516 0.000190738 0.392729 -0.249419 0.000873839 
23 -0.00782013 0.00972748 0.229839 -1.40004 0.000572213 -0.495346 0.294308 0.0194789 -1.09884 1.81754 -0.0211719 -0.19894 -0.00324254 0.000572213 0.39044 -0.250115 -0.00164773 -0.197032 0.00133516 0.000190738 0.392729 -0.249419 0.000873839 
23 -0.00782013 0.00972748 0.229839 -1.40004 0.000572213 -0.495346 0.29469 0.0194789 -1.09274 1.81754 -0.0211719 -0.19894 -0.00324254 0.000572213 0.39044 -0.250115 -0.00164773 -0.197032 0.00133516 0.000190738 0.392729 -0.249419 0.000873839 
23 -0.00782013 0.00972748 0.229839 -1.40004 0.000572213 -0.495346 0.29469 0.0194789 -1.08663 1.81792 -0.0211719 -0.19894 -0.00324254 0.000572213 0.39044 -0.250115 -0.00164773 -0.197032 0.00133516 0.000190738 0.392729 -0.249419 0.000873839 
23 -0.00782013 0.00972748 0.229839 -1.40004 0.000572213 -0.495346 0.29469 0.0194789 -1.08091 1.8183 -0.0207904 -0.19894 -0.00324254 0.000572213 0.39044 -0.250115 -0.00164773 -0.197032 0.00133516 0.000190738 0.392729 -0.249419 0.000873839 
23 -0.00782013 0.00972748 0.229839 -1.40004 0.000572213 -0.495346 0.29469 0.0194789 -1.07519 1.81868 -0.0207904 -0.19894 -0.00324254 0.000572213 0.39044 -0.250115 -0.00164773 -0.197032 0.00133516 0.000190738 0.392729 -0.249419 0.000873839 
23 -0.00782013 0.00972748 0.229839 -1.40004 0.000572213 -0.495346 0.294308 0.0194789 -1.06947 1.81868 -0.0207904 -0.19894 -0.00324254 0.000572213 0.39044 -0.250115 -0.00164773 -0.197032 0.00133516 0.000190738 0.392729 -0.249419 0.000873839 
23 -0.00782013 0.00972748 0.229839 -1.40004 0.000572213 -0.495346 0.294308 0.0194789 -1.06374 1.81907 -0.0207904 -0.19894 -0.00324254 0.000572213 0.39044 -0.250115 -0.00164773 -0.197032 0.00133516 0.000190738 0.392729 -0.249419 0.000873839 
23 -0.00782013 0.00972748 0.229839 -1.40004 0.000572213 -0.495346 0.294308 0.0194789 -1.0584 1.81907 -0.0207904 -0.19894 -0.00324254 0.000572213 0.39044 -0.250115 -0.00164773 -0.197032 0.00133516 0.000190738 0.392729 -0.249419 0.000873839 
23 -0.00782013 0.00972748 0.229839 -1.40004 0.000572213 -0.495346 0.294308 0.0194789 -1.05268 1.81945 -0.0207904 -0.19894 -0.00324254 0.000572213 0.39044 -0.250115 -0.00164773 -0.197032 0.00133516 0.000190738 0.392729 -0.249419 0.000873839 
23 -0.00782013 0.00972748 0.229839 -1.40004 0.000572213 -0.495346 0.294308 0.0194789 -1.04734 1.81945 -0.0207904 -0.19894 -0.00324254 0.000572213 0.39044 -0.250115 -0.00164773 -0.197032 0.00133516 0.000190738 0.392729 -0.249419 0.000873839 
23 -0.00782013 0.00972748 0.229458 -1.40004 0.000572213 -0.495346 0.293927 0.0190974 -1.04238 1.81945 -0.0207904 -0.19894 -0.00324254 0.000572213 0.39044 -0.250115 -0.00164773 -0.197032 0.00133516 0.000190738 0.392729 -0.249419 0.000873839 
23 -0.00782013 0.00972748 0.229458 -1.40004 0.000572213 -0.495346 0.293927 0.0190974 -1.03704 1.81983 -0.0207904 -0.19894 -0.00324254 0.000572213 0.39044 -0.250115 -0.00164773 -0.197032 0.00133516 0.000190738 0.392729 -0.249419 0.000873839 
23 -0.00782013 0.00972748 0.229458 -1.40004 0.000572213 -0.495346 0.293545 0.0190974 -1.03246 1.81983 -0.0207904 -0.19894 -0.00324254 0.000572213 0.39044 -0.250115 -0.00164773 -0.197032 0.00133516 0.000190738 0.392729 -0.249419 0.000873839 
23 -0.00782013 0.00972748 0.229458 -1.40004 0.000572213 -0.495346 0.293545 0.0190974 -1.0275 1.81983 -0.0207904 -0.19894 -0.00324254 0.000572213 0.39044 -0.250115 -0.00164773 -0.197032 0.00133516 0.000190738 0.392729 -0.249419 0.000873839 
23 -0.00782013 0.00972748 0.229458 -1.40004 0.000572213 -0.495346 0.293164 0.0190974 -1.02293 1.81983 -0.0207904 -0.19894 -0.00324254 0.000572213 0.39044 -0.250115 -0.00164773 -0.197032 0.00133516 0.000190738 0.392729 -0.249419 0.000873839 
23 -0.00782013 0.00972748 0.229458 -1.40004 0.000572213 -0.495346 0.293164 0.0190974 -1.01835 1.82021 -0.0207904 -0.19894 -0.00324254 0.000572213 0.39044 -0.250115 -0.00164773 -0.197032 0.00133516 0.000190738 0.392729 -0.249419 0.000873839 
23 -0.00782013 0.00972748 0.229458 -1.40004 0.000572213 -0.495346 0.292782 0.0190974 -1.01415 1.82021 -0.0207904 -0.19894 -0.00324254 0.000572213 0.39044 -0.250115 -0.00164773 -0.197032 0.00133516 0.000190738 0.392729 -0.249419 0.000873839 
23 -0.00782013 0.00972748 0.229458 -1.40004 0.000572213 -0.495346 0.292401 0.0190974 -1.00958 1.82021 -0.0207904 -0.19894 -0.00324254 0.000572213 0.39044 -0.250115 -0.00164773 -0.197032 0.00133516 0.000190738 0.392729 -0.249419 0.000873839 
23 -0.00782013 0.00972748 0.229458 -1.40004 0.000572213 -0.495346 0.291638 0.0190974 -1.00576 1.82021 -0.0207904 -0.19894 -0.00324254 0.000572213 0.39044 -0.250115 -0.00164773 -0.197032 0.00133516 0.000190738 0.392729 -0.249419 0.000873839 
23 -0.00782013 0.00972748 0.229458 -1.40004 0.000572213 -0.495346 0.291257 0.0190974 -1.00156 1.82059 -0.0207904 -0.19894 -0.00324254 0.000572213 0.39044 -0.250115 -0.00164773 -0.197032 0.00133516 0.000190738 0.392729 -0.249419 0.000873839 
23 -0.00782013 0.00972748 0.229458 -1.40004 0.000572213 -0.495346 0.290875 0.0190974 -0.997749 1.82059 -0.0207904 -0.19894 -0.00324254 0.000572213 0.39044 -0.250115 -0.00164773 -0.197032 0.00133516 0.000190738 0.392729 -0.249419 0.000873839 
23 -0.00782013 0.00972748 0.229458 -1.40004 0.000572213 -0.495346 0.290494 0.0187159 -0.993935 1.82059 -0.0207904 -0.19894 -0.00324254 0.000572213 0.39044 -0.250115 -0.00164773 -0.197032 0.00133516 0.000190738 0.392729 -0.249419 0.000873839 
23 -0.00782013 0.00972748 0.229458 -1.40004 0.000572213 -0.495346 0.289731 0.0187159 -0.990501 1.82097 -0.0207904 -0.19894 -0.00324254 0.000572213 0.39044 -0.250115 -0.00164773 -0.197032 0.00133516 0.000190738 0.392729 -0.249419 0.000873839 
23 -0.00782013 0.00972748 0.229458 -1.40004 0.000572213 -0.495346 0.288968 0.0187159 -0.987068 1.82097 -0.0207904 -0.19894 -0.00324254 0.000572213 0.39044 -0.250115 -0.00164773 -0.197032 0.00133516 0.000190738 0.392729 -0.249419 0.000873839 
23 -0.00782013 0.00972748 0.229458 -1.40004 0.000572213 -0.495346 0.288586 0.0187159 -0.984016 1.82135 -0.0207904 -0.19894 -0.00324254 0.000572213 0.39044 -0.250115 -0.00164773 -0.197032 0.00133516 0.000190738 0.392729 -0.249419 0.000873839 
23 -0.00782013 0.00972748 0.229458 -1.40004 0.000572213 -0.495346 0.287823 0.0187159 -0.980964 1.82174 -0.0207904 -0.19894 -0.00324254 0.000572213 0.39044 -0.250115 -0.00164773 -0.197032 0.00133516 0.000190738 0.392729 -0.249419 0.000873839 
23 -0.00743866 0.00972748 0.229458 -1.40004 0.000572213 -0.495346 0.287442 0.0187159 -0.977913 1.82174 -0.0207904 -0.19894 -0.00324254 0.000572213 0.39044 -0.250115 -0.00164773 -0.197032 0.00133516 0.000190738 0.392729 -0.249419 0.000873839 
23 -0.00782013 0.00972748 0.229458 -1.40004 0.000572213 -0.495346 0.286679 0.0187159 -0.975242 1.82212 -0.0204089 -0.19894 -0.00324254 0.000572213 0.39044 -0.250115 -0.00164773 -0.197032 0.00133516 0.000190738 0.392729 -0.249419 0.000873839 
23 -0.00782013 0.00972748 0.229458 -1.40004 0.000572213 -0.495346 0.285916 0.0183344 -0.972572 1.8225 -0.0204089 -0.19894 -0.00324254 0.000572213 0.39044 -0.250115 -0.00164773 -0.197032 0.00133516 0.000190738 0.392729 -0.249419 0.000873839 
23 -0.00782013 0.00972748 0.229458 -1.40004 0.000572213 -0.495346 0.285153 0.0183344 -0.970283 1.8225 -0.0204089 -0.19894 -0.00324254 0.000572213 0.39044 -0.250115 -0.00164773 -0.197032 0.00133516 0.000190738 0.392729 -0.249419 0.000873839 
23 -0.00782013 0.00972748 0.229458 -1.40004 0.000572213 -0.495346 0.28439 0.0183344 -0.968376 1.82288 -0.0204089 -0.19894 -0.00324254 0.000572213 0.39044 -0.250115 -0.00164773 -0.197032 0.00133516 0.000190738 0.392729 -0.249419 0.000873839 
23 -0.00782013 0.00972748 0.229458 -1.40004 0.000572213 -0.495346 0.283246 0.0183344 -0.966087 1.82326 -0.0204089 -0.19894 -0.00324254 0.000572213 0.39044 -0.250115 -0.00164773 -0.197032 0.00133516 0.000190738 0.392729 -0.249419 0.000873839 
23 -0.00782013 0.00972748 0.229458 -1.40004 0.000572213 -0.495346 0.282101 0.0183344 -0.964179 1.82364 -0.0204089 -0.19894 -0.00324254 0.000572213 0.39044 -0.250115 -0.00164773 -0.197032 0.00133516 0.000190738 0.392729 -0.249419 0.000873839 
23 -0.00782013 0.00972748 0.229458 -1.40004 0.000572213 -0.495346 0.281338 0.017953 -0.962272 1.82364 -0.0200275 -0.19894 -0.00324254 0.000572213 0.39044 -0.250115 -0.00164773 -0.197032 0.00133516 0.000190738 0.392729 -0.249419 0.000873839 
23 -0.00782013 0.00972748 0.229458 -1.40004 0.000572213 -0.495346 0.280957 0.017953 -0.960746 1.82403 -0.0200275 -0.19894 -0.00324254 0.000572213 0.39044 -0.250115 -0.00164773 -0.197032 0.00133516 0.000190738 0.392729 -0.249419 0.000873839 
23 -0.00782013 0.00972748 0.229458 -1.40004 0.000572213 -0.495346 0.280194 0.0175714 -0.95922 1.82441 -0.0200275 -0.19894 -0.00324254 0.000572213 0.39044 -0.250115 -0.00164773 -0.197032 0.00133516 0.000190738 0.392729 -0.249419 0.000873839 
23 -0.00782013 0.00972748 0.229458 -1.40004 0.000572213 -0.495346 0.279049 0.0175714 -0.958076 1.82441 -0.0200275 -0.19894 -0.00324254 0.000572213 0.39044 -0.250115 -0.00164773 -0.197032 0.00133516 0.000190738 0.392729 -0.249419 0.000873839 
23 -0.00782013 0.00972748 0.229458 -1.40004 0.000572213 -0.495346 0.278286 0.0175714 -0.957313 1.82479 -0.019646 -0.19894 -0.00324254 0.000572213 0.39044 -0.250115 -0.00164773 -0.197032 0.00133516 0.000190738 0.392729 -0.249419 0.000873839 
23 -0.00782013 0.00972748 0.229458 -1.40004 0.000572213 -0.495346 0.276761 0.01719 -0.956168 1.82517 -0.019646 -0.19894 -0.00324254 0.000572213 0.39044 -0.250115 -0.00164773 -0.197032 0.00133516 0.000190738 0.392729 -0.249419 0.000873839 
23 -0.00782013 0.00972748 0.229458 -1.40004 0.000572213 -0.495346 0.275616 0.01719 -0.955406 1.82555 -0.019646 -0.19894 -0.00324254 0.000572213 0.39044 -0.250115 -0.00164773 -0.197032 0.00133516 0.000190738 0.392729 -0.249419 0.000873839 
23 -0.00782013 0.00972748 0.229839 -1.40004 0.000572213 -0.495346 0.274853 0.0168085 -0.955024 1.82593 -0.0192645 -0.19894 -0.00324254 0.000572213 0.39044 -0.250115 -0.00164773 -0.197032 0.00133516 0.000190738 0.392729 -0.249419 0.000873839 
23 -0.00782013 0.00972748 0.229839 -1.40004 0.000572213 -0.495346 0.27409 0.0168085 -0.954261 1.82593 -0.0192645 -0.19894 -0.00324254 0.000572213 0.39044 -0.250115 -0.00164773 -0.197032 0.00133516 0.000190738 0.392729 -0.249419 0.000873839 
23 -0.00782013 0.00972748 0.229839 -1.40004 0.000572213 -0.495346 0.272946 0.0168085 -0.954261 1.82631 -0.0192645 -0.19894 -0.00324254 0.000572213 0.39044 -0.250115 -0.00164773 -0.197032 0.00133516 0.000190738 0.392729 -0.249419 0.000873839 
23 -0.00782013 0.00972748 0.229839 -1.40004 0.000572213 -0.495346 0.27142 0.016427 -0.954261 1.8267 -0.0192645 -0.19894 -0.00324254 0.000572213 0.39044 -0.250115 -0.00164773 -0.197032 0.00133516 0.000190738 0.392729 -0.249419 0.000873839 
23 -0.00782013 0.00972748 0.229839 -1.40004 0.000572213 -0.495346 0.269894 0.016427 -0.954261 1.82708 -0.0192645 -0.19894 -0.00324254 0.000572213 0.39044 -0.250115 -0.00164773 -0.197032 0.00133516 0.000190738 0.392729 -0.249419 0.000873839 
23 -0.00782013 0.00972748 0.229839 -1.40004 0.000572213 -0.495346 0.26875 0.0160456 -0.954643 1.82746 -0.018883 -0.19894 -0.00324254 0.000572213 0.39044 -0.250115 -0.00164773 -0.197032 0.00133516 0.000190738 0.392729 -0.249419 0.000873839 
23 -0.00782013 0.00972748 0.229839 -1.40004 0.000572213 -0.495346 0.267605 0.0156641 -0.955024 1.82784 -0.018883 -0.19894 -0.00324254 0.000572213 0.39044 -0.250115 -0.00164773 -0.197032 0.00133516 0.000190738 0.392729 -0.249419 0.000873839 
23 -0.00782013 0.00972748 0.229839 -1.40004 0.000572213 -0.495346 0.266461 0.0152826 -0.955787 1.82822 -0.018883 -0.19894 -0.00324254 0.000572213 0.39044 -0.250115 -0.00164773 -0.197032 0.00133516 0.000190738 0.392729 -0.249419 0.000873839 
23 -0.00782013 0.00972748 0.229839 -1.40004 0.000572213 -0.495346 0.264935 0.0152826 -0.95655 1.82898 -0.0185016 -0.19894 -0.00324254 0.000572213 0.39044 -0.250115 -0.00164773 -0.197032 0.00133516 0.000190738 0.392729 -0.249419 0.000873839 
23 -0.00782013 0.00972748 0.229839 -1.40004 0.000572213 -0.495346 0.263409 0.0149012 -0.957313 1.82975 -0.0185016 -0.19894 -0.00324254 0.000572213 0.39044 -0.250115 -0.00164773 -0.197032 0.00133516 0.000190738 0.392729 -0.249419 0.000873839 
23 -0.00782013 0.00972748 0.229839 -1.40004 0.000572213 -0.495346 0.261883 0.0149012 -0.958457 1.83013 -0.0185016 -0.19894 -0.00324254 0.000572213 0.39044 -0.250115 -0.00164773 -0.197032 0.00133516 0.000190738 0.392729 -0.249419 0.000873839 
23 -0.00782013 0.00972748 0.229839 -1.40004 0.000572213 -0.495346 0.260357 0.0145197 -0.95922 1.83051 -0.0181201 -0.19894 -0.00324254 0.000572213 0.39044 -0.250115 -0.00164773 -0.197032 0.00133516 0.000190738 0.392729 -0.249419 0.000873839 
23 -0.00782013 0.00972748 0.229839 -1.40004 0.000572213 -0.495346 0.258831 0.0141382 -0.960746 1.83089 -0.0181201 -0.19894 -0.00324254 0.000572213 0.39044 -0.250115 -0.00164773 -0.197032 0.00133516 0.000190738 0.392729 -0.249419 0.000873839 
23 -0.00782013 0.00972748 0.229839 -1.40004 0.000572213 -0.495346 0.256924 0.0141382 -0.961891 1.83127 -0.0177386 -0.19894 -0.00324254 0.000572213 0.39044 -0.250115 -0.00164773 -0.197032 0.00133516 0.000190738 0.392729 -0.249419 0.000873839 
23 -0.00782013 0.00972748 0.229839 -1.40004 0.000572213 -0.495346 0.255779 0.0137567 -0.963798 1.83165 -0.0177386 -0.19894 -0.00324254 0.000572213 0.39044 -0.250115 -0.00164773 -0.197032 0.00133516 0.000190738 0.392729 -0.249419 0.000873839 
23 -0.00782013 0.00972748 0.229839 -1.40004 0.000572213 -0.495346 0.254253 0.0133752 -0.965705 1.83204 -0.0173571 -0.19894 -0.00324254 0.000572213 0.39044 -0.250115 -0.00164773 -0.197032 0.00133516 0.000190738 0.392729 -0.249419 0.000873839 
23 -0.00782013 0.00972748 0.229839 -1.40004 0.000572213 -0.495346 0.252346 0.0133752 -0.967613 1.83204 -0.0169757 -0.19894 -0.00324254 0.000572213 0.39044 -0.250115 -0.00164773 -0.197032 0.00133516 0.000190738 0.392729 -0.249419 0.000873839 
23 -0.00782013 0.00972748 0.229839 -1.40004 0.000572213 -0.495346 0.250439 0.0126123 -0.969902 1.83242 -0.0169757 -0.19894 -0.00324254 0.000572213 0.39044 -0.250115 -0.00164773 -0.197032 0.00133516 0.000190738 0.392729 -0.249419 0.000873839 
23 -0.00782013 0.00972748 0.229839 -1.40004 0.000572213 -0.495346 0.248913 0.0122308 -0.971809 1.8328 -0.0165942 -0.19894 -0.00324254 0.000572213 0.39044 -0.250115 -0.00164773 -0.197032 0.00133516 0.000190738 0.392729 -0.249419 0.000873839 
23 -0.00782013 0.00972748 0.229839 -1.40004 0.000572213 -0.495346 0.247387 0.0118493 -0.974098 1.8328 -0.0162127 -0.19894 -0.00324254 0.000572213 0.39044 -0.250115 -0.00164773 -0.197032 0.00133516 0.000190738 0.392729 -0.249419 0.000873839 
23 -0.00782013 0.00972748 0.229458 -1.40004 0.000572213 -0.495346 0.245098 0.0114679 -0.97715 1.83318 -0.0162127 -0.19894 -0.00324254 0.000572213 0.39044 -0.250115 -0.00164773 -0.197032 0.00133516 0.000190738 0.392729 -0.249419 0.000873839 
23 -0.00782013 0.00972748 0.229458 -1.40004 0.000572213 -0.495346 0.243572 0.0110864 -0.97982 1.83356 -0.0158312 -0.19894 -0.00324254 0.000572213 0.39044 -0.250115 -0.00164773 -0.197032 0.00133516 0.000190738 0.392729 -0.249419 0.000873839 
23 -0.00743866 0.00972748 0.229458 -1.40004 0.000572213 -0.495346 0.242046 0.0103235 -0.982872 1.83394 -0.0154498 -0.19894 -0.00324254 0.000572213 0.39044 -0.250115 -0.00164773 -0.197032 0.00133516 0.000190738 0.392729 -0.249419 0.000873839 
23 -0.00782013 0.00972748 0.229458 -1.40004 0.000572213 -0.495346 0.24052 0.00956047 -0.985542 1.83433 -0.0150683 -0.19894 -0.00324254 0.000572213 0.39044 -0.250115 -0.00164773 -0.197032 0.00133516 0.000190738 0.392729 -0.249419 0.000873839 
23 -0.00782013 0.00972748 0.229458 -1.40004 0.000572213 -0.495346 0.238231 0.00879753 -0.988594 1.83471 -0.0146868 -0.19894 -0.00324254 0.000572213 0.39044 -0.250115 -0.00164773 -0.197032 0.00133516 0.000190738 0.392729 -0.249419 0.000873839 
23 -0.00782013 0.00972748 0.229458 -1.40004 0.000572213 -0.495346 0.236706 0.00841606 -0.991646 1.83509 -0.0146868 -0.19894 -0.00324254 0.000572213 0.39044 -0.250115 -0.00164773 -0.197032 0.00133516 0.000190738 0.392729 -0.249419 0.000873839 
23 -0.00782013 0.00972748 0.229458 -1.40004 0.000572213 -0.495346 0.23518 0.00765312 -0.99546 1.83547 -0.0143053 -0.19894 -0.00324254 0.000572213 0.39044 -0.250115 -0.00164773 -0.197032 0.00133516 0.000190738 0.392729 -0.249419 0.000873839 
23 -0.00782013 0.00972748 0.229458 -1.40004 0.000572213 -0.495346 0.232891 0.00727165 -0.998512 1.83585 -0.0139239 -0.19894 -0.00324254 0.000572213 0.39044 -0.250115 -0.00164773 -0.197032 0.00133516 0.000190738 0.392729 -0.249419 0.000873839 
23 -0.00782013 0.00972748 0.229458 -1.40004 0.000572213 -0.495346 0.231365 0.00689018 -1.00233 1.83623 -0.0135424 -0.19894 -0.00324254 0.000572213 0.39044 -0.250115 -0.00164773 -0.197032 0.00133516 0.000190738 0.392729 -0.249419 0.000873839 
23 -0.00782013 0.00972748 0.229458 -1.40004 0.000572213 -0.495346 0.229839 0.00650871 -1.00614 1.83623 -0.0135424 -0.19894 -0.00324254 0.000572213 0.39044 -0.250115 -0.00164773 -0.197032 0.00133516 0.000190738 0.392729 -0.249419 0.000873839 
23 -0.00782013 0.00972748 0.229458 -1.40004 0.000572213 -0.495346 0.228313 0.00574571 -1.00958 1.83661 -0.0131609 -0.19894 -0.00324254 0.000572213 0.39044 -0.250115 -0.00164773 -0.197032 0.00133516 0.000190738 0.392729 -0.249419 0.000873839 
23 -0.00782013 0.00972748 0.229458 -1.40004 0.000572213 -0.495346 0.226024 0.00536424 -1.01377 1.837 -0.0127794 -0.19894 -0.00324254 0.000572213 0.39044 -0.250115 -0.00164773 -0.197032 0.00133516 0.000190738 0.392729 -0.249419 0.000873839 
23 -0.00782013 0.00972748 0.229458 -1.40004 0.000572213 -0.495346 0.224498 0.0046013 -1.01797 1.83738 -0.012398 -0.19894 -0.00324254 0.000572213 0.39044 -0.250115 -0.00164773 -0.197032 0.00133516 0.000190738 0.392729 -0.249419 0.000873839 
23 -0.00782013 0.00972748 0.229458 -1.40004 0.000572213 -0.495346 0.222972 0.00383836 -1.02178 1.83776 -0.012398 -0.19894 -0.00324254 0.000572213 0.39044 -0.250115 -0.00164773 -0.197032 0.00133516 0.000190738 0.392729 -0.249419 0.000873839 
23 -0.00782013 0.00972748 0.229458 -1.40004 0.000572213 -0.495346 0.221065 0.00269395 -1.02636 1.83776 -0.0120165 -0.19894 -0.00324254 0.000572213 0.39044 -0.250115 -0.00164773 -0.197032 0.00133516 0.000190738 0.392729 -0.249419 0.000873839 
23 -0.00743866 0.00972748 0.229458 -1.40004 0.000572213 -0.495346 0.219158 0.00231248 -1.03056 1.83814 -0.011635 -0.19894 -0.00324254 0.000572213 0.39044 -0.250115 -0.00164773 -0.197032 0.00133516 0.000190738 0.392729 -0.249419 0.000873839 
23 -0.00782013 0.00972748 0.229458 -1.40004 0.000572213 -0.495346 0.217632 0.00193095 -1.03475 1.83852 -0.011635 -0.19894 -0.00324254 0.000572213 0.39044 -0.250115 -0.00164773 -0.197032 0.00133516 0.000190738 0.392729 -0.249419 0.000873839 
23 -0.00782013 0.00972748 0.229458 -1.40004 0.000572213 -0.495346 0.216106 0.00154948 -1.03971 1.8389 -0.0112535 -0.19894 -0.00324254 0.000572213 0.39044 -0.250115 -0.00164773 -0.197032 0.00133516 0.000190738 0.392729 -0.249419 0.000873839 
23 -0.00782013 0.00972748 0.229458 -1.40004 0.000572213 -0.495346 0.214199 0.00116801 -1.04467 1.8389 -0.0108721 -0.19894 -0.00324254 0.000572213 0.39044 -0.250115 -0.00164773 -0.197032 0.00133516 0.000190738 0.392729 -0.249419 0.000873839 
23 -0.00782013 0.00972748 0.229458 -1.40004 0.000572213 -0.495346 0.212673 0.000405073 -1.04887 1.83928 -0.0108721 -0.19894 -0.00324254 0.000572213 0.39044 -0.250115 -0.00164773 -0.197032 0.00133516 0.000190738 0.392729 -0.249419 0.000873839 
23 -0.00782013 0.00972748 0.229458 -1.40004 0.000572213 -0.495346 0.210765 2.36034e-05 -1.05383 1.83967 -0.0104906 -0.19894 -0.00324254 0.000572213 0.39044 -0.250115 -0.00164773 -0.197032 0.00133516 0.000190738 0.392729 -0.249419 0.000873839 
23 -0.00782013 0.00972748 0.229076 -1.40004 0.000572213 -0.495346 0.209239 -0.000357866 -1.05879 1.83967 -0.0101091 -0.19894 -0.00324254 0.000572213 0.39044 -0.250115 -0.00164773 -0.197032 0.00133516 0.000190738 0.392729 -0.249419 0.000873839 
23 -0.00782013 0.00972748 0.229076 -1.40004 0.000572213 -0.495346 0.20695 -0.000739336 -1.06413 1.84005 -0.00972763 -0.19894 -0.00324254 0.000572213 0.39044 -0.250115 -0.00164773 -0.197032 0.00133516 0.000190738 0.392729 -0.249419 0.000873839 
23 -0.00782013 0.00972748 0.229076 -1.40004 0.000572213 -0.495346 0.205806 -0.00150228 -1.06947 1.84005 -0.00972763 -0.19894 -0.00324254 0.000572213 0.39044 -0.250115 -0.00164773 -0.197032 0.00133516 0.000190738 0.392729 -0.249419 0.000873839 
23 -0.00782013 0.00972748 0.229076 -1.40004 0.000572213 -0.495346 0.20428 -0.00226527 -1.07404 1.84043 -0.00934615 -0.19894 -0.00324254 0.000572213 0.39044 -0.250115 -0.00164773 -0.197032 0.00133516 0.000190738 0.392729 -0.249419 0.000873839 
23 -0.00782013 0.00972748 0.229076 -1.40004 0.000572213 -0.495346 0.202373 -0.00340968 -1.07977 1.84043 -0.00934615 -0.19894 -0.00324254 0.000572213 0.39044 -0.250115 -0.00164773 -0.197032 0.00133516 0.000190738 0.392729 -0.249419 0.000873839 
23 -0.00782013 0.00972748 0.229076 -1.40004 0.000572213 -0.495346 0.200847 -0.00417262 -1.08511 1.84043 -0.00896468 -0.19894 -0.00324254 0.000572213 0.39044 -0.250115 -0.00164773 -0.197032 0.00133516 0.000190738 0.392729 -0.249419 0.000873839 
23 -0.00782013 0.00972748 0.229076 -1.40004 0.000572213 -0.495346 0.199321 -0.00455409 -1.09045 1.84043 -0.0085832 -0.19894 -0.00324254 0.000572213 0.39044 -0.250115 -0.00164773 -0.197032 0.00133516 0.000190738 0.392729 -0.249419 0.000873839 
23 -0.00782013 0.00972748 0.229076 -1.40004 0.000572213 -0.495346 0.197795 -0.00493556 -1.09617 1.84043 -0.0085832 -0.19894 -0.00324254 0.000572213 0.39044 -0.250115 -0.00164773 -0.197032 0.00133516 0.000190738 0.392729 -0.249419 0.000873839 
23 -0.00782013 0.00972748 0.229076 -1.40004 0.000572213 -0.495346 0.195888 -0.00569856 -1.10151 1.84043 -0.00820172 -0.19894 -0.00324254 0.000572213 0.39044 -0.250115 -0.00164773 -0.197032 0.00133516 0.000190738 0.392729 -0.249419 0.000873839 
23 -0.00782013 0.00972748 0.228695 -1.40004 0.000572213 -0.495346 0.19398 -0.00608003 -1.10761 1.84005 -0.00820172 -0.19894 -0.00324254 0.000572213 0.39044 -0.250115 -0.00164773 -0.197032 0.00133516 0.000190738 0.392729 -0.249419 0.000873839 
23 -0.00782013 0.00972748 0.228695 -1.40004 0.000572213 -0.495346 0.192836 -0.0064615 -1.11295 1.84005 -0.00782025 -0.19894 -0.00324254 0.000572213 0.39044 -0.250115 -0.00164773 -0.197032 0.00133516 0.000190738 0.392729 -0.249419 0.000873839 
23 -0.00782013 0.00972748 0.228695 -1.40004 0.000572213 -0.495346 0.19131 -0.00722444 -1.11906 1.84005 -0.00782025 -0.19894 -0.00324254 0.000572213 0.39044 -0.250115 -0.00164773 -0.197032 0.00133516 0.000190738 0.392729 -0.249419 0.000873839 
23 -0.00782013 0.00972748 0.228695 -1.40004 0.000572213 -0.495346 0.189403 -0.00760591 -1.12478 1.83967 -0.00782025 -0.19894 -0.00324254 0.000572213 0.39044 -0.250115 -0.00164773 -0.197032 0.00133516 0.000190738 0.392729 -0.249419 0.000873839 
23 -0.00782013 0.00972748 0.228695 -1.40004 0.000572213 -0.495346 0.187877 -0.00875032 -1.1305 1.83967 -0.00743877 -0.19894 -0.00324254 0.000572213 0.39044 -0.250115 -0.00164773 -0.197032 0.00133516 0.000190738 0.392729 -0.249419 0.000873839 
23 -0.00782013 0.00972748 0.228313 -1.40004 0.000572213 -0.495346 0.186351 -0.00951326 -1.13661 1.83928 -0.00743877 -0.19894 -0.00324254 0.000572213 0.39044 -0.250115 -0.00164773 -0.197032 0.00133516 0.000190738 0.392729 -0.249419 0.000873839 
23 -0.00782013 0.00972748 0.228313 -1.40004 0.000572213 -0.495346 0.184825 -0.0102763 -1.14271 1.83928 -0.00743877 -0.19894 -0.00324254 0.000572213 0.39044 -0.250115 -0.00164773 -0.197032 0.00133516 0.000190738 0.392729 -0.249419 0.000873839 
23 -0.00782013 0.00972748 0.228313 -1.40004 0.000572213 -0.495346 0.182918 -0.0106577 -1.14843 1.8389 -0.00743877 -0.19894 -0.00324254 0.000572213 0.39044 -0.250115 -0.00164773 -0.197032 0.00133516 0.000190738 0.392729 -0.249419 0.000873839 
23 -0.00782013 0.00972748 0.228313 -1.40004 0.000572213 -0.495346 0.181392 -0.0110392 -1.15492 1.8389 -0.00743877 -0.19894 -0.00324254 0.000572213 0.39044 -0.250115 -0.00164773 -0.197032 0.00133516 0.000190738 0.392729 -0.249419 0.000873839 
23 -0.00782013 0.00972748 0.228313 -1.40004 0.000572213 -0.495346 0.180247 -0.0114207 -1.16102 1.83852 -0.00743877 -0.19894 -0.00324254 0.000572213 0.39044 -0.250115 -0.00164773 -0.197032 0.00133516 0.000190738 0.392729 -0.249419 0.000873839 
23 -0.00782013 0.00972748 0.227932 -1.40004 0.000572213 -0.495346 0.178721 -0.0121836 -1.16751 1.83852 -0.00743877 -0.19894 -0.00324254 0.000572213 0.39044 -0.250115 -0.00164773 -0.197032 0.00133516 0.000190738 0.392729 -0.249419 0.000873839 
23 -0.00782013 0.00972748 0.227932 -1.40004 0.000572213 -0.495346 0.176814 -0.0125651 -1.17361 1.83814 -0.00743877 -0.19894 -0.00324254 0.000572213 0.39044 -0.250115 -0.00164773 -0.197032 0.00133516 0.000190738 0.392729 -0.249419 0.000873839 
23 -0.00782013 0.00972748 0.227932 -1.40004 0.000572213 -0.495346 0.175288 -0.0129465 -1.18048 1.83776 -0.00743877 -0.19894 -0.00324254 0.000572213 0.39044 -0.250115 -0.00164773 -0.197032 0.00133516 0.000190738 0.392729 -0.249419 0.000873839 
23 -0.00782013 0.00972748 0.227932 -1.40004 0.000572213 -0.495346 0.173762 -0.013328 -1.18658 1.83776 -0.00743877 -0.19894 -0.00324254 0.000572213 0.39044 -0.250115 -0.00164773 -0.197032 0.00133516 0.000190738 0.392729 -0.249419 0.000873839 
23 -0.00782013 0.00972748 0.22755 -1.40004 0.000572213 -0.495346 0.172236 -0.0137095 -1.19345 1.83738 -0.0070573 -0.19894 -0.00324254 0.000572213 0.39044 -0.250115 -0.00164773 -0.197032 0.00133516 0.000190738 0.392729 -0.249419 0.000873839 
23 -0.00782013 0.00972748 0.22755 -1.40004 0.000572213 -0.495346 0.170329 -0.0144725 -1.19993 1.83738 -0.0070573 -0.19894 -0.00324254 0.000572213 0.39044 -0.250115 -0.00164773 -0.197032 0.00133516 0.000190738 0.392729 -0.249419 0.000873839 
23 -0.00782013 0.00972748 0.22755 -1.40004 0.000572213 -0.495346 0.169184 -0.0152354 -1.20642 1.837 -0.0070573 -0.19894 -0.00324254 0.000572213 0.39044 -0.250115 -0.00164773 -0.197032 0.00133516 0.000190738 0.392729 -0.249419 0.000873839 
23 -0.00782013 0.00972748 0.227169 -1.40004 0.000572213 -0.495346 0.167659 -0.0159984 -1.2129 1.837 -0.0070573 -0.19894 -0.00324254 0.000572213 0.39044 -0.250115 -0.00164773 -0.197032 0.00133516 0.000190738 0.392729 -0.249419 0.000873839 
23 -0.00782013 0.00972748 0.227169 -1.40004 0.000572213 -0.495346 0.166133 -0.0163798 -1.22015 1.83661 -0.0070573 -0.19894 -0.00324254 0.000572213 0.39044 -0.250115 -0.00164773 -0.197032 0.00133516 0.000190738 0.392729 -0.249419 0.000873839 
23 -0.00782013 0.00972748 0.227169 -1.40004 0.000572213 -0.495346 0.164607 -0.0167613 -1.22663 1.83661 -0.0070573 -0.19894 -0.00324254 0.000572213 0.39044 -0.250115 -0.00164773 -0.197032 0.00133516 0.000190738 0.392729 -0.249419 0.000873839 
23 -0.00782013 0.00972748 0.226787 -1.40004 0.000572213 -0.495346 0.163081 -0.0171428 -1.23312 1.83623 -0.00667582 -0.19894 -0.00324254 0.000572213 0.39044 -0.250115 -0.00164773 -0.197032 0.00133516 0.000190738 0.392729 -0.249419 0.000873839 
23 -0.00782013 0.00972748 0.226787 -1.40004 0.000572213 -0.495346 0.161555 -0.0175243 -1.23999 1.83623 -0.00667582 -0.19894 -0.00324254 0.000572213 0.39044 -0.250115 -0.00164773 -0.197032 0.00133516 0.000190738 0.392729 -0.249419 0.000873839 
23 -0.00782013 0.00972748 0.226787 -1.40004 0.000572213 -0.495346 0.16041 -0.0179058 -1.24647 1.83623 -0.00667582 -0.19894 -0.00324254 0.000572213 0.39044 -0.250115 -0.00164773 -0.197032 0.00133516 0.000190738 0.392729 -0.249419 0.000873839 
23 -0.00782013 0.00972748 0.226406 -1.40004 0.000572213 -0.495346 0.158503 -0.0182872 -1.25372 1.83585 -0.00629435 -0.19894 -0.00324254 0.000572213 0.39044 -0.250115 -0.00164773 -0.197032 0.00133516 0.000190738 0.392729 -0.249419 0.000873839 
23 -0.00782013 0.00972748 0.226406 -1.40004 0.000572213 -0.495346 0.156977 -0.0186687 -1.2602 1.83585 -0.00629435 -0.19894 -0.00324254 0.000572213 0.39044 -0.250115 -0.00164773 -0.197032 0.00133516 0.000190738 0.392729 -0.249419 0.000873839 
23 -0.00782013 0.00972748 0.226406 -1.40004 0.000572213 -0.495346 0.155833 -0.0190502 -1.26745 1.83585 -0.00629435 -0.19894 -0.00324254 0.000572213 0.39044 -0.250115 -0.00164773 -0.197032 0.00133516 0.000190738 0.392729 -0.249621 0.000448837 
23 -0.00782013 0.00972748 0.226024 -1.40004 0.000572213 -0.495346 0.154307 -0.0194317 -1.27432 1.83547 -0.00629435 -0.19894 -0.00324254 0.000572213 0.39044 -0.250115 -0.00164773 -0.197032 0.00133516 0.000190738 0.392729 -0.249621 0.000448977 
23 -0.00782013 0.00972748 0.226024 -1.40004 0.000572213 -0.495346 0.153162 -0.0201946 -1.28119 1.83547 -0.00629435 -0.19894 -0.00324254 0.000572213 0.39044 -0.250115 -0.00164773 -0.197032 0.00133516 0.000190738 0.392729 -0.249419 0.000873699 
23 -0.00782013 0.00972748 0.226024 -1.40004 0.000572213 -0.495346 0.151255 -0.0205761 -1.28843 1.83547 -0.00591287 -0.19894 -0.00324254 0.000572213 0.39044 -0.250115 -0.00164773 -0.197032 0.00133516 0.000190738 0.392729 -0.249419 0.000873839 
23 -0.00782013 0.00972748 0.226024 -1.40004 0.000572213 -0.495346 0.150111 -0.0213391 -1.2953 1.83509 -0.00591287 -0.19894 -0.00324254 0.000572213 0.39044 -0.250115 -0.00164773 -0.197032 0.00133516 0.000190738 0.392729 -0.249621 0.000448837 
23 -0.00782013 0.00972748 0.225643 -1.40004 0.000572213 -0.495346 0.148966 -0.0217205 -1.30179 1.83509 -0.00629435 -0.19894 -0.00324254 0.000572213 0.39044 -0.250115 -0.00164773 -0.197032 0.00133516 0.000190738 0.392729 -0.249419 0.000873699 
23 -0.00782013 0.00972748 0.225643 -1.40004 0.000572213 -0.495346 0.14744 -0.022102 -1.30903 1.83471 -0.00591287 -0.19894 -0.00324254 0.000572213 0.39044 -0.250115 -0.00164773 -0.197032 0.00133516 0.000190738 0.392729 -0.249621 0.000448838 
23 -0.00782013 0.00972748 0.225643 -1.40004 0.000572213 -0.495346 0.145914 -0.0224835 -1.31628 1.83471 -0.00591287 -0.19894 -0.00324254 0.000572213 0.39044 -0.250115 -0.00164773 -0.197032 0.00133516 0.000190738 0.392729 -0.249621 0.000448977 
23 -0.00782013 0.00972748 0.225643 -1.40004 0.000572213 -0.495346 0.144388 -0.0228649 -1.32315 1.83433 -0.00629435 -0.19894 -0.00324254 0.000572213 0.39044 -0.250115 -0.00164773 -0.197032 0.00133516 0.000190738 0.392729 -0.249621 0.000448977 
23 -0.00782013 0.00972748 0.225643 -1.40004 0.000572213 -0.495346 0.143626 -0.0232464 -1.3304 1.83394 -0.00629435 -0.19894 -0.00324254 0.000572213 0.39044 -0.250115 -0.00164773 -0.197032 0.00133516 0.000190738 0.392729 -0.249621 0.000448977 
23 -0.00782013 0.00972748 0.225261 -1.40004 0.000572213 -0.495346 0.142481 -0.0232464 -1.33726 1.83394 -0.00629435 -0.19894 -0.00324254 0.000572213 0.39044 -0.250115 -0.00164773 -0.197032 0.00133516 0.000190738 0.392729 -0.249621 0.000448977 
23 -0.00782013 0.00972748 0.225261 -1.40004 0.000572213 -0.495346 0.141337 -0.0236279 -1.34413 1.83356 -0.00629435 -0.19894 -0.00324254 0.000572213 0.39044 -0.250115 -0.00164773 -0.197032 0.00133516 0.000190738 0.392729 -0.249621 0.000448977 
23 -0.00782013 0.00972748 0.225261 -1.40004 0.000572213 -0.495346 0.139811 -0.0240093 -1.351 1.83318 -0.00629435 -0.19894 -0.00324254 0.000572213 0.39044 -0.250115 -0.00164773 -0.197032 0.00133516 0.000190738 0.392729 -0.249621 0.000448977 
23 -0.00782013 0.00972748 0.225261 -1.40004 0.000572213 -0.495346 0.138666 -0.0243908 -1.35786 1.8328 -0.00629435 -0.19894 -0.00324254 0.000572213 0.39044 -0.250115 -0.00164773 -0.197032 0.00133516 0.000190738 0.392729 -0.249621 0.000448977 
23 -0.00782013 0.0101089 0.22488 -1.40004 0.000572213 -0.495346 0.137522 -0.0247723 -1.36473 1.83242 -0.00629435 -0.19894 -0.00324254 0.000572213 0.39044 -0.250115 -0.00164773 -0.197032 0.00133516 0.000190738 0.392729 -0.249621 0.000448977 
23 -0.00782013 0.00972748 0.22488 -1.40004 0.000572213 -0.495346 0.136378 -0.0251538 -1.37198 1.83242 -0.00629435 -0.19894 -0.00324254 0.000572213 0.39044 -0.250115 -0.00164773 -0.197032 0.00133516 0.000190738 0.392729 -0.249621 0.000448977 
23 -0.00782013 0.00972748 0.22488 -1.40004 0.000572213 -0.495346 0.135233 -0.0255353 -1.37884 1.83204 -0.00629435 -0.19894 -0.00324254 0.000572213 0.39044 -0.250115 -0.00164773 -0.197032 0.00133516 0.000190738 0.392729 -0.249621 0.000448977 
23 -0.00782013 0.00972748 0.22488 -1.40004 0.000572213 -0.495346 0.134089 -0.0255353 -1.38571 1.83127 -0.00629435 -0.19894 -0.00324254 0.000572213 0.39044 -0.250115 -0.00164773 -0.197032 0.00133516 0.000190738 0.392729 -0.249621 0.000448977 
23 -0.00782013 0.00972748 0.22488 -1.40004 0.000572213 -0.495346 0.132563 -0.0259168 -1.39258 1.83089 -0.00629435 -0.19894 -0.00324254 0.000572213 0.39044 -0.250115 -0.00164773 -0.197032 0.00133516 0.000190738 0.392729 -0.249621 0.000448977 
23 -0.00782013 0.00972748 0.224498 -1.40004 0.000572213 -0.495346 0.1318 -0.0262982 -1.39944 1.83013 -0.00629435 -0.19894 -0.00324254 0.000572213 0.39044 -0.250115 -0.00164773 -0.197032 0.00133516 0.000190738 0.392729 -0.249621 0.000448977 
23 -0.00782013 0.00972748 0.224498 -1.40004 0.000572213 -0.495346 0.131037 -0.0270612 -1.40669 1.82975 -0.00629435 -0.19894 -0.00324254 0.000572213 0.39044 -0.250115 -0.00164773 -0.197032 0.00133516 0.000190738 0.392729 -0.249621 0.000448977 
23 -0.00782013 0.00972748 0.224498 -1.40004 0.000572213 -0.495346 0.129892 -0.0274426 -1.41356 1.8286 -0.00629435 -0.19894 -0.00324254 0.000572213 0.39044 -0.250115 -0.00164773 -0.197032 0.00133516 0.000190738 0.392729 -0.249621 0.000448977 
23 -0.00782013 0.00972748 0.224117 -1.40004 0.000572213 -0.495346 0.129129 -0.0282056 -1.42004 1.82746 -0.00629435 -0.19894 -0.00324254 0.000572213 0.39044 -0.250115 -0.00164773 -0.197032 0.00133516 0.000190738 0.392729 -0.249621 0.000448977 
23 -0.00782013 0.00972748 0.224117 -1.40004 0.000572213 -0.495346 0.127985 -0.028587 -1.42691 1.8267 -0.00629435 -0.19894 -0.00324254 0.000572213 0.39044 -0.250115 -0.00164773 -0.197032 0.00133516 0.000190738 0.392729 -0.249621 0.000448977 
23 -0.00782013 0.00972748 0.224117 -1.40004 0.000572213 -0.495346 0.126841 -0.0289685 -1.43378 1.82593 -0.00629435 -0.19894 -0.00324254 0.000572213 0.39044 -0.250115 -0.00164773 -0.197032 0.00133516 0.000190738 0.392729 -0.249621 0.000448977 
23 -0.00782013 0.00972748 0.224117 -1.40004 0.000572213 -0.495346 0.125696 -0.02935 -1.44064 1.82517 -0.00629435 -0.19894 -0.00324254 0.000572213 0.39044 -0.250115 -0.00164773 -0.197032 0.00133516 0.000190738 0.392729 -0.249621 0.000448977 
23 -0.00743866 0.00972748 0.224117 -1.40004 0.000572213 -0.495346 0.124933 -0.0297315 -1.44751 1.82441 -0.00629435 -0.19894 -0.00324254 0.000572213 0.39044 -0.250115 -0.00164773 -0.197032 0.00133516 0.000190738 0.392729 -0.249419 0.000873699 
23 -0.00782013 0.00972748 0.223735 -1.40004 0.000572213 -0.495346 0.12417 -0.0297315 -1.45399 1.82364 -0.00629435 -0.19894 -0.00324254 0.000572213 0.39044 -0.250115 -0.00164773 -0.197032 0.00133516 0.000190738 0.392729 -0.249419 0.000873839 
23 -0.00782013 0.00972748 0.223735 -1.40004 0.000572213 -0.495346 0.123407 -0.030113 -1.46048 1.82288 -0.00629435 -0.19894 -0.00324254 0.000572213 0.39044 -0.250115 -0.00164773 -0.197032 0.00133516 0.000190738 0.392729 -0.249621 0.000448837 
23 -0.00782013 0.00972748 0.223735 -1.40004 0.000572213 -0.495346 0.122644 -0.0304945 -1.46735 1.82174 -0.00629435 -0.19894 -0.00324254 0.000572213 0.39044 -0.250115 -0.00164773 -0.197032 0.00133516 0.000190738 0.392729 -0.249621 0.000448977 
23 -0.00782013 0.00972748 0.223735 -1.40004 0.000572213 -0.495346 0.1215 -0.0308759 -1.47421 1.82059 -0.00629435 -0.19894 -0.00324254 0.000572213 0.39044 -0.250115 -0.00164773 -0.197032 0.00133516 0.000190738 0.392729 -0.249621 0.000448977 
23 -0.00743866 0.00972748 0.223354 -1.40004 0.000572213 -0.495346 0.120737 -0.0308759 -1.4807 1.81983 -0.00629435 -0.19894 -0.00324254 0.000572213 0.39044 -0.250115 -0.00164773 -0.197032 0.00133516 0.000190738 0.392729 -0.249621 0.000448977 
23 -0.00782013 0.00972748 0.223354 -1.40004 0.000572213 -0.495346 0.119974 -0.0312574 -1.48718 1.81907 -0.00629435 -0.19894 -0.00324254 0.000572213 0.39044 -0.250115 -0.00164773 -0.197032 0.00133516 0.000190738 0.392729 -0.249621 0.000448977 
23 -0.00782013 0.00972748 0.223354 -1.40004 0.000572213 -0.495346 0.119211 -0.0312574 -1.49367 1.8183 -0.00629435 -0.19894 -0.00324254 0.000572213 0.39044 -0.250115 -0.00164773 -0.197032 0.00133516 0.000190738 0.392729 -0.249621 0.000448977 
23 -0.00782013 0.00972748 0.223354 -1.40004 0.000572213 -0.495346 0.11883 -0.0316389 -1.50015 1.81754 -0.00629435 -0.19894 -0.00324254 0.000572213 0.39044 -0.250115 -0.00164773 -0.197032 0.00133516 0.000190738 0.392729 -0.249621 0.000448977 
23 -0.00782013 0.00972748 0.223354 -1.40004 0.000572213 -0.495346 0.118067 -0.0316389 -1.50702 1.81678 -0.00629435 -0.19894 -0.00324254 0.000572213 0.39044 -0.250115 -0.00164773 -0.197032 0.00133516 0.000190738 0.392729 -0.249621 0.000448977 
23 -0.00782013 0.00972748 0.223354 -1.40004 0.000572213 -0.495346 0.117304 -0.0320203 -1.51312 1.81525 -0.00629435 -0.19894 -0.00324254 0.000572213 0.39044 -0.250115 -0.00164773 -0.197032 0.00133516 0.000190738 0.392729 -0.249621 0.000448977 
23 -0.00743866 0.00972748 0.223354 -1.40004 0.000572213 -0.495346 0.116922 -0.0320203 -1.51961 1.81411 -0.00629435 -0.19894 -0.00324254 0.000572213 0.39044 -0.250115 -0.00164773 -0.197032 0.00133516 0.000190738 0.392729 -0.249621 0.000448977 
23 -0.00782013 0.00972748 0.223354 -1.40004 0.000572213 -0.495346 0.116159 -0.0324018 -1.52571 1.81296 -0.00629435 -0.19894 -0.00324254 0.000572213 0.39044 -0.250115 -0.00164773 -0.197032 0.00133516 0.000190738 0.392729 -0.249621 0.000448977 
23 -0.00782013 0.00972748 0.223354 -1.40004 0.000572213 -0.495346 0.115778 -0.0327833 -1.53182 1.8122 -0.00629435 -0.19894 -0.00324254 0.000572213 0.39044 -0.250115 -0.00164773 -0.197032 0.00133516 0.000190738 0.392729 -0.249621 0.000448977 
23 -0.00782013 0.00972748 0.223354 -1.40004 0.000572213 -0.495346 0.115015 -0.0331648 -1.53792 1.81144 -0.00629435 -0.19894 -0.00324254 0.000572213 0.39044 -0.250115 -0.00164773 -0.197032 0.00133516 0.000190738 0.392729 -0.249621 0.000448977 
23 -0.00782013 0.00972748 0.223354 -1.40004 0.000572213 -0.495346 0.114633 -0.0335463 -1.5444 1.81067 -0.00629435 -0.19894 -0.00324254 0.000572213 0.39044 -0.250115 -0.00164773 -0.197032 0.00133516 0.000190738 0.392729 -0.249621 0.000448977 
23 -0.00782013 0.00972748 0.223354 -1.40004 0.000572213 -0.495346 0.114252 -0.0339277 -1.55013 1.80953 -0.00629435 -0.19894 -0.00324254 0.000572213 0.39044 -0.250115 -0.00164773 -0.197032 0.00133516 0.000190738 0.392729 -0.249621 0.000448977 
23 -0.00782013 0.00972748 0.223354 -1.40004 0.000572213 -0.495346 0.113489 -0.0343092 -1.55623 1.80838 -0.00629435 -0.19894 -0.00324254 0.000572213 0.39044 -0.250115 -0.00164773 -0.197032 0.00133516 0.000190738 0.392729 -0.249621 0.000448977 
23 -0.00782013 0.00972748 0.223354 -1.40004 0.000572213 -0.495346 0.113489 -0.0343092 -1.56233 1.80762 -0.00629435 -0.19894 -0.00324254 0.000572213 0.39044 -0.250115 -0.00164773 -0.197032 0.00133516 0.000190738 0.392729 -0.249621 0.000448977 
23 -0.00782013 0.00972748 0.223354 -1.40004 0.000572213 -0.495346 0.113108 -0.0346907 -1.56844 1.80648 -0.00629435 -0.19894 -0.00324254 0.000572213 0.39044 -0.250115 -0.00164773 -0.197032 0.00133516 0.000190738 0.392729 -0.249621 0.000448977 
23 -0.00782013 0.00972748 0.223354 -1.40004 0.000572213 -0.495346 0.112726 -0.0346907 -1.57416 1.80571 -0.00629435 -0.19894 -0.00324254 0.000572213 0.39044 -0.250115 -0.00164773 -0.197032 0.00133516 0.000190738 0.392729 -0.249621 0.000448977 
23 -0.00782013 0.00972748 0.223354 -1.40004 0.000572213 -0.495346 0.112345 -0.0346907 -1.57988 1.80495 -0.00629435 -0.19894 -0.00324254 0.000572213 0.39044 -0.250115 -0.00164773 -0.197032 0.00133516 0.000190738 0.392729 -0.249621 0.000448977 
23 -0.00782013 0.00972748 0.223354 -1.40004 0.000572213 -0.495346 0.111963 -0.0346907 -1.58522 1.80381 -0.00629435 -0.19894 -0.00324254 0.000572213 0.39044 -0.250115 -0.00164773 -0.197032 0.00133516 0.000190738 0.392729 -0.249621 0.000448977 
23 -0.00782013 0.00972748 0.223354 -1.40004 0.000572213 -0.495346 0.111582 -0.0346907 -1.59094 1.80266 -0.00629435 -0.19894 -0.00324254 0.000572213 0.39044 -0.250115 -0.00164773 -0.197032 0.00133516 0.000190738 0.392729 -0.249621 0.000448977 
23 -0.00782013 0.00972748 0.223354 -1.40004 0.000572213 -0.495346 0.111582 -0.0350721 -1.59667 1.80152 -0.00629435 -0.19894 -0.00324254 0.000572213 0.39044 -0.250115 -0.00164773 -0.197032 0.00133516 0.000190738 0.392729 -0.249621 0.000448977 
23 -0.00782013 0.00972748 0.223354 -1.40004 0.000572213 -0.495346 0.1112 -0.0350721 -1.60201 1.80037 -0.00629435 -0.19894 -0.00324254 0.000572213 0.39044 -0.250115 -0.00164773 -0.197032 0.00133516 0.000190738 0.392729 -0.249621 0.000448977 
23 -0.00782013 0.00972748 0.223354 -1.40004 0.000572213 -0.495346 0.110819 -0.0350721 -1.60735 1.79961 -0.00629435 -0.19894 -0.00324254 0.000572213 0.39044 -0.250115 -0.00164773 -0.197032 0.00133516 0.000190738 0.392729 -0.249621 0.000448977 
23 -0.00782013 0.00972748 0.223354 -1.40004 0.000572213 -0.495346 0.110437 -0.0350721 -1.61269 1.79885 -0.00629435 -0.19894 -0.00324254 0.000572213 0.39044 -0.250115 -0.00164773 -0.197032 0.00133516 0.000190738 0.392729 -0.249621 0.000448977 
23 -0.00782013 0.00972748 0.223354 -1.40004 0.000572213 -0.495346 0.110437 -0.0350721 -1.61841 1.7977 -0.00629435 -0.19894 -0.00324254 0.000572213 0.39044 -0.250115 -0.00164773 -0.197032 0.00133516 0.000190738 0.392729 -0.249621 0.000448977 
23 -0.00782013 0.00972748 0.223354 -1.40004 0.000572213 -0.495346 0.110056 -0.0350721 -1.62337 1.79694 -0.00629435 -0.19894 -0.00324254 0.000572213 0.39044 -0.250115 -0.00164773 -0.197032 0.00133516 0.000190738 0.392729 -0.249621 0.000448977 
23 -0.00782013 0.00972748 0.223354 -1.40004 0.000572213 -0.495346 0.109674 -0.0350721 -1.62871 1.7958 -0.00629435 -0.19894 -0.00324254 0.000572213 0.39044 -0.250115 -0.00164773 -0.197032 0.00133516 0.000190738 0.392729 -0.249621 0.000448977 
23 -0.00782013 0.00972748 0.223354 -1.40004 0.000572213 -0.495346 0.109293 -0.0350721 -1.63329 1.79503 -0.00629435 -0.19894 -0.00324254 0.000572213 0.39044 -0.250115 -0.00164773 -0.197032 0.00133516 0.000190738 0.392729 -0.249621 0.000448977 
23 -0.00782013 0.00972748 0.223354 -1.40004 0.000572213 -0.495346 0.109293 -0.0350721 -1.63863 1.79427 -0.00629435 -0.19894 -0.00324254 0.000572213 0.39044 -0.250115 -0.00164773 -0.197032 0.00133516 0.000190738 0.392729 -0.249621 0.000448977 
23 -0.00782013 0.00972748 0.223354 -1.40004 0.000572213 -0.495346 0.108911 -0.0346907 -1.64359 1.79351 -0.00629435 -0.19894 -0.00324254 0.000572213 0.39044 -0.250115 -0.00164773 -0.197032 0.00133516 0.000190738 0.392729 -0.249621 0.000448977 
23 -0.00782013 0.00972748 0.223354 -1.40004 0.000572213 -0.495346 0.108911 -0.0346907 -1.64855 1.79274 -0.00629435 -0.19894 -0.00324254 0.000572213 0.39044 -0.250115 -0.00164773 -0.197032 0.00133516 0.000190738 0.392729 -0.249621 0.000448977 
23 -0.00782013 0.00972748 0.223354 -1.40004 0.000572213 -0.495346 0.108911 -0.0346907 -1.65312 1.79198 -0.00629435 -0.19894 -0.00324254 0.000572213 0.39044 -0.250115 -0.00164773 -0.197032 0.00133516 0.000190738 0.392729 -0.249621 0.000448977 
23 -0.00782013 0.00972748 0.223354 -1.40004 0.000572213 -0.495346 0.10853 -0.0346907 -1.65808 1.79046 -0.00629435 -0.19894 -0.00324254 0.000572213 0.39044 -0.250115 -0.00164773 -0.197032 0.00133516 0.000190738 0.392729 -0.249621 0.000448977 
23 -0.00782013 0.00972748 0.223354 -1.40004 0.000572213 -0.495346 0.10853 -0.0346907 -1.66266 1.78931 -0.00629435 -0.19894 -0.00324254 0.000572213 0.39044 -0.250115 -0.00164773 -0.197032 0.00133516 0.000190738 0.392729 -0.249621 0.000448977 
23 -0.00782013 0.00972748 0.223354 -1.40004 0.000572213 -0.495346 0.10853 -0.0346907 -1.66724 1.78855 -0.00591287 -0.19894 -0.00324254 0.000572213 0.39044 -0.250115 -0.00164773 -0.197032 0.00133516 0.000190738 0.392729 -0.249621 0.000448977 
23 -0.00782013 0.00972748 0.223354 -1.40004 0.000572213 -0.495346 0.10853 -0.0346907 -1.67182 1.78779 -0.00591287 -0.19894 -0.00324254 0.000572213 0.39044 -0.250115 -0.00164773 -0.197032 0.00133516 0.000190738 0.392729 -0.249621 0.000448977 
23 -0.00782013 0.00972748 0.223354 -1.40004 0.000572213 -0.495346 0.10853 -0.0346907 -1.67639 1.78702 -0.00591287 -0.19894 -0.00324254 0.000572213 0.39044 -0.250115 -0.00164773 -0.197032 0.00133516 0.000190738 0.392729 -0.249621 0.000448977 
23 -0.00782013 0.00972748 0.223354 -1.40004 0.000572213 -0.495346 0.10853 -0.0343092 -1.68097 1.78626 -0.00591287 -0.19894 -0.00324254 0.000572213 0.39044 -0.250115 -0.00164773 -0.197032 0.00133516 0.000190738 0.392729 -0.249621 0.000448977 
23 -0.00782013 0.00972748 0.223354 -1.40004 0.000572213 -0.495346 0.10853 -0.0343092 -1.68479 1.7855 -0.00591287 -0.19894 -0.00324254 0.000572213 0.39044 -0.250115 -0.00164773 -0.197032 0.00133516 0.000190738 0.392729 -0.249621 0.000448977 
23 -0.00782013 0.00972748 0.223354 -1.40004 0.000572213 -0.495346 0.10853 -0.0343092 -1.68936 1.78435 -0.00591287 -0.19894 -0.00324254 0.000572213 0.39044 -0.250115 -0.00164773 -0.197032 0.00133516 0.000190738 0.392729 -0.249621 0.000448977 
23 -0.00782013 0.00972748 0.223354 -1.40004 0.000572213 -0.495346 0.10853 -0.0343092 -1.69356 1.78321 -0.00591287 -0.19894 -0.00324254 0.000572213 0.39044 -0.250115 -0.00164773 -0.197032 0.00133516 0.000190738 0.392729 -0.249621 0.000448977 
23 -0.00782013 0.00972748 0.223354 -1.40004 0.000572213 -0.495346 0.10853 -0.0343092 -1.69738 1.78244 -0.00591287 -0.19894 -0.00324254 0.000572213 0.39044 -0.250115 -0.00164773 -0.197032 0.00133516 0.000190738 0.392729 -0.249621 0.000448977 
23 -0.00782013 0.00972748 0.223354 -1.40004 0.000572213 -0.495346 0.10853 -0.0343092 -1.70119 1.78206 -0.00591287 -0.19894 -0.00324254 0.000572213 0.39044 -0.250115 -0.00164773 -0.197032 0.00133516 0.000190738 0.392729 -0.249621 0.000448977 
23 -0.00782013 0.00972748 0.223354 -1.40004 0.000572213 -0.495346 0.10853 -0.0339277 -1.70539 1.7813 -0.00591287 -0.19894 -0.00324254 0.000572213 0.39044 -0.250115 -0.00164773 -0.197032 0.00133516 0.000190738 0.392729 -0.249621 0.000448977 
23 -0.00782013 0.00972748 0.223354 -1.40004 0.000572213 -0.495346 0.10853 -0.0339277 -1.70882 1.78054 -0.00591287 -0.19894 -0.00324254 0.000572213 0.39044 -0.250115 -0.00164773 -0.197032 0.00133516 0.000190738 0.392729 -0.249621 0.000448977 
23 -0.00782013 0.00972748 0.223354 -1.40004 0.000572213 -0.495346 0.10853 -0.0339277 -1.71263 1.77977 -0.00591287 -0.19894 -0.00324254 0.000572213 0.39044 -0.250115 -0.00164773 -0.197032 0.00133516 0.000190738 0.392729 -0.249621 0.000448977 
23 -0.00782013 0.00972748 0.223354 -1.40004 0.000572213 -0.495346 0.108911 -0.0335463 -1.71607 1.77825 -0.00591287 -0.19894 -0.00324254 0.000572213 0.39044 -0.250115 -0.00164773 -0.197032 0.00133516 0.000190738 0.392729 -0.249621 0.000448977 
23 -0.00782013 0.00972748 0.223354 -1.40004 0.000572213 -0.495346 0.108911 -0.0335463 -1.7195 1.7771 -0.00591287 -0.19894 -0.00324254 0.000572213 0.39044 -0.250115 -0.00164773 -0.197032 0.00133516 0.000190738 0.392729 -0.249621 0.000448977 
23 -0.00782013 0.00972748 0.223354 -1.40004 0.000572213 -0.495346 0.108911 -0.0335463 -1.72293 1.77634 -0.00591287 -0.19894 -0.00324254 0.000572213 0.39044 -0.250115 -0.00164773 -0.197032 0.00133516 0.000190738 0.392729 -0.249621 0.000448977 
23 -0.00782013 0.00972748 0.223354 -1.40004 0.000572213 -0.495346 0.108911 -0.0335463 -1.72637 1.77558 -0.00591287 -0.19894 -0.00324254 0.000572213 0.39044 -0.250115 -0.00164773 -0.197032 0.00133516 0.000190738 0.392729 -0.249621 0.000448977 
23 -0.00782013 0.00972748 0.223354 -1.40004 0.000572213 -0.495346 0.108911 -0.0331648 -1.7298 1.77481 -0.00591287 -0.19894 -0.00324254 0.000572213 0.39044 -0.250115 -0.00164773 -0.197032 0.00133516 0.000190738 0.392729 -0.249621 0.000448977 
23 -0.00782013 0.00972748 0.223354 -1.40004 0.000572213 -0.495346 0.108911 -0.0331648 -1.73247 1.77405 -0.00591287 -0.19894 -0.00324254 0.000572213 0.39044 -0.250115 -0.00164773 -0.197032 0.00133516 0.000190738 0.392729 -0.249621 0.000448977 
23 -0.00782013 0.00972748 0.223354 -1.40004 0.000572213 -0.495346 0.108911 -0.0331648 -1.73552 1.77329 -0.00591287 -0.19894 -0.00324254 0.000572213 0.39044 -0.250115 -0.00164773 -0.197032 0.00133516 0.000190738 0.392729 -0.249621 0.000448977 
23 -0.00782013 0.00972748 0.223354 -1.40004 0.000572213 -0.495346 0.109293 -0.0331648 -1.73857 1.77214 -0.00591287 -0.19894 -0.00324254 0.000572213 0.39044 -0.250115 -0.00164773 -0.197032 0.00133516 0.000190738 0.392729 -0.249621 0.000448977 
23 -0.00782013 0.00972748 0.223354 -1.40004 0.000572213 -0.495346 0.109293 -0.0327833 -1.74125 1.77138 -0.00591287 -0.19894 -0.00324254 0.000572213 0.39044 -0.250115 -0.00164773 -0.197032 0.00133516 0.000190738 0.392729 -0.249621 0.000448977 
23 -0.00782013 0.00972748 0.223354 -1.40004 0.000572213 -0.495346 0.109293 -0.0327833 -1.74392 1.77062 -0.00591287 -0.19894 -0.00324254 0.000572213 0.39044 -0.250115 -0.00164773 -0.197032 0.00133516 0.000190738 0.392729 -0.249621 0.000448977 
23 -0.00782013 0.00972748 0.223354 -1.40004 0.000572213 -0.495346 0.109293 -0.0327833 -1.7462 1.76986 -0.00591287 -0.19894 -0.00324254 0.000572213 0.39044 -0.250115 -0.00164773 -0.197032 0.00133516 0.000190738 0.392729 -0.249621 0.000448977 
23 -0.00782013 0.00972748 0.223354 -1.40004 0.000572213 -0.495346 0.109674 -0.0324018 -1.74887 1.76947 -0.00591287 -0.19894 -0.00324254 0.000572213 0.39044 -0.250115 -0.00164773 -0.197032 0.00133516 0.000190738 0.392729 -0.249621 0.000448977 
23 -0.00782013 0.00972748 0.223354 -1.40004 0.000572213 -0.495346 0.109674 -0.0324018 -1.75116 1.76871 -0.00591287 -0.19894 -0.00324254 0.000572213 0.39044 -0.250115 -0.00164773 -0.197032 0.00133516 0.000190738 0.392729 -0.249621 0.000448977 
23 -0.00782013 0.00972748 0.223354 -1.40004 0.000572213 -0.495346 0.109674 -0.0320203 -1.75345 1.76795 -0.00591287 -0.19894 -0.00324254 0.000572213 0.39044 -0.250115 -0.00164773 -0.197032 0.00133516 0.000190738 0.392729 -0.249621 0.000448977 
23 -0.00782013 0.00972748 0.223354 -1.40004 0.000572213 -0.495346 0.109674 -0.0320203 -1.75574 1.76719 -0.00591287 -0.19894 -0.00324254 0.000572213 0.39044 -0.250115 -0.00164773 -0.197032 0.00133516 0.000190738 0.392729 -0.249621 0.000448977 
23 -0.00782013 0.00972748 0.223354 -1.40004 0.000572213 -0.495346 0.109674 -0.0320203 -1.75765 1.76642 -0.00591287 -0.19894 -0.00324254 0.000572213 0.39044 -0.250115 -0.00164773 -0.197032 0.00133516 0.000190738 0.392729 -0.249621 0.000448977 
23 -0.00782013 0.00972748 0.223354 -1.40004 0.000572213 -0.495346 0.110056 -0.0316389 -1.75956 1.76528 -0.00591287 -0.19894 -0.00324254 0.000572213 0.39044 -0.250115 -0.00164773 -0.197032 0.00133516 0.000190738 0.392729 -0.249621 0.000448977 
23 -0.00782013 0.00972748 0.223354 -1.40004 0.000572213 -0.495346 0.110056 -0.0316389 -1.76146 1.76452 -0.00591287 -0.19894 -0.00324254 0.000572213 0.39044 -0.250115 -0.00164773 -0.197032 0.00133516 0.000190738 0.392729 -0.249621 0.000448977 
23 -0.00782013 0.00972748 0.223354 -1.40004 0.000572213 -0.495346 0.110056 -0.0316389 -1.76299 1.76375 -0.00591287 -0.19894 -0.00324254 0.000572213 0.39044 -0.250115 -0.00164773 -0.197032 0.00133516 0.000190738 0.392729 -0.249621 0.000448977 
23 -0.00782013 0.00972748 0.223354 -1.40004 0.000572213 -0.495346 0.110056 -0.0316389 -1.7649 1.76337 -0.00591287 -0.19894 -0.00324254 0.000572213 0.39044 -0.250115 -0.00164773 -0.197032 0.00133516 0.000190738 0.392729 -0.249621 0.000448977 
23 -0.00782013 0.00972748 0.223354 -1.40004 0.000572213 -0.495346 0.110056 -0.0312574 -1.76642 1.76261 -0.00591287 -0.19894 -0.00324254 0.000572213 0.39044 -0.250115 -0.00164773 -0.197032 0.00133516 0.000190738 0.392729 -0.249621 0.000448977 
23 -0.00782013 0.00972748 0.223354 -1.40004 0.000572213 -0.495346 0.110437 -0.0312574 -1.76757 1.76184 -0.00591287 -0.19894 -0.00324254 0.000572213 0.39044 -0.250115 -0.00164773 -0.197032 0.00133516 0.000190738 0.392729 -0.249621 0.000448977 
23 -0.00782013 0.00972748 0.223354 -1.40004 0.000572213 -0.495346 0.110437 -0.0312574 -1.76871 1.76146 -0.00591287 -0.19894 -0.00324254 0.000572213 0.39044 -0.250115 -0.00164773 -0.197032 0.00133516 0.000190738 0.392729 -0.249621 0.000448977 
23 -0.00782013 0.00972748 0.223354 -1.40004 0.000572213 -0.495346 0.110437 -0.0308759 -1.76986 1.76108 -0.00591287 -0.19894 -0.00324254 0.000572213 0.39044 -0.250115 -0.00164773 -0.197032 0.00133516 0.000190738 0.392729 -0.249621 0.000448977 
23 -0.00782013 0.00972748 0.223354 -1.40004 0.000572213 -0.495346 0.110437 -0.0308759 -1.771 1.76032 -0.00591287 -0.19894 -0.00324254 0.000572213 0.39044 -0.250115 -0.00164773 -0.197032 0.00133516 0.000190738 0.392729 -0.249621 0.000448977 
23 -0.00782013 0.00972748 0.223354 -1.40004 0.000572213 -0.495346 0.110819 -0.0304945 -1.77176 1.75994 -0.00591287 -0.19894 -0.00324254 0.000572213 0.39044 -0.250115 -0.00164773 -0.197032 0.00133516 0.000190738 0.392729 -0.249621 0.000448977 
23 -0.00743866 0.00972748 0.223354 -1.40004 0.000572213 -0.495346 0.110819 -0.0304945 -1.77291 1.75917 -0.00591287 -0.19894 -0.00324254 0.000572213 0.39044 -0.250115 -0.00164773 -0.197032 0.00133516 0.000190738 0.392729 -0.249621 0.000448977 
23 -0.00782013 0.00972748 0.223354 -1.40004 0.000572213 -0.495346 0.1112 -0.030113 -1.77367 1.75879 -0.00591287 -0.19894 -0.00324254 0.000572213 0.39044 -0.250115 -0.00164773 -0.197032 0.00133516 0.000190738 0.392729 -0.249621 0.000448977 
23 -0.00782013 0.00972748 0.223354 -1.40004 0.000572213 -0.495346 0.1112 -0.030113 -1.77443 1.75803 -0.00591287 -0.19894 -0.00324254 0.000572213 0.39044 -0.250115 -0.00164773 -0.197032 0.00133516 0.000190738 0.392729 -0.249621 0.000448977 
23 -0.00782013 0.00972748 0.223354 -1.40004 0.000572213 -0.495346 0.111582 -0.0297315 -1.77481 1.75765 -0.00591287 -0.19894 -0.00324254 0.000572213 0.39044 -0.250115 -0.00164773 -0.197032 0.00133516 0.000190738 0.392729 -0.249621 0.000448977 
23 -0.00782013 0.00972748 0.223354 -1.40004 0.000572213 -0.495346 0.111582 -0.02935 -1.7752 1.75727 -0.00591287 -0.19894 -0.00324254 0.000572213 0.39044 -0.250115 -0.00164773 -0.197032 0.00133516 0.000190738 0.392729 -0.249621 0.000448977 
23 -0.00782013 0.00972748 0.223354 -1.40004 0.000572213 -0.495346 0.111963 -0.0289685 -1.77558 1.75689 -0.00629435 -0.19894 -0.00324254 0.000572213 0.39044 -0.250115 -0.00164773 -0.197032 0.00133516 0.000190738 0.392729 -0.249621 0.000448977 
23 -0.00782013 0.00972748 0.223354 -1.40004 0.000572213 -0.495346 0.112345 -0.028587 -1.77558 1.7565 -0.00629435 -0.19894 -0.00324254 0.000572213 0.39044 -0.250115 -0.00164773 -0.197032 0.00133516 0.000190738 0.392729 -0.249621 0.000448977 
23 -0.00782013 0.00972748 0.223354 -1.40004 0.000572213 -0.495346 0.112726 -0.0282056 -1.77558 1.75612 -0.00629435 -0.19894 -0.00324254 0.000572213 0.39044 -0.250115 -0.00164773 -0.197032 0.00133516 0.000190738 0.392729 -0.249621 0.000448977 
23 -0.00782013 0.00972748 0.223354 -1.40004 0.000572213 -0.495346 0.112726 -0.0278241 -1.77558 1.75574 -0.00629435 -0.19894 -0.00324254 0.000572213 0.39044 -0.250115 -0.00164773 -0.197032 0.00133516 0.000190738 0.392729 -0.249621 0.000448977 
23 -0.00782013 0.00972748 0.223354 -1.40004 0.000572213 -0.495346 0.113108 -0.0270612 -1.77558 1.75536 -0.00629435 -0.19894 -0.00324254 0.000572213 0.39044 -0.250115 -0.00164773 -0.197032 0.00133516 0.000190738 0.392729 -0.249621 0.000448977 
23 -0.00782013 0.00972748 0.223354 -1.40004 0.000572213 -0.495346 0.113489 -0.0266797 -1.7752 1.75498 -0.00629435 -0.19894 -0.00324254 0.000572213 0.39044 -0.250115 -0.00164773 -0.197032 0.00133516 0.000190738 0.392729 -0.249621 0.000448977 
23 -0.00782013 0.00972748 0.223354 -1.40004 0.000572213 -0.495346 0.114252 -0.0262982 -1.7752 1.7546 -0.00629435 -0.19894 -0.00324254 0.000572213 0.39044 -0.250115 -0.00164773 -0.197032 0.00133516 0.000190738 0.392729 -0.249621 0.000448977 
23 -0.00782013 0.00972748 0.223354 -1.40004 0.000572213 -0.495346 0.114633 -0.0259168 -1.77481 1.75422 -0.00629435 -0.19894 -0.00324254 0.000572213 0.39044 -0.250115 -0.00164773 -0.197032 0.00133516 0.000190738 0.392729 -0.249621 0.000448977 
23 -0.00782013 0.00972748 0.223354 -1.40004 0.000572213 -0.495346 0.115396 -0.0255353 -1.77443 1.75345 -0.00629435 -0.19894 -0.00324254 0.000572213 0.39044 -0.250115 -0.00164773 -0.197032 0.00133516 0.000190738 0.392729 -0.249621 0.000448977 
23 -0.00782013 0.00972748 0.223354 -1.40004 0.000572213 -0.495346 0.116159 -0.0251538 -1.77405 1.75307 -0.00629435 -0.19894 -0.00324254 0.000572213 0.39044 -0.250115 -0.00164773 -0.197032 0.00133516 0.000190738 0.392729 -0.249621 0.000448977 
23 -0.00782013 0.00972748 0.223354 -1.40004 0.000572213 -0.495346 0.116922 -0.0247723 -1.77329 1.75269 -0.00629435 -0.19894 -0.00324254 0.000572213 0.39044 -0.250115 -0.00164773 -0.197032 0.00133516 0.000190738 0.392729 -0.249621 0.000448977 
23 -0.00782013 0.00972748 0.223354 -1.40004 0.000572213 -0.495346 0.117685 -0.0243908 -1.77253 1.75231 -0.00629435 -0.19894 -0.00324254 0.000572213 0.39044 -0.250115 -0.00164773 -0.197032 0.00133516 0.000190738 0.392729 -0.249621 0.000448977 
23 -0.00782013 0.00972748 0.223354 -1.40004 0.000572213 -0.495346 0.118448 -0.0236279 -1.77176 1.75231 -0.00629435 -0.19894 -0.00324254 0.000572213 0.39044 -0.250115 -0.00164773 -0.197032 0.00133516 0.000190738 0.392729 -0.249621 0.000448977 
23 -0.00782013 0.00972748 0.223354 -1.40004 0.000572213 -0.495346 0.119211 -0.0232464 -1.771 1.75193 -0.00629435 -0.19894 -0.00324254 0.000572213 0.39044 -0.250115 -0.00164773 -0.197032 0.00133516 0.000190738 0.392729 -0.249621 0.000448977 
23 -0.00782013 0.00972748 0.223354 -1.40004 0.000572213 -0.495346 0.119593 -0.0232464 -1.77024 1.75193 -0.00629435 -0.19894 -0.00324254 0.000572213 0.39044 -0.250115 -0.00164773 -0.197032 0.00133516 0.000190738 0.392729 -0.249621 0.000448977 
23 -0.00782013 0.00972748 0.223354 -1.40004 0.000572213 -0.495346 0.120737 -0.0228649 -1.76947 1.75193 -0.00629435 -0.19894 -0.00324254 0.000572213 0.39044 -0.250115 -0.00164773 -0.197032 0.00133516 0.000190738 0.392729 -0.249621 0.000448977 
23 -0.00782013 0.00972748 0.223354 -1.40004 0.000572213 -0.495346 0.121881 -0.022102 -1.76871 1.75193 -0.00629435 -0.19894 -0.00324254 0.000572213 0.39044 -0.250115 -0.00164773 -0.197032 0.00133516 0.000190738 0.392729 -0.249621 0.000448977 
23 -0.00782013 0.00972748 0.223354 -1.40004 0.000572213 -0.495346 0.123026 -0.0213391 -1.76757 1.75193 -0.00629435 -0.19894 -0.00324254 0.000572213 0.39044 -0.250115 -0.00164773 -0.197032 0.00133516 0.000190738 0.392729 -0.249621 0.000448977 
23 -0.00782013 0.00972748 0.223354 -1.40004 0.000572213 -0.495346 0.12417 -0.0205761 -1.76604 1.75193 -0.00667582 -0.19894 -0.00324254 0.000572213 0.39044 -0.250115 -0.00164773 -0.197032 0.00133516 0.000190738 0.392729 -0.249621 0.000448977 
23 -0.00782013 0.00972748 0.223354 -1.40004 0.000572213 -0.495346 0.124933 -0.0198131 -1.76452 1.75193 -0.00667582 -0.19894 -0.00324254 0.000572213 0.39044 -0.250115 -0.00164773 -0.197032 0.00133516 0.000190738 0.392729 -0.249621 0.000448977 
23 -0.00782013 0.00972748 0.223354 -1.40004 0.000572213 -0.495346 0.126078 -0.0194317 -1.76299 1.75193 -0.00667582 -0.19894 -0.00324254 0.000572213 0.39044 -0.250115 -0.00164773 -0.197032 0.00133516 0.000190738 0.392729 -0.249621 0.000448977 
23 -0.00782013 0.00972748 0.223354 -1.40004 0.000572213 -0.495346 0.127222 -0.0190502 -1.76146 1.75193 -0.00667582 -0.19894 -0.00324254 0.000572213 0.39044 -0.250115 -0.00164773 -0.197032 0.00133516 0.000190738 0.392729 -0.249621 0.000448977 
23 -0.00782013 0.00972748 0.223354 -1.40004 0.000572213 -0.495346 0.128748 -0.0182872 -1.75956 1.75193 -0.00667582 -0.19894 -0.00324254 0.000572213 0.39044 -0.250115 -0.00164773 -0.197032 0.00133516 0.000190738 0.392729 -0.249621 0.000448977 
23 -0.00782013 0.00972748 0.223354 -1.40004 0.000572213 -0.495346 0.129892 -0.0179058 -1.75765 1.75231 -0.00667582 -0.19894 -0.00324254 0.000572213 0.39044 -0.250115 -0.00164773 -0.197032 0.00133516 0.000190738 0.392729 -0.249621 0.000448977 
23 -0.00782013 0.00972748 0.223354 -1.40004 0.000572213 -0.495346 0.131037 -0.0171428 -1.75612 1.75231 -0.00667582 -0.19894 -0.00324254 0.000572213 0.39044 -0.250115 -0.00164773 -0.197032 0.00133516 0.000190738 0.392729 -0.249621 0.000448977 
23 -0.00782013 0.00972748 0.223354 -1.40004 0.000572213 -0.495346 0.132181 -0.0167613 -1.75345 1.75231 -0.00667582 -0.19894 -0.00324254 0.000572213 0.39044 -0.250115 -0.00164773 -0.197032 0.00133516 0.000190738 0.392729 -0.249621 0.000448977 
23 -0.00782013 0.00972748 0.223354 -1.40004 0.000572213 -0.495346 0.133326 -0.0159984 -1.75116 1.75231 -0.00667582 -0.19894 -0.00324254 0.000572213 0.39044 -0.250115 -0.00164773 -0.197032 0.00133516 0.000190738 0.392729 -0.249621 0.000448977 
23 -0.00782013 0.00972748 0.223354 -1.40004 0.000572213 -0.495346 0.135233 -0.0152354 -1.74887 1.75269 -0.00667582 -0.19894 -0.00324254 0.000572213 0.39044 -0.250115 -0.00164773 -0.197032 0.00133516 0.000190738 0.392729 -0.249621 0.000448977 
23 -0.00782013 0.00972748 0.223354 -1.40004 0.000572213 -0.495346 0.136378 -0.0144725 -1.74659 1.75269 -0.0070573 -0.19894 -0.00324254 0.000572213 0.39044 -0.250115 -0.00164773 -0.197032 0.00133516 0.000190738 0.392729 -0.249621 0.000448977 
23 -0.00782013 0.00972748 0.223354 -1.40004 0.000572213 -0.495346 0.137903 -0.013328 -1.74392 1.75307 -0.0070573 -0.19894 -0.00324254 0.000572213 0.39044 -0.250115 -0.00164773 -0.197032 0.00133516 0.000190738 0.392729 -0.249621 0.000448977 
23 -0.00782013 0.00972748 0.223354 -1.40004 0.000572213 -0.495346 0.139048 -0.0129465 -1.74125 1.75345 -0.0070573 -0.19894 -0.00324254 0.000572213 0.39044 -0.250115 -0.00164773 -0.197032 0.00133516 0.000190738 0.392729 -0.249621 0.000448977 
23 -0.00782013 0.00972748 0.223354 -1.40004 0.000572213 -0.495346 0.140955 -0.0125651 -1.73819 1.75345 -0.0070573 -0.19894 -0.00324254 0.000572213 0.39044 -0.250115 -0.00164773 -0.197032 0.00133516 0.000190738 0.392729 -0.249621 0.000448977 
23 -0.00782013 0.00972748 0.223354 -1.40004 0.000572213 -0.495346 0.142481 -0.0121836 -1.73514 1.75383 -0.0070573 -0.19894 -0.00324254 0.000572213 0.39044 -0.250115 -0.00164773 -0.197032 0.00133516 0.000190738 0.392729 -0.249621 0.000448977 
23 -0.00782013 0.00972748 0.223354 -1.40004 0.000572213 -0.495346 0.143626 -0.0114207 -1.73209 1.75422 -0.00743877 -0.19894 -0.00324254 0.000572213 0.39044 -0.250115 -0.00164773 -0.197032 0.00133516 0.000190738 0.392729 -0.249621 0.000448977 
23 -0.00782013 0.00972748 0.223354 -1.40004 0.000572213 -0.495346 0.145151 -0.0106577 -1.72904 1.75422 -0.00743877 -0.19894 -0.00324254 0.000572213 0.39044 -0.250115 -0.00164773 -0.197032 0.00133516 0.000190738 0.392729 -0.249621 0.000448977 
23 -0.00782013 0.00972748 0.223354 -1.40004 0.000572213 -0.495346 0.147059 -0.0102763 -1.7256 1.7546 -0.00782025 -0.19894 -0.00324254 0.000572213 0.39044 -0.250115 -0.00164773 -0.197032 0.00133516 0.000190738 0.393111 -0.249621 0.000448977 
23 -0.00782013 0.00972748 0.223354 -1.40004 0.000572213 -0.495346 0.148585 -0.00951326 -1.72217 1.75498 -0.00782025 -0.19894 -0.00324254 0.000572213 0.39044 -0.250115 -0.00164773 -0.197032 0.00133516 0.000190738 0.392729 -0.249621 0.000448977 
23 -0.00782013 0.00972748 0.223354 -1.40004 0.000572213 -0.495346 0.150111 -0.00836885 -1.71874 1.75498 -0.00820172 -0.19894 -0.00324254 0.000572213 0.39044 -0.250115 -0.00164773 -0.197032 0.00133516 0.000190738 0.392729 -0.249621 0.000448977 
23 -0.00782013 0.00972748 0.223354 -1.40004 0.000572213 -0.495346 0.151637 -0.00722444 -1.71492 1.75536 -0.00820172 -0.19894 -0.00324254 0.000572213 0.39044 -0.250115 -0.00164773 -0.197032 0.00133516 0.000190738 0.392729 -0.249621 0.000448977 
23 -0.00782013 0.00972748 0.222972 -1.40004 0.000572213 -0.495346 0.153544 -0.00684297 -1.71149 1.75536 -0.0085832 -0.19894 -0.00324254 0.000572213 0.39044 -0.250115 -0.00164773 -0.197032 0.00133516 0.000190738 0.392729 -0.249621 0.000448977 
23 -0.00782013 0.00972748 0.222972 -1.40004 0.000572213 -0.495346 0.15507 -0.00608003 -1.70729 1.75536 -0.0085832 -0.19894 -0.00324254 0.000572213 0.39044 -0.250115 -0.00164773 -0.197032 0.00133516 0.000190738 0.392729 -0.249621 0.000448977 
23 -0.00782013 0.00972748 0.222972 -1.40004 0.000572213 -0.495346 0.156596 -0.00569856 -1.70348 1.75574 -0.00896468 -0.19894 -0.00324254 0.000572213 0.39044 -0.250115 -0.00164773 -0.197032 0.00133516 0.000190738 0.392729 -0.249621 0.000448977 
23 -0.00743866 0.00972748 0.222972 -1.40004 0.000572213 -0.495346 0.158122 -0.00493556 -1.69928 1.75574 -0.00896468 -0.19894 -0.00324254 0.000572213 0.39044 -0.250115 -0.00164773 -0.197032 0.00133516 0.000190738 0.392729 -0.249621 0.000448977 
23 -0.00782013 0.00972748 0.222972 -1.40004 0.000572213 -0.495346 0.160029 -0.00417262 -1.69509 1.75574 -0.00934615 -0.19894 -0.00324254 0.000572213 0.39044 -0.250115 -0.00164773 -0.197032 0.00133516 0.000190738 0.392729 -0.249621 0.000448977 
23 -0.00782013 0.00972748 0.222972 -1.40004 0.000572213 -0.495346 0.161936 -0.00340968 -1.69089 1.75612 -0.00934615 -0.19894 -0.00324254 0.000572213 0.39044 -0.250115 -0.00164773 -0.197032 0.00133516 0.000190738 0.392729 -0.249621 0.000448977 
23 -0.00782013 0.00972748 0.222972 -1.40004 0.000572213 -0.495346 0.163081 -0.00226527 -1.68631 1.75612 -0.00972763 -0.19894 -0.00324254 0.000572213 0.39044 -0.250115 -0.00164773 -0.197032 0.00133516 0.000190738 0.392729 -0.249621 0.000448977 
23 -0.00782013 0.00972748 0.222972 -1.40004 0.000572213 -0.495346 0.164988 -0.00112081 -1.68173 1.75612 -0.00972763 -0.19894 -0.00324254 0.000572213 0.39044 -0.250115 -0.00164773 -0.197032 0.00133516 0.000190738 0.392729 -0.249621 0.000448977 
23 -0.00782013 0.00972748 0.222972 -1.40004 0.000572213 -0.495346 0.166896 -0.000739336 -1.67716 1.7565 -0.00972763 -0.19894 -0.00324254 0.000572213 0.39044 -0.250115 -0.00164773 -0.197032 0.00133516 0.000190738 0.392729 -0.249621 0.000448977 
23 -0.00782013 0.00972748 0.222972 -1.40004 0.000572213 -0.495346 0.168421 2.36034e-05 -1.6722 1.7565 -0.0101091 -0.19894 -0.00324254 0.000572213 0.39044 -0.250115 -0.00164773 -0.197032 0.00133516 0.000190738 0.392729 -0.249621 0.000448977 
23 -0.00782013 0.00972748 0.222972 -1.40004 0.000572213 -0.495346 0.169947 0.000405073 -1.66762 1.7565 -0.0101091 -0.19894 -0.00324254 0.000572213 0.39044 -0.250115 -0.00164773 -0.197032 0.00133516 0.000190738 0.392729 -0.249621 0.000448977 
23 -0.00782013 0.00972748 0.222972 -1.40004 0.000572213 -0.495346 0.171855 0.00116801 -1.66266 1.7565 -0.0104906 -0.19894 -0.00324254 0.000572213 0.39044 -0.250115 -0.00164773 -0.197032 0.00133516 0.000190738 0.392729 -0.249621 0.000448977 
23 -0.00782013 0.00972748 0.222972 -1.40004 0.000572213 -0.495346 0.173762 0.00154948 -1.65732 1.7565 -0.0104906 -0.19894 -0.00324254 0.000572213 0.39044 -0.250115 -0.00164773 -0.197032 0.00133516 0.000190738 0.392729 -0.249621 0.000448977 
23 -0.00782013 0.00972748 0.222972 -1.40004 0.000572213 -0.495346 0.175288 0.00231248 -1.65236 1.7565 -0.0108721 -0.19894 -0.00324254 0.000572213 0.39044 -0.250115 -0.00164773 -0.197032 0.00133516 0.000190738 0.392729 -0.249621 0.000448977 
23 -0.00782013 0.00972748 0.222972 -1.40004 0.000572213 -0.495346 0.177195 0.00307542 -1.64702 1.7565 -0.0112535 -0.19894 -0.00324254 0.000572213 0.39044 -0.250115 -0.00164773 -0.197032 0.00133516 0.000190738 0.392729 -0.249621 0.000448977 
23 -0.00782013 0.00972748 0.222972 -1.40004 0.000572213 -0.495346 0.179103 0.00421983 -1.64168 1.7565 -0.0112535 -0.19894 -0.00324254 0.000572213 0.39044 -0.250115 -0.00164773 -0.197032 0.00133516 0.000190738 0.392729 -0.249823 2.3776e-05 
23 -0.00782013 0.00972748 0.222972 -1.40004 0.000572213 -0.495346 0.180629 0.00498277 -1.63672 1.7565 -0.011635 -0.19894 -0.00324254 0.000572213 0.39044 -0.250115 -0.00164773 -0.197032 0.00133516 0.000190738 0.392729 -0.249823 2.39159e-05 
23 -0.00782013 0.00972748 0.222972 -1.40004 0.000572213 -0.495346 0.182155 0.00574571 -1.631 1.7565 -0.0120165 -0.19894 -0.00324254 0.000572213 0.39044 -0.250115 -0.00164773 -0.197032 0.00133516 0.000190738 0.392729 -0.249621 0.000448838 
23 -0.00782013 0.00972748 0.222972 -1.40004 0.000572213 -0.495346 0.184062 0.00612724 -1.62528 1.75612 -0.0120165 -0.19894 -0.00324254 0.000572213 0.39044 -0.250115 -0.00164773 -0.197032 0.00133516 0.000190738 0.392729 -0.249621 0.000448977 
23 -0.00782013 0.00972748 0.222972 -1.40004 0.000572213 -0.495346 0.185969 0.00650871 -1.61955 1.75612 -0.012398 -0.19894 -0.00324254 0.000572213 0.39044 -0.250115 -0.00164773 -0.197032 0.00133516 0.000190738 0.392729 -0.249621 0.000448977 
23 -0.00782013 0.00972748 0.222972 -1.40004 0.000572213 -0.495346 0.187877 0.00727165 -1.61383 1.75612 -0.0127794 -0.19894 -0.00324254 0.000572213 0.39044 -0.250115 -0.00164773 -0.197032 0.00133516 0.000190738 0.392729 -0.249621 0.000448977 
23 -0.00782013 0.00972748 0.222972 -1.40004 0.000572213 -0.495346 0.189403 0.00765312 -1.60773 1.75612 -0.0131609 -0.19894 -0.00324254 0.000572213 0.39044 -0.250115 -0.00164773 -0.197032 0.00133516 0.000190738 0.392729 -0.249823 2.3776e-05 
23 -0.00743866 0.00972748 0.222972 -1.40004 0.000572213 -0.495346 0.191691 0.00803459 -1.60201 1.75612 -0.0135424 -0.19894 -0.00324254 0.000572213 0.39044 -0.250115 -0.00164773 -0.197032 0.00133516 0.000190738 0.392729 -0.249823 2.39159e-05 
23 -0.00782013 0.00972748 0.222972 -1.40004 0.000572213 -0.495346 0.193217 0.00879753 -1.5959 1.75612 -0.0139239 -0.19894 -0.00324254 0.000572213 0.39044 -0.250115 -0.00164773 -0.197032 0.00133516 0.000190738 0.392729 -0.249823 2.39159e-05 
23 -0.00782013 0.00972748 0.222972 -1.40004 0.000572213 -0.495346 0.194743 0.009942 -1.5898 1.75612 -0.0143053 -0.19894 -0.00324254 0.000572213 0.39044 -0.250115 -0.00164773 -0.197032 0.00133516 0.000190738 0.392729 -0.249823 2.39159e-05 
23 -0.00782013 0.00972748 0.222972 -1.40004 0.000572213 -0.495346 0.197032 0.0107049 -1.58331 1.75612 -0.0146868 -0.19894 -0.00324254 0.000572213 0.39044 -0.250115 -0.00164773 -0.197032 0.00133516 0.000190738 0.392729 -0.249823 2.39159e-05 
23 -0.00782013 0.00972748 0.222972 -1.40004 0.000572213 -0.495346 0.19894 0.0114679 -1.57683 1.75612 -0.0150683 -0.19894 -0.00324254 0.000572213 0.39044 -0.250115 -0.00164773 -0.197032 0.00133516 0.000190738 0.392729 -0.249823 2.39159e-05 
23 -0.00743866 0.00972748 0.222972 -1.40004 0.000572213 -0.495346 0.200465 0.0118493 -1.57034 1.75612 -0.0154498 -0.19894 -0.00324254 0.000572213 0.39044 -0.250115 -0.00164773 -0.197032 0.00133516 0.000190738 0.392729 -0.249823 2.39159e-05 
23 -0.00782013 0.00972748 0.222972 -1.40004 0.000572213 -0.495346 0.202373 0.0122308 -1.56386 1.75612 -0.0158312 -0.19894 -0.00324254 0.000572213 0.39044 -0.250115 -0.00164773 -0.197032 0.00133516 0.000190738 0.392729 -0.249823 2.39159e-05 
23 -0.00782013 0.00972748 0.222972 -1.40004 0.000572213 -0.495346 0.20428 0.0122308 -1.55699 1.75612 -0.0162127 -0.19894 -0.00324254 0.000572213 0.39044 -0.250115 -0.00164773 -0.197032 0.00133516 0.000190738 0.392729 -0.249621 0.000448838 
23 -0.00782013 0.00972748 0.222972 -1.40004 0.000572213 -0.495346 0.206188 0.0126123 -1.55051 1.75612 -0.0165942 -0.19894 -0.00324254 0.000572213 0.39044 -0.250115 -0.00164773 -0.197032 0.00133516 0.000190738 0.392729 -0.249621 0.000448977 
23 -0.00782013 0.00972748 0.222972 -1.40004 0.000572213 -0.495346 0.207332 0.0129938 -1.54402 1.75612 -0.0165942 -0.19894 -0.00324254 0.000572213 0.39044 -0.250115 -0.00164773 -0.197032 0.00133516 0.000190738 0.392729 -0.249621 0.000448977 
23 -0.00782013 0.00972748 0.222972 -1.40004 0.000572213 -0.495346 0.210002 0.0133752 -1.53677 1.75612 -0.0169757 -0.19894 -0.00324254 0.000572213 0.39044 -0.250115 -0.00164773 -0.197032 0.00133516 0.000190738 0.392729 -0.249621 0.000448977 
23 -0.00782013 0.00972748 0.222972 -1.40004 0.000572213 -0.495346 0.211528 0.0137567 -1.52991 1.75612 -0.0173571 -0.19894 -0.00324254 0.000572213 0.39044 -0.250115 -0.00164773 -0.197032 0.00133516 0.000190738 0.392729 -0.249621 0.000448977 
23 -0.00782013 0.00972748 0.222972 -1.40004 0.000572213 -0.495346 0.213054 0.0141382 -1.52266 1.75612 -0.0177386 -0.19894 -0.00324254 0.000572213 0.39044 -0.250115 -0.00164773 -0.197032 0.00133516 0.000190738 0.392729 -0.249621 0.000448977 
23 -0.00782013 0.00972748 0.222972 -1.40004 0.000572213 -0.495346 0.215343 0.0145197 -1.51579 1.75612 -0.0177386 -0.19894 -0.00324254 0.000572213 0.39044 -0.250115 -0.00164773 -0.197032 0.00133516 0.000190738 0.392729 -0.249823 2.3776e-05 
23 -0.00782013 0.00972748 0.222972 -1.40004 0.000572213 -0.495346 0.216869 0.0149012 -1.50816 1.75612 -0.0181201 -0.19894 -0.00324254 0.000572213 0.39044 -0.250115 -0.00164773 -0.197032 0.00133516 0.000190738 0.392729 -0.249621 0.000448837 
23 -0.00782013 0.00972748 0.222972 -1.40004 0.000572213 -0.495346 0.218395 0.0149012 -1.50092 1.75612 -0.0185016 -0.19894 -0.00324254 0.000572213 0.39044 -0.250115 -0.00164773 -0.197032 0.00133516 0.000190738 0.392729 -0.249823 2.37762e-05 
23 -0.00782013 0.00972748 0.222972 -1.40004 0.000572213 -0.495346 0.219921 0.0156641 -1.49367 1.75612 -0.0185016 -0.19894 -0.00324254 0.000572213 0.39044 -0.250115 -0.00164773 -0.197032 0.00133516 0.000190738 0.392729 -0.249823 2.39159e-05 
23 -0.00782013 0.00972748 0.222972 -1.40004 0.000572213 -0.495346 0.22221 0.0160456 -1.48604 1.75612 -0.018883 -0.19894 -0.00324254 0.000572213 0.39044 -0.250115 -0.00164773 -0.197032 0.00133516 0.000190738 0.392729 -0.249823 2.39159e-05 
23 -0.00782013 0.00972748 0.222972 -1.40004 0.000572213 -0.495346 0.223735 0.016427 -1.47879 1.75612 -0.018883 -0.19894 -0.00324254 0.000572213 0.39044 -0.250115 -0.00164773 -0.197032 0.00133516 0.000190738 0.392729 -0.249823 2.39159e-05 
23 -0.00782013 0.00972748 0.222972 -1.40004 0.000572213 -0.495346 0.225261 0.0168085 -1.47078 1.75612 -0.0192645 -0.19894 -0.00324254 0.000572213 0.39044 -0.250115 -0.00164773 -0.197032 0.00133516 0.000190738 0.392729 -0.249823 2.39159e-05 
23 -0.00782013 0.00972748 0.222972 -1.40004 0.000572213 -0.495346 0.227169 0.01719 -1.46353 1.75612 -0.019646 -0.19894 -0.00324254 0.000572213 0.39044 -0.250115 -0.00164773 -0.197032 0.00133516 0.000190738 0.392729 -0.249823 2.39159e-05 
23 -0.00782013 0.00972748 0.222972 -1.40004 0.000572213 -0.495346 0.229076 0.01719 -1.4559 1.75574 -0.019646 -0.19894 -0.00324254 0.000572213 0.39044 -0.250115 -0.00164773 -0.197032 0.00133516 0.000190738 0.392729 -0.249823 2.39159e-05 
23 -0.00782013 0.00972748 0.222972 -1.40004 0.000572213 -0.495346 0.230602 0.0175714 -1.44789 1.75612 -0.0200275 -0.19894 -0.00324254 0.000572213 0.39044 -0.250115 -0.00164773 -0.197032 0.00133516 0.000190738 0.392729 -0.249823 2.39159e-05 
23 -0.00782013 0.00972748 0.222972 -1.40004 0.000572213 -0.495346 0.232128 0.017953 -1.44026 1.75612 -0.0204089 -0.19894 -0.00324254 0.000572213 0.39044 -0.250115 -0.00164773 -0.197032 0.00133516 0.000190738 0.392729 -0.249621 0.000448838 
23 -0.00743866 0.00972748 0.222972 -1.40004 0.000572213 -0.495346 0.234035 0.017953 -1.43225 1.75612 -0.0204089 -0.19894 -0.00324254 0.000572213 0.39044 -0.250115 -0.00164773 -0.197032 0.00133516 0.000190738 0.392729 -0.249621 0.000448977 
23 -0.00782013 0.00972748 0.222972 -1.40004 0.000572213 -0.495346 0.235943 0.017953 -1.42462 1.75612 -0.0207904 -0.19894 -0.00324254 0.000572213 0.39044 -0.250115 -0.00164773 -0.197032 0.00133516 0.000190738 0.392729 -0.249823 2.3776e-05 
23 -0.00782013 0.00972748 0.222972 -1.40004 0.000572213 -0.495346 0.237469 0.0183344 -1.41661 1.75612 -0.0207904 -0.19894 -0.00324254 0.000572213 0.39044 -0.250115 -0.00164773 -0.197032 0.00133516 0.000190738 0.392729 -0.249823 2.39159e-05 
23 -0.00782013 0.00972748 0.222972 -1.40004 0.000572213 -0.495346 0.238994 0.0183344 -1.40822 1.75612 -0.0211719 -0.19894 -0.00324254 0.000572213 0.39044 -0.250115 -0.00164773 -0.197032 0.00133516 0.000190738 0.392729 -0.249823 2.39159e-05 
23 -0.00782013 0.00972748 0.222972 -1.40004 0.000572213 -0.495346 0.240902 0.0183344 -1.40021 1.75612 -0.0211719 -0.19894 -0.00324254 0.000572213 0.39044 -0.250115 -0.00164773 -0.197032 0.00133516 0.000190738 0.392729 -0.249823 2.39159e-05 
23 -0.00782013 0.00972748 0.222972 -1.40004 0.000572213 -0.495346 0.242428 0.0183344 -1.39219 1.75612 -0.0215534 -0.19894 -0.00324254 0.000572213 0.39044 -0.250115 -0.00164773 -0.197032 0.00133516 0.000190738 0.392729 -0.249823 2.39159e-05 
23 -0.00782013 0.00972748 0.222972 -1.40004 0.000572213 -0.495346 0.243572 0.0187159 -1.3838 1.75612 -0.0215534 -0.19894 -0.00324254 0.000572213 0.39044 -0.250115 -0.00164773 -0.197032 0.00133516 0.000190738 0.392729 -0.249823 2.39159e-05 
23 -0.00782013 0.00972748 0.222972 -1.40004 0.000572213 -0.495346 0.245098 0.0187159 -1.37579 1.75612 -0.0219348 -0.19894 -0.00324254 0.000572213 0.39044 -0.250115 -0.00164773 -0.197032 0.00133516 0.000190738 0.392729 -0.249823 2.39159e-05 
23 -0.00782013 0.00972748 0.222972 -1.40004 0.000572213 -0.495346 0.247005 0.0187159 -1.3674 1.75612 -0.0219348 -0.19894 -0.00324254 0.000572213 0.39044 -0.250115 -0.00164773 -0.197032 0.00133516 0.000190738 0.392729 -0.249823 2.39159e-05 
23 -0.00782013 0.00972748 0.222972 -1.40004 0.000572213 -0.495346 0.248531 0.0187159 -1.35863 1.75612 -0.0223163 -0.19894 -0.00324254 0.000572213 0.39044 -0.250115 -0.00164773 -0.197032 0.00133516 0.000190738 0.392729 -0.249823 2.39159e-05 
23 -0.00782013 0.00972748 0.222972 -1.40004 0.000572213 -0.495346 0.250057 0.0187159 -1.35061 1.75612 -0.0223163 -0.19894 -0.00324254 0.000572213 0.39044 -0.250115 -0.00164773 -0.197032 0.00133516 0.000190738 0.392729 -0.249823 2.39159e-05 
23 -0.00782013 0.00972748 0.222972 -1.40004 0.000572213 -0.495346 0.251202 0.0187159 -1.34222 1.75612 -0.0226978 -0.19894 -0.00324254 0.000572213 0.39044 -0.250115 -0.00164773 -0.197032 0.00133516 0.000190738 0.392729 -0.249823 2.39159e-05 
23 -0.00782013 0.00972748 0.223354 -1.40004 0.000572213 -0.495346 0.253109 0.0187159 -1.33345 1.75612 -0.0226978 -0.19894 -0.00324254 0.000572213 0.39044 -0.250115 -0.00164773 -0.197032 0.00133516 0.000190738 0.393111 -0.249823 2.39159e-05 
23 -0.00782013 0.00972748 0.223354 -1.40004 0.000572213 -0.495346 0.254253 0.0183344 -1.32544 1.75612 -0.0230793 -0.19894 -0.00324254 0.000572213 0.39044 -0.250115 -0.00164773 -0.197032 0.00133516 0.000190738 0.392729 -0.249823 2.39159e-05 
23 -0.00782013 0.00972748 0.223354 -1.40004 0.000572213 -0.495346 0.255779 0.0183344 -1.31666 1.75612 -0.0230793 -0.19894 -0.00324254 0.000572213 0.39044 -0.250115 -0.00164773 -0.197032 0.00133516 0.000190738 0.392729 -0.249823 2.39159e-05 
23 -0.00782013 0.00972748 0.223354 -1.40004 0.000572213 -0.495346 0.256542 0.0183344 -1.30789 1.75612 -0.0230793 -0.19894 -0.00324254 0.000572213 0.39044 -0.250115 -0.00164773 -0.197032 0.00133516 0.000190738 0.392729 -0.249823 2.39159e-05 
23 -0.00782013 0.00972748 0.223354 -1.40004 0.000572213 -0.495346 0.258068 0.0183344 -1.29988 1.75612 -0.0230793 -0.19894 -0.00324254 0.000572213 0.39044 -0.250115 -0.00164773 -0.197032 0.00133516 0.000190738 0.392729 -0.249823 2.39159e-05 
23 -0.00782013 0.00972748 0.223354 -1.40004 0.000572213 -0.495346 0.259594 0.0183344 -1.2911 1.75612 -0.0234607 -0.19894 -0.00324254 0.000572213 0.39044 -0.250115 -0.00164773 -0.197032 0.00133516 0.000190738 0.392729 -0.249823 2.39159e-05 
23 -0.00782013 0.00972748 0.223354 -1.40004 0.000572213 -0.495346 0.260739 0.017953 -1.28271 1.75612 -0.0234607 -0.19894 -0.00324254 0.000572213 0.39044 -0.250115 -0.00164773 -0.197032 0.00133516 0.000190738 0.392729 -0.249823 2.39159e-05 
23 -0.00782013 0.00972748 0.223354 -1.40004 0.000572213 -0.495346 0.261883 0.017953 -1.27432 1.75612 -0.0234607 -0.19894 -0.00324254 0.000572213 0.39044 -0.250115 -0.00164773 -0.197032 0.00133516 0.000190738 0.392729 -0.249823 2.39159e-05 
23 -0.00782013 0.00972748 0.223354 -1.40004 0.000572213 -0.495346 0.263027 0.0175714 -1.26593 1.75612 -0.0238422 -0.19894 -0.00324254 0.000572213 0.39044 -0.250115 -0.00164773 -0.197032 0.00133516 0.000190738 0.392729 -0.249823 2.39159e-05 
23 -0.00782013 0.00972748 0.223354 -1.40004 0.000572213 -0.495346 0.264172 0.01719 -1.25753 1.75612 -0.0238422 -0.19894 -0.00324254 0.000572213 0.39044 -0.250115 -0.00164773 -0.197032 0.00133516 0.000190738 0.392729 -0.249823 2.39159e-05 
23 -0.00782013 0.00972748 0.223354 -1.40004 0.000572213 -0.495346 0.265316 0.0168085 -1.24876 1.75612 -0.0238422 -0.19894 -0.00324254 0.000572213 0.39044 -0.250115 -0.00164773 -0.197032 0.00133516 0.000190738 0.392729 -0.249823 2.39159e-05 
23 -0.00782013 0.00972748 0.223354 -1.40004 0.000572213 -0.495346 0.266461 0.016427 -1.24075 1.75612 -0.0238422 -0.19894 -0.00324254 0.000572213 0.39044 -0.250115 -0.00164773 -0.197032 0.00133516 0.000190738 0.392729 -0.249823 2.39159e-05 
23 -0.00782013 0.00972748 0.223354 -1.40004 0.000572213 -0.495346 0.267224 0.0160456 -1.23236 1.75612 -0.0238422 -0.19894 -0.00324254 0.000572213 0.39044 -0.250115 -0.00164773 -0.197032 0.00133516 0.000190738 0.392729 -0.249823 2.39159e-05 
23 -0.00782013 0.00972748 0.223354 -1.40004 0.000572213 -0.495346 0.268368 0.0156641 -1.22358 1.75612 -0.0242237 -0.19894 -0.00324254 0.000572213 0.39044 -0.250115 -0.00164773 -0.197032 0.00133516 0.000190738 0.392729 -0.249823 2.39159e-05 
23 -0.00782013 0.00972748 0.223354 -1.40004 0.000572213 -0.495346 0.26875 0.0152826 -1.21557 1.75612 -0.0242237 -0.19894 -0.00324254 0.000572213 0.39044 -0.250115 -0.00164773 -0.197032 0.00133516 0.000190738 0.392729 -0.249823 2.39159e-05 
23 -0.00782013 0.00972748 0.223354 -1.40004 0.000572213 -0.495346 0.269512 0.0149012 -1.20718 1.75612 -0.0242237 -0.19894 -0.00324254 0.000572213 0.39044 -0.250115 -0.00164773 -0.197032 0.00133516 0.000190738 0.392729 -0.249823 2.39159e-05 
23 -0.00782013 0.00972748 0.223354 -1.40004 0.000572213 -0.495346 0.270657 0.0145197 -1.19879 1.75612 -0.0242237 -0.19894 -0.00324254 0.000572213 0.39044 -0.250115 -0.00164773 -0.197032 0.00133516 0.000190738 0.392729 -0.249823 2.39159e-05 
23 -0.00782013 0.00972748 0.223354 -1.40004 0.000572213 -0.495346 0.271801 0.0141382 -1.19039 1.75612 -0.0242237 -0.19894 -0.00324254 0.000572213 0.39044 -0.250115 -0.00164773 -0.197032 0.00133516 0.000190738 0.392729 -0.249823 2.39159e-05 
23 -0.00782013 0.00972748 0.223354 -1.40004 0.000572213 -0.495346 0.272564 0.0141382 -1.18238 1.75612 -0.0242237 -0.19894 -0.00324254 0.000572213 0.39044 -0.250115 -0.00164773 -0.197032 0.00133516 0.000190738 0.392729 -0.249823 2.39159e-05 
23 -0.00782013 0.00972748 0.223354 -1.40004 0.000572213 -0.495346 0.272946 0.0137567 -1.17399 1.75612 -0.0242237 -0.19894 -0.00324254 0.000572213 0.39044 -0.250115 -0.00164773 -0.197032 0.00133516 0.000190738 0.392729 -0.249823 2.39159e-05 
23 -0.00782013 0.00972748 0.223354 -1.40004 0.000572213 -0.495346 0.273709 0.0133752 -1.16598 1.75612 -0.0242237 -0.19894 -0.00324254 0.000572213 0.39044 -0.250115 -0.00164773 -0.197032 0.00133516 0.000190738 0.392729 -0.249823 2.39159e-05 
23 -0.00782013 0.00972748 0.223354 -1.40004 0.000572213 -0.495346 0.27409 0.0129938 -1.15797 1.75612 -0.0242237 -0.19894 -0.00324254 0.000572213 0.39044 -0.250115 -0.00164773 -0.197032 0.00133516 0.000190738 0.392729 -0.249823 2.39159e-05 
23 -0.00782013 0.00972748 0.223354 -1.40004 0.000572213 -0.495346 0.274472 0.0122308 -1.14996 1.75612 -0.0242237 -0.19894 -0.00324254 0.000572213 0.39044 -0.250115 -0.00164773 -0.197032 0.00133516 0.000190738 0.392729 -0.249823 2.39159e-05 
23 -0.00782013 0.00972748 0.223354 -1.40004 0.000572213 -0.495346 0.275235 0.0122308 -1.14195 1.75612 -0.0242237 -0.19894 -0.00324254 0.000572213 0.39044 -0.250115 -0.00164773 -0.197032 0.00133516 0.000190738 0.392729 -0.249823 2.39159e-05 
23 -0.00782013 0.00972748 0.223354 -1.40004 0.000572213 -0.495346 0.275616 0.0114679 -1.13394 1.75612 -0.0242237 -0.19894 -0.00324254 0.000572213 0.39044 -0.250115 -0.00164773 -0.197032 0.00133516 0.000190738 0.392729 -0.249823 2.39159e-05 
23 -0.00782013 0.00972748 0.223354 -1.40004 0.000572213 -0.495346 0.275998 0.0110864 -1.12631 1.75612 -0.0242237 -0.19894 -0.00324254 0.000572213 0.39044 -0.250115 -0.00164773 -0.197032 0.00133516 0.000190738 0.392729 -0.249823 2.39159e-05 
23 -0.00782013 0.00972748 0.223354 -1.40004 0.000572213 -0.495346 0.276379 0.0103235 -1.1183 1.75612 -0.0242237 -0.19894 -0.00324254 0.000572213 0.39044 -0.250115 -0.00164773 -0.197032 0.00133516 0.000190738 0.392729 -0.249823 2.39159e-05 
23 -0.00782013 0.00972748 0.223354 -1.40004 0.000572213 -0.495346 0.276761 0.009942 -1.11067 1.75612 -0.0242237 -0.19894 -0.00324254 0.000572213 0.39044 -0.250115 -0.00164773 -0.197032 0.00133516 0.000190738 0.392729 -0.249823 2.39159e-05 
23 -0.00782013 0.00972748 0.223354 -1.40004 0.000572213 -0.495346 0.277523 0.009179 -1.10266 1.75612 -0.0242237 -0.19894 -0.00324254 0.000572213 0.39044 -0.250115 -0.00164773 -0.197032 0.00133516 0.000190738 0.392729 -0.249823 2.39159e-05 
23 -0.00782013 0.00972748 0.223354 -1.40004 0.000572213 -0.495346 0.277905 0.00841606 -1.09541 1.75612 -0.0242237 -0.19894 -0.00324254 0.000572213 0.39044 -0.250115 -0.00164773 -0.197032 0.00133516 0.000190738 0.392729 -0.249823 2.39159e-05 
23 -0.00782013 0.00972748 0.223354 -1.40004 0.000572213 -0.495346 0.277905 0.00803459 -1.08778 1.75612 -0.0242237 -0.19894 -0.00324254 0.000572213 0.39044 -0.250115 -0.00164773 -0.197032 0.00133516 0.000190738 0.392729 -0.249823 2.39159e-05 
23 -0.00782013 0.00972748 0.223354 -1.40004 0.000572213 -0.495346 0.278286 0.00765312 -1.08015 1.75612 -0.0242237 -0.19894 -0.00324254 0.000572213 0.39044 -0.250115 -0.00164773 -0.197032 0.00133516 0.000190738 0.392729 -0.249823 2.39159e-05 
23 -0.00782013 0.00972748 0.223354 -1.40004 0.000572213 -0.495346 0.278286 0.00727165 -1.0729 1.75612 -0.0242237 -0.19894 -0.00324254 0.000572213 0.39044 -0.250115 -0.00164773 -0.197032 0.00133516 0.000190738 0.392729 -0.249823 2.39159e-05 
23 -0.00782013 0.00972748 0.223354 -1.40004 0.000572213 -0.495346 0.278668 0.00689018 -1.06565 1.7565 -0.0242237 -0.19894 -0.00324254 0.000572213 0.39044 -0.250115 -0.00164773 -0.197032 0.00133516 0.000190738 0.392729 -0.249823 2.39159e-05 
23 -0.00782013 0.00972748 0.223354 -1.40004 0.000572213 -0.495346 0.278668 0.00650871 -1.0584 1.7565 -0.0242237 -0.19894 -0.00324254 0.000572213 0.39044 -0.250115 -0.00164773 -0.197032 0.00133516 0.000190738 0.392729 -0.249823 2.39159e-05 
23 -0.00782013 0.00972748 0.223354 -1.40004 0.000572213 -0.495346 0.278668 0.00612724 -1.05116 1.7565 -0.0242237 -0.19894 -0.00324254 0.000572213 0.39044 -0.250115 -0.00164773 -0.197032 0.00133516 0.000190738 0.392729 -0.249823 2.39159e-05 
23 -0.00782013 0.00972748 0.222972 -1.40004 0.000572213 -0.495346 0.278668 0.00574571 -1.04429 1.7565 -0.0242237 -0.19894 -0.00324254 0.000572213 0.39044 -0.250115 -0.00164773 -0.197032 0.00133516 0.000190738 0.392729 -0.249823 2.39159e-05 
23 -0.00782013 0.00972748 0.222972 -1.40004 0.000572213 -0.495346 0.278668 0.00536424 -1.03704 1.7565 -0.0238422 -0.19894 -0.00324254 0.000572213 0.39044 -0.250115 -0.00164773 -0.197032 0.00133516 0.000190738 0.392729 -0.249823 2.39159e-05 
23 -0.00782013 0.00972748 0.222972 -1.40004 0.000572213 -0.495346 0.278668 0.00498277 -1.03017 1.7565 -0.0238422 -0.19894 -0.00324254 0.000572213 0.39044 -0.250115 -0.00164773 -0.197032 0.00133516 0.000190738 0.392729 -0.249823 2.39159e-05 
23 -0.00782013 0.00972748 0.222972 -1.40004 0.000572213 -0.495346 0.278668 0.00421983 -1.02331 1.7565 -0.0238422 -0.19894 -0.00324254 0.000572213 0.39044 -0.250115 -0.00164773 -0.197032 0.00133516 0.000190738 0.392729 -0.249823 2.39159e-05 
23 -0.00782013 0.00972748 0.222972 -1.40004 0.000572213 -0.495346 0.278668 0.00345689 -1.01644 1.7565 -0.0238422 -0.19894 -0.00324254 0.000572213 0.39044 -0.250115 -0.00164773 -0.197032 0.00133516 0.000190738 0.392729 -0.249823 2.39159e-05 
23 -0.00782013 0.00972748 0.222972 -1.40004 0.000572213 -0.495346 0.278668 0.00307542 -1.00958 1.7565 -0.0238422 -0.19894 -0.00324254 0.000572213 0.39044 -0.250115 -0.00164773 -0.197032 0.00133516 0.000190738 0.392729 -0.249823 2.39159e-05 
23 -0.00782013 0.00972748 0.222972 -1.40004 0.000572213 -0.495346 0.278286 0.00269395 -1.00309 1.7565 -0.0238422 -0.19894 -0.00324254 0.000572213 0.39044 -0.250115 -0.00164773 -0.197032 0.00133516 0.000190738 0.392729 -0.249823 2.39159e-05 
23 -0.00743866 0.00972748 0.222972 -1.40004 0.000572213 -0.495346 0.278286 0.00231248 -0.996605 1.7565 -0.0238422 -0.19894 -0.00324254 0.000572213 0.39044 -0.250115 -0.00164773 -0.197032 0.00133516 0.000190738 0.392729 -0.249823 2.39159e-05 
23 -0.00782013 0.00972748 0.222972 -1.40004 0.000572213 -0.495346 0.278286 0.00193095 -0.990501 1.7565 -0.0238422 -0.19894 -0.00324254 0.000572213 0.39044 -0.250115 -0.00164773 -0.197032 0.00133516 0.000190738 0.392729 -0.249823 2.39159e-05 
23 -0.00782013 0.00972748 0.222972 -1.40004 0.000572213 -0.495346 0.278286 0.00154948 -0.984016 1.7565 -0.0238422 -0.19894 -0.00324254 0.000572213 0.39044 -0.250115 -0.00164773 -0.197032 0.00133516 0.000190738 0.392729 -0.249823 2.39159e-05 
23 -0.00782013 0.00972748 0.222972 -1.40004 0.000572213 -0.495346 0.277905 0.00154948 -0.977913 1.7565 -0.0238422 -0.19894 -0.00324254 0.000572213 0.39044 -0.250115 -0.00164773 -0.197032 0.00133516 0.000190738 0.392729 -0.249823 2.39159e-05 
23 -0.00782013 0.00972748 0.222972 -1.40004 0.000572213 -0.495346 0.277905 0.00116801 -0.971809 1.7565 -0.0238422 -0.19894 -0.00324254 0.000572213 0.39044 -0.250115 -0.00164773 -0.197032 0.00133516 0.000190738 0.392729 -0.249823 2.39159e-05 
23 -0.00782013 0.00972748 0.222972 -1.40004 0.000572213 -0.495346 0.277523 0.000786543 -0.966087 1.7565 -0.0234607 -0.19894 -0.00324254 0.000572213 0.39044 -0.250115 -0.00164773 -0.197032 0.00133516 0.000190738 0.392729 -0.249823 2.39159e-05 
23 -0.00782013 0.00972748 0.222972 -1.40004 0.000572213 -0.495346 0.277523 0.000405073 -0.960365 1.7565 -0.0234607 -0.19894 -0.00324254 0.000572213 0.39044 -0.250115 -0.00164773 -0.197032 0.00133516 0.000190738 0.392729 -0.249823 2.39159e-05 
23 -0.00782013 0.00972748 0.222972 -1.40004 0.000572213 -0.495346 0.277142 2.36034e-05 -0.955024 1.7565 -0.0234607 -0.19894 -0.00324254 0.000572213 0.39044 -0.250115 -0.00164773 -0.197032 0.00133516 0.000190738 0.392729 -0.249823 2.39159e-05 
23 -0.00782013 0.00972748 0.222972 -1.40004 0.000572213 -0.495346 0.276761 -0.000357866 -0.949302 1.7565 -0.0234607 -0.19894 -0.00324254 0.000572213 0.39044 -0.250115 -0.00164773 -0.197032 0.00133516 0.000190738 0.392729 -0.249823 2.39159e-05 
23 -0.00782013 0.00972748 0.222972 -1.40004 0.000572213 -0.495346 0.276379 -0.000739336 -0.944343 1.7565 -0.0234607 -0.19894 -0.00324254 0.000572213 0.39044 -0.250115 -0.00164773 -0.197032 0.00133516 0.000190738 0.392729 -0.249823 2.39159e-05 
23 -0.00782013 0.00972748 0.222972 -1.40004 0.000572213 -0.495346 0.275998 -0.00112081 -0.939384 1.7565 -0.0234607 -0.19894 -0.00324254 0.000572213 0.39044 -0.250115 -0.00164773 -0.197032 0.00133516 0.000190738 0.392729 -0.249823 2.39159e-05 
23 -0.00782013 0.00972748 0.222972 -1.40004 0.000572213 -0.495346 0.275616 -0.00150228 -0.934043 1.7565 -0.0234607 -0.19894 -0.00324254 0.000572213 0.39044 -0.250115 -0.00164773 -0.197032 0.00133516 0.000190738 0.392729 -0.249823 2.39159e-05 
23 -0.00782013 0.00972748 0.222972 -1.40004 0.000572213 -0.495346 0.275235 -0.00226527 -0.929465 1.7565 -0.0234607 -0.19894 -0.00324254 0.000572213 0.39044 -0.250115 -0.00164773 -0.197032 0.00133516 0.000190738 0.392729 -0.249823 2.39159e-05 
23 -0.00782013 0.00972748 0.222972 -1.40004 0.000572213 -0.495346 0.274853 -0.00302821 -0.924506 1.7565 -0.0234607 -0.19894 -0.00324254 0.000572213 0.39044 -0.250115 -0.00164773 -0.197032 0.00133516 0.000190738 0.392729 -0.249823 2.39159e-05 
23 -0.00782013 0.00972748 0.222972 -1.40004 0.000572213 -0.495346 0.274472 -0.00379115 -0.920691 1.7565 -0.0234607 -0.19894 -0.00324254 0.000572213 0.39044 -0.250115 -0.00164773 -0.197032 0.00133516 0.000190738 0.392729 -0.249823 2.39159e-05 
23 -0.00782013 0.00972748 0.222972 -1.40004 0.000572213 -0.495346 0.27409 -0.00417262 -0.916114 1.7565 -0.0234607 -0.19894 -0.00324254 0.000572213 0.39044 -0.250115 -0.00164773 -0.197032 0.00133516 0.000190738 0.392729 -0.249823 2.39159e-05 
23 -0.00782013 0.00972748 0.222972 -1.40004 0.000572213 -0.495346 0.273709 -0.00455409 -0.911917 1.7565 -0.0234607 -0.19894 -0.00324254 0.000572213 0.39044 -0.250115 -0.00164773 -0.197032 0.00133516 0.000190738 0.392729 -0.249823 2.39159e-05 
23 -0.00782013 0.00972748 0.222972 -1.40004 0.000572213 -0.495346 0.273327 -0.00493556 -0.908484 1.7565 -0.0230793 -0.19894 -0.00324254 0.000572213 0.39044 -0.250115 -0.00164773 -0.197032 0.00133516 0.000190738 0.392729 -0.249823 2.39159e-05 
23 -0.00782013 0.00972748 0.222972 -1.40004 0.000572213 -0.495346 0.272564 -0.00531703 -0.904288 1.75689 -0.0230793 -0.19894 -0.00324254 0.000572213 0.39044 -0.250115 -0.00164773 -0.197032 0.00133516 0.000190738 0.392729 -0.249823 2.39159e-05 
23 -0.00782013 0.00972748 0.222972 -1.40004 0.000572213 -0.495346 0.271801 -0.00569856 -0.900855 1.75689 -0.0230793 -0.19894 -0.00324254 0.000572213 0.39044 -0.250115 -0.00164773 -0.197032 0.00133516 0.000190738 0.392729 -0.249823 2.39159e-05 
23 -0.00782013 0.00972748 0.222972 -1.40004 0.000572213 -0.495346 0.270657 -0.0064615 -0.89704 1.75689 -0.0230793 -0.19894 -0.00324254 0.000572213 0.39044 -0.250115 -0.00164773 -0.197032 0.00133516 0.000190738 0.392729 -0.249823 2.39159e-05 
23 -0.00782013 0.00972748 0.222972 -1.40004 0.000572213 -0.495346 0.269894 -0.00684297 -0.893988 1.75689 -0.0230793 -0.19894 -0.00324254 0.000572213 0.39044 -0.250115 -0.00164773 -0.197032 0.00133516 0.000190738 0.392729 -0.249823 2.39159e-05 
23 -0.00782013 0.00972748 0.222972 -1.40004 0.000572213 -0.495346 0.269131 -0.00722444 -0.890555 1.75689 -0.0230793 -0.19894 -0.00324254 0.000572213 0.39044 -0.250115 -0.00164773 -0.197032 0.00133516 0.000190738 0.392729 -0.249823 2.39159e-05 
23 -0.00782013 0.00972748 0.222972 -1.40004 0.000572213 -0.495346 0.26875 -0.00760591 -0.887503 1.75689 -0.0230793 -0.19894 -0.00324254 0.000572213 0.39044 -0.250115 -0.00164773 -0.197032 0.00133516 0.000190738 0.392729 -0.249823 2.39159e-05 
23 -0.00782013 0.00972748 0.222972 -1.40004 0.000572213 -0.495346 0.267987 -0.00836885 -0.884451 1.75689 -0.0230793 -0.19894 -0.00324254 0.000572213 0.39044 -0.250115 -0.00164773 -0.197032 0.00133516 0.000190738 0.392729 -0.249823 2.39159e-05 
23 -0.00782013 0.00972748 0.222972 -1.40004 0.000572213 -0.495346 0.267224 -0.00913179 -0.881781 1.75727 -0.0226978 -0.19894 -0.00324254 0.000572213 0.39044 -0.250115 -0.00164773 -0.197032 0.00133516 0.000190738 0.392729 -0.249823 2.39159e-05 
23 -0.00782013 0.00972748 0.222972 -1.40004 0.000572213 -0.495346 0.266461 -0.00951326 -0.87911 1.75727 -0.0226978 -0.19894 -0.00324254 0.000572213 0.39044 -0.250115 -0.00164773 -0.197032 0.00133516 0.000190738 0.392729 -0.249823 2.39159e-05 
23 -0.00782013 0.00972748 0.222972 -1.40004 0.000572213 -0.495346 0.265698 -0.0102763 -0.876822 1.75727 -0.0226978 -0.19894 -0.00324254 0.000572213 0.39044 -0.250115 -0.00164773 -0.197032 0.00133516 0.000190738 0.392729 -0.249823 2.39159e-05 
23 -0.00782013 0.00972748 0.222972 -1.40004 0.000572213 -0.495346 0.264935 -0.0106577 -0.874151 1.75765 -0.0226978 -0.19894 -0.00324254 0.000572213 0.39044 -0.250115 -0.00164773 -0.197032 0.00133516 0.000190738 0.392729 -0.249823 2.39159e-05 
23 -0.00782013 0.00972748 0.222972 -1.40004 0.000572213 -0.495346 0.26379 -0.0110392 -0.872625 1.75765 -0.0226978 -0.19894 -0.00324254 0.000572213 0.39044 -0.250115 -0.00164773 -0.197032 0.00133516 0.000190738 0.392729 -0.249823 2.39159e-05 
23 -0.00782013 0.00972748 0.222972 -1.40004 0.000572213 -0.495346 0.263027 -0.0114207 -0.870718 1.75765 -0.0226978 -0.19894 -0.00324254 0.000572213 0.39044 -0.250115 -0.00164773 -0.197032 0.00133516 0.000190738 0.392729 -0.249823 2.39159e-05 
23 -0.00782013 0.00972748 0.222972 -1.40004 0.000572213 -0.495346 0.262264 -0.0118021 -0.868811 1.75765 -0.0226978 -0.19894 -0.00324254 0.000572213 0.39044 -0.250115 -0.00164773 -0.197032 0.00133516 0.000190738 0.392729 -0.249823 2.39159e-05 
23 -0.00782013 0.00972748 0.222972 -1.40004 0.000572213 -0.495346 0.26112 -0.0121836 -0.867285 1.75803 -0.0226978 -0.19894 -0.00324254 0.000572213 0.39044 -0.250115 -0.00164773 -0.197032 0.00133516 0.000190738 0.392729 -0.249823 2.39159e-05 
23 -0.00782013 0.00972748 0.222972 -1.40004 0.000572213 -0.495346 0.260357 -0.0125651 -0.865759 1.75803 -0.0226978 -0.19894 -0.00324254 0.000572213 0.39044 -0.250115 -0.00164773 -0.197032 0.00133516 0.000190738 0.392729 -0.249823 2.39159e-05 
23 -0.00782013 0.00972748 0.222972 -1.40004 0.000572213 -0.495346 0.259213 -0.0129465 -0.864614 1.75803 -0.0226978 -0.19894 -0.00324254 0.000572213 0.39044 -0.250115 -0.00164773 -0.197032 0.00133516 0.000190738 0.392729 -0.249823 2.39159e-05 
23 -0.00782013 0.00972748 0.222972 -1.40004 0.000572213 -0.495346 0.258068 -0.013328 -0.86347 1.75841 -0.0226978 -0.19894 -0.00324254 0.000572213 0.39044 -0.250115 -0.00164773 -0.197032 0.00133516 0.000190738 0.392729 -0.249823 2.39159e-05 
23 -0.00782013 0.00972748 0.222972 -1.40004 0.000572213 -0.495346 0.256924 -0.0137095 -0.862325 1.75841 -0.0226978 -0.19894 -0.00324254 0.000572213 0.39044 -0.250115 -0.00164773 -0.197032 0.00133516 0.000190738 0.392729 -0.249823 2.39159e-05 
23 -0.00782013 0.00972748 0.222972 -1.40004 0.000572213 -0.495346 0.256161 -0.014091 -0.861563 1.75879 -0.0226978 -0.19894 -0.00324254 0.000572213 0.39044 -0.250115 -0.00164773 -0.197032 0.00133516 0.000190738 0.392729 -0.249823 2.39159e-05 
23 -0.00782013 0.00972748 0.222972 -1.40004 0.000572213 -0.495346 0.255398 -0.014854 -0.861181 1.75879 -0.0226978 -0.19894 -0.00324254 0.000572213 0.39044 -0.250115 -0.00164773 -0.197032 0.00133516 0.000190738 0.392729 -0.249823 2.39159e-05 
23 -0.00782013 0.00972748 0.222972 -1.40004 0.000572213 -0.495346 0.254253 -0.0152354 -0.8608 1.75879 -0.0226978 -0.19894 -0.00324254 0.000572213 0.39044 -0.250115 -0.00164773 -0.197032 0.00133516 0.000190738 0.392729 -0.249823 2.39159e-05 
23 -0.00782013 0.00972748 0.222972 -1.40004 0.000572213 -0.495346 0.253109 -0.0156169 -0.8608 1.75917 -0.0223163 -0.19894 -0.00324254 0.000572213 0.39044 -0.250115 -0.00164773 -0.197032 0.00133516 0.000190738 0.392729 -0.249823 2.39159e-05 
23 -0.00782013 0.00972748 0.222972 -1.40004 0.000572213 -0.495346 0.251965 -0.0163798 -0.8608 1.75917 -0.0223163 -0.19894 -0.00324254 0.000572213 0.39044 -0.250115 -0.00164773 -0.197032 0.00133516 0.000190738 0.392729 -0.249823 2.39159e-05 
23 -0.00782013 0.00972748 0.222972 -1.40004 0.000572213 -0.495346 0.250439 -0.0167613 -0.861181 1.75956 -0.0223163 -0.19894 -0.00324254 0.000572213 0.39044 -0.250115 -0.00164773 -0.197032 0.00133516 0.000190738 0.392729 -0.249823 2.39159e-05 
23 -0.00782013 0.00972748 0.222972 -1.40004 0.000572213 -0.495346 0.249676 -0.0171428 -0.861563 1.75956 -0.0223163 -0.19894 -0.00324254 0.000572213 0.39044 -0.250115 -0.00164773 -0.197032 0.00133516 0.000190738 0.392729 -0.249823 2.39159e-05 
23 -0.00782013 0.00972748 0.222972 -1.40004 0.000572213 -0.495346 0.248531 -0.0175243 -0.861944 1.75994 -0.0223163 -0.19894 -0.00324254 0.000572213 0.39044 -0.250115 -0.00164773 -0.197032 0.00133516 0.000190738 0.392729 -0.249823 2.39159e-05 
23 -0.00782013 0.00972748 0.222972 -1.40004 0.000572213 -0.495346 0.247387 -0.0179058 -0.862707 1.75994 -0.0219348 -0.19894 -0.00324254 0.000572213 0.39044 -0.250115 -0.00164773 -0.197032 0.00133516 0.000190738 0.392729 -0.249823 2.39159e-05 
23 -0.00782013 0.00972748 0.222972 -1.40004 0.000572213 -0.495346 0.245861 -0.0182872 -0.86347 1.76032 -0.0219348 -0.19894 -0.00324254 0.000572213 0.39044 -0.250115 -0.00164773 -0.197032 0.00133516 0.000190738 0.392729 -0.249823 2.39159e-05 
23 -0.00782013 0.00972748 0.222972 -1.40004 0.000572213 -0.495346 0.244335 -0.0186687 -0.864614 1.76032 -0.0219348 -0.19894 -0.00324254 0.000572213 0.39044 -0.250115 -0.00164773 -0.197032 0.00133516 0.000190738 0.392729 -0.249823 2.39159e-05 
23 -0.00782013 0.00972748 0.222972 -1.40004 0.000572213 -0.495346 0.243572 -0.0190502 -0.865377 1.7607 -0.0219348 -0.19894 -0.00324254 0.000572213 0.39044 -0.250115 -0.00164773 -0.197032 0.00133516 0.000190738 0.392729 -0.249621 0.000448838 
23 -0.00782013 0.00972748 0.222972 -1.40004 0.000572213 -0.495346 0.242428 -0.0194317 -0.866522 1.7607 -0.0215534 -0.19894 -0.00324254 0.000572213 0.39044 -0.250115 -0.00164773 -0.197032 0.00133516 0.000190738 0.392729 -0.249621 0.000448977 
23 -0.00782013 0.00972748 0.222972 -1.40004 0.000572213 -0.495346 0.241283 -0.0198131 -0.868048 1.76108 -0.0215534 -0.19894 -0.00324254 0.000572213 0.39044 -0.250115 -0.00164773 -0.197032 0.00133516 0.000190738 0.392729 -0.249823 2.3776e-05 
23 -0.00782013 0.00972748 0.222972 -1.40004 0.000572213 -0.495346 0.239757 -0.0205761 -0.869574 1.76108 -0.0211719 -0.19894 -0.00324254 0.000572213 0.39044 -0.250115 -0.00164773 -0.197032 0.00133516 0.000190738 0.392729 -0.249823 2.39159e-05 
23 -0.00782013 0.00972748 0.222972 -1.40004 0.000572213 -0.495346 0.238231 -0.0213391 -0.871099 1.76146 -0.0207904 -0.19894 -0.00324254 0.000572213 0.39044 -0.250115 -0.00164773 -0.197032 0.00133516 0.000190738 0.392729 -0.249823 2.39159e-05 
23 -0.00782013 0.00972748 0.222972 -1.40004 0.000572213 -0.495346 0.237087 -0.0217205 -0.872244 1.76146 -0.0207904 -0.19894 -0.00324254 0.000572213 0.39044 -0.250115 -0.00164773 -0.197032 0.00133516 0.000190738 0.392729 -0.249823 2.39159e-05 
23 -0.00782013 0.00972748 0.222972 -1.40004 0.000572213 -0.495346 0.235943 -0.0224835 -0.87377 1.76184 -0.0204089 -0.19894 -0.00324254 0.000572213 0.39044 -0.250115 -0.00164773 -0.197032 0.00133516 0.000190738 0.392729 -0.249823 2.39159e-05 
23 -0.00782013 0.00972748 0.222972 -1.40004 0.000572213 -0.495346 0.234417 -0.0228649 -0.875677 1.76223 -0.0204089 -0.19894 -0.00324254 0.000572213 0.39044 -0.250115 -0.00164773 -0.197032 0.00133516 0.000190738 0.392729 -0.249823 2.39159e-05 
23 -0.00782013 0.00972748 0.222972 -1.40004 0.000572213 -0.495346 0.232891 -0.0228649 -0.877585 1.76261 -0.0204089 -0.19894 -0.00324254 0.000572213 0.39044 -0.250115 -0.00164773 -0.197032 0.00133516 0.000190738 0.392729 -0.249823 2.39159e-05 
23 -0.00782013 0.00972748 0.222972 -1.40004 0.000572213 -0.495346 0.231746 -0.0232464 -0.879492 1.76299 -0.0200275 -0.19894 -0.00324254 0.000572213 0.39044 -0.250115 -0.00164773 -0.197032 0.00133516 0.000190738 0.392729 -0.249823 2.39159e-05 
23 -0.00782013 0.00972748 0.222972 -1.40004 0.000572213 -0.495346 0.230602 -0.0236279 -0.881781 1.76337 -0.019646 -0.19894 -0.00324254 0.000572213 0.39044 -0.250115 -0.00164773 -0.197032 0.00133516 0.000190738 0.392729 -0.249823 2.39159e-05 
23 -0.00782013 0.00972748 0.222972 -1.40004 0.000572213 -0.495346 0.229076 -0.0240093 -0.88407 1.76337 -0.019646 -0.19894 -0.00324254 0.000572213 0.39044 -0.250115 -0.00164773 -0.197032 0.00133516 0.000190738 0.392729 -0.249823 2.39159e-05 
23 -0.00782013 0.00972748 0.222972 -1.40004 0.000572213 -0.495346 0.227932 -0.0247723 -0.886358 1.76375 -0.019646 -0.19894 -0.00324254 0.000572213 0.39044 -0.250115 -0.00164773 -0.197032 0.00133516 0.000190738 0.392729 -0.249823 2.39159e-05 
23 -0.00782013 0.00972748 0.222972 -1.40004 0.000572213 -0.495346 0.226406 -0.0251538 -0.888647 1.76413 -0.0192645 -0.19894 -0.00324254 0.000572213 0.39044 -0.250115 -0.00164773 -0.197032 0.00133516 0.000190738 0.392729 -0.249621 0.000448838 
23 -0.00743866 0.00972748 0.222972 -1.40004 0.000572213 -0.495346 0.22488 -0.0255353 -0.890936 1.76452 -0.0192645 -0.19894 -0.00324254 0.000572213 0.39044 -0.250115 -0.00164773 -0.197032 0.00133516 0.000190738 0.392729 -0.249621 0.000448977 
23 -0.00782013 0.00972748 0.222972 -1.40004 0.000572213 -0.495346 0.223735 -0.0259168 -0.893988 1.76528 -0.0192645 -0.19894 -0.00324254 0.000572213 0.39044 -0.250115 -0.00164773 -0.197032 0.00133516 0.000190738 0.392729 -0.249621 0.000448977 
23 -0.00782013 0.00972748 0.222972 -1.40004 0.000572213 -0.495346 0.222591 -0.0262982 -0.896277 1.76566 -0.018883 -0.19894 -0.00324254 0.000572213 0.39044 -0.250115 -0.00164773 -0.197032 0.00133516 0.000190738 0.392729 -0.249621 0.000448977 
23 -0.00782013 0.00972748 0.222972 -1.40004 0.000572213 -0.495346 0.221447 -0.0266797 -0.898947 1.76604 -0.018883 -0.19894 -0.00324254 0.000572213 0.39044 -0.250115 -0.00164773 -0.197032 0.00133516 0.000190738 0.392729 -0.249621 0.000448977 
23 -0.00782013 0.00972748 0.222972 -1.40004 0.000572213 -0.495346 0.219539 -0.0274426 -0.901999 1.7668 -0.018883 -0.19894 -0.00324254 0.000572213 0.39044 -0.250115 -0.00164773 -0.197032 0.00133516 0.000190738 0.392729 -0.249621 0.000448977 
23 -0.00782013 0.00972748 0.222972 -1.40004 0.000572213 -0.495346 0.218776 -0.0282056 -0.905051 1.76719 -0.0185016 -0.19894 -0.00324254 0.000572213 0.39044 -0.250115 -0.00164773 -0.197032 0.00133516 0.000190738 0.392729 -0.249621 0.000448977 
23 -0.00782013 0.00972748 0.222972 -1.40004 0.000572213 -0.495346 0.217632 -0.028587 -0.908103 1.76719 -0.0185016 -0.19894 -0.00324254 0.000572213 0.39044 -0.250115 -0.00164773 -0.197032 0.00133516 0.000190738 0.392729 -0.249621 0.000448977 
23 -0.00782013 0.00972748 0.222972 -1.40004 0.000572213 -0.495346 0.216487 -0.0289685 -0.910773 1.76757 -0.0181201 -0.19894 -0.00324254 0.000572213 0.39044 -0.250115 -0.00164773 -0.197032 0.00133516 0.000190738 0.392729 -0.249823 2.3776e-05 
23 -0.00782013 0.00972748 0.222972 -1.40004 0.000572213 -0.495346 0.215343 -0.02935 -0.914206 1.76795 -0.0181201 -0.19894 -0.00324254 0.000572213 0.39044 -0.250115 -0.00164773 -0.197032 0.00133516 0.000190738 0.392729 -0.249823 2.39159e-05 
23 -0.00782013 0.00972748 0.222972 -1.40004 0.000572213 -0.495346 0.213817 -0.0297315 -0.917639 1.76795 -0.0181201 -0.19894 -0.00324254 0.000572213 0.39044 -0.250115 -0.00164773 -0.197032 0.00133516 0.000190738 0.392729 -0.249823 2.39159e-05 
23 -0.00782013 0.00972748 0.222972 -1.40004 0.000572213 -0.495346 0.212673 -0.030113 -0.921073 1.76795 -0.0177386 -0.19894 -0.00324254 0.000572213 0.39044 -0.250115 -0.00164773 -0.197032 0.00133516 0.000190738 0.392729 -0.249823 2.39159e-05 
23 -0.00782013 0.00972748 0.222972 -1.40004 0.000572213 -0.495346 0.211528 -0.0304945 -0.924125 1.76833 -0.0173571 -0.19894 -0.00324254 0.000572213 0.39044 -0.250115 -0.00164773 -0.197032 0.00133516 0.000190738 0.392729 -0.249823 2.39159e-05 
23 -0.00782013 0.00972748 0.222972 -1.40004 0.000572213 -0.495346 0.210765 -0.0308759 -0.927558 1.76833 -0.0173571 -0.19894 -0.00324254 0.000572213 0.39044 -0.250115 -0.00164773 -0.197032 0.00133516 0.000190738 0.392729 -0.249823 2.39159e-05 
23 -0.00782013 0.00972748 0.222972 -1.40004 0.000572213 -0.495346 0.209621 -0.0312574 -0.931373 1.76833 -0.0169757 -0.19894 -0.00324254 0.000572213 0.39044 -0.250115 -0.00164773 -0.197032 0.00133516 0.000190738 0.392729 -0.249823 2.39159e-05 
23 -0.00782013 0.00972748 0.222972 -1.40004 0.000572213 -0.495346 0.208095 -0.0316389 -0.934806 1.76833 -0.0169757 -0.19894 -0.00324254 0.000572213 0.39044 -0.250115 -0.00164773 -0.197032 0.00133516 0.000190738 0.392729 -0.249823 2.39159e-05 
23 -0.00782013 0.00972748 0.222972 -1.40004 0.000572213 -0.495346 0.20695 -0.0316389 -0.938621 1.76833 -0.0165942 -0.19894 -0.00324254 0.000572213 0.39044 -0.250115 -0.00164773 -0.197032 0.00133516 0.000190738 0.392729 -0.249621 0.000448838 
23 -0.00782013 0.00972748 0.222972 -1.40004 0.000572213 -0.495346 0.206188 -0.0320203 -0.942435 1.76833 -0.0165942 -0.19894 -0.00324254 0.000572213 0.39044 -0.250115 -0.00164773 -0.197032 0.00133516 0.000190738 0.392729 -0.249621 0.000448977 
23 -0.00782013 0.00972748 0.222972 -1.40004 0.000572213 -0.495346 0.205043 -0.0327833 -0.94625 1.76833 -0.0162127 -0.19894 -0.00324254 0.000572213 0.39044 -0.250115 -0.00164773 -0.197032 0.00133516 0.000190738 0.392729 -0.249621 0.000448977 
23 -0.00782013 0.00972748 0.222972 -1.40004 0.000572213 -0.495346 0.203899 -0.0335463 -0.950065 1.76833 -0.0158312 -0.19894 -0.00324254 0.000572213 0.39044 -0.250115 -0.00164773 -0.197032 0.00133516 0.000190738 0.392729 -0.249621 0.000448977 
23 -0.00782013 0.00972748 0.222972 -1.40004 0.000572213 -0.495346 0.203136 -0.0339277 -0.95388 1.76833 -0.0158312 -0.19894 -0.00324254 0.000572213 0.39044 -0.250115 -0.00164773 -0.197032 0.00133516 0.000190738 0.392729 -0.249621 0.000448977 
23 -0.00782013 0.00972748 0.222972 -1.40004 0.000572213 -0.495346 0.20161 -0.0346907 -0.958076 1.76833 -0.0154498 -0.19894 -0.00324254 0.000572213 0.39044 -0.250115 -0.00164773 -0.197032 0.00133516 0.000190738 0.392729 -0.249621 0.000448977 
23 -0.00782013 0.00972748 0.222972 -1.40004 0.000572213 -0.495346 0.200465 -0.0350721 -0.961891 1.76795 -0.0150683 -0.19894 -0.00324254 0.000572213 0.39044 -0.250115 -0.00164773 -0.197032 0.00133516 0.000190738 0.392729 -0.249621 0.000448977 
23 -0.00782013 0.00972748 0.222591 -1.40004 0.000572213 -0.495346 0.199702 -0.0354536 -0.966087 1.76795 -0.0150683 -0.19894 -0.00324254 0.000572213 0.39044 -0.250115 -0.00164773 -0.197032 0.00133516 0.000190738 0.392729 -0.249621 0.000448977 
23 -0.00782013 0.00972748 0.222591 -1.40004 0.000572213 -0.495346 0.19894 -0.0358351 -0.970665 1.76795 -0.0146868 -0.19894 -0.00324254 0.000572213 0.39044 -0.250115 -0.00164773 -0.197032 0.00133516 0.000190738 0.392729 -0.249621 0.000448977 
23 -0.00782013 0.00972748 0.222591 -1.40004 0.000572213 -0.495346 0.197795 -0.0358351 -0.974479 1.76757 -0.0143053 -0.19894 -0.00324254 0.000572213 0.39044 -0.250115 -0.00164773 -0.197032 0.00133516 0.000190738 0.392729 -0.249823 2.3776e-05 
23 -0.00782013 0.00972748 0.222591 -1.40004 0.000572213 -0.495346 0.197032 -0.0362166 -0.979057 1.76757 -0.0143053 -0.19894 -0.00324254 0.000572213 0.39044 -0.250115 -0.00164773 -0.197032 0.00133516 0.000190738 0.392729 -0.249621 0.000448837 
23 -0.00782013 0.00972748 0.222591 -1.40004 0.000572213 -0.495346 0.195506 -0.036598 -0.983253 1.76757 -0.0139239 -0.19894 -0.00324254 0.000572213 0.39044 -0.250115 -0.00164773 -0.197032 0.00133516 0.000190738 0.392729 -0.249621 0.000448977 
23 -0.00782013 0.00972748 0.222591 -1.40004 0.000572213 -0.495346 0.194362 -0.0369796 -0.987449 1.76719 -0.0139239 -0.19894 -0.00324254 0.000572213 0.39044 -0.250115 -0.00164773 -0.197032 0.00133516 0.000190738 0.392729 -0.249621 0.000448977 
23 -0.00782013 0.00972748 0.222591 -1.40004 0.000572213 -0.495346 0.19398 -0.037361 -0.992409 1.76719 -0.0135424 -0.19894 -0.00324254 0.000572213 0.39044 -0.250115 -0.00164773 -0.197032 0.00133516 0.000190738 0.392729 -0.249621 0.000448977 
23 -0.00782013 0.00972748 0.222591 -1.40004 0.000572213 -0.495346 0.193217 -0.0377425 -0.996605 1.7668 -0.0135424 -0.19894 -0.00324254 0.000572213 0.39044 -0.250115 -0.00164773 -0.197032 0.00133516 0.000190738 0.392729 -0.249621 0.000448977 
23 -0.00782013 0.00972748 0.222591 -1.40004 0.000572213 -0.495346 0.192073 -0.038124 -1.00118 1.7668 -0.0131609 -0.19894 -0.00324254 0.000572213 0.39044 -0.250115 -0.00164773 -0.197032 0.00133516 0.000190738 0.392729 -0.249621 0.000448977 
23 -0.00782013 0.00972748 0.222591 -1.40004 0.000572213 -0.495346 0.19131 -0.038124 -1.00576 1.76642 -0.0131609 -0.19894 -0.00324254 0.000572213 0.39044 -0.250115 -0.00164773 -0.197032 0.00133516 0.000190738 0.392729 -0.249621 0.000448977 
23 -0.00782013 0.00972748 0.222591 -1.40004 0.000572213 -0.495346 0.190166 -0.0385054 -1.01034 1.76604 -0.0131609 -0.19894 -0.00324254 0.000572213 0.39044 -0.250115 -0.00164773 -0.197032 0.00133516 0.000190738 0.392729 -0.249621 0.000448977 
23 -0.00782013 0.00972748 0.222591 -1.40004 0.000572213 -0.495346 0.189021 -0.0392684 -1.01492 1.76566 -0.0127794 -0.19894 -0.00324254 0.000572213 0.39044 -0.250115 -0.00164773 -0.197032 0.00133516 0.000190738 0.392729 -0.249621 0.000448977 
23 -0.00782013 0.00972748 0.222591 -1.40004 0.000572213 -0.495346 0.187877 -0.0396498 -1.02026 1.76528 -0.0127794 -0.19894 -0.00324254 0.000572213 0.39044 -0.250115 -0.00164773 -0.197032 0.00133516 0.000190738 0.392729 -0.249621 0.000448977 
23 -0.00782013 0.00972748 0.222591 -1.40004 0.000572213 -0.495346 0.187495 -0.0400313 -1.02445 1.7649 -0.012398 -0.19894 -0.00324254 0.000572213 0.39044 -0.250115 -0.00164773 -0.197032 0.00133516 0.000190738 0.392729 -0.249621 0.000448977 
23 -0.00782013 0.00972748 0.222591 -1.40004 0.000572213 -0.495346 0.186351 -0.0400313 -1.02941 1.76452 -0.012398 -0.19894 -0.00324254 0.000572213 0.39044 -0.250115 -0.00164773 -0.197032 0.00133516 0.000190738 0.392729 -0.249823 2.3776e-05 
23 -0.00782013 0.00972748 0.222591 -1.40004 0.000572213 -0.495346 0.185588 -0.0404128 -1.03399 1.76452 -0.0120165 -0.19894 -0.00324254 0.000572213 0.39044 -0.250115 -0.00164773 -0.197032 0.00133516 0.000190738 0.392729 -0.249823 2.39159e-05 
23 -0.00782013 0.00972748 0.22221 -1.40004 0.000572213 -0.495346 0.184825 -0.0407943 -1.03933 1.76413 -0.011635 -0.19894 -0.00324254 0.000572213 0.39044 -0.250115 -0.00164773 -0.197032 0.00133516 0.000190738 0.392729 -0.249823 2.39159e-05 
23 -0.00782013 0.00972748 0.22221 -1.40004 0.000572213 -0.495346 0.18368 -0.0411758 -1.04429 1.76413 -0.011635 -0.19894 -0.00324254 0.000572213 0.39044 -0.250115 -0.00164773 -0.197032 0.00133516 0.000190738 0.392729 -0.249621 0.000448838 
23 -0.00782013 0.00972748 0.22221 -1.40004 0.000572213 -0.495346 0.182536 -0.0411758 -1.04887 1.76375 -0.011635 -0.19894 -0.00324254 0.000572213 0.39044 -0.250115 -0.00164773 -0.197032 0.00133516 0.000190738 0.392729 -0.249621 0.000448977 
23 -0.00782013 0.00972748 0.22221 -1.40004 0.000572213 -0.495346 0.181773 -0.0415573 -1.05421 1.76337 -0.0112535 -0.19894 -0.00324254 0.000572213 0.39044 -0.250115 -0.00164773 -0.197032 0.00133516 0.000190738 0.392729 -0.249621 0.000448977 
23 -0.00782013 0.00972748 0.22221 -1.40004 0.000572213 -0.495346 0.18101 -0.0415573 -1.05917 1.76337 -0.0112535 -0.19894 -0.00324254 0.000572213 0.39044 -0.250115 -0.00164773 -0.197032 0.00133516 0.000190738 0.392729 -0.249621 0.000448977 
23 -0.00782013 0.00972748 0.22221 -1.40004 0.000572213 -0.495346 0.180247 -0.0419387 -1.06451 1.76299 -0.0108721 -0.19894 -0.00324254 0.000572213 0.39044 -0.250115 -0.00164773 -0.197032 0.00133516 0.000190738 0.392729 -0.249621 0.000448977 
23 -0.00782013 0.00972748 0.22221 -1.40004 0.000572213 -0.495346 0.179484 -0.0419387 -1.06985 1.76261 -0.0108721 -0.19894 -0.00324254 0.000572213 0.39044 -0.250115 -0.00164773 -0.197032 0.00133516 0.000190738 0.392729 -0.249621 0.000448977 
23 -0.00782013 0.00972748 0.22221 -1.40004 0.000572213 -0.495346 0.178721 -0.0419387 -1.07481 1.76261 -0.0104906 -0.19894 -0.00324254 0.000572213 0.39044 -0.250115 -0.00164773 -0.197032 0.00133516 0.000190738 0.392729 -0.249621 0.000448977 
23 -0.00782013 0.00972748 0.22221 -1.40004 0.000572213 -0.495346 0.177577 -0.0419387 -1.07977 1.76223 -0.0104906 -0.19894 -0.00324254 0.000572213 0.39044 -0.250115 -0.00164773 -0.197032 0.00133516 0.000190738 0.392729 -0.249621 0.000448977 
23 -0.00782013 0.00972748 0.221828 -1.40004 0.000572213 -0.495346 0.176814 -0.0419387 -1.08511 1.76223 -0.0101091 -0.19894 -0.00324254 0.000572213 0.39044 -0.250115 -0.00164773 -0.197032 0.00133516 0.000190738 0.392729 -0.249621 0.000448977 
23 -0.00782013 0.00972748 0.221828 -1.40004 0.000572213 -0.495346 0.175669 -0.0419387 -1.09045 1.76223 -0.0101091 -0.19894 -0.00324254 0.000572213 0.39044 -0.250115 -0.00164773 -0.197032 0.00133516 0.000190738 0.392729 -0.249621 0.000448977 
23 -0.00782013 0.00972748 0.221828 -1.40004 0.000572213 -0.495346 0.174907 -0.0419387 -1.09579 1.76184 -0.00972763 -0.19894 -0.00324254 0.000572213 0.39044 -0.250115 -0.00164773 -0.197032 0.00133516 0.000190738 0.392729 -0.249621 0.000448977 
23 -0.00782013 0.00972748 0.221828 -1.40004 0.000572213 -0.495346 0.174144 -0.0419387 -1.10113 1.76184 -0.00972763 -0.19894 -0.00324254 0.000572213 0.39044 -0.250115 -0.00164773 -0.197032 0.00133516 0.000190738 0.392729 -0.249621 0.000448977 
23 -0.00782013 0.00972748 0.221828 -1.40004 0.000572213 -0.495346 0.173381 -0.0419387 -1.10647 1.76184 -0.00972763 -0.19894 -0.00324254 0.000572213 0.39044 -0.250115 -0.00164773 -0.197032 0.00133516 0.000190738 0.392729 -0.249621 0.000448977 
23 -0.00782013 0.00972748 0.221828 -1.40004 0.000572213 -0.495346 0.172618 -0.0419387 -1.11143 1.76184 -0.00934615 -0.19894 -0.00324254 0.000572213 0.39044 -0.250115 -0.00164773 -0.197032 0.00133516 0.000190738 0.392729 -0.249621 0.000448977 
23 -0.00782013 0.00972748 0.221828 -1.40004 0.000572213 -0.495346 0.171855 -0.0419387 -1.11715 1.76146 -0.00934615 -0.19894 -0.00324254 0.000572213 0.39044 -0.250115 -0.00164773 -0.197032 0.00133516 0.000190738 0.392729 -0.249621 0.000448977 
23 -0.00782013 0.00972748 0.221828 -1.40004 0.000572213 -0.495346 0.17071 -0.0419387 -1.12249 1.76146 -0.00934615 -0.19894 -0.00324254 0.000572213 0.39044 -0.250115 -0.00164773 -0.197032 0.00133516 0.000190738 0.392729 -0.249621 0.000448977 
23 -0.00782013 0.00972748 0.221828 -1.40004 0.000572213 -0.495346 0.169947 -0.0419387 -1.12783 1.76146 -0.00896468 -0.19894 -0.00324254 0.000572213 0.39044 -0.250115 -0.00164773 -0.197032 0.00133516 0.000190738 0.392729 -0.249621 0.000448977 
23 -0.00782013 0.00972748 0.221828 -1.40004 0.000572213 -0.495346 0.169184 -0.0419387 -1.13317 1.76146 -0.00896468 -0.19894 -0.00324254 0.000572213 0.39044 -0.250115 -0.00164773 -0.197032 0.00133516 0.000190738 0.392729 -0.249621 0.000448977 
23 -0.00782013 0.00972748 0.221828 -1.40004 0.000572213 -0.495346 0.168803 -0.0419387 -1.13851 1.76146 -0.00896468 -0.19894 -0.00324254 0.000572213 0.39044 -0.250115 -0.00164773 -0.197032 0.00133516 0.000190738 0.392729 -0.249621 0.000448977 
23 -0.00782013 0.00972748 0.221447 -1.40004 0.000572213 -0.495346 0.16804 -0.0415573 -1.14424 1.76146 -0.0085832 -0.19894 -0.00324254 0.000572213 0.39044 -0.250115 -0.00164773 -0.197032 0.00133516 0.000190738 0.392729 -0.249621 0.000448977 
23 -0.00782013 0.00972748 0.221447 -1.40004 0.000572213 -0.495346 0.167277 -0.0415573 -1.1492 1.76146 -0.0085832 -0.19894 -0.00324254 0.000572213 0.39044 -0.250115 -0.00164773 -0.197032 0.00133516 0.000190738 0.392729 -0.249621 0.000448977 
23 -0.00782013 0.00972748 0.221447 -1.40004 0.000572213 -0.495346 0.166896 -0.0415573 -1.15492 1.76146 -0.0085832 -0.19894 -0.00324254 0.000572213 0.39044 -0.250115 -0.00164773 -0.197032 0.00133516 0.000190738 0.392729 -0.249621 0.000448977 
23 -0.00782013 0.00972748 0.221447 -1.40004 0.000572213 -0.495346 0.166133 -0.0415573 -1.16026 1.76146 -0.0085832 -0.19894 -0.00324254 0.000572213 0.39044 -0.250115 -0.00164773 -0.197032 0.00133516 0.000190738 0.392729 -0.249621 0.000448977 
23 -0.00782013 0.00972748 0.221447 -1.40004 0.000572213 -0.495346 0.16537 -0.0415573 -1.1656 1.76146 -0.0085832 -0.19894 -0.00324254 0.000572213 0.39044 -0.250115 -0.00164773 -0.197032 0.00133516 0.000190738 0.392729 -0.249621 0.000448977 
23 -0.00782013 0.00972748 0.221447 -1.40004 0.000572213 -0.495346 0.164607 -0.0415573 -1.17094 1.76146 -0.00820172 -0.19894 -0.00324254 0.000572213 0.39044 -0.250115 -0.00164773 -0.197032 0.00133516 0.000190738 0.392729 -0.249621 0.000448977 
23 -0.00782013 0.00972748 0.221447 -1.40004 0.000572213 -0.495346 0.163844 -0.0415573 -1.17628 1.76146 -0.00820172 -0.19894 -0.00324254 0.000572213 0.39044 -0.250115 -0.00164773 -0.197032 0.00133516 0.000190738 0.392729 -0.249621 0.000448977 
23 -0.00782013 0.00972748 0.221447 -1.40004 0.000572213 -0.495346 0.163462 -0.0415573 -1.182 1.76146 -0.00820172 -0.19894 -0.00324254 0.000572213 0.39044 -0.250115 -0.00164773 -0.197032 0.00133516 0.000190738 0.392729 -0.249621 0.000448977 
23 -0.00782013 0.00972748 0.221447 -1.40004 0.000572213 -0.495346 0.163081 -0.0415573 -1.18696 1.76146 -0.00782025 -0.19894 -0.00324254 0.000572213 0.39044 -0.250115 -0.00164773 -0.197032 0.00133516 0.000190738 0.392729 -0.249621 0.000448977 
23 -0.00782013 0.00972748 0.221447 -1.40004 0.000572213 -0.495346 0.162699 -0.0415573 -1.19268 1.76146 -0.00782025 -0.19894 -0.00324254 0.000572213 0.39044 -0.250115 -0.00164773 -0.197032 0.00133516 0.000190738 0.392729 -0.249621 0.000448977 
23 -0.00782013 0.00972748 0.221447 -1.40004 0.000572213 -0.495346 0.161936 -0.0415573 -1.19764 1.76146 -0.00782025 -0.19894 -0.00324254 0.000572213 0.39044 -0.250115 -0.00164773 -0.197032 0.00133516 0.000190738 0.392729 -0.249621 0.000448977 
23 -0.00782013 0.00972748 0.221447 -1.40004 0.000572213 -0.495346 0.161555 -0.0415573 -1.20298 1.76146 -0.00782025 -0.19894 -0.00324254 0.000572213 0.39044 -0.250115 -0.00164773 -0.197032 0.00133516 0.000190738 0.392729 -0.249621 0.000448977 
23 -0.00782013 0.00972748 0.221447 -1.40004 0.000572213 -0.495346 0.161173 -0.0415573 -1.20832 1.76146 -0.00743877 -0.19894 -0.00324254 0.000572213 0.39044 -0.250115 -0.00164773 -0.197032 0.00133516 0.000190738 0.392729 -0.249621 0.000448977 
23 -0.00782013 0.00972748 0.221447 -1.40004 0.000572213 -0.495346 0.16041 -0.0415573 -1.21366 1.76146 -0.00743877 -0.19894 -0.00324254 0.000572213 0.39044 -0.250115 -0.00164773 -0.197032 0.00133516 0.000190738 0.392729 -0.249621 0.000448977 
23 -0.00782013 0.00972748 0.221447 -1.40004 0.000572213 -0.495346 0.160029 -0.0415573 -1.21939 1.76146 -0.00743877 -0.19894 -0.00324254 0.000572213 0.39044 -0.250115 -0.00164773 -0.197032 0.00133516 0.000190738 0.392729 -0.249621 0.000448977 
23 -0.00782013 0.00972748 0.221447 -1.40004 0.000572213 -0.495346 0.159648 -0.0415573 -1.22396 1.76146 -0.00743877 -0.19894 -0.00324254 0.000572213 0.39044 -0.250115 -0.00164773 -0.197032 0.00133516 0.000190738 0.392729 -0.249621 0.000448977 
23 -0.00782013 0.00972748 0.221447 -1.40004 0.000572213 -0.495346 0.158885 -0.0415573 -1.22969 1.76146 -0.0070573 -0.19894 -0.00324254 0.000572213 0.39044 -0.250115 -0.00164773 -0.197032 0.00133516 0.000190738 0.392729 -0.249621 0.000448977 
23 -0.00782013 0.00972748 0.221447 -1.40004 0.000572213 -0.495346 0.158503 -0.0415573 -1.23465 1.76146 -0.0070573 -0.19894 -0.00324254 0.000572213 0.39044 -0.250115 -0.00164773 -0.197032 0.00133516 0.000190738 0.392729 -0.249621 0.000448977 
23 -0.00782013 0.00972748 0.221447 -1.40004 0.000572213 -0.495346 0.158122 -0.0415573 -1.23999 1.76146 -0.0070573 -0.19894 -0.00324254 0.000572213 0.39044 -0.250115 -0.00164773 -0.197032 0.00133516 0.000190738 0.392729 -0.249621 0.000448977 
23 -0.00782013 0.00972748 0.221447 -1.40004 0.000572213 -0.495346 0.15774 -0.0415573 -1.24533 1.76146 -0.00667582 -0.19894 -0.00324254 0.000572213 0.39044 -0.250115 -0.00164773 -0.197032 0.00133516 0.000190738 0.392729 -0.249621 0.000448977 
23 -0.00782013 0.00972748 0.221447 -1.40004 0.000572213 -0.495346 0.157359 -0.0415573 -1.25029 1.76146 -0.00667582 -0.19894 -0.00324254 0.000572213 0.39044 -0.250115 -0.00164773 -0.197032 0.00133516 0.000190738 0.392729 -0.249621 0.000448977 
23 -0.00782013 0.00972748 0.221447 -1.40004 0.000572213 -0.495346 0.156977 -0.0415573 -1.25563 1.76146 -0.00667582 -0.19894 -0.00324254 0.000572213 0.39044 -0.250115 -0.00164773 -0.197032 0.00133516 0.000190738 0.392729 -0.249621 0.000448977 
23 -0.00782013 0.00972748 0.221447 -1.40004 0.000572213 -0.495346 0.156977 -0.0415573 -1.26059 1.76146 -0.00629435 -0.19894 -0.00324254 0.000572213 0.39044 -0.250115 -0.00164773 -0.197032 0.00133516 0.000190738 0.392729 -0.249621 0.000448977 
23 -0.00782013 0.00972748 0.221447 -1.40004 0.000572213 -0.495346 0.156596 -0.0415573 -1.26555 1.76146 -0.00629435 -0.19894 -0.00324254 0.000572213 0.39044 -0.250115 -0.00164773 -0.197032 0.00133516 0.000190738 0.392729 -0.249621 0.000448977 
23 -0.00782013 0.00972748 0.221447 -1.40004 0.000572213 -0.495346 0.156596 -0.0415573 -1.27089 1.76146 -0.00629435 -0.19894 -0.00324254 0.000572213 0.39044 -0.250115 -0.00164773 -0.197032 0.00133516 0.000190738 0.392729 -0.249621 0.000448977 
23 -0.00782013 0.00972748 0.221447 -1.40004 0.000572213 -0.495346 0.156214 -0.0415573 -1.27584 1.76146 -0.00629435 -0.19894 -0.00324254 0.000572213 0.39044 -0.250115 -0.00164773 -0.197032 0.00133516 0.000190738 0.392729 -0.249621 0.000448977 
23 -0.00782013 0.00972748 0.221447 -1.40004 0.000572213 -0.495346 0.155833 -0.0415573 -1.2808 1.76184 -0.00591287 -0.19894 -0.00324254 0.000572213 0.39044 -0.250115 -0.00164773 -0.197032 0.00133516 0.000190738 0.392729 -0.249621 0.000448977 
23 -0.00782013 0.00972748 0.221447 -1.40004 0.000572213 -0.495346 0.155833 -0.0415573 -1.28576 1.76184 -0.00591287 -0.19894 -0.00324254 0.000572213 0.39044 -0.250115 -0.00164773 -0.197032 0.00133516 0.000190738 0.392729 -0.249621 0.000448977 
23 -0.00743866 0.00972748 0.221447 -1.40004 0.000572213 -0.495346 0.155451 -0.0415573 -1.29072 1.76184 -0.00591287 -0.19894 -0.00324254 0.000572213 0.39044 -0.250115 -0.00164773 -0.197032 0.00133516 0.000190738 0.392729 -0.249621 0.000448977 
23 -0.00782013 0.00972748 0.221447 -1.40004 0.000572213 -0.495346 0.15507 -0.0415573 -1.29568 1.76184 -0.00591287 -0.19894 -0.00324254 0.000572213 0.39044 -0.250115 -0.00164773 -0.197032 0.00133516 0.000190738 0.392729 -0.249621 0.000448977 
23 -0.00782013 0.00972748 0.221065 -1.40004 0.000572213 -0.495346 0.15507 -0.0415573 -1.30064 1.76184 -0.00591287 -0.19894 -0.00324254 0.000572213 0.39044 -0.250115 -0.00164773 -0.197032 0.00133516 0.000190738 0.392729 -0.249621 0.000448977 
23 -0.00782013 0.00972748 0.221065 -1.40004 0.000572213 -0.495346 0.154688 -0.0415573 -1.30522 1.76184 -0.00591287 -0.19894 -0.00324254 0.000572213 0.39044 -0.250115 -0.00164773 -0.197032 0.00133516 0.000190738 0.392729 -0.249621 0.000448977 
23 -0.00782013 0.00972748 0.221065 -1.40004 0.000572213 -0.495346 0.154307 -0.0415573 -1.3098 1.76184 -0.00591287 -0.19894 -0.00324254 0.000572213 0.39044 -0.250115 -0.00164773 -0.197032 0.00133516 0.000190738 0.392729 -0.249621 0.000448977 
23 -0.00782013 0.00972748 0.221065 -1.40004 0.000572213 -0.495346 0.154307 -0.0415573 -1.31476 1.76184 -0.00591287 -0.19894 -0.00324254 0.000572213 0.39044 -0.250115 -0.00164773 -0.197032 0.00133516 0.000190738 0.392729 -0.249621 0.000448977 
23 -0.00782013 0.00972748 0.221065 -1.40004 0.000572213 -0.495346 0.154307 -0.0415573 -1.31971 1.76184 -0.00591287 -0.19894 -0.00324254 0.000572213 0.39044 -0.250115 -0.00164773 -0.197032 0.00133516 0.000190738 0.392729 -0.249621 0.000448977 
23 -0.00782013 0.00972748 0.221065 -1.40004 0.000572213 -0.495346 0.153925 -0.0415573 -1.32391 1.76223 -0.00591287 -0.19894 -0.00324254 0.000572213 0.39044 -0.250115 -0.00164773 -0.197032 0.00133516 0.000190738 0.392729 -0.249621 0.000448977 
23 -0.00782013 0.00972748 0.221065 -1.40004 0.000572213 -0.495346 0.153925 -0.0415573 -1.32887 1.76223 -0.00591287 -0.19894 -0.00324254 0.000572213 0.39044 -0.250115 -0.00164773 -0.197032 0.00133516 0.000190738 0.392729 -0.249621 0.000448977 
23 -0.00782013 0.00972748 0.221065 -1.40004 0.000572213 -0.495346 0.153925 -0.0415573 -1.33307 1.76223 -0.00591287 -0.19894 -0.00324254 0.000572213 0.39044 -0.250115 -0.00164773 -0.197032 0.00133516 0.000190738 0.392729 -0.249621 0.000448977 
23 -0.00782013 0.00972748 0.221065 -1.40004 0.000572213 -0.495346 0.153544 -0.0415573 -1.33803 1.76223 -0.00591287 -0.19894 -0.00324254 0.000572213 0.39044 -0.250115 -0.00164773 -0.197032 0.00133516 0.000190738 0.392729 -0.249621 0.000448977 
23 -0.00782013 0.00972748 0.221065 -1.40004 0.000572213 -0.495346 0.153544 -0.0415573 -1.34222 1.76261 -0.00591287 -0.19894 -0.00324254 0.000572213 0.39044 -0.250115 -0.00164773 -0.197032 0.00133516 0.000190738 0.392729 -0.249621 0.000448977 
23 -0.00782013 0.00972748 0.221065 -1.40004 0.000572213 -0.495346 0.153544 -0.0415573 -1.3468 1.76261 -0.00591287 -0.19894 -0.00324254 0.000572213 0.39044 -0.250115 -0.00164773 -0.197032 0.00133516 0.000190738 0.392729 -0.249621 0.000448977 
23 -0.00782013 0.00972748 0.221065 -1.40004 0.000572213 -0.495346 0.153162 -0.0415573 -1.351 1.76299 -0.00591287 -0.19894 -0.00324254 0.000572213 0.39044 -0.250115 -0.00164773 -0.197032 0.00133516 0.000190738 0.392729 -0.249621 0.000448977 
23 -0.00782013 0.00972748 0.221065 -1.40004 0.000572213 -0.495346 0.153162 -0.0415573 -1.35557 1.76299 -0.00591287 -0.19894 -0.00324254 0.000572213 0.39044 -0.250115 -0.00164773 -0.197032 0.00133516 0.000190738 0.392729 -0.249621 0.000448977 
23 -0.00782013 0.00972748 0.221065 -1.40004 0.000572213 -0.495346 0.153162 -0.0415573 -1.35977 1.76299 -0.00591287 -0.19894 -0.00324254 0.000572213 0.39044 -0.250115 -0.00164773 -0.197032 0.00133516 0.000190738 0.392729 -0.249621 0.000448977 
23 -0.00782013 0.00972748 0.221065 -1.40004 0.000572213 -0.495346 0.153162 -0.0415573 -1.36397 1.76337 -0.00591287 -0.19894 -0.00324254 0.000572213 0.39044 -0.250115 -0.00164773 -0.197032 0.00133516 0.000190738 0.392729 -0.249621 0.000448977 
23 -0.00782013 0.00972748 0.221065 -1.40004 0.000572213 -0.495346 0.153162 -0.0415573 -1.36816 1.76337 -0.00591287 -0.19894 -0.00324254 0.000572213 0.39044 -0.250115 -0.00164773 -0.197032 0.00133516 0.000190738 0.392729 -0.249621 0.000448977 
23 -0.00782013 0.00972748 0.221065 -1.40004 0.000572213 -0.495346 0.153162 -0.0415573 -1.37236 1.76337 -0.00591287 -0.19894 -0.00324254 0.000572213 0.39044 -0.250115 -0.00164773 -0.197032 0.00133516 0.000190738 0.392729 -0.249621 0.000448977 
23 -0.00782013 0.00972748 0.221065 -1.40004 0.000572213 -0.495346 0.153162 -0.0415573 -1.37617 1.76375 -0.00591287 -0.19894 -0.00324254 0.000572213 0.39044 -0.250115 -0.00164773 -0.197032 0.00133516 0.000190738 0.392729 -0.249621 0.000448977 
23 -0.00782013 0.00972748 0.221065 -1.40004 0.000572213 -0.495346 0.153162 -0.0415573 -1.38037 1.76375 -0.00591287 -0.19894 -0.00324254 0.000572213 0.39044 -0.250115 -0.00164773 -0.197032 0.00133516 0.000190738 0.392729 -0.249621 0.000448977 
23 -0.00782013 0.00972748 0.221065 -1.40004 0.000572213 -0.495346 0.153162 -0.0415573 -1.38418 1.76375 -0.00591287 -0.19894 -0.00324254 0.000572213 0.39044 -0.250115 -0.00164773 -0.197032 0.00133516 0.000190738 0.392729 -0.249621 0.000448977 
23 -0.00782013 0.00972748 0.221065 -1.40004 0.000572213 -0.495346 0.153162 -0.0415573 -1.38838 1.76413 -0.00629435 -0.19894 -0.00324254 0.000572213 0.39044 -0.250115 -0.00164773 -0.197032 0.00133516 0.000190738 0.392729 -0.249621 0.000448977 
23 -0.00782013 0.00972748 0.221065 -1.40004 0.000572213 -0.495346 0.153162 -0.0415573 -1.39219 1.76413 -0.00629435 -0.19894 -0.00324254 0.000572213 0.39044 -0.250115 -0.00164773 -0.197032 0.00133516 0.000190738 0.392729 -0.249621 0.000448977 
23 -0.00782013 0.00972748 0.221065 -1.40004 0.000572213 -0.495346 0.153162 -0.0415573 -1.39601 1.76413 -0.00629435 -0.19894 -0.00324254 0.000572213 0.39044 -0.250115 -0.00164773 -0.197032 0.00133516 0.000190738 0.392729 -0.249621 0.000448977 
23 -0.00782013 0.00972748 0.221065 -1.40004 0.000572213 -0.495346 0.153162 -0.0415573 -1.39982 1.76413 -0.00591287 -0.19894 -0.00324254 0.000572213 0.39044 -0.250115 -0.00164773 -0.197032 0.00133516 0.000190738 0.392729 -0.249621 0.000448977 
23 -0.00782013 0.00972748 0.221065 -1.40004 0.000572213 -0.495346 0.153162 -0.0415573 -1.40364 1.76413 -0.00629435 -0.19894 -0.00324254 0.000572213 0.39044 -0.250115 -0.00164773 -0.197032 0.00133516 0.000190738 0.392729 -0.249621 0.000448977 
23 -0.00782013 0.00972748 0.221065 -1.40004 0.000572213 -0.495346 0.153162 -0.0415573 -1.40745 1.76413 -0.00629435 -0.19894 -0.00324254 0.000572213 0.39044 -0.250115 -0.00164773 -0.197032 0.00133516 0.000190738 0.392729 -0.249621 0.000448977 
23 -0.00782013 0.00972748 0.221065 -1.40004 0.000572213 -0.495346 0.153162 -0.0415573 -1.41089 1.76413 -0.00629435 -0.19894 -0.00324254 0.000572213 0.39044 -0.250115 -0.00164773 -0.197032 0.00133516 0.000190738 0.392729 -0.249621 0.000448977 
23 -0.00782013 0.00972748 0.221065 -1.40004 0.000572213 -0.495346 0.153162 -0.0415573 -1.4147 1.76413 -0.00629435 -0.19894 -0.00324254 0.000572213 0.39044 -0.250115 -0.00164773 -0.197032 0.00133516 0.000190738 0.392729 -0.249621 0.000448977 
23 -0.00782013 0.00972748 0.221065 -1.40004 0.000572213 -0.495346 0.153162 -0.0415573 -1.41852 1.76413 -0.00629435 -0.19894 -0.00324254 0.000572213 0.39044 -0.250115 -0.00164773 -0.197032 0.00133516 0.000190738 0.392729 -0.249621 0.000448977 
23 -0.00782013 0.00972748 0.221065 -1.40004 0.000572213 -0.495346 0.153162 -0.0415573 -1.42157 1.76413 -0.00629435 -0.19894 -0.00324254 0.000572213 0.39044 -0.250115 -0.00164773 -0.197032 0.00133516 0.000190738 0.392729 -0.249621 0.000448977 
23 -0.00782013 0.00972748 0.221065 -1.40004 0.000572213 -0.495346 0.153162 -0.0415573 -1.42538 1.76413 -0.00629435 -0.19894 -0.00324254 0.000572213 0.39044 -0.250115 -0.00164773 -0.197032 0.00133516 0.000190738 0.392729 -0.249621 0.000448977 
23 -0.00782013 0.00972748 0.221065 -1.40004 0.000572213 -0.495346 0.153162 -0.0415573 -1.42882 1.76413 -0.00629435 -0.19894 -0.00324254 0.000572213 0.39044 -0.250115 -0.00164773 -0.197032 0.00133516 0.000190738 0.392729 -0.249621 0.000448977 
23 -0.00782013 0.00972748 0.221065 -1.40004 0.000572213 -0.495346 0.153544 -0.0415573 -1.43225 1.76413 -0.00629435 -0.19894 -0.00324254 0.000572213 0.39044 -0.250115 -0.00164773 -0.197032 0.00133516 0.000190738 0.392729 -0.249621 0.000448977 
23 -0.00782013 0.00972748 0.221065 -1.40004 0.000572213 -0.495346 0.153544 -0.0415573 -1.4353 1.76413 -0.00629435 -0.19894 -0.00324254 0.000572213 0.39044 -0.250115 -0.00164773 -0.197032 0.00133516 0.000190738 0.392729 -0.249621 0.000448977 
23 -0.00782013 0.00972748 0.221065 -1.40004 0.000572213 -0.495346 0.153544 -0.0415573 -1.43835 1.76413 -0.00629435 -0.19894 -0.00324254 0.000572213 0.39044 -0.250115 -0.00164773 -0.197032 0.00133516 0.000190738 0.392729 -0.249621 0.000448977 
23 -0.00782013 0.00972748 0.221065 -1.40004 0.000572213 -0.495346 0.153544 -0.0415573 -1.44179 1.76413 -0.00629435 -0.19894 -0.00324254 0.000572213 0.39044 -0.250115 -0.00164773 -0.197032 0.00133516 0.000190738 0.392729 -0.249621 0.000448977 
23 -0.00782013 0.00972748 0.221065 -1.40004 0.000572213 -0.495346 0.153544 -0.0415573 -1.44484 1.76413 -0.00629435 -0.19894 -0.00324254 0.000572213 0.39044 -0.250115 -0.00164773 -0.197032 0.00133516 0.000190738 0.392729 -0.249621 0.000448977 
23 -0.00782013 0.00972748 0.221065 -1.40004 0.000572213 -0.495346 0.153544 -0.0415573 -1.44789 1.76413 -0.00629435 -0.19894 -0.00324254 0.000572213 0.39044 -0.250115 -0.00164773 -0.197032 0.00133516 0.000190738 0.392729 -0.249621 0.000448977 
23 -0.00782013 0.00972748 0.221065 -1.40004 0.000572213 -0.495346 0.153544 -0.0415573 -1.45094 1.76413 -0.00629435 -0.19894 -0.00324254 0.000572213 0.39044 -0.250115 -0.00164773 -0.197032 0.00133516 0.000190738 0.392729 -0.249621 0.000448977 
23 -0.00782013 0.00972748 0.221065 -1.40004 0.000572213 -0.495346 0.153544 -0.0415573 -1.45399 1.76413 -0.00629435 -0.19894 -0.00324254 0.000572213 0.39044 -0.250115 -0.00164773 -0.197032 0.00133516 0.000190738 0.392729 -0.249621 0.000448977 
23 -0.00782013 0.00972748 0.221065 -1.40004 0.000572213 -0.495346 0.153544 -0.0415573 -1.45705 1.76413 -0.00629435 -0.19894 -0.00324254 0.000572213 0.39044 -0.250115 -0.00164773 -0.197032 0.00133516 0.000190738 0.392729 -0.249621 0.000448977 
23 -0.00782013 0.00972748 0.221065 -1.40004 0.000572213 -0.495346 0.153544 -0.0415573 -1.45972 1.76413 -0.00629435 -0.19894 -0.00324254 0.000572213 0.39044 -0.250115 -0.00164773 -0.197032 0.00133516 0.000190738 0.392729 -0.249621 0.000448977 
23 -0.00782013 0.00972748 0.221065 -1.40004 0.000572213 -0.495346 0.153544 -0.0415573 -1.46277 1.76413 -0.00629435 -0.19894 -0.00324254 0.000572213 0.39044 -0.250115 -0.00164773 -0.197032 0.00133516 0.000190738 0.392729 -0.249621 0.000448977 
23 -0.00782013 0.00972748 0.221065 -1.40004 0.000572213 -0.495346 0.153544 -0.0415573 -1.46544 1.76413 -0.00629435 -0.19894 -0.00324254 0.000572213 0.39044 -0.250115 -0.00164773 -0.197032 0.00133516 0.000190738 0.392729 -0.249621 0.000448977 
23 -0.00782013 0.00972748 0.221065 -1.40004 0.000572213 -0.495346 0.153544 -0.0415573 -1.46811 1.76413 -0.00629435 -0.19894 -0.00324254 0.000572213 0.39044 -0.250115 -0.00164773 -0.197032 0.00133516 0.000190738 0.392729 -0.249621 0.000448977 
23 -0.00782013 0.00972748 0.221447 -1.40004 0.000572213 -0.495346 0.153544 -0.0415573 -1.47078 1.76413 -0.00629435 -0.19894 -0.00324254 0.000572213 0.39044 -0.250115 -0.00164773 -0.197032 0.00133516 0.000190738 0.392729 -0.249621 0.000448977 
23 -0.00782013 0.00972748 0.221447 -1.40004 0.000572213 -0.495346 0.153544 -0.0415573 -1.47345 1.76413 -0.00629435 -0.19894 -0.00324254 0.000572213 0.39044 -0.250115 -0.00164773 -0.197032 0.00133516 0.000190738 0.392729 -0.249621 0.000448977 
23 -0.00782013 0.00972748 0.221447 -1.40004 0.000572213 -0.495346 0.153544 -0.0415573 -1.47574 1.76413 -0.00629435 -0.19894 -0.00324254 0.000572213 0.39044 -0.250115 -0.00164773 -0.197032 0.00133516 0.000190738 0.392729 -0.249621 0.000448977 
23 -0.00782013 0.00972748 0.221447 -1.40004 0.000572213 -0.495346 0.153544 -0.0415573 -1.47841 1.76413 -0.00629435 -0.19894 -0.00324254 0.000572213 0.39044 -0.250115 -0.00164773 -0.197032 0.00133516 0.000190738 0.392729 -0.249621 0.000448977 
23 -0.00782013 0.00972748 0.221447 -1.40004 0.000572213 -0.495346 0.153544 -0.0415573 -1.48108 1.76413 -0.00629435 -0.19894 -0.00324254 0.000572213 0.39044 -0.250115 -0.00164773 -0.197032 0.00133516 0.000190738 0.392729 -0.249621 0.000448977 
23 -0.00782013 0.00972748 0.221447 -1.40004 0.000572213 -0.495346 0.153544 -0.0415573 -1.48337 1.76413 -0.00629435 -0.19894 -0.00324254 0.000572213 0.39044 -0.250115 -0.00164773 -0.197032 0.00133516 0.000190738 0.392729 -0.249621 0.000448977 
23 -0.00782013 0.00972748 0.221447 -1.40004 0.000572213 -0.495346 0.153544 -0.0415573 -1.48566 1.76413 -0.00629435 -0.19894 -0.00324254 0.000572213 0.39044 -0.250115 -0.00164773 -0.197032 0.00133516 0.000190738 0.392729 -0.249621 0.000448977 
23 -0.00782013 0.00972748 0.221447 -1.40004 0.000572213 -0.495346 0.153544 -0.0415573 -1.48833 1.76413 -0.00629435 -0.19894 -0.00324254 0.000572213 0.39044 -0.250115 -0.00164773 -0.197032 0.00133516 0.000190738 0.392729 -0.249621 0.000448977 
23 -0.00782013 0.00972748 0.221447 -1.40004 0.000572213 -0.495346 0.153544 -0.0415573 -1.49062 1.76413 -0.00629435 -0.19894 -0.00324254 0.000572213 0.39044 -0.250115 -0.00164773 -0.197032 0.00133516 0.000190738 0.392729 -0.249621 0.000448977 
23 -0.00782013 0.00972748 0.221447 -1.40004 0.000572213 -0.495346 0.153544 -0.0415573 -1.4929 1.76413 -0.00629435 -0.19894 -0.00324254 0.000572213 0.39044 -0.250115 -0.00164773 -0.197032 0.00133516 0.000190738 0.392729 -0.249621 0.000448977 
23 -0.00782013 0.00972748 0.221447 -1.40004 0.000572213 -0.495346 0.153544 -0.0415573 -1.49481 1.76413 -0.00629435 -0.19894 -0.00324254 0.000572213 0.39044 -0.250115 -0.00164773 -0.197032 0.00133516 0.000190738 0.392729 -0.249621 0.000448977 
23 -0.00782013 0.00972748 0.221447 -1.40004 0.000572213 -0.495346 0.153544 -0.0415573 -1.4971 1.76413 -0.00629435 -0.19894 -0.00324254 0.000572213 0.39044 -0.250115 -0.00164773 -0.197032 0.00133516 0.000190738 0.392729 -0.249621 0.000448977 
23 -0.00782013 0.00972748 0.221447 -1.40004 0.000572213 -0.495346 0.153544 -0.0415573 -1.49939 1.76413 -0.00629435 -0.19894 -0.00324254 0.000572213 0.39044 -0.250115 -0.00164773 -0.197032 0.00133516 0.000190738 0.392729 -0.249621 0.000448977 
23 -0.00782013 0.00972748 0.221447 -1.40004 0.000572213 -0.495346 0.153544 -0.0415573 -1.5013 1.76413 -0.00629435 -0.19894 -0.00324254 0.000572213 0.39044 -0.250115 -0.00164773 -0.197032 0.00133516 0.000190738 0.392729 -0.249621 0.000448977 
23 -0.00782013 0.00972748 0.221065 -1.40004 0.000572213 -0.495346 0.153544 -0.0415573 -1.50359 1.76413 -0.00629435 -0.19894 -0.00324254 0.000572213 0.39044 -0.250115 -0.00164773 -0.197032 0.00133516 0.000190738 0.392729 -0.249621 0.000448977 
23 -0.00782013 0.00972748 0.221065 -1.40004 0.000572213 -0.495346 0.153544 -0.0415573 -1.50587 1.76413 -0.00629435 -0.19894 -0.00324254 0.000572213 0.39044 -0.250115 -0.00164773 -0.197032 0.00133516 0.000190738 0.392729 -0.249621 0.000448977 
23 -0.00782013 0.00972748 0.221065 -1.40004 0.000572213 -0.495346 0.153544 -0.0415573 -1.5074 1.76413 -0.00629435 -0.19894 -0.00324254 0.000572213 0.39044 -0.250115 -0.00164773 -0.197032 0.00133516 0.000190738 0.392729 -0.249621 0.000448977 
23 -0.00782013 0.00972748 0.221065 -1.40004 0.000572213 -0.495346 0.153925 -0.0415573 -1.50931 1.76413 -0.00629435 -0.19894 -0.00324254 0.000572213 0.39044 -0.250115 -0.00164773 -0.197032 0.00133516 0.000190738 0.392729 -0.249621 0.000448977 
23 -0.00782013 0.00972748 0.221065 -1.40004 0.000572213 -0.495346 0.153925 -0.0415573 -1.51122 1.76413 -0.00629435 -0.19894 -0.00324254 0.000572213 0.39044 -0.250115 -0.00164773 -0.197032 0.00133516 0.000190738 0.392729 -0.249621 0.000448977 
23 -0.00782013 0.00972748 0.221065 -1.40004 0.000572213 -0.495346 0.153925 -0.0415573 -1.51312 1.76413 -0.00629435 -0.19894 -0.00324254 0.000572213 0.39044 -0.250115 -0.00164773 -0.197032 0.00133516 0.000190738 0.392729 -0.249621 0.000448977 
23 -0.00782013 0.00972748 0.221065 -1.40004 0.000572213 -0.495346 0.153925 -0.0415573 -1.51503 1.76413 -0.00629435 -0.19894 -0.00324254 0.000572213 0.39044 -0.250115 -0.00164773 -0.197032 0.00133516 0.000190738 0.392729 -0.249621 0.000448977 
23 -0.00782013 0.00972748 0.221065 -1.40004 0.000572213 -0.495346 0.153925 -0.0415573 -1.51694 1.76413 -0.00629435 -0.19894 -0.00324254 0.000572213 0.39044 -0.250115 -0.00164773 -0.197032 0.00133516 0.000190738 0.392729 -0.249621 0.000448977 
23 -0.00782013 0.00972748 0.221065 -1.40004 0.000572213 -0.495346 0.153925 -0.0415573 -1.51884 1.76413 -0.00629435 -0.19894 -0.00324254 0.000572213 0.39044 -0.250115 -0.00164773 -0.197032 0.00133516 0.000190738 0.392729 -0.249621 0.000448977 
23 -0.00782013 0.00972748 0.221065 -1.40004 0.000572213 -0.495346 0.153925 -0.0415573 -1.52037 1.76413 -0.00629435 -0.19894 -0.00324254 0.000572213 0.39044 -0.250115 -0.00164773 -0.197032 0.00133516 0.000190738 0.392729 -0.249621 0.000448977 
23 -0.00782013 0.00972748 0.221065 -1.40004 0.000572213 -0.495346 0.153925 -0.0415573 -1.5219 1.76413 -0.00629435 -0.19894 -0.00324254 0.000572213 0.39044 -0.250115 -0.00164773 -0.197032 0.00133516 0.000190738 0.392729 -0.249621 0.000448977 
23 -0.00782013 0.00972748 0.221065 -1.40004 0.000572213 -0.495346 0.153925 -0.0415573 -1.5238 1.76413 -0.00629435 -0.19894 -0.00324254 0.000572213 0.39044 -0.250115 -0.00164773 -0.197032 0.00133516 0.000190738 0.392729 -0.249621 0.000448977 
23 -0.00782013 0.00972748 0.221065 -1.40004 0.000572213 -0.495346 0.153925 -0.0415573 -1.52533 1.76413 -0.00629435 -0.19894 -0.00324254 0.000572213 0.39044 -0.250115 -0.00164773 -0.197032 0.00133516 0.000190738 0.392729 -0.249621 0.000448977 
23 -0.00782013 0.00972748 0.221065 -1.40004 0.000572213 -0.495346 0.154307 -0.0415573 -1.52686 1.76413 -0.00629435 -0.19894 -0.00324254 0.000572213 0.39044 -0.250115 -0.00164773 -0.197032 0.00133516 0.000190738 0.392729 -0.249621 0.000448977 
23 -0.00782013 0.00972748 0.221065 -1.40004 0.000572213 -0.495346 0.154307 -0.0411758 -1.52876 1.76413 -0.00629435 -0.19894 -0.00324254 0.000572213 0.39044 -0.250115 -0.00164773 -0.197032 0.00133516 0.000190738 0.392729 -0.249621 0.000448977 
23 -0.00782013 0.00972748 0.221065 -1.40004 0.000572213 -0.495346 0.154307 -0.0411758 -1.53029 1.76413 -0.00629435 -0.19894 -0.00324254 0.000572213 0.39044 -0.250115 -0.00164773 -0.197032 0.00133516 0.000190738 0.392729 -0.249621 0.000448977 
23 -0.00782013 0.00972748 0.221065 -1.40004 0.000572213 -0.495346 0.154307 -0.0411758 -1.53182 1.76413 -0.00629435 -0.19894 -0.00324254 0.000572213 0.39044 -0.250115 -0.00164773 -0.197032 0.00133516 0.000190738 0.392729 -0.249621 0.000448977 
23 -0.00782013 0.00972748 0.221065 -1.40004 0.000572213 -0.495346 0.154307 -0.0411758 -1.53296 1.76413 -0.00629435 -0.19894 -0.00324254 0.000572213 0.39044 -0.250115 -0.00164773 -0.197032 0.00133516 0.000190738 0.392729 -0.249621 0.000448977 
23 -0.00782013 0.00972748 0.221065 -1.40004 0.000572213 -0.495346 0.154307 -0.0411758 -1.53449 1.76413 -0.00629435 -0.19894 -0.00324254 0.000572213 0.39044 -0.250115 -0.00164773 -0.197032 0.00133516 0.000190738 0.392729 -0.249621 0.000448977 
23 -0.00782013 0.00972748 0.221065 -1.40004 0.000572213 -0.495346 0.154307 -0.0411758 -1.53563 1.76413 -0.00629435 -0.19894 -0.00324254 0.000572213 0.39044 -0.250115 -0.00164773 -0.197032 0.00133516 0.000190738 0.392729 -0.249621 0.000448977 
23 -0.00782013 0.00972748 0.221065 -1.40004 0.000572213 -0.495346 0.154307 -0.0411758 -1.53716 1.76413 -0.00629435 -0.19894 -0.00324254 0.000572213 0.39044 -0.250115 -0.00164773 -0.197032 0.00133516 0.000190738 0.392729 -0.249621 0.000448977 
23 -0.00782013 0.00972748 0.221065 -1.40004 0.000572213 -0.495346 0.154307 -0.0411758 -1.53868 1.76413 -0.00629435 -0.19894 -0.00324254 0.000572213 0.39044 -0.250115 -0.00164773 -0.197032 0.00133516 0.000190738 0.392729 -0.249621 0.000448977 
23 -0.00782013 0.00972748 0.221065 -1.40004 0.000572213 -0.495346 0.154307 -0.0411758 -1.53983 1.76413 -0.00629435 -0.19894 -0.00324254 0.000572213 0.39044 -0.250115 -0.00164773 -0.197032 0.00133516 0.000190738 0.392729 -0.249621 0.000448977 
23 -0.00782013 0.00972748 0.221065 -1.40004 0.000572213 -0.495346 0.154307 -0.0411758 -1.54135 1.76413 -0.00629435 -0.19894 -0.00324254 0.000572213 0.39044 -0.250115 -0.00164773 -0.197032 0.00133516 0.000190738 0.392729 -0.249621 0.000448977 
23 -0.00782013 0.00972748 0.221065 -1.40004 0.000572213 -0.495346 0.154307 -0.0411758 -1.54288 1.76413 -0.00629435 -0.19894 -0.00324254 0.000572213 0.39044 -0.250115 -0.00164773 -0.197032 0.00133516 0.000190738 0.392729 -0.249621 0.000448977 
23 -0.00782013 0.00972748 0.221065 -1.40004 0.000572213 -0.495346 0.154307 -0.0411758 -1.54402 1.76413 -0.00629435 -0.19894 -0.00324254 0.000572213 0.39044 -0.250115 -0.00164773 -0.197032 0.00133516 0.000190738 0.392729 -0.249621 0.000448977 
23 -0.00782013 0.00972748 0.221065 -1.40004 0.000572213 -0.495346 0.154307 -0.0411758 -1.54517 1.76413 -0.00629435 -0.19894 -0.00324254 0.000572213 0.39044 -0.250115 -0.00164773 -0.197032 0.00133516 0.000190738 0.392729 -0.249621 0.000448977 
23 -0.00782013 0.00972748 0.221065 -1.40004 0.000572213 -0.495346 0.154307 -0.0411758 -1.54631 1.76413 -0.00629435 -0.19894 -0.00324254 0.000572213 0.39044 -0.250115 -0.00164773 -0.197032 0.00133516 0.000190738 0.392729 -0.249621 0.000448977 
23 -0.00782013 0.00972748 0.221065 -1.40004 0.000572213 -0.495346 0.154307 -0.0411758 -1.54746 1.76413 -0.00629435 -0.19894 -0.00324254 0.000572213 0.39044 -0.250115 -0.00164773 -0.197032 0.00133516 0.000190738 0.392729 -0.249621 0.000448977 
23 -0.00782013 0.00972748 0.221065 -1.40004 0.000572213 -0.495346 0.154307 -0.0411758 -1.5486 1.76413 -0.00629435 -0.19894 -0.00324254 0.000572213 0.39044 -0.250115 -0.00164773 -0.197032 0.00133516 0.000190738 0.392729 -0.249621 0.000448977 
23 -0.00782013 0.00972748 0.221065 -1.40004 0.000572213 -0.495346 0.154307 -0.0407943 -1.54974 1.76413 -0.00629435 -0.19894 -0.00324254 0.000572213 0.39044 -0.250115 -0.00164773 -0.197032 0.00133516 0.000190738 0.392729 -0.249621 0.000448977 
23 -0.00782013 0.00972748 0.221065 -1.40004 0.000572213 -0.495346 0.154307 -0.0407943 -1.55089 1.76413 -0.00629435 -0.19894 -0.00324254 0.000572213 0.39044 -0.250115 -0.00164773 -0.197032 0.00133516 0.000190738 0.392729 -0.249621 0.000448977 
23 -0.00782013 0.00972748 0.221065 -1.40004 0.000572213 -0.495346 0.154307 -0.0407943 -1.55203 1.76413 -0.00629435 -0.19894 -0.00324254 0.000572213 0.39044 -0.250115 -0.00164773 -0.197032 0.00133516 0.000190738 0.392729 -0.249621 0.000448977 
23 -0.00743866 0.00972748 0.221065 -1.40004 0.000572213 -0.495346 0.154307 -0.0407943 -1.55356 1.76413 -0.00629435 -0.19894 -0.00324254 0.000572213 0.39044 -0.250115 -0.00164773 -0.197032 0.00133516 0.000190738 0.392729 -0.249621 0.000448977 
23 -0.00743866 0.00972748 0.221065 -1.40004 0.000572213 -0.495346 0.154307 -0.0407943 -1.55432 1.76413 -0.00629435 -0.19894 -0.00324254 0.000572213 0.39044 -0.250115 -0.00164773 -0.197032 0.00133516 0.000190738 0.392729 -0.249621 0.000448977 
23 -0.00782013 0.00972748 0.221065 -1.40004 0.000572213 -0.495346 0.154307 -0.0407943 -1.55547 1.76413 -0.00629435 -0.19894 -0.00324254 0.000572213 0.39044 -0.250115 -0.00164773 -0.197032 0.00133516 0.000190738 0.392729 -0.249621 0.000448977 
23 -0.00782013 0.00972748 0.221065 -1.40004 0.000572213 -0.495346 0.154307 -0.0407943 -1.55661 1.76413 -0.00629435 -0.19894 -0.00324254 0.000572213 0.39044 -0.250115 -0.00164773 -0.197032 0.00133516 0.000190738 0.392729 -0.249621 0.000448977 
23 -0.00782013 0.00972748 0.221065 -1.40004 0.000572213 -0.495346 0.154307 -0.0407943 -1.55737 1.76413 -0.00629435 -0.19894 -0.00324254 0.000572213 0.39044 -0.250115 -0.00164773 -0.197032 0.00133516 0.000190738 0.392729 -0.249621 0.000448977 
23 -0.00782013 0.00972748 0.221065 -1.40004 0.000572213 -0.495346 0.154307 -0.0407943 -1.55814 1.76413 -0.00629435 -0.19894 -0.00324254 0.000572213 0.39044 -0.250115 -0.00164773 -0.197032 0.00133516 0.000190738 0.392729 -0.249621 0.000448977 
23 -0.00782013 0.00972748 0.221065 -1.40004 0.000572213 -0.495346 0.154307 -0.0407943 -1.55928 1.76413 -0.00629435 -0.19894 -0.00324254 0.000572213 0.39044 -0.250115 -0.00164773 -0.197032 0.00133516 0.000190738 0.392729 -0.249621 0.000448977 
23 -0.00743866 0.00972748 0.221065 -1.40004 0.000572213 -0.495346 0.154307 -0.0407943 -1.56004 1.76413 -0.00629435 -0.19894 -0.00324254 0.000572213 0.39044 -0.250115 -0.00164773 -0.197032 0.00133516 0.000190738 0.392729 -0.249621 0.000448977 
23 -0.00782013 0.00972748 0.221065 -1.40004 0.000572213 -0.495346 0.154307 -0.0407943 -1.56119 1.76413 -0.00629435 -0.19894 -0.00324254 0.000572213 0.39044 -0.250115 -0.00164773 -0.197032 0.00133516 0.000190738 0.392729 -0.249621 0.000448977 
23 -0.00782013 0.00972748 0.221065 -1.40004 0.000572213 -0.495346 0.154307 -0.0407943 -1.56233 1.76413 -0.00629435 -0.19894 -0.00324254 0.000572213 0.39044 -0.250115 -0.00164773 -0.197032 0.00133516 0.000190738 0.392729 -0.249621 0.000448977 
23 -0.00782013 0.00972748 0.221065 -1.40004 0.000572213 -0.495346 0.154307 -0.0407943 -1.5631 1.76413 -0.00629435 -0.19894 -0.00324254 0.000572213 0.39044 -0.250115 -0.00164773 -0.197032 0.00133516 0.000190738 0.392729 -0.249621 0.000448977 
23 -0.00782013 0.00972748 0.221065 -1.40004 0.000572213 -0.495346 0.154307 -0.0404128 -1.56424 1.76413 -0.00629435 -0.19894 -0.00324254 0.000572213 0.39044 -0.250115 -0.00164773 -0.197032 0.00133516 0.000190738 0.392729 -0.249621 0.000448977 
23 -0.00782013 0.00972748 0.221065 -1.40004 0.000572213 -0.495346 0.154307 -0.0404128 -1.565 1.76413 -0.00629435 -0.19894 -0.00324254 0.000572213 0.39044 -0.250115 -0.00164773 -0.197032 0.00133516 0.000190738 0.392729 -0.249621 0.000448977 
23 -0.00782013 0.00972748 0.221065 -1.40004 0.000572213 -0.495346 0.154307 -0.0404128 -1.56615 1.76413 -0.00629435 -0.19894 -0.00324254 0.000572213 0.39044 -0.250115 -0.00164773 -0.197032 0.00133516 0.000190738 0.392729 -0.249621 0.000448977 
23 -0.00782013 0.00972748 0.221065 -1.40004 0.000572213 -0.495346 0.154307 -0.0404128 -1.56691 1.76413 -0.00629435 -0.19894 -0.00324254 0.000572213 0.39044 -0.250115 -0.00164773 -0.197032 0.00133516 0.000190738 0.392729 -0.249621 0.000448977 
23 -0.00782013 0.00972748 0.221065 -1.40004 0.000572213 -0.495346 0.154307 -0.0404128 -1.56767 1.76413 -0.00629435 -0.19894 -0.00324254 0.000572213 0.39044 -0.250115 -0.00164773 -0.197032 0.00133516 0.000190738 0.392729 -0.249621 0.000448977 
23 -0.00782013 0.00972748 0.221065 -1.40004 0.000572213 -0.495346 0.154688 -0.0404128 -1.56844 1.76413 -0.00629435 -0.19894 -0.00324254 0.000572213 0.39044 -0.250115 -0.00164773 -0.197032 0.00133516 0.000190738 0.392729 -0.249621 0.000448977 
23 -0.00782013 0.00972748 0.221065 -1.40004 0.000572213 -0.495346 0.154688 -0.0404128 -1.5692 1.76413 -0.00629435 -0.19894 -0.00324254 0.000572213 0.39044 -0.250115 -0.00164773 -0.197032 0.00133516 0.000190738 0.392729 -0.249621 0.000448977 
23 -0.00782013 0.00972748 0.221065 -1.40004 0.000572213 -0.495346 0.154688 -0.0404128 -1.56996 1.76413 -0.00629435 -0.19894 -0.00324254 0.000572213 0.39044 -0.250115 -0.00164773 -0.197032 0.00133516 0.000190738 0.392729 -0.249621 0.000448977 
23 -0.00782013 0.00972748 0.221065 -1.40004 0.000572213 -0.495346 0.154688 -0.0400313 -1.57034 1.76413 -0.00629435 -0.19894 -0.00324254 0.000572213 0.39044 -0.250115 -0.00164773 -0.197032 0.00133516 0.000190738 0.392729 -0.249621 0.000448977 
23 -0.00782013 0.00972748 0.221065 -1.40004 0.000572213 -0.495346 0.154688 -0.0400313 -1.57111 1.76375 -0.00629435 -0.19894 -0.00324254 0.000572213 0.39044 -0.250115 -0.00164773 -0.197032 0.00133516 0.000190738 0.392729 -0.249621 0.000448977 
23 -0.00782013 0.00972748 0.221065 -1.40004 0.000572213 -0.495346 0.154688 -0.0400313 -1.57149 1.76413 -0.00629435 -0.19894 -0.00324254 0.000572213 0.39044 -0.250115 -0.00164773 -0.197032 0.00133516 0.000190738 0.392729 -0.249621 0.000448977 
23 -0.00782013 0.00972748 0.221065 -1.40004 0.000572213 -0.495346 0.154688 -0.0400313 -1.57187 1.76413 -0.00629435 -0.19894 -0.00324254 0.000572213 0.39044 -0.250115 -0.00164773 -0.197032 0.00133516 0.000190738 0.392729 -0.249621 0.000448977 
23 -0.00743866 0.00972748 0.221065 -1.40004 0.000572213 -0.495346 0.154688 -0.0400313 -1.57263 1.76413 -0.00629435 -0.19894 -0.00324254 0.000572213 0.39044 -0.250115 -0.00164773 -0.197032 0.00133516 0.000190738 0.392729 -0.249621 0.000448977 
23 -0.00782013 0.00972748 0.221065 -1.40004 0.000572213 -0.495346 0.154688 -0.0396498 -1.57301 1.76413 -0.00629435 -0.19894 -0.00324254 0.000572213 0.39044 -0.250115 -0.00164773 -0.197032 0.00133516 0.000190738 0.392729 -0.249621 0.000448977 
23 -0.00782013 0.00972748 0.221065 -1.40004 0.000572213 -0.495346 0.154688 -0.0396498 -1.57378 1.76413 -0.00629435 -0.19894 -0.00324254 0.000572213 0.39044 -0.250115 -0.00164773 -0.197032 0.00133516 0.000190738 0.392729 -0.249621 0.000448977 
23 -0.00782013 0.00972748 0.221065 -1.40004 0.000572213 -0.495346 0.154688 -0.0396498 -1.57454 1.76413 -0.00629435 -0.19894 -0.00324254 0.000572213 0.39044 -0.250115 -0.00164773 -0.197032 0.00133516 0.000190738 0.392729 -0.249621 0.000448977 
23 -0.00782013 0.00972748 0.221065 -1.40004 0.000572213 -0.495346 0.154688 -0.0396498 -1.5753 1.76413 -0.00629435 -0.19894 -0.00324254 0.000572213 0.39044 -0.250115 -0.00164773 -0.197032 0.00133516 0.000190738 0.392729 -0.249621 0.000448977 
23 -0.00782013 0.00972748 0.221065 -1.40004 0.000572213 -0.495346 0.154688 -0.0392684 -1.57568 1.76413 -0.00629435 -0.19894 -0.00324254 0.000572213 0.39044 -0.250115 -0.00164773 -0.197032 0.00133516 0.000190738 0.392729 -0.249621 0.000448977 
23 -0.00782013 0.00972748 0.221065 -1.40004 0.000572213 -0.495346 0.154688 -0.0392684 -1.57645 1.76413 -0.00629435 -0.19894 -0.00324254 0.000572213 0.39044 -0.250115 -0.00164773 -0.197032 0.00133516 0.000190738 0.392729 -0.249621 0.000448977 
23 -0.00782013 0.00972748 0.221065 -1.40004 0.000572213 -0.495346 0.154688 -0.0392684 -1.57683 1.76413 -0.00629435 -0.19894 -0.00324254 0.000572213 0.39044 -0.250115 -0.00164773 -0.197032 0.00133516 0.000190738 0.392729 -0.249621 0.000448977 
23 -0.00782013 0.00972748 0.221065 -1.40004 0.000572213 -0.495346 0.15507 -0.0388869 -1.57759 1.76413 -0.00629435 -0.19894 -0.00324254 0.000572213 0.39044 -0.250115 -0.00164773 -0.197032 0.00133516 0.000190738 0.392729 -0.249621 0.000448977 
23 -0.00743866 0.00972748 0.221065 -1.40004 0.000572213 -0.495346 0.15507 -0.0388869 -1.57797 1.76413 -0.00629435 -0.19894 -0.00324254 0.000572213 0.39044 -0.250115 -0.00164773 -0.197032 0.00133516 0.000190738 0.392729 -0.249621 0.000448977 
23 -0.00782013 0.00972748 0.221065 -1.40004 0.000572213 -0.495346 0.15507 -0.0388869 -1.57836 1.76413 -0.00629435 -0.19894 -0.00324254 0.000572213 0.39044 -0.250115 -0.00164773 -0.197032 0.00133516 0.000190738 0.392729 -0.249621 0.000448977 
23 -0.00782013 0.00972748 0.221065 -1.40004 0.000572213 -0.495346 0.15507 -0.0385054 -1.57874 1.76413 -0.00629435 -0.19894 -0.00324254 0.000572213 0.39044 -0.250115 -0.00164773 -0.197032 0.00133516 0.000190738 0.392729 -0.249621 0.000448977 
23 -0.00782013 0.00972748 0.221065 -1.40004 0.000572213 -0.495346 0.15507 -0.0385054 -1.57912 1.76413 -0.00629435 -0.19894 -0.00324254 0.000572213 0.39044 -0.250115 -0.00164773 -0.197032 0.00133516 0.000190738 0.392729 -0.249621 0.000448977 
23 -0.00782013 0.00972748 0.221065 -1.40004 0.000572213 -0.495346 0.15507 -0.0385054 -1.57912 1.76413 -0.00629435 -0.19894 -0.00324254 0.000572213 0.39044 -0.250115 -0.00164773 -0.197032 0.00133516 0.000190738 0.392729 -0.249621 0.000448977 
23 -0.00782013 0.00972748 0.221065 -1.40004 0.000572213 -0.495346 0.15507 -0.0385054 -1.5795 1.76413 -0.00629435 -0.19894 -0.00324254 0.000572213 0.39044 -0.250115 -0.00164773 -0.197032 0.00133516 0.000190738 0.392729 -0.249621 0.000448977 
23 -0.00782013 0.00972748 0.221065 -1.40004 0.000572213 -0.495346 0.15507 -0.0385054 -1.57988 1.76413 -0.00629435 -0.19894 -0.00324254 0.000572213 0.39044 -0.250115 -0.00164773 -0.197032 0.00133516 0.000190738 0.392729 -0.249621 0.000448977 
23 -0.00782013 0.00972748 0.221065 -1.40004 0.000572213 -0.495346 0.15507 -0.0385054 -1.57988 1.76413 -0.00629435 -0.19894 -0.00324254 0.000572213 0.39044 -0.250115 -0.00164773 -0.197032 0.00133516 0.000190738 0.392729 -0.249621 0.000448977 
23 -0.00782013 0.00972748 0.221065 -1.40004 0.000572213 -0.495346 0.15507 -0.038124 -1.57988 1.76413 -0.00629435 -0.19894 -0.00324254 0.000572213 0.39044 -0.250115 -0.00164773 -0.197032 0.00133516 0.000190738 0.392729 -0.249621 0.000448977 
23 -0.00782013 0.00972748 0.221065 -1.40004 0.000572213 -0.495346 0.15507 -0.038124 -1.58026 1.76413 -0.00629435 -0.19894 -0.00324254 0.000572213 0.39044 -0.250115 -0.00164773 -0.197032 0.00133516 0.000190738 0.392729 -0.249621 0.000448977 
23 -0.00782013 0.00972748 0.221065 -1.40004 0.000572213 -0.495346 0.15507 -0.038124 -1.58026 1.76413 -0.00629435 -0.19894 -0.00324254 0.000572213 0.39044 -0.250115 -0.00164773 -0.197032 0.00133516 0.000190738 0.392729 -0.249621 0.000448977 
23 -0.00782013 0.00972748 0.221065 -1.40004 0.000572213 -0.495346 0.15507 -0.038124 -1.58026 1.76413 -0.00629435 -0.19894 -0.00324254 0.000572213 0.39044 -0.250115 -0.00164773 -0.197032 0.00133516 0.000190738 0.392729 -0.249621 0.000448977 
23 -0.00782013 0.00972748 0.221065 -1.40004 0.000572213 -0.495346 0.15507 -0.038124 -1.58026 1.76413 -0.00629435 -0.19894 -0.00324254 0.000572213 0.39044 -0.250115 -0.00164773 -0.197032 0.00133516 0.000190738 0.392729 -0.249621 0.000448977 
23 -0.00782013 0.00972748 0.221065 -1.40004 0.000572213 -0.495346 0.15507 -0.038124 -1.58026 1.76413 -0.00629435 -0.19894 -0.00324254 0.000572213 0.39044 -0.250115 -0.00164773 -0.197032 0.00133516 0.000190738 0.392729 -0.249621 0.000448977 
23 -0.00782013 0.00972748 0.221065 -1.40004 0.000572213 -0.495346 0.15507 -0.038124 -1.58026 1.76413 -0.00629435 -0.19894 -0.00324254 0.000572213 0.39044 -0.250115 -0.00164773 -0.197032 0.00133516 0.000190738 0.392729 -0.249621 0.000448977 
23 -0.00782013 0.00972748 0.221065 -1.40004 0.000572213 -0.495346 0.15507 -0.038124 -1.58026 1.76413 -0.00629435 -0.19894 -0.00324254 0.000572213 0.39044 -0.250115 -0.00164773 -0.197032 0.00133516 0.000190738 0.392729 -0.249621 0.000448977 
23 -0.00782013 0.00972748 0.221065 -1.40004 0.000572213 -0.495346 0.15507 -0.038124 -1.58026 1.76413 -0.00629435 -0.19894 -0.00324254 0.000572213 0.39044 -0.250115 -0.00164773 -0.197032 0.00133516 0.000190738 0.392729 -0.249621 0.000448977 
23 -0.00743866 0.00972748 0.221065 -1.40004 0.000572213 -0.495346 0.15507 -0.038124 -1.58026 1.76413 -0.00629435 -0.19894 -0.00324254 0.000572213 0.39044 -0.250115 -0.00164773 -0.197032 0.00133516 0.000190738 0.392729 -0.249621 0.000448977 
23 -0.00782013 0.00972748 0.221065 -1.40004 0.000572213 -0.495346 0.15507 -0.038124 -1.58026 1.76413 -0.00629435 -0.19894 -0.00324254 0.000572213 0.39044 -0.250115 -0.00164773 -0.197032 0.00133516 0.000190738 0.392729 -0.249621 0.000448977 
23 -0.00782013 0.00972748 0.221065 -1.40004 0.000572213 -0.495346 0.15507 -0.038124 -1.58026 1.76413 -0.00591287 -0.19894 -0.00324254 0.000572213 0.39044 -0.250115 -0.00164773 -0.197032 0.00133516 0.000190738 0.392729 -0.249621 0.000448977 
23 -0.00782013 0.00972748 0.221065 -1.40004 0.000572213 -0.495346 0.15507 -0.038124 -1.58026 1.76413 -0.00591287 -0.19894 -0.00324254 0.000572213 0.39044 -0.250115 -0.00164773 -0.197032 0.00133516 0.000190738 0.392729 -0.249621 0.000448977 
23 -0.00782013 0.00972748 0.221065 -1.40004 0.000572213 -0.495346 0.15507 -0.038124 -1.58026 1.76413 -0.00591287 -0.19894 -0.00324254 0.000572213 0.39044 -0.250115 -0.00164773 -0.197032 0.00133516 0.000190738 0.392729 -0.249621 0.000448977 
23 -0.00782013 0.00972748 0.221065 -1.40004 0.000572213 -0.495346 0.15507 -0.038124 -1.58026 1.76413 -0.00591287 -0.19894 -0.00324254 0.000572213 0.39044 -0.250115 -0.00164773 -0.197032 0.00133516 0.000190738 0.392729 -0.249621 0.000448977 
23 -0.00782013 0.00972748 0.221065 -1.40004 0.000572213 -0.495346 0.15507 -0.038124 -1.58026 1.76413 -0.00591287 -0.19894 -0.00324254 0.000572213 0.39044 -0.250115 -0.00164773 -0.197032 0.00133516 0.000190738 0.392729 -0.249621 0.000448977 
23 -0.00782013 0.00972748 0.221065 -1.40004 0.000572213 -0.495346 0.15507 -0.038124 -1.58026 1.76413 -0.00591287 -0.19894 -0.00324254 0.000572213 0.39044 -0.250115 -0.00164773 -0.197032 0.00133516 0.000190738 0.392729 -0.249621 0.000448977 
23 -0.00782013 0.00972748 0.221065 -1.40004 0.000572213 -0.495346 0.15507 -0.038124 -1.58026 1.76413 -0.00591287 -0.19894 -0.00324254 0.000572213 0.39044 -0.250115 -0.00164773 -0.197032 0.00133516 0.000190738 0.392729 -0.249621 0.000448977 
23 -0.00782013 0.00972748 0.221065 -1.40004 0.000572213 -0.495346 0.15507 -0.038124 -1.57988 1.76413 -0.00591287 -0.19894 -0.00324254 0.000572213 0.39044 -0.250115 -0.00164773 -0.197032 0.00133516 0.000190738 0.392729 -0.249621 0.000448977 
23 -0.00782013 0.00972748 0.221065 -1.40004 0.000572213 -0.495346 0.15507 -0.038124 -1.57988 1.76413 -0.00591287 -0.19894 -0.00324254 0.000572213 0.39044 -0.250115 -0.00164773 -0.197032 0.00133516 0.000190738 0.392729 -0.249621 0.000448977 
23 -0.00782013 0.00972748 0.221065 -1.40004 0.000572213 -0.495346 0.15507 -0.038124 -1.57988 1.76413 -0.00591287 -0.19894 -0.00324254 0.000572213 0.39044 -0.250115 -0.00164773 -0.197032 0.00133516 0.000190738 0.392729 -0.249621 0.000448977 
23 -0.00782013 0.00972748 0.221065 -1.40004 0.000572213 -0.495346 0.15507 -0.038124 -1.57988 1.76413 -0.00591287 -0.19894 -0.00324254 0.000572213 0.39044 -0.250115 -0.00164773 -0.197032 0.00133516 0.000190738 0.392729 -0.249621 0.000448977 
23 -0.00782013 0.0101089 0.221065 -1.40004 0.000572213 -0.495346 0.15507 -0.038124 -1.57988 1.76413 -0.00591287 -0.19894 -0.00324254 0.000572213 0.39044 -0.250115 -0.00164773 -0.197032 0.00133516 0.000190738 0.392729 -0.249621 0.000448977 
23 -0.00782013 0.00972748 0.221065 -1.40004 0.000572213 -0.495346 0.15507 -0.038124 -1.57988 1.76413 -0.00591287 -0.19894 -0.00324254 0.000572213 0.39044 -0.250115 -0.00164773 -0.197032 0.00133516 0.000190738 0.392729 -0.249621 0.000448977 
23 -0.00782013 0.00972748 0.221065 -1.40004 0.000572213 -0.495346 0.15507 -0.038124 -1.57988 1.76413 -0.00591287 -0.19894 -0.00324254 0.000572213 0.39044 -0.250115 -0.00164773 -0.197032 0.00133516 0.000190738 0.392729 -0.249621 0.000448977 
23 -0.00782013 0.00972748 0.221065 -1.40004 0.000572213 -0.495346 0.155451 -0.038124 -1.57988 1.76413 -0.00591287 -0.19894 -0.00324254 0.000572213 0.39044 -0.250115 -0.00164773 -0.197032 0.00133516 0.000190738 0.392729 -0.249621 0.000448977 
23 -0.00782013 0.00972748 0.221065 -1.40004 0.000572213 -0.495346 0.155451 -0.038124 -1.5795 1.76413 -0.00591287 -0.19894 -0.00324254 0.000572213 0.39044 -0.250115 -0.00164773 -0.197032 0.00133516 0.000190738 0.392729 -0.249621 0.000448977 
23 -0.00782013 0.00972748 0.221065 -1.40004 0.000572213 -0.495346 0.155451 -0.038124 -1.5795 1.76413 -0.00591287 -0.19894 -0.00324254 0.000572213 0.39044 -0.250115 -0.00164773 -0.197032 0.00133516 0.000190738 0.392729 -0.249621 0.000448977 
23 -0.00782013 0.00972748 0.221065 -1.40004 0.000572213 -0.495346 0.155451 -0.038124 -1.5795 1.76413 -0.00591287 -0.19894 -0.00324254 0.000572213 0.39044 -0.250115 -0.00164773 -0.197032 0.00133516 0.000190738 0.392729 -0.249621 0.000448977 
23 -0.00782013 0.00972748 0.221065 -1.40004 0.000572213 -0.495346 0.155451 -0.038124 -1.5795 1.76413 -0.00591287 -0.19894 -0.00324254 0.000572213 0.39044 -0.250115 -0.00164773 -0.197032 0.00133516 0.000190738 0.392729 -0.249621 0.000448977 
23 -0.00782013 0.00972748 0.221065 -1.40004 0.000572213 -0.495346 0.155451 -0.038124 -1.57912 1.76413 -0.00591287 -0.19894 -0.00324254 0.000572213 0.39044 -0.250115 -0.00164773 -0.197032 0.00133516 0.000190738 0.392729 -0.249621 0.000448977 
23 -0.00782013 0.00972748 0.221065 -1.40004 0.000572213 -0.495346 0.155451 -0.038124 -1.57912 1.76413 -0.00591287 -0.19894 -0.00324254 0.000572213 0.39044 -0.250115 -0.00164773 -0.197032 0.00133516 0.000190738 0.392729 -0.249621 0.000448977 
23 -0.00782013 0.00972748 0.221065 -1.40004 0.000572213 -0.495346 0.155451 -0.038124 -1.57912 1.76413 -0.00591287 -0.19894 -0.00324254 0.000572213 0.39044 -0.250115 -0.00164773 -0.197032 0.00133516 0.000190738 0.392729 -0.249621 0.000448977 
23 -0.00782013 0.00972748 0.221065 -1.40004 0.000572213 -0.495346 0.155451 -0.038124 -1.57874 1.76413 -0.00591287 -0.19894 -0.00324254 0.000572213 0.39044 -0.250115 -0.00164773 -0.197032 0.00133516 0.000190738 0.392729 -0.249621 0.000448977 
