23 -0.0082016 0.0173569 0.242046 -1.39661 0.000953689 -0.494202 0.243954 1.39394 0.00133516 0.499161 0.00514992 -0.200847 -0.00934615 0.00133516 0.389677 -0.249381 -0.00169797 -0.197414 0.00820172 -0.000190738 0.391585 -0.251971 -0.0030118 
23 -0.0082016 0.0173569 0.242046 -1.39661 0.000953689 -0.494202 0.243954 1.39394 0.00133516 0.499161 0.00514992 -0.200847 -0.00934615 0.00133516 0.389677 -0.249381 -0.00169797 -0.197414 0.00820172 0.000190738 0.391585 -0.251971 -0.0030118 
23 -0.0082016 0.0173569 0.242046 -1.39661 0.000953689 -0.49382 0.243954 1.39394 0.00133516 0.499161 0.00514992 -0.200847 -0.00934615 0.00133516 0.389677 -0.249381 -0.00169797 -0.197414 0.00820172 -0.000190738 0.391585 -0.251971 -0.0030118 
23 -0.0082016 0.0173569 0.242046 -1.39661 0.000953689 -0.49382 0.243954 1.39394 0.00133516 0.499161 0.00514992 -0.200847 -0.00934615 0.00133516 0.389677 -0.249381 -0.00169797 -0.197414 0.00820172 -0.000190738 0.391585 -0.251971 -0.0030118 
23 -0.0082016 0.0173569 0.242046 -1.39661 0.000953689 -0.49382 0.243954 1.39394 0.00133516 0.499161 0.00514992 -0.200847 -0.00934615 0.00133516 0.389677 -0.249381 -0.00169797 -0.197414 0.00820172 -0.000190738 0.391585 -0.251971 -0.0030118 
23 -0.00782013 0.0173569 0.242046 -1.39661 0.000953689 -0.49382 0.243954 1.39394 0.00133516 0.499161 0.00514992 -0.200847 -0.00934615 0.00133516 0.389677 -0.249381 -0.00169797 -0.197414 0.00820172 0.000190738 0.391585 -0.251971 -0.0030118 
23 -0.0082016 0.0173569 0.242046 -1.39661 0.000953689 -0.49382 0.243954 1.39394 0.00133516 0.499161 0.00514992 -0.200847 -0.00934615 0.00133516 0.389677 -0.249381 -0.00169797 -0.197414 0.00820172 -0.000190738 0.391585 -0.251971 -0.0030118 
23 -0.0082016 0.0173569 0.242046 -1.39661 0.000953689 -0.49382 0.243954 1.39394 0.00133516 0.499161 0.00514992 -0.200847 -0.00934615 0.00133516 0.389677 -0.249381 -0.00169797 -0.197414 0.00820172 -0.000190738 0.391585 -0.251971 -0.0030118 
23 -0.0082016 0.0173569 0.242046 -1.39661 0.000953689 -0.494202 0.243954 1.39394 0.00133516 0.499161 0.00514992 -0.200847 -0.00934615 0.00133516 0.389677 -0.249381 -0.00169797 -0.197414 0.00820172 -0.000190738 0.391585 -0.251971 -0.0030118 
23 -0.0082016 0.0173569 0.242046 -1.39661 0.000953689 -0.49382 0.243954 1.39394 0.00133516 0.499161 0.00514992 -0.200847 -0.00934615 0.00133516 0.389677 -0.249381 -0.00169797 -0.197414 0.00820172 -0.000190738 0.391585 -0.251971 -0.0030118 
23 -0.0082016 0.0173569 0.242046 -1.39661 0.000953689 -0.494202 0.243954 1.39394 0.00133516 0.499161 0.00514992 -0.200847 -0.00934615 0.00133516 0.389677 -0.249381 -0.00169797 -0.197414 0.00820172 -0.000190738 0.391585 -0.251971 -0.0030118 
23 -0.0082016 0.0173569 0.242046 -1.39661 0.000953689 -0.49382 0.243954 1.39394 0.00133516 0.499161 0.00514992 -0.200847 -0.00934615 0.00133516 0.389677 -0.249381 -0.00169797 -0.197414 0.00820172 -0.000190738 0.391585 -0.251971 -0.0030118 
23 -0.0082016 0.0173569 0.242046 -1.39661 0.000953689 -0.49382 0.243954 1.39394 0.00133516 0.499161 0.00514992 -0.200847 -0.00934615 0.00133516 0.389677 -0.249381 -0.00169797 -0.197414 0.00820172 -0.000190738 0.391585 -0.251971 -0.0030118 
23 -0.0082016 0.0173569 0.242046 -1.39661 0.000953689 -0.49382 0.243954 1.39394 0.00133516 0.499161 0.00514992 -0.200847 -0.00934615 0.00133516 0.389677 -0.249381 -0.00169797 -0.197414 0.00820172 -0.000190738 0.391585 -0.251971 -0.0030118 
23 -0.0082016 0.0173569 0.242046 -1.39661 0.000953689 -0.49382 0.243954 1.39394 0.00133516 0.499161 0.00514992 -0.200847 -0.00934615 0.00133516 0.389677 -0.249381 -0.00169797 -0.197414 0.00820172 -0.000190738 0.391585 -0.251971 -0.0030118 
23 -0.0082016 0.0173569 0.242046 -1.39661 0.000953689 -0.49382 0.243954 1.39394 0.00133516 0.499161 0.00514992 -0.200847 -0.00934615 0.00133516 0.389677 -0.249381 -0.00169797 -0.197414 0.00820172 -0.000190738 0.391585 -0.251971 -0.0030118 
23 -0.0082016 0.0173569 0.242046 -1.39661 0.000953689 -0.49382 0.243954 1.39394 0.00133516 0.499161 0.00514992 -0.200847 -0.00934615 0.00133516 0.389677 -0.249381 -0.00169797 -0.197414 0.00820172 -0.000190738 0.391585 -0.251971 -0.0030118 
23 -0.00782013 0.0173569 0.242046 -1.39661 0.000953689 -0.49382 0.243954 1.39394 0.00133516 0.499161 0.00514992 -0.200847 -0.00934615 0.00133516 0.389677 -0.249381 -0.00169797 -0.197414 0.00820172 -0.000190738 0.391585 -0.251971 -0.0030118 
23 -0.0082016 0.0173569 0.242046 -1.39661 0.000953689 -0.49382 0.243954 1.39394 0.00133516 0.499161 0.00514992 -0.200847 -0.00934615 0.00133516 0.389677 -0.249381 -0.00169797 -0.197414 0.00820172 -0.000190738 0.391585 -0.251971 -0.0030118 
23 -0.0082016 0.0173569 0.242046 -1.39661 0.000953689 -0.49382 0.243954 1.39394 0.00133516 0.499161 0.00514992 -0.200847 -0.00934615 0.00133516 0.389677 -0.249381 -0.00169797 -0.197414 0.00820172 -0.000190738 0.391585 -0.251971 -0.0030118 
23 -0.0082016 0.0173569 0.242046 -1.39661 0.000953689 -0.49382 0.243954 1.39394 0.00133516 0.499161 0.00514992 -0.200847 -0.00934615 0.00133516 0.389677 -0.249381 -0.00169797 -0.197414 0.00820172 -0.000190738 0.391585 -0.251971 -0.0030118 
23 -0.0082016 0.0173569 0.242046 -1.39661 0.000953689 -0.49382 0.243954 1.39394 0.00133516 0.499161 0.00514992 -0.200847 -0.00934615 0.00133516 0.389677 -0.249381 -0.00169797 -0.197414 0.00820172 -0.000190738 0.391585 -0.251971 -0.0030118 
23 -0.0082016 0.0173569 0.242046 -1.39661 0.000953689 -0.49382 0.243954 1.39394 0.00133516 0.499161 0.00514992 -0.200847 -0.00934615 0.00133516 0.389677 -0.249381 -0.00169797 -0.197414 0.00820172 -0.000190738 0.391585 -0.251971 -0.0030118 
23 -0.0082016 0.0173569 0.242046 -1.39661 0.000953689 -0.49382 0.243954 1.39394 0.00133516 0.499161 0.00514992 -0.200847 -0.00934615 0.00133516 0.389677 -0.249381 -0.00169797 -0.197414 0.00820172 -0.000190738 0.391585 -0.251971 -0.0030118 
23 -0.0082016 0.0173569 0.242046 -1.39661 0.000953689 -0.49382 0.243954 1.39394 0.00133516 0.499161 0.00514992 -0.200847 -0.00934615 0.00133516 0.389677 -0.249381 -0.00169797 -0.197414 0.00820172 -0.000190738 0.391585 -0.251971 -0.0030118 
23 -0.0082016 0.0173569 0.242046 -1.39661 0.000953689 -0.49382 0.243954 1.39394 0.00133516 0.499161 0.00514992 -0.200847 -0.00934615 0.00133516 0.389677 -0.249381 -0.00169797 -0.197414 0.00820172 -0.000190738 0.391585 -0.251971 -0.0030118 
23 -0.0082016 0.0173569 0.242046 -1.39661 0.000953689 -0.49382 0.243954 1.39394 0.00133516 0.499161 0.00514992 -0.200847 -0.00934615 0.00133516 0.389677 -0.249381 -0.00169797 -0.197414 0.00820172 -0.000190738 0.391585 -0.251971 -0.0030118 
23 -0.0082016 0.0173569 0.242046 -1.39661 0.000953689 -0.49382 0.243954 1.39394 0.00133516 0.499161 0.00514992 -0.200847 -0.00934615 0.00133516 0.389677 -0.249381 -0.00169797 -0.197414 0.00820172 0.000190738 0.391585 -0.251971 -0.0030118 
23 -0.00782013 0.0173569 0.242046 -1.39661 0.000953689 -0.49382 0.243954 1.39394 0.00133516 0.499161 0.00514992 -0.200847 -0.00934615 0.00133516 0.389677 -0.249381 -0.00169797 -0.197414 0.00820172 -0.000190738 0.391585 -0.251971 -0.0030118 
23 -0.0082016 0.0173569 0.242046 -1.39661 0.000953689 -0.49382 0.243954 1.39394 0.00133516 0.499161 0.00514992 -0.200847 -0.00934615 0.00133516 0.389677 -0.249381 -0.00169797 -0.197414 0.00820172 -0.000190738 0.391585 -0.251971 -0.0030118 
23 -0.0082016 0.0169754 0.242046 -1.39661 0.000953689 -0.49382 0.243954 1.39394 0.00133516 0.499161 0.00514992 -0.200847 -0.00934615 0.00133516 0.389677 -0.249381 -0.00169797 -0.197414 0.00820172 -0.000190738 0.391585 -0.251971 -0.0030118 
23 -0.0082016 0.0173569 0.242046 -1.39661 0.000953689 -0.49382 0.243954 1.39394 0.00133516 0.499161 0.00514992 -0.200847 -0.00934615 0.00133516 0.389677 -0.249381 -0.00169797 -0.197414 0.00820172 -0.000190738 0.391585 -0.251971 -0.0030118 
23 -0.0082016 0.0173569 0.242046 -1.39661 0.000953689 -0.49382 0.243954 1.39394 0.00133516 0.499161 0.00476844 -0.200847 -0.00934615 0.00133516 0.389677 -0.249381 -0.00169797 -0.197414 0.00820172 -0.000190738 0.391585 -0.251971 -0.0030118 
23 -0.0082016 0.0173569 0.242046 -1.39661 0.000953689 -0.49382 0.243954 1.39394 0.00133516 0.499161 0.00514992 -0.200847 -0.00934615 0.00133516 0.389677 -0.249381 -0.00169797 -0.197414 0.00820172 0.000190738 0.391585 -0.251971 -0.0030118 
23 -0.0082016 0.0173569 0.242046 -1.39661 0.000953689 -0.49382 0.243954 1.39394 0.00133516 0.499161 0.00514992 -0.200847 -0.00934615 0.00133516 0.389677 -0.249381 -0.00169797 -0.197414 0.00820172 -0.000190738 0.391585 -0.251971 -0.0030118 
23 -0.0082016 0.0173569 0.242046 -1.39661 0.000953689 -0.49382 0.243954 1.39394 0.00133516 0.499161 0.00514992 -0.200847 -0.00934615 0.00133516 0.389677 -0.249381 -0.00169797 -0.197414 0.00820172 -0.000190738 0.391585 -0.251971 -0.0030118 
23 -0.0082016 0.0173569 0.242046 -1.39661 0.000953689 -0.49382 0.243954 1.39394 0.00133516 0.499161 0.00514992 -0.200847 -0.00934615 0.00133516 0.389677 -0.249381 -0.00169797 -0.197414 0.00820172 -0.000190738 0.391585 -0.251971 -0.0030118 
23 -0.0082016 0.0173569 0.242046 -1.39661 0.000953689 -0.49382 0.243954 1.39394 0.00133516 0.499161 0.00514992 -0.200847 -0.00934615 0.00133516 0.389677 -0.249381 -0.00169797 -0.197414 0.00820172 -0.000190738 0.391585 -0.251971 -0.0030118 
23 -0.0082016 0.0173569 0.242046 -1.39661 0.000953689 -0.49382 0.243954 1.39394 0.00133516 0.499161 0.00514992 -0.200847 -0.00934615 0.00133516 0.389677 -0.249381 -0.00169797 -0.197414 0.00820172 -0.000190738 0.391585 -0.251971 -0.0030118 
23 -0.0082016 0.0173569 0.242046 -1.39661 0.000953689 -0.49382 0.243954 1.39394 0.00133516 0.499161 0.00514992 -0.200847 -0.00934615 0.00133516 0.389677 -0.249381 -0.00169797 -0.197414 0.00820172 -0.000190738 0.391585 -0.251971 -0.0030118 
23 -0.0082016 0.0173569 0.242046 -1.39661 0.000953689 -0.49382 0.243954 1.39394 0.00133516 0.499161 0.00514992 -0.200847 -0.00934615 0.00133516 0.389677 -0.249381 -0.00169797 -0.197414 0.00820172 -0.000190738 0.391585 -0.251971 -0.0030118 
23 -0.0082016 0.0173569 0.242046 -1.39661 0.000953689 -0.49382 0.243954 1.39394 0.00133516 0.499161 0.00514992 -0.200847 -0.00934615 0.00133516 0.389677 -0.249381 -0.00169797 -0.197414 0.00820172 -0.000190738 0.391585 -0.251971 -0.0030118 
23 -0.0082016 0.0173569 0.242046 -1.39661 0.000953689 -0.49382 0.243954 1.39394 0.00133516 0.499161 0.00514992 -0.200847 -0.00934615 0.00133516 0.389677 -0.249381 -0.00169797 -0.197414 0.00820172 -0.000190738 0.391585 -0.251971 -0.0030118 
23 -0.0082016 0.0173569 0.242046 -1.39661 0.000953689 -0.49382 0.243954 1.39394 0.00133516 0.499161 0.00514992 -0.200847 -0.00934615 0.00133516 0.389677 -0.249381 -0.00169797 -0.197414 0.00820172 -0.000190738 0.391585 -0.251971 -0.0030118 
23 -0.0082016 0.0173569 0.242046 -1.39661 0.000953689 -0.49382 0.243954 1.39394 0.00133516 0.499161 0.00514992 -0.200847 -0.00934615 0.00133516 0.389677 -0.249381 -0.00169797 -0.197414 0.00820172 -0.000190738 0.391585 -0.251971 -0.0030118 
23 -0.0082016 0.0173569 0.242046 -1.39661 0.000953689 -0.49382 0.243954 1.39394 0.00133516 0.499161 0.00514992 -0.200847 -0.00934615 0.00133516 0.389677 -0.249381 -0.00169797 -0.197414 0.00820172 -0.000190738 0.391585 -0.251971 -0.0030118 
23 -0.0082016 0.0173569 0.242046 -1.39661 0.000953689 -0.49382 0.243954 1.39394 0.00133516 0.499161 0.00514992 -0.200847 -0.00934615 0.00133516 0.389677 -0.249381 -0.00169797 -0.197414 0.00820172 -0.000190738 0.391585 -0.251971 -0.0030118 
23 -0.0082016 0.0173569 0.242046 -1.39661 0.000953689 -0.49382 0.243954 1.39394 0.00133516 0.499161 0.00514992 -0.200847 -0.00934615 0.00133516 0.389677 -0.249381 -0.00169797 -0.197414 0.00820172 -0.000190738 0.391585 -0.251971 -0.0030118 
23 -0.0082016 0.0173569 0.242046 -1.39661 0.000953689 -0.49382 0.243954 1.39394 0.00133516 0.499161 0.00514992 -0.200847 -0.00934615 0.00133516 0.389677 -0.249381 -0.00169797 -0.197414 0.00820172 -0.000190738 0.391585 -0.251971 -0.0030118 
23 -0.0082016 0.0173569 0.242046 -1.39661 0.000953689 -0.49382 0.243954 1.39394 0.00133516 0.499161 0.00514992 -0.200847 -0.00934615 0.00133516 0.389677 -0.249381 -0.00169797 -0.197414 0.00820172 -0.000190738 0.391585 -0.251971 -0.0030118 
23 -0.0082016 0.0173569 0.242046 -1.39661 0.000953689 -0.49382 0.243954 1.39394 0.00133516 0.499161 0.00514992 -0.200847 -0.00934615 0.00133516 0.389677 -0.249381 -0.00169797 -0.197414 0.00820172 -0.000190738 0.391585 -0.251971 -0.0030118 
23 -0.0082016 0.0173569 0.242046 -1.39661 0.000953689 -0.49382 0.243954 1.39394 0.00133516 0.499161 0.00514992 -0.200847 -0.00934615 0.00133516 0.389677 -0.249381 -0.00169797 -0.197414 0.00820172 -0.000190738 0.391585 -0.251971 -0.0030118 
23 -0.0082016 0.0173569 0.242046 -1.39661 0.000953689 -0.49382 0.243954 1.39394 0.00133516 0.499161 0.00514992 -0.200847 -0.00934615 0.00133516 0.389677 -0.249381 -0.00169797 -0.197414 0.00820172 -0.000190738 0.391585 -0.251971 -0.0030118 
23 -0.0082016 0.0173569 0.242046 -1.39661 0.000953689 -0.49382 0.243954 1.39394 0.00133516 0.499161 0.00514992 -0.200847 -0.00934615 0.00133516 0.389677 -0.249381 -0.00169797 -0.197414 0.00820172 -0.000190738 0.391585 -0.251971 -0.0030118 
23 -0.0082016 0.0173569 0.242046 -1.39661 0.000953689 -0.49382 0.243954 1.39394 0.00133516 0.499161 0.00514992 -0.200847 -0.00934615 0.00133516 0.389677 -0.249381 -0.00169797 -0.197414 0.00820172 0.000190738 0.391585 -0.251971 -0.0030118 
23 -0.0082016 0.0173569 0.242046 -1.39661 0.000953689 -0.49382 0.243954 1.39394 0.00133516 0.499161 0.00514992 -0.200847 -0.00934615 0.00133516 0.389677 -0.249381 -0.00169797 -0.197414 0.00820172 -0.000190738 0.391585 -0.251971 -0.0030118 
23 -0.0082016 0.0173569 0.242046 -1.39661 0.000953689 -0.49382 0.243954 1.39394 0.00133516 0.499161 0.00514992 -0.200847 -0.00934615 0.00133516 0.389677 -0.249381 -0.00169797 -0.197414 0.00820172 -0.000190738 0.391585 -0.251971 -0.0030118 
23 -0.0082016 0.0173569 0.242046 -1.39661 0.000953689 -0.49382 0.243954 1.39394 0.00133516 0.499161 0.00514992 -0.200847 -0.00934615 0.00133516 0.389677 -0.249381 -0.00169797 -0.197414 0.00820172 0.000190738 0.391585 -0.251971 -0.0030118 
23 -0.0082016 0.0173569 0.242046 -1.39661 0.000953689 -0.49382 0.243954 1.39394 0.00133516 0.499161 0.00514992 -0.200847 -0.00934615 0.00133516 0.389677 -0.249381 -0.00169797 -0.197414 0.00820172 -0.000190738 0.391585 -0.251971 -0.0030118 
23 -0.0082016 0.0173569 0.242046 -1.39661 0.000953689 -0.49382 0.243954 1.39394 0.00133516 0.499161 0.00514992 -0.200847 -0.00934615 0.00133516 0.389677 -0.249381 -0.00169797 -0.197414 0.00820172 -0.000190738 0.391585 -0.251971 -0.0030118 
23 -0.0082016 0.0173569 0.242046 -1.39661 0.000953689 -0.49382 0.243954 1.39394 0.00133516 0.499161 0.00514992 -0.200847 -0.00934615 0.00133516 0.389677 -0.249381 -0.00169797 -0.197414 0.00820172 -0.000190738 0.391585 -0.251971 -0.0030118 
23 -0.0082016 0.0173569 0.242046 -1.39661 0.000953689 -0.49382 0.243954 1.39394 0.00133516 0.499161 0.00514992 -0.200847 -0.00934615 0.00133516 0.389677 -0.249381 -0.00169797 -0.197414 0.00820172 -0.000190738 0.391585 -0.251971 -0.0030118 
23 -0.0082016 0.0173569 0.242046 -1.39661 0.000953689 -0.49382 0.243954 1.39394 0.00133516 0.499161 0.00514992 -0.200847 -0.00934615 0.00133516 0.389677 -0.249381 -0.00169797 -0.197414 0.00820172 -0.000190738 0.391585 -0.251971 -0.0030118 
23 -0.0082016 0.0173569 0.242046 -1.39661 0.000953689 -0.49382 0.243954 1.39394 0.00133516 0.499161 0.00514992 -0.200847 -0.00934615 0.00133516 0.389677 -0.249381 -0.00169797 -0.197414 0.00820172 -0.000190738 0.391585 -0.251971 -0.0030118 
23 -0.0082016 0.0173569 0.242046 -1.39661 0.000953689 -0.49382 0.243954 1.39394 0.00133516 0.499161 0.00514992 -0.200847 -0.00934615 0.00133516 0.389677 -0.249381 -0.00169797 -0.197414 0.00820172 -0.000190738 0.391585 -0.251971 -0.0030118 
23 -0.0082016 0.0173569 0.242046 -1.39661 0.000953689 -0.49382 0.243954 1.39394 0.00133516 0.499161 0.00514992 -0.200847 -0.00934615 0.00133516 0.389677 -0.249381 -0.00169797 -0.197414 0.00820172 -0.000190738 0.391585 -0.251971 -0.0030118 
23 -0.0082016 0.0173569 0.242046 -1.39661 0.000953689 -0.49382 0.243954 1.39394 0.00133516 0.499161 0.00514992 -0.200847 -0.00934615 0.00133516 0.389677 -0.249381 -0.00169797 -0.197414 0.00820172 -0.000190738 0.391585 -0.251971 -0.0030118 
23 -0.0082016 0.0173569 0.242046 -1.39661 0.000953689 -0.49382 0.243954 1.39394 0.00133516 0.499161 0.00514992 -0.200847 -0.00934615 0.00133516 0.389677 -0.249381 -0.00169797 -0.197414 0.00820172 -0.000190738 0.391585 -0.251971 -0.0030118 
23 -0.0082016 0.0173569 0.242046 -1.39661 0.000953689 -0.49382 0.243954 1.39394 0.00133516 0.499161 0.00514992 -0.200847 -0.00934615 0.00133516 0.389677 -0.249381 -0.00169797 -0.197414 0.00820172 -0.000190738 0.391585 -0.251971 -0.0030118 
23 -0.0082016 0.0173569 0.242046 -1.39661 0.000953689 -0.49382 0.243954 1.39394 0.00133516 0.499161 0.00514992 -0.200847 -0.00934615 0.00133516 0.389677 -0.249381 -0.00169797 -0.197414 0.00820172 -0.000190738 0.391585 -0.251971 -0.0030118 
23 -0.0082016 0.0173569 0.242046 -1.39661 0.000953689 -0.49382 0.243954 1.39394 0.00133516 0.499161 0.00514992 -0.200847 -0.00934615 0.00133516 0.389677 -0.249381 -0.00169797 -0.197414 0.00820172 -0.000190738 0.391585 -0.251971 -0.0030118 
23 -0.0082016 0.0173569 0.242046 -1.39661 0.000953689 -0.49382 0.243954 1.39394 0.00133516 0.499161 0.00514992 -0.200847 -0.00934615 0.00133516 0.389677 -0.249381 -0.00169797 -0.197414 0.00820172 -0.000190738 0.391585 -0.251971 -0.0030118 
23 -0.0082016 0.0173569 0.242046 -1.39661 0.000953689 -0.49382 0.243954 1.39394 0.00133516 0.499161 0.00514992 -0.200847 -0.00934615 0.00133516 0.389677 -0.249381 -0.00169797 -0.197414 0.00820172 -0.000190738 0.391585 -0.251971 -0.0030118 
23 -0.0082016 0.0173569 0.242046 -1.39661 0.000953689 -0.49382 0.243954 1.39394 0.00133516 0.499161 0.00514992 -0.200847 -0.00934615 0.00133516 0.389677 -0.249381 -0.00169797 -0.197414 0.00820172 -0.000190738 0.391585 -0.251971 -0.0030118 
23 -0.0082016 0.0173569 0.242046 -1.39661 0.000953689 -0.49382 0.243954 1.39394 0.00133516 0.499161 0.00514992 -0.200847 -0.00934615 0.00133516 0.389677 -0.249381 -0.00169797 -0.197414 0.00820172 -0.000190738 0.391585 -0.251971 -0.0030118 
23 -0.0082016 0.0173569 0.242046 -1.39661 0.000953689 -0.49382 0.243954 1.39394 0.00133516 0.499161 0.00514992 -0.200847 -0.00934615 0.00133516 0.389677 -0.249381 -0.00169797 -0.197414 0.00820172 -0.000190738 0.391585 -0.251971 -0.0030118 
23 -0.0082016 0.0173569 0.242046 -1.39661 0.000953689 -0.49382 0.243954 1.39394 0.00133516 0.499161 0.00514992 -0.200847 -0.00934615 0.00133516 0.389677 -0.249381 -0.00169797 -0.197414 0.00820172 -0.000190738 0.391585 -0.251971 -0.0030118 
23 -0.0082016 0.0173569 0.242046 -1.39661 0.000953689 -0.49382 0.243954 1.39394 0.00133516 0.499161 0.00514992 -0.200847 -0.00934615 0.00133516 0.389677 -0.249381 -0.00169797 -0.197414 0.00820172 -0.000190738 0.391585 -0.251971 -0.0030118 
23 -0.0082016 0.0173569 0.242046 -1.39661 0.000953689 -0.49382 0.243954 1.39394 0.00133516 0.499161 0.00514992 -0.200847 -0.00934615 0.00133516 0.389677 -0.249381 -0.00169797 -0.197414 0.00820172 -0.000190738 0.391585 -0.251971 -0.0030118 
23 -0.0082016 0.0173569 0.242046 -1.39661 0.000953689 -0.49382 0.243954 1.39394 0.00133516 0.499161 0.00514992 -0.200847 -0.00934615 0.00133516 0.389677 -0.249381 -0.00169797 -0.197414 0.00820172 -0.000190738 0.391585 -0.251971 -0.0030118 
23 -0.0082016 0.0173569 0.242046 -1.39661 0.000953689 -0.49382 0.243954 1.39394 0.00133516 0.499161 0.00476844 -0.200847 -0.00934615 0.00133516 0.389677 -0.249381 -0.00169797 -0.197414 0.00820172 -0.000190738 0.391585 -0.251971 -0.0030118 
23 -0.0082016 0.0173569 0.242046 -1.39661 0.000953689 -0.49382 0.243954 1.39394 0.00133516 0.499161 0.00514992 -0.200847 -0.00934615 0.00133516 0.389677 -0.249381 -0.00169797 -0.197414 0.00820172 -0.000190738 0.391585 -0.251971 -0.0030118 
23 -0.0082016 0.0173569 0.242046 -1.39661 0.000953689 -0.49382 0.243954 1.39394 0.00133516 0.499161 0.00514992 -0.200847 -0.00934615 0.00133516 0.389677 -0.249381 -0.00169797 -0.197414 0.00820172 -0.000190738 0.391585 -0.251971 -0.0030118 
23 -0.0082016 0.0173569 0.242046 -1.39661 0.000953689 -0.49382 0.243954 1.39394 0.00133516 0.499161 0.00514992 -0.200847 -0.00934615 0.00133516 0.389677 -0.249381 -0.00169797 -0.197414 0.00820172 -0.000190738 0.391585 -0.251971 -0.0030118 
23 -0.0082016 0.0173569 0.242046 -1.39661 0.000953689 -0.49382 0.243954 1.39394 0.00133516 0.499161 0.00514992 -0.200847 -0.00934615 0.00133516 0.389677 -0.249381 -0.00169797 -0.197414 0.00820172 0.000190738 0.391585 -0.251971 -0.0030118 
23 -0.0082016 0.0173569 0.242046 -1.39661 0.000953689 -0.49382 0.243572 1.39394 0.00133516 0.499161 0.00514992 -0.200847 -0.00934615 0.00133516 0.389677 -0.249381 -0.00169797 -0.197414 0.00820172 -0.000190738 0.391585 -0.251971 -0.0030118 
23 -0.0082016 0.0173569 0.242046 -1.39661 0.000953689 -0.49382 0.243572 1.39394 0.00133516 0.499161 0.00514992 -0.200847 -0.00934615 0.00133516 0.389677 -0.249381 -0.00169797 -0.197414 0.00820172 0.000190738 0.391585 -0.251971 -0.0030118 
23 -0.0082016 0.0173569 0.242046 -1.39661 0.000953689 -0.494202 0.243572 1.39394 0.00133516 0.499161 0.00476844 -0.200847 -0.00934615 0.00133516 0.389677 -0.249381 -0.00169797 -0.197414 0.00820172 0.000190738 0.391585 -0.251971 -0.0030118 
23 -0.0082016 0.0173569 0.242046 -1.39661 0.000953689 -0.494202 0.243572 1.39394 0.00133516 0.499161 0.00514992 -0.200847 -0.00934615 0.00133516 0.389677 -0.249381 -0.00169797 -0.197414 0.00820172 0.000190738 0.391585 -0.251971 -0.0030118 
23 -0.0082016 0.0173569 0.242046 -1.39661 0.000953689 -0.494202 0.243572 1.39394 0.00133516 0.499161 0.00514992 -0.200847 -0.00934615 0.00133516 0.389677 -0.249381 -0.00169797 -0.197414 0.00820172 0.000190738 0.391585 -0.251971 -0.0030118 
23 -0.0082016 0.0173569 0.242046 -1.39661 0.000953689 -0.494202 0.243572 1.39394 0.00133516 0.499161 0.00514992 -0.200847 -0.00934615 0.00133516 0.389677 -0.249381 -0.00169797 -0.197414 0.00820172 -0.000190738 0.391585 -0.251971 -0.0030118 
23 -0.0082016 0.0173569 0.242046 -1.39661 0.000953689 -0.494202 0.243191 1.39394 0.00133516 0.499161 0.00514992 -0.200847 -0.00934615 0.00133516 0.389677 -0.249381 -0.00169797 -0.197414 0.00820172 -0.000190738 0.391585 -0.251971 -0.0030118 
23 -0.0082016 0.0173569 0.242046 -1.39661 0.000953689 -0.494202 0.243191 1.39394 0.00133516 0.499542 0.00514992 -0.200847 -0.00934615 0.00133516 0.389677 -0.249381 -0.00169797 -0.197414 0.00820172 -0.000190738 0.391585 -0.251971 -0.0030118 
23 -0.0082016 0.0173569 0.242046 -1.39661 0.000953689 -0.494202 0.243191 1.39394 0.00133516 0.499542 0.00476844 -0.200847 -0.00934615 0.00133516 0.389677 -0.249381 -0.00169797 -0.197414 0.00820172 -0.000190738 0.391585 -0.251971 -0.0030118 
23 -0.0082016 0.0173569 0.242046 -1.39661 0.000953689 -0.494202 0.243191 1.39394 0.00133516 0.499542 0.00476844 -0.200847 -0.00934615 0.00133516 0.389677 -0.249381 -0.00169797 -0.197414 0.00820172 -0.000190738 0.391585 -0.251971 -0.0030118 
23 -0.0082016 0.0173569 0.242046 -1.39661 0.000953689 -0.494202 0.242809 1.39394 0.00133516 0.499542 0.00476844 -0.200847 -0.00934615 0.00133516 0.389677 -0.249381 -0.00169797 -0.197414 0.00820172 -0.000190738 0.391585 -0.251971 -0.0030118 
23 -0.0082016 0.0173569 0.242046 -1.39661 0.000953689 -0.494202 0.242809 1.39394 0.00133516 0.499542 0.00514992 -0.200847 -0.00934615 0.00133516 0.389677 -0.249381 -0.00169797 -0.197414 0.00820172 0.000190738 0.391585 -0.251971 -0.0030118 
23 -0.0082016 0.0173569 0.242046 -1.39661 0.000953689 -0.494202 0.242428 1.39394 0.00133516 0.499542 0.00514992 -0.200847 -0.00934615 0.00133516 0.389677 -0.249381 -0.00169797 -0.197414 0.00820172 -0.000190738 0.391585 -0.251971 -0.0030118 
23 -0.0082016 0.0173569 0.242046 -1.39661 0.000953689 -0.494202 0.242428 1.39394 0.00133516 0.499924 0.00514992 -0.200847 -0.00934615 0.00133516 0.389677 -0.249381 -0.00169797 -0.197414 0.00820172 -0.000190738 0.391585 -0.251971 -0.0030118 
23 -0.0082016 0.0173569 0.242046 -1.39661 0.000953689 -0.494202 0.242428 1.39394 0.00133516 0.499924 0.00476844 -0.200847 -0.00934615 0.00133516 0.389677 -0.249381 -0.00169797 -0.197414 0.00820172 -0.000190738 0.391585 -0.251971 -0.0030118 
23 -0.0082016 0.0173569 0.242046 -1.39661 0.000953689 -0.494202 0.242046 1.39394 0.00133516 0.499924 0.00476844 -0.200847 -0.00934615 0.00133516 0.389677 -0.249381 -0.00169797 -0.197414 0.00820172 -0.000190738 0.391585 -0.251971 -0.0030118 
23 -0.0082016 0.0173569 0.242046 -1.39661 0.000953689 -0.494202 0.242046 1.39394 0.00133516 0.499924 0.00476844 -0.200847 -0.00934615 0.00133516 0.389677 -0.249381 -0.00169797 -0.197414 0.00820172 -0.000190738 0.391585 -0.251971 -0.0030118 
23 -0.0082016 0.0173569 0.241665 -1.39661 0.000953689 -0.494202 0.241665 1.39394 0.00133516 0.499924 0.00476844 -0.200847 -0.00934615 0.00133516 0.389677 -0.249381 -0.00169797 -0.197414 0.00820172 -0.000190738 0.391585 -0.251971 -0.0030118 
23 -0.00782013 0.0173569 0.241665 -1.39661 0.000953689 -0.494202 0.241665 1.39394 0.00133516 0.499542 0.00476844 -0.200847 -0.00934615 0.00133516 0.389677 -0.249381 -0.00169797 -0.197414 0.00820172 -0.000190738 0.391585 -0.251971 -0.0030118 
23 -0.0082016 0.0173569 0.241665 -1.39661 0.000953689 -0.494202 0.241283 1.39394 0.00133516 0.499542 0.00476844 -0.200847 -0.00934615 0.00133516 0.389677 -0.249381 -0.00169797 -0.197414 0.00820172 -0.000190738 0.391585 -0.251971 -0.0030118 
23 -0.0082016 0.0173569 0.241665 -1.39661 0.000953689 -0.494202 0.241283 1.39394 0.00133516 0.499542 0.00476844 -0.200847 -0.00934615 0.00133516 0.389677 -0.249381 -0.00169797 -0.197414 0.00820172 -0.000190738 0.391585 -0.251971 -0.0030118 
23 -0.0082016 0.0173569 0.241665 -1.39661 0.000953689 -0.494202 0.240902 1.39394 0.00133516 0.499542 0.00476844 -0.200847 -0.00934615 0.00133516 0.389677 -0.249381 -0.00169797 -0.197414 0.00820172 -0.000190738 0.391585 -0.251971 -0.0030118 
23 -0.0082016 0.0173569 0.241665 -1.39661 0.000953689 -0.494202 0.240902 1.39394 0.00133516 0.499542 0.00476844 -0.200847 -0.00934615 0.00133516 0.389677 -0.249381 -0.00169797 -0.197414 0.00820172 -0.000190738 0.391585 -0.251971 -0.0030118 
23 -0.0082016 0.0173569 0.241665 -1.39661 0.000953689 -0.494202 0.24052 1.39394 0.00133516 0.499924 0.00476844 -0.200847 -0.00934615 0.00133516 0.389677 -0.249381 -0.00169797 -0.197414 0.00820172 -0.000190738 0.391585 -0.251971 -0.0030118 
23 -0.0082016 0.0173569 0.241665 -1.39661 0.000953689 -0.494202 0.24052 1.39394 0.00133516 0.499924 0.00476844 -0.200847 -0.00934615 0.00133516 0.389677 -0.249381 -0.00169797 -0.197414 0.00820172 -0.000190738 0.391585 -0.251971 -0.0030118 
23 -0.0082016 0.0173569 0.241665 -1.39661 0.000953689 -0.494202 0.24052 1.39394 0.00133516 0.499924 0.00476844 -0.200847 -0.00934615 0.00133516 0.389677 -0.249381 -0.00169797 -0.197414 0.00820172 -0.000190738 0.391585 -0.251971 -0.0030118 
23 -0.0082016 0.0173569 0.241665 -1.39661 0.000953689 -0.494202 0.240139 1.39394 0.00133516 0.499924 0.00476844 -0.200847 -0.00934615 0.00133516 0.389677 -0.249381 -0.00169797 -0.197414 0.00820172 -0.000190738 0.391585 -0.251971 -0.0030118 
23 -0.0082016 0.0173569 0.241665 -1.39661 0.000953689 -0.494202 0.240139 1.39394 0.00133516 0.499924 0.00476844 -0.200847 -0.00934615 0.00133516 0.389677 -0.249381 -0.00169797 -0.197414 0.00820172 -0.000190738 0.391585 -0.251971 -0.0030118 
23 -0.0082016 0.0173569 0.241665 -1.39661 0.000953689 -0.494202 0.239757 1.39394 0.00133516 0.499924 0.00476844 -0.200847 -0.00934615 0.00133516 0.389677 -0.249381 -0.00169797 -0.197414 0.00820172 -0.000190738 0.391585 -0.251971 -0.0030118 
23 -0.0082016 0.0173569 0.241283 -1.39661 0.000953689 -0.494202 0.239757 1.39394 0.00133516 0.499924 0.00476844 -0.200847 -0.00934615 0.00133516 0.389677 -0.249381 -0.00169797 -0.197414 0.00820172 -0.000190738 0.391585 -0.251971 -0.0030118 
23 -0.0082016 0.0173569 0.241283 -1.39661 0.000953689 -0.494583 0.239376 1.39394 0.00133516 0.499924 0.00476844 -0.200847 -0.00934615 0.00133516 0.389677 -0.249381 -0.00169797 -0.197414 0.00820172 -0.000190738 0.391585 -0.251971 -0.0030118 
23 -0.0082016 0.0173569 0.241283 -1.39661 0.000953689 -0.494583 0.239376 1.39394 0.00133516 0.499924 0.00476844 -0.200847 -0.00934615 0.00133516 0.389677 -0.249381 -0.00169797 -0.197414 0.00820172 -0.000190738 0.391585 -0.251971 -0.0030118 
23 -0.0082016 0.0173569 0.240902 -1.39661 0.000953689 -0.494583 0.238994 1.39394 0.00133516 0.499924 0.00476844 -0.200847 -0.00934615 0.00133516 0.389677 -0.249381 -0.00169797 -0.197414 0.00820172 -0.000190738 0.391585 -0.251971 -0.0030118 
23 -0.0082016 0.0173569 0.240902 -1.39661 0.000953689 -0.494583 0.238994 1.39394 0.00133516 0.499924 0.00476844 -0.200847 -0.00934615 0.00133516 0.389677 -0.249381 -0.00169797 -0.197414 0.00820172 -0.000190738 0.391585 -0.251971 -0.0030118 
23 -0.0082016 0.0173569 0.240902 -1.39661 0.000953689 -0.494583 0.238613 1.39394 0.00133516 0.499924 0.00476844 -0.200847 -0.00934615 0.00133516 0.389677 -0.249381 -0.00169797 -0.197414 0.00820172 0.000190738 0.391585 -0.251971 -0.0030118 
23 -0.0082016 0.0173569 0.24052 -1.39661 0.000953689 -0.494965 0.238613 1.39394 0.00133516 0.499924 0.00476844 -0.200847 -0.00934615 0.00133516 0.389677 -0.249381 -0.00169797 -0.197414 0.00820172 0.000190738 0.391585 -0.251971 -0.0030118 
23 -0.0082016 0.0173569 0.24052 -1.39661 0.000953689 -0.494965 0.238231 1.39394 0.00133516 0.499924 0.00476844 -0.200847 -0.00934615 0.00133516 0.389677 -0.249381 -0.00169797 -0.197414 0.00820172 0.000190738 0.391585 -0.251971 -0.0030118 
23 -0.0082016 0.0173569 0.24052 -1.39661 0.000953689 -0.494965 0.23785 1.39394 0.00133516 0.499924 0.00476844 -0.200847 -0.00934615 0.00133516 0.389677 -0.249381 -0.00169797 -0.197414 0.00820172 -0.000190738 0.391585 -0.251971 -0.0030118 
23 -0.0082016 0.0173569 0.240139 -1.39661 0.000953689 -0.494965 0.237469 1.39394 0.00133516 0.499924 0.00476844 -0.200847 -0.00934615 0.00133516 0.389677 -0.249381 -0.00169797 -0.197414 0.00820172 -0.000190738 0.391585 -0.251971 -0.0030118 
23 -0.0082016 0.0173569 0.240139 -1.39661 0.000953689 -0.494965 0.237087 1.39394 0.00133516 0.499924 0.00476844 -0.200847 -0.00934615 0.00133516 0.389677 -0.249381 -0.00169797 -0.197414 0.00820172 -0.000190738 0.391585 -0.251971 -0.0030118 
23 -0.0082016 0.0173569 0.239757 -1.39661 0.000953689 -0.494965 0.236706 1.39394 0.00133516 0.499924 0.00476844 -0.200847 -0.00934615 0.00133516 0.389677 -0.249381 -0.00169797 -0.197414 0.00820172 -0.000190738 0.391585 -0.251971 -0.0030118 
23 -0.0082016 0.0173569 0.239757 -1.39661 0.000953689 -0.495346 0.236324 1.39394 0.00133516 0.499924 0.00476844 -0.200847 -0.00934615 0.00133516 0.389677 -0.249381 -0.00169797 -0.197414 0.00820172 -0.000190738 0.391585 -0.251971 -0.0030118 
23 -0.0082016 0.0173569 0.239376 -1.39661 0.000953689 -0.495346 0.235943 1.39394 0.00133516 0.499924 0.00476844 -0.200847 -0.00934615 0.00133516 0.389677 -0.249381 -0.00169797 -0.197414 0.00820172 -0.000190738 0.391585 -0.251971 -0.0030118 
23 -0.0082016 0.0173569 0.239376 -1.39661 0.000953689 -0.495346 0.235561 1.39394 0.00133516 0.499924 0.00514992 -0.200847 -0.00934615 0.00133516 0.389677 -0.249381 -0.00169797 -0.197414 0.00820172 -0.000190738 0.391585 -0.251971 -0.0030118 
23 -0.0082016 0.0173569 0.238994 -1.39661 0.000953689 -0.495346 0.234798 1.39394 0.00133516 0.499542 0.00514992 -0.200847 -0.00934615 0.00133516 0.389677 -0.249381 -0.00169797 -0.197414 0.00820172 -0.000190738 0.391585 -0.251971 -0.0030118 
23 -0.0082016 0.0173569 0.238994 -1.39661 0.000953689 -0.495727 0.234417 1.39394 0.00133516 0.499542 0.00514992 -0.200847 -0.00934615 0.00133516 0.389677 -0.249381 -0.00169797 -0.197414 0.00820172 -0.000190738 0.391585 -0.251971 -0.0030118 
23 -0.0082016 0.0173569 0.238613 -1.39661 0.000953689 -0.495727 0.233654 1.39394 0.00133516 0.499542 0.00514992 -0.200847 -0.00934615 0.00133516 0.389677 -0.249381 -0.00169797 -0.197414 0.00820172 -0.000190738 0.391585 -0.251971 -0.0030118 
23 -0.0082016 0.0173569 0.238231 -1.39661 0.000953689 -0.495727 0.233272 1.39394 0.00133516 0.499542 0.00514992 -0.200847 -0.00934615 0.00133516 0.389677 -0.249381 -0.00169797 -0.197414 0.00820172 -0.000190738 0.391585 -0.251971 -0.0030118 
23 -0.0082016 0.0173569 0.238231 -1.39661 0.000953689 -0.495727 0.232891 1.39394 0.00133516 0.499542 0.00514992 -0.200847 -0.00934615 0.00133516 0.389677 -0.249381 -0.00169797 -0.197414 0.00820172 -0.000190738 0.391585 -0.251971 -0.0030118 
23 -0.0082016 0.0173569 0.23785 -1.39661 0.000953689 -0.496109 0.232509 1.39394 0.00133516 0.499542 0.00514992 -0.200847 -0.00934615 0.00133516 0.389677 -0.249381 -0.00169797 -0.197414 0.00820172 -0.000190738 0.391585 -0.251971 -0.0030118 
23 -0.0082016 0.0173569 0.237469 -1.39661 0.000953689 -0.496109 0.232128 1.39394 0.00133516 0.499542 0.00514992 -0.200847 -0.00934615 0.00133516 0.389677 -0.249381 -0.00169797 -0.197414 0.00820172 -0.000190738 0.391585 -0.251971 -0.0030118 
23 -0.0082016 0.0173569 0.237087 -1.39661 0.000953689 -0.496109 0.231746 1.39394 0.00133516 0.499542 0.00514992 -0.200847 -0.00934615 0.00133516 0.389677 -0.249381 -0.00169797 -0.197414 0.00820172 -0.000190738 0.391585 -0.251971 -0.0030118 
23 -0.0082016 0.0173569 0.236706 -1.39661 0.000953689 -0.496109 0.231365 1.39394 0.00133516 0.499924 0.00514992 -0.200847 -0.00934615 0.00133516 0.389677 -0.249381 -0.00169797 -0.197414 0.00820172 -0.000190738 0.391585 -0.251971 -0.0030118 
23 -0.0082016 0.0173569 0.236324 -1.39661 0.000953689 -0.49649 0.230602 1.39394 0.00133516 0.499924 0.00514992 -0.200847 -0.00934615 0.00133516 0.389677 -0.249381 -0.00169797 -0.197414 0.00820172 0.000190738 0.391585 -0.251971 -0.0030118 
23 -0.0082016 0.0173569 0.235943 -1.39661 0.000953689 -0.49649 0.23022 1.39394 0.00133516 0.499924 0.00514992 -0.200847 -0.00934615 0.00133516 0.389677 -0.249381 -0.00169797 -0.197414 0.00820172 -0.000190738 0.391585 -0.251971 -0.0030118 
23 -0.0082016 0.0173569 0.235561 -1.39661 0.000953689 -0.49649 0.229839 1.39394 0.00133516 0.499924 0.00514992 -0.200847 -0.00934615 0.00133516 0.389677 -0.249381 -0.00169797 -0.197414 0.00820172 -0.000190738 0.391585 -0.251971 -0.0030118 
23 -0.0082016 0.0173569 0.23518 -1.39661 0.000953689 -0.49649 0.229458 1.39394 0.00133516 0.499924 0.00514992 -0.200847 -0.00934615 0.00133516 0.389677 -0.249381 -0.00169797 -0.197414 0.00820172 -0.000190738 0.391585 -0.251971 -0.0030118 
23 -0.0082016 0.0173569 0.234417 -1.39661 0.000953689 -0.49649 0.229076 1.39394 0.00133516 0.499924 0.00514992 -0.200847 -0.00934615 0.00133516 0.389677 -0.249381 -0.00169797 -0.197414 0.00820172 -0.000190738 0.391585 -0.251971 -0.0030118 
23 -0.0082016 0.0173569 0.234035 -1.39661 0.000953689 -0.49649 0.228313 1.39394 0.00133516 0.499924 0.00514992 -0.200847 -0.00934615 0.00133516 0.389677 -0.249381 -0.00169797 -0.197414 0.00820172 -0.000190738 0.391585 -0.251971 -0.0030118 
23 -0.0082016 0.0173569 0.233272 -1.39661 0.000953689 -0.49649 0.227932 1.39394 0.00133516 0.499924 0.00514992 -0.200847 -0.00934615 0.00133516 0.389677 -0.249381 -0.00169797 -0.197414 0.00820172 -0.000190738 0.391585 -0.251971 -0.0030118 
23 -0.0082016 0.0173569 0.232509 -1.39661 0.000953689 -0.49649 0.22755 1.39394 0.00133516 0.499924 0.00514992 -0.200847 -0.00934615 0.00133516 0.389677 -0.249381 -0.00169797 -0.197414 0.00820172 -0.000190738 0.391585 -0.251971 -0.0030118 
23 -0.0082016 0.0173569 0.231746 -1.39661 0.000953689 -0.49649 0.227169 1.39394 0.00133516 0.499924 0.00514992 -0.200847 -0.00934615 0.00133516 0.389677 -0.249381 -0.00169797 -0.197414 0.00820172 -0.000190738 0.391585 -0.251971 -0.0030118 
23 -0.0082016 0.0173569 0.230983 -1.39661 0.000953689 -0.49649 0.226787 1.39394 0.00133516 0.499924 0.00514992 -0.200847 -0.00934615 0.00133516 0.389677 -0.249381 -0.00169797 -0.197414 0.00820172 -0.000190738 0.391585 -0.251971 -0.0030118 
23 -0.00782013 0.0173569 0.23022 -1.39661 0.000953689 -0.49649 0.226406 1.39394 0.00133516 0.499924 0.00514992 -0.200847 -0.00934615 0.00133516 0.389677 -0.249381 -0.00169797 -0.197414 0.00820172 -0.000190738 0.391585 -0.251971 -0.0030118 
23 -0.0082016 0.0173569 0.229839 -1.39661 0.000953689 -0.496109 0.226024 1.39394 0.00133516 0.499924 0.00514992 -0.200847 -0.00934615 0.00133516 0.389677 -0.249381 -0.00169797 -0.197414 0.00820172 -0.000190738 0.391585 -0.251971 -0.0030118 
23 -0.0082016 0.0173569 0.229458 -1.39661 0.000953689 -0.496109 0.225643 1.39394 0.00133516 0.499924 0.00514992 -0.200847 -0.00934615 0.00133516 0.389677 -0.249381 -0.00169797 -0.197414 0.00820172 -0.000190738 0.391585 -0.251971 -0.0030118 
23 -0.0082016 0.0173569 0.228695 -1.39661 0.000953689 -0.496109 0.225643 1.39394 0.00133516 0.499924 0.00514992 -0.200847 -0.00934615 0.00133516 0.389677 -0.249381 -0.00169797 -0.197414 0.00820172 -0.000190738 0.391585 -0.251971 -0.0030118 
23 -0.0082016 0.0173569 0.22755 -1.39661 0.000953689 -0.496109 0.225261 1.39394 0.00133516 0.499924 0.00514992 -0.200847 -0.00934615 0.00133516 0.389677 -0.249381 -0.00169797 -0.197414 0.00820172 -0.000190738 0.391585 -0.251971 -0.0030118 
23 -0.0082016 0.0173569 0.226787 -1.39661 0.000953689 -0.496109 0.22488 1.39394 0.00133516 0.499924 0.00514992 -0.200847 -0.00934615 0.00133516 0.389677 -0.249381 -0.00169797 -0.197414 0.00820172 -0.000190738 0.391585 -0.251971 -0.0030118 
23 -0.0082016 0.0173569 0.226406 -1.39661 0.000953689 -0.49649 0.224498 1.39394 0.00133516 0.499924 0.00514992 -0.200847 -0.00934615 0.00133516 0.389677 -0.249381 -0.00169797 -0.197414 0.00820172 -0.000190738 0.391585 -0.251971 -0.0030118 
23 -0.0082016 0.0173569 0.225643 -1.39661 0.000953689 -0.49649 0.223735 1.39394 0.00133516 0.499924 0.00514992 -0.200847 -0.00934615 0.00133516 0.389677 -0.249381 -0.00169797 -0.197414 0.00820172 -0.000190738 0.391585 -0.251971 -0.0030118 
23 -0.0082016 0.0173569 0.22488 -1.39661 0.000953689 -0.49649 0.223354 1.39394 0.00133516 0.499924 0.00514992 -0.200847 -0.00934615 0.00133516 0.389677 -0.249381 -0.00169797 -0.197414 0.00820172 0.000190738 0.391585 -0.251971 -0.0030118 
23 -0.0082016 0.0173569 0.224117 -1.39661 0.000953689 -0.49649 0.222972 1.39394 0.00133516 0.499924 0.00514992 -0.200847 -0.00934615 0.00133516 0.389677 -0.249381 -0.00169797 -0.197414 0.00820172 0.000190738 0.391585 -0.251971 -0.0030118 
23 -0.0082016 0.0173569 0.223354 -1.39661 0.000953689 -0.49649 0.22221 1.39394 0.00133516 0.499924 0.00514992 -0.200847 -0.00934615 0.00133516 0.389677 -0.249381 -0.00169797 -0.197414 0.00820172 -0.000190738 0.391585 -0.251971 -0.0030118 
23 -0.0082016 0.0173569 0.222591 -1.39661 0.000953689 -0.49649 0.221065 1.39394 0.00133516 0.499924 0.00514992 -0.200847 -0.00934615 0.00133516 0.389677 -0.249381 -0.00169797 -0.197414 0.00820172 0.000190738 0.391585 -0.251971 -0.0030118 
23 -0.0082016 0.0173569 0.221828 -1.39661 0.000953689 -0.49649 0.220684 1.39394 0.00133516 0.499924 0.00514992 -0.200847 -0.00934615 0.00133516 0.389677 -0.249381 -0.00169797 -0.197414 0.00820172 0.000190738 0.391585 -0.251971 -0.0030118 
23 -0.0082016 0.0173569 0.220684 -1.39661 0.000953689 -0.49649 0.219921 1.39394 0.00133516 0.499924 0.00514992 -0.200847 -0.00934615 0.00133516 0.389677 -0.249381 -0.00169797 -0.197414 0.00820172 0.000190738 0.391585 -0.251971 -0.0030118 
23 -0.0082016 0.0173569 0.219921 -1.39661 0.000953689 -0.49649 0.219539 1.39394 0.00133516 0.499924 0.00514992 -0.200847 -0.00934615 0.00133516 0.389677 -0.249381 -0.00169797 -0.197414 0.00820172 0.000190738 0.391585 -0.251971 -0.0030118 
23 -0.0082016 0.0173569 0.219158 -1.39661 0.000953689 -0.49649 0.219158 1.39394 0.00133516 0.499924 0.00514992 -0.200847 -0.00934615 0.00133516 0.389677 -0.249381 -0.00169797 -0.197414 0.00820172 -0.000190738 0.391585 -0.251971 -0.0030118 
23 -0.0082016 0.0173569 0.218013 -1.39661 0.000953689 -0.49649 0.218395 1.39394 0.00133516 0.499924 0.00514992 -0.200847 -0.00934615 0.00133516 0.389677 -0.249381 -0.00169797 -0.197414 0.00820172 -0.000190738 0.391585 -0.251971 -0.0030118 
23 -0.0082016 0.0173569 0.21725 -1.39661 0.000953689 -0.49649 0.218013 1.39394 0.00133516 0.499924 0.00514992 -0.200847 -0.00934615 0.00133516 0.389677 -0.249381 -0.00169797 -0.197414 0.00820172 -0.000190738 0.391585 -0.251971 -0.0030118 
23 -0.0082016 0.0173569 0.216487 -1.39661 0.000953689 -0.49649 0.21725 1.39394 0.00133516 0.499924 0.00514992 -0.200847 -0.00934615 0.00133516 0.389677 -0.249381 -0.00169797 -0.197414 0.00820172 -0.000190738 0.391585 -0.251971 -0.0030118 
23 -0.0082016 0.0173569 0.215343 -1.39661 0.000953689 -0.49649 0.216869 1.39394 0.00133516 0.499924 0.00514992 -0.200847 -0.00934615 0.00133516 0.389677 -0.249381 -0.00169797 -0.197414 0.00820172 -0.000190738 0.391585 -0.251971 -0.0030118 
23 -0.0082016 0.0173569 0.21458 -1.39661 0.000953689 -0.49649 0.215724 1.39394 0.00133516 0.499924 0.00514992 -0.200847 -0.00934615 0.00133516 0.389677 -0.249381 -0.00169797 -0.197414 0.00820172 -0.000190738 0.391585 -0.251971 -0.0030118 
23 -0.0082016 0.0173569 0.213817 -1.39661 0.000953689 -0.49649 0.214961 1.39394 0.00133516 0.500305 0.00514992 -0.200847 -0.00934615 0.00133516 0.389677 -0.249381 -0.00169797 -0.197414 0.00820172 0.000190738 0.391585 -0.251971 -0.0030118 
23 -0.0082016 0.0173569 0.212673 -1.39661 0.000953689 -0.49649 0.214199 1.39394 0.00133516 0.500305 0.00476844 -0.200847 -0.00934615 0.00133516 0.389677 -0.249381 -0.00169797 -0.197414 0.00820172 -0.000190738 0.391585 -0.251971 -0.0030118 
23 -0.0082016 0.0173569 0.211528 -1.39661 0.000953689 -0.49649 0.213817 1.39394 0.00133516 0.500305 0.00476844 -0.200847 -0.00934615 0.00133516 0.389677 -0.249381 -0.00169797 -0.197414 0.00820172 -0.000190738 0.391585 -0.251971 -0.0030118 
23 -0.0082016 0.0173569 0.210765 -1.39661 0.000953689 -0.496872 0.213054 1.39394 0.00133516 0.500305 0.00476844 -0.200847 -0.00934615 0.00133516 0.389677 -0.249381 -0.00169797 -0.197414 0.00820172 -0.000190738 0.391585 -0.251971 -0.0030118 
23 -0.0082016 0.0173569 0.209621 -1.39661 0.000953689 -0.496872 0.212291 1.39394 0.00133516 0.500687 0.00476844 -0.200847 -0.00934615 0.00133516 0.389677 -0.249381 -0.00169797 -0.197414 0.00820172 -0.000190738 0.391585 -0.251971 -0.0030118 
23 -0.0082016 0.0173569 0.208095 -1.39661 0.000953689 -0.496872 0.211528 1.39394 0.00133516 0.500687 0.00476844 -0.200847 -0.00934615 0.00133516 0.389677 -0.249381 -0.00169797 -0.197414 0.00820172 -0.000190738 0.391585 -0.251971 -0.0030118 
23 -0.0082016 0.0173569 0.207332 -1.39661 0.000953689 -0.496872 0.210384 1.39394 0.00133516 0.500687 0.00476844 -0.200847 -0.00934615 0.00133516 0.389677 -0.249381 -0.00169797 -0.197414 0.00820172 -0.000190738 0.391585 -0.251971 -0.0030118 
23 -0.0082016 0.0173569 0.205806 -1.39661 0.000953689 -0.496872 0.209239 1.39355 0.00133516 0.500687 0.00476844 -0.200847 -0.00934615 0.00133516 0.389677 -0.249381 -0.00169797 -0.197414 0.00820172 -0.000190738 0.391585 -0.251971 -0.0030118 
23 -0.0082016 0.0173569 0.205043 -1.39661 0.000953689 -0.496872 0.208095 1.39355 0.00133516 0.501068 0.00476844 -0.200847 -0.00934615 0.00133516 0.389677 -0.249381 -0.00169797 -0.197414 0.00820172 -0.000190738 0.391585 -0.251971 -0.0030118 
23 -0.0082016 0.0173569 0.203899 -1.39661 0.000953689 -0.497253 0.207332 1.39355 0.00133516 0.501068 0.00476844 -0.200847 -0.00934615 0.00133516 0.389677 -0.249381 -0.00169797 -0.197414 0.00820172 -0.000190738 0.391585 -0.251971 -0.0030118 
23 -0.0082016 0.0173569 0.202373 -1.39661 0.000953689 -0.497253 0.206569 1.39355 0.00133516 0.501068 0.00476844 -0.200847 -0.00934615 0.00133516 0.389677 -0.249381 -0.00169797 -0.197414 0.00820172 -0.000190738 0.391585 -0.251971 -0.0030118 
23 -0.0082016 0.0173569 0.20161 -1.39661 0.000953689 -0.497253 0.205806 1.39355 0.00133516 0.501068 0.00476844 -0.200847 -0.00934615 0.00133516 0.389677 -0.249381 -0.00169797 -0.197414 0.00820172 -0.000190738 0.391585 -0.251971 -0.0030118 
23 -0.0082016 0.0173569 0.200465 -1.39661 0.000953689 -0.497253 0.205043 1.39355 0.00133516 0.501068 0.00476844 -0.200847 -0.00934615 0.00133516 0.389677 -0.249381 -0.00169797 -0.197414 0.00820172 -0.000190738 0.391585 -0.251971 -0.0030118 
23 -0.0082016 0.0173569 0.199321 -1.39661 0.000953689 -0.497635 0.203899 1.39355 0.00133516 0.501068 0.00476844 -0.200847 -0.00934615 0.00133516 0.389677 -0.249381 -0.00169797 -0.197414 0.00820172 -0.000190738 0.391585 -0.251971 -0.0030118 
23 -0.0082016 0.0173569 0.198177 -1.39661 0.000953689 -0.497635 0.202754 1.39355 0.00133516 0.501068 0.00476844 -0.200847 -0.00934615 0.00133516 0.389677 -0.249381 -0.00169797 -0.197414 0.00820172 -0.000190738 0.391585 -0.251971 -0.0030118 
23 -0.0082016 0.0173569 0.196651 -1.39661 0.000953689 -0.497635 0.20161 1.39355 0.00133516 0.50145 0.00476844 -0.200847 -0.00934615 0.00133516 0.389677 -0.249381 -0.00169797 -0.197414 0.00820172 -0.000190738 0.391585 -0.251971 -0.0030118 
23 -0.0082016 0.0173569 0.195125 -1.39661 0.000953689 -0.498016 0.200847 1.39355 0.00133516 0.50145 0.00514992 -0.200847 -0.00934615 0.00133516 0.389677 -0.249381 -0.00169797 -0.197414 0.00820172 -0.000190738 0.391585 -0.251971 -0.0030118 
23 -0.0082016 0.0173569 0.193599 -1.39622 0.000953689 -0.498016 0.199702 1.39355 0.00133516 0.50145 0.00514992 -0.200847 -0.00934615 0.00133516 0.389677 -0.249381 -0.00169797 -0.197414 0.00820172 -0.000190738 0.391585 -0.251971 -0.0030118 
23 -0.0082016 0.0173569 0.192454 -1.39622 0.000953689 -0.498398 0.19894 1.39355 0.00133516 0.50145 0.00514992 -0.200847 -0.00934615 0.00133516 0.389677 -0.249381 -0.00169797 -0.197414 0.00820172 -0.000190738 0.391585 -0.251971 -0.0030118 
23 -0.0082016 0.0173569 0.190929 -1.39622 0.000953689 -0.498398 0.197414 1.39355 0.00133516 0.501831 0.00514992 -0.200847 -0.00934615 0.00133516 0.389677 -0.249381 -0.00169797 -0.197414 0.00820172 -0.000190738 0.391585 -0.251971 -0.0030118 
23 -0.0082016 0.0173569 0.189403 -1.39622 0.000953689 -0.498779 0.195888 1.39355 0.00133516 0.501831 0.00514992 -0.200847 -0.00934615 0.00133516 0.389677 -0.249381 -0.00169797 -0.197414 0.00820172 -0.000190738 0.391585 -0.251971 -0.0030118 
23 -0.0082016 0.0173569 0.188258 -1.39622 0.000953689 -0.498779 0.194743 1.39355 0.00133516 0.501831 0.00514992 -0.200847 -0.00934615 0.00133516 0.389677 -0.249381 -0.00169797 -0.197414 0.00820172 -0.000190738 0.391585 -0.251971 -0.0030118 
23 -0.0082016 0.0173569 0.186732 -1.39622 0.000953689 -0.498779 0.193599 1.39355 0.00133516 0.501831 0.00476844 -0.200847 -0.00934615 0.00133516 0.389677 -0.249381 -0.00169797 -0.197414 0.00820172 -0.000190738 0.391585 -0.251971 -0.0030118 
23 -0.00782013 0.0173569 0.185588 -1.39622 0.000953689 -0.499161 0.192454 1.39355 0.00133516 0.502213 0.00476844 -0.200847 -0.00934615 0.00133516 0.389677 -0.249381 -0.00169797 -0.197414 0.00820172 -0.000190738 0.391585 -0.251971 -0.0030118 
23 -0.00782013 0.0173569 0.184062 -1.39622 0.000953689 -0.499542 0.19131 1.39355 0.00133516 0.502213 0.00476844 -0.200847 -0.00934615 0.00133516 0.389677 -0.249381 -0.00169797 -0.197414 0.00820172 -0.000190738 0.391585 -0.251971 -0.0030118 
23 -0.0082016 0.0173569 0.182536 -1.39622 0.000953689 -0.499542 0.189784 1.39355 0.00133516 0.502213 0.00476844 -0.200847 -0.00934615 0.00133516 0.389677 -0.249381 -0.00169797 -0.197414 0.00820172 -0.000190738 0.391585 -0.251971 -0.0030118 
23 -0.0082016 0.0173569 0.180629 -1.39622 0.000953689 -0.499924 0.18864 1.39355 0.00133516 0.502213 0.00514992 -0.200847 -0.00934615 0.00133516 0.389677 -0.249381 -0.00169797 -0.197414 0.00820172 -0.000190738 0.391585 -0.251971 -0.0030118 
23 -0.0082016 0.0173569 0.179103 -1.39622 0.000953689 -0.499924 0.187877 1.39355 0.00133516 0.502213 0.00514992 -0.200847 -0.00934615 0.00133516 0.389677 -0.249381 -0.00169797 -0.197414 0.00820172 -0.000190738 0.391585 -0.251971 -0.0030118 
23 -0.0082016 0.0173569 0.177195 -1.39622 0.000953689 -0.500305 0.186351 1.39355 0.00133516 0.502213 0.00514992 -0.200847 -0.00934615 0.00133516 0.389677 -0.249381 -0.00169797 -0.197414 0.00820172 -0.000190738 0.391585 -0.251971 -0.0030118 
23 -0.0082016 0.0173569 0.175669 -1.39622 0.000953689 -0.500687 0.184825 1.39355 0.00133516 0.502594 0.00514992 -0.200847 -0.00934615 0.00133516 0.389677 -0.249381 -0.00169797 -0.197414 0.00820172 -0.000190738 0.391585 -0.251971 -0.0030118 
23 -0.0082016 0.0173569 0.174144 -1.39622 0.000953689 -0.501068 0.183299 1.39355 0.00133516 0.502594 0.00514992 -0.200847 -0.00934615 0.00133516 0.389677 -0.249381 -0.00169797 -0.197414 0.00820172 -0.000190738 0.391585 -0.251971 -0.0030118 
23 -0.0082016 0.0173569 0.172618 -1.39622 0.000953689 -0.50145 0.182155 1.39355 0.00133516 0.502594 0.00514992 -0.200847 -0.00934615 0.00133516 0.389677 -0.249381 -0.00169797 -0.197414 0.00820172 -0.000190738 0.391585 -0.251971 -0.0030118 
23 -0.0082016 0.0173569 0.17071 -1.39622 0.000953689 -0.50145 0.180629 1.39355 0.00133516 0.502594 0.00514992 -0.200847 -0.00934615 0.00133516 0.389677 -0.249381 -0.00169797 -0.197414 0.00820172 -0.000190738 0.391585 -0.251971 -0.0030118 
23 -0.0082016 0.0173569 0.168803 -1.39622 0.000953689 -0.501831 0.179484 1.39355 0.00133516 0.502594 0.00514992 -0.200847 -0.00934615 0.00133516 0.389677 -0.249381 -0.00169797 -0.197414 0.00820172 -0.000190738 0.391585 -0.251971 -0.0030118 
23 -0.00782013 0.0173569 0.167277 -1.39622 0.000953689 -0.502213 0.177577 1.39355 0.00133516 0.502594 0.00514992 -0.200847 -0.00934615 0.00133516 0.389677 -0.249381 -0.00169797 -0.197414 0.00820172 -0.000190738 0.391585 -0.251971 -0.0030118 
23 -0.0082016 0.0173569 0.16537 -1.39622 0.000953689 -0.502976 0.176432 1.39355 0.00133516 0.502594 0.00514992 -0.200847 -0.00934615 0.00133516 0.389677 -0.249381 -0.00169797 -0.197414 0.00820172 -0.000190738 0.391585 -0.251971 -0.0030118 
23 -0.0082016 0.0173569 0.163462 -1.39622 0.000953689 -0.503357 0.174907 1.39355 0.00133516 0.502976 0.00514992 -0.200847 -0.00934615 0.00133516 0.389677 -0.249381 -0.00169797 -0.197414 0.00820172 -0.000190738 0.391585 -0.251971 -0.0030118 
23 -0.0082016 0.0173569 0.161555 -1.39622 0.000953689 -0.50412 0.173762 1.39355 0.00133516 0.502976 0.00514992 -0.200847 -0.00934615 0.00133516 0.389677 -0.249381 -0.00169797 -0.197414 0.00820172 -0.000190738 0.391585 -0.251971 -0.0030118 
23 -0.0082016 0.0173569 0.160029 -1.39622 0.000953689 -0.504883 0.171855 1.39355 0.00133516 0.502976 0.00514992 -0.200847 -0.00934615 0.00133516 0.389677 -0.249381 -0.00169797 -0.197414 0.00820172 -0.000190738 0.391585 -0.251971 -0.0030118 
23 -0.0082016 0.0173569 0.158122 -1.39622 0.000953689 -0.505646 0.170329 1.39355 0.00133516 0.502976 0.00514992 -0.200847 -0.00934615 0.00133516 0.389677 -0.249381 -0.00169797 -0.197414 0.00820172 -0.000190738 0.391585 -0.251971 -0.0030118 
23 -0.0082016 0.0173569 0.156214 -1.39622 0.000953689 -0.50679 0.168803 1.39355 0.00133516 0.502976 0.00514992 -0.200847 -0.00934615 0.00133516 0.389677 -0.249381 -0.00169797 -0.197414 0.00820172 -0.000190738 0.391585 -0.251971 -0.0030118 
23 -0.0082016 0.0173569 0.154688 -1.39622 0.000953689 -0.507935 0.167659 1.39355 0.00133516 0.502976 0.00514992 -0.200847 -0.00934615 0.00133516 0.389677 -0.249381 -0.00169797 -0.197414 0.00820172 -0.000190738 0.391585 -0.251971 -0.0030118 
23 -0.0082016 0.0173569 0.152399 -1.39622 0.000953689 -0.508698 0.165751 1.39355 0.00133516 0.503357 0.00514992 -0.200847 -0.00934615 0.00133516 0.389677 -0.249381 -0.00169797 -0.197414 0.00820172 -0.000190738 0.391585 -0.251971 -0.0030118 
23 -0.0082016 0.0173569 0.150874 -1.39622 0.000953689 -0.509842 0.164225 1.39355 0.00133516 0.503357 0.00514992 -0.200847 -0.00934615 0.00133516 0.389677 -0.249381 -0.00169797 -0.197414 0.00820172 -0.000190738 0.391585 -0.251971 -0.0030118 
23 -0.0082016 0.0173569 0.148966 -1.39622 0.000953689 -0.510605 0.162699 1.39355 0.00133516 0.503357 0.00514992 -0.200847 -0.00934615 0.00133516 0.389677 -0.249381 -0.00169797 -0.197414 0.00820172 -0.000190738 0.391585 -0.251971 -0.0030118 
23 -0.0082016 0.0173569 0.147059 -1.39622 0.000953689 -0.511749 0.161173 1.39355 0.00133516 0.503357 0.00514992 -0.200847 -0.00934615 0.00133516 0.389677 -0.249381 -0.00169797 -0.197414 0.00820172 -0.000190738 0.391585 -0.251971 -0.0030118 
23 -0.0082016 0.0173569 0.145151 -1.39622 0.000953689 -0.513275 0.159266 1.39355 0.00133516 0.503738 0.00514992 -0.200847 -0.00934615 0.00133516 0.389677 -0.249381 -0.00169797 -0.197414 0.00820172 -0.000190738 0.391585 -0.251971 -0.0030118 
23 -0.0082016 0.0173569 0.143244 -1.39622 0.000953689 -0.51442 0.15774 1.39355 0.00133516 0.503738 0.00476844 -0.200847 -0.00934615 0.00133516 0.389677 -0.249381 -0.00169797 -0.197414 0.00820172 -0.000190738 0.391585 -0.251971 -0.0030118 
23 -0.0082016 0.0173569 0.141337 -1.39622 0.000953689 -0.515564 0.156214 1.39355 0.00133516 0.503738 0.00476844 -0.200847 -0.00934615 0.00133516 0.389677 -0.249381 -0.00169797 -0.197414 0.00820172 -0.000190738 0.391585 -0.251971 -0.0030118 
23 -0.0082016 0.0173569 0.139429 -1.39622 0.000953689 -0.516709 0.154688 1.39355 0.00133516 0.50412 0.00476844 -0.200847 -0.00934615 0.00133516 0.389677 -0.249381 -0.00169797 -0.197414 0.00820172 -0.000190738 0.391585 -0.251971 -0.0030118 
23 -0.0082016 0.0173569 0.137522 -1.39622 0.000953689 -0.517853 0.152781 1.39355 0.00133516 0.50412 0.00476844 -0.200847 -0.00934615 0.00133516 0.389677 -0.249381 -0.00169797 -0.197414 0.00820172 -0.000190738 0.391585 -0.251971 -0.0030118 
23 -0.0082016 0.0173569 0.135615 -1.39622 0.000953689 -0.519379 0.151255 1.39355 0.00133516 0.504501 0.00476844 -0.200847 -0.00934615 0.00133516 0.389677 -0.249381 -0.00169797 -0.197414 0.00820172 -0.000190738 0.391585 -0.251971 -0.0030118 
23 -0.0082016 0.0173569 0.133707 -1.39622 0.000953689 -0.520523 0.149729 1.39355 0.00133516 0.504883 0.00476844 -0.200847 -0.00934615 0.00133516 0.389677 -0.249381 -0.00169797 -0.197414 0.00820172 -0.000190738 0.391585 -0.251971 -0.0030118 
23 -0.0082016 0.0173569 0.131418 -1.39622 0.000953689 -0.521668 0.147822 1.39355 0.00133516 0.505264 0.00476844 -0.200847 -0.00934615 0.00133516 0.389677 -0.249381 -0.00169797 -0.197414 0.00820172 -0.000190738 0.391585 -0.251971 -0.0030118 
23 -0.0082016 0.0173569 0.129892 -1.39622 0.000953689 -0.523194 0.145533 1.39355 0.00133516 0.506027 0.00476844 -0.200847 -0.00934615 0.00133516 0.389677 -0.249381 -0.00169797 -0.197414 0.00820172 -0.000190738 0.391585 -0.251971 -0.0030118 
23 -0.0082016 0.0173569 0.127604 -1.39622 0.000953689 -0.52472 0.144388 1.39355 0.00133516 0.50679 0.00476844 -0.200847 -0.00934615 0.00133516 0.389677 -0.249381 -0.00169797 -0.197414 0.00820172 -0.000190738 0.391585 -0.251971 -0.0030118 
23 -0.0082016 0.0173569 0.125696 -1.39622 0.000953689 -0.526246 0.142481 1.39355 0.00133516 0.507553 0.00476844 -0.200847 -0.00934615 0.00133516 0.389677 -0.249381 -0.00169797 -0.197414 0.00820172 -0.000190738 0.391585 -0.251971 -0.0030118 
23 -0.0082016 0.0173569 0.123789 -1.39622 0.000953689 -0.527771 0.140574 1.39355 0.00133516 0.507935 0.00476844 -0.200847 -0.00934615 0.00133516 0.389677 -0.249381 -0.00169797 -0.197414 0.00820172 -0.000190738 0.391585 -0.251971 -0.0030118 
23 -0.0082016 0.0173569 0.121881 -1.39622 0.000953689 -0.529297 0.138666 1.39355 0.00133516 0.508698 0.00476844 -0.200847 -0.00934615 0.00133516 0.389677 -0.249381 -0.00169797 -0.197414 0.00820172 -0.000190738 0.391585 -0.251971 -0.0030118 
23 -0.0082016 0.0173569 0.119974 -1.39622 0.000953689 -0.530823 0.13714 1.39355 0.00133516 0.509842 0.00476844 -0.200847 -0.00934615 0.00133516 0.389677 -0.249381 -0.00169797 -0.197414 0.00820172 -0.000190738 0.391585 -0.251971 -0.0030118 
23 -0.0082016 0.0173569 0.118067 -1.39622 0.000953689 -0.532731 0.135615 1.39355 0.00133516 0.510987 0.00476844 -0.200847 -0.00934615 0.00133516 0.389677 -0.249381 -0.00169797 -0.197414 0.00820172 -0.000190738 0.391585 -0.251971 -0.0030118 
23 -0.0082016 0.0173569 0.115778 -1.39622 0.000953689 -0.533875 0.133326 1.39355 0.00133516 0.512131 0.00476844 -0.200847 -0.00934615 0.00133516 0.389677 -0.249381 -0.00169797 -0.197414 0.00820172 0.000190738 0.391585 -0.251971 -0.0030118 
23 -0.0082016 0.0173569 0.11387 -1.39622 0.000953689 -0.535401 0.1318 1.39355 0.00133516 0.514038 0.00476844 -0.200847 -0.00934615 0.00133516 0.389677 -0.249381 -0.00169797 -0.197414 0.00820172 -0.000190738 0.391585 -0.251971 -0.0030118 
23 -0.0082016 0.0173569 0.111963 -1.39622 0.000953689 -0.53769 0.129892 1.39317 0.00133516 0.515183 0.00476844 -0.200847 -0.00934615 0.00133516 0.389677 -0.249381 -0.00169797 -0.197414 0.00820172 -0.000190738 0.391585 -0.251971 -0.0030118 
23 -0.0082016 0.0173569 0.110056 -1.39622 0.000953689 -0.539216 0.127985 1.39317 0.00133516 0.516327 0.00476844 -0.200847 -0.00934615 0.00133516 0.389677 -0.249381 -0.00169797 -0.197414 0.00820172 -0.000190738 0.391585 -0.251971 -0.0030118 
23 -0.0082016 0.0173569 0.107767 -1.39622 0.000953689 -0.540742 0.126078 1.39317 0.00133516 0.517853 0.00476844 -0.200847 -0.00934615 0.00133516 0.389677 -0.249381 -0.00169797 -0.197414 0.00820172 -0.000190738 0.391585 -0.251971 -0.0030118 
23 -0.0082016 0.0173569 0.105859 -1.39622 0.000953689 -0.542649 0.124552 1.39317 0.00133516 0.51976 0.00476844 -0.200847 -0.00934615 0.00133516 0.389677 -0.249381 -0.00169797 -0.197414 0.00820172 -0.000190738 0.391585 -0.251971 -0.0030118 
23 -0.0082016 0.0173569 0.103952 -1.39622 0.000953689 -0.544556 0.122263 1.39317 0.00133516 0.521286 0.00476844 -0.200847 -0.00934615 0.00133516 0.389677 -0.249381 -0.00169797 -0.197414 0.00820172 -0.000190738 0.391585 -0.251971 -0.0030118 
23 -0.0082016 0.0173569 0.101663 -1.39622 0.000953689 -0.546082 0.120356 1.39317 0.00133516 0.522812 0.00476844 -0.200847 -0.00934615 0.00133516 0.389677 -0.249381 -0.00169797 -0.197414 0.00820172 -0.000190738 0.391585 -0.251971 -0.0030118 
23 -0.0082016 0.0173569 0.0993744 -1.39622 0.000953689 -0.54799 0.118448 1.39317 0.00133516 0.52472 0.00476844 -0.200847 -0.00934615 0.00133516 0.389677 -0.249381 -0.00169797 -0.197414 0.00820172 -0.000190738 0.391585 -0.251971 -0.0030118 
23 -0.0082016 0.0173569 0.097467 -1.39622 0.000953689 -0.550278 0.116541 1.39279 0.00133516 0.527008 0.00476844 -0.200847 -0.00934615 0.00133516 0.389677 -0.249381 -0.00169797 -0.197414 0.00820172 -0.000190738 0.391585 -0.251971 -0.0030118 
23 -0.0082016 0.0173569 0.0955596 -1.39584 0.000953689 -0.552186 0.114633 1.39279 0.00133516 0.528534 0.00476844 -0.200847 -0.00934615 0.00133516 0.389677 -0.249381 -0.00169797 -0.197414 0.00820172 -0.000190738 0.391585 -0.251971 -0.0030118 
23 -0.0082016 0.0173569 0.0932708 -1.39584 0.000953689 -0.553712 0.112726 1.39279 0.00133516 0.530442 0.00476844 -0.200847 -0.00934615 0.00133516 0.389677 -0.249381 -0.00169797 -0.197414 0.00820172 -0.000190738 0.391585 -0.251971 -0.0030118 
23 -0.0082016 0.0173569 0.0909819 -1.39584 0.000953689 -0.556001 0.110819 1.39279 0.00133516 0.532731 0.00476844 -0.200847 -0.00934615 0.00133516 0.389677 -0.249381 -0.00169797 -0.197414 0.00820172 -0.000190738 0.391585 -0.251971 -0.0030118 
23 -0.0082016 0.0173569 0.0886931 -1.39584 0.000953689 -0.557908 0.10853 1.39279 0.00133516 0.534638 0.00514992 -0.200847 -0.00934615 0.00133516 0.389677 -0.249381 -0.00169797 -0.197414 0.00820172 -0.000190738 0.391585 -0.251971 -0.0030118 
23 -0.0082016 0.0173569 0.0867857 -1.39584 0.000953689 -0.559815 0.107004 1.39279 0.00133516 0.536545 0.00476844 -0.200847 -0.00934615 0.00133516 0.389677 -0.249381 -0.00169797 -0.197414 0.00820172 -0.000190738 0.391585 -0.251971 -0.0030118 
23 -0.0082016 0.0173569 0.0844968 -1.39584 0.000953689 -0.562104 0.105097 1.39279 0.00133516 0.539216 0.00476844 -0.200847 -0.00934615 0.00133516 0.389677 -0.249381 -0.00169797 -0.197414 0.00820172 -0.000190738 0.391585 -0.251971 -0.0030118 
23 -0.0082016 0.0173569 0.082208 -1.39584 0.000953689 -0.564012 0.102808 1.39279 0.00133516 0.541123 0.00514992 -0.200847 -0.00934615 0.00133516 0.389677 -0.249381 -0.00169797 -0.197414 0.00820172 -0.000190738 0.391585 -0.251971 -0.0030118 
23 -0.0082016 0.0173569 0.0803006 -1.39584 0.000953689 -0.5663 0.1009 1.39279 0.00133516 0.543412 0.00514992 -0.200847 -0.00934615 0.00133516 0.389677 -0.249381 -0.00169797 -0.197414 0.00820172 -0.000190738 0.391585 -0.251971 -0.0030118 
23 -0.0082016 0.0173569 0.0776303 -1.39546 0.000953689 -0.568589 0.0993744 1.39279 0.00133516 0.545701 0.00514992 -0.200847 -0.00934615 0.00133516 0.389677 -0.249381 -0.00169797 -0.197414 0.00820172 -0.000190738 0.391585 -0.251971 -0.0030118 
23 -0.0082016 0.0173569 0.0753414 -1.39546 0.000953689 -0.570878 0.0967041 1.39279 0.00133516 0.54799 0.00514992 -0.200847 -0.00934615 0.00133516 0.389677 -0.249381 -0.00169797 -0.197414 0.00820172 -0.000190738 0.391585 -0.251971 -0.0030118 
23 -0.0082016 0.0173569 0.073434 -1.39546 0.000953689 -0.572786 0.0947967 1.39279 0.00133516 0.551041 0.00476844 -0.200847 -0.00934615 0.00133516 0.389677 -0.249381 -0.00169797 -0.197414 0.00820172 -0.000190738 0.391585 -0.251971 -0.0030118 
23 -0.0082016 0.0173569 0.0711452 -1.39546 0.000953689 -0.575456 0.0928893 1.39279 0.00133516 0.55333 0.00476844 -0.200847 -0.00934615 0.00133516 0.389677 -0.249381 -0.00169797 -0.197414 0.00820172 -0.000190738 0.391585 -0.251971 -0.0030118 
23 -0.0082016 0.0173569 0.0684749 -1.39546 0.000953689 -0.577745 0.0909819 1.39279 0.00133516 0.555619 0.00514992 -0.200847 -0.00934615 0.00133516 0.389677 -0.249381 -0.00169797 -0.197414 0.00820172 -0.000190738 0.391585 -0.251971 -0.0030118 
23 -0.0082016 0.0173569 0.0665675 -1.39546 0.000953689 -0.580034 0.0890745 1.39279 0.00133516 0.558289 0.00514992 -0.200847 -0.00934615 0.00133516 0.389677 -0.249381 -0.00169797 -0.197414 0.00820172 -0.000190738 0.391585 -0.251971 -0.0030118 
23 -0.00782013 0.0173569 0.0642786 -1.39508 0.000953689 -0.582704 0.0871672 1.39279 0.00133516 0.560578 0.00476844 -0.200847 -0.00934615 0.00133516 0.389677 -0.249381 -0.00169797 -0.197414 0.00820172 -0.000190738 0.391585 -0.251971 -0.0030118 
23 -0.0082016 0.0173569 0.0616083 -1.39508 0.000953689 -0.584611 0.0848783 1.39279 0.00133516 0.564012 0.00476844 -0.200847 -0.00934615 0.00133516 0.389677 -0.249381 -0.00169797 -0.197414 0.00820172 -0.000190738 0.391585 -0.251971 -0.0030118 
23 -0.0082016 0.0173569 0.0597009 -1.39508 0.000953689 -0.587663 0.0829709 1.39279 0.00133516 0.5663 0.00514992 -0.200847 -0.00934615 0.00133516 0.389677 -0.249381 -0.00169797 -0.197414 0.00820172 -0.000190738 0.391585 -0.251971 -0.0030118 
23 -0.0082016 0.0173569 0.0570306 -1.39508 0.000953689 -0.589952 0.0810636 1.39279 0.00133516 0.568971 0.00514992 -0.200847 -0.00934615 0.00133516 0.389677 -0.249381 -0.00169797 -0.197414 0.00820172 -0.000190738 0.391585 -0.251971 -0.0030118 
23 -0.0082016 0.0173569 0.0551232 -1.39508 0.000953689 -0.592241 0.0787747 1.39279 0.00133516 0.572023 0.00514992 -0.200847 -0.00934615 0.00133516 0.389677 -0.249381 -0.00169797 -0.197414 0.00820172 -0.000190738 0.391585 -0.251971 -0.0030118 
23 -0.0082016 0.0173569 0.0520714 -1.39508 0.000953689 -0.595293 0.0764858 1.39279 0.00133516 0.574693 0.00476844 -0.200847 -0.00934615 0.00133516 0.389677 -0.249381 -0.00169797 -0.197414 0.00820172 -0.000190738 0.391585 -0.251971 -0.0030118 
23 -0.0082016 0.0173569 0.0497826 -1.39508 0.000953689 -0.597581 0.0745785 1.39279 0.00133516 0.577745 0.00476844 -0.200847 -0.00934615 0.00133516 0.389677 -0.249381 -0.00169797 -0.197414 0.00820172 -0.000190738 0.391585 -0.251971 -0.0030118 
23 -0.0082016 0.0173569 0.0474937 -1.3947 0.000953689 -0.600633 0.0726711 1.39279 0.00133516 0.580415 0.00476844 -0.200847 -0.00934615 0.00133516 0.389677 -0.249381 -0.00169797 -0.197414 0.00820172 -0.000190738 0.391585 -0.251971 -0.0030118 
23 -0.0082016 0.0173569 0.0448234 -1.3947 0.000953689 -0.603304 0.0703822 1.39279 0.00133516 0.583467 0.00514992 -0.200847 -0.00934615 0.00133516 0.389677 -0.249381 -0.00169797 -0.197414 0.00820172 -0.000190738 0.391585 -0.251971 -0.0030118 
23 -0.0082016 0.0173569 0.0425345 -1.3947 0.000953689 -0.605974 0.0684749 1.39279 0.00133516 0.586137 0.00514992 -0.200847 -0.00934615 0.00133516 0.389677 -0.249381 -0.00169797 -0.197414 0.00820172 -0.000190738 0.391585 -0.251971 -0.0030118 
23 -0.0082016 0.0173569 0.0398642 -1.3947 0.000953689 -0.608644 0.066186 1.39279 0.00133516 0.58957 0.00514992 -0.200847 -0.00934615 0.00133516 0.389677 -0.249381 -0.00169797 -0.197414 0.00820172 -0.000190738 0.391585 -0.251971 -0.0030118 
23 -0.0082016 0.0173569 0.0371939 -1.3947 0.000953689 -0.611696 0.0642786 1.39279 0.00133516 0.591859 0.00514992 -0.200847 -0.00934615 0.00133516 0.389677 -0.249381 -0.00169797 -0.197414 0.00820172 -0.000190738 0.391585 -0.251971 -0.0030118 
23 -0.0082016 0.0173569 0.034905 -1.3947 0.000953689 -0.614748 0.0619898 1.39279 0.00133516 0.595293 0.00514992 -0.200847 -0.00934615 0.00133516 0.389677 -0.249381 -0.00169797 -0.197414 0.00820172 -0.000190738 0.391585 -0.251971 -0.0030118 
23 -0.0082016 0.0173569 0.0322347 -1.3947 0.000953689 -0.617418 0.0593194 1.39279 0.00133516 0.597963 0.00476844 -0.200847 -0.00934615 0.00133516 0.389677 -0.249381 -0.00169797 -0.197414 0.00820172 -0.000190738 0.391585 -0.251971 -0.0030118 
23 -0.0082016 0.0173569 0.0299458 -1.3947 0.000953689 -0.62047 0.0574121 1.39317 0.00133516 0.601778 0.00514992 -0.200847 -0.00934615 0.00133516 0.389677 -0.249381 -0.00169797 -0.197414 0.00820172 -0.000190738 0.391585 -0.251971 -0.0030118 
23 -0.0082016 0.0173569 0.026894 -1.3947 0.000953689 -0.62314 0.0555047 1.39317 0.00133516 0.604448 0.00476844 -0.200847 -0.00934615 0.00133516 0.389677 -0.249381 -0.00169797 -0.197414 0.00820172 -0.000190738 0.391585 -0.251971 -0.0030118 
23 -0.0082016 0.0173569 0.0242237 -1.3947 0.000953689 -0.626574 0.0528344 1.39317 0.00133516 0.607881 0.00476844 -0.200847 -0.00934615 0.00133516 0.389677 -0.249381 -0.00169797 -0.197414 0.00820172 -0.000190738 0.391585 -0.251971 -0.0030118 
23 -0.0082016 0.0173569 0.0215534 -1.3947 0.000953689 -0.629244 0.050927 1.39317 0.00133516 0.610552 0.00514992 -0.200847 -0.00934615 0.00133516 0.389677 -0.249381 -0.00169797 -0.197414 0.00820172 -0.000190738 0.391585 -0.251971 -0.0030118 
23 -0.0082016 0.0173569 0.018883 -1.3947 0.000953689 -0.632677 0.0490196 1.39317 0.00133516 0.614366 0.00514992 -0.200847 -0.00934615 0.00133516 0.389677 -0.249381 -0.00169797 -0.197414 0.00820172 -0.000190738 0.391585 -0.251971 -0.0030118 
23 -0.0082016 0.0173569 0.0165942 -1.3947 0.000953689 -0.635348 0.0459678 1.39317 0.00133516 0.617037 0.00476844 -0.200847 -0.00934615 0.00133516 0.389677 -0.249381 -0.00169797 -0.197414 0.00820172 -0.000190738 0.391585 -0.251971 -0.0030118 
23 -0.0082016 0.0173569 0.0139239 -1.3947 0.000953689 -0.638781 0.0440604 1.39317 0.00133516 0.620851 0.00514992 -0.200847 -0.00934615 0.00133516 0.389677 -0.249381 -0.00169797 -0.197414 0.00820172 -0.000190738 0.391585 -0.251971 -0.0030118 
23 -0.0082016 0.0173569 0.0112535 -1.3947 0.000953689 -0.641833 0.042153 1.39317 0.00133516 0.623903 0.00514992 -0.200847 -0.00934615 0.00133516 0.389677 -0.249381 -0.00169797 -0.197414 0.00820172 -0.000190738 0.391585 -0.251971 -0.0030118 
23 -0.0082016 0.0173569 0.0085832 -1.3947 0.000953689 -0.645266 0.0394827 1.39317 0.00133516 0.627718 0.00514992 -0.200847 -0.00934615 0.00133516 0.389677 -0.249381 -0.00169797 -0.197414 0.00820172 -0.000190738 0.391585 -0.251971 -0.0030118 
23 -0.0082016 0.0173569 0.00591287 -1.3947 0.000953689 -0.648318 0.0375753 1.39317 0.00133516 0.63077 0.00514992 -0.200847 -0.00934615 0.00133516 0.389677 -0.249381 -0.00169797 -0.197414 0.00820172 -0.000190738 0.391585 -0.251971 -0.0030118 
23 -0.0082016 0.0173569 0.00324254 -1.3947 0.000953689 -0.651751 0.0352865 1.39317 0.00133516 0.634203 0.00514992 -0.200847 -0.00934615 0.00133516 0.389677 -0.249381 -0.00169797 -0.197414 0.00820172 -0.000190738 0.391585 -0.251971 -0.0030118 
23 -0.0082016 0.0173569 0.000572213 -1.3947 0.000953689 -0.654803 0.0329976 1.39317 0.00133516 0.638018 0.00514992 -0.200847 -0.00934615 0.00133516 0.389677 -0.249381 -0.00169797 -0.197414 0.00820172 -0.000190738 0.391585 -0.251971 -0.0030118 
23 -0.0082016 0.0173569 -0.00171664 -1.3947 0.000953689 -0.658236 0.0307088 1.39317 0.00133516 0.641451 0.00514992 -0.200847 -0.00934615 0.00133516 0.389677 -0.249381 -0.00169797 -0.197414 0.00820172 -0.000190738 0.391585 -0.251971 -0.0030118 
23 -0.0082016 0.0173569 -0.00438697 -1.3947 0.000953689 -0.661669 0.0284199 1.39317 0.00133516 0.645266 0.00514992 -0.200847 -0.00934615 0.00133516 0.389677 -0.249381 -0.00169797 -0.197414 0.00820172 -0.000190738 0.391585 -0.251971 -0.0030118 
23 -0.0082016 0.0173569 -0.0070573 -1.3947 0.000953689 -0.665103 0.0261311 1.39317 0.00133516 0.648318 0.00514992 -0.200847 -0.00934615 0.00133516 0.389677 -0.249381 -0.00169797 -0.197414 0.00820172 -0.000190738 0.391585 -0.251971 -0.0030118 
23 -0.0082016 0.0173569 -0.0101091 -1.3947 0.000953689 -0.668536 0.0242237 1.39317 0.00133516 0.652514 0.00514992 -0.200847 -0.00934615 0.00133516 0.389677 -0.249381 -0.00169797 -0.197414 0.00820172 -0.000190738 0.391585 -0.251971 -0.0030118 
23 -0.00782013 0.0173569 -0.0127794 -1.3947 0.000953689 -0.671588 0.0211719 1.39317 0.00133516 0.655947 0.00514992 -0.200847 -0.00934615 0.00133516 0.389677 -0.249381 -0.00169797 -0.197414 0.00820172 -0.000190738 0.391585 -0.251971 -0.0030118 
23 -0.0082016 0.0173569 -0.0150683 -1.3947 0.000953689 -0.675402 0.0192645 1.39317 0.00133516 0.659762 0.00514992 -0.200847 -0.00934615 0.00133516 0.389677 -0.249381 -0.00169797 -0.197414 0.00820172 0.000190738 0.391585 -0.251971 -0.0030118 
23 -0.0082016 0.0173569 -0.0177386 -1.3947 0.000953689 -0.678836 0.0169757 1.39317 0.00133516 0.663577 0.00514992 -0.200847 -0.00934615 0.00133516 0.389677 -0.249381 -0.00169797 -0.197414 0.00820172 0.000190738 0.391585 -0.251971 -0.0030118 
23 -0.0082016 0.0173569 -0.0204089 -1.3947 0.000953689 -0.682269 0.0143053 1.39317 0.00133516 0.66701 0.00514992 -0.200847 -0.00934615 0.00133516 0.389677 -0.249381 -0.00169797 -0.197414 0.00820172 -0.000190738 0.391585 -0.251971 -0.0030118 
23 -0.0082016 0.0173569 -0.0230793 -1.3947 0.000953689 -0.685321 0.012398 1.39317 0.00133516 0.670825 0.00514992 -0.200847 -0.00934615 0.00133516 0.389677 -0.249381 -0.00169797 -0.197414 0.00820172 -0.000190738 0.391585 -0.251971 -0.0030118 
23 -0.0082016 0.0173569 -0.0261311 -1.3947 0.000953689 -0.689136 0.00972763 1.39317 0.00133516 0.675021 0.00514992 -0.200847 -0.00934615 0.00133516 0.389677 -0.249381 -0.00169797 -0.197414 0.00820172 0.000190738 0.391585 -0.251971 -0.0030118 
23 -0.0082016 0.0173569 -0.0288014 -1.3947 0.000953689 -0.692569 0.00743877 1.39317 0.00133516 0.678836 0.00514992 -0.200847 -0.00934615 0.00133516 0.389677 -0.249381 -0.00169797 -0.197414 0.00820172 0.000190738 0.391585 -0.251971 -0.0030118 
23 -0.0082016 0.0173569 -0.0314717 -1.3947 0.000953689 -0.696002 0.00514992 1.39317 0.00133516 0.682651 0.00514992 -0.200847 -0.00934615 0.00133516 0.389677 -0.249381 -0.00169797 -0.197414 0.00820172 0.000190738 0.391585 -0.251971 -0.0030118 
23 -0.0082016 0.0173569 -0.0341421 -1.3947 0.000953689 -0.699817 0.00247959 1.39317 0.00133516 0.686847 0.00514992 -0.200847 -0.00934615 0.00133516 0.389677 -0.249381 -0.00169797 -0.197414 0.00820172 0.000190738 0.391585 -0.251971 -0.0030118 
23 -0.0082016 0.0173569 -0.0371939 -1.3947 0.000953689 -0.70325 0.000572213 1.39317 0.00133516 0.690661 0.00514992 -0.200847 -0.00934615 0.00133516 0.389677 -0.249381 -0.00169797 -0.197414 0.00820172 0.000190738 0.391585 -0.251971 -0.0030118 
23 -0.0082016 0.0173569 -0.0394827 -1.3947 0.000953689 -0.707065 -0.00209812 1.39317 0.00133516 0.695239 0.00514992 -0.200847 -0.00934615 0.00133516 0.389677 -0.249381 -0.00169797 -0.197414 0.00820172 -0.000190738 0.391585 -0.251971 -0.0030118 
23 -0.0082016 0.0173569 -0.0425345 -1.3947 0.000953689 -0.710117 -0.00438697 1.39317 0.00133516 0.699054 0.00514992 -0.200847 -0.00934615 0.00133516 0.389677 -0.249381 -0.00169797 -0.197414 0.00820172 -0.000190738 0.391585 -0.251971 -0.0030118 
23 -0.0082016 0.0173569 -0.0452049 -1.3947 0.000953689 -0.713932 -0.00667582 1.39317 0.00133516 0.70325 0.00514992 -0.200847 -0.00934615 0.00133516 0.389677 -0.249381 -0.00169797 -0.197414 0.00820172 -0.000190738 0.391585 -0.251971 -0.0030118 
23 -0.0082016 0.0173569 -0.0478752 -1.3947 0.000953689 -0.717746 -0.00934615 1.39317 0.00133516 0.707446 0.00514992 -0.200847 -0.00934615 0.00133516 0.389677 -0.249381 -0.00169797 -0.197414 0.00820172 -0.000190738 0.391585 -0.251971 -0.0030118 
23 -0.0082016 0.0173569 -0.050927 -1.3947 0.000953689 -0.72118 -0.011635 1.39317 0.00133516 0.712024 0.00514992 -0.200847 -0.00934615 0.00133516 0.389677 -0.249381 -0.00169797 -0.197414 0.00820172 -0.000190738 0.391585 -0.251971 -0.0030118 
23 -0.0082016 0.0173569 -0.0535973 -1.3947 0.000953689 -0.724994 -0.0139239 1.39317 0.00133516 0.71622 0.00514992 -0.200847 -0.00934615 0.00133516 0.389677 -0.249381 -0.00169797 -0.197414 0.00820172 -0.000190738 0.391585 -0.251971 -0.0030118 
23 -0.0082016 0.0173569 -0.0562676 -1.3947 0.000953689 -0.728428 -0.0169757 1.39317 0.00133516 0.720417 0.00514992 -0.200847 -0.00934615 0.00133516 0.389677 -0.249381 -0.00169797 -0.197414 0.00820172 -0.000190738 0.391585 -0.251971 -0.0030118 
23 -0.0082016 0.0173569 -0.0593194 -1.3947 0.000953689 -0.732242 -0.018883 1.39317 0.00133516 0.725376 0.00514992 -0.200847 -0.00934615 0.00133516 0.389677 -0.249381 -0.00169797 -0.197414 0.00820172 -0.000190738 0.391585 -0.251971 -0.0030118 
23 -0.0082016 0.0173569 -0.0619898 -1.3947 0.000953689 -0.735676 -0.0215534 1.39317 0.00133516 0.729191 0.00514992 -0.200847 -0.00934615 0.00133516 0.389677 -0.249381 -0.00169797 -0.197414 0.00820172 -0.000190738 0.391585 -0.251971 -0.0030118 
23 -0.0082016 0.0173569 -0.0646601 -1.3947 0.000953689 -0.73949 -0.0238422 1.39317 0.00133516 0.73415 0.00514992 -0.200847 -0.00934615 0.00133516 0.389677 -0.249381 -0.00169797 -0.197414 0.00820172 -0.000190738 0.391585 -0.251971 -0.0030118 
23 -0.0082016 0.0173569 -0.0677119 -1.3947 0.000953689 -0.743687 -0.0265126 1.39317 0.00133516 0.738727 0.00514992 -0.200847 -0.00934615 0.00133516 0.389677 -0.249381 -0.00169797 -0.197414 0.00820172 -0.000190738 0.391585 -0.251971 -0.0030118 
23 -0.0082016 0.0173569 -0.0703822 -1.3947 0.000953689 -0.74712 -0.0291829 1.39317 0.00133516 0.743305 0.00514992 -0.200847 -0.00934615 0.00133516 0.389677 -0.249381 -0.00169797 -0.197414 0.00820172 -0.000190738 0.391585 -0.251971 -0.0030118 
23 -0.0082016 0.0173569 -0.0730526 -1.3947 0.000953689 -0.751316 -0.0314717 1.39317 0.00133516 0.747501 0.00514992 -0.200847 -0.00934615 0.00133516 0.389677 -0.249381 -0.00169797 -0.197414 0.00820172 -0.000190738 0.391585 -0.251971 -0.0030118 
23 -0.00782013 0.0173569 -0.0761044 -1.3947 0.000953689 -0.754749 -0.0341421 1.39317 0.00133516 0.752461 0.00514992 -0.200847 -0.00934615 0.00133516 0.389677 -0.249381 -0.00169797 -0.197414 0.00820172 -0.000190738 0.391585 -0.251971 -0.0030118 
23 -0.0082016 0.0173569 -0.0787747 -1.3947 0.000953689 -0.758564 -0.0368124 1.39317 0.00133516 0.75742 0.00514992 -0.200847 -0.00934615 0.00133516 0.389677 -0.249381 -0.00169797 -0.197414 0.00820172 -0.000190738 0.391585 -0.251971 -0.0030118 
23 -0.0082016 0.0173569 -0.0818265 -1.3947 0.000953689 -0.76276 -0.0391012 1.39317 0.00133516 0.761997 0.00514992 -0.200847 -0.00934615 0.00133516 0.389677 -0.249381 -0.00169797 -0.197414 0.00820172 -0.000190738 0.391585 -0.251971 -0.0030118 
23 -0.0082016 0.0173569 -0.0848783 -1.3947 0.000953689 -0.766575 -0.0417716 1.39355 0.00133516 0.766575 0.00514992 -0.200847 -0.00934615 0.00133516 0.389677 -0.249381 -0.00169797 -0.197414 0.00820172 -0.000190738 0.391585 -0.251971 -0.0030118 
23 -0.0082016 0.0173569 -0.0875486 -1.3947 0.000953689 -0.77039 -0.0440604 1.39355 0.00133516 0.771534 0.00514992 -0.200847 -0.00934615 0.00133516 0.389677 -0.249381 -0.00169797 -0.197414 0.00820172 -0.000190738 0.391585 -0.251971 -0.0030118 
23 -0.00782013 0.0173569 -0.090219 -1.3947 0.000953689 -0.774586 -0.0471122 1.39355 0.00133516 0.776875 0.00514992 -0.200847 -0.00934615 0.00133516 0.389677 -0.249381 -0.00169797 -0.197414 0.00820172 -0.000190738 0.391585 -0.251971 -0.0030118 
23 -0.0082016 0.0173569 -0.0932708 -1.3947 0.000953689 -0.778401 -0.0494011 1.39355 0.00133516 0.781834 0.00514992 -0.200847 -0.00934615 0.00133516 0.389677 -0.249381 -0.00169797 -0.197414 0.00820172 -0.000190738 0.391585 -0.251971 -0.0030118 
23 -0.0082016 0.0173569 -0.0963226 -1.3947 0.000953689 -0.782216 -0.0516899 1.39355 0.00133516 0.786412 0.00514992 -0.200847 -0.00934615 0.00133516 0.389677 -0.249381 -0.00169797 -0.197414 0.00820172 -0.000190738 0.391585 -0.251971 -0.0030118 
23 -0.0082016 0.0173569 -0.0993744 -1.3947 0.000953689 -0.786412 -0.0543603 1.39355 0.00133516 0.791371 0.00514992 -0.200847 -0.00934615 0.00133516 0.389677 -0.249381 -0.00169797 -0.197414 0.00820172 -0.000190738 0.391585 -0.251971 -0.0030118 
23 -0.0082016 0.0173569 -0.102045 -1.3947 0.000953689 -0.790608 -0.0566491 1.39355 0.00133516 0.796712 0.00514992 -0.200847 -0.00934615 0.00133516 0.389677 -0.249381 -0.00169797 -0.197414 0.00820172 -0.000190738 0.391585 -0.251971 -0.0030118 
23 -0.00782013 0.0173569 -0.105097 -1.3947 0.000953689 -0.794423 -0.0593194 1.39355 0.00133516 0.801671 0.00514992 -0.200847 -0.00934615 0.00133516 0.389677 -0.249381 -0.00169797 -0.197414 0.00820172 0.000190738 0.391585 -0.251971 -0.0030118 
23 -0.0082016 0.0173569 -0.107767 -1.3947 0.000953689 -0.798238 -0.0616083 1.39355 0.00133516 0.807012 0.00514992 -0.200847 -0.00934615 0.00133516 0.389677 -0.249381 -0.00169797 -0.197414 0.00820172 0.000190738 0.391585 -0.251971 -0.0030118 
23 -0.0082016 0.0173569 -0.1112 -1.3947 0.000953689 -0.802815 -0.0638972 1.39355 0.00133516 0.811971 0.00514992 -0.200847 -0.00934615 0.00133516 0.389677 -0.249381 -0.00169797 -0.197414 0.00820172 -0.000190738 0.391585 -0.251971 -0.0030118 
23 -0.0082016 0.0173569 -0.11387 -1.3947 0.000953689 -0.807012 -0.0665675 1.39355 0.00133516 0.817311 0.00514992 -0.200847 -0.00934615 0.00133516 0.389677 -0.249381 -0.00169797 -0.197414 0.00820172 -0.000190738 0.391585 -0.251971 -0.0030118 
23 -0.00782013 0.0173569 -0.116922 -1.3947 0.000953689 -0.810826 -0.0688563 1.39355 0.00133516 0.822652 0.00514992 -0.200847 -0.00934615 0.00133516 0.389677 -0.249381 -0.00169797 -0.197414 0.00820172 0.000190738 0.391585 -0.251971 -0.0030118 
23 -0.0082016 0.0173569 -0.119593 -1.3947 0.000953689 -0.815023 -0.0715267 1.39355 0.00133516 0.827993 0.00476844 -0.200847 -0.00934615 0.00133516 0.389677 -0.249381 -0.00169797 -0.197414 0.00820172 -0.000190738 0.391585 -0.251971 -0.0030118 
23 -0.0082016 0.0173569 -0.123026 -1.3947 0.000953689 -0.8196 -0.0738155 1.39355 0.00133516 0.833333 0.00476844 -0.200847 -0.00934615 0.00133516 0.389677 -0.249381 -0.00169797 -0.197414 0.00820172 0.000190738 0.391585 -0.251971 -0.0030118 
23 -0.0082016 0.0173569 -0.125696 -1.3947 0.000953689 -0.823415 -0.0761044 1.39355 0.00133516 0.838674 0.00476844 -0.200847 -0.00934615 0.00133516 0.389677 -0.249381 -0.00169797 -0.197414 0.00820172 -0.000190738 0.391585 -0.251971 -0.0030118 
23 -0.0082016 0.0173569 -0.128748 -1.3947 0.000953689 -0.827611 -0.0791562 1.39355 0.00133516 0.844015 0.00476844 -0.200847 -0.00934615 0.00133516 0.389677 -0.249381 -0.00169797 -0.197414 0.00820172 -0.000190738 0.391585 -0.251971 -0.0030118 
23 -0.0082016 0.0173569 -0.1318 -1.3947 0.000953689 -0.832189 -0.0810636 1.39355 0.00133516 0.849355 0.00476844 -0.200847 -0.00934615 0.00133516 0.389677 -0.249381 -0.00169797 -0.197414 0.00820172 -0.000190738 0.391585 -0.251971 -0.0030118 
23 -0.0082016 0.0173569 -0.135233 -1.3947 0.000953689 -0.836004 -0.0837339 1.39355 0.00133516 0.854315 0.00476844 -0.200847 -0.00934615 0.00133516 0.389677 -0.249381 -0.00169797 -0.197414 0.00820172 -0.000190738 0.391585 -0.251971 -0.0030118 
23 -0.0082016 0.0173569 -0.137903 -1.3947 0.000953689 -0.8402 -0.0864042 1.39355 0.00133516 0.860037 0.00476844 -0.200847 -0.00934615 0.00133516 0.389677 -0.249381 -0.00169797 -0.197414 0.00820172 -0.000190738 0.391585 -0.251971 -0.0030118 
23 -0.0082016 0.0173569 -0.140955 -1.3947 0.000953689 -0.844778 -0.0886931 1.39355 0.00133516 0.865377 0.00476844 -0.200847 -0.00934615 0.00133516 0.389677 -0.249381 -0.00169797 -0.197414 0.00820172 -0.000190738 0.391585 -0.251971 -0.0030118 
23 -0.0082016 0.0173569 -0.144007 -1.3947 0.000953689 -0.849355 -0.0917449 1.39355 0.00133516 0.871099 0.00476844 -0.200847 -0.00934615 0.00133516 0.389677 -0.249381 -0.00169797 -0.197414 0.00820172 -0.000190738 0.391585 -0.251971 -0.0030118 
23 -0.0082016 0.0173569 -0.147059 -1.3947 0.000953689 -0.853552 -0.0936522 1.39355 0.00133516 0.876822 0.00476844 -0.200847 -0.00934615 0.00133516 0.389677 -0.249381 -0.00169797 -0.197414 0.00820172 -0.000190738 0.391585 -0.251971 -0.0030118 
23 -0.0082016 0.0173569 -0.150111 -1.3947 0.000953689 -0.857748 -0.0967041 1.39355 0.00133516 0.882162 0.00438697 -0.200847 -0.00934615 0.00133516 0.389677 -0.249381 -0.00169797 -0.197414 0.00820172 -0.000190738 0.391585 -0.251971 -0.0030118 
23 -0.0082016 0.0173569 -0.153162 -1.3947 0.000953689 -0.861944 -0.0989929 1.39355 0.00133516 0.888266 0.00438697 -0.200847 -0.00934615 0.00133516 0.389677 -0.249381 -0.00169797 -0.197414 0.00820172 -0.000190738 0.391585 -0.251971 -0.0030118 
23 -0.0082016 0.0173569 -0.155833 -1.39432 0.000953689 -0.86614 -0.101663 1.39355 0.00133516 0.893606 0.00438697 -0.200847 -0.00934615 0.00133516 0.389677 -0.249381 -0.00169797 -0.197414 0.00820172 -0.000190738 0.391585 -0.251971 -0.0030118 
23 -0.0082016 0.0173569 -0.158885 -1.39432 0.000953689 -0.870718 -0.104334 1.39394 0.00171664 0.898947 0.00438697 -0.200847 -0.00934615 0.00133516 0.389677 -0.249381 -0.00169797 -0.197414 0.00820172 -0.000190738 0.391585 -0.251971 -0.0030118 
23 -0.0082016 0.0173569 -0.161936 -1.39432 0.000953689 -0.875296 -0.106622 1.39394 0.00171664 0.904669 0.00438697 -0.200847 -0.00934615 0.00133516 0.389677 -0.249381 -0.00169797 -0.197414 0.00820172 -0.000190738 0.391585 -0.251971 -0.0030118 
23 -0.0082016 0.0173569 -0.164988 -1.39432 0.000953689 -0.879492 -0.109674 1.39394 0.00171664 0.910391 0.00438697 -0.200847 -0.00934615 0.00133516 0.389677 -0.249381 -0.00169797 -0.197414 0.00820172 -0.000190738 0.391585 -0.251971 -0.0030118 
23 -0.0082016 0.0173569 -0.16804 -1.39432 0.000953689 -0.883307 -0.111963 1.39394 0.00171664 0.915732 0.00438697 -0.200847 -0.00934615 0.00133516 0.389677 -0.249381 -0.00169797 -0.197414 0.00820172 -0.000190738 0.391585 -0.251971 -0.0030118 
23 -0.0082016 0.0173569 -0.171092 -1.39432 0.000953689 -0.888266 -0.114633 1.39394 0.00171664 0.921836 0.00438697 -0.200847 -0.00934615 0.00133516 0.389677 -0.249381 -0.00169797 -0.197414 0.00820172 -0.000190738 0.391585 -0.251971 -0.0030118 
23 -0.0082016 0.0173569 -0.174144 -1.39432 0.000953689 -0.892462 -0.117304 1.39394 0.00171664 0.927558 0.00438697 -0.200847 -0.00934615 0.00133516 0.389677 -0.249381 -0.00169797 -0.197414 0.00820172 -0.000190738 0.391585 -0.251971 -0.0030118 
23 -0.0082016 0.0173569 -0.176814 -1.39432 0.000953689 -0.896658 -0.119593 1.39394 0.00171664 0.93328 0.00438697 -0.200847 -0.00934615 0.00133516 0.389677 -0.249381 -0.00169797 -0.197414 0.00820172 -0.000190738 0.391585 -0.251971 -0.0030118 
23 -0.0082016 0.0173569 -0.179866 -1.39432 0.000953689 -0.901236 -0.122644 1.39432 0.00171664 0.939384 0.00476844 -0.200847 -0.00934615 0.00133516 0.389677 -0.249381 -0.00169797 -0.197414 0.00820172 -0.000190738 0.391585 -0.251971 -0.0030118 
23 -0.0082016 0.0173569 -0.182918 -1.39432 0.000953689 -0.905814 -0.124933 1.39432 0.00171664 0.945106 0.00476844 -0.200847 -0.00934615 0.00133516 0.389677 -0.249381 -0.00169797 -0.197414 0.00820172 -0.000190738 0.391585 -0.251971 -0.0030118 
23 -0.0082016 0.0173569 -0.185969 -1.39432 0.000953689 -0.909628 -0.127985 1.39432 0.00171664 0.951209 0.00476844 -0.200847 -0.00934615 0.00133516 0.389677 -0.249381 -0.00169797 -0.197414 0.00820172 -0.000190738 0.391585 -0.251971 -0.0030118 
23 -0.0082016 0.0173569 -0.18864 -1.39432 0.000953689 -0.914206 -0.130274 1.3947 0.00171664 0.956931 0.00476844 -0.200847 -0.00934615 0.00133516 0.389677 -0.249381 -0.00169797 -0.197414 0.00820172 -0.000190738 0.391585 -0.251971 -0.0030118 
23 -0.0082016 0.0173569 -0.191691 -1.39432 0.000953689 -0.919165 -0.132944 1.3947 0.00171664 0.963035 0.00476844 -0.200847 -0.00934615 0.00133516 0.389677 -0.249381 -0.00169797 -0.197414 0.00820172 -0.000190738 0.391585 -0.251971 -0.0030118 
23 -0.0082016 0.0173569 -0.194743 -1.39432 0.000953689 -0.923362 -0.135615 1.3947 0.00209812 0.968757 0.00476844 -0.200847 -0.00934615 0.00133516 0.389677 -0.249381 -0.00169797 -0.197414 0.00820172 -0.000190738 0.391585 -0.251971 -0.0030118 
23 -0.0082016 0.0173569 -0.197795 -1.39432 0.000953689 -0.927558 -0.137903 1.39508 0.00209812 0.974861 0.00476844 -0.200847 -0.00934615 0.00133516 0.389677 -0.249381 -0.00169797 -0.197414 0.00820172 -0.000190738 0.391585 -0.251971 -0.0030118 
23 -0.0082016 0.0173569 -0.200847 -1.39432 0.000953689 -0.932136 -0.141337 1.39508 0.00209812 0.980583 0.00476844 -0.200847 -0.00934615 0.00133516 0.389677 -0.249381 -0.00169797 -0.197414 0.00820172 -0.000190738 0.391585 -0.251971 -0.0030118 
23 -0.0082016 0.0173569 -0.203899 -1.39432 0.000953689 -0.936713 -0.143626 1.39546 0.00209812 0.986305 0.00476844 -0.200847 -0.00934615 0.00133516 0.389677 -0.249381 -0.00169797 -0.197414 0.00820172 0.000190738 0.391585 -0.251971 -0.0030118 
23 -0.0082016 0.0173569 -0.206569 -1.39432 0.000953689 -0.940909 -0.146296 1.39546 0.00209812 0.992409 0.00476844 -0.200847 -0.00934615 0.00133516 0.389677 -0.249381 -0.00169797 -0.197414 0.00820172 -0.000190738 0.391585 -0.251971 -0.0030118 
23 -0.0082016 0.0173569 -0.210002 -1.39432 0.000953689 -0.945487 -0.148585 1.39546 0.00247959 0.998131 0.00476844 -0.200847 -0.00934615 0.00133516 0.389677 -0.249381 -0.00169797 -0.197414 0.00820172 -0.000190738 0.391585 -0.251971 -0.0030118 
23 -0.0082016 0.0173569 -0.212673 -1.3947 0.000953689 -0.950446 -0.151255 1.39584 0.00247959 1.00385 0.00476844 -0.200847 -0.00934615 0.00133516 0.389677 -0.249381 -0.00169797 -0.197414 0.00820172 -0.000190738 0.391585 -0.251971 -0.0030118 
23 -0.0082016 0.0173569 -0.216106 -1.3947 0.000953689 -0.954643 -0.154307 1.39584 0.00247959 1.00996 0.00476844 -0.200847 -0.00934615 0.00133516 0.389677 -0.249381 -0.00169797 -0.197414 0.00820172 -0.000190738 0.391585 -0.251971 -0.0030118 
23 -0.0082016 0.0173569 -0.218776 -1.3947 0.000953689 -0.95922 -0.156596 1.39584 0.00247959 1.01606 0.00476844 -0.200847 -0.00934615 0.00133516 0.389677 -0.249381 -0.00169797 -0.197414 0.00820172 -0.000190738 0.391585 -0.251971 -0.0030118 
23 -0.0082016 0.0173569 -0.22221 -1.3947 0.000953689 -0.963798 -0.159266 1.39584 0.00286107 1.02216 0.00476844 -0.200847 -0.00934615 0.00133516 0.389677 -0.249381 -0.00169797 -0.197414 0.00820172 -0.000190738 0.391585 -0.251971 -0.0030118 
23 -0.0082016 0.0173569 -0.225261 -1.3947 0.000953689 -0.968757 -0.161555 1.39622 0.00286107 1.02789 0.00476844 -0.200847 -0.00934615 0.00133516 0.389677 -0.249381 -0.00169797 -0.197414 0.00820172 -0.000190738 0.391585 -0.251971 -0.0030118 
23 -0.0082016 0.0173569 -0.228313 -1.3947 0.000953689 -0.972953 -0.164607 1.39622 0.00286107 1.03399 0.00476844 -0.200847 -0.00934615 0.00133516 0.389677 -0.249381 -0.00169797 -0.197414 0.00820172 -0.000190738 0.391585 -0.251971 -0.0030118 
23 -0.0082016 0.0173569 -0.231365 -1.3947 0.000953689 -0.977531 -0.166896 1.39622 0.00286107 1.04009 0.00476844 -0.200847 -0.00934615 0.00133516 0.389677 -0.249381 -0.00169797 -0.197414 0.00820172 -0.000190738 0.391585 -0.251971 -0.0030118 
23 -0.0082016 0.0173569 -0.234417 -1.3947 0.000953689 -0.98249 -0.169184 1.39622 0.00324254 1.04658 0.00476844 -0.200847 -0.00934615 0.00133516 0.389677 -0.249381 -0.00169797 -0.197414 0.00820172 0.000190738 0.391585 -0.251971 -0.0030118 
23 -0.0082016 0.0173569 -0.237469 -1.3947 0.000953689 -0.987068 -0.172236 1.39622 0.00324254 1.0523 0.00476844 -0.200847 -0.00934615 0.00133516 0.389677 -0.249381 -0.00169797 -0.197414 0.00820172 0.000190738 0.391585 -0.251971 -0.0030118 
23 -0.0082016 0.0173569 -0.24052 -1.3947 0.000953689 -0.991646 -0.174525 1.39622 0.00324254 1.0584 0.00476844 -0.200847 -0.00934615 0.00133516 0.389677 -0.249381 -0.00169797 -0.197414 0.00820172 0.000190738 0.391585 -0.251971 -0.0030118 
23 -0.0082016 0.0173569 -0.243572 -1.3947 0.000953689 -0.996223 -0.177195 1.39622 0.00324254 1.06489 0.00476844 -0.200847 -0.00934615 0.00133516 0.389677 -0.249381 -0.00169797 -0.197414 0.00820172 0.000190738 0.391585 -0.251971 -0.0030118 
23 -0.0082016 0.0173569 -0.246624 -1.39508 0.000953689 -1.0008 -0.179484 1.39622 0.00324254 1.07061 0.00476844 -0.200847 -0.00934615 0.00133516 0.389677 -0.249381 -0.00169797 -0.197414 0.00820172 0.000190738 0.391585 -0.251971 -0.0030118 
23 -0.0082016 0.0173569 -0.249676 -1.39508 0.000953689 -1.00576 -0.181773 1.39622 0.00324254 1.07671 0.00476844 -0.200847 -0.00934615 0.00133516 0.389677 -0.249381 -0.00169797 -0.197414 0.00820172 0.000190738 0.391585 -0.251971 -0.0030118 
23 -0.0082016 0.0173569 -0.252728 -1.39508 0.000953689 -1.00996 -0.184825 1.39622 0.00324254 1.0832 0.00476844 -0.200847 -0.00934615 0.00133516 0.389677 -0.249381 -0.00169797 -0.197414 0.00820172 -0.000190738 0.391585 -0.251971 -0.0030118 
23 -0.0082016 0.0173569 -0.256161 -1.39508 0.000953689 -1.01492 -0.187114 1.39622 0.00324254 1.0893 0.00476844 -0.200847 -0.00934615 0.00133516 0.389677 -0.249381 -0.00169797 -0.197414 0.00820172 -0.000190738 0.391585 -0.251971 -0.0030118 
23 -0.0082016 0.0173569 -0.259213 -1.39508 0.000953689 -1.01949 -0.190166 1.39622 0.00324254 1.09541 0.00438697 -0.200847 -0.00934615 0.00133516 0.389677 -0.249381 -0.00169797 -0.197414 0.00820172 -0.000190738 0.391585 -0.251971 -0.0030118 
23 -0.0082016 0.0173569 -0.262264 -1.39508 0.000953689 -1.02445 -0.192073 1.39622 0.00324254 1.10151 0.00438697 -0.200847 -0.00934615 0.00133516 0.389677 -0.249381 -0.00169797 -0.197414 0.00820172 -0.000190738 0.391585 -0.251971 -0.0030118 
23 -0.0082016 0.0173569 -0.265316 -1.39508 0.000953689 -1.02903 -0.194743 1.39622 0.00324254 1.10761 0.00438697 -0.200847 -0.00934615 0.00133516 0.389677 -0.249381 -0.00169797 -0.197414 0.00820172 -0.000190738 0.391585 -0.251971 -0.0030118 
23 -0.0082016 0.0173569 -0.268368 -1.39508 0.000953689 -1.03361 -0.197414 1.39661 0.00324254 1.11372 0.00438697 -0.200847 -0.00934615 0.00133516 0.389677 -0.249381 -0.00169797 -0.197414 0.00820172 -0.000190738 0.391585 -0.251971 -0.0030118 
23 -0.0082016 0.0173569 -0.27142 -1.39508 0.000953689 -1.03857 -0.199702 1.39661 0.00324254 1.1202 0.00438697 -0.200847 -0.00934615 0.00133516 0.389677 -0.249381 -0.00169797 -0.197414 0.00820172 -0.000190738 0.391585 -0.251971 -0.0030118 
23 -0.0082016 0.0173569 -0.274472 -1.39508 0.000953689 -1.04353 -0.202754 1.39661 0.00324254 1.12631 0.00438697 -0.200847 -0.00934615 0.00133516 0.389677 -0.249381 -0.00169797 -0.197414 0.00820172 -0.000190738 0.391585 -0.251971 -0.0030118 
23 -0.0082016 0.0173569 -0.277142 -1.39508 0.000953689 -1.0481 -0.205043 1.39661 0.00324254 1.13241 0.00438697 -0.200847 -0.00934615 0.00133516 0.389677 -0.249381 -0.00169797 -0.197414 0.00820172 -0.000190738 0.391585 -0.251971 -0.0030118 
23 -0.0082016 0.0173569 -0.280575 -1.39508 0.000953689 -1.05268 -0.207332 1.39661 0.00324254 1.13851 0.00438697 -0.200847 -0.00934615 0.00133516 0.389677 -0.249381 -0.00169797 -0.197414 0.00820172 -0.000190738 0.391585 -0.251971 -0.0030118 
23 -0.0082016 0.0173569 -0.283246 -1.39508 0.000953689 -1.05726 -0.210384 1.39661 0.00324254 1.14462 0.00438697 -0.200847 -0.00934615 0.00133516 0.389677 -0.249381 -0.00169797 -0.197414 0.00820172 -0.000190738 0.391585 -0.251971 -0.0030118 
23 -0.0082016 0.0173569 -0.286297 -1.39508 0.000953689 -1.06222 -0.212673 1.39661 0.00324254 1.1511 0.00438697 -0.200847 -0.00934615 0.00133516 0.389677 -0.249381 -0.00169797 -0.197414 0.00820172 -0.000190738 0.391585 -0.251971 -0.0030118 
23 -0.0082016 0.0173569 -0.289349 -1.39508 0.000953689 -1.0668 -0.215724 1.39661 0.00324254 1.15721 0.00438697 -0.200847 -0.00934615 0.00133516 0.389677 -0.249381 -0.00169797 -0.197414 0.00820172 -0.000190738 0.391585 -0.251971 -0.0030118 
23 -0.0082016 0.0173569 -0.292401 -1.39508 0.000953689 -1.07137 -0.218013 1.39661 0.00324254 1.16369 0.00438697 -0.200847 -0.00934615 0.00133516 0.389677 -0.249381 -0.00169797 -0.197414 0.00820172 -0.000190738 0.391585 -0.251971 -0.0030118 
23 -0.0082016 0.0173569 -0.295453 -1.39508 0.000953689 -1.07633 -0.220302 1.39661 0.00324254 1.16979 0.00438697 -0.200847 -0.00934615 0.00133516 0.389677 -0.249381 -0.00169797 -0.197414 0.00820172 -0.000190738 0.391585 -0.251971 -0.0030118 
23 -0.0082016 0.0173569 -0.298505 -1.39546 0.000953689 -1.08129 -0.222972 1.39661 0.00324254 1.1759 0.00438697 -0.200847 -0.00934615 0.00133516 0.389677 -0.249381 -0.00169797 -0.197414 0.00820172 -0.000190738 0.391585 -0.251971 -0.0030118 
23 -0.0082016 0.0173569 -0.301556 -1.39546 0.000953689 -1.08625 -0.225261 1.39661 0.00324254 1.18238 0.00438697 -0.200847 -0.00934615 0.00133516 0.389677 -0.249381 -0.00169797 -0.197414 0.00820172 -0.000190738 0.391585 -0.251971 -0.0030118 
23 -0.0082016 0.0173569 -0.304608 -1.39546 0.000953689 -1.09083 -0.228313 1.39661 0.00324254 1.18849 0.00438697 -0.200847 -0.00934615 0.00133516 0.389677 -0.249381 -0.00169797 -0.197414 0.00820172 -0.000190738 0.391585 -0.251971 -0.0030118 
23 -0.0082016 0.0173569 -0.307279 -1.39546 0.000953689 -1.09541 -0.230602 1.39661 0.00324254 1.19459 0.00476844 -0.200847 -0.00934615 0.00133516 0.389677 -0.249381 -0.00169797 -0.197414 0.00820172 -0.000190738 0.391585 -0.251971 -0.0030118 
23 -0.0082016 0.0173569 -0.310712 -1.39546 0.000953689 -1.10037 -0.233272 1.39661 0.00324254 1.20108 0.00476844 -0.200847 -0.00934615 0.00133516 0.389677 -0.249381 -0.00169797 -0.197414 0.00820172 -0.000190738 0.391585 -0.251971 -0.0030118 
23 -0.0082016 0.0173569 -0.313382 -1.39546 0.000953689 -1.10533 -0.235561 1.39699 0.00324254 1.20756 0.00476844 -0.200847 -0.00934615 0.00133516 0.389677 -0.249381 -0.00169797 -0.197414 0.00820172 -0.000190738 0.391585 -0.251971 -0.0030118 
23 -0.0082016 0.0173569 -0.316434 -1.39546 0.000953689 -1.1099 -0.238231 1.39699 0.00324254 1.21405 0.00476844 -0.200847 -0.00934615 0.00133516 0.389677 -0.249381 -0.00169797 -0.197414 0.00820172 -0.000190738 0.391585 -0.251971 -0.0030118 
23 -0.0082016 0.0173569 -0.319486 -1.39584 0.000953689 -1.11486 -0.241283 1.39699 0.00362402 1.22015 0.00476844 -0.200847 -0.00934615 0.00133516 0.389677 -0.249381 -0.00169797 -0.197414 0.00820172 -0.000190738 0.391585 -0.251971 -0.0030118 
23 -0.0082016 0.0173569 -0.322919 -1.39584 0.000953689 -1.11944 -0.243191 1.39699 0.00362402 1.22663 0.00476844 -0.200847 -0.00934615 0.00133516 0.389677 -0.249381 -0.00169797 -0.197414 0.00820172 -0.000190738 0.391585 -0.251971 -0.0030118 
23 -0.0082016 0.0173569 -0.325589 -1.39584 0.00133516 -1.12478 -0.246242 1.39699 0.00362402 1.23312 0.00476844 -0.200847 -0.00934615 0.00133516 0.389677 -0.249381 -0.00169797 -0.197414 0.00820172 -0.000190738 0.391585 -0.251971 -0.0030118 
23 -0.0082016 0.0173569 -0.329023 -1.39584 0.00133516 -1.12974 -0.248531 1.39699 0.00362402 1.2396 0.00476844 -0.200847 -0.00934615 0.00133516 0.389677 -0.249381 -0.00169797 -0.197414 0.00820172 -0.000190738 0.391585 -0.251971 -0.0030118 
23 -0.0082016 0.0173569 -0.331693 -1.39622 0.00133516 -1.13432 -0.251202 1.39699 0.00362402 1.24571 0.00476844 -0.200847 -0.00934615 0.00133516 0.389677 -0.249381 -0.00169797 -0.197414 0.00820172 -0.000190738 0.391585 -0.251971 -0.0030118 
23 -0.0082016 0.0173569 -0.334745 -1.39622 0.00133516 -1.13966 -0.253872 1.39699 0.00362402 1.25219 0.00476844 -0.200847 -0.00934615 0.00133516 0.389677 -0.249381 -0.00169797 -0.197414 0.00820172 -0.000190738 0.391585 -0.251971 -0.0030118 
23 -0.0082016 0.0173569 -0.337797 -1.39622 0.00133516 -1.14424 -0.256161 1.39699 0.00362402 1.25868 0.00476844 -0.200847 -0.00934615 0.00133516 0.389677 -0.249381 -0.00169797 -0.197414 0.00820172 0.000190738 0.391585 -0.251971 -0.0030118 
23 -0.0082016 0.0173569 -0.340848 -1.39622 0.00133516 -1.14958 -0.258831 1.39699 0.00362402 1.26478 0.00476844 -0.200847 -0.00934615 0.00133516 0.389677 -0.249381 -0.00169797 -0.197414 0.00820172 -0.000190738 0.391585 -0.251971 -0.0030118 
23 -0.0082016 0.0173569 -0.3439 -1.39622 0.00133516 -1.15454 -0.261501 1.39699 0.00362402 1.27127 0.00476844 -0.200847 -0.00934615 0.00133516 0.389677 -0.249381 -0.00169797 -0.197414 0.00820172 0.000190738 0.391585 -0.251971 -0.0030118 
23 -0.0082016 0.0173569 -0.347333 -1.39661 0.00133516 -1.15911 -0.26379 1.39699 0.00362402 1.27775 0.00476844 -0.200847 -0.00934615 0.00133516 0.389677 -0.249381 -0.00169797 -0.197414 0.00820172 0.000190738 0.391585 -0.251971 -0.0030118 
23 -0.0082016 0.0173569 -0.350004 -1.39661 0.00133516 -1.16407 -0.266461 1.39699 0.00362402 1.28386 0.00476844 -0.200847 -0.00934615 0.00133516 0.389677 -0.249381 -0.00169797 -0.197414 0.00820172 -0.000190738 0.391585 -0.251971 -0.0030118 
23 -0.0082016 0.0173569 -0.353056 -1.39661 0.00171664 -1.16903 -0.26875 1.39699 0.00362402 1.29034 0.00476844 -0.200847 -0.00934615 0.00133516 0.389677 -0.249381 -0.00169797 -0.197414 0.00820172 -0.000190738 0.391585 -0.251971 -0.0030118 
23 -0.0082016 0.0173569 -0.356107 -1.39661 0.00171664 -1.17437 -0.271801 1.39699 0.00362402 1.29683 0.00476844 -0.200847 -0.00934615 0.00133516 0.389677 -0.249381 -0.00169797 -0.197414 0.00820172 -0.000190738 0.391585 -0.251971 -0.0030118 
23 -0.0082016 0.0173569 -0.359541 -1.39699 0.00171664 -1.17895 -0.27409 1.39699 0.00362402 1.30293 0.00476844 -0.200847 -0.00934615 0.00133516 0.389677 -0.249381 -0.00169797 -0.197414 0.00820172 0.000190738 0.391585 -0.251971 -0.0030118 
23 -0.0082016 0.0173569 -0.362593 -1.39699 0.00171664 -1.18353 -0.276761 1.39699 0.00362402 1.30903 0.00476844 -0.200847 -0.00934615 0.00133516 0.389677 -0.249381 -0.00169797 -0.197414 0.00820172 -0.000190738 0.391585 -0.251971 -0.0030118 
23 -0.0082016 0.0173569 -0.365263 -1.39699 0.00171664 -1.18849 -0.279431 1.39699 0.00362402 1.31552 0.00476844 -0.200847 -0.00934615 0.00133516 0.389677 -0.249381 -0.00169797 -0.197414 0.00820172 -0.000190738 0.391585 -0.251971 -0.0030118 
23 -0.0082016 0.0173569 -0.368315 -1.39699 0.00171664 -1.19345 -0.28172 1.39737 0.00400549 1.32162 0.00476844 -0.200847 -0.00934615 0.00133516 0.389677 -0.249381 -0.00169797 -0.197414 0.00820172 -0.000190738 0.391585 -0.251971 -0.0030118 
23 -0.0082016 0.0173569 -0.371366 -1.39737 0.00171664 -1.19841 -0.28439 1.39737 0.00400549 1.32811 0.00476844 -0.200847 -0.00934615 0.00133516 0.389677 -0.249381 -0.00169797 -0.197414 0.00820172 -0.000190738 0.391585 -0.251971 -0.0030118 
23 -0.0082016 0.0173569 -0.374418 -1.39737 0.00171664 -1.20298 -0.28706 1.39737 0.00400549 1.33421 0.00476844 -0.200847 -0.00934615 0.00133516 0.389677 -0.249381 -0.00169797 -0.197414 0.00820172 -0.000190738 0.391585 -0.251971 -0.0030118 
23 -0.0082016 0.0173569 -0.37747 -1.39737 0.00209812 -1.20794 -0.290112 1.39737 0.00400549 1.34031 0.00476844 -0.200847 -0.00934615 0.00133516 0.389677 -0.249381 -0.00169797 -0.197414 0.00820172 -0.000190738 0.391585 -0.251971 -0.0030118 
23 -0.0082016 0.0173569 -0.380522 -1.39775 0.00209812 -1.2129 -0.29202 1.39737 0.00400549 1.3468 0.00476844 -0.200847 -0.00934615 0.00133516 0.389677 -0.249381 -0.00169797 -0.197414 0.00820172 -0.000190738 0.391585 -0.251971 -0.0030118 
23 -0.0082016 0.0173569 -0.383574 -1.39775 0.00209812 -1.21786 -0.29469 1.39737 0.00438697 1.3529 0.00476844 -0.200847 -0.00934615 0.00133516 0.389677 -0.249381 -0.00169797 -0.197414 0.00820172 0.000190738 0.391585 -0.251971 -0.0030118 
23 -0.0082016 0.0173569 -0.386244 -1.39775 0.00209812 -1.22244 -0.297742 1.39737 0.00438697 1.35901 0.00476844 -0.200847 -0.00934615 0.00133516 0.389677 -0.249381 -0.00169797 -0.197414 0.00820172 0.000190738 0.391585 -0.251971 -0.0030118 
23 -0.0082016 0.0173569 -0.389296 -1.39813 0.00209812 -1.22702 -0.299649 1.39737 0.00438697 1.36511 0.00476844 -0.200847 -0.00934615 0.00133516 0.389677 -0.249381 -0.00169797 -0.197414 0.00820172 0.000190738 0.391585 -0.251971 -0.0030118 
23 -0.0082016 0.0173569 -0.392348 -1.39813 0.00247959 -1.23198 -0.302701 1.39737 0.00438697 1.37121 0.00476844 -0.200847 -0.00934615 0.00133516 0.389677 -0.249381 -0.00169797 -0.197414 0.00820172 0.000190738 0.391585 -0.251971 -0.0030118 
23 -0.0082016 0.0173569 -0.395018 -1.39813 0.00247959 -1.23693 -0.30499 1.39775 0.00476844 1.37694 0.00476844 -0.200847 -0.00934615 0.00133516 0.389677 -0.249381 -0.00169797 -0.197414 0.00820172 -0.000190738 0.391585 -0.251971 -0.0030118 
23 -0.0082016 0.0173569 -0.39807 -1.39851 0.00247959 -1.24113 -0.30766 1.39775 0.00476844 1.38304 0.00438697 -0.200847 -0.00934615 0.00133516 0.389677 -0.249381 -0.00169797 -0.197414 0.00820172 -0.000190738 0.391585 -0.251971 -0.0030118 
23 -0.0082016 0.0173569 -0.40074 -1.39851 0.00247959 -1.24571 -0.31033 1.39775 0.00514992 1.38914 0.00438697 -0.200847 -0.00934615 0.00133516 0.389677 -0.249381 -0.00169797 -0.197414 0.00820172 -0.000190738 0.391585 -0.251971 -0.0030118 
23 -0.0082016 0.0173569 -0.403792 -1.39851 0.00247959 -1.25067 -0.312619 1.39775 0.00514992 1.39525 0.00438697 -0.200847 -0.00934615 0.00133516 0.389677 -0.249381 -0.00169797 -0.197414 0.00820172 -0.000190738 0.391585 -0.251971 -0.0030118 
23 -0.0082016 0.0173569 -0.406462 -1.39851 0.00286107 -1.25525 -0.315671 1.39775 0.00514992 1.40097 0.00438697 -0.200847 -0.00934615 0.00133516 0.389677 -0.249381 -0.00169797 -0.197414 0.00820172 -0.000190738 0.391585 -0.251971 -0.0030118 
23 -0.0082016 0.0173569 -0.409514 -1.39889 0.00286107 -1.25982 -0.31796 1.39775 0.0055314 1.40707 0.00438697 -0.200847 -0.00934615 0.00133516 0.389677 -0.249381 -0.00169797 -0.197414 0.00820172 -0.000190738 0.391585 -0.251971 -0.0030118 
23 -0.0082016 0.0173569 -0.412566 -1.39889 0.00286107 -1.2644 -0.32063 1.39775 0.00591287 1.41279 0.00438697 -0.200847 -0.00934615 0.00133516 0.389677 -0.249381 -0.00169797 -0.197414 0.00820172 -0.000190738 0.391585 -0.251971 -0.0030118 
23 -0.0082016 0.0173569 -0.415618 -1.39889 0.00286107 -1.26898 -0.323301 1.39775 0.00591287 1.41852 0.00438697 -0.200847 -0.00934615 0.00133516 0.389677 -0.249381 -0.00169797 -0.197414 0.00820172 -0.000190738 0.391585 -0.251971 -0.0030118 
23 -0.0082016 0.0173569 -0.418288 -1.39889 0.00286107 -1.27394 -0.325589 1.39775 0.00629435 1.42462 0.00438697 -0.200847 -0.00934615 0.00133516 0.389677 -0.249381 -0.00169797 -0.197414 0.00820172 -0.000190738 0.391585 -0.251971 -0.0030118 
23 -0.0082016 0.0173569 -0.42134 -1.39889 0.00324254 -1.27852 -0.328641 1.39775 0.00667582 1.42996 0.00400549 -0.200847 -0.00934615 0.00133516 0.389677 -0.249381 -0.00169797 -0.197414 0.00820172 -0.000190738 0.391585 -0.251971 -0.0030118 
23 -0.0082016 0.0173569 -0.42401 -1.39928 0.00324254 -1.28271 -0.33093 1.39775 0.00667582 1.43568 0.00400549 -0.200847 -0.00934615 0.00133516 0.389677 -0.249381 -0.00169797 -0.197414 0.00820172 -0.000190738 0.391585 -0.251971 -0.0030118 
23 -0.0082016 0.0173569 -0.42668 -1.39928 0.00324254 -1.28767 -0.333982 1.39775 0.0070573 1.44064 0.00400549 -0.200847 -0.00934615 0.00133516 0.389677 -0.249381 -0.00169797 -0.197414 0.00820172 -0.000190738 0.391585 -0.251971 -0.0030118 
23 -0.0082016 0.0173569 -0.429732 -1.39928 0.00324254 -1.29263 -0.336271 1.39775 0.00782025 1.44636 0.00362402 -0.200847 -0.00934615 0.00133516 0.389677 -0.249381 -0.00169797 -0.197414 0.00820172 -0.000190738 0.391585 -0.251971 -0.0030118 
23 -0.0082016 0.0173569 -0.432403 -1.39928 0.00362402 -1.29683 -0.338941 1.39775 0.00820172 1.45171 0.00362402 -0.200847 -0.00934615 0.00133516 0.389677 -0.249381 -0.00169797 -0.197414 0.00820172 -0.000190738 0.391585 -0.251971 -0.0030118 
23 -0.0082016 0.0173569 -0.435073 -1.39928 0.00362402 -1.3014 -0.341611 1.39775 0.0085832 1.45743 0.00324254 -0.200847 -0.00934615 0.00133516 0.389677 -0.249381 -0.00169797 -0.197414 0.00820172 -0.000190738 0.391585 -0.251971 -0.0030118 
23 -0.0082016 0.0173569 -0.438125 -1.39966 0.00362402 -1.30598 -0.3439 1.39775 0.00896468 1.46277 0.00324254 -0.200847 -0.00934615 0.00133516 0.389677 -0.249381 -0.00169797 -0.197414 0.00820172 -0.000190738 0.391585 -0.251971 -0.0030118 
23 -0.0082016 0.0173569 -0.440795 -1.39966 0.00362402 -1.31056 -0.346952 1.39775 0.00972763 1.46811 0.00324254 -0.200847 -0.00934615 0.00133516 0.389677 -0.249381 -0.00169797 -0.197414 0.00820172 -0.000190738 0.391585 -0.251971 -0.0030118 
23 -0.0082016 0.0173569 -0.443465 -1.39966 0.00400549 -1.31514 -0.349241 1.39775 0.0104906 1.47345 0.00324254 -0.200847 -0.00934615 0.00133516 0.389677 -0.249381 -0.00169797 -0.197414 0.00820172 -0.000190738 0.391585 -0.251971 -0.0030118 
23 -0.0082016 0.0173569 -0.446517 -1.40004 0.00400549 -1.31971 -0.352293 1.39775 0.0112535 1.47841 0.00324254 -0.200847 -0.00934615 0.00133516 0.389677 -0.249381 -0.00169797 -0.197414 0.00820172 -0.000190738 0.391585 -0.251971 -0.0030118 
23 -0.0082016 0.0173569 -0.449187 -1.40004 0.00400549 -1.32429 -0.354582 1.39775 0.0120165 1.48337 0.00324254 -0.200847 -0.00934615 0.00133516 0.389677 -0.249381 -0.00169797 -0.197414 0.00820172 -0.000190738 0.391585 -0.251971 -0.0030118 
23 -0.0082016 0.0173569 -0.451858 -1.40042 0.00400549 -1.32887 -0.35687 1.39775 0.0131609 1.48833 0.00324254 -0.200847 -0.00934615 0.00133516 0.389677 -0.249381 -0.00169797 -0.197414 0.00820172 -0.000190738 0.391585 -0.251971 -0.0030118 
23 -0.0082016 0.0173569 -0.454528 -1.4008 0.00400549 -1.33307 -0.359922 1.39775 0.0143053 1.49329 0.00286107 -0.200847 -0.00934615 0.00133516 0.389677 -0.249381 -0.00169797 -0.197414 0.00820172 -0.000190738 0.391585 -0.251971 -0.0030118 
23 -0.0082016 0.0173569 -0.457198 -1.40118 0.00438697 -1.33764 -0.362211 1.39775 0.0154498 1.49863 0.00286107 -0.200847 -0.00934615 0.00133516 0.389677 -0.249381 -0.00169797 -0.197414 0.00820172 0.000190738 0.391585 -0.251971 -0.0030118 
23 -0.0082016 0.0173569 -0.459869 -1.40118 0.00438697 -1.34222 -0.365263 1.39775 0.0165942 1.50282 0.00286107 -0.200847 -0.00934615 0.00133516 0.389677 -0.249381 -0.00169797 -0.197414 0.00820172 0.000190738 0.391585 -0.251971 -0.0030118 
23 -0.0082016 0.0173569 -0.462539 -1.40156 0.00438697 -1.34642 -0.367552 1.39775 0.0177386 1.5074 0.00286107 -0.200847 -0.00934615 0.00133516 0.389677 -0.249381 -0.00169797 -0.197414 0.00820172 0.000190738 0.391585 -0.251971 -0.0030118 
23 -0.0082016 0.0173569 -0.465209 -1.40195 0.00438697 -1.35061 -0.370222 1.39775 0.0185016 1.51236 0.00286107 -0.200847 -0.00934615 0.00133516 0.389677 -0.249381 -0.00169797 -0.197414 0.00820172 0.000190738 0.391585 -0.251971 -0.0030118 
23 -0.0082016 0.0173569 -0.46788 -1.40195 0.00476844 -1.35519 -0.372511 1.39775 0.0200275 1.51694 0.00286107 -0.200847 -0.00934615 0.00133516 0.389677 -0.249381 -0.00169797 -0.197414 0.00820172 0.000190738 0.391585 -0.251971 -0.0030118 
23 -0.0082016 0.0173569 -0.47055 -1.40233 0.00476844 -1.35939 -0.375181 1.39775 0.0207904 1.52075 0.00286107 -0.200847 -0.00934615 0.00133516 0.389677 -0.249381 -0.00169797 -0.197414 0.00820172 0.000190738 0.391585 -0.251971 -0.0030118 
23 -0.0082016 0.0173569 -0.47322 -1.40233 0.00476844 -1.36358 -0.377852 1.39775 0.0219348 1.52571 0.00286107 -0.200847 -0.00934615 0.00133516 0.389677 -0.249381 -0.00169797 -0.197414 0.00820172 -0.000190738 0.391585 -0.251971 -0.0030118 
23 -0.0082016 0.0173569 -0.475509 -1.40271 0.00514992 -1.36816 -0.38014 1.39775 0.0230793 1.52991 0.00286107 -0.200847 -0.00934615 0.00133516 0.389677 -0.249381 -0.00169797 -0.197414 0.00820172 -0.000190738 0.391585 -0.251971 -0.0030118 
23 -0.0082016 0.0173569 -0.47818 -1.40309 0.00514992 -1.37198 -0.382811 1.39775 0.0246052 1.53372 0.00286107 -0.200847 -0.00934615 0.00133516 0.389677 -0.249381 -0.00169797 -0.197414 0.00820172 0.000190738 0.391585 -0.251971 -0.0030118 
23 -0.0082016 0.0173569 -0.48085 -1.40347 0.0055314 -1.37617 -0.385481 1.39813 0.0261311 1.5383 0.00286107 -0.200847 -0.00934615 0.00133516 0.389677 -0.249381 -0.00169797 -0.197414 0.00820172 -0.000190738 0.391585 -0.251971 -0.0030118 
23 -0.0082016 0.0173569 -0.48352 -1.40385 0.0055314 -1.38075 -0.38777 1.39813 0.0272755 1.54288 0.00286107 -0.200847 -0.00934615 0.00133516 0.389677 -0.249381 -0.00169797 -0.197414 0.00820172 -0.000190738 0.391585 -0.251971 -0.0030118 
23 -0.00782013 0.0173569 -0.485809 -1.40424 0.00591287 -1.38457 -0.390822 1.39813 0.0288014 1.54669 0.00286107 -0.200847 -0.00934615 0.00133516 0.389677 -0.249381 -0.00169797 -0.197414 0.00820172 -0.000190738 0.391585 -0.251971 -0.0030118 
23 -0.00782013 0.0173569 -0.488098 -1.40462 0.00591287 -1.38876 -0.393111 1.39813 0.0303273 1.55089 0.00286107 -0.200847 -0.00934615 0.00133516 0.389677 -0.249381 -0.00169797 -0.197414 0.00820172 -0.000190738 0.391585 -0.251971 -0.0030118 
23 -0.0082016 0.0173569 -0.490768 -1.405 0.00629435 -1.39296 -0.395781 1.39813 0.0318532 1.55509 0.00286107 -0.200847 -0.00934615 0.00133516 0.389677 -0.249381 -0.00169797 -0.197414 0.00820172 -0.000190738 0.391585 -0.251971 -0.0030118 
23 -0.0082016 0.0173569 -0.493057 -1.40538 0.00629435 -1.39639 -0.39807 1.39813 0.0329976 1.55852 0.00286107 -0.200847 -0.00934615 0.00133516 0.389677 -0.249381 -0.00169797 -0.197414 0.00820172 0.000190738 0.391585 -0.251971 -0.0030118 
23 -0.0082016 0.0173569 -0.495727 -1.40576 0.00629435 -1.40059 -0.40074 1.39813 0.0345235 1.5631 0.00286107 -0.200847 -0.00934615 0.00133516 0.389677 -0.249381 -0.00169797 -0.197414 0.00820172 0.000190738 0.391585 -0.251971 -0.0030118 
23 -0.0082016 0.0173569 -0.498016 -1.40614 0.00667582 -1.40478 -0.40341 1.39813 0.0360494 1.56691 0.00286107 -0.200847 -0.00934615 0.00133516 0.389677 -0.249381 -0.00169797 -0.197414 0.00820172 -0.000190738 0.391585 -0.251971 -0.0030118 
23 -0.0082016 0.0173569 -0.499924 -1.40691 0.00667582 -1.40822 -0.405699 1.39813 0.0375753 1.57034 0.00286107 -0.200847 -0.00934615 0.00133516 0.389677 -0.249381 -0.00169797 -0.197414 0.00820172 0.000190738 0.391585 -0.251971 -0.0030118 
23 -0.00782013 0.0173569 -0.502594 -1.40767 0.0070573 -1.41241 -0.40837 1.39813 0.0394827 1.57454 0.00286107 -0.200847 -0.00934615 0.00133516 0.389677 -0.249381 -0.00169797 -0.197414 0.00820172 -0.000190738 0.391585 -0.251971 -0.0030118 
23 -0.0082016 0.0173569 -0.504883 -1.40805 0.00743877 -1.41661 -0.410658 1.39851 0.0410086 1.57797 0.00286107 -0.200847 -0.00934615 0.00133516 0.389677 -0.249381 -0.00169797 -0.197414 0.00820172 -0.000190738 0.391585 -0.251971 -0.0030118 
23 -0.0082016 0.0173569 -0.507172 -1.40881 0.00782025 -1.42004 -0.412947 1.39851 0.042916 1.58179 0.00286107 -0.200847 -0.00934615 0.00133516 0.389677 -0.249381 -0.00169797 -0.197414 0.00820172 -0.000190738 0.391585 -0.251971 -0.0030118 
23 -0.0082016 0.0173569 -0.509461 -1.40919 0.00820172 -1.42424 -0.415618 1.39851 0.0444419 1.58598 0.00286107 -0.200847 -0.00934615 0.00133516 0.389677 -0.249381 -0.00169797 -0.197414 0.00820172 -0.000190738 0.391585 -0.251971 -0.0030118 
23 -0.0082016 0.0173569 -0.511749 -1.40958 0.0085832 -1.42767 -0.417906 1.39813 0.0455863 1.58904 0.00286107 -0.200847 -0.00934615 0.00133516 0.389677 -0.249381 -0.00169797 -0.197414 0.00820172 -0.000190738 0.391585 -0.251971 -0.0030118 
23 -0.0082016 0.0173569 -0.514038 -1.40996 0.00896468 -1.43149 -0.420577 1.39813 0.0471122 1.59285 0.00286107 -0.200847 -0.00934615 0.00133516 0.389677 -0.249381 -0.00169797 -0.197414 0.00820172 -0.000190738 0.391585 -0.251971 -0.0030118 
23 -0.0082016 0.0173569 -0.516327 -1.41034 0.00972763 -1.4353 -0.422484 1.39813 0.0490196 1.5959 0.00286107 -0.200847 -0.00934615 0.00133516 0.389677 -0.249381 -0.00169797 -0.197414 0.00820172 -0.000190738 0.391585 -0.251971 -0.0030118 
23 -0.0082016 0.0173569 -0.518235 -1.4111 0.0104906 -1.43912 -0.424773 1.39851 0.050927 1.59972 0.00286107 -0.200847 -0.00934615 0.00133516 0.389677 -0.249381 -0.00169797 -0.197414 0.00820172 -0.000190738 0.391585 -0.251971 -0.0030118 
23 -0.0082016 0.0173569 -0.520905 -1.41148 0.0112535 -1.44293 -0.427825 1.39813 0.0524529 1.60277 0.00286107 -0.200847 -0.00934615 0.00133516 0.389677 -0.249381 -0.00169797 -0.197414 0.00820172 0.000190738 0.391585 -0.251971 -0.0030118 
23 -0.0082016 0.0173569 -0.522812 -1.41186 0.0120165 -1.44598 -0.429732 1.39851 0.0543603 1.6062 0.00286107 -0.200847 -0.00934615 0.00133516 0.389677 -0.249381 -0.00169797 -0.197414 0.00820172 0.000190738 0.391585 -0.251971 -0.0030118 
23 -0.0082016 0.0173569 -0.525101 -1.41225 0.0127794 -1.4498 -0.43164 1.39851 0.0558862 1.60925 0.00286107 -0.200847 -0.00934615 0.00133516 0.389677 -0.249381 -0.00169797 -0.197414 0.00820172 0.000190738 0.391585 -0.251971 -0.0030118 
23 -0.0082016 0.0173569 -0.527008 -1.41263 0.0135424 -1.45361 -0.43431 1.39851 0.0577935 1.61269 0.00286107 -0.200847 -0.00934615 0.00133516 0.389677 -0.249381 -0.00169797 -0.197414 0.00820172 0.000190738 0.391585 -0.251971 -0.0030118 
23 -0.0082016 0.0173569 -0.529297 -1.41301 0.0143053 -1.45705 -0.436217 1.39851 0.058938 1.61536 0.00286107 -0.200847 -0.00934615 0.00133516 0.389677 -0.249381 -0.00169797 -0.197414 0.00820172 0.000190738 0.391585 -0.251971 -0.0030118 
23 -0.0082016 0.0173569 -0.531205 -1.41377 0.0154498 -1.46086 -0.438506 1.39851 0.0608453 1.61841 0.00286107 -0.200847 -0.00934615 0.00133516 0.389677 -0.249381 -0.00169797 -0.197414 0.00820172 0.000190738 0.391585 -0.251971 -0.0030118 
23 -0.0082016 0.0173569 -0.533494 -1.41415 0.0162127 -1.46429 -0.440795 1.39851 0.0623713 1.62146 0.00286107 -0.200847 -0.00934615 0.00133516 0.389677 -0.249381 -0.00169797 -0.197414 0.00820172 0.000190738 0.391585 -0.251971 -0.0030118 
23 -0.0082016 0.0173569 -0.535782 -1.41492 0.0173571 -1.46773 -0.442702 1.39851 0.0642786 1.62451 0.00286107 -0.200847 -0.00934615 0.00133516 0.389677 -0.249381 -0.00169797 -0.197414 0.00820172 0.000190738 0.391585 -0.251971 -0.0030118 
23 -0.0082016 0.0173569 -0.53769 -1.4153 0.0185016 -1.47116 -0.444991 1.39851 0.066186 1.62718 0.00286107 -0.200847 -0.00934615 0.00133516 0.389677 -0.249381 -0.00169797 -0.197414 0.00820172 0.000190738 0.391585 -0.251971 -0.0030118 
23 -0.0082016 0.0173569 -0.539597 -1.41568 0.018883 -1.47459 -0.44728 1.39851 0.0680934 1.63024 0.00286107 -0.200847 -0.00934615 0.00133516 0.389677 -0.249381 -0.00169797 -0.197414 0.00820172 -0.000190738 0.391585 -0.251971 -0.0030118 
23 -0.0082016 0.0173569 -0.541886 -1.41606 0.019646 -1.47803 -0.449187 1.39851 0.0696193 1.63291 0.00286107 -0.200847 -0.00934615 0.00133516 0.389677 -0.249381 -0.00169797 -0.197414 0.00820172 -0.000190738 0.391585 -0.251971 -0.0030118 
23 -0.0082016 0.0173569 -0.543412 -1.41644 0.0207904 -1.48146 -0.451476 1.39851 0.0711452 1.63634 0.00286107 -0.200847 -0.00934615 0.00133516 0.389677 -0.249381 -0.00169797 -0.197414 0.00820172 -0.000190738 0.391585 -0.251971 -0.0030118 
23 -0.0082016 0.0173569 -0.546082 -1.41721 0.0215534 -1.48489 -0.453384 1.39851 0.0730526 1.63863 0.00286107 -0.200847 -0.00934615 0.00133516 0.389677 -0.249381 -0.00169797 -0.197414 0.00820172 -0.000190738 0.391585 -0.251971 -0.0030118 
23 -0.0082016 0.0173569 -0.54799 -1.41759 0.0223163 -1.48833 -0.455291 1.39851 0.0745785 1.64168 0.00324254 -0.200847 -0.00934615 0.00133516 0.389677 -0.249381 -0.00169797 -0.197414 0.00820172 -0.000190738 0.391585 -0.251971 -0.0030118 
23 -0.0082016 0.0173569 -0.549897 -1.41797 0.0238422 -1.49176 -0.45758 1.39851 0.0764858 1.64435 0.00324254 -0.200847 -0.00934615 0.00133516 0.389677 -0.249381 -0.00169797 -0.197414 0.00820172 -0.000190738 0.391585 -0.251971 -0.0030118 
23 -0.0082016 0.0173569 -0.551804 -1.41873 0.0246052 -1.49481 -0.459487 1.39851 0.0783932 1.64702 0.00324254 -0.200847 -0.00934615 0.00133516 0.389677 -0.249381 -0.00169797 -0.197414 0.00820172 -0.000190738 0.391585 -0.251971 -0.0030118 
23 -0.0082016 0.0173569 -0.554093 -1.41949 0.0257496 -1.49825 -0.461395 1.39851 0.0803006 1.64969 0.00324254 -0.200847 -0.00934615 0.00133516 0.389677 -0.249381 -0.00169797 -0.197414 0.00820172 -0.000190738 0.391585 -0.251971 -0.0030118 
23 -0.0082016 0.0173569 -0.555619 -1.42026 0.0265126 -1.5013 -0.463684 1.39851 0.082208 1.65198 0.00324254 -0.200847 -0.00934615 0.00133516 0.389677 -0.249381 -0.00169797 -0.197414 0.00820172 0.000190738 0.391585 -0.251971 -0.0030118 
23 -0.0082016 0.0173569 -0.557908 -1.42102 0.027657 -1.50473 -0.465591 1.39851 0.0837339 1.65503 0.00324254 -0.200847 -0.00934615 0.00133516 0.389677 -0.249381 -0.00169797 -0.197414 0.00820172 0.000190738 0.391585 -0.251971 -0.0030118 
23 -0.0082016 0.0173569 -0.559815 -1.4214 0.0284199 -1.5074 -0.467498 1.39851 0.0856413 1.65732 0.00324254 -0.200847 -0.00934615 0.00133516 0.389677 -0.249381 -0.00169797 -0.197414 0.00820172 0.000190738 0.391585 -0.251971 -0.0030118 
23 -0.0082016 0.0173569 -0.561723 -1.42178 0.0295644 -1.51083 -0.469406 1.39851 0.0875486 1.66075 0.00324254 -0.200847 -0.00934615 0.00133516 0.389677 -0.249381 -0.00169797 -0.197414 0.00820172 -0.000190738 0.391585 -0.251971 -0.0030118 
23 -0.0082016 0.0173569 -0.564012 -1.42255 0.0307088 -1.5135 -0.471695 1.39851 0.089456 1.66304 0.00324254 -0.200847 -0.00934615 0.00133516 0.389677 -0.249381 -0.00169797 -0.197414 0.00820172 -0.000190738 0.391585 -0.251971 -0.0030118 
23 -0.00782013 0.0173569 -0.565919 -1.42293 0.0314717 -1.51694 -0.47322 1.39851 0.0913634 1.66533 0.00324254 -0.200847 -0.00934615 0.00133516 0.389677 -0.249381 -0.00169797 -0.197414 0.00820172 -0.000190738 0.391585 -0.251971 -0.0030118 
23 -0.0082016 0.0173569 -0.567826 -1.42331 0.0322347 -1.51961 -0.475128 1.39889 0.0932708 1.668 0.00324254 -0.200847 -0.00934615 0.00133516 0.389677 -0.249381 -0.00169797 -0.197414 0.00820172 -0.000190738 0.391585 -0.251971 -0.0030118 
23 -0.0082016 0.0173569 -0.569734 -1.42369 0.0329976 -1.52266 -0.477417 1.39889 0.0951781 1.67029 0.00324254 -0.200847 -0.00934615 0.00133516 0.389677 -0.249381 -0.00169797 -0.197414 0.00820172 -0.000190738 0.391585 -0.251971 -0.0030118 
23 -0.0082016 0.0173569 -0.571641 -1.42407 0.0341421 -1.52533 -0.478943 1.39889 0.0967041 1.67372 0.00324254 -0.200847 -0.00934615 0.00133516 0.389677 -0.249381 -0.00169797 -0.197414 0.00820172 -0.000190738 0.391585 -0.251971 -0.0030118 
23 -0.0082016 0.0173569 -0.573548 -1.42445 0.034905 -1.52838 -0.48085 1.39889 0.0989929 1.67563 0.00324254 -0.200847 -0.00934615 0.00133516 0.389677 -0.249381 -0.00169797 -0.197414 0.00820172 -0.000190738 0.391585 -0.251971 -0.0030118 
23 -0.0082016 0.0173569 -0.575074 -1.42522 0.0364309 -1.53105 -0.483139 1.39889 0.1009 1.6783 0.00324254 -0.200847 -0.00934615 0.00133516 0.389677 -0.249381 -0.00169797 -0.197414 0.00820172 -0.000190738 0.391585 -0.251971 -0.0030118 
23 -0.0082016 0.0173569 -0.576982 -1.4256 0.0371939 -1.53372 -0.484665 1.39928 0.102426 1.68097 0.00324254 -0.200847 -0.00934615 0.00133516 0.389677 -0.249381 -0.00169797 -0.197414 0.00820172 -0.000190738 0.391585 -0.251971 -0.0030118 
23 -0.0082016 0.0173569 -0.578508 -1.42636 0.0383383 -1.53677 -0.486572 1.39928 0.104715 1.68288 0.00324254 -0.200847 -0.00934615 0.00133516 0.389677 -0.249381 -0.00169797 -0.197414 0.00820172 -0.000190738 0.391585 -0.251971 -0.0030118 
23 -0.0082016 0.0173569 -0.580034 -1.42712 0.0391012 -1.53906 -0.488861 1.39966 0.106622 1.68631 0.00324254 -0.200847 -0.00934615 0.00133516 0.389677 -0.249381 -0.00169797 -0.197414 0.00820172 -0.000190738 0.391585 -0.251971 -0.0030118 
23 -0.0082016 0.0173569 -0.581559 -1.42751 0.0402457 -1.54211 -0.490768 1.40004 0.108148 1.68822 0.00324254 -0.200847 -0.00934615 0.00133516 0.389677 -0.249381 -0.00169797 -0.197414 0.00820172 0.000190738 0.391585 -0.251971 -0.0030118 
23 -0.0082016 0.0173569 -0.583467 -1.42827 0.0413901 -1.5444 -0.492294 1.40042 0.110056 1.69127 0.00324254 -0.200847 -0.00934615 0.00133516 0.389677 -0.249381 -0.00169797 -0.197414 0.00820172 -0.000190738 0.391585 -0.251971 -0.0030118 
23 -0.0082016 0.0173569 -0.584611 -1.42865 0.0425345 -1.54707 -0.49382 1.4008 0.111963 1.69356 0.00324254 -0.200847 -0.00934615 0.00133516 0.389677 -0.249381 -0.00169797 -0.197414 0.00820172 -0.000190738 0.391585 -0.251971 -0.0030118 
23 -0.0082016 0.0173569 -0.586137 -1.42903 0.0432975 -1.54974 -0.496109 1.40118 0.11387 1.69547 0.00324254 -0.200847 -0.00934615 0.00133516 0.389677 -0.249381 -0.00169797 -0.197414 0.00820172 -0.000190738 0.391585 -0.251971 -0.0030118 
23 -0.0082016 0.0173569 -0.587282 -1.42941 0.0444419 -1.55203 -0.497635 1.40195 0.115396 1.6989 0.00324254 -0.200847 -0.00934615 0.00133516 0.389677 -0.249381 -0.00169797 -0.197414 0.00820172 -0.000190738 0.391585 -0.251971 -0.0030118 
23 -0.0082016 0.0173569 -0.588808 -1.42979 0.0452049 -1.5547 -0.499161 1.40233 0.117685 1.70081 0.00324254 -0.200847 -0.00934615 0.00133516 0.389677 -0.249381 -0.00169797 -0.197414 0.00820172 -0.000190738 0.391585 -0.251971 -0.0030118 
23 -0.0082016 0.0173569 -0.589952 -1.43018 0.0459678 -1.55661 -0.501068 1.40271 0.119211 1.70348 0.00324254 -0.200847 -0.00934615 0.00133516 0.389677 -0.249381 -0.00169797 -0.197414 0.00820172 -0.000190738 0.391585 -0.251971 -0.0030118 
23 -0.0082016 0.0173569 -0.591478 -1.43056 0.0471122 -1.5589 -0.502976 1.40309 0.120737 1.70615 0.00324254 -0.200847 -0.00934615 0.00133516 0.389677 -0.249381 -0.00169797 -0.197414 0.00820172 -0.000190738 0.391585 -0.251971 -0.0030118 
23 -0.0082016 0.0173569 -0.592622 -1.43132 0.0482567 -1.56157 -0.504501 1.40347 0.122263 1.70806 0.00324254 -0.200847 -0.00934615 0.00133516 0.389677 -0.249381 -0.00169797 -0.197414 0.00820172 -0.000190738 0.391585 -0.251971 -0.0030118 
23 -0.0082016 0.0173569 -0.593767 -1.4317 0.0494011 -1.56348 -0.506027 1.40385 0.12417 1.71111 0.00324254 -0.200847 -0.00934615 0.00133516 0.389677 -0.249381 -0.00169797 -0.197414 0.00820172 -0.000190738 0.391585 -0.251971 -0.0030118 
23 -0.0082016 0.0173569 -0.595293 -1.43246 0.050164 -1.56577 -0.507935 1.40424 0.126078 1.7134 0.00324254 -0.200847 -0.00934615 0.00133516 0.389677 -0.249381 -0.00169797 -0.197414 0.00820172 -0.000190738 0.391585 -0.251971 -0.0030118 
23 -0.0082016 0.0173569 -0.596056 -1.43323 0.050927 -1.56806 -0.509461 1.405 0.127604 1.71607 0.00324254 -0.200847 -0.00934615 0.00133516 0.389677 -0.249381 -0.00169797 -0.197414 0.00820172 -0.000190738 0.391585 -0.251971 -0.0030118 
23 -0.0082016 0.0173569 -0.5972 -1.43361 0.0520714 -1.56958 -0.510987 1.40538 0.129511 1.71836 0.00324254 -0.200847 -0.00934615 0.00133516 0.389677 -0.249381 -0.00169797 -0.197414 0.00820172 -0.000190738 0.391585 -0.251971 -0.0030118 
23 -0.0082016 0.0173569 -0.598344 -1.43399 0.0528344 -1.57187 -0.512512 1.40576 0.131037 1.72065 0.00324254 -0.200847 -0.00934615 0.00133516 0.389677 -0.249381 -0.00169797 -0.197414 0.00820172 -0.000190738 0.391585 -0.251971 -0.0030118 
23 -0.0082016 0.0173569 -0.599107 -1.43437 0.0539788 -1.57416 -0.51442 1.40652 0.132181 1.72332 0.00362402 -0.200847 -0.00934615 0.00133516 0.389677 -0.249381 -0.00169797 -0.197414 0.00820172 -0.000190738 0.391585 -0.251971 -0.0030118 
23 -0.0082016 0.0173569 -0.600252 -1.43475 0.0551232 -1.57568 -0.515946 1.40729 0.133326 1.7256 0.00362402 -0.200847 -0.00934615 0.00133516 0.389677 -0.249381 -0.00169797 -0.197414 0.00820172 -0.000190738 0.391585 -0.251971 -0.0030118 
23 -0.0082016 0.0173569 -0.601015 -1.43513 0.0562676 -1.57797 -0.51709 1.40843 0.135233 1.72789 0.00362402 -0.200847 -0.00934615 0.00133516 0.389677 -0.249381 -0.00169797 -0.197414 0.00820172 -0.000190738 0.391585 -0.251971 -0.0030118 
23 -0.0082016 0.0173569 -0.602159 -1.4359 0.0570306 -1.57988 -0.518616 1.40881 0.136759 1.73056 0.00362402 -0.200847 -0.00934615 0.00133516 0.389677 -0.249381 -0.00169797 -0.197414 0.00820172 -0.000190738 0.391585 -0.251971 -0.0030118 
23 -0.0082016 0.0173569 -0.602922 -1.43628 0.0577935 -1.58179 -0.520142 1.40919 0.138285 1.73247 0.00362402 -0.200847 -0.00934615 0.00133516 0.389677 -0.249381 -0.00169797 -0.197414 0.00820172 -0.000190738 0.391585 -0.251971 -0.0030118 
23 -0.0082016 0.0173569 -0.603685 -1.43666 0.058938 -1.5837 -0.521668 1.40958 0.139811 1.73552 0.00362402 -0.200847 -0.00934615 0.00133516 0.389677 -0.249381 -0.00169797 -0.197414 0.00820172 -0.000190738 0.391585 -0.251971 -0.0030118 
23 -0.0082016 0.0173569 -0.604829 -1.43704 0.0604639 -1.58637 -0.522812 1.41034 0.141337 1.73781 0.00362402 -0.200847 -0.00934615 0.00133516 0.389677 -0.249381 -0.00169797 -0.197414 0.00820172 -0.000190738 0.391585 -0.251971 -0.0030118 
23 -0.0082016 0.0173569 -0.605211 -1.43742 0.0623713 -1.58827 -0.523957 1.41072 0.142863 1.73972 0.00362402 -0.200847 -0.00934615 0.00133516 0.389677 -0.249381 -0.00169797 -0.197414 0.00820172 -0.000190738 0.391585 -0.251971 -0.0030118 
23 -0.0082016 0.0173569 -0.605974 -1.4378 0.0638972 -1.59056 -0.525483 1.4111 0.144388 1.74239 0.00362402 -0.200847 -0.00934615 0.00133516 0.389677 -0.249381 -0.00169797 -0.197032 0.00820172 -0.000190738 0.391585 -0.251971 -0.0030118 
23 -0.0082016 0.0173569 -0.607118 -1.43857 0.0654231 -1.59285 -0.52739 1.41186 0.145914 1.74468 0.00362402 -0.200847 -0.00934615 0.00133516 0.389677 -0.249381 -0.00169797 -0.197032 0.00820172 -0.000190738 0.391585 -0.251971 -0.0030118 
23 -0.0082016 0.0173569 -0.608263 -1.43971 0.0677119 -1.59514 -0.528534 1.41263 0.14744 1.74735 0.00362402 -0.200847 -0.00934615 0.00133516 0.389677 -0.249381 -0.00169797 -0.197414 0.00820172 -0.000190738 0.391585 -0.251971 -0.0030118 
23 -0.0082016 0.0173569 -0.608644 -1.44048 0.0696193 -1.59781 -0.529679 1.41339 0.148966 1.74964 0.00362402 -0.200847 -0.00934615 0.00133516 0.389677 -0.249381 -0.00169797 -0.197032 0.00820172 -0.000190738 0.391585 -0.251971 -0.0030118 
23 -0.0082016 0.0173569 -0.609789 -1.44124 0.0719081 -1.60048 -0.530823 1.41453 0.151255 1.75154 0.00362402 -0.200847 -0.00934615 0.00133516 0.389677 -0.249381 -0.00169797 -0.197414 0.00820172 -0.000190738 0.391585 -0.251971 -0.0030118 
23 -0.0082016 0.0173569 -0.610552 -1.442 0.074197 -1.60315 -0.532731 1.41492 0.152781 1.75422 0.00362402 -0.200847 -0.00934615 0.00133516 0.389677 -0.249381 -0.00169797 -0.197414 0.00820172 -0.000190738 0.391585 -0.251971 -0.0030118 
23 -0.0082016 0.0173569 -0.611696 -1.44315 0.0764858 -1.60582 -0.533875 1.41568 0.154688 1.7565 0.00362402 -0.200847 -0.00934615 0.00133516 0.389677 -0.249381 -0.00169797 -0.197414 0.00820172 -0.000190738 0.391585 -0.251971 -0.0030118 
23 -0.0082016 0.0173569 -0.61284 -1.44391 0.0787747 -1.60849 -0.535019 1.41606 0.156214 1.75879 0.00400549 -0.200847 -0.00934615 0.00133516 0.389677 -0.249381 -0.00169797 -0.197414 0.00820172 -0.000190738 0.391585 -0.251971 -0.0030118 
23 -0.0082016 0.0173569 -0.613985 -1.44543 0.081445 -1.61154 -0.536164 1.41682 0.158122 1.76146 0.00400549 -0.200847 -0.00934615 0.00133516 0.389677 -0.249381 -0.00169797 -0.197414 0.00820172 -0.000190738 0.391585 -0.251971 -0.0030118 
23 -0.0082016 0.0173569 -0.615511 -1.44658 0.0837339 -1.6146 -0.53769 1.41759 0.159648 1.76337 0.00400549 -0.200847 -0.00934615 0.00133516 0.389677 -0.249381 -0.00169797 -0.197414 0.00820172 -0.000190738 0.391585 -0.251971 -0.0030118 
23 -0.00782013 0.0173569 -0.617037 -1.44734 0.0864042 -1.61765 -0.539597 1.41835 0.161555 1.76604 0.00400549 -0.200847 -0.00934615 0.00133516 0.389677 -0.249381 -0.00169797 -0.197414 0.00820172 -0.000190738 0.391585 -0.251971 -0.0030118 
23 -0.0082016 0.0173569 -0.618181 -1.44849 0.0886931 -1.62032 -0.540742 1.41949 0.163844 1.76795 0.00400549 -0.200847 -0.00934615 0.00133516 0.389677 -0.249381 -0.00169797 -0.197414 0.00820172 -0.000190738 0.391585 -0.251971 -0.0030118 
23 -0.0082016 0.0173569 -0.619707 -1.44925 0.0909819 -1.62337 -0.541886 1.42064 0.165751 1.77024 0.00438697 -0.200847 -0.00934615 0.00133516 0.389677 -0.249381 -0.00169797 -0.197414 0.00820172 -0.000190738 0.391585 -0.251971 -0.0030118 
23 -0.0082016 0.0173569 -0.620851 -1.44963 0.0936522 -1.62604 -0.54303 1.4214 0.167659 1.77291 0.00438697 -0.200847 -0.00934615 0.00133516 0.389677 -0.249381 -0.00169797 -0.197414 0.00820172 -0.000190738 0.391585 -0.251971 -0.0030118 
23 -0.0082016 0.0173569 -0.622377 -1.45039 0.0959411 -1.62947 -0.544556 1.42216 0.169566 1.7752 0.00476844 -0.200847 -0.00934615 0.00133516 0.389677 -0.249381 -0.00169797 -0.197414 0.00820172 -0.000190738 0.391585 -0.251971 -0.0030118 
23 -0.0082016 0.0169754 -0.623522 -1.45154 0.0986114 -1.63214 -0.546082 1.42255 0.171092 1.7771 0.00476844 -0.200847 -0.00934615 0.00133516 0.389677 -0.249381 -0.00169797 -0.197414 0.00820172 -0.000190738 0.391585 -0.251971 -0.0030118 
23 -0.0082016 0.0173569 -0.624666 -1.45268 0.1009 -1.63519 -0.547227 1.42331 0.172999 1.77977 0.00476844 -0.200847 -0.00934615 0.00133516 0.389677 -0.249381 -0.00169797 -0.197414 0.00820172 -0.000190738 0.391585 -0.251971 -0.0030118 
23 -0.0082016 0.0169754 -0.625429 -1.45345 0.103189 -1.63787 -0.548371 1.42369 0.175288 1.78168 0.00514992 -0.200847 -0.00934615 0.00133516 0.389677 -0.249381 -0.00169797 -0.197414 0.00820172 -0.000190738 0.391585 -0.251971 -0.0030118 
23 -0.0082016 0.0169754 -0.626574 -1.45421 0.105859 -1.64054 -0.549516 1.42445 0.177195 1.78397 0.00514992 -0.200847 -0.00934615 0.00133516 0.389677 -0.249381 -0.00169797 -0.197414 0.00820172 -0.000190738 0.391585 -0.251971 -0.0030118 
23 -0.0082016 0.0169754 -0.627718 -1.45497 0.108148 -1.64321 -0.551041 1.4256 0.179484 1.78626 0.00514992 -0.200847 -0.00934615 0.00133516 0.389677 -0.249381 -0.00169797 -0.197414 0.0085832 -0.000190738 0.391585 -0.251971 -0.0030118 
23 -0.0082016 0.0169754 -0.628862 -1.45612 0.110819 -1.64588 -0.552567 1.42712 0.181392 1.78817 0.00514992 -0.200847 -0.00934615 0.00133516 0.389677 -0.249381 -0.00169797 -0.197414 0.0085832 -0.000190738 0.391585 -0.251971 -0.0030118 
23 -0.0082016 0.0169754 -0.629625 -1.45726 0.113108 -1.64893 -0.55333 1.42789 0.183299 1.79046 0.00476844 -0.200847 -0.00934615 0.00133516 0.389677 -0.249381 -0.00169797 -0.197414 0.0085832 -0.000190738 0.391585 -0.251971 -0.0030118 
23 -0.0082016 0.0169754 -0.630388 -1.45879 0.115396 -1.65122 -0.554475 1.42827 0.185588 1.79274 0.00476844 -0.200847 -0.00934615 0.00133516 0.389677 -0.249381 -0.00169797 -0.197414 0.00820172 0.000190738 0.391585 -0.251971 -0.0030118 
23 -0.0082016 0.0169754 -0.631151 -1.45955 0.118067 -1.65427 -0.555619 1.42941 0.187495 1.79465 0.00476844 -0.200847 -0.00934615 0.00133516 0.389677 -0.249381 -0.00169797 -0.197414 0.00820172 -0.000190738 0.391585 -0.251971 -0.0030118 
23 -0.0082016 0.0169754 -0.632296 -1.46069 0.120356 -1.65618 -0.557145 1.43018 0.189784 1.79732 0.00476844 -0.200847 -0.00934615 0.00133516 0.389677 -0.249381 -0.00169797 -0.197414 0.00820172 -0.000190738 0.391585 -0.251971 -0.0030118 
23 -0.0082016 0.0169754 -0.633059 -1.46146 0.122644 -1.65885 -0.558289 1.43056 0.192073 1.79923 0.00476844 -0.200847 -0.00934615 0.00133516 0.389677 -0.249381 -0.00169797 -0.197414 0.00820172 -0.000190738 0.391585 -0.251971 -0.0030118 
23 -0.0082016 0.0169754 -0.633822 -1.46222 0.125315 -1.66152 -0.559434 1.4317 0.194362 1.80114 0.00476844 -0.200847 -0.00934615 0.00133516 0.389677 -0.249381 -0.00169797 -0.197414 0.00820172 -0.000190738 0.391585 -0.251971 -0.0030118 
23 -0.0082016 0.0169754 -0.634585 -1.46336 0.127604 -1.66381 -0.560197 1.43323 0.196269 1.80343 0.00476844 -0.200847 -0.00934615 0.00133516 0.389677 -0.249381 -0.00169797 -0.197414 0.0085832 -0.000190738 0.391585 -0.251971 -0.0030118 
23 -0.00782013 0.0169754 -0.635348 -1.46413 0.130274 -1.66648 -0.561341 1.43399 0.198558 1.80533 0.00476844 -0.200847 -0.00934615 0.00133516 0.389677 -0.249381 -0.00169797 -0.197414 0.0085832 -0.000190738 0.391585 -0.251971 -0.0030118 
23 -0.0082016 0.0169754 -0.635729 -1.46527 0.132181 -1.66838 -0.562486 1.43437 0.200847 1.80686 0.00476844 -0.200847 -0.00934615 0.00133516 0.389677 -0.249381 -0.00169797 -0.197414 0.0085832 -0.000190738 0.391585 -0.251971 -0.0030118 
23 -0.0082016 0.0169754 -0.636492 -1.46603 0.13447 -1.67067 -0.564012 1.43513 0.202754 1.80915 0.00476844 -0.200847 -0.00934615 0.00133516 0.389677 -0.249381 -0.00169797 -0.197414 0.0085832 -0.000190738 0.391585 -0.251971 -0.0030118 
23 -0.0082016 0.0169754 -0.636873 -1.4668 0.13714 -1.67334 -0.565156 1.43552 0.205043 1.81144 0.00476844 -0.200847 -0.00934615 0.00133516 0.389677 -0.249381 -0.00169797 -0.197414 0.0085832 -0.000190738 0.391585 -0.251971 -0.0030118 
23 -0.0082016 0.0169754 -0.637636 -1.46756 0.139429 -1.67563 -0.565919 1.4359 0.207332 1.81296 0.00476844 -0.200847 -0.00934615 0.00133516 0.389677 -0.249381 -0.00169797 -0.197414 0.0085832 -0.000190738 0.391585 -0.251971 -0.0030118 
23 -0.0082016 0.0169754 -0.638399 -1.46832 0.1421 -1.67792 -0.567063 1.43666 0.209239 1.81487 0.00476844 -0.200847 -0.00934615 0.00133516 0.389677 -0.249381 -0.00169797 -0.197414 0.0085832 -0.000190738 0.391585 -0.251971 -0.0030118 
23 -0.0082016 0.0169754 -0.639162 -1.46985 0.144388 -1.68021 -0.568208 1.43742 0.211528 1.81716 0.00476844 -0.200847 -0.00934615 0.000953689 0.389677 -0.249381 -0.00169797 -0.197414 0.00820172 -0.000190738 0.391585 -0.251971 -0.0030118 
23 -0.00782013 0.0169754 -0.639925 -1.47099 0.147059 -1.68212 -0.569352 1.43895 0.214199 1.81868 0.00476844 -0.200847 -0.00934615 0.00133516 0.389677 -0.249381 -0.00169797 -0.197414 0.00820172 -0.000190738 0.391585 -0.251971 -0.0030118 
23 -0.0082016 0.0169754 -0.640688 -1.47214 0.149729 -1.68479 -0.570497 1.44009 0.216487 1.82021 0.00476844 -0.200847 -0.00934615 0.00133516 0.389677 -0.249381 -0.00169797 -0.197414 0.0085832 -0.000190738 0.391585 -0.251971 -0.0030118 
23 -0.00782013 0.0169754 -0.641451 -1.47328 0.152018 -1.68669 -0.571641 1.44048 0.218776 1.82288 0.00476844 -0.200847 -0.00934615 0.00133516 0.389677 -0.249381 -0.00169797 -0.197032 0.00820172 -0.000190738 0.391585 -0.251971 -0.0030118 
23 -0.0082016 0.0169754 -0.642214 -1.47405 0.15507 -1.68898 -0.572404 1.44162 0.220684 1.82441 0.00476844 -0.200847 -0.00934615 0.00133516 0.389677 -0.249381 -0.00169797 -0.197032 0.00820172 -0.000190738 0.391585 -0.251971 -0.0030118 
23 -0.0082016 0.0169754 -0.642596 -1.47481 0.157359 -1.69127 -0.573167 1.44238 0.223354 1.82593 0.00476844 -0.200847 -0.00934615 0.00133516 0.389677 -0.249381 -0.00169797 -0.197414 0.00820172 -0.000190738 0.391585 -0.251971 -0.0030118 
23 -0.0082016 0.0169754 -0.643359 -1.47595 0.159648 -1.69318 -0.57393 1.44276 0.225643 1.82746 0.00476844 -0.200847 -0.00934615 0.00133516 0.389677 -0.249381 -0.00169797 -0.197414 0.00820172 -0.000190738 0.391585 -0.251971 -0.0030118 
23 -0.0082016 0.0169754 -0.64374 -1.4771 0.162318 -1.69509 -0.575074 1.44391 0.227932 1.82937 0.00476844 -0.200847 -0.00934615 0.00133516 0.389677 -0.249381 -0.00169797 -0.197032 0.00820172 0.000190738 0.391585 -0.251971 -0.0030118 
23 -0.0082016 0.0169754 -0.644503 -1.47824 0.164988 -1.69776 -0.576219 1.44505 0.230602 1.83089 0.00476844 -0.200847 -0.00934615 0.00133516 0.389677 -0.249381 -0.00169797 -0.197414 0.00820172 0.000190738 0.391585 -0.251971 -0.0030118 
23 -0.0082016 0.0169754 -0.645266 -1.479 0.167659 -1.69928 -0.577363 1.4462 0.232891 1.83204 0.00476844 -0.200847 -0.00934615 0.00133516 0.389677 -0.249381 -0.00169797 -0.197414 0.00820172 -0.000190738 0.391585 -0.251971 -0.0030118 
23 -0.0082016 0.0169754 -0.645647 -1.48015 0.169947 -1.70119 -0.578126 1.44696 0.234798 1.83394 0.00476844 -0.200847 -0.00934615 0.00133516 0.389677 -0.249381 -0.00169797 -0.197414 0.00820172 -0.000190738 0.391585 -0.251971 -0.0030118 
23 -0.0082016 0.0169754 -0.64641 -1.48091 0.172618 -1.70386 -0.579271 1.44734 0.237469 1.83585 0.00476844 -0.200847 -0.00934615 0.00133516 0.389677 -0.249381 -0.00169797 -0.197414 0.00820172 -0.000190738 0.391585 -0.251971 -0.0030118 
23 -0.00782013 0.0169754 -0.646792 -1.48206 0.174907 -1.70539 -0.580034 1.4481 0.239757 1.83738 0.00476844 -0.200847 -0.00934615 0.00133516 0.389677 -0.249381 -0.00169797 -0.197414 0.00820172 0.000190738 0.391585 -0.251971 -0.0030118 
23 -0.0082016 0.0169754 -0.647555 -1.48358 0.177577 -1.70729 -0.581178 1.44849 0.242428 1.83852 0.00476844 -0.200847 -0.00934615 0.00133516 0.389677 -0.249381 -0.00169797 -0.197414 0.00820172 -0.000190738 0.391585 -0.251971 -0.0030118 
23 -0.0082016 0.0169754 -0.647936 -1.48434 0.180247 -1.70958 -0.582322 1.44925 0.244717 1.84005 0.00476844 -0.200847 -0.00934615 0.00133516 0.389677 -0.249381 -0.00169797 -0.197414 0.00820172 -0.000190738 0.391585 -0.251971 -0.0030118 
23 -0.0082016 0.0169754 -0.648699 -1.48549 0.182536 -1.71149 -0.583085 1.45039 0.247005 1.84195 0.00476844 -0.200847 -0.00934615 0.00133516 0.389677 -0.249381 -0.00169797 -0.197032 0.00820172 -0.000190738 0.391585 -0.251971 -0.0030118 
23 -0.00782013 0.0169754 -0.649081 -1.48625 0.185206 -1.7134 -0.583848 1.45192 0.249676 1.8431 0.00476844 -0.200847 -0.00934615 0.00133516 0.389677 -0.249381 -0.00169797 -0.197414 0.00820172 -0.000190738 0.391585 -0.251971 -0.0030118 
23 -0.0082016 0.0169754 -0.649844 -1.4874 0.187877 -1.7153 -0.584611 1.45306 0.251965 1.84424 0.00476844 -0.200847 -0.00934615 0.00133516 0.389677 -0.249381 -0.00169797 -0.197032 0.00820172 -0.000190738 0.391585 -0.251971 -0.0030118 
23 -0.0082016 0.0169754 -0.650607 -1.48854 0.190166 -1.71721 -0.585374 1.45345 0.254635 1.84577 0.00476844 -0.200847 -0.00934615 0.00133516 0.389677 -0.249381 -0.00169797 -0.197032 0.00820172 -0.000190738 0.391585 -0.251971 -0.0030118 
23 -0.0082016 0.0169754 -0.65137 -1.48969 0.193217 -1.71912 -0.586137 1.45459 0.257305 1.84806 0.00476844 -0.200847 -0.00934615 0.00133516 0.389677 -0.249381 -0.00169797 -0.197414 0.00820172 -0.000190738 0.391585 -0.251971 -0.0030118 
23 -0.00782013 0.0169754 -0.651751 -1.49083 0.195506 -1.72141 -0.5869 1.45497 0.259594 1.8492 0.00476844 -0.200847 -0.00934615 0.00133516 0.389677 -0.249381 -0.00169797 -0.197032 0.00820172 -0.000190738 0.391585 -0.251971 -0.0030118 
23 -0.0082016 0.0169754 -0.652514 -1.49159 0.198558 -1.72332 -0.588045 1.45573 0.262264 1.85035 0.00476844 -0.200847 -0.00934615 0.00133516 0.389677 -0.249381 -0.00169797 -0.197414 0.00820172 -0.000190738 0.391585 -0.251971 -0.0030118 
23 -0.0082016 0.0169754 -0.652895 -1.49274 0.200847 -1.72522 -0.589189 1.45726 0.264553 1.85149 0.00476844 -0.200847 -0.00934615 0.00133516 0.389677 -0.249381 -0.00169797 -0.197414 0.00820172 -0.000190738 0.391585 -0.251971 -0.0030118 
23 -0.0082016 0.0169754 -0.653658 -1.49388 0.203517 -1.72713 -0.589952 1.4584 0.267224 1.85302 0.00476844 -0.200847 -0.00934615 0.00133516 0.389677 -0.249381 -0.00169797 -0.197414 0.00820172 0.000190738 0.391585 -0.251971 -0.0030118 
23 -0.0082016 0.0169754 -0.654421 -1.49541 0.206188 -1.72904 -0.590715 1.45917 0.269512 1.85454 0.00476844 -0.200847 -0.00934615 0.00133516 0.389677 -0.249381 -0.00169797 -0.197414 0.00820172 0.000190738 0.391585 -0.251971 -0.0030118 
23 -0.0082016 0.0169754 -0.654803 -1.49655 0.208858 -1.73095 -0.591096 1.45993 0.271801 1.85569 0.00476844 -0.200847 -0.00934615 0.00133516 0.389677 -0.249381 -0.00169797 -0.197414 0.00820172 0.000190738 0.391585 -0.251971 -0.0030118 
23 -0.0082016 0.0169754 -0.655566 -1.4977 0.21191 -1.73285 -0.592241 1.46031 0.274853 1.85683 0.00476844 -0.200847 -0.00934615 0.00133516 0.389677 -0.249381 -0.00169797 -0.197414 0.00820172 0.000190738 0.391585 -0.251971 -0.0030118 
23 -0.0082016 0.0169754 -0.655947 -1.49884 0.21458 -1.73476 -0.593004 1.46107 0.277142 1.85798 0.00476844 -0.200847 -0.00934615 0.00133516 0.389677 -0.249381 -0.00169797 -0.197414 0.00820172 0.000190738 0.391585 -0.251971 -0.0030118 
23 -0.0082016 0.0169754 -0.65671 -1.4996 0.21725 -1.73667 -0.593767 1.46184 0.279812 1.8595 0.00476844 -0.200847 -0.00934615 0.00133516 0.389677 -0.249381 -0.00169797 -0.197414 0.00820172 0.000190738 0.391585 -0.251971 -0.0030118 
23 -0.0082016 0.0169754 -0.657473 -1.50037 0.219921 -1.73857 -0.594911 1.46298 0.282483 1.86103 0.00476844 -0.200847 -0.00934615 0.00133516 0.389677 -0.249381 -0.00169797 -0.197414 0.00820172 0.000190738 0.391585 -0.251971 -0.0030118 
23 -0.0082016 0.0169754 -0.657855 -1.50151 0.222591 -1.74048 -0.595674 1.46451 0.284772 1.86217 0.00476844 -0.200847 -0.00934615 0.00133516 0.389677 -0.249381 -0.00169797 -0.197414 0.00820172 0.000190738 0.391585 -0.251971 -0.0030118 
23 -0.00782013 0.0169754 -0.658236 -1.50266 0.225261 -1.74239 -0.596437 1.46527 0.287442 1.86294 0.00476844 -0.200847 -0.00934615 0.00133516 0.389677 -0.249381 -0.00169797 -0.197414 0.00820172 0.000190738 0.391585 -0.251971 -0.0030118 
23 -0.0082016 0.0169754 -0.658999 -1.5038 0.227932 -1.74392 -0.596819 1.46603 0.290112 1.86408 0.00438697 -0.200847 -0.00934615 0.00133516 0.389677 -0.249381 -0.00169797 -0.197414 0.00820172 0.000190738 0.391585 -0.251971 -0.0030118 
23 -0.0082016 0.0169754 -0.65938 -1.50494 0.230983 -1.74582 -0.597581 1.46718 0.292782 1.86561 0.00438697 -0.200847 -0.00934615 0.00133516 0.389677 -0.249381 -0.00169797 -0.197414 0.00820172 -0.000190738 0.391585 -0.251971 -0.0030118 
23 -0.0082016 0.0169754 -0.659762 -1.50609 0.233654 -1.74811 -0.598344 1.46794 0.295071 1.86675 0.00438697 -0.200847 -0.00934615 0.00133516 0.389677 -0.249381 -0.00169797 -0.197414 0.00820172 -0.000190738 0.391585 -0.251971 -0.0030118 
23 -0.0082016 0.0169754 -0.660525 -1.50761 0.236706 -1.74964 -0.599107 1.4687 0.297742 1.8679 0.00438697 -0.200847 -0.00934615 0.00133516 0.389677 -0.249381 -0.00169797 -0.197414 0.00820172 -0.000190738 0.391585 -0.251971 -0.0030118 
23 -0.0082016 0.0169754 -0.660906 -1.50876 0.239376 -1.75154 -0.600633 1.47061 0.300412 1.86866 0.00438697 -0.200847 -0.00934615 0.00133516 0.389677 -0.249381 -0.00169797 -0.197414 0.00820172 -0.000190738 0.391585 -0.251971 -0.0030118 
23 -0.0082016 0.0169754 -0.661288 -1.5099 0.242809 -1.75345 -0.601778 1.47137 0.303082 1.8698 0.00438697 -0.200847 -0.00934615 0.00133516 0.389677 -0.249381 -0.00169797 -0.197414 0.00820172 0.000190738 0.391585 -0.251971 -0.0030118 
23 -0.0082016 0.0173569 -0.661669 -1.51105 0.24548 -1.75498 -0.602541 1.47214 0.305371 1.87133 0.00438697 -0.200847 -0.00934615 0.00133516 0.389677 -0.249381 -0.00169797 -0.197414 0.00820172 0.000190738 0.391585 -0.251971 -0.0030118 
23 -0.0082016 0.0173569 -0.662051 -1.51219 0.248531 -1.75689 -0.603304 1.4729 0.30766 1.87285 0.00476844 -0.200847 -0.00934615 0.00133516 0.389677 -0.249381 -0.00169797 -0.197414 0.00820172 0.000190738 0.391585 -0.251971 -0.0030118 
23 -0.0082016 0.0173569 -0.662432 -1.51334 0.251202 -1.75879 -0.604448 1.47366 0.31033 1.874 0.00476844 -0.200847 -0.00934615 0.00133516 0.389677 -0.249381 -0.00169797 -0.197414 0.00820172 0.000190738 0.391585 -0.251971 -0.0030118 
23 -0.0082016 0.0169754 -0.663195 -1.51448 0.254253 -1.7607 -0.605211 1.47443 0.313001 1.87514 0.00476844 -0.200847 -0.00934615 0.00133516 0.389677 -0.249381 -0.00169797 -0.197414 0.00820172 0.000190738 0.391585 -0.251971 -0.0030118 
23 -0.0082016 0.0173569 -0.663577 -1.51563 0.256924 -1.76223 -0.605974 1.47557 0.31529 1.87629 0.00476844 -0.200847 -0.00934615 0.00133516 0.389677 -0.249381 -0.00169797 -0.197414 0.00820172 0.000190738 0.391585 -0.251971 -0.0030118 
23 -0.0082016 0.0169754 -0.66434 -1.51639 0.259976 -1.76413 -0.607118 1.4771 0.31796 1.87743 0.00476844 -0.200847 -0.00934615 0.00133516 0.389677 -0.249381 -0.00169797 -0.197414 0.00820172 0.000190738 0.391585 -0.251971 -0.0030118 
23 -0.0082016 0.0173569 -0.664721 -1.51753 0.263027 -1.76604 -0.607881 1.47786 0.320249 1.87896 0.00476844 -0.200847 -0.00934615 0.00133516 0.389677 -0.249381 -0.00169797 -0.197414 0.00820172 0.000190738 0.391585 -0.251971 -0.0030118 
23 -0.0082016 0.0173569 -0.665103 -1.51868 0.265698 -1.76757 -0.609026 1.479 0.322919 1.8801 0.00476844 -0.200847 -0.00934615 0.00133516 0.389677 -0.249381 -0.00169797 -0.197414 0.00820172 0.000190738 0.391585 -0.251971 -0.0030118 
23 -0.0082016 0.0173569 -0.665484 -1.5202 0.26875 -1.76909 -0.609407 1.48015 0.325589 1.88163 0.00476844 -0.200847 -0.00934615 0.00133516 0.389677 -0.249381 -0.00169797 -0.197414 0.00820172 0.000190738 0.391585 -0.251971 -0.0030118 
23 -0.0082016 0.0169754 -0.665866 -1.52135 0.271801 -1.77062 -0.61017 1.48091 0.327878 1.88239 0.00476844 -0.200847 -0.00934615 0.00133516 0.389677 -0.249381 -0.00169797 -0.197414 0.00820172 0.000190738 0.391585 -0.251971 -0.0030118 
23 -0.0082016 0.0173569 -0.666629 -1.52287 0.274853 -1.77291 -0.611315 1.48282 0.330549 1.8843 0.00476844 -0.200847 -0.00934615 0.00133516 0.389677 -0.249381 -0.00169797 -0.197414 0.00820172 0.000190738 0.391585 -0.251971 -0.0030118 
23 -0.0082016 0.0173569 -0.66701 -1.52402 0.277523 -1.77405 -0.612078 1.48396 0.332837 1.88582 0.00476844 -0.200847 -0.00934615 0.00133516 0.389677 -0.249381 -0.00169797 -0.197414 0.00820172 0.000190738 0.391585 -0.251971 -0.0030118 
23 -0.0082016 0.0173569 -0.667391 -1.52478 0.280575 -1.77558 -0.613222 1.48473 0.335508 1.88697 0.00476844 -0.200847 -0.00934615 0.00133516 0.389677 -0.249381 -0.00169797 -0.197414 0.00820172 0.000190738 0.391585 -0.251971 -0.0030118 
23 -0.0082016 0.0173569 -0.667391 -1.52631 0.283627 -1.7771 -0.614366 1.48549 0.338178 1.88811 0.00476844 -0.200847 -0.00934615 0.00133516 0.389677 -0.249381 -0.00169797 -0.197414 0.00820172 0.000190738 0.391585 -0.251971 -0.0030118 
23 -0.0082016 0.0169754 -0.667773 -1.52745 0.286679 -1.77901 -0.615511 1.48587 0.340467 1.88964 0.00476844 -0.200847 -0.00934615 0.00133516 0.389677 -0.249381 -0.00169797 -0.197414 0.00820172 0.000190738 0.391585 -0.251971 -0.0030118 
23 -0.0082016 0.0173569 -0.668154 -1.52821 0.289349 -1.78016 -0.615892 1.48663 0.343137 1.89117 0.00476844 -0.200847 -0.00934615 0.00133516 0.389677 -0.249381 -0.00169797 -0.197414 0.00820172 0.000190738 0.391585 -0.251971 -0.0030118 
23 -0.0082016 0.0173569 -0.668154 -1.52936 0.292782 -1.78168 -0.617037 1.48778 0.345426 1.89231 0.00476844 -0.200847 -0.00934615 0.00133516 0.389677 -0.249381 -0.00169797 -0.197414 0.00820172 -0.000190738 0.391585 -0.251971 -0.0030118 
23 -0.0082016 0.0173569 -0.668536 -1.53012 0.295453 -1.78321 -0.6178 1.48892 0.348096 1.89345 0.00476844 -0.200847 -0.00934615 0.00133516 0.389677 -0.249381 -0.00169797 -0.197414 0.00820172 -0.000190738 0.391585 -0.251971 -0.0030118 
23 -0.0082016 0.0169754 -0.668917 -1.53127 0.298505 -1.78511 -0.618181 1.49007 0.350767 1.8946 0.00476844 -0.200847 -0.00934615 0.00133516 0.389677 -0.249381 -0.00169797 -0.197414 0.00820172 -0.000190738 0.391585 -0.251971 -0.0030118 
23 -0.0082016 0.0169754 -0.669299 -1.53279 0.301556 -1.78626 -0.619326 1.49083 0.353056 1.89651 0.00476844 -0.200847 -0.00934615 0.00133516 0.389677 -0.249381 -0.00169797 -0.197414 0.00820172 -0.000190738 0.391585 -0.251971 -0.0030118 
23 -0.0082016 0.0173569 -0.669299 -1.53394 0.304608 -1.78779 -0.620089 1.49197 0.355726 1.89803 0.00476844 -0.200847 -0.00934615 0.00133516 0.389677 -0.249381 -0.00169797 -0.197414 0.00820172 -0.000190738 0.391585 -0.251971 -0.0030118 
23 -0.0082016 0.0173569 -0.66968 -1.5347 0.307279 -1.78931 -0.620851 1.49274 0.358015 1.89918 0.00476844 -0.200847 -0.00934615 0.00133516 0.389677 -0.249381 -0.00169797 -0.197414 0.00820172 -0.000190738 0.391585 -0.251971 -0.0030118 
23 -0.0082016 0.0173569 -0.670062 -1.53623 0.31033 -1.79122 -0.621233 1.49426 0.359922 1.90032 0.00476844 -0.200847 -0.00934615 0.00133516 0.389677 -0.249381 -0.00169797 -0.197414 0.00820172 -0.000190738 0.391585 -0.251971 -0.0030118 
23 -0.0082016 0.0173569 -0.670062 -1.53699 0.313382 -1.79236 -0.621996 1.49617 0.362593 1.90146 0.00476844 -0.200847 -0.00934615 0.00133516 0.389677 -0.249381 -0.00169797 -0.197414 0.00820172 -0.000190738 0.391585 -0.251971 -0.0030118 
23 -0.0082016 0.0169754 -0.670062 -1.53813 0.316434 -1.79389 -0.622759 1.49693 0.364881 1.90337 0.00476844 -0.200847 -0.00934615 0.00133516 0.389677 -0.249381 -0.00169797 -0.197414 0.00820172 -0.000190738 0.391585 -0.251971 -0.0030118 
23 -0.0082016 0.0173569 -0.670443 -1.53928 0.319486 -1.79541 -0.62314 1.4977 0.367552 1.90452 0.00476844 -0.200847 -0.00934615 0.00133516 0.389677 -0.249381 -0.00169797 -0.197414 0.00820172 -0.000190738 0.391585 -0.251971 -0.0030118 
23 -0.0082016 0.0173569 -0.670443 -1.54042 0.322538 -1.79732 -0.623903 1.49846 0.369841 1.90566 0.00476844 -0.200847 -0.00934615 0.00133516 0.389677 -0.249381 -0.00169797 -0.197414 0.00820172 -0.000190738 0.391585 -0.251971 -0.0030118 
23 -0.0082016 0.0173569 -0.670443 -1.54157 0.325589 -1.79847 -0.624666 1.49884 0.372129 1.90681 0.00476844 -0.200847 -0.00934615 0.00133516 0.389677 -0.249381 -0.00169797 -0.197414 0.00820172 0.000190738 0.391585 -0.251971 -0.0030118 
23 -0.0082016 0.0169754 -0.670443 -1.54271 0.32826 -1.79999 -0.625811 1.4996 0.3748 1.90795 0.00476844 -0.200847 -0.00934615 0.00133516 0.389677 -0.249381 -0.00169797 -0.197414 0.00820172 -0.000190738 0.391585 -0.251971 -0.0030118 
23 -0.0082016 0.0169754 -0.670443 -1.54347 0.331312 -1.80152 -0.626955 1.50075 0.377089 1.90986 0.00476844 -0.200847 -0.00934615 0.00133516 0.389677 -0.249381 -0.00169797 -0.197414 0.00820172 0.000190738 0.391585 -0.251971 -0.0030118 
23 -0.0082016 0.0173569 -0.670062 -1.545 0.334363 -1.80343 -0.627718 1.50227 0.379377 1.91138 0.00476844 -0.200847 -0.00934615 0.00133516 0.389677 -0.249381 -0.00169797 -0.197414 0.00820172 0.000190738 0.391585 -0.251971 -0.0030118 
23 -0.0082016 0.0169754 -0.670062 -1.54614 0.337415 -1.80457 -0.6281 1.50304 0.382048 1.91215 0.00476844 -0.200847 -0.00934615 0.00133516 0.389677 -0.249381 -0.00169797 -0.197414 0.00820172 0.000190738 0.391585 -0.251971 -0.0030118 
23 -0.0082016 0.0169754 -0.670443 -1.54729 0.340467 -1.8061 -0.628862 1.5038 0.384337 1.91329 0.00476844 -0.200847 -0.00934615 0.00133516 0.389677 -0.249381 -0.00169797 -0.197414 0.00820172 0.000190738 0.391585 -0.251971 -0.0030118 
23 -0.0082016 0.0169754 -0.670062 -1.54843 0.343519 -1.80762 -0.629244 1.50494 0.386625 1.91444 0.00476844 -0.200847 -0.00934615 0.00133516 0.389677 -0.249381 -0.00169797 -0.197414 0.00820172 -0.000190738 0.391585 -0.251971 -0.0030118 
23 -0.0082016 0.0169754 -0.670062 -1.5492 0.346571 -1.80953 -0.630007 1.50571 0.389296 1.91596 0.00476844 -0.200847 -0.00934615 0.00133516 0.389677 -0.249381 -0.00169797 -0.197414 0.00820172 -0.000190738 0.391585 -0.251971 -0.0030118 
23 -0.0082016 0.0169754 -0.670062 -1.55034 0.350004 -1.81106 -0.630388 1.50761 0.391966 1.91711 0.00476844 -0.200847 -0.00934615 0.00133516 0.389677 -0.249381 -0.00169797 -0.197414 0.00820172 -0.000190738 0.391585 -0.251971 -0.0030118 
23 -0.0082016 0.0169754 -0.670062 -1.55187 0.353056 -1.81258 -0.631151 1.50914 0.394255 1.91825 0.00476844 -0.200847 -0.00934615 0.00133516 0.389677 -0.249381 -0.00169797 -0.197414 0.00820172 -0.000190738 0.391585 -0.251971 -0.0030118 
23 -0.0082016 0.0169754 -0.670062 -1.55301 0.356107 -1.81411 -0.631914 1.5099 0.396544 1.91939 0.00476844 -0.200847 -0.00934615 0.00133516 0.389677 -0.249381 -0.00169797 -0.197414 0.00820172 -0.000190738 0.391585 -0.251971 -0.0030118 
23 -0.0082016 0.0169754 -0.66968 -1.55377 0.359159 -1.81601 -0.632296 1.51067 0.399214 1.92054 0.00476844 -0.200847 -0.00934615 0.00133516 0.389677 -0.249381 -0.00169797 -0.197414 0.00820172 -0.000190738 0.391585 -0.251971 -0.0030118 
23 -0.0082016 0.0173569 -0.66968 -1.55492 0.362211 -1.81754 -0.633059 1.51105 0.401503 1.92245 0.00476844 -0.200847 -0.00934615 0.00133516 0.389677 -0.249381 -0.00169797 -0.197414 0.00820172 -0.000190738 0.391585 -0.251971 -0.0030118 
23 -0.0082016 0.0169754 -0.669299 -1.55606 0.365644 -1.81868 -0.63344 1.51181 0.404173 1.92321 0.00476844 -0.200847 -0.00934615 0.00133516 0.389677 -0.249381 -0.00169797 -0.197414 0.00820172 0.000190738 0.391585 -0.251971 -0.0030118 
23 -0.0082016 0.0173569 -0.669299 -1.55759 0.368696 -1.82059 -0.633822 1.51296 0.406462 1.92435 0.00476844 -0.200847 -0.00934615 0.00133516 0.389677 -0.249381 -0.00169797 -0.197414 0.00820172 0.000190738 0.391585 -0.251971 -0.0030118 
23 -0.00782013 0.0169754 -0.669299 -1.55873 0.371748 -1.8225 -0.634585 1.5141 0.408751 1.9255 0.00476844 -0.200847 -0.00934615 0.00133516 0.389677 -0.249381 -0.00169797 -0.197414 0.0085832 0.000190738 0.391585 -0.251971 -0.0030118 
23 -0.0082016 0.0169754 -0.668917 -1.55988 0.3748 -1.82364 -0.634966 1.51486 0.41104 1.92626 0.00476844 -0.200847 -0.00934615 0.00133516 0.389677 -0.249381 -0.00169797 -0.197414 0.0085832 0.000190738 0.391585 -0.251971 -0.0030118 
23 -0.0082016 0.0169754 -0.668917 -1.56102 0.378233 -1.82517 -0.635729 1.51563 0.41371 1.92741 0.00476844 -0.200847 -0.00934615 0.00133516 0.389677 -0.249381 -0.00169797 -0.197414 0.0085832 0.000190738 0.391585 -0.251971 -0.0030118 
23 -0.0082016 0.0169754 -0.668917 -1.56178 0.381285 -1.8267 -0.636492 1.51677 0.416381 1.92855 0.00476844 -0.200847 -0.00934615 0.00133516 0.389677 -0.249381 -0.00169797 -0.197414 0.0085832 0.000190738 0.391585 -0.251971 -0.0030118 
23 -0.0082016 0.0169754 -0.668536 -1.56293 0.384718 -1.8286 -0.637255 1.51753 0.418669 1.92931 0.00476844 -0.200847 -0.00934615 0.00133516 0.389677 -0.249381 -0.00169797 -0.197032 0.0085832 0.000190738 0.391585 -0.251971 -0.0030118 
23 -0.0082016 0.0169754 -0.668536 -1.56445 0.38777 -1.83013 -0.638018 1.51906 0.420958 1.93046 0.00438697 -0.200847 -0.00934615 0.00133516 0.389677 -0.249381 -0.00169797 -0.197032 0.0085832 0.000190738 0.391585 -0.251971 -0.0030118 
23 -0.0082016 0.0169754 -0.668154 -1.56522 0.390822 -1.83165 -0.638781 1.52097 0.423247 1.9316 0.00438697 -0.200847 -0.00934615 0.00133516 0.389677 -0.249381 -0.00169797 -0.197414 0.0085832 -0.000190738 0.391585 -0.251971 -0.0030118 
23 -0.00782013 0.0169754 -0.668154 -1.56636 0.393874 -1.83356 -0.639544 1.52173 0.425917 1.93275 0.00438697 -0.200847 -0.00934615 0.00133516 0.389677 -0.249381 -0.00169797 -0.197414 0.0085832 -0.000190738 0.391585 -0.251971 -0.0030118 
23 -0.00782013 0.0169754 -0.667773 -1.56713 0.397307 -1.83509 -0.639925 1.52249 0.428588 1.93427 0.00438697 -0.200847 -0.00934615 0.00133516 0.389677 -0.249381 -0.00169797 -0.197414 0.0085832 -0.000190738 0.391585 -0.251971 -0.0030118 
23 -0.0082016 0.0169754 -0.667773 -1.56827 0.400359 -1.83661 -0.640307 1.52326 0.430877 1.93542 0.00438697 -0.200847 -0.00934615 0.00133516 0.389677 -0.249381 -0.00169797 -0.197414 0.0085832 -0.000190738 0.391585 -0.251971 -0.0030118 
23 -0.0082016 0.0169754 -0.667391 -1.56941 0.403792 -1.83852 -0.640688 1.52364 0.433165 1.93618 0.00476844 -0.200847 -0.00934615 0.00133516 0.389677 -0.249381 -0.00169797 -0.197414 0.0085832 -0.000190738 0.391585 -0.251971 -0.0030118 
23 -0.00782013 0.0169754 -0.667391 -1.57056 0.406462 -1.84005 -0.641451 1.52478 0.435836 1.93732 0.00476844 -0.200847 -0.00934615 0.00133516 0.389677 -0.249381 -0.00169797 -0.197414 0.0085832 -0.000190738 0.391585 -0.251971 -0.0030118 
23 -0.0082016 0.0169754 -0.667391 -1.5717 0.409895 -1.84195 -0.641833 1.52593 0.438506 1.93809 0.00476844 -0.200847 -0.00934615 0.00133516 0.389677 -0.249381 -0.00169797 -0.197414 0.0085832 -0.000190738 0.391585 -0.251971 -0.0030118 
23 -0.0082016 0.0169754 -0.66701 -1.57247 0.412947 -1.84348 -0.642214 1.52707 0.440795 1.93923 0.00438697 -0.200847 -0.00934615 0.00133516 0.389677 -0.249381 -0.00169797 -0.197414 0.0085832 -0.000190738 0.391585 -0.251971 -0.0030118 
23 -0.0082016 0.0169754 -0.66701 -1.57361 0.415999 -1.84501 -0.642596 1.52783 0.443465 1.93999 0.00438697 -0.200847 -0.00934615 0.00133516 0.389677 -0.249381 -0.00169797 -0.197414 0.0085832 -0.000190738 0.391585 -0.251971 -0.0030118 
23 -0.0082016 0.0169754 -0.66701 -1.57437 0.419051 -1.8473 -0.643359 1.5286 0.445754 1.94114 0.00438697 -0.200847 -0.00934615 0.00133516 0.389677 -0.249381 -0.00169797 -0.197414 0.0085832 -0.000190738 0.391585 -0.251971 -0.0030118 
23 -0.0082016 0.0169754 -0.666629 -1.57514 0.422103 -1.84882 -0.64374 1.52974 0.448425 1.9419 0.00438697 -0.200847 -0.00934615 0.00133516 0.389677 -0.249381 -0.00169797 -0.197414 0.0085832 0.000190738 0.391585 -0.251971 -0.0030118 
23 -0.0082016 0.0169754 -0.666629 -1.57628 0.425536 -1.85073 -0.644121 1.5305 0.451095 1.94266 0.00438697 -0.200847 -0.00934615 0.00133516 0.389677 -0.249381 -0.00169797 -0.197032 0.0085832 -0.000190738 0.391585 -0.251971 -0.0030118 
23 -0.0082016 0.0169754 -0.666247 -1.57743 0.428588 -1.85264 -0.644884 1.53241 0.453384 1.94343 0.00400549 -0.200847 -0.00934615 0.00133516 0.389677 -0.249381 -0.00169797 -0.197414 0.0085832 -0.000190738 0.391585 -0.251971 -0.0030118 
23 -0.0082016 0.0169754 -0.666247 -1.57819 0.43164 -1.85454 -0.645266 1.53356 0.456054 1.94419 0.00400549 -0.200847 -0.00934615 0.00133516 0.389677 -0.249381 -0.00169797 -0.197414 0.0085832 -0.000190738 0.391585 -0.251971 -0.0030118 
23 -0.0082016 0.0169754 -0.665866 -1.57933 0.435073 -1.85607 -0.645647 1.5347 0.457961 1.94533 0.00400549 -0.200847 -0.00934615 0.00133516 0.389677 -0.249381 -0.00169797 -0.197414 0.0085832 -0.000190738 0.391585 -0.251971 -0.0030118 
23 -0.0082016 0.0173569 -0.665866 -1.5801 0.437743 -1.85798 -0.646029 1.53546 0.460632 1.94686 0.00400549 -0.200847 -0.00934615 0.00133516 0.389677 -0.249381 -0.00169797 -0.197414 0.0085832 -0.000190738 0.391585 -0.251971 -0.0030118 
23 -0.0082016 0.0169754 -0.665484 -1.58124 0.441176 -1.86027 -0.64641 1.53623 0.463302 1.948 0.00362402 -0.200847 -0.00934615 0.00133516 0.389677 -0.249381 -0.00169797 -0.197414 0.0085832 -0.000190738 0.391585 -0.251971 -0.0030118 
23 -0.0082016 0.0169754 -0.665484 -1.58277 0.444228 -1.86217 -0.646792 1.53699 0.465972 1.94877 0.00362402 -0.200847 -0.00934615 0.00133516 0.389677 -0.249381 -0.00169797 -0.197414 0.0085832 -0.000190738 0.391585 -0.251971 -0.0030118 
23 -0.00782013 0.0169754 -0.665484 -1.58353 0.447662 -1.86408 -0.647173 1.53775 0.468261 1.94991 0.00362402 -0.200847 -0.00934615 0.00133516 0.389677 -0.249381 -0.00169797 -0.197414 0.0085832 -0.000190738 0.391585 -0.251971 -0.0030118 
23 -0.0082016 0.0169754 -0.665484 -1.58429 0.450332 -1.86637 -0.647555 1.5389 0.47055 1.95068 0.00362402 -0.200847 -0.00934615 0.00133516 0.389677 -0.249381 -0.00169797 -0.197414 0.0085832 -0.000190738 0.391585 -0.251971 -0.0030118 
23 -0.0082016 0.0169754 -0.665103 -1.58544 0.453765 -1.8679 -0.647555 1.53966 0.472839 1.95144 0.00324254 -0.200847 -0.00934615 0.00133516 0.389677 -0.249381 -0.00169797 -0.197032 0.0085832 -0.000190738 0.391585 -0.251971 -0.0030118 
23 -0.0082016 0.0169754 -0.665103 -1.5862 0.456817 -1.87018 -0.647936 1.54042 0.475509 1.95258 0.00324254 -0.200847 -0.00934615 0.00133516 0.389677 -0.249381 -0.00169797 -0.197414 0.0085832 -0.000190738 0.391585 -0.251971 -0.0030118 
23 -0.00782013 0.0169754 -0.665103 -1.58658 0.459869 -1.87247 -0.648318 1.54118 0.47818 1.95373 0.00324254 -0.200847 -0.00934615 0.00133516 0.389677 -0.249381 -0.00169797 -0.197032 0.0085832 -0.000190738 0.391585 -0.251971 -0.0030118 
23 -0.00782013 0.0169754 -0.665103 -1.58734 0.462921 -1.874 -0.648318 1.54233 0.480468 1.95449 0.00324254 -0.200847 -0.00934615 0.00133516 0.389677 -0.249381 -0.00169797 -0.197414 0.0085832 -0.000190738 0.391585 -0.251971 -0.0030118 
23 -0.00782013 0.0169754 -0.665103 -1.58849 0.466354 -1.87629 -0.648699 1.54309 0.482376 1.95525 0.00324254 -0.200847 -0.00934615 0.00133516 0.389677 -0.249381 -0.00169797 -0.197032 0.0085832 -0.000190738 0.391585 -0.251971 -0.0030118 
23 -0.0082016 0.0169754 -0.665103 -1.58963 0.469024 -1.87858 -0.649081 1.545 0.485046 1.9564 0.00324254 -0.200847 -0.00934615 0.00133516 0.389677 -0.249381 -0.00169797 -0.197032 0.0085832 -0.000190738 0.391585 -0.251971 -0.0030118 
23 -0.0082016 0.0173569 -0.665103 -1.5904 0.472076 -1.88048 -0.649462 1.54614 0.487716 1.95716 0.00324254 -0.200847 -0.00934615 0.00133516 0.389677 -0.249381 -0.00169797 -0.197032 0.0085832 -0.000190738 0.391585 -0.251971 -0.0030118 
23 -0.00782013 0.0173569 -0.665103 -1.59116 0.475128 -1.88239 -0.649844 1.54691 0.490005 1.9583 0.00324254 -0.200847 -0.00934615 0.00133516 0.389677 -0.249381 -0.00169797 -0.197414 0.0085832 -0.000190738 0.391585 -0.251971 -0.0030118 
23 -0.0082016 0.0169754 -0.665103 -1.59192 0.47818 -1.88468 -0.650607 1.54767 0.492294 1.95983 0.00324254 -0.200847 -0.00934615 0.00133516 0.389677 -0.249381 -0.00169797 -0.197032 0.0085832 -0.000190738 0.391585 -0.251971 -0.0030118 
23 -0.00782013 0.0169754 -0.665103 -1.59268 0.48085 -1.88659 -0.65137 1.54843 0.494583 1.96098 0.00324254 -0.200847 -0.00934615 0.00133516 0.389677 -0.249381 -0.00169797 -0.197032 0.0085832 -0.000190738 0.391585 -0.251971 -0.0030118 
23 -0.00782013 0.0169754 -0.665103 -1.59307 0.483902 -1.88849 -0.651751 1.5492 0.497253 1.96174 0.00324254 -0.200847 -0.00934615 0.00133516 0.389677 -0.249381 -0.00169797 -0.197414 0.0085832 -0.000190738 0.391585 -0.251971 -0.0030118 
23 -0.0082016 0.0169754 -0.665103 -1.59421 0.486572 -1.89078 -0.652132 1.55034 0.499542 1.96288 0.00324254 -0.200847 -0.00934615 0.00133516 0.389677 -0.249381 -0.00169797 -0.197032 0.0085832 -0.000190738 0.391585 -0.251971 -0.0030118 
23 -0.0082016 0.0169754 -0.665103 -1.59535 0.489242 -1.89269 -0.652514 1.55148 0.501831 1.96326 0.00324254 -0.200847 -0.00934615 0.00133516 0.389677 -0.249381 -0.00169797 -0.197032 0.0085832 -0.000190738 0.391585 -0.251971 -0.0030118 
23 -0.00782013 0.0169754 -0.665103 -1.59612 0.492294 -1.8946 -0.652514 1.55225 0.504501 1.96441 0.00324254 -0.200847 -0.00934615 0.00133516 0.389677 -0.249381 -0.00169797 -0.197032 0.0085832 -0.000190738 0.391585 -0.251971 -0.0030118 
23 -0.0082016 0.0169754 -0.665103 -1.5965 0.494965 -1.89689 -0.652895 1.55301 0.50679 1.96555 0.00324254 -0.200847 -0.00934615 0.00133516 0.389677 -0.249381 -0.00169797 -0.197414 0.0085832 -0.000190738 0.391585 -0.251971 -0.0030118 
23 -0.0082016 0.0169754 -0.665103 -1.59688 0.497635 -1.89879 -0.652895 1.55377 0.509079 1.9667 0.00324254 -0.200847 -0.00934615 0.00133516 0.389677 -0.249381 -0.00169797 -0.197414 0.0085832 -0.000190738 0.391585 -0.251971 -0.0030118 
23 -0.0082016 0.0169754 -0.665103 -1.59764 0.500305 -1.9007 -0.653277 1.55492 0.511749 1.96746 0.00324254 -0.200847 -0.00934615 0.00133516 0.389677 -0.249381 -0.00169797 -0.197414 0.0085832 -0.000190738 0.391585 -0.251971 -0.0030118 
23 -0.0082016 0.0169754 -0.665103 -1.59802 0.502594 -1.90299 -0.653658 1.55568 0.514038 1.96822 0.00324254 -0.200847 -0.00934615 0.00133516 0.389677 -0.249381 -0.00169797 -0.197414 0.0085832 -0.000190738 0.391585 -0.251971 -0.0030118 
23 -0.0082016 0.0169754 -0.665103 -1.59879 0.505264 -1.9049 -0.653658 1.55721 0.516709 1.96937 0.00324254 -0.200847 -0.00934615 0.00133516 0.389677 -0.249381 -0.00169797 -0.197414 0.0085832 -0.000190738 0.391585 -0.251971 -0.0030118 
23 -0.0082016 0.0169754 -0.665103 -1.59917 0.507553 -1.90681 -0.65404 1.55835 0.518616 1.97051 0.00324254 -0.200847 -0.00934615 0.00133516 0.389677 -0.249381 -0.00169797 -0.197414 0.0085832 -0.000190738 0.391585 -0.251971 -0.0030118 
23 -0.0082016 0.0169754 -0.665103 -1.59955 0.510224 -1.90909 -0.654421 1.55911 0.520905 1.97204 0.00324254 -0.200847 -0.00934615 0.00133516 0.389677 -0.249381 -0.00169797 -0.197414 0.0085832 -0.000190738 0.391585 -0.251971 -0.0030118 
23 -0.0082016 0.0169754 -0.665103 -1.59993 0.512512 -1.911 -0.654421 1.55988 0.523194 1.97318 0.00324254 -0.200847 -0.00934615 0.00133516 0.389677 -0.249381 -0.00169797 -0.197414 0.0085832 -0.000190738 0.391585 -0.251971 -0.0030118 
23 -0.0082016 0.0169754 -0.665103 -1.6007 0.514801 -1.91329 -0.654803 1.56064 0.525864 1.97395 0.00324254 -0.200847 -0.00934615 0.00133516 0.389677 -0.249381 -0.00169797 -0.197414 0.0085832 -0.000190738 0.391585 -0.251971 -0.0030118 
23 -0.0082016 0.0169754 -0.665103 -1.60146 0.517472 -1.91558 -0.654803 1.56102 0.528153 1.97509 0.00324254 -0.200847 -0.00934615 0.00133516 0.389677 -0.249381 -0.00169797 -0.197414 0.00820172 -0.000190738 0.391585 -0.251971 -0.0030118 
23 -0.0082016 0.0169754 -0.665103 -1.60184 0.519379 -1.91749 -0.654803 1.5614 0.530442 1.97585 0.00324254 -0.200847 -0.00934615 0.00133516 0.389677 -0.249381 -0.00169797 -0.197414 0.0085832 -0.000190738 0.391585 -0.251971 -0.0030118 
23 -0.0082016 0.0169754 -0.665103 -1.6026 0.522049 -1.91939 -0.654803 1.56217 0.532349 1.977 0.00324254 -0.200847 -0.00934615 0.00133516 0.389677 -0.249381 -0.00169797 -0.197414 0.00820172 -0.000190738 0.391585 -0.251971 -0.0030118 
23 -0.0082016 0.0169754 -0.665103 -1.60298 0.524338 -1.92168 -0.654803 1.56331 0.534638 1.97814 0.00324254 -0.200847 -0.00934615 0.00133516 0.389677 -0.249381 -0.00169797 -0.197414 0.00820172 -0.000190738 0.391585 -0.251971 -0.0030118 
23 -0.0082016 0.0169754 -0.665103 -1.60337 0.526627 -1.92359 -0.654803 1.56407 0.536927 1.9789 0.00324254 -0.200847 -0.00934615 0.00133516 0.389677 -0.249381 -0.00169797 -0.197414 0.00820172 -0.000190738 0.391585 -0.251971 -0.0030118 
23 -0.0082016 0.0169754 -0.665103 -1.60375 0.528916 -1.92588 -0.654803 1.56484 0.539216 1.97967 0.00324254 -0.200847 -0.00934615 0.00133516 0.389677 -0.249381 -0.00169797 -0.197414 0.00820172 -0.000190738 0.391585 -0.251971 -0.0030118 
23 -0.0082016 0.0169754 -0.665103 -1.60413 0.530823 -1.92817 -0.654803 1.56522 0.541505 1.98081 0.00324254 -0.200847 -0.00934615 0.00133516 0.389677 -0.249381 -0.00169797 -0.197414 0.00820172 -0.000190738 0.391585 -0.251971 -0.0030118 
23 -0.0082016 0.0169754 -0.665103 -1.60451 0.533112 -1.92969 -0.654803 1.56598 0.543412 1.98196 0.00324254 -0.200847 -0.00934615 0.00133516 0.389677 -0.249381 -0.00169797 -0.197414 0.00820172 -0.000190738 0.391585 -0.251971 -0.0030118 
23 -0.0082016 0.0169754 -0.665103 -1.60527 0.535782 -1.93198 -0.654803 1.56674 0.545319 1.9831 0.00362402 -0.200847 -0.00934615 0.00133516 0.389677 -0.249381 -0.00169797 -0.197414 0.00820172 -0.000190738 0.391585 -0.251971 -0.0030118 
23 -0.0082016 0.0169754 -0.665103 -1.60565 0.53769 -1.93427 -0.654803 1.56751 0.547608 1.98463 0.00362402 -0.200847 -0.00934615 0.00133516 0.389677 -0.249381 -0.00169797 -0.197414 0.00820172 -0.000190738 0.391585 -0.251971 -0.0030118 
23 -0.0082016 0.0169754 -0.665484 -1.60604 0.539979 -1.93618 -0.654803 1.56865 0.549897 1.98577 0.00324254 -0.200847 -0.00934615 0.00133516 0.389677 -0.249381 -0.00169797 -0.197414 0.00820172 -0.000190738 0.391585 -0.251971 -0.0030118 
23 -0.0082016 0.0169754 -0.665484 -1.6068 0.542268 -1.93809 -0.654803 1.57018 0.551423 1.98692 0.00324254 -0.200847 -0.00934615 0.00133516 0.389677 -0.249381 -0.00169797 -0.197414 0.00820172 -0.000190738 0.391585 -0.251971 -0.0030118 
23 -0.0082016 0.0169754 -0.665484 -1.60756 0.544175 -1.94038 -0.654803 1.57094 0.553712 1.98768 0.00324254 -0.200847 -0.00934615 0.00133516 0.389677 -0.249381 -0.00169797 -0.197414 0.00820172 -0.000190738 0.391585 -0.251971 -0.0030118 
23 -0.0082016 0.0169754 -0.665103 -1.60794 0.546082 -1.94228 -0.654803 1.5717 0.555619 1.98844 0.00324254 -0.200847 -0.00934615 0.00133516 0.389677 -0.249381 -0.00169797 -0.197414 0.00820172 -0.000190738 0.391585 -0.251971 -0.0030118 
23 -0.0082016 0.0173569 -0.665103 -1.60871 0.548371 -1.94419 -0.654803 1.57208 0.557527 1.98997 0.00324254 -0.200847 -0.00934615 0.00133516 0.389677 -0.249381 -0.00169797 -0.197414 0.00820172 -0.000190738 0.391585 -0.251971 -0.0030118 
23 -0.0082016 0.0169754 -0.665103 -1.60871 0.550278 -1.94648 -0.654803 1.57247 0.559434 1.99111 0.00362402 -0.200847 -0.00934615 0.00133516 0.389677 -0.249381 -0.00169797 -0.197414 0.00820172 0.000190738 0.391585 -0.251971 -0.0030118 
23 -0.0082016 0.0169754 -0.665103 -1.60909 0.552186 -1.94839 -0.654803 1.57285 0.561341 1.99187 0.00362402 -0.200847 -0.00934615 0.00133516 0.389677 -0.249381 -0.00169797 -0.197414 0.00820172 0.000190738 0.391585 -0.251971 -0.0030118 
23 -0.0082016 0.0169754 -0.665103 -1.60985 0.554475 -1.95029 -0.654803 1.57323 0.56363 1.99264 0.00362402 -0.200847 -0.00934615 0.00133516 0.389677 -0.249381 -0.00169797 -0.197414 0.00820172 0.000190738 0.391585 -0.251971 -0.0030118 
23 -0.0082016 0.0169754 -0.665103 -1.60985 0.556001 -1.95258 -0.654803 1.57323 0.565538 1.99378 0.00362402 -0.200847 -0.00934615 0.00133516 0.389677 -0.249381 -0.00169797 -0.197414 0.00820172 0.000190738 0.391585 -0.251971 -0.0030118 
23 -0.0082016 0.0169754 -0.665103 -1.61023 0.557908 -1.95449 -0.654421 1.57361 0.567063 1.99454 0.00362402 -0.200847 -0.00934615 0.00133516 0.389677 -0.249381 -0.00169797 -0.197414 0.00820172 0.000190738 0.391585 -0.251971 -0.0030118 
23 -0.0082016 0.0169754 -0.665103 -1.61061 0.559815 -1.9564 -0.654421 1.57399 0.568971 1.99569 0.00362402 -0.200847 -0.00934615 0.00133516 0.389677 -0.249381 -0.00169797 -0.197414 0.00820172 -0.000190738 0.391585 -0.251971 -0.0030118 
23 -0.0082016 0.0169754 -0.665103 -1.61099 0.561723 -1.9583 -0.654421 1.57475 0.570497 1.99722 0.00324254 -0.200847 -0.00934615 0.00133516 0.389677 -0.249381 -0.00169797 -0.197414 0.00820172 -0.000190738 0.391585 -0.251971 -0.0030118 
23 -0.0082016 0.0169754 -0.665103 -1.61138 0.56363 -1.96021 -0.65404 1.57552 0.572404 1.99798 0.00324254 -0.200847 -0.00934615 0.00133516 0.389677 -0.249381 -0.00169797 -0.197414 0.00820172 -0.000190738 0.391585 -0.251971 -0.0030118 
23 -0.0082016 0.0169754 -0.665103 -1.61138 0.565156 -1.96212 -0.65404 1.57628 0.574693 1.99912 0.00324254 -0.200847 -0.00934615 0.00133516 0.389677 -0.249381 -0.00169797 -0.197414 0.00820172 -0.000190738 0.391585 -0.251971 -0.0030118 
23 -0.0082016 0.0169754 -0.665103 -1.61176 0.567063 -1.96403 -0.653658 1.57704 0.576219 1.99989 0.00324254 -0.200847 -0.00934615 0.00133516 0.389677 -0.249381 -0.00169797 -0.197414 0.00820172 -0.000190738 0.391585 -0.251971 -0.0030118 
23 -0.0082016 0.0169754 -0.665103 -1.61176 0.568589 -1.96593 -0.653658 1.57743 0.578126 2.00027 0.00324254 -0.200847 -0.00934615 0.00133516 0.389677 -0.249381 -0.00169797 -0.197414 0.00820172 -0.000190738 0.391585 -0.251971 -0.0030118 
23 -0.0082016 0.0169754 -0.665103 -1.61176 0.570115 -1.96746 -0.653658 1.57781 0.580034 2.00103 0.00324254 -0.200847 -0.00934615 0.00133516 0.389677 -0.249381 -0.00169797 -0.197414 0.00820172 -0.000190738 0.391585 -0.251971 -0.0030118 
23 -0.0082016 0.0169754 -0.665103 -1.61176 0.572023 -1.96899 -0.653277 1.57819 0.581559 2.00179 0.00324254 -0.200847 -0.00934615 0.00133516 0.389677 -0.249381 -0.00169797 -0.197414 0.00820172 0.000190738 0.391585 -0.251971 -0.0030118 
23 -0.0082016 0.0169754 -0.665103 -1.61176 0.573548 -1.97089 -0.653277 1.57895 0.583085 2.00256 0.00324254 -0.200847 -0.00934615 0.00133516 0.389677 -0.249381 -0.00169797 -0.197414 0.00820172 -0.000190738 0.391585 -0.251971 -0.0030118 
23 -0.0082016 0.0173569 -0.665103 -1.61176 0.575074 -1.9728 -0.653277 1.57933 0.584611 2.00332 0.00324254 -0.200847 -0.00934615 0.00133516 0.389677 -0.249381 -0.00169797 -0.197414 0.00820172 0.000190738 0.391585 -0.251971 -0.0030118 
23 -0.0082016 0.0173569 -0.665103 -1.61176 0.5766 -1.97395 -0.653277 1.57971 0.586519 2.0037 0.00324254 -0.200847 -0.00934615 0.00133516 0.389677 -0.249381 -0.00169797 -0.197414 0.00820172 0.000190738 0.391585 -0.251971 -0.0030118 
23 -0.0082016 0.0169754 -0.665103 -1.61176 0.578126 -1.97547 -0.653277 1.5801 0.588045 2.00408 0.00324254 -0.200847 -0.00934615 0.00133516 0.389677 -0.249381 -0.00169797 -0.197414 0.00820172 0.000190738 0.391585 -0.251971 -0.0030118 
23 -0.0082016 0.0169754 -0.665103 -1.61176 0.579652 -1.97738 -0.653277 1.58086 0.58957 2.00446 0.00362402 -0.200847 -0.00934615 0.00133516 0.389677 -0.249381 -0.00169797 -0.197032 0.00820172 0.000190738 0.391585 -0.251971 -0.0030118 
23 -0.0082016 0.0169754 -0.665103 -1.61176 0.580797 -1.9789 -0.652895 1.582 0.591478 2.00484 0.00362402 -0.200847 -0.00934615 0.00133516 0.389677 -0.249381 -0.00169797 -0.197414 0.00820172 0.000190738 0.391585 -0.251971 -0.0030118 
23 -0.00782013 0.0169754 -0.665103 -1.61176 0.581941 -1.98005 -0.652895 1.58277 0.592622 2.00523 0.00362402 -0.200847 -0.00934615 0.00133516 0.389677 -0.249381 -0.00169797 -0.197414 0.00820172 -0.000190738 0.391585 -0.251971 -0.0030118 
23 -0.0082016 0.0169754 -0.665103 -1.61176 0.583085 -1.98157 -0.652895 1.58315 0.594148 2.00561 0.00362402 -0.200847 -0.00934615 0.00133516 0.389677 -0.249381 -0.00169797 -0.197414 0.00820172 -0.000190738 0.391585 -0.251971 -0.0030118 
23 -0.0082016 0.0169754 -0.665103 -1.61176 0.584611 -1.98272 -0.652895 1.58353 0.595293 2.00599 0.00362402 -0.200847 -0.00934615 0.00133516 0.389677 -0.249381 -0.00169797 -0.197414 0.00820172 -0.000190738 0.391585 -0.251971 -0.0030118 
23 -0.0082016 0.0169754 -0.665103 -1.61176 0.585756 -1.98425 -0.652895 1.58391 0.596819 2.00599 0.00362402 -0.200847 -0.00934615 0.00133516 0.389677 -0.249381 -0.00169797 -0.197032 0.00820172 -0.000190738 0.391585 -0.251971 -0.0030118 
23 -0.0082016 0.0169754 -0.665103 -1.61176 0.5869 -1.98539 -0.652895 1.58391 0.597963 2.00637 0.00362402 -0.200847 -0.00934615 0.00133516 0.389677 -0.249381 -0.00169797 -0.197032 0.00820172 -0.000190738 0.391585 -0.251971 -0.0030118 
23 -0.0082016 0.0169754 -0.665103 -1.61176 0.588045 -1.98615 -0.652514 1.58391 0.599489 2.00637 0.00362402 -0.200847 -0.00934615 0.00133516 0.389677 -0.249381 -0.00169797 -0.197414 0.00820172 -0.000190738 0.391585 -0.251971 -0.0030118 
23 -0.0082016 0.0169754 -0.665103 -1.61176 0.589189 -1.9873 -0.652514 1.58391 0.601015 2.00675 0.00362402 -0.200847 -0.00934615 0.00133516 0.389677 -0.249381 -0.00169797 -0.197414 0.00820172 -0.000190738 0.391585 -0.251971 -0.0030118 
23 -0.0082016 0.0169754 -0.665103 -1.61176 0.590333 -1.98806 -0.652514 1.58391 0.602159 2.00675 0.00362402 -0.200847 -0.00934615 0.00133516 0.389677 -0.249381 -0.00169797 -0.197414 0.00820172 -0.000190738 0.391585 -0.251971 -0.0030118 
23 -0.0082016 0.0169754 -0.665103 -1.61138 0.591478 -1.98844 -0.652514 1.58353 0.603304 2.00675 0.00362402 -0.200847 -0.00934615 0.00133516 0.389677 -0.249381 -0.00169797 -0.197414 0.00820172 -0.000190738 0.391585 -0.251971 -0.0030118 
23 -0.0082016 0.0169754 -0.665103 -1.61138 0.592241 -1.9892 -0.652514 1.58353 0.604448 2.00637 0.00362402 -0.200847 -0.00934615 0.00133516 0.389677 -0.249381 -0.00169797 -0.197414 0.00820172 -0.000190738 0.391585 -0.251971 -0.0030118 
23 -0.0082016 0.0169754 -0.665103 -1.61138 0.592622 -1.98997 -0.652514 1.58353 0.605592 2.00637 0.00362402 -0.200847 -0.00934615 0.00133516 0.389677 -0.249381 -0.00169797 -0.197414 0.00820172 0.000190738 0.391585 -0.251971 -0.0030118 
23 -0.0082016 0.0169754 -0.665103 -1.61138 0.593385 -1.99073 -0.652514 1.58315 0.606737 2.00637 0.00362402 -0.200847 -0.00934615 0.00133516 0.389677 -0.249381 -0.00169797 -0.197414 0.00820172 0.000190738 0.391585 -0.251971 -0.0030118 
23 -0.00782013 0.0169754 -0.665103 -1.61138 0.594148 -1.99111 -0.652514 1.58315 0.6075 2.00599 0.00362402 -0.200847 -0.00934615 0.00133516 0.389677 -0.249381 -0.00169797 -0.197414 0.00820172 0.000190738 0.391585 -0.251971 -0.0030118 
23 -0.0082016 0.0169754 -0.665103 -1.61138 0.594911 -1.99111 -0.652132 1.58277 0.608263 2.00599 0.00362402 -0.200847 -0.00934615 0.00133516 0.389677 -0.249381 -0.00169797 -0.197414 0.00820172 0.000190738 0.391585 -0.251971 -0.0030118 
23 -0.0082016 0.0169754 -0.664721 -1.61138 0.595293 -1.99149 -0.652132 1.58238 0.609407 2.00561 0.00362402 -0.200847 -0.00934615 0.00133516 0.389677 -0.249381 -0.00169797 -0.197414 0.00820172 -0.000190738 0.391585 -0.251971 -0.0030118 
23 -0.0082016 0.0169754 -0.664721 -1.61099 0.596056 -1.99149 -0.652132 1.58238 0.610552 2.00523 0.00362402 -0.200847 -0.00934615 0.00133516 0.389677 -0.249381 -0.00169797 -0.197414 0.00820172 -0.000190738 0.391585 -0.251971 -0.0030118 
23 -0.0082016 0.0169754 -0.664721 -1.61099 0.596819 -1.99111 -0.652132 1.582 0.611696 2.00484 0.00362402 -0.200847 -0.00934615 0.00133516 0.389677 -0.249381 -0.00169797 -0.197414 0.00820172 -0.000190738 0.391585 -0.251971 -0.0030118 
23 -0.0082016 0.0169754 -0.664721 -1.61099 0.597581 -1.99111 -0.651751 1.582 0.61284 2.00446 0.00362402 -0.200847 -0.00934615 0.00133516 0.389677 -0.249381 -0.00169797 -0.197414 0.00820172 -0.000190738 0.391585 -0.251971 -0.0030118 
23 -0.0082016 0.0169754 -0.664721 -1.61061 0.598344 -1.99073 -0.651751 1.58162 0.613603 2.00408 0.00362402 -0.200847 -0.00934615 0.00133516 0.389677 -0.249381 -0.00169797 -0.197414 0.00820172 -0.000190738 0.391585 -0.251971 -0.0030118 
23 -0.0082016 0.0169754 -0.664721 -1.61061 0.598726 -1.99073 -0.65137 1.58162 0.614366 2.0037 0.00362402 -0.200847 -0.00934615 0.00133516 0.389677 -0.249381 -0.00169797 -0.197414 0.00820172 -0.000190738 0.391585 -0.251971 -0.0030118 
23 -0.0082016 0.0169754 -0.664721 -1.61023 0.599489 -1.98997 -0.650988 1.58162 0.615511 2.00294 0.00362402 -0.200847 -0.00934615 0.00133516 0.389677 -0.249381 -0.00169797 -0.197414 0.00820172 -0.000190738 0.391585 -0.251971 -0.0030118 
23 -0.0082016 0.0169754 -0.66434 -1.61023 0.59987 -1.98959 -0.650988 1.58162 0.616274 2.00179 0.00324254 -0.200847 -0.00934615 0.00133516 0.389677 -0.249381 -0.00169797 -0.197414 0.00820172 -0.000190738 0.391585 -0.251971 -0.0030118 
23 -0.0082016 0.0169754 -0.66434 -1.60985 0.600633 -1.98882 -0.650607 1.58124 0.617037 2.00103 0.00324254 -0.200847 -0.00934615 0.00133516 0.389677 -0.249381 -0.00169797 -0.197414 0.00820172 -0.000190738 0.391585 -0.251971 -0.0030118 
23 -0.0082016 0.0169754 -0.66434 -1.60947 0.601015 -1.98806 -0.650607 1.58124 0.6178 2.00027 0.00324254 -0.200847 -0.00934615 0.00133516 0.389677 -0.249381 -0.00169797 -0.197414 0.00820172 -0.000190738 0.391585 -0.251971 -0.0030118 
23 -0.0082016 0.0169754 -0.66434 -1.60909 0.601396 -1.9873 -0.650225 1.58086 0.618181 1.9995 0.00324254 -0.200847 -0.00934615 0.00133516 0.389677 -0.249381 -0.00169797 -0.197414 0.00820172 0.000190738 0.391585 -0.251971 -0.0030118 
23 -0.00782013 0.0169754 -0.663958 -1.60909 0.601778 -1.98653 -0.650225 1.58086 0.618563 1.99836 0.00324254 -0.200847 -0.00934615 0.00133516 0.389677 -0.249381 -0.00169797 -0.197414 0.00820172 -0.000190738 0.391585 -0.251971 -0.0030118 
23 -0.0082016 0.0169754 -0.663577 -1.60871 0.601778 -1.98577 -0.650225 1.58048 0.619326 1.99722 0.00324254 -0.200847 -0.00934615 0.00133516 0.389677 -0.249381 -0.00169797 -0.197414 0.00820172 0.000190738 0.391585 -0.251971 -0.0030118 
23 -0.0082016 0.0169754 -0.663577 -1.60832 0.602159 -1.98501 -0.649844 1.5801 0.619707 1.99531 0.00324254 -0.200847 -0.00934615 0.00133516 0.389677 -0.249381 -0.00169797 -0.197414 0.0085832 0.000190738 0.391585 -0.251971 -0.0030118 
23 -0.00782013 0.0169754 -0.663195 -1.60794 0.602159 -1.98425 -0.649844 1.5801 0.620089 1.99378 0.00324254 -0.200847 -0.00934615 0.00133516 0.389677 -0.249381 -0.00169797 -0.197414 0.0085832 0.000190738 0.391585 -0.251971 -0.0030118 
23 -0.00782013 0.0169754 -0.662814 -1.60794 0.602541 -1.98272 -0.649844 1.57971 0.620851 1.99226 0.00324254 -0.200847 -0.00934615 0.00133516 0.389677 -0.249381 -0.00169797 -0.197414 0.0085832 0.000190738 0.391585 -0.251971 -0.0030118 
23 -0.00782013 0.0169754 -0.662432 -1.60718 0.602541 -1.98119 -0.649844 1.57971 0.621233 1.99073 0.00362402 -0.200847 -0.00934615 0.00133516 0.389677 -0.249381 -0.00169797 -0.197414 0.0085832 -0.000190738 0.391585 -0.251971 -0.0030118 
23 -0.00782013 0.0169754 -0.662051 -1.6068 0.602541 -1.98005 -0.649844 1.57933 0.621996 1.98844 0.00362402 -0.200847 -0.00934615 0.00133516 0.389677 -0.249381 -0.00169797 -0.197414 0.0085832 -0.000190738 0.391585 -0.251971 -0.0030118 
23 -0.00782013 0.0173569 -0.661669 -1.60642 0.602541 -1.9789 -0.649462 1.57933 0.622759 1.98692 0.00362402 -0.200847 -0.00934615 0.00133516 0.389677 -0.249381 -0.00169797 -0.197414 0.0085832 -0.000190738 0.391585 -0.251971 -0.0030118 
23 -0.00782013 0.0169754 -0.661288 -1.60604 0.602541 -1.97738 -0.649462 1.57895 0.62314 1.98539 0.00362402 -0.200847 -0.00934615 0.00133516 0.389677 -0.249381 -0.00169797 -0.197414 0.0085832 -0.000190738 0.391585 -0.251971 -0.0030118 
23 -0.0082016 0.0169754 -0.660906 -1.60565 0.602541 -1.97547 -0.649081 1.57895 0.623903 1.98272 0.00362402 -0.200847 -0.00934615 0.00133516 0.389677 -0.249381 -0.00169797 -0.197414 0.0085832 -0.000190738 0.391585 -0.251971 -0.0030118 
23 -0.0082016 0.0169754 -0.660143 -1.60527 0.602159 -1.97356 -0.648699 1.57895 0.624285 1.98043 0.00400549 -0.200847 -0.00934615 0.00133516 0.389677 -0.249381 -0.00169797 -0.197414 0.0085832 -0.000190738 0.391585 -0.251971 -0.0030118 
23 -0.0082016 0.0173569 -0.659762 -1.60527 0.602159 -1.97204 -0.648699 1.57895 0.624666 1.97852 0.00400549 -0.200847 -0.00934615 0.00133516 0.389677 -0.249381 -0.00169797 -0.197414 0.0085832 -0.000190738 0.391585 -0.251971 -0.0030118 
23 -0.00782013 0.0173569 -0.65938 -1.60489 0.602159 -1.96975 -0.648318 1.57857 0.625048 1.97585 0.00400549 -0.200847 -0.00934615 0.00133516 0.389677 -0.249381 -0.00169797 -0.197414 0.0085832 -0.000190738 0.391585 -0.251971 -0.0030118 
23 -0.0082016 0.0173569 -0.658618 -1.60451 0.602159 -1.96784 -0.648318 1.57857 0.625429 1.97356 0.00400549 -0.200847 -0.00934615 0.00133516 0.389677 -0.249381 -0.00169797 -0.197414 0.0085832 -0.000190738 0.391585 -0.251971 -0.0030118 
23 -0.0082016 0.0173569 -0.658236 -1.60413 0.601778 -1.96593 -0.647936 1.57857 0.625429 1.97089 0.00438697 -0.200847 -0.00934615 0.00133516 0.389677 -0.249381 -0.00169797 -0.197414 0.0085832 -0.000190738 0.391585 -0.251971 -0.0030118 
23 -0.00782013 0.0169754 -0.657473 -1.60413 0.601778 -1.96365 -0.647936 1.57857 0.625429 1.96822 0.00438697 -0.200847 -0.00934615 0.00133516 0.389677 -0.249381 -0.00169797 -0.197414 0.0085832 -0.000190738 0.391585 -0.251971 -0.0030118 
23 -0.00782013 0.0169754 -0.65671 -1.60375 0.601778 -1.96098 -0.647555 1.57857 0.625811 1.96593 0.00476844 -0.200847 -0.00934615 0.00133516 0.389677 -0.249381 -0.00169797 -0.197414 0.0085832 0.000190738 0.391585 -0.251971 -0.0030118 
23 -0.00782013 0.0169754 -0.655947 -1.60375 0.601396 -1.95907 -0.647555 1.57857 0.625429 1.96288 0.00476844 -0.200847 -0.00934615 0.00133516 0.389677 -0.249381 -0.00169797 -0.197414 0.0085832 0.000190738 0.391585 -0.251971 -0.0030118 
23 -0.00782013 0.0169754 -0.655184 -1.60337 0.601396 -1.95602 -0.647173 1.57857 0.625429 1.96059 0.00514992 -0.200847 -0.00934615 0.00133516 0.389677 -0.249381 -0.00169797 -0.197414 0.0085832 0.000190738 0.391585 -0.251971 -0.0030118 
23 -0.0082016 0.0173569 -0.654421 -1.60337 0.601396 -1.95373 -0.646792 1.57857 0.625429 1.95716 0.00514992 -0.200847 -0.00934615 0.00133516 0.389677 -0.249381 -0.00169797 -0.197414 0.0085832 -0.000190738 0.391585 -0.251971 -0.0030118 
23 -0.00782013 0.0169754 -0.653658 -1.60298 0.601015 -1.95106 -0.646792 1.57819 0.625429 1.95449 0.0055314 -0.200847 -0.00934615 0.00133516 0.389677 -0.249381 -0.00169797 -0.197414 0.0085832 -0.000190738 0.391585 -0.251971 -0.0030118 
23 -0.0082016 0.0169754 -0.652895 -1.6026 0.601015 -1.94839 -0.64641 1.57819 0.625048 1.95106 0.0055314 -0.200847 -0.00934615 0.00133516 0.389677 -0.249381 -0.00169797 -0.197414 0.0085832 -0.000190738 0.391585 -0.251971 -0.0030118 
23 -0.00782013 0.0169754 -0.652132 -1.6026 0.600633 -1.94495 -0.646029 1.57819 0.625048 1.94839 0.0055314 -0.200847 -0.00934615 0.00133516 0.389677 -0.249381 -0.00169797 -0.197414 0.0085832 -0.000190738 0.391585 -0.251971 -0.0030118 
23 -0.00782013 0.0169754 -0.65137 -1.60222 0.600633 -1.94228 -0.645266 1.57819 0.624666 1.94495 0.0055314 -0.200847 -0.00934615 0.00133516 0.389677 -0.249381 -0.00169797 -0.197414 0.0085832 -0.000190738 0.391585 -0.251971 -0.0030118 
23 -0.0082016 0.0169754 -0.650607 -1.60184 0.600633 -1.93923 -0.644884 1.57819 0.624666 1.9419 0.0055314 -0.200847 -0.00934615 0.00133516 0.389677 -0.249381 -0.00169797 -0.197414 0.0085832 -0.000190738 0.391585 -0.251971 -0.0030118 
23 -0.00782013 0.0169754 -0.649462 -1.60184 0.600252 -1.9358 -0.644503 1.57819 0.624285 1.93847 0.0055314 -0.200847 -0.00934615 0.00133516 0.389677 -0.249381 -0.00169797 -0.197414 0.0085832 -0.000190738 0.391585 -0.251971 -0.0030118 
23 -0.0082016 0.0169754 -0.649081 -1.60146 0.600252 -1.93236 -0.64374 1.57819 0.623903 1.9358 0.00591287 -0.200847 -0.00934615 0.00133516 0.389677 -0.249381 -0.00169797 -0.197414 0.0085832 -0.000190738 0.391585 -0.251971 -0.0030118 
23 -0.00782013 0.0169754 -0.648318 -1.60108 0.59987 -1.92931 -0.643359 1.57819 0.623522 1.93198 0.00591287 -0.200847 -0.00934615 0.00133516 0.389677 -0.249381 -0.00169797 -0.197414 0.0085832 -0.000190738 0.391585 -0.251971 -0.0030118 
23 -0.0082016 0.0169754 -0.647173 -1.6007 0.59987 -1.92588 -0.642596 1.57819 0.62314 1.92893 0.00591287 -0.200847 -0.00934615 0.00133516 0.389677 -0.249381 -0.00169797 -0.197414 0.0085832 -0.000190738 0.391585 -0.251971 -0.0030118 
23 -0.0082016 0.0169754 -0.64641 -1.6007 0.59987 -1.92245 -0.642214 1.57819 0.622759 1.92512 0.00591287 -0.200847 -0.00934615 0.00133516 0.389677 -0.249381 -0.00169797 -0.197414 0.0085832 -0.000190738 0.391585 -0.251971 -0.0030118 
23 -0.0082016 0.0169754 -0.645647 -1.60031 0.59987 -1.91825 -0.641833 1.57819 0.622377 1.92206 0.00629435 -0.200847 -0.00934615 0.00133516 0.389677 -0.249381 -0.00169797 -0.197414 0.0085832 0.000190738 0.391585 -0.251971 -0.0030118 
23 -0.00782013 0.0169754 -0.644503 -1.60031 0.59987 -1.91482 -0.64107 1.57819 0.622377 1.91825 0.00629435 -0.200847 -0.00934615 0.00133516 0.389677 -0.249381 -0.00169797 -0.197414 0.0085832 0.000190738 0.391585 -0.251971 -0.0030118 
23 -0.0082016 0.0173569 -0.643359 -1.59993 0.599489 -1.911 -0.640688 1.57819 0.621996 1.91444 0.00629435 -0.200847 -0.00934615 0.00133516 0.389677 -0.249381 -0.00169797 -0.197414 0.0085832 0.000190738 0.391585 -0.251971 -0.0030118 
23 -0.0082016 0.0173569 -0.642596 -1.59955 0.599489 -1.90681 -0.640307 1.57819 0.621614 1.911 0.00629435 -0.200847 -0.00934615 0.00133516 0.389677 -0.249381 -0.00169797 -0.197414 0.0085832 0.000190738 0.391585 -0.251971 -0.0030118 
23 -0.00782013 0.0169754 -0.641451 -1.59955 0.599489 -1.90299 -0.639925 1.57819 0.621233 1.90719 0.00667582 -0.200847 -0.00934615 0.00133516 0.389677 -0.249381 -0.00169797 -0.197414 0.0085832 0.000190738 0.391585 -0.251971 -0.0030118 
23 -0.0082016 0.0169754 -0.640688 -1.59917 0.599489 -1.89879 -0.639544 1.57819 0.620851 1.90375 0.00667582 -0.200847 -0.00934615 0.00133516 0.389677 -0.249381 -0.00169797 -0.197414 0.0085832 0.000190738 0.391585 -0.251971 -0.0030118 
23 -0.00782013 0.0169754 -0.639544 -1.59917 0.599107 -1.8946 -0.638781 1.57819 0.62047 1.89956 0.00667582 -0.200847 -0.00934615 0.00133516 0.389677 -0.249381 -0.00169797 -0.197414 0.0085832 0.000190738 0.391585 -0.251971 -0.0030118 
23 -0.0082016 0.0169754 -0.638781 -1.59879 0.599107 -1.89078 -0.638399 1.57819 0.62047 1.89574 0.00667582 -0.200847 -0.00934615 0.00133516 0.389677 -0.249381 -0.00169797 -0.197414 0.0085832 -0.000190738 0.391585 -0.251971 -0.0030118 
23 -0.00782013 0.0173569 -0.638018 -1.59841 0.599107 -1.88621 -0.637636 1.57819 0.620089 1.89231 0.00667582 -0.200847 -0.00934615 0.00133516 0.389677 -0.249381 -0.00169797 -0.197414 0.0085832 -0.000190738 0.391585 -0.251971 -0.0030118 
23 -0.00782013 0.0169754 -0.636873 -1.59841 0.599107 -1.88163 -0.636873 1.57819 0.619707 1.88811 0.00667582 -0.200847 -0.00934615 0.00133516 0.389677 -0.249381 -0.00169797 -0.197414 0.0085832 -0.000190738 0.391585 -0.251971 -0.0030118 
23 -0.0082016 0.0169754 -0.63611 -1.59802 0.598726 -1.87781 -0.636492 1.57819 0.619707 1.8843 0.00667582 -0.200847 -0.00934615 0.00133516 0.389677 -0.249381 -0.00169797 -0.197414 0.0085832 -0.000190738 0.391585 -0.251971 -0.0030118 
23 -0.0082016 0.0173569 -0.635348 -1.59726 0.598726 -1.87324 -0.63611 1.57819 0.619326 1.88048 0.00667582 -0.200847 -0.00934615 0.00133516 0.389677 -0.249381 -0.00169797 -0.197414 0.0085832 -0.000190738 0.391585 -0.251971 -0.0030118 
23 -0.0082016 0.0169754 -0.634585 -1.59688 0.598726 -1.86866 -0.635729 1.57819 0.618944 1.87591 0.00667582 -0.200847 -0.00934615 0.00133516 0.389677 -0.249381 -0.00169797 -0.197414 0.0085832 -0.000190738 0.391585 -0.251971 -0.0030118 
23 -0.00782013 0.0169754 -0.633822 -1.5965 0.598726 -1.86446 -0.635348 1.57819 0.618181 1.87247 0.00667582 -0.200847 -0.00934615 0.00133516 0.389677 -0.249381 -0.00169797 -0.197414 0.0085832 -0.000190738 0.391585 -0.251971 -0.0030118 
23 -0.0082016 0.0173569 -0.632677 -1.59612 0.598726 -1.85988 -0.634966 1.57819 0.6178 1.86828 0.00629435 -0.200847 -0.00934615 0.00133516 0.389677 -0.249381 -0.00169797 -0.197032 0.0085832 -0.000190738 0.391585 -0.251971 -0.0030118 
23 -0.00782013 0.0173569 -0.631914 -1.59574 0.598344 -1.85531 -0.634585 1.57781 0.617037 1.8637 0.00629435 -0.200847 -0.00934615 0.00133516 0.389677 -0.249381 -0.00169797 -0.197414 0.0085832 -0.000190738 0.391585 -0.251971 -0.0030118 
23 -0.0082016 0.0173569 -0.63077 -1.59535 0.598344 -1.85073 -0.634203 1.57781 0.616274 1.86027 0.00629435 -0.200847 -0.00934615 0.00133516 0.389677 -0.249381 -0.00169797 -0.197032 0.0085832 0.000190738 0.391585 -0.251971 -0.0030118 
23 -0.00782013 0.0173569 -0.630007 -1.59459 0.598344 -1.84615 -0.633822 1.57743 0.615129 1.85569 0.00629435 -0.200847 -0.00934615 0.00133516 0.389677 -0.249381 -0.00169797 -0.197414 0.0085832 0.000190738 0.391585 -0.251971 -0.0030118 
23 -0.0082016 0.0173569 -0.629244 -1.59383 0.597963 -1.84195 -0.63344 1.57743 0.613985 1.85111 0.00629435 -0.200847 -0.00934615 0.00133516 0.389677 -0.249381 -0.00169797 -0.197414 0.0085832 0.000190738 0.391585 -0.251971 -0.0030118 
23 -0.0082016 0.0173569 -0.628481 -1.59345 0.597963 -1.83738 -0.633059 1.57704 0.613222 1.8473 0.00629435 -0.200847 -0.00934615 0.00133516 0.389677 -0.249381 -0.00169797 -0.197414 0.0085832 0.000190738 0.391585 -0.251971 -0.0030118 
23 -0.0082016 0.0173569 -0.627337 -1.59268 0.597963 -1.83242 -0.632296 1.57628 0.612459 1.84272 0.00629435 -0.200847 -0.00934615 0.00133516 0.389677 -0.249381 -0.00169797 -0.197414 0.0085832 0.000190738 0.391585 -0.251971 -0.0030118 
23 -0.0082016 0.0173569 -0.626574 -1.5923 0.597581 -1.82822 -0.631914 1.57552 0.611315 1.83776 0.00629435 -0.200847 -0.00934615 0.00133516 0.389677 -0.249381 -0.00169797 -0.197414 0.0085832 0.000190738 0.391585 -0.251971 -0.0030118 
23 -0.0082016 0.0173569 -0.625811 -1.59192 0.597581 -1.82326 -0.631151 1.57475 0.61017 1.83356 0.00629435 -0.200847 -0.00934615 0.00133516 0.389677 -0.249381 -0.00169797 -0.197414 0.0085832 0.000190738 0.391585 -0.251971 -0.0030118 
23 -0.00782013 0.0173569 -0.625048 -1.59116 0.597581 -1.8183 -0.630388 1.57399 0.609026 1.82937 0.00629435 -0.200847 -0.00934615 0.00133516 0.389677 -0.249381 -0.00169797 -0.197414 0.0085832 -0.000190738 0.391585 -0.251971 -0.0030118 
23 -0.00782013 0.0169754 -0.624285 -1.59078 0.5972 -1.81334 -0.630007 1.57361 0.607881 1.82441 0.00629435 -0.200847 -0.00934615 0.00133516 0.389677 -0.249381 -0.00169797 -0.197414 0.0085832 -0.000190738 0.391585 -0.251971 -0.0030118 
23 -0.0082016 0.0173569 -0.623903 -1.59001 0.5972 -1.80838 -0.629625 1.57323 0.607118 1.81983 0.00629435 -0.200847 -0.00934615 0.00133516 0.389677 -0.249381 -0.00169797 -0.197414 0.0085832 -0.000190738 0.391585 -0.251971 -0.0030118 
23 -0.0082016 0.0173569 -0.62314 -1.58925 0.5972 -1.80381 -0.629244 1.57285 0.606355 1.81525 0.00629435 -0.200847 -0.00934615 0.00133516 0.389677 -0.249381 -0.00169797 -0.197414 0.0085832 -0.000190738 0.391585 -0.251971 -0.0030118 
23 -0.00782013 0.0169754 -0.621996 -1.58849 0.5972 -1.79847 -0.628481 1.57247 0.605592 1.81106 0.00591287 -0.200847 -0.00934615 0.00133516 0.389677 -0.249381 -0.00169797 -0.197414 0.0085832 -0.000190738 0.391585 -0.251971 -0.0030118 
23 -0.00782013 0.0169754 -0.621233 -1.58811 0.5972 -1.79351 -0.6281 1.5717 0.604829 1.8061 0.00591287 -0.200847 -0.00934615 0.00133516 0.389677 -0.249381 -0.00169797 -0.197414 0.00820172 -0.000190738 0.391585 -0.251971 -0.0030118 
23 -0.0082016 0.0173569 -0.620851 -1.58734 0.5972 -1.78855 -0.627718 1.57094 0.604067 1.80114 0.00591287 -0.200847 -0.00934615 0.00133516 0.389677 -0.249381 -0.00169797 -0.197414 0.00820172 -0.000190738 0.391585 -0.251971 -0.0030118 
23 -0.00782013 0.0173569 -0.620089 -1.58696 0.5972 -1.78321 -0.627337 1.57018 0.603304 1.79694 0.0055314 -0.200847 -0.00934615 0.00133516 0.389677 -0.249381 -0.00169797 -0.197414 0.00820172 -0.000190738 0.391585 -0.251971 -0.0030118 
23 -0.0082016 0.0173569 -0.618944 -1.58658 0.5972 -1.77825 -0.626955 1.56865 0.602541 1.79198 0.0055314 -0.200847 -0.00934615 0.00133516 0.389677 -0.249381 -0.00169797 -0.197414 0.00820172 -0.000190738 0.391585 -0.251971 -0.0030118 
23 -0.0082016 0.0173569 -0.618181 -1.5862 0.5972 -1.77291 -0.626574 1.56789 0.601396 1.7874 0.0055314 -0.200847 -0.00934615 0.00133516 0.389677 -0.249381 -0.00169797 -0.197414 0.00820172 -0.000190738 0.391585 -0.251971 -0.0030118 
23 -0.00782013 0.0173569 -0.6178 -1.58544 0.5972 -1.76757 -0.625811 1.56713 0.600633 1.78206 0.00514992 -0.200847 -0.00934615 0.00133516 0.389677 -0.249381 -0.00169797 -0.197414 0.00820172 -0.000190738 0.391585 -0.251971 -0.0030118 
23 -0.00782013 0.0173569 -0.617037 -1.58467 0.5972 -1.76184 -0.625429 1.56674 0.59987 1.7771 0.00514992 -0.200847 -0.00934615 0.00133516 0.389677 -0.249381 -0.00169797 -0.197414 0.00820172 -0.000190738 0.391585 -0.251971 -0.0030118 
23 -0.0082016 0.0173569 -0.616274 -1.58429 0.5972 -1.7565 -0.624666 1.56598 0.598726 1.77291 0.00514992 -0.200847 -0.00934615 0.00133516 0.389677 -0.249381 -0.00169797 -0.197414 0.00820172 -0.000190738 0.391585 -0.251971 -0.0030118 
23 -0.00782013 0.0173569 -0.615892 -1.58391 0.597581 -1.75116 -0.624285 1.5656 0.597963 1.76757 0.00514992 -0.200847 -0.00934615 0.00133516 0.389677 -0.249381 -0.00169797 -0.197414 0.00820172 -0.000190738 0.391585 -0.251971 -0.0030118 
23 -0.00782013 0.0173569 -0.615129 -1.58353 0.597581 -1.74582 -0.623903 1.56522 0.597581 1.76261 0.00476844 -0.200847 -0.00934615 0.00133516 0.389677 -0.249381 -0.00169797 -0.197414 0.00820172 -0.000190738 0.391585 -0.251971 -0.0030118 
23 -0.00782013 0.0173569 -0.614748 -1.58277 0.597581 -1.74086 -0.623522 1.56484 0.5972 1.75727 0.00476844 -0.200847 -0.00934615 0.00133516 0.389677 -0.249381 -0.00169797 -0.197414 0.00820172 -0.000190738 0.391585 -0.251971 -0.0030118 
23 -0.00782013 0.0173569 -0.614366 -1.58238 0.597581 -1.73552 -0.622759 1.56445 0.596437 1.75193 0.00476844 -0.200847 -0.00934615 0.00133516 0.389677 -0.249381 -0.00169797 -0.197414 0.00820172 0.000190738 0.391585 -0.251971 -0.0030118 
23 -0.00782013 0.0173569 -0.613603 -1.58162 0.597963 -1.7298 -0.622759 1.56407 0.596056 1.74735 0.00476844 -0.200847 -0.00934615 0.00133516 0.389677 -0.249381 -0.00169797 -0.197414 0.00820172 -0.000190738 0.391585 -0.251971 -0.0030118 
23 -0.00782013 0.0173569 -0.613222 -1.58124 0.597963 -1.72446 -0.622377 1.56331 0.596056 1.74201 0.00514992 -0.200847 -0.00934615 0.00133516 0.389677 -0.249381 -0.00169797 -0.197414 0.00820172 0.000190738 0.391585 -0.251971 -0.0030118 
23 -0.0082016 0.0173569 -0.61284 -1.58086 0.598344 -1.71874 -0.621996 1.56255 0.595674 1.73667 0.00514992 -0.200847 -0.00934615 0.00133516 0.389677 -0.249381 -0.00169797 -0.197414 0.00820172 0.000190738 0.391585 -0.251971 -0.0030118 
23 -0.0082016 0.0173569 -0.612078 -1.58086 0.598344 -1.7134 -0.621614 1.56178 0.595674 1.73133 0.00514992 -0.200847 -0.00934615 0.00133516 0.389677 -0.249381 -0.00169797 -0.197414 0.00820172 -0.000190738 0.391585 -0.251971 -0.0030118 
23 -0.0082016 0.0173569 -0.611696 -1.58048 0.598726 -1.70806 -0.621233 1.5614 0.595293 1.72599 0.00514992 -0.200847 -0.00934615 0.00133516 0.389677 -0.249381 -0.00169797 -0.197414 0.00820172 0.000190738 0.391585 -0.251971 -0.0030118 
23 -0.0082016 0.0173569 -0.611315 -1.58048 0.598726 -1.7031 -0.621233 1.56102 0.595293 1.72026 0.00514992 -0.200847 -0.00934615 0.00133516 0.389677 -0.249381 -0.00169797 -0.197414 0.00820172 0.000190738 0.391585 -0.251971 -0.0030118 
23 -0.00782013 0.0173569 -0.610933 -1.58048 0.598726 -1.69776 -0.620851 1.56064 0.595293 1.71492 0.00514992 -0.200847 -0.00934615 0.00133516 0.389677 -0.249381 -0.00169797 -0.197414 0.00820172 -0.000190738 0.391585 -0.251971 -0.0030118 
23 -0.00782013 0.0173569 -0.610552 -1.58048 0.599107 -1.69203 -0.62047 1.56026 0.595293 1.70996 0.00514992 -0.200847 -0.00934615 0.00133516 0.389677 -0.249381 -0.00169797 -0.197414 0.00820172 -0.000190738 0.391585 -0.251971 -0.0030118 
23 -0.0082016 0.0173569 -0.61017 -1.58048 0.599107 -1.68669 -0.619707 1.5595 0.594911 1.70462 0.00514992 -0.200847 -0.00934615 0.00133516 0.389677 -0.249381 -0.00169797 -0.197414 0.00820172 0.000190738 0.391585 -0.251971 -0.0030118 
23 -0.0082016 0.0173569 -0.609789 -1.58048 0.599107 -1.68135 -0.619326 1.55911 0.594911 1.69928 0.00514992 -0.200847 -0.00934615 0.00133516 0.389677 -0.249381 -0.00169797 -0.197414 0.00820172 -0.000190738 0.391585 -0.251971 -0.0030118 
23 -0.0082016 0.0173569 -0.609407 -1.58048 0.599107 -1.67601 -0.618944 1.55873 0.594911 1.69394 0.00514992 -0.200847 -0.00934615 0.00133516 0.389677 -0.249381 -0.00169797 -0.197414 0.00820172 -0.000190738 0.391585 -0.251971 -0.0030118 
23 -0.0082016 0.0173569 -0.609026 -1.58048 0.599107 -1.67029 -0.618563 1.55797 0.594911 1.68822 0.00514992 -0.200847 -0.00934615 0.00133516 0.389677 -0.249381 -0.00169797 -0.197414 0.00820172 -0.000190738 0.391585 -0.251971 -0.0030118 
23 -0.00782013 0.0173569 -0.608644 -1.58048 0.599107 -1.66533 -0.618181 1.55644 0.594911 1.68288 0.00514992 -0.200847 -0.00934615 0.00133516 0.389677 -0.249381 -0.00169797 -0.197414 0.00820172 -0.000190738 0.391585 -0.251971 -0.0030118 
23 -0.00782013 0.0173569 -0.608263 -1.5801 0.599107 -1.65999 -0.6178 1.55568 0.59453 1.67716 0.00514992 -0.200847 -0.00934615 0.00133516 0.389677 -0.249381 -0.00169797 -0.197414 0.00820172 -0.000190738 0.391585 -0.251971 -0.0030118 
23 -0.00782013 0.0173569 -0.607881 -1.5801 0.599107 -1.65465 -0.617418 1.55492 0.59453 1.6722 0.00514992 -0.200847 -0.00934615 0.00133516 0.389677 -0.249381 -0.00169797 -0.197414 0.00820172 -0.000190738 0.391585 -0.251971 -0.0030118 
23 -0.00782013 0.0173569 -0.6075 -1.5801 0.599107 -1.64931 -0.617037 1.55454 0.59453 1.66686 0.00514992 -0.200847 -0.00934615 0.00133516 0.389677 -0.249381 -0.00169797 -0.197414 0.00820172 -0.000190738 0.391585 -0.251971 -0.0030118 
23 -0.00782013 0.0173569 -0.606737 -1.5801 0.599107 -1.64397 -0.616655 1.55415 0.59453 1.6619 0.00514992 -0.200847 -0.00934615 0.00133516 0.389677 -0.249381 -0.00169797 -0.197414 0.00820172 -0.000190738 0.391585 -0.251971 -0.0030118 
23 -0.0082016 0.0173569 -0.606355 -1.5801 0.599107 -1.63863 -0.616655 1.55377 0.59453 1.65618 0.00514992 -0.200847 -0.00934615 0.00133516 0.389677 -0.249381 -0.00169797 -0.197414 0.00820172 -0.000190738 0.391585 -0.251971 -0.0030118 
23 -0.00782013 0.0173569 -0.605974 -1.5801 0.599107 -1.63329 -0.616274 1.55339 0.59453 1.65084 0.00514992 -0.200847 -0.00934615 0.00133516 0.389677 -0.249381 -0.00169797 -0.197414 0.00820172 -0.000190738 0.391585 -0.251971 -0.0030118 
23 -0.00782013 0.0173569 -0.605592 -1.58048 0.599107 -1.62871 -0.615892 1.55301 0.594911 1.64549 0.00514992 -0.200847 -0.00934615 0.00133516 0.389677 -0.249381 -0.00169797 -0.197414 0.00820172 -0.000190738 0.391585 -0.251971 -0.0030118 
23 -0.0082016 0.0173569 -0.605592 -1.58048 0.599107 -1.62337 -0.615892 1.55263 0.594911 1.64015 0.00514992 -0.200847 -0.00934615 0.00133516 0.389677 -0.249381 -0.00169797 -0.197414 0.00820172 -0.000190738 0.391585 -0.251971 -0.0030118 
23 -0.00782013 0.0173569 -0.605211 -1.58048 0.599107 -1.61803 -0.615511 1.55263 0.594911 1.63558 0.00514992 -0.200847 -0.00934615 0.00133516 0.389677 -0.249381 -0.00169797 -0.197414 0.00820172 0.000190738 0.391585 -0.251971 -0.0030118 
23 -0.0082016 0.0169754 -0.604829 -1.58048 0.599107 -1.61307 -0.615511 1.55225 0.594911 1.63024 0.00514992 -0.200847 -0.00934615 0.00133516 0.389677 -0.249381 -0.00169797 -0.197414 0.00820172 -0.000190738 0.391585 -0.251971 -0.0030118 
23 -0.00782013 0.0173569 -0.604829 -1.58048 0.599107 -1.60811 -0.615511 1.55225 0.594911 1.6249 0.00514992 -0.200847 -0.00934615 0.00133516 0.389677 -0.249381 -0.00169797 -0.197414 0.00820172 -0.000190738 0.391585 -0.251971 -0.0030118 
23 -0.0082016 0.0173569 -0.604448 -1.58048 0.599107 -1.60353 -0.615511 1.55187 0.594911 1.61955 0.00514992 -0.200847 -0.00934615 0.00133516 0.389677 -0.249381 -0.00169797 -0.197414 0.00820172 -0.000190738 0.391585 -0.251971 -0.0030118 
23 -0.00782013 0.0173569 -0.604067 -1.58048 0.599107 -1.59857 -0.615129 1.55148 0.594911 1.61421 0.00514992 -0.200847 -0.00934615 0.00133516 0.389677 -0.249381 -0.00169797 -0.197414 0.00820172 -0.000190738 0.391585 -0.251971 -0.0030118 
23 -0.00782013 0.0173569 -0.603685 -1.58086 0.599107 -1.59361 -0.615129 1.5511 0.594911 1.60925 0.00514992 -0.200847 -0.00934615 0.00133516 0.389677 -0.249381 -0.00169797 -0.197414 0.00820172 -0.000190738 0.391585 -0.251971 -0.0030118 
23 -0.0082016 0.0173569 -0.603685 -1.58086 0.599107 -1.58904 -0.615129 1.55072 0.594911 1.60468 0.00514992 -0.200847 -0.00934615 0.00133516 0.389677 -0.249381 -0.00169797 -0.197414 0.00820172 -0.000190738 0.391585 -0.251971 -0.0030118 
23 -0.00782013 0.0173569 -0.603304 -1.58086 0.599107 -1.58408 -0.615129 1.55072 0.59453 1.59934 0.00514992 -0.200847 -0.00934615 0.00133516 0.389677 -0.249381 -0.00169797 -0.197414 0.00820172 -0.000190738 0.391585 -0.251971 -0.0030118 
23 -0.0082016 0.0173569 -0.603304 -1.58086 0.599107 -1.57988 -0.615129 1.55034 0.59453 1.59438 0.00514992 -0.200847 -0.00934615 0.00133516 0.389677 -0.249381 -0.00169797 -0.197414 0.00820172 -0.000190738 0.391585 -0.251971 -0.0030118 
23 -0.0082016 0.0173569 -0.603304 -1.58086 0.599107 -1.57492 -0.615129 1.55034 0.59453 1.58904 0.00514992 -0.200847 -0.00934615 0.00133516 0.389677 -0.249381 -0.00169797 -0.197414 0.00820172 -0.000190738 0.391585 -0.251971 -0.0030118 
23 -0.0082016 0.0173569 -0.602922 -1.58086 0.599107 -1.57034 -0.615129 1.54996 0.59453 1.58446 0.00514992 -0.200847 -0.00934615 0.00133516 0.389677 -0.249381 -0.00169797 -0.197414 0.00820172 -0.000190738 0.391585 -0.251971 -0.0030118 
23 -0.0082016 0.0173569 -0.602922 -1.58086 0.599107 -1.56653 -0.615129 1.54996 0.59453 1.5795 0.00514992 -0.200847 -0.00934615 0.00133516 0.389677 -0.249381 -0.00169797 -0.197414 0.00820172 -0.000190738 0.391585 -0.251971 -0.0030118 
23 -0.00782013 0.0173569 -0.602922 -1.58086 0.599107 -1.56195 -0.615129 1.54958 0.59453 1.57454 0.00514992 -0.200847 -0.00934615 0.00133516 0.389677 -0.249381 -0.00169797 -0.197414 0.00820172 -0.000190738 0.391585 -0.251971 -0.0030118 
23 -0.0082016 0.0173569 -0.602922 -1.58124 0.599107 -1.55737 -0.615129 1.54958 0.59453 1.56958 0.00514992 -0.200847 -0.00934615 0.00133516 0.389677 -0.249381 -0.00169797 -0.197414 0.00820172 -0.000190738 0.391585 -0.251971 -0.0030118 
23 -0.0082016 0.0173569 -0.602922 -1.58124 0.599107 -1.55356 -0.615129 1.54958 0.59453 1.56462 0.0055314 -0.200847 -0.00934615 0.00133516 0.389677 -0.249381 -0.00169797 -0.197414 0.00820172 0.000190738 0.391585 -0.251971 -0.0030118 
23 -0.0082016 0.0173569 -0.602922 -1.58124 0.599107 -1.54936 -0.615129 1.5492 0.59453 1.56081 0.0055314 -0.200847 -0.00934615 0.00133516 0.389677 -0.249381 -0.00169797 -0.197414 0.00820172 0.000190738 0.391585 -0.251971 -0.0030118 
23 -0.0082016 0.0173569 -0.602922 -1.58124 0.599107 -1.54517 -0.615129 1.5492 0.59453 1.55547 0.0055314 -0.200847 -0.00934615 0.00133516 0.389677 -0.249381 -0.00169797 -0.197414 0.00820172 -0.000190738 0.391585 -0.251971 -0.0030118 
23 -0.00782013 0.0173569 -0.603304 -1.58162 0.599107 -1.54135 -0.615129 1.54881 0.59453 1.55089 0.0055314 -0.200847 -0.00934615 0.00133516 0.389677 -0.249381 -0.00169797 -0.197414 0.00820172 -0.000190738 0.391585 -0.251971 -0.0030118 
23 -0.0082016 0.0173569 -0.603304 -1.58162 0.599107 -1.53754 -0.615511 1.54881 0.59453 1.54631 0.0055314 -0.200847 -0.00934615 0.00133516 0.389677 -0.249381 -0.00169797 -0.197414 0.00820172 -0.000190738 0.391585 -0.251971 -0.0030118 
23 -0.0082016 0.0173569 -0.603304 -1.58162 0.599107 -1.53334 -0.615511 1.54881 0.594911 1.5425 0.0055314 -0.200847 -0.00934615 0.00133516 0.389677 -0.249381 -0.00169797 -0.197414 0.00820172 -0.000190738 0.391585 -0.251971 -0.0030118 
23 -0.00782013 0.0173569 -0.603304 -1.582 0.599107 -1.52991 -0.615511 1.54843 0.594911 1.5383 0.0055314 -0.200847 -0.00934615 0.00133516 0.389677 -0.249381 -0.00169797 -0.197414 0.00820172 -0.000190738 0.391585 -0.251971 -0.0030118 
23 -0.00782013 0.0173569 -0.603685 -1.582 0.599107 -1.52609 -0.615511 1.54843 0.594911 1.53372 0.0055314 -0.200847 -0.00934615 0.00133516 0.389677 -0.249381 -0.00169797 -0.197032 0.00820172 -0.000190738 0.391585 -0.251971 -0.0030118 
23 -0.00782013 0.0173569 -0.603685 -1.58238 0.599107 -1.52266 -0.615511 1.54843 0.594911 1.52991 0.00591287 -0.200847 -0.00934615 0.00133516 0.389677 -0.249381 -0.00169797 -0.197414 0.00820172 -0.000190738 0.391585 -0.251971 -0.0030118 
23 -0.00782013 0.0173569 -0.604067 -1.58238 0.599107 -1.51884 -0.615511 1.54805 0.594911 1.52571 0.00591287 -0.200847 -0.00934615 0.00133516 0.389677 -0.249381 -0.00169797 -0.197414 0.00820172 -0.000190738 0.391585 -0.251971 -0.0030118 
23 -0.0082016 0.0173569 -0.604067 -1.58277 0.599107 -1.51541 -0.615511 1.54805 0.594911 1.5219 0.00591287 -0.200847 -0.00934615 0.00133516 0.389677 -0.249381 -0.00169797 -0.197032 0.00820172 -0.000190738 0.391585 -0.251971 -0.0030118 
23 -0.0082016 0.0173569 -0.604448 -1.58277 0.599107 -1.51236 -0.615511 1.54767 0.594911 1.51846 0.00591287 -0.200847 -0.00934615 0.00133516 0.389677 -0.249381 -0.00169797 -0.197032 0.00820172 -0.000190738 0.391585 -0.251971 -0.0030118 
23 -0.0082016 0.0173569 -0.604448 -1.58277 0.599107 -1.50893 -0.615511 1.54767 0.594911 1.51465 0.00591287 -0.200847 -0.00934615 0.00133516 0.389677 -0.249381 -0.00169797 -0.197032 0.00820172 -0.000190738 0.391585 -0.251971 -0.0030118 
23 -0.00782013 0.0173569 -0.604829 -1.58315 0.599107 -1.50587 -0.615892 1.54729 0.594911 1.5116 0.00591287 -0.200847 -0.00934615 0.00133516 0.389677 -0.249381 -0.00169797 -0.197032 0.0085832 -0.000190738 0.391585 -0.251971 -0.0030118 
23 -0.0082016 0.0173569 -0.604829 -1.58315 0.599107 -1.50282 -0.615892 1.54691 0.594911 1.50778 0.00591287 -0.200847 -0.00934615 0.00133516 0.389677 -0.249381 -0.00169797 -0.197032 0.00820172 -0.000190738 0.391585 -0.251971 -0.0030118 
23 -0.0082016 0.0173569 -0.605211 -1.58315 0.599107 -1.49977 -0.615892 1.54691 0.594911 1.50473 0.00591287 -0.200847 -0.00934615 0.00133516 0.389677 -0.249381 -0.00169797 -0.197032 0.00820172 -0.000190738 0.391585 -0.251971 -0.0030118 
23 -0.0082016 0.0173569 -0.605211 -1.58315 0.599107 -1.4971 -0.615892 1.54653 0.594911 1.5013 0.0055314 -0.200847 -0.00934615 0.00133516 0.389677 -0.249381 -0.00169797 -0.197032 0.00820172 -0.000190738 0.391585 -0.251971 -0.0030118 
23 -0.00782013 0.0173569 -0.605211 -1.58353 0.599107 -1.49405 -0.615892 1.54614 0.594911 1.49863 0.0055314 -0.200847 -0.00934615 0.00133516 0.389677 -0.249381 -0.00169797 -0.197032 0.00820172 -0.000190738 0.391585 -0.251971 -0.0030118 
23 -0.0082016 0.0173569 -0.605592 -1.58353 0.599107 -1.49176 -0.615892 1.54614 0.594911 1.49557 0.0055314 -0.200847 -0.00934615 0.00133516 0.389677 -0.249381 -0.00169797 -0.197032 0.00820172 -0.000190738 0.391585 -0.251971 -0.0030118 
23 -0.00782013 0.0173569 -0.605592 -1.58353 0.599107 -1.48909 -0.615892 1.54576 0.594911 1.4929 0.0055314 -0.200847 -0.00934615 0.00133516 0.389677 -0.249381 -0.00169797 -0.197032 0.00820172 -0.000190738 0.391585 -0.251971 -0.0030118 
23 -0.00782013 0.0173569 -0.605592 -1.58353 0.599107 -1.4868 -0.615892 1.54538 0.594911 1.48985 0.0055314 -0.200847 -0.00934615 0.00133516 0.389677 -0.249381 -0.00169797 -0.197032 0.00820172 -0.000190738 0.391585 -0.251971 -0.0030118 
23 -0.0082016 0.0173569 -0.605974 -1.58353 0.599107 -1.48413 -0.615892 1.54538 0.594911 1.48756 0.0055314 -0.200847 -0.00934615 0.00133516 0.389677 -0.249381 -0.00169797 -0.197032 0.00820172 -0.000190738 0.391585 -0.251971 -0.0030118 
23 -0.00782013 0.0173569 -0.605974 -1.58353 0.599107 -1.48184 -0.615892 1.545 0.594911 1.48528 0.0055314 -0.200847 -0.00934615 0.00133516 0.389677 -0.249381 -0.00169797 -0.197032 0.0085832 -0.000190738 0.391585 -0.251971 -0.0030118 
23 -0.00782013 0.0173569 -0.606355 -1.58353 0.599107 -1.47993 -0.615892 1.545 0.594911 1.4826 0.0055314 -0.200847 -0.00934615 0.00133516 0.389677 -0.249381 -0.00169797 -0.197032 0.0085832 -0.000190738 0.391585 -0.251971 -0.0030118 
23 -0.0082016 0.0173569 -0.606355 -1.58353 0.599107 -1.47765 -0.615892 1.54462 0.594911 1.4807 0.0055314 -0.200847 -0.00934615 0.00133516 0.389677 -0.249381 -0.00169797 -0.197032 0.0085832 -0.000190738 0.391585 -0.251971 -0.0030118 
23 -0.00782013 0.0173569 -0.606737 -1.58391 0.599107 -1.47536 -0.615892 1.54462 0.594911 1.47841 0.00514992 -0.200847 -0.00934615 0.00133516 0.389677 -0.249381 -0.00169797 -0.197032 0.0085832 -0.000190738 0.391585 -0.251971 -0.0030118 
23 -0.0082016 0.0173569 -0.606737 -1.58391 0.599489 -1.47383 -0.616274 1.54462 0.594911 1.4765 0.00514992 -0.200847 -0.00934615 0.00133516 0.389677 -0.249381 -0.00169797 -0.197414 0.0085832 -0.000190738 0.391585 -0.251971 -0.0030118 
23 -0.00782013 0.0173569 -0.606737 -1.58391 0.599489 -1.47192 -0.616274 1.54462 0.595293 1.47498 0.00514992 -0.200847 -0.00934615 0.00133516 0.389677 -0.249381 -0.00169797 -0.197032 0.0085832 -0.000190738 0.391585 -0.251971 -0.0030118 
23 -0.00782013 0.0173569 -0.606737 -1.58429 0.599489 -1.47002 -0.616274 1.54462 0.595293 1.47345 0.00514992 -0.200847 -0.00934615 0.00133516 0.389677 -0.249381 -0.00169797 -0.197032 0.0085832 -0.000190738 0.391585 -0.251971 -0.0030118 
23 -0.00782013 0.0173569 -0.607118 -1.58467 0.599489 -1.46887 -0.616274 1.54462 0.595293 1.47116 0.00514992 -0.200847 -0.00934615 0.00133516 0.389677 -0.249381 -0.00169797 -0.197032 0.0085832 -0.000190738 0.391585 -0.251971 -0.0030118 
23 -0.0082016 0.0173569 -0.607118 -1.58467 0.599489 -1.46773 -0.616274 1.545 0.595293 1.47002 0.00514992 -0.200847 -0.00934615 0.00133516 0.389677 -0.249381 -0.00169797 -0.197414 0.0085832 -0.000190738 0.391585 -0.251971 -0.0030118 
23 -0.00782013 0.0173569 -0.607118 -1.58505 0.59987 -1.46658 -0.616274 1.54462 0.595293 1.46887 0.00514992 -0.200847 -0.00934615 0.00133516 0.389677 -0.249381 -0.00169797 -0.197414 0.0085832 -0.000190738 0.391585 -0.251971 -0.0030118 
23 -0.00782013 0.0173569 -0.607118 -1.58505 0.59987 -1.46544 -0.616274 1.54462 0.595674 1.46811 0.00514992 -0.200847 -0.00934615 0.00133516 0.389677 -0.249381 -0.00169797 -0.197414 0.0085832 -0.000190738 0.391585 -0.251971 -0.0030118 
23 -0.00782013 0.0173569 -0.6075 -1.58505 0.59987 -1.46468 -0.616274 1.54462 0.595674 1.46696 0.00514992 -0.200847 -0.00934615 0.00133516 0.389677 -0.249381 -0.00169797 -0.197414 0.0085832 -0.000190738 0.391585 -0.251971 -0.0030118 
23 -0.0082016 0.0173569 -0.6075 -1.58544 0.59987 -1.46391 -0.616274 1.545 0.595674 1.46582 0.00514992 -0.200847 -0.00934615 0.00133516 0.389677 -0.249381 -0.00169797 -0.197414 0.0085832 -0.000190738 0.391585 -0.251971 -0.0030118 
23 -0.0082016 0.0173569 -0.6075 -1.58544 0.59987 -1.46315 -0.616274 1.545 0.595674 1.46506 0.00514992 -0.200847 -0.00934615 0.00133516 0.389677 -0.249381 -0.00169797 -0.197414 0.0085832 -0.000190738 0.391585 -0.251971 -0.0030118 
23 -0.0082016 0.0173569 -0.607881 -1.58582 0.59987 -1.46277 -0.616655 1.545 0.595674 1.46468 0.00514992 -0.200847 -0.00934615 0.00133516 0.389677 -0.249381 -0.00169797 -0.197414 0.0085832 -0.000190738 0.391585 -0.251971 -0.0030118 
23 -0.0082016 0.0173569 -0.607881 -1.58582 0.59987 -1.46277 -0.616655 1.545 0.595674 1.46429 0.00514992 -0.200847 -0.00934615 0.00133516 0.389677 -0.249381 -0.00169797 -0.197414 0.0085832 -0.000190738 0.391585 -0.251971 -0.0030118 
23 -0.00782013 0.0173569 -0.607881 -1.58582 0.59987 -1.46277 -0.616655 1.545 0.595674 1.46429 0.0055314 -0.200847 -0.00934615 0.00133516 0.389677 -0.249381 -0.00169797 -0.197032 0.0085832 -0.000190738 0.391585 -0.251971 -0.0030118 
23 -0.00782013 0.0173569 -0.607881 -1.5862 0.599489 -1.46277 -0.616655 1.545 0.595674 1.46429 0.0055314 -0.200847 -0.00934615 0.00133516 0.389677 -0.249381 -0.00169797 -0.197414 0.0085832 -0.000190738 0.391585 -0.251971 -0.0030118 
23 -0.0082016 0.0173569 -0.607881 -1.5862 0.599489 -1.46277 -0.616655 1.545 0.595674 1.46429 0.0055314 -0.200847 -0.00934615 0.00133516 0.389677 -0.249381 -0.00169797 -0.197414 0.0085832 -0.000190738 0.391585 -0.251971 -0.0030118 
23 -0.00782013 0.0173569 -0.608263 -1.5862 0.599489 -1.46315 -0.616655 1.545 0.595674 1.46429 0.0055314 -0.200847 -0.00934615 0.00133516 0.389677 -0.249381 -0.00169797 -0.197414 0.0085832 -0.000190738 0.391585 -0.251971 -0.0030118 
23 -0.00782013 0.0173569 -0.608263 -1.5862 0.599489 -1.46353 -0.617037 1.545 0.595674 1.46468 0.0055314 -0.200847 -0.00934615 0.00133516 0.389677 -0.249381 -0.00169797 -0.197414 0.0085832 -0.000190738 0.391585 -0.251971 -0.0030118 
23 -0.0082016 0.0173569 -0.608263 -1.5862 0.599489 -1.46391 -0.617037 1.545 0.595674 1.46468 0.0055314 -0.200847 -0.00934615 0.00133516 0.389677 -0.249381 -0.00169797 -0.197414 0.0085832 -0.000190738 0.391585 -0.251971 -0.0030118 
23 -0.0082016 0.0173569 -0.608263 -1.5862 0.599489 -1.46429 -0.617037 1.545 0.595674 1.46506 0.0055314 -0.200847 -0.00934615 0.00133516 0.389677 -0.249381 -0.00169797 -0.197414 0.0085832 -0.000190738 0.391585 -0.251971 -0.0030118 
23 -0.0082016 0.0173569 -0.608263 -1.5862 0.599489 -1.46506 -0.617037 1.545 0.595674 1.46582 0.0055314 -0.200847 -0.00934615 0.00133516 0.389677 -0.249381 -0.00169797 -0.197414 0.0085832 -0.000190738 0.391585 -0.251971 -0.0030118 
23 -0.0082016 0.0173569 -0.608263 -1.5862 0.599489 -1.4662 -0.617037 1.545 0.595674 1.46658 0.0055314 -0.200847 -0.00934615 0.00133516 0.389677 -0.249381 -0.00169797 -0.197414 0.0085832 -0.000190738 0.391585 -0.251971 -0.0030118 
23 -0.00782013 0.0173569 -0.608644 -1.5862 0.599489 -1.46735 -0.617037 1.545 0.595674 1.46735 0.0055314 -0.200847 -0.00934615 0.00133516 0.389677 -0.249381 -0.00169797 -0.197414 0.0085832 -0.000190738 0.391585 -0.251971 -0.0030118 
23 -0.00782013 0.0173569 -0.608644 -1.5862 0.599489 -1.46811 -0.617037 1.545 0.595674 1.46811 0.0055314 -0.200847 -0.00934615 0.00133516 0.389677 -0.249381 -0.00169797 -0.197414 0.0085832 -0.000190738 0.391585 -0.251971 -0.0030118 
23 -0.0082016 0.0173569 -0.608644 -1.5862 0.599489 -1.46887 -0.617418 1.545 0.595674 1.46925 0.0055314 -0.200847 -0.00934615 0.00133516 0.389677 -0.249381 -0.00169797 -0.197414 0.0085832 -0.000190738 0.391585 -0.251971 -0.0030118 
23 -0.0082016 0.0173569 -0.609026 -1.5862 0.599489 -1.46963 -0.617418 1.545 0.595674 1.47002 0.0055314 -0.200847 -0.00934615 0.00133516 0.389677 -0.249381 -0.00169797 -0.197414 0.0085832 -0.000190738 0.391585 -0.251971 -0.0030118 
23 -0.0082016 0.0173569 -0.609026 -1.5862 0.599489 -1.47078 -0.617418 1.545 0.595674 1.47116 0.0055314 -0.200847 -0.00934615 0.00133516 0.389677 -0.249381 -0.00169797 -0.197414 0.0085832 -0.000190738 0.391585 -0.251971 -0.0030118 
23 -0.0082016 0.0173569 -0.609026 -1.5862 0.599489 -1.47192 -0.617418 1.545 0.595674 1.47307 0.0055314 -0.200847 -0.00934615 0.00133516 0.389677 -0.249381 -0.00169797 -0.197414 0.0085832 -0.000190738 0.391585 -0.251971 -0.0030118 
23 -0.00782013 0.0173569 -0.609407 -1.5862 0.599489 -1.47345 -0.617418 1.545 0.595674 1.47459 0.0055314 -0.200847 -0.00934615 0.00133516 0.389677 -0.249381 -0.00169797 -0.197414 0.0085832 -0.000190738 0.391585 -0.251971 -0.0030118 
23 -0.0082016 0.0173569 -0.609789 -1.5862 0.599489 -1.47459 -0.6178 1.545 0.595674 1.47612 0.0055314 -0.200847 -0.00934615 0.00133516 0.389677 -0.249381 -0.00169797 -0.197414 0.0085832 -0.000190738 0.391585 -0.251971 -0.0030118 
23 -0.0082016 0.0173569 -0.61017 -1.5862 0.599489 -1.47574 -0.6178 1.545 0.595674 1.47803 0.0055314 -0.200847 -0.00934615 0.00133516 0.389677 -0.249381 -0.00169797 -0.197414 0.0085832 -0.000190738 0.391585 -0.251971 -0.0030118 
23 -0.0082016 0.0173569 -0.610552 -1.5862 0.599489 -1.47726 -0.6178 1.545 0.595674 1.47993 0.0055314 -0.200847 -0.00934615 0.00133516 0.389677 -0.249381 -0.00169797 -0.197414 0.0085832 -0.000190738 0.391585 -0.251971 -0.0030118 
23 -0.0082016 0.0173569 -0.610933 -1.5862 0.599489 -1.47879 -0.6178 1.545 0.595674 1.48184 0.0055314 -0.200847 -0.00934615 0.00133516 0.389677 -0.249381 -0.00169797 -0.197414 0.0085832 -0.000190738 0.391585 -0.251971 -0.0030118 
23 -0.0082016 0.0173569 -0.611315 -1.5862 0.599489 -1.4807 -0.6178 1.545 0.595674 1.48337 0.00514992 -0.200847 -0.00934615 0.00133516 0.389677 -0.249381 -0.00169797 -0.197414 0.0085832 -0.000190738 0.391585 -0.251971 -0.0030118 
23 -0.0082016 0.0173569 -0.611696 -1.5862 0.599489 -1.48222 -0.618181 1.545 0.595674 1.48642 0.00514992 -0.200847 -0.00934615 0.00133516 0.389677 -0.249381 -0.00169797 -0.197414 0.00820172 -0.000190738 0.391585 -0.251971 -0.0030118 
23 -0.0082016 0.0173569 -0.612078 -1.5862 0.599489 -1.48375 -0.618181 1.545 0.595674 1.48833 0.00514992 -0.200847 -0.00934615 0.00133516 0.389677 -0.249381 -0.00169797 -0.197414 0.00820172 -0.000190738 0.391585 -0.251971 -0.0030118 
23 -0.0082016 0.0173569 -0.612459 -1.5862 0.599489 -1.48604 -0.618181 1.545 0.595674 1.49023 0.00514992 -0.200847 -0.00934615 0.00133516 0.389677 -0.249381 -0.00169797 -0.197414 0.00820172 -0.000190738 0.391585 -0.251971 -0.0030118 
23 -0.0082016 0.0173569 -0.613222 -1.5862 0.599489 -1.48795 -0.618563 1.54462 0.595293 1.4929 0.00514992 -0.200847 -0.00934615 0.00133516 0.389677 -0.249381 -0.00169797 -0.197414 0.00820172 -0.000190738 0.391585 -0.251971 -0.0030118 
23 -0.0082016 0.0173569 -0.613603 -1.5862 0.599489 -1.48985 -0.618563 1.54462 0.595293 1.49519 0.00514992 -0.200847 -0.00934615 0.00133516 0.389677 -0.249381 -0.00169797 -0.197414 0.00820172 -0.000190738 0.391585 -0.251971 -0.0030118 
23 -0.0082016 0.0173569 -0.613985 -1.5862 0.599489 -1.49214 -0.618944 1.54462 0.595293 1.49825 0.00514992 -0.200847 -0.00934615 0.00133516 0.389677 -0.249381 -0.00169797 -0.197414 0.00820172 -0.000190738 0.391585 -0.251971 -0.0030118 
23 -0.0082016 0.0173569 -0.614366 -1.5862 0.599489 -1.49405 -0.619326 1.54462 0.595293 1.50053 0.00514992 -0.200847 -0.00934615 0.00133516 0.389677 -0.249381 -0.00169797 -0.197414 0.00820172 -0.000190738 0.391585 -0.251971 -0.0030118 
23 -0.00782013 0.0173569 -0.615129 -1.5862 0.599489 -1.49634 -0.619326 1.54462 0.595293 1.5032 0.00514992 -0.200847 -0.00934615 0.00133516 0.389677 -0.249381 -0.00169797 -0.197414 0.00820172 -0.000190738 0.391585 -0.251971 -0.0030118 
23 -0.0082016 0.0173569 -0.615511 -1.5862 0.599489 -1.49901 -0.619707 1.54462 0.595293 1.50587 0.00514992 -0.200847 -0.00934615 0.00133516 0.389677 -0.249381 -0.00169797 -0.197414 0.00820172 -0.000190738 0.391585 -0.251971 -0.0030118 
23 -0.0082016 0.0173569 -0.616274 -1.5862 0.599489 -1.5013 -0.620089 1.54462 0.595293 1.50855 0.00514992 -0.200847 -0.00934615 0.00133516 0.389677 -0.249381 -0.00169797 -0.197414 0.00820172 -0.000190738 0.391585 -0.251971 -0.0030118 
23 -0.0082016 0.0173569 -0.616655 -1.5862 0.599489 -1.50397 -0.62047 1.54462 0.595293 1.51198 0.00514992 -0.200847 -0.00934615 0.00133516 0.389677 -0.249381 -0.00169797 -0.197414 0.00820172 -0.000190738 0.391585 -0.251971 -0.0030118 
23 -0.0082016 0.0173569 -0.617418 -1.5862 0.599489 -1.50626 -0.620851 1.54462 0.595293 1.51427 0.00514992 -0.200847 -0.00934615 0.00133516 0.389677 -0.249381 -0.00169797 -0.197414 0.00820172 -0.000190738 0.391585 -0.251971 -0.0030118 
23 -0.0082016 0.0173569 -0.6178 -1.5862 0.599489 -1.50893 -0.621233 1.54462 0.594911 1.51808 0.00514992 -0.200847 -0.00934615 0.00133516 0.389677 -0.249381 -0.00169797 -0.197414 0.00820172 -0.000190738 0.391585 -0.251971 -0.0030118 
23 -0.0082016 0.0173569 -0.618181 -1.5862 0.599489 -1.5116 -0.621614 1.54462 0.594911 1.52037 0.00514992 -0.200847 -0.00934615 0.00133516 0.389677 -0.249381 -0.00169797 -0.197414 0.00820172 -0.000190738 0.391585 -0.251971 -0.0030118 
23 -0.0082016 0.0173569 -0.618563 -1.5862 0.599489 -1.51427 -0.621996 1.54462 0.594911 1.52419 0.00514992 -0.200847 -0.00934615 0.00133516 0.389677 -0.249381 -0.00169797 -0.197414 0.00820172 -0.000190738 0.391585 -0.251971 -0.0030118 
23 -0.00782013 0.0173569 -0.618944 -1.5862 0.599489 -1.51732 -0.622377 1.54462 0.594911 1.52686 0.00514992 -0.200847 -0.00934615 0.00133516 0.389677 -0.249381 -0.00169797 -0.197414 0.00820172 -0.000190738 0.391585 -0.251971 -0.0030118 
23 -0.00782013 0.0173569 -0.619707 -1.5862 0.599489 -1.51999 -0.622759 1.54462 0.594911 1.53029 0.00514992 -0.200847 -0.00934615 0.00133516 0.389677 -0.249381 -0.00169797 -0.197414 0.00820172 -0.000190738 0.391585 -0.251971 -0.0030118 
23 -0.0082016 0.0173569 -0.620089 -1.5862 0.599489 -1.52342 -0.62314 1.54462 0.59453 1.53296 0.00514992 -0.200847 -0.00934615 0.00133516 0.389677 -0.249381 -0.00169797 -0.197414 0.00820172 -0.000190738 0.391585 -0.251971 -0.0030118 
23 -0.00782013 0.0173569 -0.62047 -1.5862 0.599489 -1.52609 -0.623903 1.54462 0.59453 1.53677 0.00514992 -0.200847 -0.00934615 0.00133516 0.389677 -0.249381 -0.00169797 -0.197414 0.00820172 -0.000190738 0.391585 -0.251971 -0.0030118 
23 -0.0082016 0.0173569 -0.620851 -1.5862 0.599489 -1.52953 -0.624285 1.54462 0.59453 1.53983 0.00514992 -0.200847 -0.00934615 0.00133516 0.389677 -0.249381 -0.00169797 -0.197414 0.00820172 -0.000190738 0.391585 -0.251971 -0.0030118 
23 -0.0082016 0.0173569 -0.621233 -1.5862 0.599107 -1.5322 -0.625048 1.54462 0.59453 1.54326 0.00514992 -0.200847 -0.00934615 0.00133516 0.389677 -0.249381 -0.00169797 -0.197414 0.00820172 -0.000190738 0.391585 -0.251971 -0.0030118 
23 -0.0082016 0.0173569 -0.621614 -1.5862 0.599107 -1.53563 -0.626192 1.54462 0.59453 1.54669 0.00514992 -0.200847 -0.00934615 0.00133516 0.389677 -0.249381 -0.00169797 -0.197414 0.00820172 -0.000190738 0.391585 -0.251971 -0.0030118 
23 -0.0082016 0.0173569 -0.622377 -1.5862 0.599107 -1.53868 -0.626955 1.54462 0.594148 1.55051 0.00514992 -0.200847 -0.00934615 0.00133516 0.389677 -0.249381 -0.00169797 -0.197414 0.00820172 -0.000190738 0.391585 -0.251971 -0.0030118 
23 -0.0082016 0.0173569 -0.622759 -1.5862 0.599107 -1.5425 -0.627337 1.54462 0.594148 1.55394 0.00514992 -0.200847 -0.00934615 0.00133516 0.389677 -0.249381 -0.00169797 -0.197414 0.00820172 -0.000190738 0.391585 -0.251971 -0.0030118 
23 -0.00782013 0.0173569 -0.62314 -1.5862 0.599107 -1.54555 -0.627718 1.54462 0.594148 1.55737 0.00514992 -0.200847 -0.00934615 0.00133516 0.389677 -0.249381 -0.00169797 -0.197414 0.00820172 -0.000190738 0.391585 -0.251971 -0.0030118 
23 -0.0082016 0.0173569 -0.623903 -1.5862 0.599107 -1.54936 -0.628481 1.54462 0.594148 1.56157 0.00514992 -0.200847 -0.00934615 0.00133516 0.389677 -0.249381 -0.00169797 -0.197414 0.00820172 0.000190738 0.391585 -0.251971 -0.0030118 
23 -0.0082016 0.0173569 -0.624285 -1.5862 0.599107 -1.5528 -0.629244 1.54462 0.594148 1.56462 0.00514992 -0.200847 -0.00934615 0.00133516 0.389677 -0.249381 -0.00169797 -0.197414 0.00820172 0.000190738 0.391585 -0.251971 -0.0030118 
23 -0.00782013 0.0173569 -0.624666 -1.5862 0.599107 -1.55623 -0.629625 1.54462 0.594148 1.56844 0.00514992 -0.200847 -0.00934615 0.00133516 0.389677 -0.249381 -0.00169797 -0.197414 0.00820172 0.000190738 0.391585 -0.251971 -0.0030118 
23 -0.00782013 0.0173569 -0.625429 -1.5862 0.599107 -1.56043 -0.630388 1.54462 0.594148 1.57263 0.00514992 -0.200847 -0.00934615 0.00133516 0.389677 -0.249381 -0.00169797 -0.197414 0.00820172 0.000190738 0.391585 -0.251971 -0.0030118 
23 -0.0082016 0.0173569 -0.626192 -1.5862 0.599107 -1.56386 -0.63077 1.54462 0.593767 1.57645 0.00514992 -0.200847 -0.00934615 0.00133516 0.389677 -0.249381 -0.00169797 -0.197414 0.00820172 0.000190738 0.391585 -0.251971 -0.0030118 
23 -0.0082016 0.0173569 -0.626955 -1.5862 0.599107 -1.56806 -0.631533 1.54462 0.593767 1.58026 0.00514992 -0.200847 -0.00934615 0.00133516 0.389677 -0.249381 -0.00169797 -0.197414 0.00820172 0.000190738 0.391585 -0.251971 -0.0030118 
23 -0.0082016 0.0173569 -0.627718 -1.5862 0.599107 -1.57187 -0.632296 1.54462 0.593767 1.58408 0.00514992 -0.200847 -0.00934615 0.00133516 0.389677 -0.249381 -0.00169797 -0.197414 0.00820172 0.000190738 0.391585 -0.251971 -0.0030118 
23 -0.0082016 0.0173569 -0.628481 -1.5862 0.599107 -1.57568 -0.632677 1.54462 0.593767 1.58827 0.00514992 -0.200847 -0.00934615 0.00133516 0.389677 -0.249381 -0.00169797 -0.197414 0.00820172 -0.000190738 0.391585 -0.251971 -0.0030118 
23 -0.0082016 0.0173569 -0.629244 -1.5862 0.599107 -1.57988 -0.63344 1.54462 0.593767 1.59247 0.00514992 -0.200847 -0.00934615 0.00133516 0.389677 -0.249381 -0.00169797 -0.197414 0.00820172 -0.000190738 0.391585 -0.251971 -0.0030118 
23 -0.0082016 0.0173569 -0.630007 -1.5862 0.599107 -1.5837 -0.633822 1.54462 0.593767 1.59628 0.00514992 -0.200847 -0.00934615 0.00133516 0.389677 -0.249381 -0.00169797 -0.197414 0.00820172 -0.000190738 0.391585 -0.251971 -0.0030118 
23 -0.0082016 0.0173569 -0.630388 -1.5862 0.599107 -1.58789 -0.634203 1.54462 0.593767 1.60048 0.00514992 -0.200847 -0.00934615 0.00133516 0.389677 -0.249381 -0.00169797 -0.197414 0.00820172 -0.000190738 0.391585 -0.251971 -0.0030118 
23 -0.0082016 0.0173569 -0.631151 -1.5862 0.599107 -1.59209 -0.634966 1.54462 0.593767 1.60506 0.00514992 -0.200847 -0.00934615 0.00133516 0.389677 -0.249381 -0.00169797 -0.197414 0.00820172 -0.000190738 0.391585 -0.251971 -0.0030118 
23 -0.0082016 0.0173569 -0.631914 -1.5862 0.599107 -1.5959 -0.635729 1.54462 0.593767 1.60887 0.00514992 -0.200847 -0.00934615 0.00133516 0.389677 -0.249381 -0.00169797 -0.197414 0.00820172 -0.000190738 0.391585 -0.251971 -0.0030118 
23 -0.0082016 0.0173569 -0.632677 -1.5862 0.599107 -1.60048 -0.636492 1.54462 0.593385 1.61345 0.00514992 -0.200847 -0.00934615 0.00133516 0.389677 -0.249381 -0.00169797 -0.197414 0.00820172 -0.000190738 0.391585 -0.251971 -0.0030118 
23 -0.0082016 0.0173569 -0.63344 -1.5862 0.599107 -1.60468 -0.637255 1.54462 0.593385 1.61803 0.00514992 -0.200847 -0.00934615 0.00133516 0.389677 -0.249381 -0.00169797 -0.197414 0.00820172 -0.000190738 0.391585 -0.251971 -0.0030118 
23 -0.0082016 0.0173569 -0.633822 -1.5862 0.599107 -1.60925 -0.638399 1.54462 0.593385 1.62261 0.00514992 -0.200847 -0.00934615 0.00133516 0.389677 -0.249381 -0.00169797 -0.197414 0.00820172 -0.000190738 0.391585 -0.251971 -0.0030118 
23 -0.0082016 0.0173569 -0.634585 -1.5862 0.599107 -1.61345 -0.639544 1.54462 0.593385 1.6268 0.00514992 -0.200847 -0.00934615 0.00133516 0.389677 -0.249381 -0.00169797 -0.197414 0.00820172 -0.000190738 0.391585 -0.251971 -0.0030118 
23 -0.0082016 0.0173569 -0.635348 -1.5862 0.599107 -1.61765 -0.640307 1.545 0.593385 1.63138 0.00514992 -0.200847 -0.00934615 0.00133516 0.389677 -0.249381 -0.00169797 -0.197414 0.00820172 -0.000190738 0.391585 -0.251971 -0.0030118 
23 -0.0082016 0.0173569 -0.63611 -1.5862 0.599107 -1.62261 -0.64107 1.545 0.593385 1.63634 0.00514992 -0.200847 -0.00934615 0.00133516 0.389677 -0.249381 -0.00169797 -0.197414 0.00820172 -0.000190738 0.391585 -0.251971 -0.0030118 
23 -0.0082016 0.0173569 -0.636873 -1.5862 0.599107 -1.6268 -0.641833 1.545 0.593385 1.64054 0.00514992 -0.200847 -0.00934615 0.00133516 0.389677 -0.249381 -0.00169797 -0.197414 0.00820172 -0.000190738 0.391585 -0.251971 -0.0030118 
23 -0.0082016 0.0173569 -0.637636 -1.5862 0.599107 -1.631 -0.642596 1.545 0.593385 1.64511 0.00514992 -0.200847 -0.00934615 0.00133516 0.389677 -0.249381 -0.00169797 -0.197414 0.00820172 -0.000190738 0.391585 -0.251971 -0.0030118 
23 -0.0082016 0.0173569 -0.638399 -1.5862 0.599107 -1.63596 -0.643359 1.545 0.593385 1.65007 0.00514992 -0.200847 -0.00934615 0.00133516 0.389677 -0.249381 -0.00169797 -0.197414 0.00820172 -0.000190738 0.391585 -0.251971 -0.0030118 
23 -0.0082016 0.0173569 -0.639544 -1.5862 0.599107 -1.64054 -0.644503 1.54538 0.593385 1.65503 0.00514992 -0.200847 -0.00934615 0.00133516 0.389677 -0.249381 -0.00169797 -0.197414 0.00820172 -0.000190738 0.391585 -0.251971 -0.0030118 
23 -0.0082016 0.0173569 -0.640307 -1.5862 0.599107 -1.64511 -0.645266 1.54538 0.593385 1.65923 0.00514992 -0.200847 -0.00934615 0.00133516 0.389677 -0.249381 -0.00169797 -0.197414 0.00820172 -0.000190738 0.391585 -0.251971 -0.0030118 
23 -0.00782013 0.0173569 -0.641451 -1.5862 0.599107 -1.64969 -0.64641 1.54538 0.593385 1.66381 0.00514992 -0.200847 -0.00934615 0.00133516 0.389677 -0.249381 -0.00169797 -0.197414 0.00820172 -0.000190738 0.391585 -0.251971 -0.0030118 
23 -0.0082016 0.0173569 -0.642214 -1.5862 0.599489 -1.65465 -0.646792 1.54538 0.593385 1.66876 0.00514992 -0.200847 -0.00934615 0.00133516 0.389677 -0.249381 -0.00169797 -0.197032 0.00820172 -0.000190738 0.391585 -0.251971 -0.0030118 
23 -0.0082016 0.0173569 -0.642977 -1.5862 0.599489 -1.65923 -0.647555 1.54538 0.593385 1.67411 0.00514992 -0.200847 -0.00934615 0.00133516 0.389677 -0.249381 -0.00169797 -0.197032 0.00820172 -0.000190738 0.391585 -0.251971 -0.0030118 
23 -0.0082016 0.0173569 -0.64374 -1.5862 0.599489 -1.66381 -0.648318 1.54576 0.593385 1.6783 0.00514992 -0.200847 -0.00934615 0.00133516 0.389677 -0.249381 -0.00169797 -0.197032 0.00820172 -0.000190738 0.391585 -0.251971 -0.0030118 
23 -0.0082016 0.0173569 -0.644884 -1.5862 0.599489 -1.66838 -0.649462 1.54576 0.593385 1.68288 0.00514992 -0.200847 -0.00934615 0.00133516 0.389677 -0.249381 -0.00169797 -0.197032 0.00820172 -0.000190738 0.391585 -0.251971 -0.0030118 
23 -0.0082016 0.0173569 -0.645647 -1.58658 0.599489 -1.67334 -0.650607 1.54576 0.593385 1.68822 0.00514992 -0.200847 -0.00934615 0.00133516 0.389677 -0.249381 -0.00169797 -0.197032 0.00820172 -0.000190738 0.391585 -0.251971 -0.0030118 
23 -0.0082016 0.0173569 -0.64641 -1.58658 0.59987 -1.6783 -0.652132 1.54576 0.593385 1.69318 0.00514992 -0.200847 -0.00934615 0.00133516 0.389677 -0.249381 -0.00169797 -0.197032 0.00820172 -0.000190738 0.391585 -0.251971 -0.0030118 
23 -0.0082016 0.0173569 -0.647555 -1.58658 0.59987 -1.68288 -0.652895 1.54576 0.593385 1.69852 0.00514992 -0.200847 -0.00934615 0.00133516 0.389677 -0.249381 -0.00169797 -0.197414 0.00820172 -0.000190738 0.391585 -0.251971 -0.0030118 
23 -0.00782013 0.0173569 -0.648318 -1.58658 0.59987 -1.68746 -0.653658 1.54576 0.593385 1.7031 0.00514992 -0.200847 -0.00934615 0.00133516 0.389677 -0.249381 -0.00169797 -0.197032 0.0085832 -0.000190738 0.391585 -0.251971 -0.0030118 
23 -0.0082016 0.0173569 -0.649081 -1.58658 0.59987 -1.69242 -0.654803 1.54614 0.593767 1.70768 0.00514992 -0.200847 -0.00934615 0.00133516 0.389677 -0.249381 -0.00169797 -0.197032 0.0085832 -0.000190738 0.391585 -0.251971 -0.0030118 
23 -0.0082016 0.0173569 -0.650225 -1.58658 0.59987 -1.69738 -0.655566 1.54614 0.593767 1.71302 0.00514992 -0.200847 -0.00934615 0.00133516 0.389677 -0.249381 -0.00169797 -0.197032 0.0085832 -0.000190738 0.391585 -0.251971 -0.0030118 
23 -0.0082016 0.0173569 -0.65137 -1.58696 0.59987 -1.70195 -0.65671 1.54614 0.593767 1.71798 0.00514992 -0.200847 -0.00934615 0.00133516 0.389677 -0.249381 -0.00169797 -0.197032 0.00820172 -0.000190738 0.391585 -0.251971 -0.0030118 
23 -0.0082016 0.0173569 -0.652132 -1.58696 0.600252 -1.70653 -0.657855 1.54614 0.593767 1.72332 0.00514992 -0.200847 -0.00934615 0.00133516 0.389677 -0.249381 -0.00169797 -0.197414 0.0085832 -0.000190738 0.391585 -0.251971 -0.0030118 
23 -0.00782013 0.0173569 -0.653277 -1.58696 0.600252 -1.71149 -0.658618 1.54614 0.594148 1.72789 0.00514992 -0.200847 -0.00934615 0.00133516 0.389677 -0.249381 -0.00169797 -0.197414 0.0085832 -0.000190738 0.391585 -0.251971 -0.0030118 
23 -0.0082016 0.0173569 -0.654421 -1.58734 0.600252 -1.71645 -0.65938 1.54653 0.594148 1.73285 0.00514992 -0.200847 -0.00934615 0.00133516 0.389677 -0.249381 -0.00169797 -0.197414 0.0085832 -0.000190738 0.391585 -0.251971 -0.0030118 
23 -0.0082016 0.0173569 -0.655566 -1.58734 0.600252 -1.72103 -0.660525 1.54653 0.59453 1.73819 0.00514992 -0.200847 -0.00934615 0.00133516 0.389677 -0.249381 -0.00169797 -0.197414 0.0085832 -0.000190738 0.391585 -0.251971 -0.0030118 
23 -0.0082016 0.0173569 -0.65671 -1.58772 0.600252 -1.72599 -0.661288 1.54653 0.59453 1.74315 0.00514992 -0.200847 -0.00934615 0.00133516 0.389677 -0.249381 -0.00169797 -0.197414 0.0085832 -0.000190738 0.391585 -0.251971 -0.0030118 
23 -0.0082016 0.0173569 -0.657855 -1.58811 0.600633 -1.73056 -0.662814 1.54653 0.594911 1.74849 0.00514992 -0.200847 -0.00934615 0.00133516 0.389677 -0.249381 -0.00169797 -0.197414 0.0085832 -0.000190738 0.391585 -0.251971 -0.0030118 
23 -0.00782013 0.0173569 -0.658618 -1.58811 0.600633 -1.73552 -0.663958 1.54653 0.594911 1.75345 0.00514992 -0.200847 -0.00934615 0.00133516 0.389677 -0.249381 -0.00169797 -0.197414 0.0085832 -0.000190738 0.391585 -0.251971 -0.0030118 
23 -0.0082016 0.0173569 -0.659762 -1.58849 0.600633 -1.7401 -0.665103 1.54653 0.595293 1.75841 0.00514992 -0.200847 -0.00934615 0.00133516 0.389677 -0.249381 -0.00169797 -0.197414 0.0085832 -0.000190738 0.391585 -0.251971 -0.0030118 
23 -0.00782013 0.0173569 -0.660906 -1.58887 0.601015 -1.74468 -0.665866 1.54653 0.595674 1.76375 0.00514992 -0.200847 -0.00934615 0.00133516 0.389677 -0.249381 -0.00169797 -0.197414 0.0085832 -0.000190738 0.391585 -0.251971 -0.0030118 
23 -0.0082016 0.0173569 -0.661669 -1.58925 0.601015 -1.74964 -0.66701 1.54653 0.596056 1.76871 0.00514992 -0.200847 -0.00934615 0.00133516 0.389677 -0.249381 -0.00169797 -0.197414 0.0085832 -0.000190738 0.391585 -0.251971 -0.0030118 
23 -0.00782013 0.0173569 -0.662814 -1.58963 0.601015 -1.7546 -0.667773 1.54653 0.596437 1.77405 0.00514992 -0.200847 -0.00934615 0.00133516 0.389677 -0.249381 -0.00169797 -0.197414 0.0085832 -0.000190738 0.391585 -0.251971 -0.0030118 
23 -0.0082016 0.0173569 -0.663958 -1.59001 0.601015 -1.75917 -0.669299 1.54691 0.596819 1.77939 0.00514992 -0.200847 -0.00934615 0.00133516 0.389677 -0.249381 -0.00169797 -0.197414 0.0085832 -0.000190738 0.391585 -0.251971 -0.0030118 
23 -0.0082016 0.0173569 -0.665103 -1.5904 0.601396 -1.76375 -0.670443 1.54691 0.5972 1.78435 0.00514992 -0.200847 -0.00934615 0.00133516 0.389677 -0.249381 -0.00169797 -0.197414 0.0085832 -0.000190738 0.391585 -0.251971 -0.0030118 
23 -0.00782013 0.0173569 -0.666247 -1.59078 0.601396 -1.76833 -0.671206 1.54691 0.597963 1.78893 0.00514992 -0.200847 -0.00934615 0.00133516 0.389677 -0.249381 -0.00169797 -0.197414 0.0085832 -0.000190738 0.391585 -0.251971 -0.0030118 
23 -0.00782013 0.0173569 -0.667391 -1.59116 0.601396 -1.77367 -0.672351 1.54691 0.598726 1.79427 0.00514992 -0.200847 -0.00934615 0.00133516 0.389677 -0.249381 -0.00169797 -0.197414 0.0085832 -0.000190738 0.391585 -0.251971 -0.0030118 
23 -0.0082016 0.0173569 -0.668154 -1.59116 0.601396 -1.77825 -0.673114 1.54691 0.599489 1.79961 0.00514992 -0.200847 -0.00934615 0.00133516 0.389677 -0.249381 -0.00169797 -0.197414 0.0085832 -0.000190738 0.391585 -0.251971 -0.0030118 
23 -0.00782013 0.0173569 -0.66968 -1.59154 0.601396 -1.78244 -0.674258 1.54691 0.59987 1.80495 0.00514992 -0.200847 -0.00934615 0.00133516 0.389677 -0.249381 -0.00169797 -0.197414 0.0085832 -0.000190738 0.391585 -0.251971 -0.0030118 
23 -0.00782013 0.0173569 -0.670825 -1.5923 0.601396 -1.7874 -0.675784 1.54691 0.600633 1.81029 0.00514992 -0.200847 -0.00934615 0.00133516 0.389677 -0.249381 -0.00169797 -0.197414 0.0085832 -0.000190738 0.391585 -0.251971 -0.0030118 
23 -0.00782013 0.0173569 -0.671969 -1.59268 0.601778 -1.79198 -0.67731 1.54691 0.601015 1.81487 0.00514992 -0.200847 -0.00934615 0.00133516 0.389677 -0.249381 -0.00169797 -0.197414 0.0085832 -0.000190738 0.391585 -0.251971 -0.0030118 
23 -0.0082016 0.0173569 -0.672732 -1.59307 0.601778 -1.79694 -0.678073 1.54691 0.601778 1.81983 0.00514992 -0.200847 -0.00934615 0.00133516 0.389677 -0.249381 -0.00169797 -0.197414 0.0085832 -0.000190738 0.391585 -0.251971 -0.0030118 
23 -0.00782013 0.0173569 -0.673877 -1.59345 0.601778 -1.80114 -0.679217 1.54691 0.602159 1.82517 0.00514992 -0.200847 -0.00934615 0.00133516 0.389677 -0.249381 -0.00169797 -0.197414 0.0085832 -0.000190738 0.391585 -0.251971 -0.0030118 
23 -0.0082016 0.0173569 -0.67464 -1.59421 0.601778 -1.80571 -0.680362 1.54691 0.602541 1.83013 0.00514992 -0.200847 -0.00934615 0.00133516 0.389677 -0.249381 -0.00169797 -0.197414 0.0085832 -0.000190738 0.391585 -0.251971 -0.0030118 
23 -0.0082016 0.0173569 -0.675784 -1.59497 0.601778 -1.81067 -0.681506 1.54691 0.602922 1.83585 0.00514992 -0.200847 -0.00934615 0.00133516 0.389677 -0.249381 -0.00169797 -0.197414 0.0085832 -0.000190738 0.391585 -0.251971 -0.0030118 
23 -0.0082016 0.0173569 -0.676928 -1.59574 0.601778 -1.81487 -0.683032 1.54691 0.603304 1.84005 0.00514992 -0.200847 -0.00934615 0.00133516 0.389677 -0.249381 -0.00169797 -0.197414 0.0085832 -0.000190738 0.391585 -0.251971 -0.0030118 
23 -0.0082016 0.0173569 -0.678073 -1.59612 0.601778 -1.81945 -0.683795 1.54691 0.603685 1.84462 0.00514992 -0.200847 -0.00934615 0.00133516 0.389677 -0.249381 -0.00169797 -0.197414 0.0085832 -0.000190738 0.391585 -0.251971 -0.0030118 
23 -0.00782013 0.0173569 -0.679217 -1.5965 0.601778 -1.82403 -0.684558 1.54691 0.604067 1.84997 0.00514992 -0.200847 -0.00934615 0.00133516 0.389677 -0.249381 -0.00169797 -0.197414 0.0085832 -0.000190738 0.391585 -0.251971 -0.0030118 
23 -0.0082016 0.0173569 -0.67998 -1.59688 0.601778 -1.8286 -0.685702 1.54691 0.604448 1.85492 0.00514992 -0.200847 -0.00934615 0.00133516 0.389677 -0.249381 -0.00169797 -0.197414 0.0085832 -0.000190738 0.391585 -0.251971 -0.0030118 
23 -0.0082016 0.0173569 -0.681125 -1.59726 0.601778 -1.8328 -0.686847 1.54729 0.604829 1.85988 0.00514992 -0.200847 -0.00934615 0.00133516 0.389677 -0.249381 -0.00169797 -0.197414 0.0085832 0.000190738 0.391585 -0.251971 -0.0030118 
23 -0.00782013 0.0173569 -0.682651 -1.59802 0.601778 -1.837 -0.687991 1.54729 0.605211 1.86446 0.00514992 -0.200847 -0.00934615 0.00133516 0.389677 -0.249381 -0.00169797 -0.197414 0.0085832 0.000190738 0.391585 -0.251971 -0.0030118 
23 -0.00782013 0.0173569 -0.683413 -1.59841 0.601778 -1.84157 -0.689517 1.54729 0.605592 1.86942 0.00514992 -0.200847 -0.00934615 0.00133516 0.389677 -0.249381 -0.00169797 -0.197032 0.0085832 0.000190738 0.391585 -0.251971 -0.0030118 
23 -0.00782013 0.0173569 -0.684176 -1.59879 0.601778 -1.84539 -0.69028 1.54729 0.605974 1.87438 0.00514992 -0.200847 -0.00934615 0.00133516 0.389677 -0.249381 -0.00169797 -0.197032 0.0085832 0.000190738 0.391585 -0.251971 -0.0030118 
23 -0.0082016 0.0173569 -0.685321 -1.59917 0.601778 -1.84997 -0.691424 1.54729 0.606737 1.87934 0.00514992 -0.200847 -0.00934615 0.00133516 0.389677 -0.249381 -0.00169797 -0.197414 0.0085832 -0.000190738 0.391585 -0.251971 -0.0030118 
23 -0.0082016 0.0173569 -0.686084 -1.59955 0.601778 -1.85416 -0.692187 1.54729 0.607118 1.88354 0.00514992 -0.200847 -0.00934615 0.00133516 0.389677 -0.249381 -0.00169797 -0.197032 0.0085832 -0.000190738 0.391585 -0.251971 -0.0030118 
23 -0.0082016 0.0173569 -0.687228 -1.60031 0.601778 -1.85798 -0.693332 1.54729 0.6075 1.88811 0.00514992 -0.200847 -0.00934615 0.00133516 0.389677 -0.249381 -0.00169797 -0.197414 0.0085832 -0.000190738 0.391585 -0.251971 -0.0030118 
23 -0.0082016 0.0173569 -0.687991 -1.60108 0.601778 -1.86217 -0.694858 1.54729 0.607881 1.89307 0.00514992 -0.200847 -0.00934615 0.00133516 0.389677 -0.249381 -0.00169797 -0.197414 0.0085832 -0.000190738 0.391585 -0.251971 -0.0030118 
23 -0.0082016 0.0173569 -0.689136 -1.60146 0.601778 -1.86637 -0.695621 1.54767 0.608644 1.89803 0.00514992 -0.200847 -0.00934615 0.00133516 0.389677 -0.249381 -0.00169797 -0.197414 0.0085832 -0.000190738 0.391585 -0.251971 -0.0030118 
23 -0.0082016 0.0173569 -0.69028 -1.60222 0.601778 -1.8698 -0.696765 1.54767 0.609407 1.90185 0.00514992 -0.200847 -0.00934615 0.00133516 0.389677 -0.249381 -0.00169797 -0.197032 0.0085832 -0.000190738 0.391585 -0.251971 -0.0030118 
23 -0.0082016 0.0173569 -0.691424 -1.6026 0.601778 -1.874 -0.697528 1.54767 0.61017 1.90642 0.00514992 -0.200847 -0.00934615 0.00133516 0.389677 -0.249381 -0.00169797 -0.197032 0.0085832 -0.000190738 0.391585 -0.251971 -0.0030118 
23 -0.0082016 0.0173569 -0.692569 -1.60298 0.601778 -1.87819 -0.698672 1.54767 0.611315 1.91138 0.00514992 -0.200847 -0.00934615 0.00133516 0.389677 -0.249381 -0.00169797 -0.197032 0.0085832 -0.000190738 0.391585 -0.251971 -0.0030118 
23 -0.0082016 0.0173569 -0.693332 -1.60375 0.601778 -1.88163 -0.699817 1.54767 0.612078 1.91558 0.00514992 -0.200847 -0.00934615 0.00133516 0.389677 -0.249381 -0.00169797 -0.197414 0.0085832 -0.000190738 0.391585 -0.251971 -0.0030118 
23 -0.0082016 0.0173569 -0.694476 -1.60413 0.601778 -1.88544 -0.701343 1.54767 0.61284 1.91978 0.00514992 -0.200847 -0.00934615 0.00133516 0.389677 -0.249381 -0.00169797 -0.197414 0.0085832 -0.000190738 0.391585 -0.251971 -0.0030118 
23 -0.0082016 0.0173569 -0.695621 -1.60451 0.601778 -1.88888 -0.702487 1.54767 0.613603 1.92435 0.00514992 -0.200847 -0.00934615 0.00133516 0.389677 -0.249381 -0.00169797 -0.197414 0.0085832 -0.000190738 0.391585 -0.251971 -0.0030118 
23 -0.0082016 0.0173569 -0.696002 -1.60527 0.601778 -1.89231 -0.70325 1.54767 0.614366 1.92855 0.00514992 -0.200847 -0.00934615 0.00133516 0.389677 -0.249381 -0.00169797 -0.197414 0.0085832 -0.000190738 0.391585 -0.251971 -0.0030118 
23 -0.00782013 0.0173569 -0.697147 -1.60565 0.601778 -1.89574 -0.704013 1.54767 0.615129 1.93236 0.00514992 -0.200847 -0.00934615 0.00133516 0.389677 -0.249381 -0.00169797 -0.197414 0.0085832 -0.000190738 0.391585 -0.251971 -0.0030118 
23 -0.0082016 0.0173569 -0.69791 -1.60604 0.601778 -1.89918 -0.705158 1.54767 0.615892 1.93694 0.00514992 -0.200847 -0.00934615 0.00133516 0.389677 -0.249381 -0.00169797 -0.197414 0.0085832 -0.000190738 0.391585 -0.251971 -0.0030118 
23 -0.0082016 0.0173569 -0.698672 -1.6068 0.601778 -1.90261 -0.705921 1.54767 0.616274 1.94114 0.00514992 -0.200847 -0.00934615 0.00133516 0.389677 -0.249381 -0.00169797 -0.197414 0.0085832 -0.000190738 0.391585 -0.251971 -0.0030118 
23 -0.00782013 0.0173569 -0.699435 -1.60756 0.601778 -1.90566 -0.707065 1.54767 0.617037 1.94457 0.00514992 -0.200847 -0.00934615 0.00133516 0.389677 -0.249381 -0.00169797 -0.197414 0.0085832 -0.000190738 0.391585 -0.251971 -0.0030118 
23 -0.00782013 0.0173569 -0.700198 -1.60832 0.601778 -1.90909 -0.708209 1.54767 0.6178 1.94877 0.00514992 -0.200847 -0.00934615 0.00133516 0.389677 -0.249381 -0.00169797 -0.197414 0.0085832 -0.000190738 0.391585 -0.251971 -0.0030118 
23 -0.00782013 0.0173569 -0.701343 -1.60871 0.601778 -1.91215 -0.708972 1.54767 0.618181 1.95258 0.00514992 -0.200847 -0.00934615 0.00133516 0.389677 -0.249381 -0.00169797 -0.197414 0.0085832 0.000190738 0.391585 -0.251971 -0.0030118 
23 -0.0082016 0.0173569 -0.702106 -1.60909 0.601778 -1.9152 -0.709354 1.54729 0.618944 1.9564 0.00514992 -0.200847 -0.00934615 0.00133516 0.389677 -0.249381 -0.00169797 -0.197414 0.0085832 -0.000190738 0.391585 -0.251971 -0.0030118 
23 -0.00782013 0.0173569 -0.702869 -1.60947 0.601778 -1.91787 -0.710117 1.54729 0.619326 1.96021 0.00514992 -0.200847 -0.00934615 0.00133516 0.389677 -0.249381 -0.00169797 -0.197414 0.0085832 -0.000190738 0.391585 -0.251971 -0.0030118 
23 -0.00782013 0.0173569 -0.704013 -1.60985 0.601778 -1.92092 -0.711261 1.54729 0.620089 1.96326 0.00514992 -0.200847 -0.00934615 0.00133516 0.389677 -0.249381 -0.00169797 -0.197414 0.0085832 -0.000190738 0.391585 -0.251971 -0.0030118 
23 -0.0082016 0.0173569 -0.704776 -1.61023 0.601778 -1.92359 -0.712024 1.54729 0.620851 1.96708 0.00514992 -0.200847 -0.00934615 0.00133516 0.389677 -0.249381 -0.00169797 -0.197414 0.0085832 -0.000190738 0.391585 -0.251971 -0.0030118 
23 -0.00782013 0.0173569 -0.705158 -1.61099 0.601778 -1.92664 -0.713169 1.54729 0.621614 1.97051 0.00514992 -0.200847 -0.00934615 0.00133516 0.389677 -0.249381 -0.00169797 -0.197414 0.0085832 -0.000190738 0.391585 -0.251971 -0.0030118 
23 -0.00782013 0.0173569 -0.705921 -1.61138 0.601778 -1.92931 -0.714313 1.54729 0.622377 1.97433 0.00514992 -0.200847 -0.00934615 0.00133516 0.389677 -0.249381 -0.00169797 -0.197414 0.0085832 -0.000190738 0.391585 -0.251971 -0.0030118 
23 -0.00782013 0.0173569 -0.706683 -1.61138 0.602159 -1.9316 -0.714694 1.54729 0.62314 1.97776 0.00514992 -0.200847 -0.00934615 0.00133516 0.389677 -0.249381 -0.00169797 -0.197414 0.0085832 -0.000190738 0.391585 -0.251971 -0.0030118 
23 -0.0082016 0.0173569 -0.707446 -1.61176 0.602159 -1.93465 -0.715457 1.54729 0.624285 1.98081 0.00514992 -0.200847 -0.00934615 0.00133516 0.389677 -0.249381 -0.00169797 -0.197414 0.0085832 -0.000190738 0.391585 -0.251971 -0.0030118 
23 -0.0082016 0.0173569 -0.707828 -1.61214 0.602159 -1.93656 -0.71622 1.54729 0.625048 1.98463 0.00514992 -0.200847 -0.00934615 0.00133516 0.389677 -0.249381 -0.00169797 -0.197414 0.0085832 -0.000190738 0.391585 -0.251971 -0.0030118 
23 -0.0082016 0.0173569 -0.708591 -1.61252 0.602159 -1.93923 -0.716983 1.54729 0.625811 1.9873 0.00514992 -0.200847 -0.00934615 0.00133516 0.389677 -0.249381 -0.00169797 -0.197414 0.0085832 -0.000190738 0.391585 -0.251971 -0.0030118 
23 -0.0082016 0.0173569 -0.708972 -1.6129 0.602159 -1.94152 -0.717746 1.54729 0.626574 1.99073 0.00514992 -0.200847 -0.00934615 0.00133516 0.389677 -0.249381 -0.00169797 -0.197414 0.0085832 -0.000190738 0.391585 -0.251971 -0.0030118 
23 -0.0082016 0.0173569 -0.709354 -1.61328 0.602159 -1.94381 -0.718509 1.54729 0.627337 1.9934 0.00514992 -0.200847 -0.00934615 0.00133516 0.389677 -0.249381 -0.00169797 -0.197414 0.0085832 -0.000190738 0.391585 -0.251971 -0.0030118 
23 -0.0082016 0.0173569 -0.710117 -1.61367 0.602159 -1.9461 -0.719272 1.54729 0.6281 1.99645 0.00514992 -0.200847 -0.00934615 0.00133516 0.389677 -0.249381 -0.00169797 -0.197414 0.0085832 -0.000190738 0.391585 -0.251971 -0.0030118 
23 -0.0082016 0.0173569 -0.710498 -1.61405 0.602159 -1.948 -0.719654 1.54729 0.628862 1.99912 0.00514992 -0.200847 -0.00934615 0.00133516 0.389677 -0.249381 -0.00169797 -0.197414 0.0085832 -0.000190738 0.391585 -0.251971 -0.0030118 
23 -0.00782013 0.0173569 -0.711261 -1.61405 0.602541 -1.95029 -0.720417 1.54729 0.629625 2.00179 0.00514992 -0.200847 -0.00934615 0.00133516 0.389677 -0.249381 -0.00169797 -0.197414 0.0085832 -0.000190738 0.391585 -0.251971 -0.0030118 
23 -0.0082016 0.0173569 -0.711643 -1.61443 0.602541 -1.9522 -0.720798 1.54729 0.630388 2.00446 0.00514992 -0.200847 -0.00934615 0.00133516 0.389677 -0.249381 -0.00169797 -0.197414 0.0085832 -0.000190738 0.391585 -0.251971 -0.0030118 
23 -0.0082016 0.0173569 -0.712024 -1.61481 0.602541 -1.95411 -0.72118 1.54729 0.63077 2.00675 0.00514992 -0.200847 -0.00934615 0.00133516 0.389677 -0.249381 -0.00169797 -0.197414 0.0085832 -0.000190738 0.391585 -0.251971 -0.0030118 
23 -0.00782013 0.0173569 -0.712406 -1.61481 0.602922 -1.95602 -0.721561 1.54729 0.631533 2.0098 0.00514992 -0.200847 -0.00934615 0.00133516 0.389677 -0.249381 -0.00169797 -0.197414 0.0085832 -0.000190738 0.391585 -0.251971 -0.0030118 
23 -0.0082016 0.0173569 -0.712787 -1.61519 0.602922 -1.95754 -0.722324 1.54729 0.631914 2.01209 0.00514992 -0.200847 -0.00934615 0.00133516 0.389677 -0.249381 -0.00169797 -0.197414 0.0085832 -0.000190738 0.391585 -0.251971 -0.0030118 
23 -0.00782013 0.0173569 -0.713169 -1.61557 0.603304 -1.95983 -0.722705 1.54691 0.632296 2.014 0.00514992 -0.200847 -0.00934615 0.00133516 0.389677 -0.249381 -0.00169797 -0.197414 0.0085832 0.000190738 0.391585 -0.251971 -0.0030118 
23 -0.00782013 0.0173569 -0.71355 -1.61557 0.603304 -1.96136 -0.723087 1.54691 0.633059 2.01667 0.00514992 -0.200847 -0.00934615 0.00133516 0.389677 -0.249381 -0.00169797 -0.197414 0.0085832 -0.000190738 0.391585 -0.251971 -0.0030118 
23 -0.00782013 0.0173569 -0.713932 -1.61595 0.603685 -1.96288 -0.723468 1.54691 0.633822 2.01858 0.00514992 -0.200847 -0.00934615 0.00133516 0.389677 -0.249381 -0.00169797 -0.197414 0.00820172 -0.000190738 0.391585 -0.251971 -0.0030118 
23 -0.0082016 0.0173569 -0.714313 -1.61634 0.603685 -1.96441 -0.724231 1.54691 0.634585 2.0201 0.00514992 -0.200847 -0.00934615 0.00133516 0.389677 -0.249381 -0.00169797 -0.197414 0.00820172 -0.000190738 0.391585 -0.251971 -0.0030118 
23 -0.0082016 0.0173569 -0.714694 -1.61672 0.604067 -1.96593 -0.724613 1.54653 0.635348 2.02239 0.00514992 -0.200847 -0.00934615 0.00133516 0.389677 -0.249381 -0.00169797 -0.197414 0.00820172 -0.000190738 0.391585 -0.251971 -0.0030118 
23 -0.0082016 0.0173569 -0.714694 -1.6171 0.604067 -1.96708 -0.724994 1.54653 0.636492 2.02392 0.00514992 -0.200847 -0.00934615 0.00133516 0.389677 -0.249381 -0.00169797 -0.197414 0.00820172 -0.000190738 0.391585 -0.251971 -0.0030118 
23 -0.00782013 0.0173569 -0.715076 -1.61748 0.604448 -1.9686 -0.725376 1.54653 0.637255 2.02544 0.00514992 -0.200847 -0.00934615 0.00133516 0.389677 -0.249381 -0.00169797 -0.197414 0.00820172 -0.000190738 0.391585 -0.251971 -0.0030118 
23 -0.0082016 0.0173569 -0.715457 -1.61748 0.604448 -1.96975 -0.725757 1.54614 0.638018 2.02659 0.00514992 -0.200847 -0.00934615 0.00133516 0.389677 -0.249381 -0.00169797 -0.197414 0.00820172 -0.000190738 0.391585 -0.251971 -0.0030118 
23 -0.0082016 0.0173569 -0.715839 -1.61786 0.604829 -1.97089 -0.726139 1.54614 0.638399 2.02811 0.0055314 -0.200847 -0.00934615 0.00133516 0.389677 -0.249381 -0.00169797 -0.197414 0.00820172 -0.000190738 0.391585 -0.251971 -0.0030118 
23 -0.0082016 0.0173569 -0.715839 -1.61824 0.605211 -1.97204 -0.72652 1.54576 0.638781 2.02926 0.0055314 -0.200847 -0.00934615 0.00133516 0.389677 -0.249381 -0.00169797 -0.197414 0.00820172 -0.000190738 0.391585 -0.251971 -0.0030118 
23 -0.0082016 0.0173569 -0.715839 -1.61824 0.605211 -1.9728 -0.72652 1.54538 0.639544 2.03002 0.0055314 -0.200847 -0.00934615 0.00133516 0.389677 -0.249381 -0.00169797 -0.197414 0.00820172 -0.000190738 0.391585 -0.251971 -0.0030118 
23 -0.0082016 0.0173569 -0.71622 -1.61862 0.605592 -1.97318 -0.726902 1.545 0.639925 2.03079 0.00514992 -0.200847 -0.00934615 0.00133516 0.389677 -0.249381 -0.00169797 -0.197414 0.00820172 -0.000190738 0.391585 -0.251971 -0.0030118 
23 -0.00782013 0.0173569 -0.71622 -1.61901 0.605592 -1.97395 -0.726902 1.54462 0.640307 2.03155 0.00514992 -0.200847 -0.00934615 0.00133516 0.389677 -0.249381 -0.00169797 -0.197414 0.00820172 -0.000190738 0.391585 -0.251971 -0.0030118 
23 -0.0082016 0.0173569 -0.71622 -1.61939 0.605974 -1.97471 -0.726902 1.54424 0.640688 2.03231 0.00514992 -0.200847 -0.00934615 0.00133516 0.389677 -0.249381 -0.00169797 -0.197414 0.00820172 -0.000190738 0.391585 -0.251971 -0.0030118 
23 -0.00782013 0.0173569 -0.71622 -1.61977 0.606355 -1.97509 -0.727283 1.54386 0.64107 2.03346 0.00514992 -0.200847 -0.00934615 0.00133516 0.389677 -0.249381 -0.00169797 -0.197414 0.00820172 -0.000190738 0.391585 -0.251971 -0.0030118 
23 -0.0082016 0.0173569 -0.71622 -1.61977 0.606737 -1.97547 -0.727283 1.54347 0.64107 2.03422 0.00514992 -0.200847 -0.00934615 0.00133516 0.389677 -0.249381 -0.00169797 -0.197414 0.00820172 -0.000190738 0.391585 -0.251971 -0.0030118 
23 -0.0082016 0.0173569 -0.71622 -1.62015 0.607118 -1.97623 -0.726902 1.54347 0.641451 2.03498 0.00514992 -0.200847 -0.00934615 0.00133516 0.389677 -0.249381 -0.00169797 -0.197414 0.00820172 -0.000190738 0.391585 -0.251971 -0.0030118 
23 -0.0082016 0.0173569 -0.71622 -1.62015 0.607118 -1.97662 -0.726902 1.54309 0.641451 2.03536 0.00514992 -0.200847 -0.00934615 0.00133516 0.389677 -0.249381 -0.00169797 -0.197414 0.00820172 -0.000190738 0.391585 -0.251971 -0.0030118 
23 -0.00782013 0.0169754 -0.715839 -1.62015 0.6075 -1.977 -0.726902 1.54309 0.641451 2.03536 0.00514992 -0.200847 -0.00934615 0.00133516 0.389677 -0.249381 -0.00169797 -0.197414 0.00820172 -0.000190738 0.391585 -0.251971 -0.0030118 
23 -0.0082016 0.0173569 -0.715839 -1.62015 0.607881 -1.97738 -0.726902 1.54271 0.641833 2.03536 0.00514992 -0.200847 -0.00934615 0.00133516 0.389677 -0.249381 -0.00169797 -0.197414 0.00820172 -0.000190738 0.391585 -0.251971 -0.0030118 
23 -0.00782013 0.0173569 -0.715457 -1.62015 0.608263 -1.97776 -0.726902 1.54271 0.641833 2.03536 0.00514992 -0.200847 -0.00934615 0.00133516 0.389677 -0.249381 -0.00169797 -0.197414 0.00820172 -0.000190738 0.391585 -0.251971 -0.0030118 
23 -0.0082016 0.0173569 -0.715457 -1.62015 0.609026 -1.97776 -0.726902 1.54271 0.641833 2.03498 0.00514992 -0.200847 -0.00934615 0.00133516 0.389677 -0.249381 -0.00169797 -0.197032 0.00820172 -0.000190738 0.391585 -0.251971 -0.0030118 
23 -0.0082016 0.0173569 -0.715076 -1.62015 0.609407 -1.97776 -0.726902 1.54271 0.641833 2.0346 0.00514992 -0.200847 -0.00934615 0.00133516 0.389677 -0.249381 -0.00169797 -0.197414 0.00820172 -0.000190738 0.391585 -0.251971 -0.0030118 
23 -0.0082016 0.0173569 -0.715076 -1.62015 0.609789 -1.97776 -0.726902 1.54271 0.641833 2.03384 0.00514992 -0.200847 -0.00934615 0.00133516 0.389677 -0.249381 -0.00169797 -0.197032 0.00820172 0.000190738 0.391585 -0.251971 -0.0030118 
23 -0.00782013 0.0173569 -0.714694 -1.62015 0.610552 -1.97738 -0.72652 1.54271 0.641833 2.03307 0.00514992 -0.200847 -0.00934615 0.00133516 0.389677 -0.249381 -0.00169797 -0.197032 0.00820172 0.000190738 0.391585 -0.251971 -0.0030118 
23 -0.0082016 0.0173569 -0.714694 -1.62015 0.610933 -1.977 -0.72652 1.54233 0.641833 2.03193 0.00514992 -0.200847 -0.00934615 0.00133516 0.389677 -0.249381 -0.00169797 -0.197032 0.00820172 0.000190738 0.391585 -0.251971 -0.0030118 
23 -0.0082016 0.0173569 -0.714313 -1.61977 0.611315 -1.97662 -0.72652 1.54233 0.641833 2.03155 0.00514992 -0.200847 -0.00934615 0.00133516 0.389677 -0.249381 -0.00169797 -0.197032 0.00820172 0.000190738 0.391585 -0.251971 -0.0030118 
23 -0.0082016 0.0173569 -0.714313 -1.61977 0.611696 -1.97623 -0.72652 1.54233 0.641833 2.03079 0.00514992 -0.200847 -0.00934615 0.00133516 0.389677 -0.249381 -0.00169797 -0.197032 0.00820172 0.000190738 0.391585 -0.251971 -0.0030118 
23 -0.0082016 0.0173569 -0.713932 -1.61977 0.612078 -1.97585 -0.72652 1.54233 0.641833 2.03002 0.00514992 -0.200847 -0.00934615 0.00133516 0.389677 -0.249381 -0.00169797 -0.197032 0.00820172 0.000190738 0.391585 -0.251971 -0.0030118 
23 -0.0082016 0.0173569 -0.713932 -1.61977 0.612459 -1.97547 -0.726139 1.54233 0.641833 2.02926 0.00514992 -0.200847 -0.00934615 0.00133516 0.389677 -0.249381 -0.00169797 -0.197032 0.00820172 0.000190738 0.391585 -0.251971 -0.0030118 
23 -0.00782013 0.0173569 -0.71355 -1.61977 0.613222 -1.97509 -0.726139 1.54233 0.641451 2.02811 0.00514992 -0.200847 -0.00934615 0.00133516 0.389677 -0.249381 -0.00169797 -0.197032 0.00820172 -0.000190738 0.391585 -0.251971 -0.0030118 
23 -0.0082016 0.0173569 -0.713169 -1.61939 0.613222 -1.97471 -0.726139 1.54233 0.641451 2.02659 0.00514992 -0.200847 -0.00934615 0.00133516 0.389677 -0.249381 -0.00169797 -0.197032 0.00820172 -0.000190738 0.391585 -0.251971 -0.0030118 
23 -0.00782013 0.0169754 -0.712787 -1.61939 0.613603 -1.97433 -0.725757 1.54233 0.641451 2.02544 0.00514992 -0.200847 -0.00934615 0.00133516 0.389677 -0.249381 -0.00169797 -0.197032 0.00820172 -0.000190738 0.391585 -0.251971 -0.0030118 
23 -0.0082016 0.0169754 -0.712787 -1.61901 0.613985 -1.97356 -0.725757 1.54233 0.641451 2.0243 0.00514992 -0.200847 -0.00934615 0.00133516 0.389677 -0.249381 -0.00169797 -0.197032 0.00820172 -0.000190738 0.391585 -0.251971 -0.0030118 
23 -0.0082016 0.0169754 -0.712406 -1.61862 0.613985 -1.97318 -0.725376 1.54233 0.64107 2.02316 0.00514992 -0.200847 -0.00934615 0.00133516 0.389677 -0.249381 -0.00169797 -0.197032 0.00820172 -0.000190738 0.391585 -0.251971 -0.0030118 
23 -0.0082016 0.0169754 -0.712024 -1.61824 0.614366 -1.97242 -0.725376 1.54233 0.64107 2.02163 0.00514992 -0.200847 -0.00934615 0.00133516 0.389677 -0.249381 -0.00169797 -0.197032 0.00820172 -0.000190738 0.391585 -0.251971 -0.0030118 
23 -0.0082016 0.0169754 -0.711643 -1.61786 0.614366 -1.97204 -0.724994 1.54233 0.640688 2.01934 0.00514992 -0.200847 -0.00934615 0.00133516 0.389677 -0.249381 -0.00169797 -0.197032 0.00820172 -0.000190738 0.391585 -0.251971 -0.0030118 
23 -0.0082016 0.0169754 -0.711261 -1.61748 0.614366 -1.97089 -0.724613 1.54233 0.640688 2.01781 0.00514992 -0.200847 -0.00934615 0.00133516 0.389677 -0.249381 -0.00169797 -0.197032 0.00820172 -0.000190738 0.391585 -0.251971 -0.0030118 
23 -0.0082016 0.0169754 -0.71088 -1.6171 0.614366 -1.96975 -0.724613 1.54233 0.640307 2.01629 0.00514992 -0.200847 -0.00934615 0.00133516 0.389677 -0.249381 -0.00169797 -0.197032 0.00820172 -0.000190738 0.391585 -0.251971 -0.0030118 
23 -0.0082016 0.0169754 -0.710498 -1.61672 0.614366 -1.9686 -0.724231 1.54233 0.640307 2.01362 0.00514992 -0.200847 -0.00934615 0.00133516 0.389677 -0.249381 -0.00169797 -0.197032 0.00820172 -0.000190738 0.391585 -0.251971 -0.0030118 
23 -0.0082016 0.0169754 -0.709735 -1.61672 0.614366 -1.96746 -0.724231 1.54233 0.639925 2.01209 0.00514992 -0.200847 -0.00934615 0.00133516 0.389677 -0.249381 -0.00169797 -0.197032 0.00820172 0.000190738 0.391585 -0.251971 -0.0030118 
23 -0.0082016 0.0169754 -0.709354 -1.61634 0.614366 -1.96632 -0.72385 1.54233 0.639544 2.01019 0.00514992 -0.200847 -0.00934615 0.00133516 0.389677 -0.249381 -0.00169797 -0.197032 0.00820172 -0.000190738 0.391585 -0.251971 -0.0030118 
23 -0.0082016 0.0169754 -0.708591 -1.61595 0.613985 -1.96517 -0.72385 1.54233 0.639162 2.00751 0.00514992 -0.200847 -0.00934615 0.00133516 0.389677 -0.249381 -0.00169797 -0.197032 0.00820172 0.000190738 0.391585 -0.251971 -0.0030118 
23 -0.0082016 0.0173569 -0.708209 -1.61595 0.613985 -1.96326 -0.723468 1.54233 0.638781 2.00523 0.00514992 -0.200847 -0.00934615 0.00133516 0.389677 -0.249381 -0.00169797 -0.197032 0.00820172 0.000190738 0.391585 -0.251971 -0.0030118 
23 -0.0082016 0.0169754 -0.707828 -1.61557 0.613985 -1.96174 -0.723468 1.54233 0.638399 2.00294 0.00514992 -0.200847 -0.00934615 0.00133516 0.389677 -0.249381 -0.00169797 -0.197414 0.00820172 -0.000190738 0.391585 -0.251971 -0.0030118 
23 -0.0082016 0.0169754 -0.707065 -1.61557 0.613985 -1.96021 -0.723087 1.54233 0.638018 2.00027 0.00514992 -0.200847 -0.00934615 0.00133516 0.389677 -0.249381 -0.00169797 -0.197414 0.00820172 -0.000190738 0.391585 -0.251971 -0.0030118 
23 -0.0082016 0.0169754 -0.706302 -1.61519 0.613603 -1.95869 -0.723087 1.54233 0.638018 1.99798 0.00514992 -0.200847 -0.00934615 0.00133516 0.389677 -0.249381 -0.00169797 -0.197414 0.00820172 -0.000190738 0.391585 -0.251971 -0.0030118 
23 -0.0082016 0.0169754 -0.705539 -1.61519 0.613603 -1.95678 -0.722705 1.54233 0.637636 1.99454 0.00514992 -0.200847 -0.00934615 0.00133516 0.389677 -0.249381 -0.00169797 -0.197414 0.00820172 -0.000190738 0.391585 -0.251971 -0.0030118 
23 -0.0082016 0.0169754 -0.704776 -1.61481 0.613603 -1.95487 -0.722705 1.54233 0.637255 1.99226 0.00514992 -0.200847 -0.00934615 0.00133516 0.389677 -0.249381 -0.00169797 -0.197414 0.00820172 -0.000190738 0.391585 -0.251971 -0.0030118 
23 -0.0082016 0.0169754 -0.704395 -1.61443 0.613222 -1.95335 -0.722324 1.54233 0.636873 1.9892 0.00514992 -0.200847 -0.00934615 0.00133516 0.389677 -0.249381 -0.00169797 -0.197414 0.00820172 -0.000190738 0.391585 -0.251971 -0.0030118 
23 -0.00782013 0.0169754 -0.70325 -1.61443 0.613222 -1.95106 -0.722324 1.54233 0.636492 1.98653 0.00514992 -0.200847 -0.00934615 0.00133516 0.389677 -0.249381 -0.00169797 -0.197414 0.00820172 -0.000190738 0.391585 -0.251971 -0.0030118 
23 -0.0082016 0.0169754 -0.702487 -1.61405 0.613222 -1.94915 -0.721942 1.54233 0.63611 1.98348 0.00514992 -0.200847 -0.00934615 0.00133516 0.389677 -0.249381 -0.00169797 -0.197414 0.00820172 -0.000190738 0.391585 -0.251971 -0.0030118 
23 -0.0082016 0.0169754 -0.701724 -1.61367 0.61284 -1.94724 -0.721942 1.54233 0.635729 1.98005 0.00514992 -0.200847 -0.00934615 0.00133516 0.389677 -0.249381 -0.00169797 -0.197414 0.00820172 -0.000190738 0.391585 -0.251971 -0.0030118 
23 -0.0082016 0.0169754 -0.700961 -1.61328 0.61284 -1.94457 -0.721561 1.54233 0.635348 1.977 0.00514992 -0.200847 -0.00934615 0.00133516 0.389677 -0.249381 -0.00169797 -0.197414 0.00820172 -0.000190738 0.391585 -0.251971 -0.0030118 
23 -0.0082016 0.0169754 -0.700198 -1.6129 0.612459 -1.94228 -0.721561 1.54233 0.635348 1.97395 0.00514992 -0.200847 -0.00934615 0.00133516 0.389677 -0.249381 -0.00169797 -0.197414 0.00820172 -0.000190738 0.391585 -0.251971 -0.0030118 
23 -0.0082016 0.0169754 -0.699435 -1.6129 0.612459 -1.94038 -0.72118 1.54233 0.635348 1.97051 0.00514992 -0.200847 -0.00934615 0.00133516 0.389677 -0.249381 -0.00169797 -0.197414 0.00820172 -0.000190738 0.391585 -0.251971 -0.0030118 
23 -0.0082016 0.0169754 -0.698672 -1.61252 0.612078 -1.93771 -0.72118 1.54233 0.635348 1.96746 0.00514992 -0.200847 -0.00934615 0.00133516 0.389677 -0.249381 -0.00169797 -0.197414 0.0085832 -0.000190738 0.391585 -0.251971 -0.0030118 
23 -0.0082016 0.0169754 -0.69791 -1.61214 0.612078 -1.93542 -0.720798 1.54233 0.634966 1.96365 0.00514992 -0.200847 -0.00934615 0.00133516 0.389677 -0.249381 -0.00169797 -0.197414 0.00820172 -0.000190738 0.391585 -0.251971 -0.0030118 
23 -0.0082016 0.0169754 -0.697147 -1.61176 0.611696 -1.93275 -0.720417 1.54233 0.634966 1.96059 0.00514992 -0.200847 -0.00934615 0.00133516 0.389677 -0.249381 -0.00169797 -0.197414 0.0085832 -0.000190738 0.391585 -0.251971 -0.0030118 
23 -0.0082016 0.0169754 -0.696384 -1.61138 0.611696 -1.93008 -0.720417 1.54233 0.634966 1.95678 0.00514992 -0.200847 -0.00934615 0.00133516 0.389677 -0.249381 -0.00169797 -0.197414 0.0085832 -0.000190738 0.391585 -0.251971 -0.0030118 
23 -0.0082016 0.0169754 -0.695621 -1.61099 0.611696 -1.92779 -0.720035 1.54195 0.634966 1.95373 0.00514992 -0.200847 -0.00934615 0.00133516 0.389677 -0.249381 -0.00169797 -0.197414 0.0085832 -0.000190738 0.391585 -0.251971 -0.0030118 
23 -0.0082016 0.0173569 -0.694858 -1.61061 0.611315 -1.92473 -0.719654 1.54195 0.634966 1.94953 0.00514992 -0.200847 -0.00934615 0.00133516 0.389677 -0.249381 -0.00169797 -0.197414 0.0085832 -0.000190738 0.391585 -0.251971 -0.0030118 
23 -0.0082016 0.0169754 -0.693713 -1.61023 0.611315 -1.92245 -0.719272 1.54195 0.634966 1.9461 0.00514992 -0.200847 -0.00934615 0.00133516 0.389677 -0.249381 -0.00169797 -0.197414 0.0085832 -0.000190738 0.391585 -0.251971 -0.0030118 
23 -0.0082016 0.0169754 -0.692569 -1.60947 0.610933 -1.91939 -0.718891 1.54195 0.634966 1.94228 0.00514992 -0.200847 -0.00934615 0.00133516 0.389677 -0.249381 -0.00169797 -0.197414 0.0085832 -0.000190738 0.391585 -0.251971 -0.0030118 
23 -0.00782013 0.0169754 -0.692187 -1.60909 0.610933 -1.91672 -0.718509 1.54195 0.634966 1.93809 0.00514992 -0.200847 -0.00934615 0.00133516 0.389677 -0.249381 -0.00169797 -0.197414 0.0085832 -0.000190738 0.391585 -0.251971 -0.0030118 
23 -0.0082016 0.0173569 -0.691043 -1.60871 0.610933 -1.91367 -0.718128 1.54157 0.634966 1.93465 0.00514992 -0.200847 -0.00934615 0.00133516 0.389677 -0.249381 -0.00169797 -0.197414 0.0085832 -0.000190738 0.391585 -0.251971 -0.0030118 
23 -0.0082016 0.0173569 -0.689899 -1.60794 0.610933 -1.911 -0.717746 1.54157 0.634966 1.93008 0.00514992 -0.200847 -0.00934615 0.00133516 0.389677 -0.249381 -0.00169797 -0.197414 0.0085832 -0.000190738 0.391585 -0.251971 -0.0030118 
23 -0.0082016 0.0169754 -0.689136 -1.60718 0.610933 -1.90833 -0.717365 1.54157 0.634966 1.92588 0.00514992 -0.200847 -0.00934615 0.00133516 0.389677 -0.249381 -0.00169797 -0.197414 0.0085832 -0.000190738 0.391585 -0.251971 -0.0030118 
23 -0.0082016 0.0173569 -0.688373 -1.60642 0.610552 -1.90528 -0.716983 1.54118 0.634966 1.92245 0.00514992 -0.200847 -0.00934615 0.00133516 0.389677 -0.249381 -0.00169797 -0.197414 0.0085832 -0.000190738 0.391585 -0.251971 -0.0030118 
23 -0.0082016 0.0169754 -0.687228 -1.60565 0.610552 -1.90261 -0.716602 1.54118 0.634966 1.91787 0.00514992 -0.200847 -0.00934615 0.00133516 0.389677 -0.249381 -0.00169797 -0.197414 0.0085832 -0.000190738 0.391585 -0.251971 -0.0030118 
23 -0.0082016 0.0169754 -0.686465 -1.60489 0.610552 -1.89956 -0.71622 1.5408 0.634966 1.91329 0.00514992 -0.200847 -0.00934615 0.00133516 0.389677 -0.249381 -0.00169797 -0.197414 0.0085832 -0.000190738 0.391585 -0.251971 -0.0030118 
23 -0.00782013 0.0169754 -0.685702 -1.60451 0.610552 -1.89689 -0.715839 1.5408 0.634966 1.90986 0.00514992 -0.200847 -0.00934615 0.00133516 0.389677 -0.249381 -0.00169797 -0.197414 0.0085832 -0.000190738 0.391585 -0.251971 -0.0030118 
23 -0.0082016 0.0169754 -0.684558 -1.60375 0.610552 -1.89345 -0.715457 1.54042 0.634966 1.90528 0.00514992 -0.200847 -0.00934615 0.00133516 0.389677 -0.249381 -0.00169797 -0.197032 0.0085832 -0.000190738 0.391585 -0.251971 -0.0030118 
23 -0.0082016 0.0169754 -0.683413 -1.60298 0.610552 -1.89078 -0.715076 1.54042 0.634966 1.9007 0.00514992 -0.200847 -0.00934615 0.00133516 0.389677 -0.249381 -0.00169797 -0.197414 0.0085832 -0.000190738 0.391585 -0.251971 -0.0030118 
23 -0.00782013 0.0169754 -0.682651 -1.6026 0.610552 -1.88697 -0.715076 1.54042 0.634966 1.89651 0.00514992 -0.200847 -0.00934615 0.00133516 0.389677 -0.249381 -0.00169797 -0.197032 0.0085832 -0.000190738 0.391585 -0.251971 -0.0030118 
23 -0.0082016 0.0169754 -0.681506 -1.60184 0.610552 -1.8843 -0.714694 1.54004 0.634966 1.89193 0.00476844 -0.200847 -0.00934615 0.00133516 0.389677 -0.249381 -0.00169797 -0.197032 0.0085832 -0.000190738 0.391585 -0.251971 -0.0030118 
23 -0.00782013 0.0169754 -0.680362 -1.6007 0.61017 -1.88048 -0.714313 1.54004 0.634966 1.88773 0.00476844 -0.200847 -0.00934615 0.00133516 0.389677 -0.249381 -0.00169797 -0.197414 0.0085832 -0.000190738 0.391585 -0.251971 -0.0030118 
23 -0.0082016 0.0173569 -0.679599 -1.59955 0.61017 -1.87743 -0.713932 1.54004 0.634585 1.88277 0.00476844 -0.200847 -0.00934615 0.00133516 0.389677 -0.249381 -0.00169797 -0.197032 0.0085832 -0.000190738 0.391585 -0.251971 -0.0030118 
23 -0.0082016 0.0173569 -0.678454 -1.59879 0.61017 -1.874 -0.71355 1.53966 0.634585 1.87896 0.00476844 -0.200847 -0.00934615 0.00133516 0.389677 -0.249381 -0.00169797 -0.197032 0.0085832 -0.000190738 0.391585 -0.251971 -0.0030118 
23 -0.0082016 0.0169754 -0.67731 -1.59802 0.61017 -1.87057 -0.713169 1.53966 0.634585 1.874 0.00476844 -0.200847 -0.00934615 0.00133516 0.389677 -0.249381 -0.00169797 -0.197032 0.0085832 -0.000190738 0.391585 -0.251971 -0.0030118 
23 -0.0082016 0.0173569 -0.676165 -1.59726 0.609789 -1.86713 -0.712787 1.53928 0.634585 1.86942 0.00476844 -0.200847 -0.00934615 0.00133516 0.389677 -0.249381 -0.00169797 -0.197032 0.0085832 -0.000190738 0.391585 -0.251971 -0.0030118 
23 -0.00782013 0.0173569 -0.675021 -1.59612 0.609789 -1.86332 -0.712406 1.53851 0.634585 1.86446 0.00476844 -0.200847 -0.00934615 0.00133516 0.389677 -0.249381 -0.00169797 -0.197414 0.0085832 -0.000190738 0.391585 -0.251971 -0.0030118 
23 -0.0082016 0.0169754 -0.674258 -1.59497 0.609407 -1.85988 -0.712024 1.53813 0.634585 1.86027 0.00476844 -0.200847 -0.00934615 0.00133516 0.389677 -0.249381 -0.00169797 -0.197032 0.0085832 -0.000190738 0.391585 -0.251971 -0.0030118 
23 -0.0082016 0.0173569 -0.673114 -1.59345 0.609026 -1.85607 -0.711643 1.53775 0.634585 1.85531 0.00476844 -0.200847 -0.00934615 0.00133516 0.389677 -0.249381 -0.00169797 -0.197032 0.0085832 -0.000190738 0.391585 -0.251971 -0.0030118 
23 -0.0082016 0.0173569 -0.671969 -1.59268 0.609026 -1.85264 -0.711261 1.53699 0.634585 1.85035 0.00476844 -0.200847 -0.00934615 0.00133516 0.389677 -0.249381 -0.00169797 -0.197032 0.0085832 -0.000190738 0.391585 -0.251971 -0.0030118 
23 -0.0082016 0.0173569 -0.671206 -1.59154 0.608644 -1.84882 -0.71088 1.53661 0.634585 1.84539 0.00476844 -0.200847 -0.00934615 0.00133516 0.389677 -0.249381 -0.00169797 -0.197032 0.0085832 -0.000190738 0.391585 -0.251971 -0.0030118 
23 -0.0082016 0.0173569 -0.670062 -1.59078 0.608644 -1.84462 -0.71088 1.53623 0.634585 1.84081 0.00476844 -0.200847 -0.00934615 0.00133516 0.389677 -0.249381 -0.00169797 -0.197414 0.0085832 -0.000190738 0.391585 -0.251971 -0.0030118 
23 -0.0082016 0.0173569 -0.668536 -1.58963 0.608263 -1.84119 -0.710498 1.53584 0.634585 1.83623 0.00476844 -0.200847 -0.00934615 0.00133516 0.389677 -0.249381 -0.00169797 -0.197032 0.0085832 -0.000190738 0.391585 -0.251971 -0.0030118 
23 -0.0082016 0.0169754 -0.667391 -1.58887 0.608263 -1.83738 -0.710498 1.53508 0.634585 1.83089 0.00476844 -0.200847 -0.00934615 0.00133516 0.389677 -0.249381 -0.00169797 -0.197032 0.0085832 -0.000190738 0.391585 -0.251971 -0.0030118 
23 -0.0082016 0.0169754 -0.666629 -1.58772 0.608263 -1.83318 -0.710117 1.5347 0.634585 1.82555 0.00476844 -0.200847 -0.00934615 0.00133516 0.389677 -0.249381 -0.00169797 -0.197414 0.0085832 -0.000190738 0.391585 -0.251971 -0.0030118 
23 -0.0082016 0.0169754 -0.665484 -1.58658 0.608263 -1.82937 -0.710117 1.53394 0.634966 1.82059 0.00476844 -0.200847 -0.00934615 0.00133516 0.389677 -0.249381 -0.00169797 -0.197032 0.0085832 -0.000190738 0.391585 -0.251971 -0.0030118 
23 -0.00782013 0.0169754 -0.66434 -1.58582 0.607881 -1.82517 -0.709735 1.53317 0.634966 1.81563 0.00476844 -0.200847 -0.00934615 0.00133516 0.389677 -0.249381 -0.00169797 -0.197414 0.0085832 -0.000190738 0.391585 -0.251971 -0.0030118 
23 -0.00782013 0.0173569 -0.663577 -1.58467 0.607881 -1.82097 -0.709354 1.53241 0.634966 1.81067 0.00476844 -0.200847 -0.00934615 0.00133516 0.389677 -0.249381 -0.00169797 -0.197414 0.0085832 -0.000190738 0.391585 -0.251971 -0.0030118 
23 -0.0082016 0.0169754 -0.662432 -1.58391 0.607881 -1.81716 -0.709354 1.53127 0.635348 1.80533 0.00476844 -0.200847 -0.00934615 0.00133516 0.389677 -0.249381 -0.00169797 -0.197414 0.0085832 -0.000190738 0.391585 -0.251971 -0.0030118 
23 -0.0082016 0.0169754 -0.661288 -1.58277 0.607881 -1.81258 -0.708972 1.5305 0.635348 1.79999 0.00476844 -0.200847 -0.00934615 0.00133516 0.389677 -0.249381 -0.00169797 -0.197414 0.0085832 -0.000190738 0.391585 -0.251971 -0.0030118 
23 -0.00782013 0.0169754 -0.660525 -1.58162 0.607881 -1.808 -0.708972 1.53012 0.635729 1.79465 0.00476844 -0.200847 -0.00934615 0.00133516 0.389677 -0.249381 -0.00169797 -0.197414 0.0085832 -0.000190738 0.391585 -0.251971 -0.0030118 
23 -0.00782013 0.0173569 -0.659762 -1.58048 0.607881 -1.80419 -0.708591 1.52974 0.635729 1.78969 0.00476844 -0.200847 -0.00934615 0.00133516 0.389677 -0.249381 -0.00169797 -0.197414 0.0085832 -0.000190738 0.391585 -0.251971 -0.0030118 
23 -0.0082016 0.0173569 -0.658618 -1.57933 0.608263 -1.79961 -0.708591 1.52898 0.63611 1.78511 0.00476844 -0.200847 -0.00934615 0.00133516 0.389677 -0.249381 -0.00169797 -0.197414 0.0085832 -0.000190738 0.391585 -0.251971 -0.0030118 
23 -0.00782013 0.0169754 -0.657855 -1.57857 0.608263 -1.79503 -0.708209 1.5286 0.636492 1.77977 0.00476844 -0.200847 -0.00934615 0.00133516 0.389677 -0.249381 -0.00169797 -0.197414 0.0085832 -0.000190738 0.391585 -0.251971 -0.0030118 
23 -0.00782013 0.0169754 -0.65671 -1.57781 0.608263 -1.79084 -0.708209 1.52821 0.636492 1.77443 0.00476844 -0.200847 -0.00934615 0.00133516 0.389677 -0.249381 -0.00169797 -0.197414 0.0085832 -0.000190738 0.391585 -0.251971 -0.0030118 
23 -0.00782013 0.0169754 -0.655566 -1.57704 0.608263 -1.78588 -0.707828 1.52783 0.636873 1.76909 0.00476844 -0.200847 -0.00934615 0.00133516 0.389677 -0.249381 -0.00169797 -0.197414 0.0085832 -0.000190738 0.391585 -0.251971 -0.0030118 
23 -0.0082016 0.0173569 -0.654803 -1.57628 0.608263 -1.78092 -0.707446 1.52745 0.637255 1.76375 0.00476844 -0.200847 -0.00934615 0.00133516 0.389677 -0.249381 -0.00169797 -0.197414 0.0085832 -0.000190738 0.391585 -0.251971 -0.0030118 
23 -0.0082016 0.0173569 -0.65404 -1.57514 0.608263 -1.77634 -0.707065 1.52707 0.637255 1.75879 0.00476844 -0.200847 -0.00934615 0.00133516 0.389677 -0.249381 -0.00169797 -0.197414 0.0085832 -0.000190738 0.391585 -0.251971 -0.0030118 
23 -0.0082016 0.0173569 -0.652895 -1.57437 0.608263 -1.77176 -0.706683 1.52669 0.637636 1.75383 0.00476844 -0.200847 -0.00934615 0.00133516 0.389677 -0.249381 -0.00169797 -0.197414 0.0085832 -0.000190738 0.391585 -0.251971 -0.0030118 
23 -0.0082016 0.0173569 -0.652132 -1.57361 0.608263 -1.7668 -0.706302 1.52593 0.637636 1.74849 0.00476844 -0.200847 -0.00934615 0.00133516 0.389677 -0.249381 -0.00169797 -0.197414 0.0085832 -0.000190738 0.391585 -0.251971 -0.0030118 
23 -0.0082016 0.0173569 -0.65137 -1.57247 0.608263 -1.76184 -0.705921 1.52516 0.637636 1.74315 0.00476844 -0.200847 -0.00934615 0.00133516 0.389677 -0.249381 -0.00169797 -0.197414 0.0085832 -0.000190738 0.391585 -0.251971 -0.0030118 
23 -0.0082016 0.0173569 -0.650607 -1.5717 0.608263 -1.75689 -0.705158 1.52478 0.637636 1.73781 0.00476844 -0.200847 -0.00934615 0.00133516 0.389677 -0.249381 -0.00169797 -0.197414 0.0085832 -0.000190738 0.391585 -0.251971 -0.0030118 
23 -0.0082016 0.0173569 -0.649462 -1.57094 0.608263 -1.75193 -0.704776 1.5244 0.637636 1.73247 0.00476844 -0.200847 -0.00934615 0.00133516 0.389677 -0.249381 -0.00169797 -0.197414 0.0085832 -0.000190738 0.391585 -0.251971 -0.0030118 
23 -0.0082016 0.0173569 -0.649081 -1.57018 0.608644 -1.74697 -0.704395 1.52402 0.637636 1.72713 0.00476844 -0.200847 -0.00934615 0.00133516 0.389677 -0.249381 -0.00169797 -0.197414 0.0085832 -0.000190738 0.391585 -0.251971 -0.0030118 
23 -0.0082016 0.0173569 -0.648318 -1.56903 0.608644 -1.74201 -0.704013 1.52402 0.637636 1.72255 0.00476844 -0.200847 -0.00934615 0.00133516 0.389677 -0.249381 -0.00169797 -0.197414 0.0085832 -0.000190738 0.391585 -0.251971 -0.0030118 
23 -0.0082016 0.0169754 -0.647555 -1.56827 0.608644 -1.73705 -0.703632 1.52364 0.637636 1.71721 0.00476844 -0.200847 -0.00934615 0.00133516 0.389677 -0.249381 -0.00169797 -0.197414 0.0085832 -0.000190738 0.391585 -0.251971 -0.0030118 
23 -0.0082016 0.0169754 -0.646792 -1.56751 0.608644 -1.73171 -0.70325 1.52364 0.637636 1.71225 0.00476844 -0.200847 -0.00934615 0.00133516 0.389677 -0.249381 -0.00169797 -0.197414 0.0085832 -0.000190738 0.391585 -0.251971 -0.0030118 
23 -0.0082016 0.0169754 -0.646029 -1.56674 0.608644 -1.72637 -0.702869 1.52326 0.637636 1.70691 0.00476844 -0.200847 -0.00934615 0.00133516 0.389677 -0.249381 -0.00169797 -0.197414 0.00820172 -0.000190738 0.391585 -0.251971 -0.0030118 
23 -0.00782013 0.0169754 -0.645266 -1.56636 0.609026 -1.72141 -0.702487 1.52326 0.637636 1.70157 0.00476844 -0.200847 -0.00934615 0.00133516 0.389677 -0.249381 -0.00169797 -0.197414 0.00820172 -0.000190738 0.391585 -0.251971 -0.0030118 
23 -0.0082016 0.0169754 -0.644503 -1.56598 0.609026 -1.71645 -0.702106 1.52287 0.637636 1.69661 0.00476844 -0.200847 -0.00934615 0.00133516 0.389677 -0.249381 -0.00169797 -0.197414 0.00820172 -0.000190738 0.391585 -0.251971 -0.0030118 
23 -0.00782013 0.0169754 -0.64374 -1.5656 0.609026 -1.71111 -0.701724 1.52249 0.637636 1.69203 0.00476844 -0.200847 -0.00934615 0.00133516 0.389677 -0.249381 -0.00169797 -0.197414 0.00820172 0.000190738 0.391585 -0.251971 -0.0030118 
23 -0.0082016 0.0173569 -0.642977 -1.56484 0.609026 -1.70577 -0.700961 1.52249 0.637636 1.68669 0.00476844 -0.200847 -0.00934615 0.00133516 0.389677 -0.249381 -0.00169797 -0.197414 0.00820172 -0.000190738 0.391585 -0.251971 -0.0030118 
23 -0.0082016 0.0173569 -0.642596 -1.56445 0.609026 -1.70081 -0.70058 1.52211 0.637636 1.68135 0.00476844 -0.200847 -0.00934615 0.00133516 0.389677 -0.249381 -0.00169797 -0.197414 0.00820172 -0.000190738 0.391585 -0.251971 -0.0030118 
23 -0.0082016 0.0169754 -0.641833 -1.56407 0.609026 -1.69547 -0.700198 1.52173 0.637636 1.67601 0.00476844 -0.200847 -0.00934615 0.00133516 0.389677 -0.249381 -0.00169797 -0.197414 0.00820172 -0.000190738 0.391585 -0.251971 -0.0030118 
23 -0.0082016 0.0173569 -0.641451 -1.56369 0.609026 -1.69051 -0.699435 1.52135 0.637636 1.67105 0.00476844 -0.200847 -0.00934615 0.00133516 0.389677 -0.249381 -0.00169797 -0.197414 0.00820172 -0.000190738 0.391585 -0.251971 -0.0030118 
23 -0.0082016 0.0173569 -0.640688 -1.56293 0.609026 -1.68517 -0.699054 1.52135 0.637636 1.66609 0.00476844 -0.200847 -0.00934615 0.00133516 0.389677 -0.249381 -0.00169797 -0.197414 0.00820172 -0.000190738 0.391585 -0.251971 -0.0030118 
23 -0.0082016 0.0173569 -0.639925 -1.56255 0.609026 -1.67983 -0.698672 1.52059 0.637636 1.66152 0.00476844 -0.200847 -0.00934615 0.00133516 0.389677 -0.249381 -0.00169797 -0.197414 0.00820172 -0.000190738 0.391585 -0.251971 -0.0030118 
23 -0.0082016 0.0169754 -0.639544 -1.56178 0.609026 -1.67449 -0.698291 1.5202 0.638018 1.65618 0.00476844 -0.200847 -0.00934615 0.00133516 0.389677 -0.249381 -0.00169797 -0.197414 0.00820172 -0.000190738 0.391585 -0.251971 -0.0030118 
23 -0.0082016 0.0169754 -0.638781 -1.5614 0.609026 -1.66915 -0.69791 1.51944 0.638018 1.65084 0.00476844 -0.200847 -0.00934615 0.00133516 0.389677 -0.249381 -0.00169797 -0.197414 0.00820172 -0.000190738 0.391585 -0.251971 -0.0030118 
23 -0.00782013 0.0169754 -0.638018 -1.56102 0.609026 -1.66381 -0.697528 1.51906 0.638018 1.64588 0.00476844 -0.200847 -0.00934615 0.00133516 0.389677 -0.249381 -0.00169797 -0.197414 0.00820172 -0.000190738 0.391585 -0.251971 -0.0030118 
23 -0.0082016 0.0173569 -0.637636 -1.56064 0.609026 -1.65846 -0.697147 1.51868 0.638018 1.6413 0.00476844 -0.200847 -0.00934615 0.00133516 0.389677 -0.249381 -0.00169797 -0.197414 0.00820172 -0.000190738 0.391585 -0.251971 -0.0030118 
23 -0.0082016 0.0173569 -0.637255 -1.56026 0.609407 -1.65351 -0.697147 1.5183 0.638018 1.63672 0.00476844 -0.200847 -0.00934615 0.00133516 0.389677 -0.249381 -0.00169797 -0.197414 0.00820172 -0.000190738 0.391585 -0.251971 -0.0030118 
23 -0.0082016 0.0173569 -0.636873 -1.5595 0.609407 -1.64817 -0.696765 1.5183 0.638018 1.63176 0.00476844 -0.200847 -0.00934615 0.00133516 0.389677 -0.249381 -0.00169797 -0.197414 0.00820172 -0.000190738 0.391585 -0.251971 -0.0030118 
23 -0.0082016 0.0173569 -0.636492 -1.55911 0.609407 -1.64282 -0.696384 1.5183 0.638018 1.6268 0.00476844 -0.200847 -0.00934615 0.00133516 0.389677 -0.249381 -0.00169797 -0.197414 0.00820172 -0.000190738 0.391585 -0.251971 -0.0030118 
23 -0.0082016 0.0173569 -0.63611 -1.55873 0.609407 -1.63748 -0.696002 1.5183 0.638399 1.62222 0.00476844 -0.200847 -0.00934615 0.00133516 0.389677 -0.249381 -0.00169797 -0.197414 0.00820172 -0.000190738 0.391585 -0.251971 -0.0030118 
23 -0.0082016 0.0173569 -0.635729 -1.55873 0.609789 -1.63214 -0.696002 1.5183 0.638399 1.61765 0.00476844 -0.200847 -0.00934615 0.00133516 0.389677 -0.249381 -0.00169797 -0.197414 0.00820172 -0.000190738 0.391585 -0.251971 -0.0030118 
23 -0.0082016 0.0173569 -0.635348 -1.55835 0.609789 -1.62718 -0.695621 1.5183 0.638399 1.61307 0.00476844 -0.201228 -0.00934615 0.00133516 0.389677 -0.249381 -0.00169797 -0.197414 0.00820172 -0.000190738 0.391585 -0.251971 -0.0030118 
23 -0.0082016 0.0173569 -0.634966 -1.55797 0.61017 -1.62222 -0.695239 1.5183 0.638399 1.60811 0.00476844 -0.201228 -0.00934615 0.00133516 0.389677 -0.249381 -0.00169797 -0.197414 0.00820172 -0.000190738 0.391585 -0.251971 -0.0030118 
23 -0.0082016 0.0173569 -0.634585 -1.55759 0.61017 -1.61727 -0.694858 1.51868 0.638399 1.60391 0.00476844 -0.201228 -0.00934615 0.00133516 0.389677 -0.249381 -0.00169797 -0.197414 0.00820172 -0.000190738 0.391585 -0.251971 -0.0030118 
23 -0.0082016 0.0173569 -0.634203 -1.55759 0.61017 -1.61192 -0.694476 1.51868 0.638781 1.59934 0.00476844 -0.201228 -0.00934615 0.00133516 0.389677 -0.249381 -0.00169797 -0.197414 0.00820172 0.000190738 0.391585 -0.251971 -0.0030118 
23 -0.0082016 0.0173569 -0.633822 -1.55759 0.610552 -1.60697 -0.694095 1.51868 0.638781 1.59476 0.00476844 -0.201228 -0.00934615 0.00133516 0.389677 -0.249381 -0.00169797 -0.197414 0.00820172 0.000190738 0.391585 -0.251971 -0.0030118 
23 -0.0082016 0.0173569 -0.63344 -1.55759 0.610552 -1.60201 -0.693713 1.51868 0.638781 1.59018 0.00476844 -0.201228 -0.00934615 0.00133516 0.389677 -0.249381 -0.00169797 -0.197414 0.00820172 0.000190738 0.391585 -0.251971 -0.0030118 
23 -0.0082016 0.0173569 -0.63344 -1.55721 0.610933 -1.59743 -0.693332 1.51868 0.638781 1.58637 0.00476844 -0.201228 -0.00934615 0.00133516 0.389677 -0.249381 -0.00169797 -0.197414 0.00820172 -0.000190738 0.391585 -0.251971 -0.0030118 
23 -0.0082016 0.0173569 -0.633059 -1.55721 0.611315 -1.59247 -0.693332 1.51906 0.638781 1.58179 0.00476844 -0.201228 -0.00934615 0.00133516 0.389677 -0.249381 -0.00169797 -0.197414 0.00820172 -0.000190738 0.391585 -0.251971 -0.0030118 
23 -0.0082016 0.0173569 -0.633059 -1.55721 0.611315 -1.58789 -0.69295 1.51906 0.638781 1.57759 0.00476844 -0.200847 -0.00934615 0.00133516 0.389677 -0.249381 -0.00169797 -0.197414 0.00820172 -0.000190738 0.391585 -0.251971 -0.0030118 
23 -0.00782013 0.0169754 -0.632677 -1.55721 0.611696 -1.58293 -0.692569 1.51906 0.638781 1.57378 0.00476844 -0.200847 -0.00934615 0.00133516 0.389677 -0.249381 -0.00169797 -0.197414 0.00820172 -0.000190738 0.391585 -0.251971 -0.0030118 
23 -0.00782013 0.0173569 -0.632677 -1.55721 0.611696 -1.57912 -0.692187 1.51944 0.638781 1.56958 0.00476844 -0.200847 -0.00934615 0.00133516 0.389677 -0.249381 -0.00169797 -0.197414 0.00820172 -0.000190738 0.391585 -0.251971 -0.0030118 
23 -0.0082016 0.0173569 -0.632296 -1.55721 0.611696 -1.57416 -0.691806 1.51944 0.638781 1.56538 0.00476844 -0.200847 -0.00934615 0.00133516 0.389677 -0.249381 -0.00169797 -0.197414 0.00820172 -0.000190738 0.391585 -0.251971 -0.0030118 
23 -0.00782013 0.0173569 -0.632296 -1.55721 0.612078 -1.56958 -0.691424 1.51982 0.638781 1.56195 0.00438697 -0.200847 -0.00934615 0.00133516 0.389677 -0.249381 -0.00169797 -0.197414 0.00820172 -0.000190738 0.391585 -0.251971 -0.0030118 
23 -0.0082016 0.0173569 -0.632296 -1.55721 0.612078 -1.56577 -0.691424 1.5202 0.638781 1.55776 0.00438697 -0.200847 -0.00934615 0.00133516 0.389677 -0.249381 -0.00169797 -0.197414 0.00820172 -0.000190738 0.391585 -0.251971 -0.0030118 
23 -0.00782013 0.0169754 -0.631914 -1.55721 0.612078 -1.56157 -0.691043 1.5202 0.638781 1.5547 0.00438697 -0.200847 -0.00934615 0.00133516 0.389677 -0.249381 -0.00169797 -0.197414 0.00820172 -0.000190738 0.391585 -0.251971 -0.0030118 
23 -0.0082016 0.0169754 -0.631914 -1.55721 0.612078 -1.55699 -0.690661 1.52059 0.638781 1.55089 0.00438697 -0.200847 -0.00934615 0.00133516 0.389677 -0.249381 -0.00169797 -0.197414 0.00820172 0.000190738 0.391585 -0.251971 -0.0030118 
23 -0.00782013 0.0173569 -0.631914 -1.55721 0.612078 -1.55318 -0.690661 1.52059 0.638781 1.54746 0.00438697 -0.200847 -0.00934615 0.00133516 0.389677 -0.249381 -0.00169797 -0.197414 0.00820172 0.000190738 0.391585 -0.251971 -0.0030118 
23 -0.0082016 0.0173569 -0.631914 -1.55759 0.611696 -1.54936 -0.69028 1.52097 0.638781 1.54402 0.00438697 -0.200847 -0.00934615 0.00133516 0.389677 -0.249381 -0.00169797 -0.197032 0.00820172 0.000190738 0.391585 -0.251971 -0.0030118 
23 -0.0082016 0.0169754 -0.631533 -1.55759 0.611696 -1.54555 -0.69028 1.52097 0.638781 1.54059 0.00438697 -0.200847 -0.00934615 0.00133516 0.389677 -0.249381 -0.00169797 -0.197414 0.00820172 0.000190738 0.391585 -0.251971 -0.0030118 
23 -0.0082016 0.0173569 -0.631533 -1.55759 0.611696 -1.54211 -0.689899 1.52097 0.638781 1.53792 0.00438697 -0.200847 -0.00934615 0.00133516 0.389677 -0.249381 -0.00169797 -0.197414 0.00820172 -0.000190738 0.391585 -0.251971 -0.0030118 
23 -0.0082016 0.0169754 -0.631533 -1.55797 0.611696 -1.53792 -0.689899 1.52135 0.638781 1.53449 0.00438697 -0.200847 -0.00934615 0.00133516 0.389677 -0.249381 -0.00169797 -0.197414 0.00820172 0.000190738 0.391585 -0.251971 -0.0030118 
23 -0.0082016 0.0173569 -0.631533 -1.55797 0.611696 -1.53487 -0.689517 1.52135 0.638781 1.53182 0.00400549 -0.200847 -0.00934615 0.00133516 0.389677 -0.249381 -0.00169797 -0.197414 0.00820172 0.000190738 0.391585 -0.251971 -0.0030118 
23 -0.0082016 0.0169754 -0.631533 -1.55797 0.611696 -1.53143 -0.689517 1.52135 0.638781 1.52876 0.00400549 -0.200847 -0.00934615 0.00133516 0.389677 -0.249381 -0.00169797 -0.197414 0.00820172 0.000190738 0.391585 -0.251971 -0.0030118 
23 -0.0082016 0.0169754 -0.631533 -1.55835 0.611696 -1.528 -0.689517 1.52135 0.638781 1.52609 0.00400549 -0.200847 -0.00934615 0.00133516 0.389677 -0.249381 -0.00169797 -0.197414 0.00820172 -0.000190738 0.391585 -0.251971 -0.0030118 
23 -0.0082016 0.0169754 -0.631533 -1.55835 0.611696 -1.52495 -0.689517 1.52135 0.638781 1.5238 0.00400549 -0.200847 -0.00934615 0.00133516 0.389677 -0.249381 -0.00169797 -0.197414 0.00820172 -0.000190738 0.391585 -0.251971 -0.0030118 
23 -0.0082016 0.0173569 -0.631533 -1.55835 0.611696 -1.52228 -0.689136 1.52173 0.638781 1.52075 0.00400549 -0.200847 -0.00934615 0.00133516 0.389677 -0.249381 -0.00169797 -0.197414 0.00820172 -0.000190738 0.391585 -0.251971 -0.0030118 
23 -0.0082016 0.0173569 -0.631533 -1.55873 0.611696 -1.51923 -0.689136 1.52173 0.638781 1.51884 0.00362402 -0.200847 -0.00934615 0.00133516 0.389677 -0.249381 -0.00169797 -0.197414 0.00820172 -0.000190738 0.391585 -0.251971 -0.0030118 
23 -0.0082016 0.0173569 -0.631914 -1.55873 0.611696 -1.51694 -0.689136 1.52173 0.638781 1.51656 0.00362402 -0.200847 -0.00934615 0.00133516 0.389677 -0.249381 -0.00169797 -0.197414 0.00820172 -0.000190738 0.391585 -0.251971 -0.0030118 
23 -0.0082016 0.0173569 -0.631914 -1.55873 0.611696 -1.51427 -0.689136 1.52173 0.638781 1.51427 0.00362402 -0.200847 -0.00934615 0.00133516 0.389677 -0.249381 -0.00169797 -0.197414 0.00820172 -0.000190738 0.391585 -0.251971 -0.0030118 
23 -0.0082016 0.0173569 -0.631914 -1.55873 0.611696 -1.51198 -0.689136 1.52173 0.638781 1.51236 0.00362402 -0.200847 -0.00934615 0.00133516 0.389677 -0.249381 -0.00169797 -0.197414 0.00820172 -0.000190738 0.391585 -0.251971 -0.0030118 
23 -0.0082016 0.0173569 -0.632296 -1.55873 0.611696 -1.51007 -0.689136 1.52173 0.638781 1.51045 0.00324254 -0.200847 -0.00934615 0.00133516 0.389677 -0.249381 -0.00169797 -0.197414 0.00820172 -0.000190738 0.391585 -0.251971 -0.0030118 
23 -0.0082016 0.0173569 -0.632296 -1.55873 0.611696 -1.50778 -0.689136 1.52173 0.638781 1.50816 0.00324254 -0.200847 -0.00934615 0.00133516 0.389677 -0.249381 -0.00169797 -0.197414 0.00820172 -0.000190738 0.391585 -0.251971 -0.0030118 
23 -0.0082016 0.0169754 -0.632677 -1.55873 0.611696 -1.50626 -0.689136 1.52173 0.638781 1.50626 0.00324254 -0.200847 -0.00934615 0.00133516 0.389677 -0.249381 -0.00169797 -0.197414 0.00820172 -0.000190738 0.391585 -0.251971 -0.0030118 
23 -0.0082016 0.0173569 -0.632677 -1.55873 0.611696 -1.50511 -0.689517 1.52173 0.638781 1.50511 0.00324254 -0.200847 -0.00934615 0.00133516 0.389677 -0.249381 -0.00169797 -0.197414 0.00820172 -0.000190738 0.391585 -0.251971 -0.0030118 
23 -0.0082016 0.0173569 -0.632677 -1.55911 0.611696 -1.5032 -0.689517 1.52173 0.638781 1.5032 0.00324254 -0.200847 -0.00934615 0.00133516 0.389677 -0.249381 -0.00169797 -0.197414 0.00820172 -0.000190738 0.391585 -0.251971 -0.0030118 
23 -0.0082016 0.0169754 -0.633059 -1.55911 0.611696 -1.50168 -0.689517 1.52173 0.638781 1.50168 0.00324254 -0.200847 -0.00934615 0.00133516 0.389677 -0.249381 -0.00169797 -0.197414 0.00820172 -0.000190738 0.391585 -0.251971 -0.0030118 
23 -0.00782013 0.0173569 -0.633059 -1.55911 0.611696 -1.50053 -0.689517 1.52173 0.638781 1.50053 0.00324254 -0.200847 -0.00934615 0.00133516 0.389677 -0.249381 -0.00169797 -0.197414 0.00820172 -0.000190738 0.391585 -0.251971 -0.0030118 
23 -0.0082016 0.0173569 -0.633059 -1.55911 0.611696 -1.49977 -0.689517 1.52173 0.638399 1.49939 0.00324254 -0.200847 -0.00934615 0.00133516 0.389677 -0.249381 -0.00169797 -0.197414 0.00820172 -0.000190738 0.391585 -0.251971 -0.0030118 
23 -0.00782013 0.0169754 -0.63344 -1.55911 0.611696 -1.49901 -0.689517 1.52173 0.638399 1.49786 0.00324254 -0.200847 -0.00934615 0.00133516 0.389677 -0.249381 -0.00169797 -0.197414 0.00820172 -0.000190738 0.391585 -0.251971 -0.0030118 
23 -0.00782013 0.0169754 -0.63344 -1.5595 0.611696 -1.49863 -0.689517 1.52173 0.638399 1.49634 0.00324254 -0.200847 -0.00934615 0.00133516 0.389677 -0.249381 -0.00169797 -0.197414 0.00820172 -0.000190738 0.391585 -0.251971 -0.0030118 
23 -0.0082016 0.0169754 -0.63344 -1.5595 0.611696 -1.49825 -0.689899 1.52135 0.638399 1.49557 0.00324254 -0.200847 -0.00934615 0.00133516 0.389677 -0.249381 -0.00169797 -0.197414 0.00820172 -0.000190738 0.391585 -0.251971 -0.0030118 
23 -0.00782013 0.0169754 -0.633822 -1.55988 0.611696 -1.49786 -0.689899 1.52135 0.638399 1.49481 0.00324254 -0.200847 -0.00934615 0.00133516 0.389677 -0.249381 -0.00169797 -0.197414 0.00820172 -0.000190738 0.391585 -0.251971 -0.0030118 
23 -0.00782013 0.0173569 -0.633822 -1.55988 0.611696 -1.49748 -0.689899 1.52135 0.638399 1.49405 0.00324254 -0.200847 -0.00934615 0.00133516 0.389677 -0.249381 -0.00169797 -0.197414 0.00820172 -0.000190738 0.391585 -0.251971 -0.0030118 
23 -0.00782013 0.0173569 -0.633822 -1.55988 0.611696 -1.49748 -0.69028 1.52173 0.638399 1.49367 0.00324254 -0.200847 -0.00934615 0.00133516 0.389677 -0.249381 -0.00169797 -0.197414 0.00820172 -0.000190738 0.391585 -0.251971 -0.0030118 
23 -0.0082016 0.0173569 -0.634203 -1.55988 0.611696 -1.49748 -0.69028 1.52173 0.638399 1.49367 0.00324254 -0.200847 -0.00934615 0.00133516 0.389677 -0.249381 -0.00169797 -0.197414 0.00820172 -0.000190738 0.391585 -0.251971 -0.0030118 
23 -0.0082016 0.0173569 -0.634203 -1.56026 0.611696 -1.49786 -0.69028 1.52173 0.638399 1.49367 0.00324254 -0.200847 -0.00934615 0.00133516 0.389677 -0.249381 -0.00169797 -0.197414 0.00820172 -0.000190738 0.391585 -0.251971 -0.0030118 
23 -0.00782013 0.0173569 -0.634585 -1.56026 0.611696 -1.49786 -0.690661 1.52173 0.638399 1.49367 0.00324254 -0.200847 -0.00934615 0.00133516 0.389677 -0.249381 -0.00169797 -0.197414 0.00820172 0.000190738 0.391585 -0.251971 -0.0030118 
23 -0.0082016 0.0173569 -0.634585 -1.56026 0.611696 -1.49825 -0.690661 1.52173 0.638399 1.49405 0.00324254 -0.200847 -0.00934615 0.00133516 0.389677 -0.249381 -0.00169797 -0.197414 0.00820172 -0.000190738 0.391585 -0.251971 -0.0030118 
23 -0.0082016 0.0173569 -0.634966 -1.56026 0.611696 -1.49863 -0.691043 1.52173 0.638399 1.49481 0.00324254 -0.200847 -0.00934615 0.00133516 0.389677 -0.249381 -0.00169797 -0.197414 0.0085832 -0.000190738 0.391585 -0.251971 -0.0030118 
23 -0.0082016 0.0169754 -0.634966 -1.56026 0.611696 -1.49901 -0.691424 1.52173 0.638399 1.49519 0.00324254 -0.200847 -0.00934615 0.00133516 0.389677 -0.249381 -0.00169797 -0.197414 0.0085832 -0.000190738 0.391585 -0.251971 -0.0030118 
23 -0.00782013 0.0169754 -0.635348 -1.56026 0.611696 -1.49977 -0.691424 1.52173 0.638399 1.49596 0.00324254 -0.200847 -0.00934615 0.00133516 0.389677 -0.249381 -0.00169797 -0.197414 0.0085832 -0.000190738 0.391585 -0.251971 -0.0030118 
23 -0.00782013 0.0169754 -0.635348 -1.56026 0.611696 -1.50053 -0.691424 1.52173 0.638399 1.49672 0.00324254 -0.200847 -0.00934615 0.00133516 0.389677 -0.249381 -0.00169797 -0.197414 0.0085832 -0.000190738 0.391585 -0.251971 -0.0030118 
23 -0.00782013 0.0169754 -0.635729 -1.56064 0.611696 -1.5013 -0.691806 1.52173 0.638399 1.49825 0.00324254 -0.200847 -0.00934615 0.00133516 0.389677 -0.249381 -0.00169797 -0.197414 0.0085832 -0.000190738 0.391585 -0.251971 -0.0030118 
23 -0.00782013 0.0169754 -0.63611 -1.56064 0.611696 -1.50244 -0.691806 1.52173 0.638018 1.49939 0.00324254 -0.200847 -0.00934615 0.00133516 0.389677 -0.249381 -0.00169797 -0.197414 0.0085832 -0.000190738 0.391585 -0.251971 -0.0030118 
23 -0.0082016 0.0169754 -0.636492 -1.56064 0.611696 -1.50435 -0.691806 1.52173 0.638018 1.50015 0.00324254 -0.200847 -0.00934615 0.00133516 0.389677 -0.249381 -0.00169797 -0.197414 0.0085832 -0.000190738 0.391585 -0.251971 -0.0030118 
23 -0.0082016 0.0169754 -0.636873 -1.56064 0.611696 -1.50549 -0.692187 1.52173 0.638018 1.5013 0.00324254 -0.200847 -0.00934615 0.00133516 0.389677 -0.249381 -0.00169797 -0.197414 0.0085832 -0.000190738 0.391585 -0.251971 -0.0030118 
23 -0.00782013 0.0173569 -0.637255 -1.56102 0.611696 -1.50664 -0.692187 1.52173 0.638018 1.50206 0.00324254 -0.200847 -0.00934615 0.00133516 0.389677 -0.249381 -0.00169797 -0.197414 0.0085832 -0.000190738 0.391585 -0.251971 -0.0030118 
23 -0.0082016 0.0173569 -0.637636 -1.56102 0.611696 -1.50816 -0.692187 1.52173 0.638018 1.50359 0.00324254 -0.200847 -0.00934615 0.00133516 0.389677 -0.249381 -0.00169797 -0.197414 0.0085832 -0.000190738 0.391585 -0.251971 -0.0030118 
23 -0.0082016 0.0173569 -0.638018 -1.56102 0.611696 -1.51007 -0.692569 1.52135 0.637636 1.50511 0.00324254 -0.200847 -0.00934615 0.00133516 0.389677 -0.249381 -0.00169797 -0.197414 0.0085832 -0.000190738 0.391585 -0.251971 -0.0030118 
23 -0.0082016 0.0173569 -0.638399 -1.56102 0.611696 -1.51198 -0.692569 1.52135 0.637636 1.50664 0.00324254 -0.200847 -0.00934615 0.00133516 0.389677 -0.249381 -0.00169797 -0.197414 0.0085832 -0.000190738 0.391585 -0.251971 -0.0030118 
23 -0.0082016 0.0173569 -0.638781 -1.56102 0.611696 -1.51389 -0.69295 1.52135 0.637636 1.50816 0.00362402 -0.200847 -0.00934615 0.00133516 0.389677 -0.249381 -0.00169797 -0.197414 0.0085832 -0.000190738 0.391585 -0.251971 -0.0030118 
23 -0.00782013 0.0173569 -0.639162 -1.56102 0.611696 -1.51579 -0.69295 1.52135 0.637636 1.51007 0.00362402 -0.200847 -0.00934615 0.00133516 0.389677 -0.249381 -0.00169797 -0.197414 0.0085832 -0.000190738 0.391585 -0.251971 -0.0030118 
23 -0.0082016 0.0173569 -0.639544 -1.56102 0.611696 -1.5177 -0.693332 1.52135 0.637636 1.51198 0.00362402 -0.200847 -0.00934615 0.00133516 0.389677 -0.249381 -0.00169797 -0.197414 0.0085832 -0.000190738 0.391585 -0.251971 -0.0030118 
23 -0.0082016 0.0169754 -0.639925 -1.56102 0.611696 -1.51961 -0.693713 1.52135 0.637636 1.51389 0.00362402 -0.200847 -0.00934615 0.00133516 0.389677 -0.249381 -0.00169797 -0.197414 0.0085832 -0.000190738 0.391585 -0.251971 -0.0030118 
23 -0.0082016 0.0169754 -0.640688 -1.56102 0.611696 -1.52228 -0.694095 1.52135 0.637255 1.51617 0.00362402 -0.200847 -0.00934615 0.00133516 0.389677 -0.249381 -0.00169797 -0.197414 0.0085832 -0.000190738 0.391585 -0.251971 -0.0030118 
23 -0.00782013 0.0169754 -0.64107 -1.56102 0.611696 -1.52457 -0.694476 1.52135 0.637255 1.51846 0.00362402 -0.200847 -0.00934615 0.00133516 0.389677 -0.249381 -0.00169797 -0.197414 0.0085832 -0.000190738 0.391585 -0.251971 -0.0030118 
23 -0.0082016 0.0169754 -0.641833 -1.56102 0.611696 -1.52647 -0.694858 1.52135 0.637255 1.52037 0.00362402 -0.200847 -0.00934615 0.00133516 0.389677 -0.249381 -0.00169797 -0.197414 0.0085832 -0.000190738 0.391585 -0.251971 -0.0030118 
23 -0.00782013 0.0169754 -0.642214 -1.56102 0.611696 -1.52953 -0.695621 1.52135 0.637255 1.52304 0.00362402 -0.200847 -0.00934615 0.00133516 0.389677 -0.249381 -0.00169797 -0.197414 0.0085832 -0.000190738 0.391585 -0.251971 -0.0030118 
23 -0.0082016 0.0169754 -0.642596 -1.56102 0.611696 -1.53182 -0.696002 1.52135 0.637255 1.52533 0.00362402 -0.200847 -0.00934615 0.00133516 0.389677 -0.249381 -0.00169797 -0.197414 0.0085832 -0.000190738 0.391585 -0.251971 -0.0030118 
23 -0.0082016 0.0173569 -0.642977 -1.56102 0.611696 -1.53449 -0.696384 1.52135 0.637255 1.52762 0.00362402 -0.200847 -0.00934615 0.00133516 0.389677 -0.249381 -0.00169797 -0.197414 0.0085832 -0.000190738 0.391585 -0.251971 -0.0030118 
23 -0.0082016 0.0173569 -0.64374 -1.56102 0.611696 -1.53716 -0.696765 1.52135 0.637255 1.53067 0.00362402 -0.200847 -0.00934615 0.00133516 0.389677 -0.249381 -0.00169797 -0.197414 0.0085832 -0.000190738 0.391585 -0.251971 -0.0030118 
23 -0.0082016 0.0169754 -0.644121 -1.56102 0.611696 -1.53983 -0.697147 1.52135 0.637255 1.53334 0.00362402 -0.200847 -0.00934615 0.00133516 0.389677 -0.249381 -0.00169797 -0.197414 0.0085832 -0.000190738 0.391585 -0.251971 -0.0030118 
23 -0.0082016 0.0169754 -0.644884 -1.56102 0.611696 -1.54288 -0.69791 1.52135 0.636873 1.53639 0.00362402 -0.200847 -0.00934615 0.00133516 0.389677 -0.249381 -0.00169797 -0.197414 0.0085832 -0.000190738 0.391585 -0.251971 -0.0030118 
23 -0.0082016 0.0173569 -0.645647 -1.56102 0.611696 -1.54555 -0.698291 1.52135 0.636873 1.53906 0.00362402 -0.200847 -0.00934615 0.00133516 0.389677 -0.249381 -0.00169797 -0.197414 0.0085832 -0.000190738 0.391585 -0.251971 -0.0030118 
23 -0.0082016 0.0173569 -0.646029 -1.56102 0.611696 -1.54898 -0.699054 1.52135 0.636873 1.54211 0.00362402 -0.200847 -0.00934615 0.00133516 0.389677 -0.249381 -0.00169797 -0.197414 0.0085832 -0.000190738 0.391585 -0.251971 -0.0030118 
23 -0.0082016 0.0169754 -0.64641 -1.56102 0.611696 -1.55165 -0.699817 1.52135 0.636873 1.54517 0.00362402 -0.200847 -0.00934615 0.00133516 0.389677 -0.249381 -0.00169797 -0.197414 0.0085832 -0.000190738 0.391585 -0.251971 -0.0030118 
23 -0.0082016 0.0169754 -0.646792 -1.56064 0.611696 -1.55509 -0.70058 1.52135 0.636873 1.5486 0.00362402 -0.200847 -0.00934615 0.00133516 0.389677 -0.249381 -0.00169797 -0.197414 0.0085832 -0.000190738 0.391585 -0.251971 -0.0030118 
23 -0.00782013 0.0169754 -0.647555 -1.56064 0.611696 -1.55814 -0.701343 1.52135 0.636873 1.55127 0.00362402 -0.200847 -0.00934615 0.00133516 0.389677 -0.249381 -0.00169797 -0.197414 0.0085832 -0.000190738 0.391585 -0.251971 -0.0030118 
23 -0.00782013 0.0169754 -0.648318 -1.56064 0.611696 -1.56157 -0.702106 1.52135 0.636873 1.5547 0.00362402 -0.200847 -0.00934615 0.00133516 0.389677 -0.249381 -0.00169797 -0.197414 0.0085832 -0.000190738 0.391585 -0.251971 -0.0030118 
23 -0.0082016 0.0169754 -0.648699 -1.56064 0.611696 -1.56462 -0.702869 1.52135 0.636492 1.55776 0.00362402 -0.200847 -0.00934615 0.00133516 0.389677 -0.249381 -0.00169797 -0.197414 0.0085832 -0.000190738 0.391585 -0.251971 -0.0030118 
23 -0.00782013 0.0173569 -0.649081 -1.56064 0.611696 -1.56844 -0.703632 1.52135 0.636492 1.56157 0.00362402 -0.200847 -0.00934615 0.00133516 0.389677 -0.249381 -0.00169797 -0.197414 0.0085832 -0.000190738 0.391585 -0.251971 -0.0030118 
23 -0.0082016 0.0169754 -0.649844 -1.56064 0.611696 -1.57187 -0.704013 1.52135 0.636492 1.56424 0.00362402 -0.200847 -0.00934615 0.00133516 0.389677 -0.249381 -0.00169797 -0.197414 0.0085832 -0.000190738 0.391585 -0.251971 -0.0030118 
23 -0.0082016 0.0169754 -0.650607 -1.56064 0.611696 -1.5753 -0.704776 1.52135 0.636492 1.56806 0.00362402 -0.200847 -0.00934615 0.00133516 0.389677 -0.249381 -0.00169797 -0.197414 0.0085832 -0.000190738 0.391585 -0.251971 -0.0030118 
23 -0.0082016 0.0169754 -0.65137 -1.56064 0.611696 -1.5795 -0.705539 1.52135 0.636492 1.57149 0.00362402 -0.200847 -0.00934615 0.00133516 0.389677 -0.249381 -0.00169797 -0.197414 0.0085832 -0.000190738 0.391585 -0.251971 -0.0030118 
23 -0.00782013 0.0173569 -0.652132 -1.56064 0.611696 -1.58255 -0.706302 1.52135 0.636492 1.5753 0.00362402 -0.200847 -0.00934615 0.00133516 0.389677 -0.249381 -0.00169797 -0.197414 0.0085832 -0.000190738 0.391585 -0.251971 -0.0030118 
23 -0.0082016 0.0169754 -0.652895 -1.56064 0.611696 -1.58675 -0.707446 1.52135 0.636492 1.57912 0.00362402 -0.200847 -0.00934615 0.00133516 0.389677 -0.249381 -0.00169797 -0.197414 0.00820172 -0.000190738 0.391585 -0.251971 -0.0030118 
23 -0.00782013 0.0169754 -0.65404 -1.56064 0.611696 -1.59056 -0.708209 1.52135 0.636492 1.58255 0.00362402 -0.200847 -0.00934615 0.00133516 0.389677 -0.249381 -0.00169797 -0.197414 0.00820172 -0.000190738 0.391585 -0.251971 -0.0030118 
23 -0.0082016 0.0169754 -0.654803 -1.56064 0.611696 -1.59438 -0.708972 1.52135 0.636492 1.58675 0.00362402 -0.200847 -0.00934615 0.00133516 0.389677 -0.249381 -0.00169797 -0.197414 0.00820172 0.000190738 0.391585 -0.251971 -0.0030118 
23 -0.0082016 0.0169754 -0.655566 -1.56064 0.611696 -1.59857 -0.709354 1.52135 0.636492 1.59018 0.00362402 -0.200847 -0.00934615 0.00133516 0.389677 -0.249381 -0.00169797 -0.197414 0.00820172 0.000190738 0.391585 -0.251971 -0.0030118 
23 -0.00782013 0.0169754 -0.656329 -1.56064 0.611696 -1.60239 -0.710117 1.52135 0.636492 1.59438 0.00362402 -0.200847 -0.00934615 0.00133516 0.389677 -0.249381 -0.00169797 -0.197414 0.00820172 0.000190738 0.391585 -0.251971 -0.0030118 
23 -0.0082016 0.0173569 -0.657473 -1.56064 0.611696 -1.6062 -0.711261 1.52135 0.636492 1.59895 0.00362402 -0.200847 -0.00934615 0.00133516 0.389677 -0.249381 -0.00169797 -0.197414 0.00820172 -0.000190738 0.391585 -0.251971 -0.0030118 
23 -0.0082016 0.0169754 -0.658236 -1.56064 0.611696 -1.61078 -0.712406 1.52135 0.636492 1.60239 0.00362402 -0.200847 -0.00934615 0.00133516 0.389677 -0.249381 -0.00169797 -0.197414 0.00820172 -0.000190738 0.391585 -0.251971 -0.0030118 
23 -0.0082016 0.0169754 -0.658999 -1.56064 0.611696 -1.6146 -0.71355 1.52135 0.636492 1.60658 0.00362402 -0.200847 -0.00934615 0.00133516 0.389677 -0.249381 -0.00169797 -0.197414 0.00820172 -0.000190738 0.391585 -0.251971 -0.0030118 
23 -0.0082016 0.0169754 -0.659762 -1.56064 0.611696 -1.61879 -0.714694 1.52135 0.636492 1.61116 0.00362402 -0.200847 -0.00934615 0.00133516 0.389677 -0.249381 -0.00169797 -0.197414 0.00820172 -0.000190738 0.391585 -0.251971 -0.0030118 
23 -0.0082016 0.0169754 -0.660525 -1.56064 0.611696 -1.62337 -0.715457 1.52135 0.636492 1.61498 0.00362402 -0.200847 -0.00934615 0.00133516 0.389677 -0.249381 -0.00169797 -0.197414 0.00820172 -0.000190738 0.391585 -0.251971 -0.0030118 
23 -0.0082016 0.0169754 -0.661288 -1.56064 0.611696 -1.62718 -0.71622 1.52135 0.636492 1.61955 0.00362402 -0.200847 -0.00934615 0.00133516 0.389677 -0.249381 -0.00169797 -0.197414 0.00820172 -0.000190738 0.391585 -0.251971 -0.0030118 
23 -0.0082016 0.0169754 -0.662051 -1.56026 0.611315 -1.63138 -0.716983 1.52135 0.636492 1.62413 0.00362402 -0.200847 -0.00934615 0.00133516 0.389677 -0.249381 -0.00169797 -0.197414 0.00820172 -0.000190738 0.391585 -0.251971 -0.0030118 
23 -0.0082016 0.0169754 -0.663195 -1.56026 0.611315 -1.63596 -0.718128 1.52135 0.636492 1.62833 0.00362402 -0.200847 -0.00934615 0.00133516 0.389677 -0.249381 -0.00169797 -0.197414 0.00820172 0.000190738 0.391585 -0.251971 -0.0030118 
23 -0.0082016 0.0169754 -0.66434 -1.56026 0.611315 -1.64054 -0.719272 1.52135 0.636492 1.63252 0.00362402 -0.200847 -0.00934615 0.00133516 0.389677 -0.249381 -0.00169797 -0.197414 0.00820172 -0.000190738 0.391585 -0.251971 -0.0030118 
23 -0.0082016 0.0169754 -0.665103 -1.56026 0.611315 -1.64473 -0.720035 1.52135 0.636492 1.63748 0.00362402 -0.200847 -0.00934615 0.00133516 0.389677 -0.249381 -0.00169797 -0.197414 0.00820172 -0.000190738 0.391585 -0.251971 -0.0030118 
23 -0.0082016 0.0169754 -0.666247 -1.56026 0.611315 -1.64931 -0.72118 1.52135 0.636492 1.64206 0.00362402 -0.200847 -0.00934615 0.00133516 0.389677 -0.249381 -0.00169797 -0.197414 0.00820172 -0.000190738 0.391585 -0.251971 -0.0030118 
23 -0.0082016 0.0169754 -0.667391 -1.56026 0.611315 -1.65389 -0.721942 1.52135 0.636492 1.64626 0.00362402 -0.200847 -0.00934615 0.00133516 0.389677 -0.249381 -0.00169797 -0.197414 0.00820172 0.000190738 0.391585 -0.251971 -0.0030118 
23 -0.0082016 0.0169754 -0.668154 -1.56026 0.611315 -1.65808 -0.723087 1.52135 0.636492 1.65084 0.00362402 -0.200847 -0.00934615 0.00133516 0.389677 -0.249381 -0.00169797 -0.197414 0.00820172 0.000190738 0.391585 -0.251971 -0.0030118 
23 -0.0082016 0.0169754 -0.669299 -1.56026 0.611315 -1.66304 -0.72385 1.52135 0.636492 1.65579 0.00362402 -0.200847 -0.00934615 0.00133516 0.389677 -0.249381 -0.00169797 -0.197414 0.00820172 -0.000190738 0.391585 -0.251971 -0.0030118 
23 -0.0082016 0.0169754 -0.670443 -1.56026 0.611315 -1.66762 -0.725376 1.52135 0.636492 1.66075 0.00362402 -0.200847 -0.00934615 0.00133516 0.389677 -0.249381 -0.00169797 -0.197414 0.00820172 -0.000190738 0.391585 -0.251971 -0.0030118 
23 -0.0082016 0.0169754 -0.671588 -1.56026 0.611315 -1.6722 -0.726902 1.52135 0.636492 1.66457 0.00362402 -0.200847 -0.00934615 0.00133516 0.389677 -0.249381 -0.00169797 -0.197414 0.00820172 -0.000190738 0.391585 -0.251971 -0.0030118 
23 -0.00782013 0.0169754 -0.672351 -1.56026 0.611315 -1.67678 -0.727665 1.52135 0.636492 1.66991 0.00362402 -0.200847 -0.00934615 0.00133516 0.389677 -0.249381 -0.00169797 -0.197414 0.00820172 -0.000190738 0.391585 -0.251971 -0.0030118 
23 -0.0082016 0.0169754 -0.673495 -1.56026 0.611315 -1.68135 -0.728809 1.52135 0.636492 1.67487 0.00362402 -0.200847 -0.00934615 0.00133516 0.389677 -0.249381 -0.00169797 -0.197414 0.00820172 -0.000190738 0.391585 -0.251971 -0.0030118 
23 -0.00782013 0.0169754 -0.674258 -1.56026 0.611315 -1.68593 -0.729572 1.52135 0.636492 1.67983 0.00362402 -0.200847 -0.00934615 0.00133516 0.389677 -0.249381 -0.00169797 -0.197414 0.00820172 -0.000190738 0.391585 -0.251971 -0.0030118 
23 -0.0082016 0.0169754 -0.675402 -1.56026 0.611315 -1.69089 -0.730716 1.52135 0.636492 1.68402 0.00362402 -0.200847 -0.00934615 0.00133516 0.389677 -0.249381 -0.00169797 -0.197414 0.00820172 0.000190738 0.391585 -0.251971 -0.0030118 
23 -0.00782013 0.0169754 -0.676547 -1.56026 0.611315 -1.69547 -0.732242 1.52135 0.636492 1.68898 0.00362402 -0.200847 -0.00934615 0.00133516 0.389677 -0.249381 -0.00169797 -0.197414 0.00820172 -0.000190738 0.391585 -0.251971 -0.0030118 
23 -0.0082016 0.0169754 -0.677691 -1.56026 0.611315 -1.70005 -0.733387 1.52135 0.636492 1.69394 0.00362402 -0.200847 -0.00934615 0.00133516 0.389677 -0.249381 -0.00169797 -0.197414 0.00820172 -0.000190738 0.391585 -0.251971 -0.0030118 
23 -0.0082016 0.0173569 -0.679217 -1.56026 0.611315 -1.70539 -0.73415 1.52135 0.636492 1.69928 0.00324254 -0.200847 -0.00934615 0.00133516 0.389677 -0.249381 -0.00169797 -0.197414 0.00820172 -0.000190738 0.391585 -0.251971 -0.0030118 
23 -0.0082016 0.0169754 -0.67998 -1.56026 0.611315 -1.70996 -0.735294 1.52135 0.636492 1.70424 0.00324254 -0.200847 -0.00934615 0.00133516 0.389677 -0.249381 -0.00169797 -0.197414 0.00820172 -0.000190738 0.391585 -0.251971 -0.0030118 
23 -0.00782013 0.0169754 -0.681125 -1.56026 0.611315 -1.71454 -0.736439 1.52135 0.636492 1.70882 0.00324254 -0.200847 -0.00934615 0.00133516 0.389677 -0.249381 -0.00169797 -0.197414 0.00820172 -0.000190738 0.391585 -0.251971 -0.0030118 
23 -0.00782013 0.0169754 -0.682651 -1.56026 0.611315 -1.7195 -0.737964 1.52135 0.636492 1.71378 0.00324254 -0.200847 -0.00934615 0.00133516 0.389677 -0.249381 -0.00169797 -0.197414 0.00820172 -0.000190738 0.391585 -0.251971 -0.0030118 
23 -0.0082016 0.0169754 -0.683795 -1.56026 0.611315 -1.72446 -0.739109 1.52135 0.636492 1.71874 0.00324254 -0.200847 -0.00934615 0.00133516 0.389677 -0.249381 -0.00169797 -0.197414 0.00820172 -0.000190738 0.391585 -0.251971 -0.0030118 
23 -0.0082016 0.0173569 -0.684939 -1.56026 0.611315 -1.72942 -0.740253 1.52135 0.636873 1.72408 0.00324254 -0.200847 -0.00934615 0.00133516 0.389677 -0.249381 -0.00169797 -0.197414 0.00820172 -0.000190738 0.391585 -0.251971 -0.0030118 
23 -0.0082016 0.0169754 -0.686084 -1.56026 0.611315 -1.73438 -0.741398 1.52135 0.636873 1.72942 0.00324254 -0.200847 -0.00934615 0.00133516 0.389677 -0.249381 -0.00169797 -0.197414 0.00820172 -0.000190738 0.391585 -0.251971 -0.0030118 
23 -0.0082016 0.0169754 -0.687228 -1.56026 0.611315 -1.73896 -0.742542 1.52135 0.636873 1.73438 0.00324254 -0.200847 -0.00934615 0.00133516 0.389677 -0.249381 -0.00169797 -0.197414 0.00820172 -0.000190738 0.391585 -0.251971 -0.0030118 
23 -0.0082016 0.0169754 -0.688373 -1.56026 0.611315 -1.74392 -0.743687 1.52173 0.636873 1.73896 0.00324254 -0.200847 -0.00934615 0.00133516 0.389677 -0.249381 -0.00169797 -0.197414 0.00820172 -0.000190738 0.391585 -0.251971 -0.0030118 
23 -0.0082016 0.0169754 -0.689517 -1.56026 0.611696 -1.74887 -0.745212 1.52173 0.636873 1.7443 0.00324254 -0.200847 -0.00934615 0.00133516 0.389677 -0.249381 -0.00169797 -0.197032 0.00820172 -0.000190738 0.391585 -0.251971 -0.0030118 
23 -0.0082016 0.0169754 -0.691043 -1.56026 0.611696 -1.75422 -0.746357 1.52173 0.637255 1.74964 0.00324254 -0.200847 -0.00934615 0.00133516 0.389677 -0.249381 -0.00169797 -0.197032 0.00820172 -0.000190738 0.391585 -0.251971 -0.0030118 
23 -0.0082016 0.0169754 -0.692187 -1.56026 0.611696 -1.75841 -0.747501 1.52173 0.637255 1.75498 0.00324254 -0.200847 -0.00934615 0.00133516 0.389677 -0.249381 -0.00169797 -0.197032 0.00820172 -0.000190738 0.391585 -0.251971 -0.0030118 
23 -0.0082016 0.0169754 -0.693332 -1.56026 0.611696 -1.76337 -0.748264 1.52173 0.637255 1.76032 0.00324254 -0.200847 -0.00934615 0.00133516 0.389677 -0.249381 -0.00169797 -0.197032 0.00820172 -0.000190738 0.391585 -0.251971 -0.0030118 
23 -0.0082016 0.0169754 -0.695239 -1.56026 0.611696 -1.76833 -0.74979 1.52173 0.637636 1.7649 0.00324254 -0.200847 -0.00934615 0.00133516 0.389677 -0.249381 -0.00169797 -0.197032 0.00820172 -0.000190738 0.391585 -0.251971 -0.0030118 
23 -0.0082016 0.0169754 -0.696384 -1.56026 0.611696 -1.77329 -0.751316 1.52173 0.637636 1.76986 0.00324254 -0.200847 -0.00934615 0.00133516 0.389677 -0.249381 -0.00169797 -0.197414 0.00820172 -0.000190738 0.391585 -0.251971 -0.0030118 
23 -0.0082016 0.0173569 -0.697528 -1.56064 0.611696 -1.77825 -0.752461 1.52211 0.637636 1.7752 0.00324254 -0.200847 -0.00934615 0.00133516 0.389677 -0.249381 -0.00169797 -0.197032 0.00820172 -0.000190738 0.391585 -0.251971 -0.0030118 
23 -0.0082016 0.0169754 -0.698672 -1.56064 0.611696 -1.78283 -0.753605 1.52211 0.638018 1.78054 0.00324254 -0.200847 -0.00934615 0.00133516 0.389677 -0.249381 -0.00169797 -0.197414 0.00820172 -0.000190738 0.391585 -0.251971 -0.0030118 
23 -0.0082016 0.0173569 -0.699817 -1.56064 0.612078 -1.7874 -0.754749 1.52211 0.638018 1.78588 0.00324254 -0.200847 -0.00934615 0.00133516 0.389677 -0.249381 -0.00169797 -0.197032 0.00820172 -0.000190738 0.391585 -0.251971 -0.0030118 
23 -0.0082016 0.0169754 -0.701343 -1.56064 0.612078 -1.79236 -0.756275 1.52249 0.638018 1.79084 0.00324254 -0.200847 -0.00934615 0.00133516 0.389677 -0.249381 -0.00169797 -0.197032 0.00820172 -0.000190738 0.391585 -0.251971 -0.0030118 
23 -0.0082016 0.0169754 -0.702869 -1.56064 0.612078 -1.79732 -0.75742 1.52249 0.638399 1.7958 0.00324254 -0.200847 -0.00934615 0.00133516 0.389677 -0.249381 -0.00169797 -0.197032 0.00820172 -0.000190738 0.391585 -0.251971 -0.0030118 
23 -0.0082016 0.0169754 -0.704395 -1.56064 0.612078 -1.8019 -0.758564 1.52249 0.638399 1.80076 0.00362402 -0.200847 -0.00934615 0.00133516 0.389677 -0.249381 -0.00169797 -0.197414 0.00820172 -0.000190738 0.391585 -0.251971 -0.0030118 
23 -0.0082016 0.0169754 -0.705539 -1.56064 0.612459 -1.80648 -0.759327 1.52287 0.638399 1.8061 0.00362402 -0.200847 -0.00934615 0.00133516 0.389677 -0.249381 -0.00169797 -0.197414 0.00820172 -0.000190738 0.391585 -0.251971 -0.0030118 
23 -0.0082016 0.0169754 -0.707065 -1.56064 0.612459 -1.81144 -0.760472 1.52287 0.638399 1.81144 0.00362402 -0.200847 -0.00934615 0.00133516 0.389677 -0.249381 -0.00169797 -0.197414 0.00820172 -0.000190738 0.391585 -0.251971 -0.0030118 
23 -0.0082016 0.0173569 -0.708209 -1.56102 0.612459 -1.8164 -0.761997 1.52326 0.638399 1.81678 0.00362402 -0.200847 -0.00934615 0.00133516 0.389677 -0.249381 -0.00169797 -0.197414 0.00820172 -0.000190738 0.391585 -0.251971 -0.0030118 
23 -0.0082016 0.0173569 -0.709735 -1.56102 0.61284 -1.82097 -0.763523 1.52326 0.638781 1.82174 0.00362402 -0.200847 -0.00934615 0.00133516 0.389677 -0.249381 -0.00169797 -0.197414 0.00820172 -0.000190738 0.391585 -0.251971 -0.0030118 
23 -0.0082016 0.0169754 -0.711261 -1.56102 0.61284 -1.82555 -0.764668 1.52364 0.638781 1.82631 0.00362402 -0.200847 -0.00934615 0.00133516 0.389677 -0.249381 -0.00169797 -0.197414 0.00820172 -0.000190738 0.391585 -0.251971 -0.0030118 
23 -0.0082016 0.0169754 -0.712406 -1.56102 0.613222 -1.83013 -0.765431 1.52402 0.638781 1.83165 0.00362402 -0.200847 -0.00934615 0.00133516 0.389677 -0.249381 -0.00169797 -0.197414 0.00820172 -0.000190738 0.391585 -0.251971 -0.0030118 
23 -0.0082016 0.0173569 -0.713932 -1.56102 0.613222 -1.83509 -0.766575 1.5244 0.638781 1.83661 0.00362402 -0.200847 -0.00934615 0.00133516 0.389677 -0.249381 -0.00169797 -0.197414 0.00820172 -0.000190738 0.391585 -0.251971 -0.0030118 
23 -0.0082016 0.0169754 -0.715076 -1.56102 0.613603 -1.83928 -0.76772 1.52478 0.638781 1.84195 0.00362402 -0.200847 -0.00934615 0.00133516 0.389677 -0.249381 -0.00169797 -0.197414 0.00820172 -0.000190738 0.391585 -0.251971 -0.0030118 
23 -0.0082016 0.0169754 -0.716602 -1.5614 0.613603 -1.84386 -0.769245 1.52554 0.638781 1.84691 0.00362402 -0.200847 -0.00934615 0.00133516 0.389677 -0.249381 -0.00169797 -0.197414 0.00820172 -0.000190738 0.391585 -0.251971 -0.0030118 
23 -0.0082016 0.0169754 -0.718128 -1.5614 0.613985 -1.84844 -0.77039 1.52631 0.639162 1.85149 0.00362402 -0.200847 -0.00934615 0.00133516 0.389677 -0.249381 -0.00169797 -0.197414 0.00820172 -0.000190738 0.391585 -0.251971 -0.0030118 
23 -0.0082016 0.0173569 -0.719654 -1.5614 0.613985 -1.85302 -0.771153 1.52707 0.639162 1.85645 0.00362402 -0.200847 -0.00934615 0.00133516 0.389677 -0.249381 -0.00169797 -0.197414 0.00820172 -0.000190738 0.391585 -0.251971 -0.0030118 
23 -0.0082016 0.0173569 -0.72118 -1.5614 0.614366 -1.85721 -0.772297 1.52745 0.639162 1.86141 0.00362402 -0.200847 -0.00934615 0.00133516 0.389677 -0.249381 -0.00169797 -0.197414 0.00820172 -0.000190738 0.391585 -0.251971 -0.0030118 
23 -0.0082016 0.0169754 -0.722705 -1.5614 0.614366 -1.86141 -0.77306 1.52783 0.639162 1.86675 0.00400549 -0.200847 -0.00934615 0.00133516 0.389677 -0.249381 -0.00169797 -0.197414 0.00820172 -0.000190738 0.391585 -0.251971 -0.0030118 
23 -0.0082016 0.0169754 -0.72385 -1.5614 0.614748 -1.86599 -0.774205 1.52821 0.639162 1.87095 0.00400549 -0.200847 -0.00934615 0.00133516 0.389677 -0.249381 -0.00169797 -0.197414 0.00820172 -0.000190738 0.391585 -0.251971 -0.0030118 
23 -0.0082016 0.0169754 -0.725376 -1.56178 0.614748 -1.8698 -0.775731 1.52898 0.639162 1.87552 0.00400549 -0.200847 -0.00934615 0.00133516 0.389677 -0.249381 -0.00169797 -0.197414 0.00820172 -0.000190738 0.391585 -0.251971 -0.0030118 
23 -0.0082016 0.0169754 -0.726902 -1.56178 0.614748 -1.87438 -0.776875 1.52974 0.639162 1.88087 0.00400549 -0.200847 -0.00934615 0.00133516 0.389677 -0.249381 -0.00169797 -0.197414 0.00820172 -0.000190738 0.391585 -0.251971 -0.0030118 
23 -0.00782013 0.0169754 -0.728046 -1.56178 0.615129 -1.87858 -0.778019 1.53012 0.639162 1.88544 0.00400549 -0.200847 -0.00934615 0.00133516 0.389677 -0.249381 -0.00169797 -0.197414 0.00820172 -0.000190738 0.391585 -0.251971 -0.0030118 
23 -0.0082016 0.0169754 -0.729572 -1.56178 0.615129 -1.88239 -0.778782 1.53127 0.639162 1.89002 0.00438697 -0.200847 -0.00934615 0.00133516 0.389677 -0.249381 -0.00169797 -0.197414 0.00820172 -0.000190738 0.391585 -0.251971 -0.0030118 
23 -0.0082016 0.0169754 -0.730716 -1.56178 0.615129 -1.88659 -0.779927 1.53241 0.639162 1.89422 0.00438697 -0.200847 -0.00934615 0.00133516 0.389677 -0.249381 -0.00169797 -0.197414 0.00820172 -0.000190738 0.391585 -0.251971 -0.0030118 
23 -0.0082016 0.0173569 -0.732624 -1.56178 0.615511 -1.8904 -0.78069 1.53356 0.639162 1.89918 0.00438697 -0.200847 -0.00934615 0.00133516 0.389677 -0.249381 -0.00169797 -0.197414 0.0085832 -0.000190738 0.391585 -0.251971 -0.0030118 
23 -0.0082016 0.0173569 -0.733768 -1.56217 0.615511 -1.89422 -0.781834 1.53394 0.639162 1.90375 0.00476844 -0.200847 -0.00934615 0.00133516 0.389677 -0.249381 -0.00169797 -0.197414 0.0085832 -0.000190738 0.391585 -0.251971 -0.0030118 
23 -0.0082016 0.0173569 -0.735294 -1.56217 0.615511 -1.89803 -0.782979 1.5347 0.639162 1.90795 0.00476844 -0.200847 -0.00934615 0.00133516 0.389677 -0.249381 -0.00169797 -0.197414 0.0085832 -0.000190738 0.391585 -0.251971 -0.0030118 
23 -0.0082016 0.0173569 -0.736439 -1.56217 0.615511 -1.90185 -0.783742 1.53508 0.639162 1.91215 0.00476844 -0.200847 -0.00934615 0.00133516 0.389677 -0.249381 -0.00169797 -0.197414 0.0085832 -0.000190738 0.391585 -0.251971 -0.0030118 
23 -0.0082016 0.0169754 -0.737964 -1.56217 0.615892 -1.90528 -0.784504 1.53584 0.639162 1.91672 0.00514992 -0.200847 -0.00934615 0.00133516 0.389677 -0.249381 -0.00169797 -0.197414 0.0085832 -0.000190738 0.391585 -0.251971 -0.0030118 
23 -0.0082016 0.0169754 -0.73949 -1.56255 0.615892 -1.90948 -0.785267 1.53623 0.639544 1.92092 0.00514992 -0.200847 -0.00934615 0.00133516 0.389677 -0.249381 -0.00169797 -0.197414 0.0085832 -0.000190738 0.391585 -0.251971 -0.0030118 
23 -0.0082016 0.0169754 -0.741016 -1.56255 0.615892 -1.91291 -0.78603 1.53699 0.639162 1.92512 0.00514992 -0.200847 -0.00934615 0.00133516 0.389677 -0.249381 -0.00169797 -0.197414 0.0085832 -0.000190738 0.391585 -0.251971 -0.0030118 
23 -0.0082016 0.0173569 -0.742161 -1.56293 0.615892 -1.91672 -0.786793 1.53813 0.639162 1.92931 0.00514992 -0.200847 -0.00934615 0.00133516 0.389677 -0.249381 -0.00169797 -0.197414 0.0085832 -0.000190738 0.391585 -0.251971 -0.0030118 
23 -0.0082016 0.0173569 -0.743687 -1.56293 0.615892 -1.91978 -0.787938 1.5389 0.639544 1.93389 0.00514992 -0.200847 -0.00934615 0.00133516 0.389677 -0.249381 -0.00169797 -0.197414 0.0085832 -0.000190738 0.391585 -0.251971 -0.0030118 
23 -0.0082016 0.0169754 -0.745594 -1.56331 0.615892 -1.92359 -0.789082 1.53966 0.639544 1.93771 0.00514992 -0.200847 -0.00934615 0.00133516 0.389677 -0.249381 -0.00169797 -0.197414 0.0085832 -0.000190738 0.391585 -0.251971 -0.0030118 
23 -0.00782013 0.0173569 -0.746738 -1.56331 0.615892 -1.92664 -0.789845 1.54042 0.639544 1.9419 0.00514992 -0.200847 -0.00934615 0.00133516 0.389677 -0.249381 -0.00169797 -0.197414 0.0085832 0.000190738 0.391585 -0.251971 -0.0030118 
23 -0.0082016 0.0173569 -0.748264 -1.56369 0.615892 -1.93008 -0.790608 1.54118 0.639544 1.94533 0.00514992 -0.200847 -0.00934615 0.00133516 0.389677 -0.249381 -0.00169797 -0.197414 0.0085832 -0.000190738 0.391585 -0.251971 -0.0030118 
23 -0.0082016 0.0173569 -0.749409 -1.56407 0.616274 -1.93313 -0.791371 1.54195 0.639544 1.94953 0.00514992 -0.200847 -0.00934615 0.00133516 0.389677 -0.249381 -0.00169797 -0.197414 0.0085832 -0.000190738 0.391585 -0.251971 -0.0030118 
23 -0.0082016 0.0173569 -0.750935 -1.56407 0.616274 -1.93656 -0.792134 1.54271 0.639925 1.95373 0.00514992 -0.200847 -0.00934615 0.00133516 0.389677 -0.249381 -0.00169797 -0.197414 0.0085832 -0.000190738 0.391585 -0.251971 -0.0030118 
23 -0.0082016 0.0169754 -0.752461 -1.56445 0.616274 -1.93961 -0.792515 1.54347 0.639925 1.95716 0.00476844 -0.200847 -0.00934615 0.00133516 0.389677 -0.249381 -0.00169797 -0.197414 0.0085832 -0.000190738 0.391585 -0.251971 -0.0030118 
23 -0.00782013 0.0173569 -0.753986 -1.56484 0.616274 -1.94266 -0.79366 1.545 0.640307 1.96098 0.00514992 -0.200847 -0.00934615 0.00133516 0.389677 -0.249381 -0.00169797 -0.197414 0.0085832 -0.000190738 0.391585 -0.251971 -0.0030118 
23 -0.0082016 0.0173569 -0.755131 -1.56522 0.616274 -1.94533 -0.794423 1.54614 0.640307 1.96403 0.00514992 -0.200847 -0.00934615 0.00133516 0.389677 -0.249381 -0.00169797 -0.197414 0.0085832 -0.000190738 0.391585 -0.251971 -0.0030118 
23 -0.0082016 0.0169754 -0.756657 -1.56522 0.616274 -1.94877 -0.795186 1.54653 0.640688 1.96784 0.00514992 -0.200847 -0.00934615 0.00133516 0.389677 -0.249381 -0.00169797 -0.197414 0.0085832 -0.000190738 0.391585 -0.251971 -0.0030118 
23 -0.0082016 0.0169754 -0.758183 -1.5656 0.616655 -1.95144 -0.795949 1.54729 0.64107 1.97127 0.00514992 -0.200847 -0.00934615 0.00133516 0.389677 -0.249381 -0.00169797 -0.197414 0.0085832 -0.000190738 0.391585 -0.251971 -0.0030118 
23 -0.0082016 0.0169754 -0.759327 -1.56598 0.616655 -1.95411 -0.79633 1.54767 0.64107 1.97471 0.00514992 -0.200847 -0.00934615 0.00133516 0.389677 -0.249381 -0.00169797 -0.197414 0.0085832 -0.000190738 0.391585 -0.251971 -0.0030118 
23 -0.00782013 0.0173569 -0.760853 -1.56636 0.616655 -1.95678 -0.797093 1.54805 0.641451 1.97814 0.00514992 -0.200847 -0.00934615 0.00133516 0.389677 -0.249381 -0.00169797 -0.197414 0.0085832 -0.000190738 0.391585 -0.251971 -0.0030118 
23 -0.0082016 0.0173569 -0.761997 -1.56674 0.616655 -1.95983 -0.797475 1.54843 0.641451 1.98081 0.00514992 -0.200847 -0.00934615 0.00133516 0.389677 -0.249381 -0.00169797 -0.197414 0.0085832 -0.000190738 0.391585 -0.251971 -0.0030118 
23 -0.00782013 0.0169754 -0.763142 -1.56713 0.616655 -1.96212 -0.798238 1.54881 0.641833 1.98463 0.00514992 -0.200847 -0.00934615 0.00133516 0.389677 -0.249381 -0.00169797 -0.197414 0.0085832 -0.000190738 0.391585 -0.251971 -0.0030118 
23 -0.0082016 0.0169754 -0.764668 -1.56751 0.616655 -1.96479 -0.799001 1.54958 0.642214 1.9873 0.00514992 -0.200847 -0.00934615 0.00133516 0.389677 -0.249381 -0.00169797 -0.197414 0.0085832 -0.000190738 0.391585 -0.251971 -0.0030118 
23 -0.0082016 0.0173569 -0.765812 -1.56789 0.616655 -1.96708 -0.799764 1.55072 0.642596 1.99035 0.00514992 -0.200847 -0.00934615 0.00133516 0.389677 -0.249381 -0.00169797 -0.197414 0.0085832 -0.000190738 0.391585 -0.251971 -0.0030118 
23 -0.0082016 0.0169754 -0.766957 -1.56827 0.616655 -1.96937 -0.800526 1.55187 0.642596 1.99302 0.00514992 -0.200847 -0.00934615 0.00133516 0.389677 -0.249381 -0.00169797 -0.197414 0.0085832 -0.000190738 0.391585 -0.251971 -0.0030118 
23 -0.00782013 0.0169754 -0.768101 -1.56865 0.616655 -1.97204 -0.801289 1.55225 0.642977 1.99607 0.00514992 -0.200847 -0.00934615 0.00133516 0.389677 -0.249381 -0.00169797 -0.197414 0.0085832 -0.000190738 0.391585 -0.251971 -0.0030118 
23 -0.00782013 0.0169754 -0.769627 -1.56941 0.617037 -1.97395 -0.801671 1.55301 0.64374 1.99912 0.00514992 -0.200847 -0.00934615 0.00133516 0.389677 -0.249381 -0.00169797 -0.197414 0.0085832 -0.000190738 0.391585 -0.251971 -0.0030118 
23 -0.0082016 0.0169754 -0.770771 -1.57018 0.617037 -1.97585 -0.802434 1.55339 0.644121 2.00141 0.00514992 -0.200847 -0.00934615 0.00133516 0.389677 -0.249381 -0.00169797 -0.197414 0.0085832 -0.000190738 0.391585 -0.251971 -0.0030118 
23 -0.0082016 0.0173569 -0.771916 -1.57056 0.617037 -1.97852 -0.802815 1.55415 0.644503 2.00446 0.00514992 -0.200847 -0.00934615 0.00133516 0.389677 -0.249381 -0.00169797 -0.197414 0.0085832 -0.000190738 0.391585 -0.251971 -0.0030118 
23 -0.0082016 0.0169754 -0.77306 -1.57094 0.617037 -1.98005 -0.803578 1.55492 0.644884 2.00637 0.00514992 -0.200847 -0.00934615 0.00133516 0.389677 -0.249381 -0.00169797 -0.197414 0.0085832 -0.000190738 0.391585 -0.251971 -0.0030118 
23 -0.0082016 0.0173569 -0.773823 -1.57132 0.617037 -1.98196 -0.80396 1.5553 0.645266 2.00942 0.00514992 -0.200847 -0.00934615 0.00133516 0.389677 -0.249381 -0.00169797 -0.197414 0.0085832 -0.000190738 0.391585 -0.251971 -0.0030118 
23 -0.0082016 0.0173569 -0.774586 -1.5717 0.617037 -1.98425 -0.804723 1.55644 0.646029 2.01171 0.00514992 -0.200847 -0.00934615 0.00133516 0.389677 -0.249381 -0.00169797 -0.197414 0.0085832 -0.000190738 0.391585 -0.251971 -0.0030118 
23 -0.0082016 0.0169754 -0.775731 -1.57208 0.617418 -1.98615 -0.805104 1.55797 0.646792 2.01362 0.00514992 -0.200847 -0.00934615 0.00133516 0.389677 -0.249381 -0.00169797 -0.197414 0.0085832 -0.000190738 0.391585 -0.251971 -0.0030118 
23 -0.0082016 0.0173569 -0.776493 -1.57247 0.617418 -1.98768 -0.805867 1.55835 0.647555 2.01629 0.00514992 -0.200847 -0.00934615 0.00133516 0.389677 -0.249381 -0.00169797 -0.197414 0.0085832 -0.000190738 0.391585 -0.251971 -0.0030118 
23 -0.0082016 0.0173569 -0.777638 -1.57285 0.617418 -1.98959 -0.80663 1.55911 0.648318 2.0182 0.00514992 -0.200847 -0.00934615 0.00133516 0.389677 -0.249381 -0.00169797 -0.197414 0.0085832 -0.000190738 0.391585 -0.251971 -0.0030118 
23 -0.0082016 0.0169754 -0.778401 -1.57323 0.6178 -1.99149 -0.807012 1.55911 0.649081 2.0201 0.00514992 -0.200847 -0.00934615 0.00133516 0.389677 -0.249381 -0.00169797 -0.197414 0.00820172 -0.000190738 0.391585 -0.251971 -0.0030118 
23 -0.00782013 0.0169754 -0.779545 -1.57361 0.618181 -1.99264 -0.807393 1.5595 0.649844 2.02277 0.00514992 -0.200847 -0.00934615 0.00133516 0.389677 -0.249381 -0.00169797 -0.197414 0.0085832 -0.000190738 0.391585 -0.251971 -0.0030118 
23 -0.0082016 0.0173569 -0.779927 -1.57361 0.618181 -1.99416 -0.807774 1.5595 0.650225 2.0243 0.00514992 -0.200847 -0.00934615 0.00133516 0.389677 -0.249381 -0.00169797 -0.197414 0.0085832 -0.000190738 0.391585 -0.251971 -0.0030118 
23 -0.0082016 0.0169754 -0.78069 -1.57399 0.618563 -1.99607 -0.808156 1.55988 0.650988 2.02583 0.00514992 -0.200847 -0.00934615 0.00133516 0.389677 -0.249381 -0.00169797 -0.197414 0.0085832 -0.000190738 0.391585 -0.251971 -0.0030118 
23 -0.0082016 0.0173569 -0.781453 -1.57399 0.618944 -1.9976 -0.808537 1.55988 0.65137 2.02773 0.00514992 -0.200847 -0.00934615 0.00133516 0.389677 -0.249381 -0.00169797 -0.197414 0.00820172 -0.000190738 0.391585 -0.251971 -0.0030118 
23 -0.00782013 0.0169754 -0.782216 -1.57437 0.619326 -1.99874 -0.808919 1.56026 0.652132 2.02926 0.00514992 -0.200847 -0.00934615 0.00133516 0.389677 -0.249381 -0.00169797 -0.197414 0.0085832 -0.000190738 0.391585 -0.251971 -0.0030118 
23 -0.0082016 0.0169754 -0.782979 -1.57437 0.619326 -1.99989 -0.8093 1.56026 0.652514 2.0304 0.00514992 -0.200847 -0.00934615 0.00133516 0.389677 -0.249381 -0.00169797 -0.197414 0.00820172 -0.000190738 0.391585 -0.251971 -0.0030118 
23 -0.0082016 0.0169754 -0.78336 -1.57437 0.619707 -2.00141 -0.809682 1.56064 0.652895 2.03155 0.00514992 -0.200847 -0.00934615 0.00133516 0.389677 -0.249381 -0.00169797 -0.197414 0.00820172 -0.000190738 0.391585 -0.251971 -0.0030118 
23 -0.00782013 0.0169754 -0.783742 -1.57475 0.620089 -2.00294 -0.809682 1.56064 0.653277 2.03269 0.00514992 -0.200847 -0.00934615 0.00133516 0.389677 -0.249381 -0.00169797 -0.197414 0.00820172 -0.000190738 0.391585 -0.251971 -0.0030118 
23 -0.0082016 0.0169754 -0.784504 -1.57475 0.62047 -2.00408 -0.810063 1.56064 0.653658 2.0346 0.00514992 -0.200847 -0.00934615 0.00133516 0.389677 -0.249381 -0.00169797 -0.197414 0.00820172 -0.000190738 0.391585 -0.251971 -0.0030118 
23 -0.0082016 0.0169754 -0.785267 -1.57475 0.620851 -2.00523 -0.810445 1.56102 0.653658 2.03574 0.00514992 -0.200847 -0.00934615 0.00133516 0.389677 -0.249381 -0.00169797 -0.197414 0.00820172 -0.000190738 0.391585 -0.251971 -0.0030118 
23 -0.0082016 0.0169754 -0.785649 -1.57514 0.621614 -2.00637 -0.810826 1.56102 0.653658 2.03651 0.00514992 -0.200847 -0.00934615 0.00133516 0.389677 -0.249381 -0.00169797 -0.197414 0.00820172 -0.000190738 0.391585 -0.251971 -0.0030118 
23 -0.0082016 0.0169754 -0.78603 -1.57514 0.621996 -2.00751 -0.810826 1.5614 0.65404 2.03727 0.00514992 -0.200847 -0.00934615 0.00133516 0.389677 -0.249381 -0.00169797 -0.197414 0.00820172 -0.000190738 0.391585 -0.251971 -0.0030118 
23 -0.0082016 0.0169754 -0.786412 -1.57514 0.622377 -2.00904 -0.811208 1.5614 0.65404 2.03803 0.00514992 -0.200847 -0.00934615 0.00133516 0.389677 -0.249381 -0.00169797 -0.197414 0.00820172 -0.000190738 0.391585 -0.251971 -0.0030118 
23 -0.0082016 0.0169754 -0.787175 -1.57514 0.622759 -2.0098 -0.811589 1.5614 0.654421 2.0388 0.00514992 -0.200847 -0.00934615 0.00133516 0.389677 -0.249381 -0.00169797 -0.197414 0.00820172 -0.000190738 0.391585 -0.251971 -0.0030118 
23 -0.0082016 0.0173569 -0.787556 -1.57514 0.623522 -2.01095 -0.811971 1.5614 0.654421 2.03956 0.00514992 -0.200847 -0.00934615 0.00133516 0.389677 -0.249381 -0.00169797 -0.197414 0.00820172 -0.000190738 0.391585 -0.251971 -0.0030118 
23 -0.0082016 0.0173569 -0.787938 -1.57514 0.623903 -2.01171 -0.812352 1.5614 0.654421 2.04032 0.00514992 -0.200847 -0.00934615 0.00133516 0.389677 -0.249381 -0.00169797 -0.197414 0.00820172 -0.000190738 0.391585 -0.251971 -0.0030118 
23 -0.0082016 0.0169754 -0.788319 -1.57514 0.624285 -2.01286 -0.812734 1.5614 0.654803 2.04109 0.00514992 -0.200847 -0.00934615 0.00133516 0.389677 -0.249381 -0.00169797 -0.197414 0.00820172 -0.000190738 0.391585 -0.251971 -0.0030118 
23 -0.0082016 0.0173569 -0.788701 -1.57475 0.624666 -2.01362 -0.813115 1.5614 0.654803 2.04147 0.00514992 -0.200847 -0.00934615 0.00133516 0.389677 -0.249381 -0.00169797 -0.197414 0.00820172 -0.000190738 0.391585 -0.251971 -0.0030118 
23 -0.0082016 0.0173569 -0.789082 -1.57475 0.625429 -2.01476 -0.813497 1.5614 0.654803 2.04185 0.00514992 -0.200847 -0.00934615 0.00133516 0.389677 -0.249381 -0.00169797 -0.197414 0.00820172 -0.000190738 0.391585 -0.251971 -0.0030118 
23 -0.0082016 0.0173569 -0.789464 -1.57475 0.625811 -2.01553 -0.813878 1.5614 0.654803 2.04261 0.00514992 -0.200847 -0.00934615 0.00133516 0.389677 -0.249381 -0.00169797 -0.197414 0.00820172 0.000190738 0.391585 -0.251971 -0.0030118 
23 -0.0082016 0.0173569 -0.789845 -1.57475 0.626192 -2.01629 -0.81426 1.5614 0.655184 2.04299 0.00514992 -0.200847 -0.00934615 0.00133516 0.389677 -0.249381 -0.00169797 -0.197414 0.00820172 -0.000190738 0.391585 -0.251971 -0.0030118 
23 -0.0082016 0.0169754 -0.790227 -1.57475 0.626574 -2.01705 -0.81426 1.5614 0.655184 2.04299 0.00514992 -0.200847 -0.00934615 0.00133516 0.389677 -0.249381 -0.00169797 -0.197414 0.00820172 0.000190738 0.391585 -0.251971 -0.0030118 
23 -0.0082016 0.0169754 -0.790608 -1.57475 0.626955 -2.01781 -0.81426 1.5614 0.655184 2.04337 0.00514992 -0.200847 -0.00934615 0.00133516 0.389677 -0.249381 -0.00169797 -0.197414 0.00820172 0.000190738 0.391585 -0.251971 -0.0030118 
23 -0.0082016 0.0169754 -0.79099 -1.57475 0.627337 -2.0182 -0.814641 1.5614 0.655184 2.04376 0.00514992 -0.200847 -0.00934615 0.00133516 0.389677 -0.249381 -0.00169797 -0.197414 0.00820172 -0.000190738 0.391585 -0.251971 -0.0030118 
23 -0.0082016 0.0169754 -0.79099 -1.57475 0.627718 -2.01858 -0.814641 1.5614 0.655184 2.04376 0.00514992 -0.200847 -0.00934615 0.00133516 0.389677 -0.249381 -0.00169797 -0.197414 0.00820172 -0.000190738 0.391585 -0.251971 -0.0030118 
23 -0.0082016 0.0169754 -0.791371 -1.57475 0.6281 -2.01858 -0.814641 1.5614 0.655184 2.04376 0.00514992 -0.200847 -0.00934615 0.00133516 0.389677 -0.249381 -0.00169797 -0.197414 0.00820172 -0.000190738 0.391585 -0.251971 -0.0030118 
23 -0.00782013 0.0169754 -0.791371 -1.57475 0.6281 -2.01858 -0.814641 1.56102 0.655566 2.04414 0.00514992 -0.200847 -0.00934615 0.00133516 0.389677 -0.249381 -0.00169797 -0.197414 0.00820172 -0.000190738 0.391585 -0.251971 -0.0030118 
23 -0.00782013 0.0169754 -0.791371 -1.57475 0.628481 -2.01896 -0.814641 1.56102 0.655566 2.04414 0.00514992 -0.200847 -0.00934615 0.00133516 0.389677 -0.249381 -0.00169797 -0.197414 0.00820172 -0.000190738 0.391585 -0.251971 -0.0030118 
23 -0.0082016 0.0169754 -0.791371 -1.57475 0.628862 -2.01896 -0.814641 1.56102 0.655566 2.04414 0.00514992 -0.200847 -0.00934615 0.00133516 0.389677 -0.249381 -0.00169797 -0.197414 0.00820172 -0.000190738 0.391585 -0.251971 -0.0030118 
23 -0.0082016 0.0169754 -0.791753 -1.57475 0.628862 -2.01858 -0.814641 1.56102 0.655566 2.04414 0.00514992 -0.200847 -0.00934615 0.00133516 0.389677 -0.249381 -0.00169797 -0.197414 0.00820172 -0.000190738 0.391585 -0.251971 -0.0030118 
23 -0.0082016 0.0169754 -0.791753 -1.57475 0.628862 -2.01858 -0.81426 1.56102 0.655566 2.04376 0.00514992 -0.200847 -0.00934615 0.00133516 0.389677 -0.249381 -0.00169797 -0.197414 0.00820172 -0.000190738 0.391585 -0.251971 -0.0030118 
23 -0.0082016 0.0169754 -0.791753 -1.57475 0.629244 -2.0182 -0.81426 1.56102 0.655566 2.04376 0.00514992 -0.200847 -0.00934615 0.00133516 0.389677 -0.249381 -0.00169797 -0.197414 0.00820172 0.000190738 0.391585 -0.251971 -0.0030118 
23 -0.0082016 0.0169754 -0.791753 -1.57475 0.629244 -2.0182 -0.81426 1.56064 0.655566 2.04376 0.00514992 -0.200847 -0.00934615 0.00133516 0.389677 -0.249381 -0.00169797 -0.197414 0.00820172 0.000190738 0.391585 -0.251971 -0.0030118 
23 -0.0082016 0.0169754 -0.791753 -1.57475 0.629244 -2.01781 -0.81426 1.56064 0.655566 2.04337 0.00514992 -0.200847 -0.00934615 0.00133516 0.389677 -0.249381 -0.00169797 -0.197414 0.00820172 0.000190738 0.391585 -0.251971 -0.0030118 
23 -0.0082016 0.0169754 -0.791753 -1.57475 0.629244 -2.01743 -0.81426 1.56064 0.655947 2.04337 0.00514992 -0.200847 -0.00934615 0.00133516 0.389677 -0.249381 -0.00169797 -0.197414 0.00820172 0.000190738 0.391585 -0.251971 -0.0030118 
23 -0.0082016 0.0169754 -0.791371 -1.57475 0.629244 -2.01705 -0.813878 1.56026 0.655947 2.04299 0.00514992 -0.200847 -0.00934615 0.00133516 0.389677 -0.249381 -0.00169797 -0.197414 0.00820172 0.000190738 0.391585 -0.251971 -0.0030118 
23 -0.0082016 0.0169754 -0.791371 -1.57475 0.629244 -2.01667 -0.813878 1.55988 0.655947 2.04299 0.00514992 -0.200847 -0.00934615 0.00133516 0.389677 -0.249381 -0.00169797 -0.197414 0.00820172 -0.000190738 0.391585 -0.251971 -0.0030118 
23 -0.0082016 0.0169754 -0.791371 -1.57475 0.629244 -2.01629 -0.813878 1.5595 0.655947 2.04261 0.00514992 -0.200847 -0.00934615 0.00133516 0.389677 -0.249381 -0.00169797 -0.197414 0.00820172 0.000190738 0.391585 -0.251971 -0.0030118 
23 -0.0082016 0.0169754 -0.791371 -1.57475 0.629244 -2.01591 -0.813878 1.5595 0.655947 2.04223 0.00514992 -0.200847 -0.00934615 0.00133516 0.389677 -0.249381 -0.00169797 -0.197032 0.00820172 -0.000190738 0.391585 -0.251971 -0.0030118 
23 -0.0082016 0.0169754 -0.79099 -1.57475 0.629625 -2.01553 -0.813497 1.55911 0.655947 2.04185 0.00514992 -0.200847 -0.00934615 0.00133516 0.389677 -0.249381 -0.00169797 -0.197414 0.00820172 -0.000190738 0.391585 -0.251971 -0.0030118 
23 -0.0082016 0.0169754 -0.79099 -1.57475 0.629625 -2.01476 -0.813497 1.55873 0.656329 2.04185 0.00476844 -0.200847 -0.00934615 0.00133516 0.389677 -0.249381 -0.00169797 -0.197414 0.00820172 -0.000190738 0.391585 -0.251971 -0.0030118 
23 -0.0082016 0.0169754 -0.790608 -1.57475 0.629625 -2.014 -0.813497 1.55835 0.656329 2.04147 0.00476844 -0.200847 -0.00934615 0.00133516 0.389677 -0.249381 -0.00169797 -0.197414 0.00820172 -0.000190738 0.391585 -0.251971 -0.0030118 
23 -0.0082016 0.0169754 -0.790608 -1.57475 0.629625 -2.01362 -0.813115 1.55759 0.656329 2.0407 0.00476844 -0.200847 -0.00934615 0.00133516 0.389677 -0.249381 -0.00169797 -0.197414 0.00820172 -0.000190738 0.391585 -0.251971 -0.0030118 
23 -0.00782013 0.0169754 -0.790608 -1.57475 0.629625 -2.01286 -0.813115 1.55683 0.656329 2.04032 0.00476844 -0.200847 -0.00934615 0.00133516 0.389677 -0.249381 -0.00169797 -0.197414 0.00820172 -0.000190738 0.391585 -0.251971 -0.0030118 
23 -0.0082016 0.0169754 -0.790227 -1.57475 0.629625 -2.01247 -0.813115 1.55606 0.656329 2.03918 0.00476844 -0.200847 -0.00934615 0.00133516 0.389677 -0.249381 -0.00169797 -0.197414 0.00820172 -0.000190738 0.391585 -0.251971 -0.0030118 
23 -0.0082016 0.0169754 -0.790227 -1.57437 0.629625 -2.01171 -0.812734 1.55568 0.656329 2.03841 0.00476844 -0.200847 -0.00934615 0.00133516 0.389677 -0.249381 -0.00169797 -0.197414 0.00820172 -0.000190738 0.391585 -0.251971 -0.0030118 
23 -0.0082016 0.0169754 -0.789845 -1.57437 0.629625 -2.01095 -0.812734 1.5553 0.65671 2.03803 0.00476844 -0.200847 -0.00934615 0.00133516 0.389677 -0.249381 -0.00169797 -0.197414 0.00820172 -0.000190738 0.391585 -0.251971 -0.0030118 
23 -0.0082016 0.0169754 -0.789845 -1.57437 0.629625 -2.01057 -0.812734 1.55492 0.65671 2.03727 0.00476844 -0.200847 -0.00934615 0.00133516 0.389677 -0.249381 -0.00169797 -0.197414 0.00820172 -0.000190738 0.391585 -0.251971 -0.0030118 
23 -0.00782013 0.0169754 -0.789464 -1.57437 0.629625 -2.0098 -0.812352 1.55492 0.65671 2.03651 0.00476844 -0.200847 -0.00934615 0.00133516 0.389677 -0.249381 -0.00169797 -0.197414 0.00820172 -0.000190738 0.391585 -0.251971 -0.0030118 
23 -0.00782013 0.0169754 -0.789464 -1.57437 0.629625 -2.00942 -0.812352 1.55454 0.657092 2.03574 0.00476844 -0.200847 -0.00934615 0.00133516 0.389677 -0.249381 -0.00169797 -0.197414 0.00820172 -0.000190738 0.391585 -0.251971 -0.0030118 
23 -0.00782013 0.0169754 -0.789082 -1.57437 0.629625 -2.00828 -0.811971 1.55454 0.657092 2.0346 0.00476844 -0.200847 -0.00934615 0.00133516 0.389677 -0.249381 -0.00169797 -0.197414 0.00820172 -0.000190738 0.391585 -0.251971 -0.0030118 
23 -0.00782013 0.0169754 -0.788701 -1.57437 0.629625 -2.00751 -0.811971 1.55415 0.657473 2.03269 0.00476844 -0.200847 -0.00934615 0.00133516 0.389677 -0.249381 -0.00169797 -0.197414 0.00820172 -0.000190738 0.391585 -0.251971 -0.0030118 
23 -0.0082016 0.0169754 -0.788701 -1.57437 0.629625 -2.00637 -0.811971 1.55415 0.657473 2.03155 0.00476844 -0.200847 -0.00934615 0.00133516 0.389677 -0.249381 -0.00169797 -0.197414 0.00820172 -0.000190738 0.391585 -0.251971 -0.0030118 
23 -0.0082016 0.0169754 -0.788319 -1.57399 0.629625 -2.00561 -0.811971 1.55377 0.657855 2.0304 0.00476844 -0.200847 -0.00934615 0.00133516 0.389677 -0.249381 -0.00169797 -0.197414 0.00820172 -0.000190738 0.391585 -0.251971 -0.0030118 
23 -0.0082016 0.0169754 -0.787938 -1.57399 0.629625 -2.00446 -0.811971 1.55377 0.658236 2.02888 0.00476844 -0.200847 -0.00934615 0.00133516 0.389677 -0.249381 -0.00169797 -0.197414 0.00820172 -0.000190738 0.391585 -0.251971 -0.0030118 
23 -0.0082016 0.0169754 -0.787556 -1.57361 0.629244 -2.0037 -0.811971 1.55339 0.658618 2.02735 0.00514992 -0.200847 -0.00934615 0.00133516 0.389677 -0.249381 -0.00169797 -0.197414 0.00820172 0.000190738 0.391585 -0.251971 -0.0030118 
23 -0.0082016 0.0169754 -0.787175 -1.57323 0.629244 -2.00256 -0.811589 1.55339 0.658999 2.02544 0.00514992 -0.200847 -0.00934615 0.00133516 0.389677 -0.249381 -0.00169797 -0.197414 0.00820172 -0.000190738 0.391585 -0.251971 -0.0030118 
23 -0.00782013 0.0169754 -0.786793 -1.57285 0.629244 -2.00103 -0.811589 1.55339 0.658999 2.0243 0.00514992 -0.200847 -0.00934615 0.00133516 0.389677 -0.249381 -0.00169797 -0.197414 0.00820172 -0.000190738 0.391585 -0.251971 -0.0030118 
23 -0.0082016 0.0169754 -0.786412 -1.57247 0.629244 -1.99989 -0.811589 1.55339 0.65938 2.02277 0.00514992 -0.200847 -0.00934615 0.00133516 0.389677 -0.249381 -0.00169797 -0.197414 0.00820172 -0.000190738 0.391585 -0.251971 -0.0030118 
23 -0.0082016 0.0169754 -0.78603 -1.57208 0.629244 -1.99874 -0.811208 1.55301 0.659762 2.02049 0.00514992 -0.200847 -0.00934615 0.00133516 0.389677 -0.249381 -0.00169797 -0.197414 0.00820172 -0.000190738 0.391585 -0.251971 -0.0030118 
23 -0.00782013 0.0169754 -0.785649 -1.57132 0.629244 -1.9976 -0.811208 1.55301 0.659762 2.01858 0.00514992 -0.200847 -0.00934615 0.00133516 0.389677 -0.249381 -0.00169797 -0.197414 0.00820172 -0.000190738 0.391585 -0.251971 -0.0030118 
23 -0.00782013 0.0169754 -0.785267 -1.57094 0.629244 -1.99645 -0.810826 1.55301 0.660143 2.01667 0.00514992 -0.200847 -0.00934615 0.00133516 0.389677 -0.249381 -0.00169797 -0.197414 0.00820172 -0.000190738 0.391585 -0.251971 -0.0030118 
23 -0.0082016 0.0169754 -0.784886 -1.57056 0.629244 -1.99493 -0.810826 1.55301 0.660143 2.014 0.00514992 -0.200847 -0.00934615 0.00133516 0.389677 -0.249381 -0.00169797 -0.197414 0.00820172 -0.000190738 0.391585 -0.251971 -0.0030118 
23 -0.00782013 0.0169754 -0.784504 -1.5698 0.628862 -1.9934 -0.810826 1.55301 0.660525 2.01209 0.00514992 -0.200847 -0.00934615 0.00133516 0.389677 -0.249381 -0.00169797 -0.197414 0.00820172 -0.000190738 0.391585 -0.251971 -0.0030118 
23 -0.0082016 0.0169754 -0.783742 -1.56903 0.628862 -1.99226 -0.810826 1.55301 0.660525 2.01057 0.00514992 -0.200847 -0.00934615 0.00133516 0.389677 -0.249381 -0.00169797 -0.197414 0.00820172 -0.000190738 0.391585 -0.251971 -0.0030118 
23 -0.00782013 0.0169754 -0.78336 -1.56865 0.628862 -1.99111 -0.810445 1.55301 0.660525 2.00751 0.00514992 -0.200847 -0.00934615 0.00133516 0.389677 -0.249381 -0.00169797 -0.197414 0.00820172 -0.000190738 0.391585 -0.251971 -0.0030118 
23 -0.0082016 0.0169754 -0.782979 -1.56789 0.628481 -1.9892 -0.810445 1.55301 0.660525 2.00523 0.00514992 -0.200847 -0.00934615 0.00133516 0.389677 -0.249381 -0.00169797 -0.197414 0.0085832 -0.000190738 0.391585 -0.251971 -0.0030118 
23 -0.0082016 0.0169754 -0.782597 -1.56751 0.628481 -1.9873 -0.810445 1.55339 0.660143 2.00256 0.00514992 -0.200847 -0.00934615 0.00133516 0.389677 -0.249381 -0.00169797 -0.197414 0.00820172 -0.000190738 0.391585 -0.251971 -0.0030118 
23 -0.0082016 0.0169754 -0.781834 -1.56713 0.6281 -1.98615 -0.810063 1.55339 0.660143 1.99989 0.00514992 -0.200847 -0.00934615 0.00133516 0.389677 -0.249381 -0.00169797 -0.197414 0.00820172 -0.000190738 0.391585 -0.251971 -0.0030118 
23 -0.00782013 0.0169754 -0.78069 -1.56674 0.6281 -1.98463 -0.810063 1.55339 0.660143 1.9976 0.00514992 -0.200847 -0.00934615 0.00133516 0.389677 -0.249381 -0.00169797 -0.197414 0.00820172 -0.000190738 0.391585 -0.251971 -0.0030118 
23 -0.0082016 0.0169754 -0.780308 -1.56636 0.627718 -1.98272 -0.809682 1.55339 0.660143 1.99454 0.00514992 -0.200847 -0.00934615 0.00133516 0.389677 -0.249381 -0.00169797 -0.197414 0.00820172 -0.000190738 0.391585 -0.251971 -0.0030118 
23 -0.00782013 0.0169754 -0.779545 -1.56598 0.627718 -1.98081 -0.809682 1.55339 0.660143 1.99187 0.00514992 -0.200847 -0.00934615 0.00133516 0.389677 -0.249381 -0.00169797 -0.197414 0.00820172 -0.000190738 0.391585 -0.251971 -0.0030118 
23 -0.0082016 0.0169754 -0.779164 -1.5656 0.627337 -1.97929 -0.809682 1.55339 0.660143 1.98844 0.00514992 -0.200847 -0.00934615 0.00133516 0.389677 -0.249381 -0.00169797 -0.197414 0.00820172 -0.000190738 0.391585 -0.251971 -0.0030118 
23 -0.00782013 0.0169754 -0.778401 -1.56522 0.626955 -1.97738 -0.8093 1.55301 0.660143 1.98615 0.00514992 -0.200847 -0.00934615 0.00133516 0.389677 -0.249381 -0.00169797 -0.197414 0.0085832 -0.000190738 0.391585 -0.251971 -0.0030118 
23 -0.0082016 0.0169754 -0.777256 -1.56484 0.626574 -1.97509 -0.8093 1.55301 0.659762 1.9831 0.00514992 -0.200847 -0.00934615 0.00133516 0.389677 -0.249381 -0.00169797 -0.197414 0.0085832 -0.000190738 0.391585 -0.251971 -0.0030118 
23 -0.00782013 0.0169754 -0.776875 -1.56445 0.626574 -1.97356 -0.808919 1.55301 0.659762 1.98005 0.00514992 -0.200847 -0.00934615 0.00133516 0.389677 -0.249381 -0.00169797 -0.197414 0.0085832 -0.000190738 0.391585 -0.251971 -0.0030118 
23 -0.00782013 0.0169754 -0.776112 -1.56369 0.626192 -1.97166 -0.808537 1.55301 0.659762 1.977 0.00514992 -0.200847 -0.00934615 0.00133516 0.389677 -0.249381 -0.00169797 -0.197414 0.0085832 0.000190738 0.391585 -0.251971 -0.0030118 
23 -0.0082016 0.0169754 -0.775349 -1.56293 0.625811 -1.96937 -0.808537 1.55301 0.659762 1.97395 0.00514992 -0.200847 -0.00934615 0.00133516 0.389677 -0.249381 -0.00169797 -0.197414 0.0085832 -0.000190738 0.391585 -0.251971 -0.0030118 
23 -0.00782013 0.0169754 -0.774586 -1.56255 0.625811 -1.96708 -0.808156 1.55301 0.659762 1.97051 0.00514992 -0.200847 -0.00934615 0.00133516 0.389677 -0.249381 -0.00169797 -0.197414 0.0085832 -0.000190738 0.391585 -0.251971 -0.0030118 
23 -0.00782013 0.0169754 -0.773823 -1.56178 0.625429 -1.96517 -0.807774 1.55301 0.659762 1.96746 0.00514992 -0.200847 -0.00934615 0.00133516 0.389677 -0.249381 -0.00169797 -0.197414 0.0085832 -0.000190738 0.391585 -0.251971 -0.0030118 
23 -0.0082016 0.0169754 -0.77306 -1.5614 0.625048 -1.9625 -0.807774 1.55301 0.659762 1.96403 0.00514992 -0.200847 -0.00934615 0.00133516 0.389677 -0.249381 -0.00169797 -0.197414 0.0085832 -0.000190738 0.391585 -0.251971 -0.0030118 
23 -0.00782013 0.0169754 -0.771916 -1.56102 0.624666 -1.96021 -0.807012 1.55301 0.65938 1.96098 0.00514992 -0.200847 -0.00934615 0.00133516 0.389677 -0.249381 -0.00169797 -0.197414 0.0085832 -0.000190738 0.391585 -0.251971 -0.0030118 
23 -0.00782013 0.0169754 -0.771153 -1.56026 0.624666 -1.95792 -0.80663 1.55301 0.65938 1.95754 0.00514992 -0.200847 -0.00934615 0.00133516 0.389677 -0.249381 -0.00169797 -0.197414 0.0085832 -0.000190738 0.391585 -0.251971 -0.0030118 
23 -0.0082016 0.0169754 -0.77039 -1.55988 0.624285 -1.95525 -0.806249 1.55301 0.65938 1.95411 0.00514992 -0.200847 -0.00934615 0.00133516 0.389677 -0.249381 -0.00169797 -0.197414 0.0085832 -0.000190738 0.391585 -0.251971 -0.0030118 
23 -0.0082016 0.0169754 -0.769627 -1.55911 0.623903 -1.95335 -0.805486 1.55301 0.65938 1.95029 0.00514992 -0.200847 -0.00934615 0.00133516 0.389677 -0.249381 -0.00169797 -0.197414 0.0085832 -0.000190738 0.391585 -0.251971 -0.0030118 
23 -0.0082016 0.0169754 -0.768101 -1.55873 0.623522 -1.95029 -0.805104 1.55301 0.658999 1.94762 0.00514992 -0.200847 -0.00934615 0.00133516 0.389677 -0.249381 -0.00169797 -0.197414 0.0085832 -0.000190738 0.391585 -0.251971 -0.0030118 
23 -0.0082016 0.0169754 -0.767338 -1.55835 0.623522 -1.948 -0.804723 1.55301 0.658999 1.94343 0.00514992 -0.200847 -0.00934615 0.00133516 0.389677 -0.249381 -0.00169797 -0.197414 0.0085832 -0.000190738 0.391585 -0.251971 -0.0030118 
23 -0.0082016 0.0169754 -0.766575 -1.55759 0.62314 -1.94457 -0.804341 1.55263 0.658999 1.93999 0.00514992 -0.200847 -0.00934615 0.00133516 0.389677 -0.249381 -0.00169797 -0.197414 0.0085832 -0.000190738 0.391585 -0.251971 -0.0030118 
23 -0.0082016 0.0169754 -0.765812 -1.55683 0.622759 -1.94228 -0.80396 1.55263 0.658618 1.93618 0.00514992 -0.200847 -0.00934615 0.00133516 0.389677 -0.249381 -0.00169797 -0.197414 0.0085832 -0.000190738 0.391585 -0.251971 -0.0030118 
23 -0.0082016 0.0169754 -0.764668 -1.55606 0.622759 -1.93961 -0.803197 1.55263 0.658618 1.93236 0.00514992 -0.200847 -0.00934615 0.00133516 0.389677 -0.249381 -0.00169797 -0.197414 0.0085832 -0.000190738 0.391585 -0.251971 -0.0030118 
23 -0.0082016 0.0169754 -0.763905 -1.5553 0.622759 -1.93656 -0.802815 1.55263 0.658236 1.92893 0.00514992 -0.200847 -0.00934615 0.00133516 0.389677 -0.249381 -0.00169797 -0.197414 0.0085832 -0.000190738 0.391585 -0.251971 -0.0030118 
23 -0.00782013 0.0169754 -0.76276 -1.55492 0.622377 -1.93389 -0.802434 1.55263 0.658236 1.92473 0.00514992 -0.200847 -0.00934615 0.00133516 0.389677 -0.249381 -0.00169797 -0.197414 0.0085832 -0.000190738 0.391585 -0.251971 -0.0030118 
23 -0.00782013 0.0169754 -0.761997 -1.55454 0.622377 -1.93046 -0.802052 1.55225 0.658236 1.92092 0.00514992 -0.200847 -0.00934615 0.00133516 0.389677 -0.249381 -0.00169797 -0.197414 0.0085832 -0.000190738 0.391585 -0.251971 -0.0030118 
23 -0.00782013 0.0169754 -0.760853 -1.55377 0.622377 -1.92817 -0.801671 1.55225 0.657855 1.91711 0.00514992 -0.200847 -0.00934615 0.00133516 0.389677 -0.249381 -0.00169797 -0.197414 0.0085832 0.000190738 0.391585 -0.251971 -0.0030118 
23 -0.00782013 0.0169754 -0.76009 -1.55301 0.621996 -1.92435 -0.800908 1.55187 0.657855 1.91291 0.00514992 -0.200847 -0.00934615 0.000953689 0.389677 -0.249381 -0.00169797 -0.197414 0.0085832 -0.000190738 0.391585 -0.251971 -0.0030118 
23 -0.00782013 0.0169754 -0.758946 -1.55263 0.621996 -1.92168 -0.800145 1.55187 0.657473 1.90909 0.00514992 -0.200847 -0.00934615 0.000953689 0.389677 -0.249381 -0.00169797 -0.197414 0.0085832 -0.000190738 0.391585 -0.251971 -0.0030118 
23 -0.00782013 0.0169754 -0.758183 -1.55187 0.621614 -1.91825 -0.799382 1.55148 0.657473 1.9049 0.00514992 -0.200847 -0.00934615 0.00133516 0.389677 -0.249381 -0.00169797 -0.197414 0.0085832 -0.000190738 0.391585 -0.251971 -0.0030118 
23 -0.00782013 0.0169754 -0.757038 -1.55072 0.621614 -1.91482 -0.798619 1.5511 0.657092 1.90032 0.00514992 -0.200847 -0.00934615 0.00133516 0.389677 -0.249381 -0.00169797 -0.197414 0.0085832 -0.000190738 0.391585 -0.251971 -0.0030118 
23 -0.00782013 0.0169754 -0.755512 -1.54996 0.621614 -1.91138 -0.798238 1.55034 0.657092 1.89651 0.00514992 -0.200847 -0.00934615 0.00133516 0.389677 -0.249381 -0.00169797 -0.197414 0.0085832 -0.000190738 0.391585 -0.251971 -0.0030118 
23 -0.00782013 0.0169754 -0.754749 -1.5492 0.621233 -1.90757 -0.797856 1.54996 0.65671 1.89231 0.00514992 -0.200847 -0.00934615 0.00133516 0.389677 -0.249381 -0.00169797 -0.197414 0.0085832 -0.000190738 0.391585 -0.251971 -0.0030118 
23 -0.00782013 0.0169754 -0.753605 -1.54843 0.621233 -1.90452 -0.797093 1.5492 0.65671 1.88773 0.00514992 -0.200847 -0.00934615 0.00133516 0.389677 -0.249381 -0.00169797 -0.197414 0.0085832 -0.000190738 0.391585 -0.251971 -0.0030118 
23 -0.00782013 0.0169754 -0.752461 -1.54767 0.620851 -1.9007 -0.796712 1.54881 0.65671 1.88354 0.00514992 -0.200847 -0.00934615 0.00133516 0.389677 -0.249381 -0.00169797 -0.197414 0.0085832 -0.000190738 0.391585 -0.251971 -0.0030118 
23 -0.00782013 0.0169754 -0.751698 -1.54653 0.620851 -1.89727 -0.79633 1.54843 0.656329 1.87934 0.00514992 -0.200847 -0.00934615 0.00133516 0.389677 -0.249381 -0.00169797 -0.197414 0.0085832 -0.000190738 0.391585 -0.251971 -0.0030118 
23 -0.0082016 0.0169754 -0.750553 -1.54576 0.620851 -1.89307 -0.795949 1.54805 0.656329 1.87476 0.00514992 -0.200847 -0.00934615 0.00133516 0.389677 -0.249381 -0.00169797 -0.197414 0.0085832 -0.000190738 0.391585 -0.251971 -0.0030118 
23 -0.0082016 0.0169754 -0.749409 -1.54462 0.62047 -1.88926 -0.795186 1.54767 0.655947 1.87018 0.00514992 -0.200847 -0.00934615 0.00133516 0.389677 -0.249381 -0.00169797 -0.197414 0.0085832 -0.000190738 0.391585 -0.251971 -0.0030118 
23 -0.00782013 0.0169754 -0.748264 -1.54347 0.62047 -1.88544 -0.794423 1.54691 0.655947 1.86561 0.00514992 -0.200847 -0.00934615 0.00133516 0.389677 -0.249381 -0.00169797 -0.197414 0.0085832 -0.000190738 0.391585 -0.251971 -0.0030118 
23 -0.00782013 0.0169754 -0.747501 -1.54271 0.62047 -1.88125 -0.79366 1.54614 0.655566 1.86141 0.00514992 -0.200847 -0.00934615 0.00133516 0.389677 -0.249381 -0.00169797 -0.197414 0.0085832 -0.000190738 0.391585 -0.251971 -0.0030118 
23 -0.00782013 0.0169754 -0.746357 -1.54195 0.62047 -1.87743 -0.792897 1.54538 0.655184 1.85645 0.00514992 -0.200847 -0.00934615 0.00133516 0.389677 -0.249381 -0.00169797 -0.197414 0.0085832 -0.000190738 0.391585 -0.251971 -0.0030118 
23 -0.00782013 0.0169754 -0.745212 -1.54118 0.620851 -1.87324 -0.792134 1.54424 0.655184 1.85149 0.00514992 -0.200847 -0.00934615 0.00133516 0.389677 -0.249381 -0.00169797 -0.197414 0.0085832 -0.000190738 0.391585 -0.251971 -0.0030118 
23 -0.00782013 0.0169754 -0.744068 -1.54042 0.620851 -1.86904 -0.791753 1.54309 0.654803 1.8473 0.00514992 -0.200847 -0.00934615 0.00133516 0.389677 -0.249381 -0.00169797 -0.197414 0.0085832 -0.000190738 0.391585 -0.251971 -0.0030118 
23 -0.0082016 0.0169754 -0.742542 -1.53966 0.620851 -1.86484 -0.79099 1.54233 0.654421 1.84234 0.00514992 -0.200847 -0.00934615 0.00133516 0.389677 -0.249381 -0.00169797 -0.197414 0.0085832 -0.000190738 0.391585 -0.251971 -0.0030118 
23 -0.0082016 0.0169754 -0.741779 -1.53851 0.620851 -1.86027 -0.790227 1.54195 0.65404 1.83738 0.00514992 -0.200847 -0.00934615 0.00133516 0.389677 -0.249381 -0.00169797 -0.197414 0.0085832 -0.000190738 0.391585 -0.251971 -0.0030118 
23 -0.00782013 0.0169754 -0.740635 -1.53775 0.620851 -1.85569 -0.789845 1.54118 0.653658 1.83242 0.00514992 -0.200847 -0.00934615 0.00133516 0.389677 -0.249381 -0.00169797 -0.197414 0.0085832 -0.000190738 0.391585 -0.251971 -0.0030118 
23 -0.0082016 0.0169754 -0.73949 -1.53699 0.620851 -1.85111 -0.789464 1.54042 0.653658 1.82822 0.00514992 -0.200847 -0.00934615 0.00133516 0.389677 -0.249381 -0.00169797 -0.197414 0.0085832 -0.000190738 0.391585 -0.251971 -0.0030118 
23 -0.0082016 0.0169754 -0.738727 -1.53623 0.621233 -1.84653 -0.788701 1.54004 0.653277 1.82364 0.00514992 -0.200847 -0.00934615 0.00133516 0.389677 -0.249381 -0.00169797 -0.197414 0.0085832 -0.000190738 0.391585 -0.251971 -0.0030118 
23 -0.0082016 0.0169754 -0.737202 -1.53546 0.621233 -1.84195 -0.787938 1.53966 0.652895 1.8183 0.00514992 -0.200847 -0.00934615 0.00133516 0.389677 -0.249381 -0.00169797 -0.197414 0.0085832 -0.000190738 0.391585 -0.251971 -0.0030118 
23 -0.00782013 0.0169754 -0.736439 -1.53432 0.621233 -1.837 -0.787175 1.53928 0.652132 1.81334 0.00514992 -0.200847 -0.00934615 0.00133516 0.389677 -0.249381 -0.00169797 -0.197414 0.00820172 -0.000190738 0.391585 -0.251971 -0.0030118 
23 -0.00782013 0.0169754 -0.735294 -1.53356 0.621233 -1.83204 -0.786412 1.53851 0.651751 1.80838 0.00514992 -0.200847 -0.00934615 0.00133516 0.389677 -0.249381 -0.00169797 -0.197414 0.00820172 -0.000190738 0.391585 -0.251971 -0.0030118 
23 -0.0082016 0.0169754 -0.73415 -1.53279 0.621614 -1.82746 -0.785649 1.53775 0.651751 1.80381 0.00514992 -0.200847 -0.00934615 0.00133516 0.389677 -0.249381 -0.00169797 -0.197414 0.00820172 -0.000190738 0.391585 -0.251971 -0.0030118 
23 -0.0082016 0.0169754 -0.733005 -1.53203 0.621614 -1.82288 -0.784886 1.53699 0.65137 1.79885 0.00514992 -0.200847 -0.00934615 0.00133516 0.389677 -0.249381 -0.00169797 -0.197414 0.00820172 -0.000190738 0.391585 -0.251971 -0.0030118 
23 -0.00782013 0.0169754 -0.731861 -1.53088 0.621614 -1.81754 -0.784504 1.53661 0.650988 1.79351 0.00514992 -0.200847 -0.00934615 0.00133516 0.389677 -0.249381 -0.00169797 -0.197414 0.00820172 -0.000190738 0.391585 -0.251971 -0.0030118 
23 -0.00782013 0.0169754 -0.730716 -1.5305 0.621614 -1.8122 -0.783742 1.53584 0.650607 1.78817 0.00514992 -0.200847 -0.00934615 0.00133516 0.389677 -0.249381 -0.00169797 -0.197414 0.00820172 0.000190738 0.391585 -0.251971 -0.0030118 
23 -0.00782013 0.0169754 -0.729953 -1.53012 0.621614 -1.80686 -0.782979 1.53546 0.650607 1.78283 0.00514992 -0.200847 -0.00934615 0.00133516 0.389677 -0.249381 -0.00169797 -0.197414 0.00820172 -0.000190738 0.391585 -0.251971 -0.0030118 
23 -0.0082016 0.0169754 -0.728809 -1.52936 0.621996 -1.8019 -0.782597 1.53508 0.650225 1.77787 0.00514992 -0.200847 -0.00934615 0.00133516 0.389677 -0.249381 -0.00169797 -0.197414 0.00820172 -0.000190738 0.391585 -0.251971 -0.0030118 
23 -0.00782013 0.0169754 -0.727665 -1.52898 0.621996 -1.79694 -0.781834 1.53432 0.650225 1.77291 0.00514992 -0.200847 -0.00934615 0.00133516 0.389677 -0.249381 -0.00169797 -0.197414 0.00820172 -0.000190738 0.391585 -0.251971 -0.0030118 
23 -0.00782013 0.0169754 -0.72652 -1.5286 0.621996 -1.79198 -0.78069 1.53394 0.649844 1.76757 0.00514992 -0.200847 -0.00934615 0.00133516 0.389677 -0.249381 -0.00169797 -0.197414 0.00820172 -0.000190738 0.391585 -0.251971 -0.0030118 
23 -0.0082016 0.0169754 -0.725757 -1.52821 0.621996 -1.78626 -0.779927 1.53317 0.649844 1.76223 0.00514992 -0.200847 -0.00934615 0.00133516 0.389677 -0.249381 -0.00169797 -0.197414 0.00820172 0.000190738 0.391585 -0.251971 -0.0030118 
23 -0.00782013 0.0169754 -0.724613 -1.52783 0.621996 -1.78092 -0.779164 1.53241 0.649844 1.75689 0.00514992 -0.200847 -0.00934615 0.00133516 0.389677 -0.249381 -0.00169797 -0.197414 0.00820172 0.000190738 0.391585 -0.251971 -0.0030118 
23 -0.0082016 0.0169754 -0.72385 -1.52745 0.621996 -1.77558 -0.778782 1.53165 0.649844 1.75116 0.00514992 -0.200847 -0.00934615 0.00133516 0.389677 -0.249381 -0.00169797 -0.197414 0.00820172 -0.000190738 0.391585 -0.251971 -0.0030118 
23 -0.0082016 0.0169754 -0.723087 -1.52707 0.622377 -1.76986 -0.778019 1.53088 0.649844 1.74582 0.00514992 -0.200847 -0.00934615 0.00133516 0.389677 -0.249381 -0.00169797 -0.197414 0.00820172 0.000190738 0.391585 -0.251971 -0.0030118 
23 -0.00782013 0.0169754 -0.721942 -1.52669 0.622377 -1.76452 -0.777256 1.5305 0.649844 1.74086 0.00514992 -0.200847 -0.00934615 0.00133516 0.389677 -0.249381 -0.00169797 -0.197414 0.00820172 -0.000190738 0.391585 -0.251971 -0.0030118 
23 -0.00782013 0.0169754 -0.72118 -1.52593 0.622377 -1.75879 -0.776493 1.53012 0.649844 1.7359 0.00514992 -0.200847 -0.00934615 0.00133516 0.389677 -0.249381 -0.00169797 -0.197414 0.00820172 0.000190738 0.391585 -0.251971 -0.0030118 
23 -0.0082016 0.0169754 -0.720417 -1.52554 0.622377 -1.75383 -0.775731 1.52974 0.650225 1.73018 0.00514992 -0.200847 -0.00934615 0.00133516 0.389677 -0.249381 -0.00169797 -0.197414 0.00820172 0.000190738 0.391585 -0.251971 -0.0030118 
23 -0.00782013 0.0169754 -0.719272 -1.52516 0.622377 -1.74811 -0.774968 1.52974 0.650225 1.72484 0.00514992 -0.200847 -0.00934615 0.00133516 0.389677 -0.249381 -0.00169797 -0.197414 0.00820172 0.000190738 0.391585 -0.251971 -0.0030118 
23 -0.00782013 0.0169754 -0.718128 -1.52478 0.622759 -1.74239 -0.774205 1.52936 0.650225 1.71912 0.00514992 -0.200847 -0.00934615 0.00133516 0.389677 -0.249381 -0.00169797 -0.197414 0.00820172 -0.000190738 0.391585 -0.251971 -0.0030118 
23 -0.0082016 0.0169754 -0.717365 -1.52478 0.622759 -1.73667 -0.773442 1.52898 0.650225 1.71378 0.00514992 -0.200847 -0.00934615 0.00133516 0.389677 -0.249381 -0.00169797 -0.197414 0.00820172 -0.000190738 0.391585 -0.251971 -0.0030118 
23 -0.00782013 0.0169754 -0.716983 -1.5244 0.622759 -1.73095 -0.77306 1.52898 0.650225 1.70806 0.00514992 -0.200847 -0.00934615 0.00133516 0.389677 -0.249381 -0.00169797 -0.197414 0.00820172 0.000190738 0.391585 -0.251971 -0.0030118 
23 -0.0082016 0.0169754 -0.715839 -1.52402 0.62314 -1.72522 -0.772297 1.5286 0.650607 1.70272 0.00514992 -0.200847 -0.00934615 0.00133516 0.389677 -0.249381 -0.00169797 -0.197414 0.00820172 0.000190738 0.391585 -0.251971 -0.0030118 
23 -0.00782013 0.0169754 -0.715076 -1.52402 0.62314 -1.7195 -0.771916 1.52821 0.650607 1.69738 0.00514992 -0.200847 -0.00934615 0.00133516 0.389677 -0.249381 -0.00169797 -0.197414 0.00820172 0.000190738 0.391585 -0.251971 -0.0030118 
23 -0.0082016 0.0169754 -0.714313 -1.52364 0.62314 -1.71416 -0.771153 1.52821 0.650607 1.69203 0.00514992 -0.200847 -0.00934615 0.00133516 0.389677 -0.249381 -0.00169797 -0.197414 0.00820172 -0.000190738 0.391585 -0.251971 -0.0030118 
23 -0.0082016 0.0169754 -0.71355 -1.52326 0.62314 -1.70844 -0.770771 1.52783 0.650607 1.68631 0.00514992 -0.200847 -0.00934615 0.00133516 0.389677 -0.249381 -0.00169797 -0.197414 0.00820172 -0.000190738 0.391585 -0.251971 -0.0030118 
23 -0.0082016 0.0169754 -0.712787 -1.52326 0.623522 -1.7031 -0.770008 1.52783 0.650607 1.68059 0.00514992 -0.200847 -0.00934615 0.00133516 0.389677 -0.249381 -0.00169797 -0.197414 0.00820172 0.000190738 0.391585 -0.251971 -0.0030118 
23 -0.00782013 0.0169754 -0.712406 -1.52287 0.623522 -1.69776 -0.769245 1.52783 0.650607 1.67487 0.00514992 -0.200847 -0.00934615 0.00133516 0.389677 -0.249381 -0.00169797 -0.197414 0.00820172 0.000190738 0.391585 -0.251971 -0.0030118 
23 -0.0082016 0.0169754 -0.711643 -1.52249 0.623522 -1.69203 -0.768101 1.52783 0.650607 1.66915 0.00514992 -0.200847 -0.00934615 0.00133516 0.389677 -0.249381 -0.00169797 -0.197414 0.00820172 0.000190738 0.391585 -0.251971 -0.0030118 
23 -0.0082016 0.0169754 -0.71088 -1.52211 0.623522 -1.68631 -0.767338 1.52783 0.650607 1.66342 0.00514992 -0.200847 -0.00934615 0.00133516 0.389677 -0.249381 -0.00169797 -0.197414 0.00820172 0.000190738 0.391585 -0.251971 -0.0030118 
23 -0.0082016 0.0169754 -0.710498 -1.52173 0.623903 -1.68059 -0.766957 1.52783 0.650607 1.6577 0.00514992 -0.200847 -0.00934615 0.00133516 0.389677 -0.249381 -0.00169797 -0.197414 0.00820172 0.000190738 0.391585 -0.251971 -0.0030118 
23 -0.00782013 0.0169754 -0.709735 -1.52173 0.623903 -1.67487 -0.766194 1.52783 0.650225 1.65198 0.00514992 -0.200847 -0.00934615 0.00133516 0.389677 -0.249381 -0.00169797 -0.197414 0.00820172 0.000190738 0.391585 -0.251971 -0.0030118 
23 -0.0082016 0.0169754 -0.708972 -1.52135 0.623903 -1.66915 -0.765431 1.52783 0.650225 1.64664 0.00514992 -0.200847 -0.00934615 0.00133516 0.389677 -0.249381 -0.00169797 -0.197414 0.00820172 0.000190738 0.391585 -0.251971 -0.0030118 
23 -0.00782013 0.0169754 -0.708209 -1.52135 0.624285 -1.66381 -0.765049 1.52821 0.650607 1.64092 0.00514992 -0.200847 -0.00934615 0.00133516 0.389677 -0.249381 -0.00169797 -0.197414 0.00820172 0.000190738 0.391585 -0.251971 -0.0030118 
23 -0.00782013 0.0169754 -0.707828 -1.52097 0.624285 -1.65808 -0.764668 1.52821 0.650607 1.63558 0.00514992 -0.200847 -0.00934615 0.00133516 0.389677 -0.249381 -0.00169797 -0.197414 0.00820172 -0.000190738 0.391585 -0.251971 -0.0030118 
23 -0.0082016 0.0169754 -0.707065 -1.52097 0.624285 -1.65274 -0.763905 1.52821 0.650607 1.62985 0.00514992 -0.200847 -0.00934615 0.00133516 0.389677 -0.249381 -0.00169797 -0.197414 0.00820172 0.000190738 0.391585 -0.251971 -0.0030118 
23 -0.0082016 0.0169754 -0.706302 -1.52097 0.624285 -1.6474 -0.763142 1.5286 0.650607 1.62413 0.00514992 -0.200847 -0.00934615 0.00133516 0.389677 -0.249381 -0.00169797 -0.197414 0.00820172 0.000190738 0.391585 -0.251971 -0.0030118 
23 -0.0082016 0.0169754 -0.705539 -1.52059 0.624285 -1.64206 -0.762379 1.52898 0.650607 1.61879 0.00514992 -0.200847 -0.00934615 0.00133516 0.389677 -0.249381 -0.00169797 -0.197414 0.00820172 0.000190738 0.391585 -0.251971 -0.0030118 
23 -0.00782013 0.0173569 -0.705158 -1.52059 0.624666 -1.63634 -0.761616 1.52898 0.650607 1.61307 0.00514992 -0.200847 -0.00934615 0.00133516 0.389677 -0.249381 -0.00169797 -0.197414 0.00820172 -0.000190738 0.391585 -0.251971 -0.0030118 
23 -0.00782013 0.0169754 -0.704776 -1.5202 0.624666 -1.631 -0.761234 1.52936 0.650607 1.60735 0.00514992 -0.200847 -0.00934615 0.00133516 0.389677 -0.249381 -0.00169797 -0.197414 0.00820172 -0.000190738 0.391585 -0.251971 -0.0030118 
23 -0.00782013 0.0169754 -0.704395 -1.5202 0.624666 -1.62566 -0.760853 1.52936 0.650607 1.60201 0.00514992 -0.200847 -0.00934615 0.00133516 0.389677 -0.249381 -0.00169797 -0.197414 0.00820172 -0.000190738 0.391585 -0.251971 -0.0030118 
23 -0.0082016 0.0169754 -0.703632 -1.5202 0.624666 -1.62032 -0.76009 1.52974 0.650607 1.59667 0.00514992 -0.200847 -0.00934615 0.00133516 0.389677 -0.249381 -0.00169797 -0.197414 0.00820172 -0.000190738 0.391585 -0.251971 -0.0030118 
23 -0.0082016 0.0169754 -0.702869 -1.5202 0.624666 -1.61536 -0.759709 1.53012 0.650607 1.59171 0.00514992 -0.200847 -0.00934615 0.00133516 0.389677 -0.249381 -0.00169797 -0.197414 0.00820172 -0.000190738 0.391585 -0.251971 -0.0030118 
23 -0.00782013 0.0169754 -0.702487 -1.5202 0.624666 -1.61002 -0.759327 1.53012 0.650607 1.58637 0.00514992 -0.200847 -0.00934615 0.00133516 0.389677 -0.249381 -0.00169797 -0.197414 0.00820172 -0.000190738 0.391585 -0.251971 -0.0030118 
23 -0.00782013 0.0169754 -0.702106 -1.5202 0.624666 -1.60506 -0.758946 1.5305 0.650607 1.58064 0.00514992 -0.200847 -0.00934615 0.00133516 0.389677 -0.249381 -0.00169797 -0.197414 0.00820172 -0.000190738 0.391585 -0.251971 -0.0030118 
23 -0.0082016 0.0169754 -0.701343 -1.5202 0.624666 -1.59972 -0.758564 1.53088 0.650607 1.5753 0.00514992 -0.200847 -0.00934615 0.00133516 0.389677 -0.249381 -0.00169797 -0.197414 0.00820172 -0.000190738 0.391585 -0.251971 -0.0030118 
23 -0.0082016 0.0169754 -0.700961 -1.5202 0.624666 -1.594 -0.758183 1.53127 0.650607 1.56958 0.00514992 -0.200847 -0.00934615 0.00133516 0.389677 -0.249381 -0.00169797 -0.197414 0.0085832 -0.000190738 0.391585 -0.251971 -0.0030118 
23 -0.00782013 0.0169754 -0.70058 -1.5202 0.624666 -1.58904 -0.757801 1.53165 0.650607 1.56424 0.00514992 -0.200847 -0.00934615 0.00133516 0.389677 -0.249381 -0.00169797 -0.197414 0.0085832 -0.000190738 0.391585 -0.251971 -0.0030118 
23 -0.0082016 0.0169754 -0.700198 -1.5202 0.624666 -1.58408 -0.75742 1.53203 0.650607 1.55966 0.00514992 -0.200847 -0.00934615 0.00133516 0.389677 -0.249381 -0.00169797 -0.197414 0.00820172 -0.000190738 0.391585 -0.251971 -0.0030118 
23 -0.00782013 0.0169754 -0.699817 -1.5202 0.624666 -1.5795 -0.756657 1.53241 0.650607 1.5547 0.00514992 -0.200847 -0.00934615 0.00133516 0.389677 -0.249381 -0.00169797 -0.197414 0.0085832 -0.000190738 0.391585 -0.251971 -0.0030118 
23 -0.0082016 0.0169754 -0.699435 -1.5202 0.625048 -1.57416 -0.756275 1.53241 0.650607 1.54936 0.00514992 -0.200847 -0.00934615 0.00133516 0.389677 -0.249381 -0.00169797 -0.197414 0.0085832 -0.000190738 0.391585 -0.251971 -0.0030118 
23 -0.00782013 0.0169754 -0.699054 -1.5202 0.625048 -1.5692 -0.755512 1.53279 0.650607 1.5444 0.00514992 -0.200847 -0.00934615 0.00133516 0.389677 -0.249381 -0.00169797 -0.197414 0.0085832 -0.000190738 0.391585 -0.251971 -0.0030118 
23 -0.0082016 0.0169754 -0.698672 -1.5202 0.625048 -1.56424 -0.755131 1.53279 0.650607 1.53944 0.00514992 -0.200847 -0.00934615 0.00133516 0.389677 -0.249381 -0.00169797 -0.197414 0.0085832 -0.000190738 0.391585 -0.251971 -0.0030118 
23 -0.0082016 0.0169754 -0.698672 -1.5202 0.625048 -1.55928 -0.754749 1.53279 0.650607 1.53449 0.00514992 -0.200847 -0.00934615 0.00133516 0.389677 -0.249381 -0.00169797 -0.197414 0.0085832 -0.000190738 0.391585 -0.251971 -0.0030118 
23 -0.0082016 0.0169754 -0.698291 -1.52059 0.625048 -1.55432 -0.754368 1.53279 0.650607 1.52991 0.00514992 -0.200847 -0.00934615 0.00133516 0.389677 -0.249381 -0.00169797 -0.197414 0.0085832 -0.000190738 0.391585 -0.251971 -0.0030118 
23 -0.0082016 0.0173569 -0.69791 -1.52059 0.625048 -1.54936 -0.753986 1.53279 0.650607 1.52533 0.00514992 -0.200847 -0.00934615 0.00133516 0.389677 -0.249381 -0.00169797 -0.197414 0.0085832 -0.000190738 0.391585 -0.251971 -0.0030118 
23 -0.0082016 0.0169754 -0.69791 -1.52059 0.625048 -1.5444 -0.753605 1.53279 0.650607 1.52075 0.00514992 -0.200847 -0.00934615 0.00133516 0.389677 -0.249381 -0.00169797 -0.197414 0.0085832 -0.000190738 0.391585 -0.251971 -0.0030118 
23 -0.0082016 0.0169754 -0.697528 -1.52059 0.625048 -1.53983 -0.753223 1.53279 0.650607 1.51617 0.00514992 -0.200847 -0.00934615 0.00133516 0.389677 -0.249381 -0.00169797 -0.197414 0.0085832 -0.000190738 0.391585 -0.251971 -0.0030118 
23 -0.00782013 0.0169754 -0.697147 -1.52059 0.625048 -1.53525 -0.752842 1.53279 0.650607 1.51198 0.00514992 -0.200847 -0.00934615 0.00133516 0.389677 -0.249381 -0.00169797 -0.197414 0.0085832 -0.000190738 0.391585 -0.251971 -0.0030118 
23 -0.0082016 0.0169754 -0.697147 -1.52059 0.625429 -1.53067 -0.752842 1.53279 0.650607 1.5074 0.00514992 -0.200847 -0.00934615 0.00133516 0.389677 -0.249381 -0.00169797 -0.197414 0.0085832 -0.000190738 0.391585 -0.251971 -0.0030118 
23 -0.0082016 0.0169754 -0.696765 -1.52059 0.625429 -1.52609 -0.752461 1.53317 0.650607 1.5032 0.00514992 -0.200847 -0.00934615 0.00133516 0.389677 -0.249381 -0.00169797 -0.197414 0.0085832 -0.000190738 0.391585 -0.251971 -0.0030118 
23 -0.0082016 0.0169754 -0.696765 -1.52059 0.625429 -1.52152 -0.752461 1.53317 0.650607 1.49939 0.00514992 -0.200847 -0.00934615 0.00133516 0.389677 -0.249381 -0.00169797 -0.197414 0.0085832 -0.000190738 0.391585 -0.251971 -0.0030118 
23 -0.00782013 0.0169754 -0.696384 -1.52059 0.625429 -1.51732 -0.752079 1.53356 0.650607 1.49519 0.00514992 -0.200847 -0.00934615 0.00133516 0.389677 -0.249381 -0.00169797 -0.197414 0.0085832 -0.000190738 0.391585 -0.251971 -0.0030118 
23 -0.00782013 0.0169754 -0.696384 -1.52097 0.625429 -1.51274 -0.751698 1.53356 0.650607 1.49138 0.00514992 -0.200847 -0.00934615 0.00133516 0.389677 -0.249381 -0.00169797 -0.197414 0.0085832 -0.000190738 0.391585 -0.251971 -0.0030118 
23 -0.00782013 0.0169754 -0.696002 -1.52097 0.625811 -1.50855 -0.751698 1.53356 0.650607 1.48756 0.00514992 -0.200847 -0.00934615 0.00133516 0.389677 -0.249381 -0.00169797 -0.197414 0.0085832 -0.000190738 0.391585 -0.251971 -0.0030118 
23 -0.00782013 0.0169754 -0.696002 -1.52097 0.625811 -1.50473 -0.751316 1.53356 0.650607 1.48337 0.00514992 -0.200847 -0.00934615 0.00133516 0.389677 -0.249381 -0.00169797 -0.197414 0.0085832 0.000190738 0.391585 -0.251971 -0.0030118 
23 -0.00782013 0.0169754 -0.696002 -1.52097 0.625811 -1.50015 -0.751316 1.53356 0.650988 1.47993 0.00514992 -0.200847 -0.00934615 0.00133516 0.389677 -0.249381 -0.00169797 -0.197414 0.0085832 -0.000190738 0.391585 -0.251971 -0.0030118 
23 -0.00782013 0.0169754 -0.695621 -1.52097 0.625811 -1.49596 -0.750935 1.53356 0.650988 1.47612 0.00514992 -0.200847 -0.00934615 0.00133516 0.389677 -0.249381 -0.00169797 -0.197414 0.0085832 -0.000190738 0.391585 -0.251971 -0.0030118 
23 -0.00782013 0.0169754 -0.695621 -1.52135 0.625811 -1.49252 -0.750935 1.53356 0.650988 1.47307 0.00514992 -0.200847 -0.00934615 0.00133516 0.389677 -0.249381 -0.00169797 -0.197414 0.0085832 -0.000190738 0.391585 -0.251971 -0.0030118 
23 -0.00782013 0.0169754 -0.695621 -1.52135 0.625811 -1.48833 -0.750553 1.53356 0.650988 1.46925 0.00514992 -0.200847 -0.00934615 0.00133516 0.389677 -0.249381 -0.00169797 -0.197414 0.0085832 -0.000190738 0.391585 -0.251971 -0.0030118 
23 -0.00782013 0.0169754 -0.695239 -1.52173 0.626192 -1.48451 -0.750553 1.53356 0.650988 1.46582 0.00476844 -0.200847 -0.00934615 0.00133516 0.389677 -0.249381 -0.00169797 -0.197414 0.0085832 -0.000190738 0.391585 -0.251971 -0.0030118 
23 -0.00782013 0.0169754 -0.695239 -1.52173 0.626192 -1.4807 -0.750172 1.53356 0.650988 1.46277 0.00476844 -0.200847 -0.00934615 0.00133516 0.389677 -0.249381 -0.00169797 -0.197414 0.0085832 -0.000190738 0.391585 -0.251971 -0.0030118 
23 -0.00782013 0.0169754 -0.695239 -1.52211 0.626192 -1.47726 -0.750172 1.53356 0.650988 1.45895 0.00476844 -0.200847 -0.00934615 0.00133516 0.389677 -0.249381 -0.00169797 -0.197414 0.0085832 -0.000190738 0.391585 -0.251971 -0.0030118 
23 -0.0082016 0.0169754 -0.694858 -1.52249 0.626192 -1.47383 -0.74979 1.53394 0.65137 1.4559 0.00476844 -0.200847 -0.00934615 0.00133516 0.389677 -0.249381 -0.00169797 -0.197414 0.0085832 -0.000190738 0.391585 -0.251971 -0.0030118 
23 -0.00782013 0.0169754 -0.694858 -1.52287 0.626192 -1.47002 -0.749409 1.53394 0.65137 1.45285 0.00476844 -0.200847 -0.00934615 0.00133516 0.389677 -0.249381 -0.00169797 -0.197414 0.0085832 -0.000190738 0.391585 -0.251971 -0.0030118 
23 -0.0082016 0.0169754 -0.694476 -1.52326 0.626192 -1.46696 -0.749409 1.53394 0.65137 1.45018 0.00476844 -0.200847 -0.00934615 0.00133516 0.389677 -0.249381 -0.00169797 -0.197414 0.0085832 -0.000190738 0.391585 -0.251971 -0.0030118 
23 -0.0082016 0.0169754 -0.694476 -1.52364 0.626574 -1.46315 -0.749409 1.53394 0.65137 1.44713 0.00476844 -0.200847 -0.00934615 0.00133516 0.389677 -0.249381 -0.00169797 -0.197414 0.0085832 -0.000190738 0.391585 -0.251971 -0.0030118 
23 -0.00782013 0.0169754 -0.694476 -1.52402 0.626574 -1.46048 -0.749027 1.53394 0.651751 1.44408 0.00476844 -0.200847 -0.00934615 0.00133516 0.389677 -0.249381 -0.00169797 -0.197414 0.0085832 -0.000190738 0.391585 -0.251971 -0.0030118 
23 -0.0082016 0.0169754 -0.694095 -1.52402 0.626574 -1.45705 -0.749027 1.53394 0.651751 1.44141 0.00476844 -0.200847 -0.00934615 0.00133516 0.389677 -0.249381 -0.00169797 -0.197414 0.0085832 -0.000190738 0.391585 -0.251971 -0.0030118 
23 -0.0082016 0.0169754 -0.694095 -1.5244 0.626574 -1.45438 -0.749027 1.53394 0.651751 1.43874 0.00476844 -0.200847 -0.00934615 0.00133516 0.389677 -0.249381 -0.00169797 -0.197414 0.0085832 -0.000190738 0.391585 -0.251971 -0.0030118 
23 -0.00782013 0.0169754 -0.693713 -1.52478 0.626574 -1.45094 -0.749027 1.53394 0.652132 1.43645 0.00476844 -0.200847 -0.00934615 0.00133516 0.389677 -0.249381 -0.00169797 -0.197414 0.0085832 -0.000190738 0.391585 -0.251971 -0.0030118 
23 -0.00782013 0.0169754 -0.693713 -1.52516 0.626574 -1.44865 -0.748646 1.53394 0.652132 1.43378 0.00476844 -0.200847 -0.00934615 0.00133516 0.389677 -0.249381 -0.00169797 -0.197414 0.0085832 -0.000190738 0.391585 -0.251971 -0.0030118 
23 -0.0082016 0.0169754 -0.693713 -1.52554 0.626574 -1.4456 -0.748646 1.53394 0.652132 1.43149 0.00476844 -0.200847 -0.00934615 0.00133516 0.389677 -0.249381 -0.00169797 -0.197414 0.0085832 -0.000190738 0.391585 -0.251971 -0.0030118 
23 -0.0082016 0.0169754 -0.693332 -1.52593 0.626574 -1.44293 -0.748646 1.53394 0.652132 1.42882 0.00476844 -0.200847 -0.00934615 0.00133516 0.389677 -0.249381 -0.00169797 -0.197414 0.0085832 -0.000190738 0.391585 -0.251971 -0.0030118 
23 -0.0082016 0.0169754 -0.693332 -1.52631 0.626574 -1.44064 -0.748646 1.53394 0.652514 1.42653 0.00476844 -0.200847 -0.00934615 0.00133516 0.389677 -0.249381 -0.00169797 -0.197414 0.0085832 -0.000190738 0.391585 -0.251971 -0.0030118 
23 -0.0082016 0.0169754 -0.693332 -1.52669 0.626574 -1.43797 -0.748646 1.53394 0.652514 1.42462 0.00476844 -0.200847 -0.00934615 0.00133516 0.389677 -0.249381 -0.00169797 -0.197414 0.0085832 -0.000190738 0.391585 -0.251971 -0.0030118 
23 -0.0082016 0.0169754 -0.693332 -1.52745 0.626574 -1.43606 -0.748646 1.53394 0.652514 1.42233 0.00476844 -0.200847 -0.00934615 0.00133516 0.389677 -0.249381 -0.00169797 -0.197414 0.0085832 -0.000190738 0.391585 -0.251971 -0.0030118 
23 -0.0082016 0.0169754 -0.69295 -1.52783 0.626574 -1.43339 -0.748646 1.53394 0.652514 1.42042 0.00476844 -0.200847 -0.00934615 0.00133516 0.389677 -0.249381 -0.00169797 -0.197414 0.0085832 -0.000190738 0.391585 -0.251971 -0.0030118 
23 -0.00782013 0.0169754 -0.69295 -1.52821 0.626574 -1.43149 -0.748264 1.53394 0.652895 1.41852 0.00476844 -0.200847 -0.00934615 0.00133516 0.389677 -0.249381 -0.00169797 -0.197414 0.0085832 -0.000190738 0.391585 -0.251971 -0.0030118 
23 -0.00782013 0.0169754 -0.69295 -1.5286 0.626574 -1.42958 -0.748264 1.53394 0.652895 1.41661 0.00476844 -0.200847 -0.00934615 0.00133516 0.389677 -0.249381 -0.00169797 -0.197414 0.0085832 -0.000190738 0.391585 -0.251971 -0.0030118 
23 -0.00782013 0.0169754 -0.69295 -1.52898 0.626574 -1.42729 -0.748264 1.53394 0.652895 1.4147 0.00476844 -0.200847 -0.00934615 0.00133516 0.389677 -0.249381 -0.00169797 -0.197414 0.0085832 -0.000190738 0.391585 -0.251971 -0.0030118 
23 -0.0082016 0.0169754 -0.69295 -1.52974 0.626574 -1.42576 -0.748264 1.53394 0.652895 1.41318 0.00476844 -0.200847 -0.00934615 0.00133516 0.389677 -0.249381 -0.00169797 -0.197414 0.0085832 -0.000190738 0.391585 -0.251971 -0.0030118 
23 -0.0082016 0.0169754 -0.69295 -1.53012 0.626574 -1.42424 -0.748264 1.53394 0.652895 1.41165 0.00476844 -0.200847 -0.00934615 0.00133516 0.389677 -0.249381 -0.00169797 -0.197414 0.0085832 -0.000190738 0.391585 -0.251971 -0.0030118 
23 -0.0082016 0.0169754 -0.69295 -1.5305 0.626574 -1.42233 -0.748264 1.53394 0.653277 1.40974 0.00476844 -0.200847 -0.00934615 0.00133516 0.389677 -0.249381 -0.00169797 -0.197414 0.0085832 -0.000190738 0.391585 -0.251971 -0.0030118 
23 -0.0082016 0.0169754 -0.69295 -1.53127 0.626574 -1.42081 -0.748264 1.53394 0.653277 1.40822 0.00476844 -0.200847 -0.00934615 0.00133516 0.389677 -0.249381 -0.00169797 -0.197414 0.0085832 0.000190738 0.391585 -0.251971 -0.0030118 
23 -0.0082016 0.0169754 -0.69295 -1.53203 0.626574 -1.41928 -0.748264 1.53394 0.653277 1.40669 0.00476844 -0.200847 -0.00934615 0.00133516 0.389677 -0.249381 -0.00169797 -0.197414 0.0085832 -0.000190738 0.391585 -0.251971 -0.0030118 
23 -0.0082016 0.0169754 -0.69295 -1.53241 0.626574 -1.41814 -0.748264 1.53394 0.652895 1.40555 0.00476844 -0.200847 -0.00934615 0.00133516 0.389677 -0.249381 -0.00169797 -0.197414 0.0085832 -0.000190738 0.391585 -0.251971 -0.0030118 
23 -0.0082016 0.0169754 -0.69295 -1.53317 0.626574 -1.41699 -0.748264 1.53394 0.652895 1.4044 0.00476844 -0.200847 -0.00934615 0.00133516 0.389677 -0.249381 -0.00169797 -0.197414 0.0085832 -0.000190738 0.391585 -0.251971 -0.0030118 
23 -0.0082016 0.0169754 -0.69295 -1.53356 0.626574 -1.41546 -0.748264 1.53394 0.652895 1.40288 0.00476844 -0.200847 -0.00934615 0.00133516 0.389677 -0.249381 -0.00169797 -0.197414 0.0085832 -0.000190738 0.391585 -0.251971 -0.0030118 
23 -0.0082016 0.0169754 -0.69295 -1.53394 0.626574 -1.41432 -0.748264 1.53394 0.652895 1.40211 0.00476844 -0.200847 -0.00934615 0.00133516 0.389677 -0.249381 -0.00169797 -0.197414 0.0085832 -0.000190738 0.391585 -0.251971 -0.0030118 
23 -0.0082016 0.0169754 -0.69295 -1.53432 0.626574 -1.41318 -0.748264 1.53394 0.652895 1.40135 0.00476844 -0.200847 -0.00934615 0.00133516 0.389677 -0.249381 -0.00169797 -0.197414 0.0085832 -0.000190738 0.391585 -0.251971 -0.0030118 
23 -0.0082016 0.0169754 -0.69295 -1.53508 0.626574 -1.41279 -0.748264 1.53394 0.652895 1.40021 0.00476844 -0.200847 -0.00934615 0.00133516 0.389677 -0.249381 -0.00169797 -0.197414 0.0085832 -0.000190738 0.391585 -0.251971 -0.0030118 
23 -0.0082016 0.0169754 -0.69295 -1.53546 0.626192 -1.41203 -0.748264 1.53394 0.652514 1.39944 0.00476844 -0.200847 -0.00934615 0.00133516 0.389677 -0.249381 -0.00169797 -0.197414 0.00820172 -0.000190738 0.391585 -0.251971 -0.0030118 
23 -0.0082016 0.0169754 -0.69295 -1.53584 0.626192 -1.41165 -0.748264 1.53394 0.652514 1.39906 0.00476844 -0.200847 -0.00934615 0.00133516 0.389677 -0.249381 -0.00169797 -0.197414 0.0085832 -0.000190738 0.391585 -0.251971 -0.0030118 
23 -0.0082016 0.0169754 -0.69295 -1.53623 0.626192 -1.41127 -0.748264 1.53356 0.652514 1.39792 0.00476844 -0.200847 -0.00934615 0.00133516 0.389677 -0.249381 -0.00169797 -0.197414 0.00820172 -0.000190738 0.391585 -0.251971 -0.0030118 
23 -0.0082016 0.0169754 -0.69295 -1.53661 0.626192 -1.41089 -0.748646 1.53356 0.652514 1.39715 0.00476844 -0.200847 -0.00934615 0.00133516 0.389677 -0.249381 -0.00169797 -0.197414 0.00820172 0.000190738 0.391585 -0.251971 -0.0030118 
23 -0.0082016 0.0169754 -0.69295 -1.53661 0.626192 -1.41051 -0.748646 1.53356 0.652132 1.39677 0.00476844 -0.200847 -0.00934615 0.00133516 0.389677 -0.249381 -0.00169797 -0.197414 0.00820172 0.000190738 0.391585 -0.251971 -0.0030118 
23 -0.0082016 0.0169754 -0.69295 -1.53699 0.626192 -1.41012 -0.748646 1.53356 0.652132 1.39639 0.00476844 -0.200847 -0.00934615 0.00133516 0.389677 -0.249381 -0.00169797 -0.197414 0.00820172 0.000190738 0.391585 -0.251971 -0.0030118 
23 -0.0082016 0.0169754 -0.69295 -1.53699 0.626192 -1.40974 -0.748646 1.53356 0.652132 1.39601 0.00476844 -0.200847 -0.00934615 0.00133516 0.389677 -0.249381 -0.00169797 -0.197414 0.00820172 0.000190738 0.391585 -0.251971 -0.0030118 
23 -0.0082016 0.0173569 -0.69295 -1.53737 0.626192 -1.40974 -0.749027 1.53356 0.652132 1.39601 0.00476844 -0.200847 -0.00934615 0.00133516 0.389677 -0.249381 -0.00169797 -0.197414 0.00820172 0.000190738 0.391585 -0.251971 -0.0030118 
23 -0.0082016 0.0169754 -0.69295 -1.53775 0.626192 -1.40974 -0.749027 1.53356 0.651751 1.39601 0.00476844 -0.200847 -0.00934615 0.00133516 0.389677 -0.249381 -0.00169797 -0.197414 0.00820172 0.000190738 0.391585 -0.251971 -0.0030118 
23 -0.00782013 0.0169754 -0.693332 -1.53775 0.626192 -1.40974 -0.749027 1.53356 0.651751 1.39639 0.00476844 -0.200847 -0.00934615 0.00133516 0.389677 -0.249381 -0.00169797 -0.197414 0.00820172 0.000190738 0.391585 -0.251971 -0.0030118 
23 -0.0082016 0.0169754 -0.693332 -1.53813 0.626192 -1.41012 -0.749409 1.53356 0.651751 1.39639 0.00514992 -0.200847 -0.00934615 0.00133516 0.389677 -0.249381 -0.00169797 -0.197414 0.00820172 -0.000190738 0.391585 -0.251971 -0.0030118 
23 -0.0082016 0.0169754 -0.693332 -1.53813 0.626192 -1.41012 -0.749409 1.53356 0.65137 1.39715 0.00514992 -0.200847 -0.00934615 0.00133516 0.389677 -0.249381 -0.00169797 -0.197414 0.00820172 -0.000190738 0.391585 -0.251971 -0.0030118 
23 -0.0082016 0.0169754 -0.693332 -1.53813 0.626192 -1.41051 -0.74979 1.53356 0.65137 1.39754 0.00514992 -0.200847 -0.00934615 0.00133516 0.389677 -0.249381 -0.00169797 -0.197414 0.00820172 -0.000190738 0.391585 -0.251971 -0.0030118 
23 -0.00782013 0.0169754 -0.693332 -1.53851 0.626192 -1.41089 -0.74979 1.53356 0.65137 1.3983 0.00514992 -0.200847 -0.00934615 0.00133516 0.389677 -0.249381 -0.00169797 -0.197414 0.00820172 -0.000190738 0.391585 -0.251971 -0.0030118 
23 -0.00782013 0.0169754 -0.693713 -1.5389 0.626192 -1.41127 -0.74979 1.53356 0.650988 1.39906 0.00514992 -0.200847 -0.00934615 0.00133516 0.389677 -0.249381 -0.00169797 -0.197414 0.00820172 -0.000190738 0.391585 -0.251971 -0.0030118 
23 -0.0082016 0.0169754 -0.693713 -1.5389 0.626192 -1.41165 -0.74979 1.53356 0.650988 1.39982 0.00514992 -0.200847 -0.00934615 0.00133516 0.389677 -0.249381 -0.00169797 -0.197414 0.00820172 -0.000190738 0.391585 -0.251971 -0.0030118 
23 -0.0082016 0.0169754 -0.694095 -1.5389 0.626192 -1.41203 -0.750172 1.53356 0.650988 1.40021 0.00514992 -0.200847 -0.00934615 0.00133516 0.389677 -0.249381 -0.00169797 -0.197414 0.00820172 -0.000190738 0.391585 -0.251971 -0.0030118 
23 -0.0082016 0.0169754 -0.694095 -1.53928 0.625811 -1.41241 -0.750172 1.53356 0.650607 1.40097 0.00514992 -0.200847 -0.00934615 0.00133516 0.389677 -0.249381 -0.00169797 -0.197414 0.00820172 -0.000190738 0.391585 -0.251971 -0.0030118 
23 -0.0082016 0.0173569 -0.694476 -1.53928 0.625811 -1.41318 -0.750172 1.53356 0.650607 1.40173 0.00514992 -0.200847 -0.00934615 0.00133516 0.389677 -0.249381 -0.00169797 -0.197414 0.00820172 0.000190738 0.391585 -0.251971 -0.0030118 
23 -0.00782013 0.0169754 -0.694476 -1.53966 0.625811 -1.41394 -0.750553 1.53356 0.650607 1.40211 0.00514992 -0.200847 -0.00934615 0.00133516 0.389677 -0.249381 -0.00169797 -0.197414 0.00820172 0.000190738 0.391585 -0.251971 -0.0030118 
23 -0.0082016 0.0169754 -0.694858 -1.53966 0.625811 -1.41508 -0.750553 1.53356 0.650225 1.40326 0.00514992 -0.200847 -0.00934615 0.00133516 0.389677 -0.249381 -0.00169797 -0.197414 0.00820172 0.000190738 0.391585 -0.251971 -0.0030118 
23 -0.00782013 0.0169754 -0.694858 -1.54004 0.625811 -1.41623 -0.750553 1.53356 0.650225 1.40402 0.00514992 -0.200847 -0.00934615 0.00133516 0.389677 -0.249381 -0.00169797 -0.197414 0.00820172 0.000190738 0.391585 -0.251971 -0.0030118 
23 -0.0082016 0.0169754 -0.695239 -1.54004 0.625811 -1.41775 -0.750935 1.53356 0.650225 1.40517 0.00514992 -0.200847 -0.00934615 0.00133516 0.389677 -0.249381 -0.00169797 -0.197414 0.00820172 0.000190738 0.391585 -0.251971 -0.0030118 
23 -0.0082016 0.0173569 -0.695239 -1.54004 0.625811 -1.41852 -0.751316 1.53356 0.650225 1.40631 0.00514992 -0.200847 -0.00934615 0.00133516 0.389677 -0.249381 -0.00169797 -0.197414 0.00820172 0.000190738 0.391585 -0.251971 -0.0030118 
23 -0.0082016 0.0169754 -0.695621 -1.54042 0.625811 -1.42004 -0.751316 1.53356 0.650225 1.40745 0.00514992 -0.200847 -0.00934615 0.00133516 0.389677 -0.249381 -0.00169797 -0.197414 0.00820172 0.000190738 0.391585 -0.251971 -0.0030118 
23 -0.0082016 0.0169754 -0.695621 -1.54042 0.625811 -1.42119 -0.751698 1.53356 0.649844 1.40898 0.00514992 -0.200847 -0.00934615 0.00133516 0.389677 -0.249381 -0.00169797 -0.197414 0.00820172 0.000190738 0.391585 -0.251971 -0.0030118 
23 -0.00782013 0.0169754 -0.695621 -1.54042 0.625811 -1.42309 -0.751698 1.53356 0.649844 1.41089 0.00514992 -0.200847 -0.00934615 0.00133516 0.389677 -0.249381 -0.00169797 -0.197414 0.00820172 0.000190738 0.391585 -0.251971 -0.0030118 
23 -0.00782013 0.0169754 -0.696002 -1.54042 0.625429 -1.42462 -0.752079 1.53356 0.649844 1.41241 0.00514992 -0.200847 -0.00934615 0.00133516 0.389677 -0.249381 -0.00169797 -0.197414 0.00820172 0.000190738 0.391585 -0.251971 -0.0030118 
23 -0.00782013 0.0169754 -0.696002 -1.5408 0.625429 -1.42615 -0.752461 1.53356 0.649844 1.41394 0.00514992 -0.200847 -0.00934615 0.00133516 0.389677 -0.249381 -0.00169797 -0.197414 0.00820172 -0.000190738 0.391585 -0.251971 -0.0030118 
23 -0.0082016 0.0173569 -0.696002 -1.5408 0.625429 -1.42767 -0.752461 1.53356 0.649844 1.41585 0.00514992 -0.200847 -0.00934615 0.00133516 0.389677 -0.249381 -0.00169797 -0.197414 0.00820172 0.000190738 0.391585 -0.251971 -0.0030118 
23 -0.00782013 0.0169754 -0.696384 -1.5408 0.625429 -1.42996 -0.752461 1.53356 0.649844 1.41775 0.00514992 -0.200847 -0.00934615 0.00133516 0.389677 -0.249381 -0.00169797 -0.197414 0.00820172 -0.000190738 0.391585 -0.251971 -0.0030118 
23 -0.0082016 0.0169754 -0.696384 -1.54118 0.625429 -1.43149 -0.752842 1.53356 0.649844 1.41928 0.00514992 -0.200847 -0.00934615 0.00133516 0.389677 -0.249381 -0.00169797 -0.197414 0.00820172 -0.000190738 0.391585 -0.251971 -0.0030118 
23 -0.0082016 0.0169754 -0.696765 -1.54118 0.625429 -1.43339 -0.752842 1.53356 0.649844 1.42119 0.00514992 -0.200847 -0.00934615 0.00133516 0.389677 -0.249381 -0.00169797 -0.197414 0.00820172 -0.000190738 0.391585 -0.251971 -0.0030118 
23 -0.0082016 0.0169754 -0.697147 -1.54118 0.625429 -1.43568 -0.753223 1.53317 0.649844 1.42386 0.00514992 -0.200847 -0.00934615 0.00133516 0.389677 -0.249381 -0.00169797 -0.197414 0.00820172 -0.000190738 0.391585 -0.251971 -0.0030118 
23 -0.0082016 0.0169754 -0.697147 -1.54118 0.625048 -1.43759 -0.753223 1.53317 0.649844 1.42576 0.00514992 -0.200847 -0.00934615 0.00133516 0.389677 -0.249381 -0.00169797 -0.197414 0.00820172 -0.000190738 0.391585 -0.251971 -0.0030118 
23 -0.0082016 0.0169754 -0.697528 -1.54118 0.625048 -1.4395 -0.753605 1.53317 0.649844 1.42767 0.00514992 -0.200847 -0.00934615 0.00133516 0.389677 -0.249381 -0.00169797 -0.197414 0.00820172 -0.000190738 0.391585 -0.251971 -0.0030118 
23 -0.0082016 0.0169754 -0.69791 -1.54157 0.625048 -1.44217 -0.753605 1.53279 0.649844 1.43034 0.00514992 -0.200847 -0.00934615 0.00133516 0.389677 -0.249381 -0.00169797 -0.197414 0.00820172 -0.000190738 0.391585 -0.251971 -0.0030118 
23 -0.0082016 0.0169754 -0.69791 -1.54157 0.625048 -1.44408 -0.753986 1.53241 0.649844 1.43263 0.00514992 -0.200847 -0.00934615 0.00133516 0.389677 -0.249381 -0.00169797 -0.197414 0.00820172 -0.000190738 0.391585 -0.251971 -0.0030118 
23 -0.0082016 0.0169754 -0.698291 -1.54157 0.625048 -1.44636 -0.753986 1.53241 0.649844 1.43492 0.00514992 -0.200847 -0.00934615 0.00133516 0.389677 -0.249381 -0.00169797 -0.197414 0.00820172 -0.000190738 0.391585 -0.251971 -0.0030118 
23 -0.0082016 0.0169754 -0.698672 -1.54157 0.625048 -1.44903 -0.753986 1.53203 0.649844 1.43759 0.00514992 -0.200847 -0.00934615 0.00133516 0.389677 -0.249381 -0.00169797 -0.197414 0.00820172 -0.000190738 0.391585 -0.251971 -0.0030118 
23 -0.0082016 0.0169754 -0.698672 -1.54157 0.625048 -1.45132 -0.754368 1.53203 0.649844 1.43988 0.00514992 -0.200847 -0.00934615 0.00133516 0.389677 -0.249381 -0.00169797 -0.197414 0.00820172 -0.000190738 0.391585 -0.251971 -0.0030118 
23 -0.0082016 0.0169754 -0.699054 -1.54157 0.625048 -1.45438 -0.754368 1.53165 0.649844 1.44293 0.00514992 -0.200847 -0.00934615 0.00133516 0.389677 -0.249381 -0.00169797 -0.197414 0.00820172 -0.000190738 0.391585 -0.251971 -0.0030118 
23 -0.00782013 0.0169754 -0.699435 -1.54157 0.625048 -1.45666 -0.754749 1.53165 0.649462 1.44522 0.00514992 -0.200847 -0.00934615 0.00133516 0.389677 -0.249381 -0.00169797 -0.197414 0.00820172 -0.000190738 0.391585 -0.251971 -0.0030118 
23 -0.0082016 0.0169754 -0.699817 -1.54157 0.625048 -1.45933 -0.754749 1.53127 0.649462 1.44865 0.00514992 -0.200847 -0.00934615 0.00133516 0.389677 -0.249381 -0.00169797 -0.197414 0.00820172 -0.000190738 0.391585 -0.251971 -0.0030118 
23 -0.0082016 0.0169754 -0.700198 -1.54157 0.625048 -1.46239 -0.754749 1.53127 0.649462 1.45132 0.00514992 -0.200847 -0.00934615 0.00133516 0.389677 -0.249381 -0.00169797 -0.197414 0.00820172 -0.000190738 0.391585 -0.251971 -0.0030118 
23 -0.00782013 0.0169754 -0.70058 -1.54157 0.625048 -1.46468 -0.755131 1.53127 0.649462 1.45438 0.00514992 -0.200847 -0.00934615 0.00133516 0.389677 -0.249381 -0.00169797 -0.197414 0.00820172 -0.000190738 0.391585 -0.251971 -0.0030118 
23 -0.00782013 0.0169754 -0.700961 -1.54157 0.625048 -1.46773 -0.755131 1.53127 0.649081 1.45705 0.00476844 -0.200847 -0.00934615 0.00133516 0.389677 -0.249381 -0.00169797 -0.197414 0.00820172 0.000190738 0.391585 -0.251971 -0.0030118 
23 -0.0082016 0.0169754 -0.701343 -1.54157 0.625048 -1.4704 -0.755131 1.53127 0.649081 1.46048 0.00476844 -0.200847 -0.00934615 0.00133516 0.389677 -0.249381 -0.00169797 -0.197414 0.00820172 -0.000190738 0.391585 -0.251971 -0.0030118 
23 -0.00782013 0.0169754 -0.701724 -1.54157 0.624666 -1.47383 -0.755512 1.53127 0.649081 1.46315 0.00476844 -0.200847 -0.00934615 0.00133516 0.389677 -0.249381 -0.00169797 -0.197414 0.00820172 -0.000190738 0.391585 -0.251971 -0.0030118 
23 -0.0082016 0.0169754 -0.702106 -1.54157 0.625048 -1.47612 -0.755512 1.53127 0.648699 1.4662 0.00476844 -0.200847 -0.00934615 0.00133516 0.389677 -0.249381 -0.00169797 -0.197414 0.0085832 -0.000190738 0.391585 -0.251971 -0.0030118 
23 -0.0082016 0.0169754 -0.702487 -1.54157 0.625048 -1.47955 -0.755512 1.53127 0.648699 1.46963 0.00476844 -0.200847 -0.00934615 0.00133516 0.389677 -0.249381 -0.00169797 -0.197414 0.00820172 -0.000190738 0.391585 -0.251971 -0.0030118 
23 -0.00782013 0.0169754 -0.702869 -1.54157 0.625048 -1.48222 -0.755894 1.53127 0.648318 1.47307 0.00476844 -0.200847 -0.00934615 0.00133516 0.389677 -0.249381 -0.00169797 -0.197414 0.00820172 -0.000190738 0.391585 -0.251971 -0.0030118 
23 -0.0082016 0.0169754 -0.70325 -1.54157 0.625048 -1.48566 -0.755894 1.53088 0.648318 1.47612 0.00476844 -0.200847 -0.00934615 0.00133516 0.389677 -0.249381 -0.00169797 -0.197414 0.00820172 -0.000190738 0.391585 -0.251971 -0.0030118 
23 -0.0082016 0.0169754 -0.703632 -1.54157 0.624666 -1.48871 -0.756275 1.53088 0.647936 1.47955 0.00476844 -0.200847 -0.00934615 0.00133516 0.389677 -0.249381 -0.00169797 -0.197414 0.00820172 -0.000190738 0.391585 -0.251971 -0.0030118 
23 -0.0082016 0.0169754 -0.704013 -1.54157 0.624666 -1.49214 -0.756275 1.53088 0.647936 1.4826 0.00476844 -0.200847 -0.00934615 0.00133516 0.389677 -0.249381 -0.00169797 -0.197414 0.00820172 -0.000190738 0.391585 -0.251971 -0.0030118 
23 -0.0082016 0.0169754 -0.704395 -1.54157 0.624666 -1.49481 -0.756657 1.53088 0.647936 1.48642 0.00476844 -0.200847 -0.00934615 0.00133516 0.389677 -0.249381 -0.00169797 -0.197414 0.00820172 -0.000190738 0.391585 -0.251971 -0.0030118 
23 -0.00782013 0.0169754 -0.704776 -1.54157 0.624666 -1.49863 -0.756657 1.53088 0.647555 1.48947 0.00476844 -0.200847 -0.00934615 0.00133516 0.389677 -0.249381 -0.00169797 -0.197414 0.00820172 -0.000190738 0.391585 -0.251971 -0.0030118 
23 -0.0082016 0.0169754 -0.705158 -1.54157 0.624666 -1.50168 -0.757038 1.53088 0.647555 1.49329 0.00476844 -0.200847 -0.00934615 0.00133516 0.389677 -0.249381 -0.00169797 -0.197414 0.00820172 -0.000190738 0.391585 -0.251971 -0.0030118 
23 -0.00782013 0.0169754 -0.705158 -1.54157 0.624666 -1.50549 -0.757038 1.53088 0.647173 1.49672 0.00476844 -0.200847 -0.00934615 0.00133516 0.389677 -0.249381 -0.00169797 -0.197414 0.00820172 -0.000190738 0.391585 -0.251971 -0.0030118 
23 -0.0082016 0.0169754 -0.705539 -1.54118 0.624666 -1.50855 -0.75742 1.53088 0.647173 1.50053 0.00476844 -0.200847 -0.00934615 0.00133516 0.389677 -0.249381 -0.00169797 -0.197414 0.00820172 -0.000190738 0.391585 -0.251971 -0.0030118 
23 -0.00782013 0.0169754 -0.705921 -1.54118 0.624666 -1.51236 -0.75742 1.53088 0.646792 1.50397 0.00476844 -0.200847 -0.00934615 0.00133516 0.389677 -0.249381 -0.00169797 -0.197414 0.00820172 -0.000190738 0.391585 -0.251971 -0.0030118 
23 -0.0082016 0.0169754 -0.706302 -1.54118 0.624666 -1.51617 -0.757801 1.53088 0.646792 1.5074 0.00476844 -0.200847 -0.00934615 0.00133516 0.389677 -0.249381 -0.00169797 -0.197414 0.00820172 -0.000190738 0.391585 -0.251971 -0.0030118 
23 -0.0082016 0.0169754 -0.706683 -1.54118 0.624285 -1.51961 -0.758183 1.53088 0.64641 1.5116 0.00476844 -0.200847 -0.00934615 0.00133516 0.389677 -0.249381 -0.00169797 -0.197414 0.00820172 -0.000190738 0.391585 -0.251971 -0.0030118 
23 -0.00782013 0.0169754 -0.707065 -1.54118 0.624285 -1.52342 -0.758183 1.53088 0.646029 1.51503 0.00476844 -0.200847 -0.00934615 0.00133516 0.389677 -0.249381 -0.00169797 -0.197414 0.0085832 0.000190738 0.391585 -0.251971 -0.0030118 
23 -0.0082016 0.0169754 -0.707446 -1.54118 0.624285 -1.52686 -0.758564 1.53088 0.645647 1.51884 0.00476844 -0.200847 -0.00934615 0.00133516 0.389677 -0.249381 -0.00169797 -0.197414 0.0085832 -0.000190738 0.391585 -0.251971 -0.0030118 
23 -0.0082016 0.0169754 -0.707828 -1.5408 0.623903 -1.53105 -0.758564 1.53088 0.645266 1.52304 0.00476844 -0.200847 -0.00934615 0.00133516 0.389677 -0.249381 -0.00169797 -0.197414 0.00820172 -0.000190738 0.391585 -0.251971 -0.0030118 
23 -0.0082016 0.0169754 -0.707828 -1.5408 0.623903 -1.53487 -0.758946 1.53088 0.645266 1.52647 0.00476844 -0.200847 -0.00934615 0.00133516 0.389677 -0.249381 -0.00169797 -0.197414 0.0085832 -0.000190738 0.391585 -0.251971 -0.0030118 
23 -0.00782013 0.0169754 -0.708209 -1.5408 0.623522 -1.53868 -0.759327 1.53088 0.644884 1.53067 0.00476844 -0.200847 -0.00934615 0.00133516 0.389677 -0.249381 -0.00169797 -0.197414 0.00820172 -0.000190738 0.391585 -0.251971 -0.0030118 
23 -0.0082016 0.0169754 -0.708209 -1.5408 0.623522 -1.54288 -0.759709 1.53088 0.644503 1.53449 0.00476844 -0.200847 -0.00934615 0.00133516 0.389677 -0.249381 -0.00169797 -0.197414 0.00820172 -0.000190738 0.391585 -0.251971 -0.0030118 
23 -0.0082016 0.0169754 -0.708591 -1.5408 0.623522 -1.54669 -0.76009 1.53088 0.644503 1.53868 0.00476844 -0.200847 -0.00934615 0.00133516 0.389677 -0.249381 -0.00169797 -0.197414 0.00820172 -0.000190738 0.391585 -0.251971 -0.0030118 
23 -0.00782013 0.0169754 -0.708972 -1.54042 0.62314 -1.55089 -0.760472 1.53088 0.644121 1.54288 0.00476844 -0.200847 -0.00934615 0.00133516 0.389677 -0.249381 -0.00169797 -0.197414 0.00820172 -0.000190738 0.391585 -0.251971 -0.0030118 
23 -0.0082016 0.0169754 -0.709354 -1.54042 0.62314 -1.55509 -0.760853 1.53088 0.64374 1.54669 0.00476844 -0.200847 -0.00934615 0.00133516 0.389677 -0.249381 -0.00169797 -0.197414 0.0085832 -0.000190738 0.391585 -0.251971 -0.0030118 
23 -0.0082016 0.0169754 -0.709735 -1.54042 0.62314 -1.55928 -0.761234 1.53088 0.64374 1.55089 0.00514992 -0.200847 -0.00934615 0.00133516 0.389677 -0.249381 -0.00169797 -0.197414 0.00820172 0.000190738 0.391585 -0.251971 -0.0030118 
23 -0.00782013 0.0169754 -0.710117 -1.54042 0.622759 -1.56348 -0.761997 1.53088 0.643359 1.55547 0.00514992 -0.200847 -0.00934615 0.00133516 0.389677 -0.249381 -0.00169797 -0.197414 0.00820172 0.000190738 0.391585 -0.251971 -0.0030118 
23 -0.0082016 0.0169754 -0.710498 -1.54042 0.622759 -1.56767 -0.762379 1.53088 0.642977 1.55928 0.00514992 -0.200847 -0.00934615 0.00133516 0.389677 -0.249381 -0.00169797 -0.197414 0.00820172 -0.000190738 0.391585 -0.251971 -0.0030118 
23 -0.00782013 0.0169754 -0.710498 -1.54042 0.622759 -1.57225 -0.763142 1.53088 0.642596 1.56348 0.00514992 -0.200847 -0.00934615 0.00133516 0.389677 -0.249381 -0.00169797 -0.197414 0.00820172 -0.000190738 0.391585 -0.251971 -0.0030118 
23 -0.0082016 0.0169754 -0.71088 -1.54042 0.622759 -1.57645 -0.763523 1.53088 0.642596 1.56806 0.00514992 -0.200847 -0.00934615 0.00133516 0.389677 -0.249381 -0.00169797 -0.197414 0.00820172 -0.000190738 0.391585 -0.251971 -0.0030118 
23 -0.0082016 0.0169754 -0.711261 -1.54042 0.622759 -1.58064 -0.763905 1.53088 0.642214 1.57263 0.00514992 -0.200847 -0.00934615 0.00133516 0.389677 -0.249381 -0.00169797 -0.197414 0.00820172 -0.000190738 0.391585 -0.251971 -0.0030118 
23 -0.00782013 0.0169754 -0.711643 -1.54042 0.622759 -1.58522 -0.764286 1.53088 0.641833 1.57683 0.00514992 -0.200847 -0.00934615 0.00133516 0.389677 -0.249381 -0.00169797 -0.197414 0.00820172 -0.000190738 0.391585 -0.251971 -0.0030118 
23 -0.0082016 0.0169754 -0.712024 -1.54042 0.622759 -1.58942 -0.764668 1.53088 0.641451 1.58141 0.00514992 -0.200847 -0.00934615 0.00133516 0.389677 -0.249381 -0.00169797 -0.197414 0.00820172 -0.000190738 0.391585 -0.251971 -0.0030118 
23 -0.0082016 0.0169754 -0.712406 -1.54004 0.622759 -1.594 -0.764668 1.53088 0.64107 1.58598 0.00514992 -0.200847 -0.00934615 0.00133516 0.389677 -0.249381 -0.00169797 -0.197414 0.00820172 -0.000190738 0.391585 -0.251971 -0.0030118 
23 -0.0082016 0.0169754 -0.712787 -1.54004 0.622759 -1.59857 -0.765049 1.53088 0.640688 1.59018 0.00514992 -0.200847 -0.00934615 0.00133516 0.389677 -0.249381 -0.00169797 -0.197414 0.00820172 -0.000190738 0.391585 -0.251971 -0.0030118 
23 -0.0082016 0.0169754 -0.71355 -1.54004 0.622759 -1.60277 -0.765431 1.53088 0.640307 1.59476 0.00514992 -0.200847 -0.00934615 0.00133516 0.389677 -0.249381 -0.00169797 -0.197414 0.00820172 -0.000190738 0.391585 -0.251971 -0.0030118 
23 -0.0082016 0.0169754 -0.713932 -1.54004 0.622759 -1.60735 -0.765812 1.53088 0.639544 1.59972 0.00514992 -0.200847 -0.00934615 0.00133516 0.389677 -0.249381 -0.00169797 -0.197414 0.00820172 -0.000190738 0.391585 -0.251971 -0.0030118 
23 -0.0082016 0.0169754 -0.714694 -1.54004 0.622759 -1.61192 -0.766194 1.53088 0.639162 1.6043 0.00514992 -0.200847 -0.00934615 0.00133516 0.389677 -0.249381 -0.00169797 -0.197414 0.00820172 -0.000190738 0.391585 -0.251971 -0.0030118 
23 -0.0082016 0.0169754 -0.715076 -1.54004 0.622759 -1.61688 -0.766194 1.53088 0.638399 1.60849 0.00514992 -0.200847 -0.00934615 0.00133516 0.389677 -0.249381 -0.00169797 -0.197414 0.00820172 -0.000190738 0.391585 -0.251971 -0.0030118 
23 -0.0082016 0.0169754 -0.715457 -1.54004 0.622759 -1.62108 -0.766575 1.53088 0.638018 1.61345 0.00514992 -0.200847 -0.00934615 0.00133516 0.389677 -0.249381 -0.00169797 -0.197414 0.00820172 -0.000190738 0.391585 -0.251971 -0.0030118 
23 -0.0082016 0.0169754 -0.71622 -1.54004 0.622759 -1.62566 -0.766957 1.53088 0.637636 1.61841 0.00514992 -0.200847 -0.00934615 0.00133516 0.389677 -0.249381 -0.00169797 -0.197414 0.00820172 -0.000190738 0.391585 -0.251971 -0.0030118 
23 -0.0082016 0.0169754 -0.716602 -1.54004 0.622759 -1.63024 -0.766957 1.53088 0.636873 1.62337 0.00514992 -0.200847 -0.00934615 0.00133516 0.389677 -0.249381 -0.00169797 -0.197414 0.00820172 -0.000190738 0.391585 -0.251971 -0.0030118 
23 -0.0082016 0.0169754 -0.717365 -1.53966 0.62314 -1.63519 -0.767338 1.53088 0.63611 1.62795 0.00514992 -0.200847 -0.00934615 0.00133516 0.389677 -0.249381 -0.00169797 -0.197414 0.00820172 -0.000190738 0.391585 -0.251971 -0.0030118 
23 -0.0082016 0.0169754 -0.717746 -1.53966 0.62314 -1.63939 -0.76772 1.53127 0.635348 1.63291 0.00514992 -0.200847 -0.00934615 0.00133516 0.389677 -0.249381 -0.00169797 -0.197414 0.00820172 -0.000190738 0.391585 -0.251971 -0.0030118 
23 -0.0082016 0.0169754 -0.718128 -1.53966 0.62314 -1.64397 -0.76772 1.53127 0.634966 1.63825 0.00514992 -0.200847 -0.00934615 0.00133516 0.389677 -0.249381 -0.00169797 -0.197414 0.00820172 -0.000190738 0.391585 -0.251971 -0.0030118 
23 -0.0082016 0.0169754 -0.718891 -1.53966 0.62314 -1.64893 -0.768101 1.53127 0.634585 1.64321 0.00514992 -0.200847 -0.00934615 0.00133516 0.389677 -0.249381 -0.00169797 -0.197414 0.00820172 -0.000190738 0.391585 -0.251971 -0.0030118 
23 -0.0082016 0.0169754 -0.719272 -1.54004 0.62314 -1.65389 -0.768483 1.53127 0.634585 1.64817 0.00514992 -0.200847 -0.00934615 0.00133516 0.389677 -0.249381 -0.00169797 -0.197414 0.00820172 -0.000190738 0.391585 -0.251971 -0.0030118 
23 -0.0082016 0.0169754 -0.720035 -1.54004 0.62314 -1.65808 -0.768483 1.53127 0.634203 1.65312 0.00514992 -0.200847 -0.00934615 0.00133516 0.389677 -0.249381 -0.00169797 -0.197414 0.00820172 -0.000190738 0.391585 -0.251971 -0.0030118 
23 -0.0082016 0.0169754 -0.720417 -1.54004 0.62314 -1.66304 -0.768864 1.53127 0.633822 1.6577 0.00514992 -0.200847 -0.00934615 0.00133516 0.389677 -0.249381 -0.00169797 -0.197414 0.00820172 -0.000190738 0.391585 -0.251971 -0.0030118 
23 -0.0082016 0.0169754 -0.720798 -1.54004 0.623522 -1.668 -0.769245 1.53127 0.633822 1.66304 0.00514992 -0.200847 -0.00934615 0.00133516 0.389677 -0.249381 -0.00169797 -0.197414 0.00820172 -0.000190738 0.391585 -0.251971 -0.0030118 
23 -0.0082016 0.0169754 -0.72118 -1.54004 0.623522 -1.67296 -0.769245 1.53127 0.63344 1.66838 0.00514992 -0.200847 -0.00934615 0.00133516 0.389677 -0.249381 -0.00169797 -0.197414 0.00820172 -0.000190738 0.391585 -0.251971 -0.0030118 
23 -0.00782013 0.0169754 -0.721942 -1.54004 0.623522 -1.67792 -0.769627 1.53127 0.63344 1.67372 0.00514992 -0.200847 -0.00934615 0.00133516 0.389677 -0.249381 -0.00169797 -0.197414 0.00820172 -0.000190738 0.391585 -0.251971 -0.0030118 
23 -0.0082016 0.0169754 -0.722324 -1.54004 0.623522 -1.6825 -0.769627 1.53127 0.63344 1.67868 0.00514992 -0.200847 -0.00934615 0.00133516 0.389677 -0.249381 -0.00169797 -0.197414 0.00820172 -0.000190738 0.391585 -0.251971 -0.0030118 
23 -0.0082016 0.0169754 -0.723087 -1.54004 0.623522 -1.68746 -0.770008 1.53165 0.63344 1.68364 0.00514992 -0.200847 -0.00934615 0.00133516 0.389677 -0.249381 -0.00169797 -0.197414 0.00820172 -0.000190738 0.391585 -0.251971 -0.0030118 
23 -0.0082016 0.0169754 -0.723468 -1.54004 0.623522 -1.69242 -0.770008 1.53165 0.63344 1.6886 0.00514992 -0.200847 -0.00934615 0.00133516 0.389677 -0.249381 -0.00169797 -0.197414 0.00820172 -0.000190738 0.391585 -0.251971 -0.0030118 
23 -0.0082016 0.0169754 -0.724231 -1.54004 0.623522 -1.69776 -0.770008 1.53165 0.63344 1.69394 0.00514992 -0.200847 -0.00934615 0.00133516 0.389677 -0.249381 -0.00169797 -0.197414 0.00820172 -0.000190738 0.391585 -0.251971 -0.0030118 
23 -0.0082016 0.0169754 -0.724613 -1.54004 0.623522 -1.70233 -0.77039 1.53165 0.63344 1.69928 0.00514992 -0.200847 -0.00934615 0.00133516 0.389677 -0.249381 -0.00169797 -0.197032 0.00820172 -0.000190738 0.391585 -0.251971 -0.0030118 
23 -0.0082016 0.0169754 -0.725376 -1.54004 0.623522 -1.70729 -0.77039 1.53165 0.63344 1.70462 0.00514992 -0.200847 -0.00934615 0.00133516 0.389677 -0.249381 -0.00169797 -0.197032 0.00820172 0.000190738 0.391585 -0.251971 -0.0030118 
23 -0.0082016 0.0169754 -0.725757 -1.54004 0.623522 -1.71263 -0.770771 1.53165 0.63344 1.70996 0.00514992 -0.200847 -0.00934615 0.00133516 0.389677 -0.249381 -0.00169797 -0.197414 0.00820172 -0.000190738 0.391585 -0.251971 -0.0030118 
23 -0.0082016 0.0169754 -0.72652 -1.54004 0.623522 -1.71759 -0.770771 1.53165 0.63344 1.71492 0.00514992 -0.200847 -0.00934615 0.00133516 0.389677 -0.249381 -0.00169797 -0.197032 0.00820172 -0.000190738 0.391585 -0.251971 -0.0030118 
23 -0.0082016 0.0169754 -0.726902 -1.54004 0.623903 -1.72293 -0.771153 1.53165 0.633822 1.72026 0.00514992 -0.200847 -0.00934615 0.00133516 0.389677 -0.249381 -0.00169797 -0.197032 0.00820172 -0.000190738 0.391585 -0.251971 -0.0030118 
23 -0.00782013 0.0169754 -0.727283 -1.54004 0.623903 -1.72789 -0.771153 1.53165 0.633822 1.7256 0.00514992 -0.200847 -0.00934615 0.00133516 0.389677 -0.249381 -0.00169797 -0.197032 0.00820172 -0.000190738 0.391585 -0.251971 -0.0030118 
23 -0.0082016 0.0169754 -0.728046 -1.54004 0.623903 -1.73285 -0.771153 1.53165 0.633822 1.73133 0.00514992 -0.200847 -0.00934615 0.00133516 0.389677 -0.249381 -0.00169797 -0.197414 0.00820172 -0.000190738 0.391585 -0.251971 -0.0030118 
23 -0.0082016 0.0169754 -0.728809 -1.54004 0.624285 -1.73819 -0.771534 1.53165 0.633822 1.73667 0.00514992 -0.200847 -0.00934615 0.00133516 0.389677 -0.249381 -0.00169797 -0.197414 0.00820172 -0.000190738 0.391585 -0.251971 -0.0030118 
23 -0.0082016 0.0169754 -0.729572 -1.54004 0.624285 -1.74315 -0.771916 1.53165 0.633822 1.74201 0.00514992 -0.200847 -0.00934615 0.00133516 0.389677 -0.249381 -0.00169797 -0.197414 0.00820172 -0.000190738 0.391585 -0.251971 -0.0030118 
23 -0.00782013 0.0169754 -0.729953 -1.54004 0.624285 -1.74849 -0.772297 1.53165 0.634203 1.74773 0.00514992 -0.200847 -0.00934615 0.00133516 0.389677 -0.249381 -0.00169797 -0.197414 0.00820172 -0.000190738 0.391585 -0.251971 -0.0030118 
23 -0.0082016 0.0169754 -0.730335 -1.54004 0.624666 -1.75345 -0.772297 1.53203 0.634203 1.75269 0.00514992 -0.200847 -0.00934615 0.00133516 0.389677 -0.249381 -0.00169797 -0.197414 0.00820172 -0.000190738 0.391585 -0.251971 -0.0030118 
23 -0.0082016 0.0169754 -0.730716 -1.54004 0.624666 -1.75803 -0.772679 1.53203 0.634203 1.75803 0.00514992 -0.200847 -0.00934615 0.00133516 0.389677 -0.249381 -0.00169797 -0.197414 0.00820172 -0.000190738 0.391585 -0.251971 -0.0030118 
23 -0.0082016 0.0169754 -0.731098 -1.54004 0.624666 -1.76337 -0.77306 1.53203 0.634585 1.76337 0.00514992 -0.200847 -0.00934615 0.00133516 0.389677 -0.249381 -0.00169797 -0.197414 0.00820172 -0.000190738 0.391585 -0.251971 -0.0030118 
23 -0.0082016 0.0169754 -0.731861 -1.54004 0.625048 -1.76833 -0.773442 1.53203 0.634585 1.76909 0.00514992 -0.200847 -0.00934615 0.00133516 0.389677 -0.249381 -0.00169797 -0.197414 0.00820172 -0.000190738 0.391585 -0.251971 -0.0030118 
23 -0.0082016 0.0169754 -0.732242 -1.54042 0.625048 -1.77367 -0.773823 1.53203 0.634966 1.77443 0.00514992 -0.200847 -0.00934615 0.00133516 0.389677 -0.249381 -0.00169797 -0.197414 0.00820172 -0.000190738 0.391585 -0.251971 -0.0030118 
23 -0.0082016 0.0169754 -0.732624 -1.54042 0.625429 -1.77863 -0.774586 1.53241 0.635348 1.78016 0.00514992 -0.200847 -0.00934615 0.00133516 0.389677 -0.249381 -0.00169797 -0.197414 0.00820172 -0.000190738 0.391585 -0.251971 -0.0030118 
23 -0.00782013 0.0169754 -0.733005 -1.54042 0.625429 -1.78359 -0.774968 1.53241 0.635729 1.7855 0.00514992 -0.200847 -0.00934615 0.00133516 0.389677 -0.249381 -0.00169797 -0.197414 0.00820172 -0.000190738 0.391585 -0.251971 -0.0030118 
23 -0.0082016 0.0169754 -0.733387 -1.54042 0.625811 -1.78855 -0.775731 1.53241 0.63611 1.79046 0.00514992 -0.200847 -0.00934615 0.00133516 0.389677 -0.249381 -0.00169797 -0.197414 0.00820172 -0.000190738 0.391585 -0.251971 -0.0030118 
23 -0.0082016 0.0169754 -0.733768 -1.54042 0.625811 -1.79351 -0.776112 1.53279 0.636492 1.7958 0.00514992 -0.200847 -0.00934615 0.00133516 0.389677 -0.249381 -0.00169797 -0.197414 0.00820172 -0.000190738 0.391585 -0.251971 -0.0030118 
23 -0.0082016 0.0169754 -0.73415 -1.54042 0.626192 -1.79847 -0.776493 1.53279 0.636873 1.80076 0.00514992 -0.200847 -0.00934615 0.00133516 0.389677 -0.249381 -0.00169797 -0.197414 0.00820172 -0.000190738 0.391585 -0.251971 -0.0030118 
23 -0.0082016 0.0169754 -0.734531 -1.54042 0.626192 -1.80381 -0.776875 1.53279 0.637255 1.80648 0.00514992 -0.200847 -0.00934615 0.00133516 0.389677 -0.249381 -0.00169797 -0.197414 0.00820172 -0.000190738 0.391585 -0.251971 -0.0030118 
23 -0.00782013 0.0169754 -0.735294 -1.54042 0.626574 -1.80838 -0.776875 1.53279 0.637636 1.81182 0.00514992 -0.200847 -0.00934615 0.00133516 0.389677 -0.249381 -0.00169797 -0.197414 0.00820172 -0.000190738 0.391585 -0.251971 -0.0030118 
23 -0.0082016 0.0169754 -0.735676 -1.54042 0.626574 -1.81334 -0.777256 1.53279 0.638018 1.81716 0.00514992 -0.200847 -0.00934615 0.00133516 0.389677 -0.249381 -0.00169797 -0.197414 0.00820172 -0.000190738 0.391585 -0.251971 -0.0030118 
23 -0.0082016 0.0169754 -0.736057 -1.5408 0.626574 -1.8183 -0.777256 1.53279 0.638399 1.82212 0.00514992 -0.200847 -0.00934615 0.00133516 0.389677 -0.249381 -0.00169797 -0.197414 0.00820172 -0.000190738 0.391585 -0.251971 -0.0030118 
23 -0.00782013 0.0169754 -0.736439 -1.5408 0.626955 -1.82364 -0.777638 1.53279 0.638399 1.82708 0.00514992 -0.200847 -0.00934615 0.00133516 0.389677 -0.249381 -0.00169797 -0.197414 0.00820172 -0.000190738 0.391585 -0.251971 -0.0030118 
23 -0.0082016 0.0169754 -0.73682 -1.5408 0.626955 -1.8286 -0.777638 1.53279 0.638781 1.83204 0.00514992 -0.200847 -0.00934615 0.00133516 0.389677 -0.249381 -0.00169797 -0.197414 0.00820172 -0.000190738 0.391585 -0.251971 -0.0030118 
23 -0.0082016 0.0169754 -0.737202 -1.54118 0.627337 -1.83318 -0.777638 1.53279 0.638781 1.83738 0.00514992 -0.200847 -0.00934615 0.00133516 0.389677 -0.249381 -0.00169797 -0.197414 0.00820172 -0.000190738 0.391585 -0.251971 -0.0030118 
23 -0.0082016 0.0169754 -0.737583 -1.54118 0.627337 -1.83814 -0.778019 1.53279 0.639162 1.84272 0.00514992 -0.200847 -0.00934615 0.00133516 0.389677 -0.249381 -0.00169797 -0.197414 0.00820172 -0.000190738 0.391585 -0.251971 -0.0030118 
23 -0.0082016 0.0169754 -0.738346 -1.54118 0.627718 -1.8431 -0.778019 1.53317 0.639162 1.84806 0.00514992 -0.200847 -0.00934615 0.00133516 0.389677 -0.249381 -0.00169797 -0.197414 0.00820172 -0.000190738 0.391585 -0.251971 -0.0030118 
23 -0.0082016 0.0169754 -0.738727 -1.54157 0.6281 -1.84806 -0.778019 1.53317 0.639544 1.85264 0.00514992 -0.200847 -0.00934615 0.00133516 0.389677 -0.249381 -0.00169797 -0.197414 0.00820172 -0.000190738 0.391585 -0.251971 -0.0030118 
23 -0.0082016 0.0169754 -0.739109 -1.54195 0.628481 -1.85264 -0.778019 1.53317 0.639544 1.8576 0.00514992 -0.200847 -0.00934615 0.00133516 0.389677 -0.249381 -0.00169797 -0.197414 0.00820172 -0.000190738 0.391585 -0.251971 -0.0030118 
23 -0.0082016 0.0169754 -0.73949 -1.54195 0.628862 -1.85683 -0.778019 1.53317 0.639544 1.86294 0.00514992 -0.200847 -0.00934615 0.00133516 0.389677 -0.249381 -0.00169797 -0.197414 0.00820172 -0.000190738 0.391585 -0.251971 -0.0030118 
23 -0.0082016 0.0169754 -0.740253 -1.54233 0.628862 -1.86179 -0.778019 1.53317 0.639925 1.8679 0.00514992 -0.200847 -0.00934615 0.00133516 0.389677 -0.249381 -0.00169797 -0.197414 0.00820172 -0.000190738 0.391585 -0.251971 -0.0030118 
23 -0.0082016 0.0169754 -0.740635 -1.54271 0.629244 -1.86637 -0.778019 1.53356 0.639925 1.87285 0.00514992 -0.200847 -0.00934615 0.00133516 0.389677 -0.249381 -0.00169797 -0.197032 0.00820172 -0.000190738 0.391585 -0.251971 -0.0030118 
23 -0.0082016 0.0169754 -0.741016 -1.54271 0.629625 -1.87057 -0.778019 1.53356 0.640307 1.87743 0.00514992 -0.200847 -0.00934615 0.00133516 0.389677 -0.249381 -0.00169797 -0.197414 0.00820172 -0.000190738 0.391585 -0.251971 -0.0030118 
23 -0.0082016 0.0169754 -0.741398 -1.54309 0.630007 -1.87476 -0.778019 1.53356 0.640688 1.88201 0.00514992 -0.200847 -0.00934615 0.00133516 0.389677 -0.249381 -0.00169797 -0.197414 0.00820172 -0.000190738 0.391585 -0.251971 -0.0030118 
23 -0.0082016 0.0169754 -0.741779 -1.54347 0.630388 -1.87934 -0.778019 1.53394 0.640688 1.88735 0.00514992 -0.200847 -0.00934615 0.00133516 0.389677 -0.249381 -0.00169797 -0.197414 0.00820172 -0.000190738 0.391585 -0.251971 -0.0030118 
23 -0.0082016 0.0169754 -0.742161 -1.54386 0.63077 -1.88354 -0.778019 1.53394 0.64107 1.89193 0.00514992 -0.200847 -0.00934615 0.00133516 0.389677 -0.249381 -0.00169797 -0.197414 0.00820172 -0.000190738 0.391585 -0.251971 -0.0030118 
23 -0.00782013 0.0169754 -0.742542 -1.54424 0.631151 -1.88773 -0.778019 1.53394 0.64107 1.89689 0.00514992 -0.200847 -0.00934615 0.00133516 0.389677 -0.249381 -0.00169797 -0.197414 0.00820172 -0.000190738 0.391585 -0.251971 -0.0030118 
23 -0.0082016 0.0169754 -0.742924 -1.545 0.631914 -1.89193 -0.778019 1.53432 0.641451 1.90108 0.00514992 -0.200847 -0.00934615 0.00133516 0.389677 -0.249381 -0.00169797 -0.197414 0.00820172 -0.000190738 0.391585 -0.251971 -0.0030118 
23 -0.0082016 0.0169754 -0.743305 -1.54538 0.632296 -1.89612 -0.778019 1.53432 0.641833 1.90604 0.00514992 -0.200847 -0.00934615 0.00133516 0.389677 -0.249381 -0.00169797 -0.197414 0.00820172 -0.000190738 0.391585 -0.251971 -0.0030118 
23 -0.0082016 0.0169754 -0.743687 -1.54576 0.633059 -1.89994 -0.778019 1.53432 0.642214 1.911 0.00514992 -0.200847 -0.00934615 0.00133516 0.389677 -0.249381 -0.00169797 -0.197414 0.00820172 -0.000190738 0.391585 -0.251971 -0.0030118 
23 -0.0082016 0.0169754 -0.744068 -1.54614 0.633822 -1.90414 -0.778019 1.5347 0.642596 1.91558 0.00514992 -0.200847 -0.00934615 0.00133516 0.389677 -0.249381 -0.00169797 -0.197414 0.00820172 -0.000190738 0.391585 -0.251971 -0.0030118 
23 -0.0082016 0.0169754 -0.74445 -1.54614 0.634966 -1.90757 -0.778019 1.5347 0.642977 1.91978 0.00514992 -0.200847 -0.00934615 0.00133516 0.389677 -0.249381 -0.00169797 -0.197414 0.00820172 -0.000190738 0.391585 -0.251971 -0.0030118 
23 -0.0082016 0.0169754 -0.744831 -1.54653 0.635729 -1.91138 -0.778019 1.53508 0.643359 1.92435 0.00514992 -0.200847 -0.00934615 0.00133516 0.389677 -0.249381 -0.00169797 -0.197414 0.00820172 -0.000190738 0.391585 -0.251971 -0.0030118 
23 -0.0082016 0.0169754 -0.745212 -1.54691 0.636492 -1.91558 -0.778019 1.53508 0.64374 1.92893 0.00514992 -0.200847 -0.00934615 0.00133516 0.389677 -0.249381 -0.00169797 -0.197414 0.00820172 -0.000190738 0.391585 -0.251971 -0.0030118 
23 -0.0082016 0.0169754 -0.745594 -1.54691 0.637255 -1.91863 -0.778019 1.53508 0.644121 1.93275 0.00514992 -0.200847 -0.00934615 0.00133516 0.389677 -0.249381 -0.00169797 -0.197414 0.00820172 -0.000190738 0.391585 -0.251971 -0.0030118 
23 -0.0082016 0.0169754 -0.745594 -1.54729 0.638018 -1.92283 -0.778019 1.53546 0.644884 1.93732 0.00514992 -0.200847 -0.00934615 0.00133516 0.389677 -0.249381 -0.00169797 -0.197414 0.00820172 -0.000190738 0.391585 -0.251971 -0.0030118 
23 -0.0082016 0.0169754 -0.745975 -1.54729 0.638781 -1.92626 -0.778019 1.53546 0.645266 1.94152 0.00514992 -0.200847 -0.00934615 0.00133516 0.389677 -0.249381 -0.00169797 -0.197414 0.00820172 -0.000190738 0.391585 -0.251971 -0.0030118 
23 -0.0082016 0.0169754 -0.745975 -1.54767 0.639544 -1.92969 -0.778019 1.53546 0.646029 1.94533 0.00514992 -0.200847 -0.00934615 0.00133516 0.389677 -0.249381 -0.00169797 -0.197414 0.00820172 -0.000190738 0.391585 -0.251971 -0.0030118 
23 -0.0082016 0.0169754 -0.746357 -1.54767 0.640688 -1.93313 -0.778019 1.53584 0.646792 1.94953 0.00514992 -0.200847 -0.00934615 0.00133516 0.389677 -0.249381 -0.00169797 -0.197414 0.00820172 -0.000190738 0.391585 -0.251971 -0.0030118 
23 -0.0082016 0.0169754 -0.746738 -1.54767 0.641451 -1.93656 -0.778019 1.53584 0.647555 1.95373 0.00514992 -0.200847 -0.00934615 0.00133516 0.389677 -0.249381 -0.00169797 -0.197414 0.00820172 -0.000190738 0.391585 -0.251971 -0.0030118 
23 -0.00782013 0.0169754 -0.74712 -1.54805 0.642214 -1.93999 -0.778019 1.53584 0.648318 1.95716 0.00514992 -0.200847 -0.00934615 0.00133516 0.389677 -0.249381 -0.00169797 -0.197414 0.00820172 -0.000190738 0.391585 -0.251971 -0.0030118 
23 -0.0082016 0.0169754 -0.74712 -1.54805 0.642977 -1.94305 -0.778019 1.53584 0.649081 1.96098 0.00476844 -0.200847 -0.00934615 0.00133516 0.389677 -0.249381 -0.00169797 -0.197414 0.00820172 -0.000190738 0.391585 -0.251971 -0.0030118 
23 -0.0082016 0.0169754 -0.74712 -1.54805 0.64374 -1.9461 -0.778019 1.53584 0.650225 1.96441 0.00476844 -0.200847 -0.00934615 0.00133516 0.389677 -0.249381 -0.00169797 -0.197414 0.00820172 -0.000190738 0.391585 -0.251971 -0.0030118 
23 -0.0082016 0.0169754 -0.747501 -1.54805 0.644503 -1.94915 -0.778019 1.53584 0.650607 1.96822 0.00476844 -0.200847 -0.00934615 0.00133516 0.389677 -0.249381 -0.00169797 -0.197414 0.00820172 -0.000190738 0.391585 -0.251971 -0.0030118 
23 -0.0082016 0.0169754 -0.747501 -1.54805 0.645266 -1.95258 -0.777638 1.53584 0.65137 1.97204 0.00476844 -0.200847 -0.00934615 0.00133516 0.389677 -0.249381 -0.00169797 -0.197414 0.00820172 -0.000190738 0.391585 -0.251971 -0.0030118 
23 -0.0082016 0.0169754 -0.747883 -1.54805 0.64641 -1.95525 -0.777638 1.53546 0.652514 1.97509 0.00476844 -0.200847 -0.00934615 0.00133516 0.389677 -0.249381 -0.00169797 -0.197414 0.00820172 -0.000190738 0.391585 -0.251971 -0.0030118 
23 -0.0082016 0.0169754 -0.747883 -1.54805 0.647555 -1.9583 -0.777638 1.53546 0.653277 1.97852 0.00476844 -0.200847 -0.00934615 0.00133516 0.389677 -0.249381 -0.00169797 -0.197414 0.00820172 -0.000190738 0.391585 -0.251971 -0.0030118 
23 -0.0082016 0.0169754 -0.747883 -1.54805 0.648318 -1.96098 -0.777638 1.53546 0.653658 1.98119 0.00476844 -0.200847 -0.00934615 0.00133516 0.389677 -0.249381 -0.00169797 -0.197414 0.00820172 -0.000190738 0.391585 -0.251971 -0.0030118 
23 -0.0082016 0.0169754 -0.748264 -1.54805 0.649462 -1.96403 -0.777638 1.53546 0.654421 1.98501 0.00476844 -0.200847 -0.00934615 0.00133516 0.389677 -0.249381 -0.00169797 -0.197414 0.00820172 -0.000190738 0.391585 -0.251971 -0.0030118 
23 -0.0082016 0.0169754 -0.748264 -1.54805 0.650607 -1.9667 -0.777638 1.53546 0.654803 1.98768 0.00476844 -0.200847 -0.00934615 0.00133516 0.389677 -0.249381 -0.00169797 -0.197414 0.00820172 -0.000190738 0.391585 -0.251971 -0.0030118 
23 -0.0082016 0.0169754 -0.748646 -1.54805 0.65137 -1.96937 -0.777638 1.53546 0.655566 1.99073 0.00476844 -0.200847 -0.00934615 0.00133516 0.389677 -0.249381 -0.00169797 -0.197414 0.00820172 -0.000190738 0.391585 -0.251971 -0.0030118 
23 -0.0082016 0.0173569 -0.748646 -1.54805 0.652895 -1.97242 -0.777638 1.53546 0.655947 1.9934 0.00476844 -0.200847 -0.00934615 0.00133516 0.389677 -0.249381 -0.00169797 -0.197414 0.00820172 -0.000190738 0.391585 -0.251971 -0.0030118 
23 -0.0082016 0.0173569 -0.749027 -1.54767 0.653658 -1.97471 -0.777638 1.53546 0.65671 1.99645 0.00476844 -0.200847 -0.00934615 0.00133516 0.389677 -0.249381 -0.00169797 -0.197414 0.00820172 -0.000190738 0.391585 -0.251971 -0.0030118 
23 -0.0082016 0.0169754 -0.749027 -1.54767 0.654803 -1.97738 -0.777638 1.53546 0.657092 1.99912 0.00476844 -0.200847 -0.00934615 0.00133516 0.389677 -0.249381 -0.00169797 -0.197414 0.00820172 -0.000190738 0.391585 -0.251971 -0.0030118 
23 -0.0082016 0.0169754 -0.749409 -1.54767 0.655566 -1.97967 -0.777638 1.53546 0.657855 2.00141 0.00476844 -0.200847 -0.00934615 0.00133516 0.389677 -0.249381 -0.00169797 -0.197414 0.00820172 -0.000190738 0.391585 -0.251971 -0.0030118 
23 -0.0082016 0.0169754 -0.749409 -1.54767 0.656329 -1.98196 -0.777638 1.53546 0.658618 2.00446 0.00476844 -0.200847 -0.00934615 0.00133516 0.389677 -0.249381 -0.00169797 -0.197414 0.00820172 -0.000190738 0.391585 -0.251971 -0.0030118 
23 -0.0082016 0.0169754 -0.74979 -1.54729 0.657473 -1.98463 -0.777638 1.53508 0.659762 2.00637 0.00476844 -0.200847 -0.00934615 0.00133516 0.389677 -0.249381 -0.00169797 -0.197414 0.00820172 -0.000190738 0.391585 -0.251971 -0.0030118 
23 -0.0082016 0.0169754 -0.74979 -1.54729 0.658236 -1.98653 -0.777638 1.53508 0.660143 2.00942 0.00476844 -0.200847 -0.00934615 0.00133516 0.389677 -0.249381 -0.00169797 -0.197414 0.00820172 -0.000190738 0.391585 -0.251971 -0.0030118 
23 -0.0082016 0.0169754 -0.74979 -1.54729 0.65938 -1.98882 -0.777638 1.53508 0.660906 2.01133 0.00476844 -0.200847 -0.00934615 0.00133516 0.389677 -0.249381 -0.00169797 -0.197414 0.00820172 -0.000190738 0.391585 -0.251971 -0.0030118 
23 -0.0082016 0.0169754 -0.750172 -1.54691 0.660143 -1.99111 -0.777638 1.53508 0.661669 2.01324 0.00476844 -0.200847 -0.00934615 0.00133516 0.389677 -0.249381 -0.00169797 -0.197414 0.00820172 -0.000190738 0.391585 -0.251971 -0.0030118 
23 -0.0082016 0.0169754 -0.750172 -1.54691 0.661288 -1.99302 -0.777638 1.53508 0.662432 2.01591 0.00514992 -0.200847 -0.00934615 0.00133516 0.389677 -0.249381 -0.00169797 -0.197414 0.00820172 -0.000190738 0.391585 -0.251971 -0.0030118 
23 -0.0082016 0.0169754 -0.750172 -1.54691 0.662051 -1.99493 -0.777638 1.5347 0.662814 2.01743 0.00514992 -0.200847 -0.00934615 0.00133516 0.389677 -0.249381 -0.00169797 -0.197414 0.00820172 -0.000190738 0.391585 -0.251971 -0.0030118 
23 -0.0082016 0.0169754 -0.750553 -1.54653 0.663195 -1.99722 -0.777638 1.5347 0.663577 2.01934 0.00514992 -0.200847 -0.00934615 0.00133516 0.389677 -0.249381 -0.00169797 -0.197414 0.00820172 -0.000190738 0.391585 -0.251971 -0.0030118 
23 -0.0082016 0.0169754 -0.750553 -1.54653 0.663958 -1.99874 -0.777638 1.53432 0.663958 2.02125 0.00514992 -0.200847 -0.00934615 0.00133516 0.389677 -0.249381 -0.00169797 -0.197414 0.00820172 -0.000190738 0.391585 -0.251971 -0.0030118 
23 -0.0082016 0.0169754 -0.750553 -1.54653 0.665103 -2.00065 -0.777638 1.53432 0.664721 2.02316 0.00514992 -0.200847 -0.00934615 0.00133516 0.389677 -0.249381 -0.00169797 -0.197414 0.00820172 -0.000190738 0.391585 -0.251971 -0.0030118 
23 -0.0082016 0.0169754 -0.750553 -1.54614 0.665866 -2.00256 -0.777638 1.53394 0.665103 2.02468 0.00514992 -0.200847 -0.00934615 0.00133516 0.389677 -0.249381 -0.00169797 -0.197414 0.00820172 -0.000190738 0.391585 -0.251971 -0.0030118 
23 -0.0082016 0.0169754 -0.750935 -1.54614 0.666629 -2.00408 -0.777256 1.53394 0.665484 2.02583 0.00514992 -0.200847 -0.00934615 0.00133516 0.389677 -0.249381 -0.00169797 -0.197414 0.00820172 -0.000190738 0.391585 -0.251971 -0.0030118 
23 -0.0082016 0.0169754 -0.750935 -1.54614 0.667391 -2.00561 -0.777256 1.53356 0.665866 2.02735 0.00514992 -0.200847 -0.00934615 0.00133516 0.389677 -0.249381 -0.00169797 -0.197414 0.00820172 -0.000190738 0.391585 -0.251971 -0.0030118 
23 -0.00782013 0.0169754 -0.750935 -1.54614 0.668154 -2.00713 -0.777256 1.53317 0.665866 2.02888 0.00514992 -0.200847 -0.00934615 0.00133516 0.389677 -0.249381 -0.00169797 -0.197414 0.00820172 -0.000190738 0.391585 -0.251971 -0.0030118 
23 -0.0082016 0.0169754 -0.750935 -1.54614 0.668917 -2.00942 -0.777256 1.53317 0.666247 2.03002 0.00514992 -0.200847 -0.00934615 0.00133516 0.389677 -0.249381 -0.00169797 -0.197414 0.00820172 -0.000190738 0.391585 -0.251971 -0.0030118 
23 -0.0082016 0.0169754 -0.750935 -1.54576 0.669299 -2.01057 -0.777256 1.53279 0.666247 2.03117 0.00514992 -0.200847 -0.00934615 0.00133516 0.389677 -0.249381 -0.00169797 -0.197414 0.00820172 -0.000190738 0.391585 -0.251971 -0.0030118 
23 -0.00782013 0.0173569 -0.750935 -1.54576 0.670062 -2.01171 -0.777256 1.53241 0.666629 2.03231 0.00514992 -0.200847 -0.00934615 0.00133516 0.389677 -0.249381 -0.00169797 -0.197414 0.00820172 -0.000190738 0.391585 -0.251971 -0.0030118 
23 -0.0082016 0.0169754 -0.750935 -1.54576 0.670825 -2.01324 -0.777256 1.53203 0.666629 2.03384 0.00514992 -0.200847 -0.00934615 0.00133516 0.389677 -0.249381 -0.00169797 -0.197414 0.00820172 -0.000190738 0.391585 -0.251971 -0.0030118 
23 -0.00782013 0.0169754 -0.750935 -1.54576 0.671969 -2.01476 -0.777256 1.53203 0.66701 2.03536 0.00514992 -0.200847 -0.00934615 0.00133516 0.389677 -0.249381 -0.00169797 -0.197414 0.00820172 -0.000190738 0.391585 -0.251971 -0.0030118 
23 -0.0082016 0.0169754 -0.750935 -1.54576 0.672732 -2.01591 -0.777256 1.53165 0.66701 2.03613 0.00514992 -0.200847 -0.00934615 0.00133516 0.389677 -0.249381 -0.00169797 -0.197414 0.00820172 -0.000190738 0.391585 -0.251971 -0.0030118 
23 -0.0082016 0.0169754 -0.750935 -1.54576 0.673495 -2.01705 -0.777256 1.53165 0.66701 2.03727 0.00514992 -0.200847 -0.00934615 0.00133516 0.389677 -0.249381 -0.00169797 -0.197414 0.00820172 -0.000190738 0.391585 -0.251971 -0.0030118 
23 -0.0082016 0.0169754 -0.751316 -1.54576 0.674258 -2.0182 -0.777256 1.53165 0.667391 2.03765 0.00514992 -0.200847 -0.00934615 0.00133516 0.389677 -0.249381 -0.00169797 -0.197414 0.00820172 -0.000190738 0.391585 -0.251971 -0.0030118 
23 -0.00782013 0.0169754 -0.751316 -1.54576 0.675021 -2.01896 -0.777256 1.53127 0.667391 2.03841 0.00514992 -0.200847 -0.00934615 0.00133516 0.389677 -0.249381 -0.00169797 -0.197414 0.00820172 -0.000190738 0.391585 -0.251971 -0.0030118 
23 -0.0082016 0.0169754 -0.751316 -1.54576 0.675784 -2.01972 -0.777256 1.53127 0.667391 2.03918 0.00514992 -0.200847 -0.00934615 0.00133516 0.389677 -0.249381 -0.00169797 -0.197414 0.00820172 -0.000190738 0.391585 -0.251971 -0.0030118 
23 -0.00782013 0.0169754 -0.751316 -1.54576 0.676165 -2.02087 -0.777256 1.53127 0.667773 2.04032 0.00514992 -0.200847 -0.00934615 0.00133516 0.389677 -0.249381 -0.00169797 -0.197414 0.00820172 -0.000190738 0.391585 -0.251971 -0.0030118 
23 -0.00782013 0.0169754 -0.751316 -1.54576 0.676928 -2.02163 -0.777256 1.53127 0.667773 2.04109 0.00514992 -0.200847 -0.00934615 0.00133516 0.389677 -0.249381 -0.00169797 -0.197414 0.00820172 -0.000190738 0.391585 -0.251971 -0.0030118 
23 -0.0082016 0.0169754 -0.751316 -1.54576 0.677691 -2.02201 -0.777256 1.53127 0.667773 2.04147 0.00514992 -0.200847 -0.00934615 0.00133516 0.389677 -0.249381 -0.00169797 -0.197414 0.00820172 -0.000190738 0.391585 -0.251971 -0.0030118 
23 -0.0082016 0.0169754 -0.751316 -1.54576 0.678454 -2.02239 -0.777256 1.53127 0.667773 2.04185 0.00514992 -0.200847 -0.00934615 0.00133516 0.389677 -0.249381 -0.00169797 -0.197414 0.00820172 -0.000190738 0.391585 -0.251971 -0.0030118 
23 -0.0082016 0.0169754 -0.750935 -1.54576 0.678836 -2.02277 -0.777256 1.53127 0.667773 2.04223 0.00514992 -0.200847 -0.00934615 0.00133516 0.389677 -0.249381 -0.00169797 -0.197414 0.00820172 -0.000190738 0.391585 -0.251971 -0.0030118 
23 -0.00782013 0.0169754 -0.750935 -1.54576 0.679217 -2.02316 -0.777256 1.53127 0.667773 2.04299 0.00514992 -0.200847 -0.00934615 0.00133516 0.389677 -0.249381 -0.00169797 -0.197414 0.00820172 -0.000190738 0.391585 -0.251971 -0.0030118 
23 -0.0082016 0.0169754 -0.751316 -1.54576 0.679599 -2.02354 -0.777256 1.53127 0.667773 2.04337 0.00476844 -0.200847 -0.00934615 0.00133516 0.389677 -0.249381 -0.00169797 -0.197414 0.00820172 -0.000190738 0.391585 -0.251971 -0.0030118 
23 -0.00782013 0.0169754 -0.750935 -1.54576 0.67998 -2.02392 -0.777256 1.53127 0.667773 2.04376 0.00476844 -0.200847 -0.00934615 0.00133516 0.389677 -0.249381 -0.00169797 -0.197414 0.00820172 -0.000190738 0.391585 -0.251971 -0.0030118 
23 -0.0082016 0.0169754 -0.751316 -1.54576 0.67998 -2.0243 -0.777256 1.53127 0.667773 2.04414 0.00476844 -0.200847 -0.00934615 0.00133516 0.389677 -0.249381 -0.00169797 -0.197414 0.00820172 -0.000190738 0.391585 -0.251971 -0.0030118 
23 -0.0082016 0.0169754 -0.751316 -1.54576 0.680362 -2.02468 -0.777256 1.53127 0.667773 2.04452 0.00476844 -0.200847 -0.00934615 0.00133516 0.389677 -0.249381 -0.00169797 -0.197414 0.00820172 -0.000190738 0.391585 -0.251971 -0.0030118 
23 -0.0082016 0.0169754 -0.750935 -1.54576 0.680743 -2.02468 -0.777256 1.53127 0.667773 2.0449 0.00476844 -0.200847 -0.00934615 0.00133516 0.389677 -0.249381 -0.00169797 -0.197414 0.00820172 0.000190738 0.391585 -0.251971 -0.0030118 
23 -0.0082016 0.0169754 -0.750935 -1.54576 0.680743 -2.02506 -0.777256 1.53127 0.667773 2.04528 0.00476844 -0.200847 -0.00934615 0.00133516 0.389677 -0.249381 -0.00169797 -0.197414 0.00820172 0.000190738 0.391585 -0.251971 -0.0030118 
23 -0.0082016 0.0169754 -0.750935 -1.54576 0.681125 -2.02544 -0.777256 1.53127 0.667773 2.04566 0.00476844 -0.200847 -0.00934615 0.00133516 0.389677 -0.249381 -0.00169797 -0.197414 0.00820172 0.000190738 0.391585 -0.251971 -0.0030118 
23 -0.0082016 0.0169754 -0.750935 -1.54576 0.681506 -2.02583 -0.777256 1.53127 0.667773 2.04604 0.00476844 -0.200847 -0.00934615 0.00133516 0.389677 -0.249381 -0.00169797 -0.197414 0.00820172 0.000190738 0.391585 -0.251971 -0.0030118 
23 -0.0082016 0.0169754 -0.750935 -1.54576 0.681888 -2.02583 -0.777256 1.53127 0.667773 2.04643 0.00476844 -0.200847 -0.00934615 0.00133516 0.389677 -0.249381 -0.00169797 -0.197414 0.00820172 0.000190738 0.391585 -0.251971 -0.0030118 
23 -0.0082016 0.0169754 -0.750935 -1.54576 0.681888 -2.02621 -0.777256 1.53127 0.667773 2.04643 0.00476844 -0.200847 -0.00934615 0.00133516 0.389677 -0.249381 -0.00169797 -0.197414 0.00820172 0.000190738 0.391585 -0.251971 -0.0030118 
23 -0.0082016 0.0169754 -0.750935 -1.54576 0.682269 -2.02659 -0.777256 1.53127 0.667773 2.04643 0.00476844 -0.200847 -0.00934615 0.00133516 0.389677 -0.249381 -0.00169797 -0.197414 0.00820172 0.000190738 0.391585 -0.251971 -0.0030118 
23 -0.0082016 0.0169754 -0.750935 -1.54576 0.682269 -2.02659 -0.777256 1.53127 0.667773 2.04643 0.00476844 -0.200847 -0.00934615 0.00133516 0.389677 -0.249381 -0.00169797 -0.197414 0.00820172 -0.000190738 0.391585 -0.251971 -0.0030118 
23 -0.0082016 0.0169754 -0.750935 -1.54576 0.682651 -2.02697 -0.777256 1.53127 0.667773 2.04643 0.00476844 -0.200847 -0.00934615 0.00133516 0.389677 -0.249381 -0.00169797 -0.197414 0.00820172 0.000190738 0.391585 -0.251971 -0.0030118 
23 -0.0082016 0.0169754 -0.750935 -1.54576 0.682651 -2.02697 -0.777256 1.53127 0.667773 2.04604 0.00476844 -0.200847 -0.00934615 0.00133516 0.389677 -0.249381 -0.00169797 -0.197414 0.00820172 0.000190738 0.391585 -0.251971 -0.0030118 
23 -0.0082016 0.0169754 -0.750935 -1.54576 0.683032 -2.02697 -0.777256 1.53127 0.667773 2.04604 0.00476844 -0.200847 -0.00934615 0.00133516 0.389677 -0.249381 -0.00169797 -0.197414 0.00820172 -0.000190738 0.391585 -0.251971 -0.0030118 
23 -0.0082016 0.0169754 -0.750935 -1.54576 0.683032 -2.02735 -0.777256 1.53127 0.667773 2.04566 0.00476844 -0.200847 -0.00934615 0.00133516 0.389677 -0.249381 -0.00169797 -0.197414 0.00820172 -0.000190738 0.391585 -0.251971 -0.0030118 
23 -0.00782013 0.0169754 -0.750935 -1.54576 0.683413 -2.02735 -0.777256 1.53127 0.667773 2.04566 0.00476844 -0.200847 -0.00934615 0.00133516 0.389677 -0.249381 -0.00169797 -0.197414 0.00820172 -0.000190738 0.391585 -0.251971 -0.0030118 
23 -0.0082016 0.0169754 -0.750935 -1.54576 0.683795 -2.02735 -0.777256 1.53127 0.667773 2.04566 0.00476844 -0.200847 -0.00934615 0.00133516 0.389677 -0.249381 -0.00169797 -0.197414 0.00820172 -0.000190738 0.391585 -0.251971 -0.0030118 
23 -0.0082016 0.0169754 -0.750935 -1.54576 0.684176 -2.02735 -0.777256 1.53127 0.667773 2.04528 0.00476844 -0.200847 -0.00934615 0.00133516 0.389677 -0.249381 -0.00169797 -0.197414 0.00820172 -0.000190738 0.391585 -0.251971 -0.0030118 
23 -0.0082016 0.0169754 -0.750935 -1.54576 0.684558 -2.02735 -0.777256 1.53127 0.667773 2.04528 0.00476844 -0.200847 -0.00934615 0.00133516 0.389677 -0.249381 -0.00169797 -0.197414 0.00820172 -0.000190738 0.391585 -0.251971 -0.0030118 
23 -0.00782013 0.0169754 -0.750935 -1.54576 0.684558 -2.02697 -0.777256 1.53127 0.667773 2.0449 0.00476844 -0.200847 -0.00934615 0.00133516 0.389677 -0.249381 -0.00169797 -0.197414 0.00820172 -0.000190738 0.391585 -0.251971 -0.0030118 
23 -0.00782013 0.0169754 -0.750935 -1.54576 0.684939 -2.02697 -0.777256 1.53127 0.667773 2.0449 0.00514992 -0.200847 -0.00934615 0.00133516 0.389677 -0.249381 -0.00169797 -0.197414 0.00820172 -0.000190738 0.391585 -0.251971 -0.0030118 
23 -0.0082016 0.0169754 -0.750935 -1.54576 0.684939 -2.02697 -0.777256 1.53127 0.667773 2.0449 0.00514992 -0.200847 -0.00934615 0.00133516 0.389677 -0.249381 -0.00169797 -0.197414 0.00820172 -0.000190738 0.391585 -0.251971 -0.0030118 
23 -0.0082016 0.0169754 -0.750935 -1.54576 0.685321 -2.02697 -0.777256 1.53127 0.667773 2.0449 0.00514992 -0.200847 -0.00934615 0.00133516 0.389677 -0.249381 -0.00169797 -0.197414 0.00820172 -0.000190738 0.391585 -0.251971 -0.0030118 
23 -0.0082016 0.0169754 -0.750935 -1.54576 0.685321 -2.02697 -0.777256 1.53127 0.667773 2.0449 0.00476844 -0.200847 -0.00934615 0.00133516 0.389677 -0.249381 -0.00169797 -0.197414 0.00820172 -0.000190738 0.391585 -0.251971 -0.0030118 
23 -0.0082016 0.0169754 -0.750935 -1.54538 0.685321 -2.02697 -0.777256 1.53127 0.667773 2.0449 0.00514992 -0.200847 -0.00934615 0.00133516 0.389677 -0.249381 -0.00169797 -0.197414 0.00820172 -0.000190738 0.391585 -0.251971 -0.0030118 
23 -0.0082016 0.0169754 -0.750935 -1.54538 0.685702 -2.02697 -0.777256 1.53127 0.667773 2.0449 0.00476844 -0.200847 -0.00934615 0.00133516 0.389677 -0.249381 -0.00169797 -0.197414 0.00820172 -0.000190738 0.391585 -0.251971 -0.0030118 
23 -0.0082016 0.0169754 -0.750935 -1.54538 0.685702 -2.02697 -0.777256 1.53127 0.667773 2.0449 0.00476844 -0.200847 -0.00934615 0.00133516 0.389677 -0.249381 -0.00169797 -0.197414 0.00820172 -0.000190738 0.391585 -0.251971 -0.0030118 
23 -0.0082016 0.0169754 -0.750935 -1.54538 0.685702 -2.02697 -0.777256 1.53127 0.667773 2.0449 0.00476844 -0.200847 -0.00934615 0.00133516 0.389677 -0.249381 -0.00169797 -0.197414 0.00820172 -0.000190738 0.391585 -0.251971 -0.0030118 
23 -0.00782013 0.0169754 -0.750935 -1.54538 0.685702 -2.02697 -0.777256 1.53127 0.667773 2.0449 0.00476844 -0.200847 -0.00934615 0.00133516 0.389677 -0.249381 -0.00169797 -0.197414 0.00820172 -0.000190738 0.391585 -0.251971 -0.0030118 
23 -0.0082016 0.0169754 -0.750935 -1.54538 0.685702 -2.02697 -0.777256 1.53127 0.667391 2.0449 0.00476844 -0.200847 -0.00934615 0.00133516 0.389677 -0.249381 -0.00169797 -0.197414 0.00820172 -0.000190738 0.391585 -0.251971 -0.0030118 
23 -0.0082016 0.0169754 -0.750935 -1.545 0.685702 -2.02697 -0.777256 1.53127 0.667391 2.0449 0.00476844 -0.200847 -0.00934615 0.00133516 0.389677 -0.249381 -0.00169797 -0.197414 0.00820172 -0.000190738 0.391585 -0.251971 -0.0030118 
23 -0.0082016 0.0169754 -0.750935 -1.545 0.686084 -2.02697 -0.777256 1.53088 0.667391 2.0449 0.00476844 -0.200847 -0.00934615 0.00133516 0.389677 -0.249381 -0.00169797 -0.197414 0.00820172 -0.000190738 0.391585 -0.251971 -0.0030118 
23 -0.0082016 0.0169754 -0.750935 -1.545 0.686084 -2.02697 -0.777256 1.53088 0.667391 2.0449 0.00476844 -0.200847 -0.00934615 0.00133516 0.389677 -0.249381 -0.00169797 -0.197414 0.00820172 0.000190738 0.391585 -0.251971 -0.0030118 
23 -0.00782013 0.0173569 -0.750553 -1.545 0.686084 -2.02697 -0.777256 1.53088 0.667391 2.0449 0.00476844 -0.200847 -0.00934615 0.00133516 0.389677 -0.249381 -0.00169797 -0.197414 0.00820172 -0.000190738 0.391585 -0.251971 -0.0030118 
23 -0.0082016 0.0169754 -0.750553 -1.545 0.686084 -2.02697 -0.777256 1.53088 0.667391 2.0449 0.00476844 -0.200847 -0.00934615 0.00133516 0.389677 -0.249381 -0.00169797 -0.197414 0.00820172 -0.000190738 0.391585 -0.251971 -0.0030118 
23 -0.0082016 0.0169754 -0.750553 -1.54462 0.686084 -2.02697 -0.777256 1.53088 0.667391 2.0449 0.00476844 -0.200847 -0.00934615 0.00133516 0.389677 -0.249381 -0.00169797 -0.197414 0.00820172 -0.000190738 0.391585 -0.251971 -0.0030118 
23 -0.0082016 0.0169754 -0.750553 -1.54462 0.686084 -2.02697 -0.777256 1.53088 0.667391 2.0449 0.00476844 -0.200847 -0.00934615 0.00133516 0.389677 -0.249381 -0.00169797 -0.197414 0.00820172 -0.000190738 0.391585 -0.251971 -0.0030118 
23 -0.0082016 0.0169754 -0.750553 -1.54462 0.686084 -2.02697 -0.777256 1.53088 0.667391 2.0449 0.00476844 -0.200847 -0.00934615 0.00133516 0.389677 -0.249381 -0.00169797 -0.197414 0.00820172 -0.000190738 0.391585 -0.251971 -0.0030118 
23 -0.00782013 0.0169754 -0.750553 -1.54462 0.686084 -2.02697 -0.777256 1.53088 0.667391 2.0449 0.00476844 -0.200847 -0.00934615 0.00133516 0.389677 -0.249381 -0.00169797 -0.197414 0.00820172 -0.000190738 0.391585 -0.251971 -0.0030118 
23 -0.0082016 0.0169754 -0.750553 -1.54462 0.686084 -2.02697 -0.777256 1.53088 0.667391 2.0449 0.00476844 -0.200847 -0.00934615 0.00133516 0.389677 -0.249381 -0.00169797 -0.197414 0.00820172 -0.000190738 0.391585 -0.251971 -0.0030118 
23 -0.0082016 0.0169754 -0.750553 -1.54462 0.686084 -2.02697 -0.777256 1.53088 0.667391 2.0449 0.00476844 -0.200847 -0.00934615 0.00133516 0.389677 -0.249381 -0.00169797 -0.197414 0.00820172 -0.000190738 0.391585 -0.251971 -0.0030118 
23 -0.0082016 0.0169754 -0.750553 -1.54462 0.686084 -2.02697 -0.777256 1.53088 0.667391 2.0449 0.00476844 -0.200847 -0.00934615 0.00133516 0.389677 -0.249381 -0.00169797 -0.197414 0.00820172 -0.000190738 0.391585 -0.251971 -0.0030118 
23 -0.0082016 0.0169754 -0.750553 -1.54462 0.686084 -2.02697 -0.777256 1.53088 0.667391 2.0449 0.00476844 -0.200847 -0.00934615 0.00133516 0.389677 -0.249381 -0.00169797 -0.197414 0.00820172 -0.000190738 0.391585 -0.251971 -0.0030118 
23 -0.0082016 0.0169754 -0.750553 -1.54462 0.686084 -2.02697 -0.777256 1.53127 0.667391 2.0449 0.00476844 -0.200847 -0.00934615 0.00133516 0.389677 -0.249381 -0.00169797 -0.197414 0.00820172 -0.000190738 0.391585 -0.251971 -0.0030118 
23 -0.0082016 0.0169754 -0.750553 -1.54462 0.686084 -2.02697 -0.777256 1.53127 0.667391 2.0449 0.00476844 -0.200847 -0.00934615 0.00133516 0.389677 -0.249381 -0.00169797 -0.197414 0.00820172 -0.000190738 0.391585 -0.251971 -0.0030118 
23 -0.0082016 0.0169754 -0.750553 -1.54462 0.686084 -2.02697 -0.777256 1.53127 0.667391 2.0449 0.00476844 -0.200847 -0.00934615 0.00133516 0.389677 -0.249381 -0.00169797 -0.197414 0.00820172 -0.000190738 0.391585 -0.251971 -0.0030118 
23 -0.0082016 0.0169754 -0.750553 -1.54462 0.686084 -2.02697 -0.777256 1.53127 0.667391 2.0449 0.00476844 -0.200847 -0.00934615 0.00133516 0.389677 -0.249381 -0.00169797 -0.197414 0.00820172 -0.000190738 0.391585 -0.251971 -0.0030118 
23 -0.0082016 0.0169754 -0.750553 -1.54424 0.686084 -2.02697 -0.777256 1.53127 0.667391 2.0449 0.00476844 -0.200847 -0.00934615 0.00133516 0.389677 -0.249381 -0.00169797 -0.197414 0.00820172 -0.000190738 0.391585 -0.251971 -0.0030118 
23 -0.0082016 0.0169754 -0.750553 -1.54424 0.686084 -2.02697 -0.777256 1.53127 0.667391 2.0449 0.00476844 -0.200847 -0.00934615 0.00133516 0.389677 -0.249381 -0.00169797 -0.197414 0.00820172 -0.000190738 0.391585 -0.251971 -0.0030118 
23 -0.0082016 0.0169754 -0.750553 -1.54424 0.686084 -2.02697 -0.777256 1.53127 0.667391 2.0449 0.00476844 -0.200847 -0.00934615 0.00133516 0.389677 -0.249381 -0.00169797 -0.197414 0.00820172 -0.000190738 0.391585 -0.251971 -0.0030118 
23 -0.0082016 0.0169754 -0.750553 -1.54424 0.686084 -2.02697 -0.777256 1.53127 0.667391 2.0449 0.00476844 -0.200847 -0.00934615 0.00133516 0.389677 -0.249381 -0.00169797 -0.197414 0.00820172 -0.000190738 0.391585 -0.251971 -0.0030118 
23 -0.0082016 0.0169754 -0.750553 -1.54424 0.686084 -2.02697 -0.777256 1.53127 0.667391 2.0449 0.00476844 -0.200847 -0.00934615 0.00133516 0.389677 -0.249381 -0.00169797 -0.197414 0.00820172 -0.000190738 0.391585 -0.251971 -0.0030118 
23 -0.0082016 0.0169754 -0.750553 -1.54424 0.686084 -2.02697 -0.777256 1.53127 0.667391 2.0449 0.00476844 -0.200847 -0.00934615 0.00133516 0.389677 -0.249381 -0.00169797 -0.197414 0.00820172 -0.000190738 0.391585 -0.251971 -0.0030118 
23 -0.0082016 0.0169754 -0.750553 -1.54424 0.686084 -2.02697 -0.777256 1.53127 0.667391 2.0449 0.00476844 -0.200847 -0.00934615 0.00133516 0.389677 -0.249381 -0.00169797 -0.197414 0.00820172 -0.000190738 0.391585 -0.251971 -0.0030118 
23 -0.0082016 0.0169754 -0.750553 -1.54424 0.686084 -2.02697 -0.777256 1.53127 0.667391 2.0449 0.00476844 -0.200847 -0.00934615 0.00133516 0.389677 -0.249381 -0.00169797 -0.197414 0.00820172 -0.000190738 0.391585 -0.251971 -0.0030118 
23 -0.00782013 0.0169754 -0.750553 -1.54424 0.686084 -2.02697 -0.777256 1.53127 0.667391 2.0449 0.00476844 -0.200847 -0.00934615 0.00133516 0.389677 -0.249381 -0.00169797 -0.197414 0.00820172 -0.000190738 0.391585 -0.251971 -0.0030118 
23 -0.0082016 0.0169754 -0.750553 -1.54424 0.686084 -2.02697 -0.777256 1.53127 0.667391 2.0449 0.00476844 -0.200847 -0.00934615 0.00133516 0.389677 -0.249381 -0.00169797 -0.197414 0.00820172 -0.000190738 0.391585 -0.251971 -0.0030118 
23 -0.0082016 0.0169754 -0.750553 -1.54424 0.686084 -2.02697 -0.777256 1.53127 0.667391 2.0449 0.00476844 -0.200847 -0.00934615 0.00133516 0.389677 -0.249381 -0.00169797 -0.197414 0.00820172 -0.000190738 0.391585 -0.251971 -0.0030118 
23 -0.0082016 0.0169754 -0.750553 -1.54424 0.686084 -2.02697 -0.777256 1.53127 0.667391 2.0449 0.00476844 -0.200847 -0.00934615 0.00133516 0.389677 -0.249381 -0.00169797 -0.197414 0.00820172 -0.000190738 0.391585 -0.251971 -0.0030118 
23 -0.0082016 0.0169754 -0.750553 -1.54424 0.686084 -2.02735 -0.777256 1.53127 0.667391 2.0449 0.00476844 -0.200847 -0.00934615 0.00133516 0.389677 -0.249381 -0.00169797 -0.197414 0.00820172 -0.000190738 0.391585 -0.251971 -0.0030118 
23 -0.00782013 0.0169754 -0.750553 -1.54424 0.686084 -2.02735 -0.777256 1.53127 0.667391 2.0449 0.00476844 -0.200847 -0.00934615 0.00133516 0.389677 -0.249381 -0.00169797 -0.197414 0.00820172 -0.000190738 0.391585 -0.251971 -0.0030118 
23 -0.0082016 0.0169754 -0.750553 -1.54424 0.686084 -2.02735 -0.777256 1.53127 0.667391 2.0449 0.00476844 -0.200847 -0.00934615 0.00133516 0.389677 -0.249381 -0.00169797 -0.197414 0.00820172 -0.000190738 0.391585 -0.251971 -0.0030118 
23 -0.00782013 0.0169754 -0.750553 -1.54424 0.686084 -2.02735 -0.777256 1.53127 0.667391 2.0449 0.00476844 -0.200847 -0.00934615 0.00133516 0.389677 -0.249381 -0.00169797 -0.197414 0.00820172 -0.000190738 0.391585 -0.251971 -0.0030118 
23 -0.0082016 0.0169754 -0.750553 -1.54424 0.686084 -2.02735 -0.777256 1.53127 0.667391 2.0449 0.00476844 -0.200847 -0.00934615 0.00133516 0.389677 -0.249381 -0.00169797 -0.197414 0.00820172 -0.000190738 0.391585 -0.251971 -0.0030118 
23 -0.00782013 0.0169754 -0.750553 -1.54424 0.686084 -2.02735 -0.777256 1.53127 0.667391 2.0449 0.00476844 -0.200847 -0.00934615 0.00133516 0.389677 -0.249381 -0.00169797 -0.197414 0.00820172 -0.000190738 0.391585 -0.251971 -0.0030118 
23 -0.00782013 0.0169754 -0.750553 -1.54424 0.686084 -2.02735 -0.777256 1.53127 0.667391 2.04528 0.00476844 -0.200847 -0.00934615 0.00133516 0.389677 -0.249381 -0.00169797 -0.197414 0.00820172 0.000190738 0.391585 -0.251971 -0.0030118 
23 -0.0082016 0.0169754 -0.750553 -1.54424 0.686084 -2.02735 -0.777256 1.53127 0.667391 2.04528 0.00476844 -0.200847 -0.00934615 0.00133516 0.389677 -0.249381 -0.00169797 -0.197414 0.00820172 -0.000190738 0.391585 -0.251971 -0.0030118 
23 -0.0082016 0.0169754 -0.750553 -1.54424 0.686084 -2.02735 -0.777256 1.53127 0.667391 2.04528 0.00476844 -0.200847 -0.00934615 0.00133516 0.389677 -0.249381 -0.00169797 -0.197414 0.00820172 -0.000190738 0.391585 -0.251971 -0.0030118 
23 -0.0082016 0.0169754 -0.750553 -1.54424 0.686084 -2.02735 -0.777256 1.53127 0.667391 2.04528 0.00476844 -0.200847 -0.00934615 0.00133516 0.389677 -0.249381 -0.00169797 -0.197414 0.00820172 -0.000190738 0.391585 -0.251971 -0.0030118 
23 -0.0082016 0.0169754 -0.750553 -1.54424 0.686084 -2.02735 -0.777256 1.53127 0.667391 2.04528 0.00476844 -0.200847 -0.00934615 0.00133516 0.389677 -0.249381 -0.00169797 -0.197414 0.00820172 -0.000190738 0.391585 -0.251971 -0.0030118 
23 -0.0082016 0.0169754 -0.750553 -1.54424 0.686084 -2.02735 -0.777256 1.53127 0.667391 2.04528 0.00476844 -0.200847 -0.00934615 0.00133516 0.389677 -0.249381 -0.00169797 -0.197414 0.00820172 -0.000190738 0.391585 -0.251971 -0.0030118 
23 -0.00782013 0.0169754 -0.750553 -1.54424 0.686084 -2.02735 -0.777256 1.53127 0.667391 2.04528 0.00476844 -0.200847 -0.00934615 0.00133516 0.389677 -0.249381 -0.00169797 -0.197414 0.00820172 -0.000190738 0.391585 -0.251971 -0.0030118 
23 -0.0082016 0.0169754 -0.750553 -1.54424 0.686084 -2.02735 -0.777256 1.53127 0.667391 2.04528 0.00476844 -0.200847 -0.00934615 0.00133516 0.389677 -0.249381 -0.00169797 -0.197414 0.00820172 -0.000190738 0.391585 -0.251971 -0.0030118 
23 -0.0082016 0.0169754 -0.750553 -1.54424 0.686084 -2.02735 -0.777256 1.53127 0.667391 2.04528 0.00476844 -0.200847 -0.00934615 0.00133516 0.389677 -0.249381 -0.00169797 -0.197414 0.00820172 -0.000190738 0.391585 -0.251971 -0.0030118 
23 -0.0082016 0.0169754 -0.750553 -1.54424 0.686084 -2.02735 -0.777256 1.53127 0.667391 2.04528 0.00476844 -0.200847 -0.00934615 0.00133516 0.389677 -0.249381 -0.00169797 -0.197414 0.00820172 -0.000190738 0.391585 -0.251971 -0.0030118 
23 -0.00782013 0.0169754 -0.750553 -1.54424 0.686084 -2.02735 -0.777256 1.53127 0.667391 2.04528 0.00476844 -0.200847 -0.00934615 0.00133516 0.389677 -0.249381 -0.00169797 -0.197414 0.00820172 -0.000190738 0.391585 -0.251971 -0.0030118 
23 -0.0082016 0.0169754 -0.750553 -1.54424 0.686084 -2.02773 -0.777256 1.53127 0.667391 2.04528 0.00476844 -0.200847 -0.00934615 0.00133516 0.389677 -0.249381 -0.00169797 -0.197414 0.00820172 -0.000190738 0.391585 -0.251971 -0.0030118 
23 -0.0082016 0.0169754 -0.750553 -1.54424 0.686084 -2.02773 -0.777256 1.53127 0.66701 2.04528 0.00476844 -0.200847 -0.00934615 0.00133516 0.389677 -0.249381 -0.00169797 -0.197414 0.00820172 -0.000190738 0.391585 -0.251971 -0.0030118 
23 -0.0082016 0.0169754 -0.750553 -1.54424 0.686084 -2.02773 -0.777256 1.53127 0.66701 2.04528 0.00476844 -0.200847 -0.00934615 0.00133516 0.389677 -0.249381 -0.00169797 -0.197414 0.00820172 -0.000190738 0.391585 -0.251971 -0.0030118 
23 -0.0082016 0.0169754 -0.750553 -1.54424 0.686084 -2.02773 -0.777256 1.53127 0.66701 2.04566 0.00476844 -0.200847 -0.00934615 0.00133516 0.389677 -0.249381 -0.00169797 -0.197414 0.00820172 -0.000190738 0.391585 -0.251971 -0.0030118 
23 -0.0082016 0.0169754 -0.750553 -1.54424 0.686084 -2.02773 -0.777256 1.53127 0.66701 2.04566 0.00476844 -0.200847 -0.00934615 0.00133516 0.389677 -0.249381 -0.00169797 -0.197414 0.00820172 -0.000190738 0.391585 -0.251971 -0.0030118 
23 -0.00782013 0.0169754 -0.750553 -1.54424 0.686084 -2.02773 -0.777256 1.53127 0.66701 2.04566 0.00476844 -0.200847 -0.00934615 0.00133516 0.389677 -0.249381 -0.00169797 -0.197414 0.00820172 -0.000190738 0.391585 -0.251971 -0.0030118 
23 -0.0082016 0.0169754 -0.750553 -1.54424 0.686084 -2.02773 -0.777256 1.53127 0.66701 2.04566 0.00476844 -0.200847 -0.00934615 0.00133516 0.389677 -0.249381 -0.00169797 -0.197414 0.00820172 -0.000190738 0.391585 -0.251971 -0.0030118 
23 -0.0082016 0.0169754 -0.750553 -1.54424 0.686084 -2.02773 -0.777256 1.53127 0.66701 2.04566 0.00476844 -0.200847 -0.00934615 0.00133516 0.389677 -0.249381 -0.00169797 -0.197414 0.00820172 -0.000190738 0.391585 -0.251971 -0.0030118 
23 -0.00782013 0.0169754 -0.750553 -1.54424 0.686084 -2.02773 -0.777256 1.53127 0.66701 2.04566 0.00476844 -0.200847 -0.00934615 0.00133516 0.389677 -0.249381 -0.00169797 -0.197414 0.00820172 -0.000190738 0.391585 -0.251971 -0.0030118 
23 -0.0082016 0.0169754 -0.750553 -1.54424 0.686084 -2.02773 -0.777256 1.53127 0.66701 2.04566 0.00476844 -0.200847 -0.00934615 0.00133516 0.389677 -0.249381 -0.00169797 -0.197414 0.00820172 -0.000190738 0.391585 -0.251971 -0.0030118 
23 -0.0082016 0.0169754 -0.750553 -1.54424 0.686084 -2.02773 -0.777256 1.53127 0.666629 2.04566 0.00476844 -0.200847 -0.00934615 0.00133516 0.389677 -0.249381 -0.00169797 -0.197414 0.00820172 -0.000190738 0.391585 -0.251971 -0.0030118 
23 -0.0082016 0.0169754 -0.750553 -1.54424 0.686084 -2.02773 -0.777256 1.53127 0.666629 2.04566 0.00476844 -0.200847 -0.00934615 0.00133516 0.389677 -0.249381 -0.00169797 -0.197414 0.00820172 -0.000190738 0.391585 -0.251971 -0.0030118 
23 -0.0082016 0.0169754 -0.750553 -1.54424 0.686084 -2.02773 -0.777256 1.53127 0.666629 2.04566 0.00476844 -0.200847 -0.00934615 0.00133516 0.389677 -0.249381 -0.00169797 -0.197414 0.00820172 -0.000190738 0.391585 -0.251971 -0.0030118 
23 -0.0082016 0.0169754 -0.750553 -1.54424 0.686084 -2.02773 -0.777256 1.53127 0.666629 2.04566 0.00476844 -0.200847 -0.00934615 0.00133516 0.389677 -0.249381 -0.00169797 -0.197414 0.00820172 -0.000190738 0.391585 -0.251971 -0.0030118 
23 -0.0082016 0.0169754 -0.750553 -1.54424 0.686084 -2.02773 -0.777256 1.53127 0.666629 2.04566 0.00476844 -0.200847 -0.00934615 0.00133516 0.389677 -0.249381 -0.00169797 -0.197414 0.00820172 -0.000190738 0.391585 -0.251971 -0.0030118 
23 -0.0082016 0.0169754 -0.750553 -1.54424 0.686084 -2.02773 -0.777256 1.53127 0.666629 2.04566 0.00476844 -0.200847 -0.00934615 0.00133516 0.389677 -0.249381 -0.00169797 -0.197414 0.00820172 -0.000190738 0.391585 -0.251971 -0.0030118 
23 -0.0082016 0.0169754 -0.750553 -1.54424 0.686084 -2.02773 -0.777256 1.53127 0.666247 2.04566 0.00476844 -0.200847 -0.00934615 0.00133516 0.389677 -0.249381 -0.00169797 -0.197414 0.00820172 -0.000190738 0.391585 -0.251971 -0.0030118 
23 -0.00782013 0.0169754 -0.750553 -1.54462 0.686084 -2.02773 -0.777256 1.53127 0.666247 2.04566 0.00476844 -0.200847 -0.00934615 0.00133516 0.389677 -0.249381 -0.00169797 -0.197414 0.00820172 -0.000190738 0.391585 -0.251971 -0.0030118 
23 -0.0082016 0.0169754 -0.750553 -1.54424 0.686084 -2.02773 -0.777256 1.53127 0.666247 2.04566 0.00476844 -0.200847 -0.00934615 0.00133516 0.389677 -0.249381 -0.00169797 -0.197414 0.00820172 0.000190738 0.391585 -0.251971 -0.0030118 
23 -0.0082016 0.0169754 -0.750935 -1.54424 0.686084 -2.02773 -0.777256 1.53127 0.666247 2.04566 0.00476844 -0.200847 -0.00934615 0.00133516 0.389677 -0.249381 -0.00169797 -0.197414 0.00820172 0.000190738 0.391585 -0.251971 -0.0030118 
23 -0.0082016 0.0169754 -0.750935 -1.54424 0.686084 -2.02773 -0.777256 1.53127 0.665866 2.04566 0.00476844 -0.200847 -0.00934615 0.00133516 0.389677 -0.249381 -0.00169797 -0.197414 0.00820172 -0.000190738 0.391585 -0.251971 -0.0030118 
23 -0.0082016 0.0169754 -0.750935 -1.54462 0.686084 -2.02773 -0.777256 1.53127 0.665866 2.04566 0.00476844 -0.200847 -0.00934615 0.00133516 0.389677 -0.249381 -0.00169797 -0.197414 0.00820172 -0.000190738 0.391585 -0.251971 -0.0030118 
23 -0.0082016 0.0169754 -0.750935 -1.54462 0.686084 -2.02773 -0.777256 1.53127 0.665866 2.04566 0.00476844 -0.200847 -0.00934615 0.00133516 0.389677 -0.249381 -0.00169797 -0.197414 0.00820172 -0.000190738 0.391585 -0.251971 -0.0030118 
23 -0.0082016 0.0169754 -0.750935 -1.54462 0.686084 -2.02773 -0.777256 1.53127 0.665484 2.04566 0.00476844 -0.200847 -0.00934615 0.00133516 0.389677 -0.249381 -0.00169797 -0.197414 0.00820172 -0.000190738 0.391585 -0.251971 -0.0030118 
23 -0.00782013 0.0169754 -0.750935 -1.54462 0.686084 -2.02773 -0.777256 1.53127 0.665484 2.04566 0.00476844 -0.200847 -0.00934615 0.00133516 0.389677 -0.249381 -0.00169797 -0.197414 0.00820172 -0.000190738 0.391585 -0.251971 -0.0030118 
23 -0.0082016 0.0169754 -0.750935 -1.54462 0.686084 -2.02773 -0.777256 1.53127 0.665103 2.04566 0.00476844 -0.200847 -0.00934615 0.00133516 0.389677 -0.249381 -0.00169797 -0.197414 0.00820172 -0.000190738 0.391585 -0.251971 -0.0030118 
23 -0.0082016 0.0169754 -0.750935 -1.54462 0.686084 -2.02773 -0.777256 1.53127 0.665103 2.04566 0.00476844 -0.200847 -0.00934615 0.00133516 0.389677 -0.249381 -0.00169797 -0.197414 0.00820172 -0.000190738 0.391585 -0.251971 -0.0030118 
23 -0.0082016 0.0169754 -0.750935 -1.54462 0.686084 -2.02773 -0.777256 1.53127 0.664721 2.04566 0.00476844 -0.200847 -0.00934615 0.00133516 0.389677 -0.249381 -0.00169797 -0.197414 0.00820172 -0.000190738 0.391585 -0.251971 -0.0030118 
23 -0.00782013 0.0169754 -0.750935 -1.54462 0.686084 -2.02773 -0.777638 1.53127 0.664721 2.04566 0.00476844 -0.200847 -0.00934615 0.00133516 0.389677 -0.249381 -0.00169797 -0.197414 0.00820172 -0.000190738 0.391585 -0.251971 -0.0030118 
23 -0.0082016 0.0169754 -0.750935 -1.54462 0.686084 -2.02773 -0.777638 1.53127 0.66434 2.04566 0.00476844 -0.200847 -0.00934615 0.00133516 0.389677 -0.249381 -0.00169797 -0.197414 0.00820172 -0.000190738 0.391585 -0.251971 -0.0030118 
23 -0.0082016 0.0169754 -0.750935 -1.54462 0.686084 -2.02773 -0.777638 1.53127 0.66434 2.04566 0.00476844 -0.200847 -0.00934615 0.00133516 0.389677 -0.249381 -0.00169797 -0.197414 0.00820172 -0.000190738 0.391585 -0.251971 -0.0030118 
23 -0.0082016 0.0169754 -0.750935 -1.54462 0.686084 -2.02773 -0.777638 1.53127 0.66434 2.04566 0.00476844 -0.200847 -0.00934615 0.00133516 0.389677 -0.249381 -0.00169797 -0.197414 0.00820172 -0.000190738 0.391585 -0.251971 -0.0030118 
23 -0.0082016 0.0169754 -0.750935 -1.54462 0.686084 -2.02773 -0.777638 1.53127 0.663958 2.04566 0.00476844 -0.200847 -0.00934615 0.00133516 0.389677 -0.249381 -0.00169797 -0.197414 0.00820172 -0.000190738 0.391585 -0.251971 -0.0030118 
23 -0.0082016 0.0169754 -0.750935 -1.54462 0.686084 -2.02773 -0.777638 1.53127 0.663958 2.04566 0.00476844 -0.200847 -0.00934615 0.00133516 0.389677 -0.249381 -0.00169797 -0.197414 0.00820172 -0.000190738 0.391585 -0.251971 -0.0030118 
23 -0.0082016 0.0169754 -0.750935 -1.54462 0.686084 -2.02773 -0.777638 1.53127 0.663958 2.04566 0.00476844 -0.200847 -0.00934615 0.00133516 0.389677 -0.249381 -0.00169797 -0.197414 0.00820172 -0.000190738 0.391585 -0.251971 -0.0030118 
23 -0.00782013 0.0169754 -0.750935 -1.54462 0.686084 -2.02773 -0.777638 1.53127 0.663958 2.04566 0.00476844 -0.200847 -0.00934615 0.00133516 0.389677 -0.249381 -0.00169797 -0.197414 0.00820172 -0.000190738 0.391585 -0.251971 -0.0030118 
23 -0.0082016 0.0169754 -0.750935 -1.54462 0.686084 -2.02773 -0.777638 1.53127 0.663577 2.04566 0.00476844 -0.200847 -0.00934615 0.00133516 0.389677 -0.249381 -0.00169797 -0.197414 0.00820172 -0.000190738 0.391585 -0.251971 -0.0030118 
23 -0.0082016 0.0169754 -0.750935 -1.54462 0.686084 -2.02773 -0.777638 1.53127 0.663577 2.04566 0.00476844 -0.200847 -0.00934615 0.00133516 0.389677 -0.249381 -0.00169797 -0.197414 0.00820172 -0.000190738 0.391585 -0.251971 -0.0030118 
23 -0.0082016 0.0169754 -0.750935 -1.54462 0.686084 -2.02773 -0.777638 1.53127 0.663577 2.04566 0.00476844 -0.200847 -0.00934615 0.00133516 0.389677 -0.249381 -0.00169797 -0.197414 0.00820172 -0.000190738 0.391585 -0.251971 -0.0030118 
23 -0.00782013 0.0169754 -0.750935 -1.54462 0.686084 -2.02773 -0.777638 1.53127 0.663577 2.04566 0.00476844 -0.200847 -0.00934615 0.00133516 0.389677 -0.249381 -0.00169797 -0.197414 0.00820172 -0.000190738 0.391585 -0.251971 -0.0030118 
23 -0.0082016 0.0169754 -0.750935 -1.54462 0.686084 -2.02773 -0.777638 1.53127 0.663577 2.04566 0.00476844 -0.200847 -0.00934615 0.00133516 0.389677 -0.249381 -0.00169797 -0.197414 0.00820172 -0.000190738 0.391585 -0.251971 -0.0030118 
23 -0.0082016 0.0169754 -0.750935 -1.54462 0.686084 -2.02773 -0.777638 1.53127 0.663195 2.04566 0.00476844 -0.200847 -0.00934615 0.00133516 0.389677 -0.249381 -0.00169797 -0.197414 0.00820172 -0.000190738 0.391585 -0.251971 -0.0030118 
23 -0.0082016 0.0169754 -0.750935 -1.54462 0.686084 -2.02773 -0.777638 1.53127 0.663195 2.04566 0.00476844 -0.200847 -0.00934615 0.00133516 0.389677 -0.249381 -0.00169797 -0.197414 0.00820172 -0.000190738 0.391585 -0.251971 -0.0030118 
23 -0.00782013 0.0169754 -0.750935 -1.54462 0.686084 -2.02773 -0.777638 1.53127 0.663195 2.04566 0.00476844 -0.200847 -0.00934615 0.00133516 0.389677 -0.249381 -0.00169797 -0.197414 0.00820172 -0.000190738 0.391585 -0.251971 -0.0030118 
23 -0.0082016 0.0169754 -0.750553 -1.54462 0.686084 -2.02773 -0.778019 1.53127 0.663195 2.04566 0.00476844 -0.200847 -0.00934615 0.00133516 0.389677 -0.249381 -0.00169797 -0.197414 0.00820172 -0.000190738 0.391585 -0.251971 -0.0030118 
23 -0.00782013 0.0169754 -0.750553 -1.54462 0.686084 -2.02773 -0.778019 1.53127 0.663195 2.04566 0.00476844 -0.200847 -0.00934615 0.00133516 0.389677 -0.249381 -0.00169797 -0.197414 0.00820172 -0.000190738 0.391585 -0.251971 -0.0030118 
23 -0.00782013 0.0169754 -0.750553 -1.54462 0.686084 -2.02773 -0.778019 1.53127 0.663195 2.04566 0.00476844 -0.200847 -0.00934615 0.00133516 0.389677 -0.249381 -0.00169797 -0.197414 0.00820172 -0.000190738 0.391585 -0.251971 -0.0030118 
23 -0.0082016 0.0169754 -0.750553 -1.54462 0.686084 -2.02773 -0.778019 1.53127 0.662814 2.04566 0.00476844 -0.200847 -0.00934615 0.00133516 0.389677 -0.249381 -0.00169797 -0.197414 0.00820172 -0.000190738 0.391585 -0.251971 -0.0030118 
23 -0.0082016 0.0169754 -0.750553 -1.54462 0.686084 -2.02773 -0.778019 1.53127 0.662814 2.04566 0.00476844 -0.200847 -0.00934615 0.00133516 0.389677 -0.249381 -0.00169797 -0.197414 0.00820172 -0.000190738 0.391585 -0.251971 -0.0030118 
23 -0.00782013 0.0169754 -0.750553 -1.54462 0.686084 -2.02773 -0.778019 1.53127 0.662814 2.04566 0.00476844 -0.200847 -0.00934615 0.00133516 0.389677 -0.249381 -0.00169797 -0.197414 0.00820172 -0.000190738 0.391585 -0.251971 -0.0030118 
23 -0.0082016 0.0169754 -0.750553 -1.54462 0.686084 -2.02773 -0.778019 1.53127 0.662814 2.04566 0.00476844 -0.200847 -0.00934615 0.00133516 0.389677 -0.249381 -0.00169797 -0.197414 0.00820172 -0.000190738 0.391585 -0.251971 -0.0030118 
23 -0.0082016 0.0169754 -0.750553 -1.54462 0.686084 -2.02773 -0.778019 1.53127 0.662814 2.04566 0.00476844 -0.200847 -0.00934615 0.00133516 0.389677 -0.249381 -0.00169797 -0.197032 0.00820172 -0.000190738 0.391585 -0.251971 -0.0030118 
23 -0.0082016 0.0169754 -0.750553 -1.54462 0.686084 -2.02773 -0.778019 1.53127 0.662814 2.04566 0.00476844 -0.200847 -0.00934615 0.00133516 0.389677 -0.249381 -0.00169797 -0.197414 0.00820172 -0.000190738 0.391585 -0.251971 -0.0030118 
23 -0.0082016 0.0169754 -0.750553 -1.54462 0.686084 -2.02773 -0.778019 1.53127 0.662814 2.04566 0.00476844 -0.200847 -0.00934615 0.00133516 0.389677 -0.249381 -0.00169797 -0.197414 0.00820172 -0.000190738 0.391585 -0.251971 -0.0030118 
23 -0.0082016 0.0169754 -0.750553 -1.54462 0.686084 -2.02773 -0.778019 1.53127 0.662814 2.04566 0.00476844 -0.200847 -0.00934615 0.00133516 0.389677 -0.249381 -0.00169797 -0.197414 0.00820172 -0.000190738 0.391585 -0.251971 -0.0030118 
23 -0.00782013 0.0169754 -0.750553 -1.54462 0.686084 -2.02773 -0.778019 1.53127 0.662814 2.04566 0.00476844 -0.200847 -0.00934615 0.00133516 0.389677 -0.249381 -0.00169797 -0.197414 0.00820172 -0.000190738 0.391585 -0.251971 -0.0030118 
23 -0.00782013 0.0169754 -0.750553 -1.54462 0.686084 -2.02773 -0.778019 1.53127 0.662814 2.04566 0.00476844 -0.200847 -0.00934615 0.00133516 0.389677 -0.249381 -0.00169797 -0.197414 0.00820172 -0.000190738 0.391585 -0.251971 -0.0030118 
23 -0.00782013 0.0169754 -0.750553 -1.54462 0.686084 -2.02773 -0.778019 1.53127 0.662814 2.04566 0.00476844 -0.200847 -0.00934615 0.00133516 0.389677 -0.249381 -0.00169797 -0.197414 0.00820172 -0.000190738 0.391585 -0.251971 -0.0030118 
23 -0.0082016 0.0169754 -0.750553 -1.54462 0.686084 -2.02773 -0.778019 1.53127 0.662814 2.04566 0.00476844 -0.200847 -0.00934615 0.00133516 0.389677 -0.249381 -0.00169797 -0.197414 0.00820172 -0.000190738 0.391585 -0.251971 -0.0030118 
23 -0.0082016 0.0169754 -0.750553 -1.54462 0.686084 -2.02773 -0.778019 1.53127 0.662432 2.04566 0.00476844 -0.200847 -0.00934615 0.00133516 0.389677 -0.249381 -0.00169797 -0.197414 0.00820172 -0.000190738 0.391585 -0.251971 -0.0030118 
23 -0.00782013 0.0169754 -0.750553 -1.54462 0.686084 -2.02773 -0.778019 1.53127 0.662432 2.04528 0.00476844 -0.200847 -0.00934615 0.00133516 0.389677 -0.249381 -0.00169797 -0.197414 0.00820172 -0.000190738 0.391585 -0.251971 -0.0030118 
23 -0.0082016 0.0169754 -0.750553 -1.54462 0.686084 -2.02773 -0.778019 1.53127 0.662432 2.04528 0.00476844 -0.200847 -0.00934615 0.00133516 0.389677 -0.249381 -0.00169797 -0.197414 0.00820172 -0.000190738 0.391585 -0.251971 -0.0030118 
23 -0.0082016 0.0169754 -0.750553 -1.54462 0.686084 -2.02773 -0.778019 1.53127 0.662432 2.04528 0.00476844 -0.200847 -0.00934615 0.00133516 0.389677 -0.249381 -0.00169797 -0.197414 0.00820172 -0.000190738 0.391585 -0.251971 -0.0030118 
23 -0.0082016 0.0169754 -0.750553 -1.54462 0.686084 -2.02773 -0.778019 1.53127 0.662432 2.04528 0.00476844 -0.200847 -0.00934615 0.00133516 0.389677 -0.249381 -0.00169797 -0.197414 0.00820172 -0.000190738 0.391585 -0.251971 -0.0030118 
23 -0.0082016 0.0169754 -0.750553 -1.54462 0.686084 -2.02773 -0.778019 1.53127 0.662432 2.04528 0.00476844 -0.200847 -0.00934615 0.00133516 0.389677 -0.249381 -0.00169797 -0.197414 0.00820172 -0.000190738 0.391585 -0.251971 -0.0030118 
23 -0.0082016 0.0169754 -0.750553 -1.54462 0.686084 -2.02773 -0.778019 1.53127 0.662432 2.04528 0.00476844 -0.200847 -0.00934615 0.00133516 0.389677 -0.249381 -0.00169797 -0.197414 0.00820172 0.000190738 0.391585 -0.251971 -0.0030118 
23 -0.0082016 0.0169754 -0.750553 -1.54462 0.686084 -2.02773 -0.778019 1.53127 0.662432 2.04528 0.00476844 -0.200847 -0.00934615 0.00133516 0.389677 -0.249381 -0.00169797 -0.197414 0.00820172 -0.000190738 0.391585 -0.251971 -0.0030118 
23 -0.0082016 0.0169754 -0.750553 -1.54462 0.686084 -2.02773 -0.778019 1.53127 0.662432 2.04528 0.00476844 -0.200847 -0.00934615 0.00133516 0.389677 -0.249381 -0.00169797 -0.197414 0.00820172 -0.000190738 0.391585 -0.251971 -0.0030118 
23 -0.0082016 0.0169754 -0.750553 -1.54462 0.686084 -2.02773 -0.778019 1.53127 0.662432 2.04528 0.00476844 -0.200847 -0.00934615 0.00133516 0.389677 -0.249381 -0.00169797 -0.197414 0.00820172 -0.000190738 0.391585 -0.251971 -0.0030118 
23 -0.0082016 0.0169754 -0.750553 -1.54462 0.686084 -2.02773 -0.778019 1.53127 0.662432 2.04528 0.00476844 -0.200847 -0.00934615 0.00133516 0.389677 -0.249381 -0.00169797 -0.197414 0.00820172 0.000190738 0.391585 -0.251971 -0.0030118 
23 -0.0082016 0.0169754 -0.750553 -1.54462 0.686084 -2.02773 -0.778019 1.53088 0.662432 2.04528 0.00476844 -0.200847 -0.00934615 0.00133516 0.389677 -0.249381 -0.00169797 -0.197414 0.00820172 -0.000190738 0.391585 -0.251971 -0.0030118 
23 -0.0082016 0.0169754 -0.750553 -1.54462 0.686084 -2.02773 -0.778019 1.53088 0.662432 2.04528 0.00476844 -0.200847 -0.00934615 0.00133516 0.389677 -0.249381 -0.00169797 -0.197414 0.00820172 -0.000190738 0.391585 -0.251971 -0.0030118 
23 -0.0082016 0.0169754 -0.750553 -1.54462 0.686084 -2.02773 -0.778019 1.53088 0.662432 2.04528 0.00476844 -0.200847 -0.00934615 0.00133516 0.389677 -0.249381 -0.00169797 -0.197414 0.00820172 0.000190738 0.391585 -0.251971 -0.0030118 
23 -0.0082016 0.0169754 -0.750553 -1.54462 0.686084 -2.02773 -0.778019 1.53088 0.662432 2.04528 0.00476844 -0.200847 -0.00934615 0.00133516 0.389677 -0.249381 -0.00169797 -0.197414 0.00820172 -0.000190738 0.391585 -0.251971 -0.0030118 
23 -0.0082016 0.0169754 -0.750553 -1.54462 0.686084 -2.02773 -0.778019 1.53088 0.662432 2.04528 0.00514992 -0.200847 -0.00934615 0.00133516 0.389677 -0.249381 -0.00169797 -0.197414 0.00820172 -0.000190738 0.391585 -0.251971 -0.0030118 
23 -0.0082016 0.0169754 -0.750553 -1.54462 0.686084 -2.02773 -0.778019 1.53088 0.662432 2.04528 0.00514992 -0.200847 -0.00934615 0.00133516 0.389677 -0.249381 -0.00169797 -0.197414 0.00820172 -0.000190738 0.391585 -0.251971 -0.0030118 
23 -0.0082016 0.0169754 -0.750553 -1.54462 0.686084 -2.02773 -0.778019 1.53088 0.662432 2.04528 0.00514992 -0.200847 -0.00934615 0.00133516 0.389677 -0.249381 -0.00169797 -0.197414 0.00820172 -0.000190738 0.391585 -0.251971 -0.0030118 
23 -0.0082016 0.0169754 -0.750553 -1.54462 0.686084 -2.02773 -0.778019 1.53088 0.662432 2.04528 0.00514992 -0.200847 -0.00934615 0.00133516 0.389677 -0.249381 -0.00169797 -0.197414 0.00820172 0.000190738 0.391585 -0.251971 -0.0030118 
23 -0.0082016 0.0169754 -0.750553 -1.54462 0.686084 -2.02773 -0.778019 1.53088 0.662432 2.04528 0.00514992 -0.200847 -0.00934615 0.00133516 0.389677 -0.249381 -0.00169797 -0.197414 0.00820172 -0.000190738 0.391585 -0.251971 -0.0030118 
23 -0.0082016 0.0169754 -0.750553 -1.54462 0.686084 -2.02773 -0.778019 1.53088 0.662432 2.04528 0.00514992 -0.200847 -0.00934615 0.00133516 0.389677 -0.249381 -0.00169797 -0.197414 0.00820172 -0.000190738 0.391585 -0.251971 -0.0030118 
23 -0.0082016 0.0173569 -0.750553 -1.54462 0.686084 -2.02773 -0.778019 1.53088 0.662432 2.04528 0.00514992 -0.200847 -0.00934615 0.00133516 0.389677 -0.249381 -0.00169797 -0.197414 0.00820172 -0.000190738 0.391585 -0.251971 -0.0030118 
23 -0.0082016 0.0169754 -0.750553 -1.54462 0.686084 -2.02773 -0.778019 1.53088 0.662432 2.04528 0.00514992 -0.200847 -0.00934615 0.00133516 0.389677 -0.249381 -0.00169797 -0.197414 0.00820172 -0.000190738 0.391585 -0.251971 -0.0030118 
23 -0.00782013 0.0169754 -0.750553 -1.54462 0.686084 -2.02773 -0.778019 1.53088 0.662432 2.04528 0.00514992 -0.200847 -0.00934615 0.00133516 0.389677 -0.249381 -0.00169797 -0.197414 0.00820172 -0.000190738 0.391585 -0.251971 -0.0030118 
23 -0.0082016 0.0169754 -0.750553 -1.54462 0.686084 -2.02773 -0.778019 1.53088 0.662432 2.04528 0.00514992 -0.200847 -0.00934615 0.00133516 0.389677 -0.249381 -0.00169797 -0.197414 0.00820172 -0.000190738 0.391585 -0.251971 -0.0030118 
23 -0.0082016 0.0169754 -0.750553 -1.54462 0.686084 -2.02773 -0.778019 1.53088 0.662432 2.04528 0.00514992 -0.200847 -0.00934615 0.00133516 0.389677 -0.249381 -0.00169797 -0.197414 0.00820172 -0.000190738 0.391585 -0.251971 -0.0030118 
23 -0.0082016 0.0169754 -0.750553 -1.54462 0.686084 -2.02773 -0.778019 1.53088 0.662432 2.04528 0.00514992 -0.200847 -0.00934615 0.00133516 0.389677 -0.249381 -0.00169797 -0.197414 0.00820172 -0.000190738 0.391585 -0.251971 -0.0030118 
23 -0.0082016 0.0169754 -0.750553 -1.54462 0.686084 -2.02773 -0.778019 1.53088 0.662432 2.04528 0.00514992 -0.200847 -0.00934615 0.00133516 0.389677 -0.249381 -0.00169797 -0.197414 0.00820172 -0.000190738 0.391585 -0.251971 -0.0030118 
23 -0.0082016 0.0169754 -0.750553 -1.54462 0.686084 -2.02773 -0.778019 1.53088 0.662432 2.04528 0.00514992 -0.200847 -0.00934615 0.00133516 0.389677 -0.249381 -0.00169797 -0.197414 0.00820172 -0.000190738 0.391585 -0.251971 -0.0030118 
23 -0.0082016 0.0169754 -0.750553 -1.54462 0.686084 -2.02773 -0.778019 1.53088 0.662432 2.04528 0.00514992 -0.200847 -0.00934615 0.00133516 0.389677 -0.249381 -0.00169797 -0.197414 0.00820172 0.000190738 0.391585 -0.251971 -0.0030118 
23 -0.0082016 0.0169754 -0.750553 -1.54462 0.686084 -2.02773 -0.778019 1.53088 0.662432 2.04528 0.00514992 -0.200847 -0.00934615 0.00133516 0.389677 -0.249381 -0.00169797 -0.197414 0.00820172 -0.000190738 0.391585 -0.251971 -0.0030118 
23 -0.0082016 0.0169754 -0.750553 -1.54462 0.686084 -2.02773 -0.778019 1.53088 0.662432 2.04528 0.00514992 -0.200847 -0.00934615 0.00133516 0.389677 -0.249381 -0.00169797 -0.197414 0.00820172 -0.000190738 0.391585 -0.251971 -0.0030118 
23 -0.00782013 0.0169754 -0.750553 -1.54462 0.686084 -2.02773 -0.778019 1.53088 0.662432 2.04528 0.00514992 -0.200847 -0.00934615 0.00133516 0.389677 -0.249381 -0.00169797 -0.197414 0.00820172 -0.000190738 0.391585 -0.251971 -0.0030118 
23 -0.0082016 0.0169754 -0.750553 -1.54462 0.686084 -2.02773 -0.778019 1.53088 0.662432 2.04528 0.00514992 -0.200847 -0.00934615 0.00133516 0.389677 -0.249381 -0.00169797 -0.197414 0.00820172 -0.000190738 0.391585 -0.251971 -0.0030118 
23 -0.0082016 0.0169754 -0.750553 -1.54462 0.686084 -2.02773 -0.778019 1.53088 0.662432 2.04528 0.00514992 -0.200847 -0.00934615 0.00133516 0.389677 -0.249381 -0.00169797 -0.197414 0.00820172 -0.000190738 0.391585 -0.251971 -0.0030118 
23 -0.0082016 0.0169754 -0.750553 -1.54462 0.686084 -2.02773 -0.778019 1.53088 0.662432 2.04528 0.00514992 -0.200847 -0.00934615 0.00133516 0.389677 -0.249381 -0.00169797 -0.197414 0.00820172 -0.000190738 0.391585 -0.251971 -0.0030118 
23 -0.0082016 0.0169754 -0.750935 -1.54462 0.686084 -2.02773 -0.778019 1.53088 0.662432 2.04528 0.00514992 -0.200847 -0.00934615 0.00133516 0.389677 -0.249381 -0.00169797 -0.197414 0.00820172 -0.000190738 0.391585 -0.251971 -0.0030118 
23 -0.0082016 0.0169754 -0.750935 -1.54462 0.686084 -2.02773 -0.778019 1.53088 0.662432 2.04528 0.00514992 -0.200847 -0.00934615 0.00133516 0.389677 -0.249381 -0.00169797 -0.197414 0.00820172 -0.000190738 0.391585 -0.251971 -0.0030118 
23 -0.0082016 0.0169754 -0.750553 -1.54462 0.686084 -2.02773 -0.778019 1.53088 0.662432 2.04528 0.00514992 -0.200847 -0.00934615 0.00133516 0.389677 -0.249381 -0.00169797 -0.197414 0.00820172 -0.000190738 0.391585 -0.251971 -0.0030118 
23 -0.0082016 0.0169754 -0.750553 -1.54462 0.686084 -2.02773 -0.778019 1.53088 0.662432 2.04528 0.00514992 -0.200847 -0.00934615 0.00133516 0.389677 -0.249381 -0.00169797 -0.197414 0.00820172 -0.000190738 0.391585 -0.251971 -0.0030118 
23 -0.0082016 0.0169754 -0.750553 -1.54462 0.686084 -2.02773 -0.778019 1.53088 0.662432 2.04528 0.00514992 -0.200847 -0.00934615 0.00133516 0.389677 -0.249381 -0.00169797 -0.197414 0.00820172 -0.000190738 0.391585 -0.251971 -0.0030118 
23 -0.0082016 0.0169754 -0.750553 -1.54462 0.686084 -2.02773 -0.778019 1.53088 0.662432 2.04528 0.00514992 -0.200847 -0.00934615 0.00133516 0.389677 -0.249381 -0.00169797 -0.197414 0.00820172 -0.000190738 0.391585 -0.251971 -0.0030118 
23 -0.0082016 0.0169754 -0.750553 -1.54462 0.686084 -2.02773 -0.778019 1.53088 0.662432 2.04528 0.00514992 -0.200847 -0.00934615 0.00133516 0.389677 -0.249381 -0.00169797 -0.197414 0.00820172 -0.000190738 0.391585 -0.251971 -0.0030118 
23 -0.0082016 0.0169754 -0.750553 -1.54462 0.686084 -2.02773 -0.778019 1.53088 0.662432 2.04528 0.00514992 -0.200847 -0.00934615 0.00133516 0.389677 -0.249381 -0.00169797 -0.197414 0.00820172 -0.000190738 0.391585 -0.251971 -0.0030118 
23 -0.0082016 0.0169754 -0.750553 -1.54462 0.686084 -2.02773 -0.778019 1.53088 0.662432 2.04528 0.00514992 -0.200847 -0.00934615 0.00133516 0.389677 -0.249381 -0.00169797 -0.197414 0.00820172 -0.000190738 0.391585 -0.251971 -0.0030118 
