23 -0.00743866 0.00896454 0.246242 -1.40042 0.000572213 -0.49649 0.252728 1.39928 0.00400549 0.497253 -0.000572213 -0.197414 -0.00324254 -0.000572213 0.39044 -0.249951 -0.001248 -0.200847 0.00133516 0.000190738 0.392729 -0.249621 0.000448977 
23 -0.00743866 0.00896454 0.246242 -1.40042 0.000572213 -0.49649 0.252728 1.39928 0.00400549 0.497253 -0.000572213 -0.197414 -0.00324254 -0.000572213 0.39044 -0.249951 -0.001248 -0.200847 0.00133516 0.000190738 0.392729 -0.249621 0.000448977 
23 -0.00705719 0.00896454 0.246242 -1.40042 0.000572213 -0.49649 0.253109 1.39928 0.00400549 0.497253 -0.000572213 -0.197414 -0.00324254 -0.000572213 0.39044 -0.249951 -0.001248 -0.200847 0.00133516 0.000190738 0.392729 -0.249621 0.000448977 
23 -0.00705719 0.00896454 0.246242 -1.40042 0.000572213 -0.49649 0.252728 1.39928 0.00400549 0.497253 -0.000572213 -0.197414 -0.00324254 -0.000572213 0.39044 -0.249951 -0.001248 -0.200847 0.00133516 0.000190738 0.392729 -0.249621 0.000448977 
23 -0.00705719 0.00896454 0.246242 -1.40042 0.000572213 -0.49649 0.253109 1.39928 0.00400549 0.497253 -0.000572213 -0.197414 -0.00324254 -0.000572213 0.39044 -0.249951 -0.001248 -0.200847 0.00133516 0.000190738 0.392729 -0.249621 0.000448977 
23 -0.00705719 0.00896454 0.246242 -1.40042 0.000572213 -0.49649 0.252728 1.39928 0.00400549 0.497253 -0.000572213 -0.197414 -0.00324254 -0.000572213 0.39044 -0.249951 -0.001248 -0.200847 0.00133516 0.000190738 0.392729 -0.249621 0.000448977 
23 -0.00743866 0.00896454 0.246242 -1.40042 0.000572213 -0.49649 0.252728 1.39928 0.00400549 0.497253 -0.000572213 -0.197414 -0.00324254 -0.000572213 0.39044 -0.249951 -0.001248 -0.200847 0.00133516 0.000190738 0.392729 -0.249621 0.000448977 
23 -0.00705719 0.00896454 0.246242 -1.40042 0.000572213 -0.49649 0.252728 1.39928 0.00400549 0.497253 -0.000572213 -0.197414 -0.00324254 -0.000572213 0.39044 -0.249951 -0.001248 -0.200847 0.00133516 0.000190738 0.392729 -0.249621 0.000448977 
23 -0.00705719 0.00896454 0.246242 -1.40042 0.000572213 -0.49649 0.252728 1.39928 0.00400549 0.497253 -0.000572213 -0.197414 -0.00324254 -0.000572213 0.39044 -0.249951 -0.001248 -0.200847 0.00133516 0.000190738 0.392729 -0.249621 0.000448977 
23 -0.00705719 0.00896454 0.246242 -1.40042 0.000572213 -0.49649 0.252728 1.39928 0.00400549 0.497253 -0.000572213 -0.197414 -0.00324254 -0.000572213 0.39044 -0.249951 -0.001248 -0.200847 0.00133516 0.000190738 0.392729 -0.249621 0.000448977 
23 -0.00705719 0.00896454 0.246242 -1.40042 0.000572213 -0.49649 0.252728 1.39928 0.00400549 0.497253 -0.000572213 -0.197414 -0.00324254 -0.000572213 0.39044 -0.249951 -0.001248 -0.200847 0.00133516 0.000190738 0.392729 -0.249621 0.000448977 
23 -0.00705719 0.00896454 0.246242 -1.40042 0.000572213 -0.49649 0.252728 1.39928 0.00400549 0.497253 -0.000572213 -0.197414 -0.00324254 -0.000572213 0.39044 -0.249951 -0.001248 -0.200847 0.00133516 0.000190738 0.392729 -0.249621 0.000448977 
23 -0.00705719 0.00896454 0.246242 -1.40042 0.000572213 -0.49649 0.252728 1.39928 0.00400549 0.497253 -0.000572213 -0.197414 -0.00324254 -0.000572213 0.39044 -0.249951 -0.001248 -0.200847 0.00133516 0.000190738 0.392729 -0.249621 0.000448977 
23 -0.00705719 0.00896454 0.246242 -1.40042 0.000572213 -0.49649 0.252728 1.39928 0.00400549 0.497253 -0.000572213 -0.197414 -0.00324254 -0.000572213 0.39044 -0.249951 -0.001248 -0.200847 0.00133516 0.000190738 0.392729 -0.249621 0.000448977 
23 -0.00705719 0.00896454 0.246242 -1.40042 0.000572213 -0.49649 0.252728 1.39928 0.00400549 0.497253 -0.000572213 -0.197414 -0.00324254 -0.000572213 0.39044 -0.249951 -0.001248 -0.200847 0.00133516 0.000190738 0.392729 -0.249621 0.000448977 
23 -0.00705719 0.00896454 0.246242 -1.40042 0.000572213 -0.49649 0.252728 1.39928 0.00400549 0.497253 -0.000572213 -0.197414 -0.00324254 -0.000572213 0.39044 -0.249951 -0.001248 -0.200847 0.00133516 0.000190738 0.392729 -0.249621 0.000448977 
23 -0.00705719 0.00896454 0.246242 -1.40042 0.000572213 -0.49649 0.252728 1.39928 0.00400549 0.497253 -0.000572213 -0.197414 -0.00324254 -0.000572213 0.39044 -0.249951 -0.001248 -0.200847 0.00133516 0.000190738 0.392729 -0.249621 0.000448977 
23 -0.00705719 0.00896454 0.246242 -1.40042 0.000572213 -0.49649 0.252728 1.39928 0.00400549 0.497253 -0.000572213 -0.197414 -0.00324254 -0.000572213 0.39044 -0.249951 -0.001248 -0.200847 0.00133516 0.000190738 0.392729 -0.249621 0.000448977 
23 -0.00705719 0.00896454 0.246242 -1.40042 0.000572213 -0.49649 0.252728 1.39928 0.00400549 0.497253 -0.000572213 -0.197414 -0.00324254 -0.000572213 0.39044 -0.249951 -0.001248 -0.200847 0.00133516 0.000190738 0.392729 -0.249621 0.000448977 
23 -0.00743866 0.00896454 0.246242 -1.40042 0.000572213 -0.49649 0.252728 1.39928 0.00400549 0.497253 -0.000572213 -0.197414 -0.00324254 -0.000572213 0.39044 -0.249951 -0.001248 -0.200847 0.00133516 0.000190738 0.392729 -0.249621 0.000448977 
23 -0.00705719 0.00896454 0.246242 -1.40042 0.000572213 -0.49649 0.252728 1.39928 0.00400549 0.497253 -0.000572213 -0.197414 -0.00324254 -0.000572213 0.39044 -0.249951 -0.001248 -0.200847 0.00133516 0.000190738 0.392729 -0.249621 0.000448977 
23 -0.00705719 0.00896454 0.246242 -1.40042 0.000572213 -0.49649 0.252728 1.39928 0.00400549 0.497253 -0.000572213 -0.197414 -0.00324254 -0.000572213 0.39044 -0.249951 -0.001248 -0.200847 0.00133516 0.000190738 0.392729 -0.249621 0.000448977 
23 -0.00705719 0.00896454 0.246242 -1.40042 0.000572213 -0.49649 0.252728 1.39928 0.00400549 0.497253 -0.000572213 -0.197414 -0.00324254 -0.000572213 0.39044 -0.249951 -0.001248 -0.200847 0.00133516 0.000190738 0.392729 -0.249621 0.000448977 
23 -0.00705719 0.00896454 0.246242 -1.40042 0.000572213 -0.49649 0.252728 1.39928 0.00400549 0.497253 -0.000572213 -0.197414 -0.00324254 -0.000572213 0.39044 -0.249951 -0.001248 -0.200847 0.00133516 0.000190738 0.392729 -0.249621 0.000448977 
23 -0.00705719 0.00896454 0.246242 -1.40042 0.000572213 -0.49649 0.252728 1.39928 0.00400549 0.497253 -0.000572213 -0.197414 -0.00324254 -0.000572213 0.39044 -0.249951 -0.001248 -0.200847 0.00133516 0.000190738 0.392729 -0.249621 0.000448977 
23 -0.00705719 0.00896454 0.246242 -1.40042 0.000572213 -0.49649 0.252728 1.39928 0.00400549 0.497253 -0.000572213 -0.197414 -0.00324254 -0.000572213 0.39044 -0.249951 -0.001248 -0.200847 0.00133516 0.000190738 0.392729 -0.249621 0.000448977 
23 -0.00705719 0.00896454 0.246242 -1.40042 0.000572213 -0.49649 0.252728 1.39928 0.00400549 0.497253 -0.000572213 -0.197414 -0.00324254 -0.000572213 0.39044 -0.249951 -0.001248 -0.200847 0.00133516 0.000190738 0.392729 -0.249621 0.000448977 
23 -0.00705719 0.00896454 0.246242 -1.40042 0.000572213 -0.49649 0.252728 1.39928 0.00400549 0.497253 -0.000572213 -0.197414 -0.00324254 -0.000572213 0.39044 -0.249951 -0.001248 -0.200847 0.00133516 0.000190738 0.392729 -0.249621 0.000448977 
23 -0.00705719 0.00896454 0.246242 -1.40042 0.000572213 -0.49649 0.252728 1.39928 0.00400549 0.497253 -0.000572213 -0.197414 -0.00324254 -0.000572213 0.39044 -0.249951 -0.001248 -0.201228 0.00133516 0.000190738 0.392729 -0.249621 0.000448977 
23 -0.00705719 0.00896454 0.246242 -1.40042 0.000572213 -0.49649 0.252728 1.39928 0.00400549 0.497253 -0.000572213 -0.197414 -0.00324254 -0.000572213 0.39044 -0.249951 -0.001248 -0.200847 0.00133516 0.000190738 0.392729 -0.249621 0.000448977 
23 -0.00705719 0.00896454 0.246242 -1.40042 0.000572213 -0.49649 0.252728 1.39928 0.00400549 0.497253 -0.000572213 -0.197414 -0.00324254 -0.000572213 0.39044 -0.249951 -0.001248 -0.201228 0.00133516 0.000190738 0.392729 -0.249621 0.000448977 
23 -0.00705719 0.00896454 0.246242 -1.40042 0.000572213 -0.49649 0.252728 1.39966 0.00400549 0.497253 -0.000572213 -0.197414 -0.00324254 -0.000572213 0.39044 -0.249951 -0.001248 -0.200847 0.00133516 0.000190738 0.392729 -0.249621 0.000448977 
23 -0.00705719 0.00896454 0.246242 -1.40042 0.000572213 -0.49649 0.252728 1.39966 0.00400549 0.497253 -0.000572213 -0.197414 -0.00324254 -0.000572213 0.39044 -0.249951 -0.001248 -0.200847 0.00133516 0.000190738 0.392729 -0.249621 0.000448977 
23 -0.00705719 0.00896454 0.246242 -1.40042 0.000572213 -0.49649 0.252728 1.39966 0.00400549 0.497253 -0.000572213 -0.197414 -0.00324254 -0.000572213 0.39044 -0.249951 -0.001248 -0.200847 0.00133516 0.000190738 0.392729 -0.249621 0.000448977 
23 -0.00705719 0.00896454 0.246242 -1.40042 0.000572213 -0.49649 0.252728 1.39928 0.00400549 0.497253 -0.000572213 -0.197414 -0.00324254 -0.000572213 0.39044 -0.249951 -0.001248 -0.200847 0.00133516 0.000190738 0.392729 -0.249621 0.000448977 
23 -0.00705719 0.00896454 0.246242 -1.40042 0.000572213 -0.49649 0.252728 1.39966 0.00400549 0.497253 -0.000572213 -0.197414 -0.00324254 -0.000572213 0.39044 -0.249951 -0.001248 -0.200847 0.00133516 0.000190738 0.392729 -0.249621 0.000448977 
23 -0.00705719 0.00896454 0.246242 -1.40042 0.000572213 -0.49649 0.252728 1.39928 0.00400549 0.497253 -0.000572213 -0.197414 -0.00324254 -0.000572213 0.39044 -0.249951 -0.001248 -0.200847 0.00133516 0.000190738 0.392729 -0.249621 0.000448977 
23 -0.00705719 0.00896454 0.246242 -1.40042 0.000572213 -0.49649 0.252728 1.39966 0.00400549 0.497253 -0.000572213 -0.197414 -0.00324254 -0.000572213 0.39044 -0.249951 -0.001248 -0.200847 0.00133516 0.000190738 0.392729 -0.249621 0.000448977 
23 -0.00743866 0.00896454 0.246242 -1.40042 0.000572213 -0.49649 0.252728 1.39928 0.00400549 0.497253 -0.000572213 -0.197414 -0.00324254 -0.000572213 0.39044 -0.249951 -0.001248 -0.200847 0.00133516 0.000190738 0.392729 -0.249621 0.000448977 
23 -0.00743866 0.00896454 0.246242 -1.40042 0.000572213 -0.49649 0.252728 1.39966 0.00400549 0.497253 -0.000572213 -0.197414 -0.00324254 -0.000572213 0.39044 -0.249951 -0.001248 -0.200847 0.00133516 0.000190738 0.392729 -0.249621 0.000448977 
23 -0.00705719 0.00896454 0.246242 -1.40042 0.000572213 -0.49649 0.252728 1.39966 0.00400549 0.497253 -0.000572213 -0.197414 -0.00324254 -0.000572213 0.39044 -0.249951 -0.001248 -0.200847 0.00133516 0.000190738 0.392729 -0.249621 0.000448977 
23 -0.00705719 0.00896454 0.246242 -1.40042 0.000572213 -0.49649 0.253109 1.39966 0.00400549 0.497253 -0.000572213 -0.197414 -0.00324254 -0.000572213 0.39044 -0.249951 -0.001248 -0.200847 0.00133516 0.000190738 0.392729 -0.249621 0.000448977 
23 -0.00705719 0.00896454 0.246242 -1.40042 0.000572213 -0.49649 0.252728 1.39966 0.00400549 0.497253 -0.000572213 -0.197414 -0.00324254 -0.000572213 0.39044 -0.249951 -0.001248 -0.200847 0.00133516 0.000190738 0.392729 -0.249621 0.000448977 
23 -0.00705719 0.00896454 0.246242 -1.40042 0.000572213 -0.49649 0.252728 1.39928 0.00400549 0.497253 -0.000572213 -0.197414 -0.00324254 -0.000572213 0.39044 -0.249951 -0.001248 -0.200847 0.00133516 0.000190738 0.392729 -0.249621 0.000448977 
23 -0.00705719 0.00896454 0.246242 -1.40042 0.000572213 -0.49649 0.252728 1.39966 0.00400549 0.497253 -0.000572213 -0.197414 -0.00324254 -0.000572213 0.39044 -0.249951 -0.001248 -0.200847 0.00133516 0.000190738 0.392729 -0.249621 0.000448977 
23 -0.00705719 0.00896454 0.246242 -1.40042 0.000572213 -0.49649 0.252728 1.39966 0.00400549 0.497253 -0.000572213 -0.197414 -0.00324254 -0.000572213 0.39044 -0.249951 -0.001248 -0.200847 0.00133516 0.000190738 0.392729 -0.249621 0.000448977 
23 -0.00705719 0.00896454 0.246242 -1.40042 0.000572213 -0.49649 0.252728 1.39966 0.00400549 0.497253 -0.000572213 -0.197414 -0.00324254 -0.000572213 0.39044 -0.249951 -0.001248 -0.200847 0.00133516 0.000190738 0.392729 -0.249621 0.000448977 
23 -0.00743866 0.00896454 0.246242 -1.40042 0.000572213 -0.49649 0.252728 1.39966 0.00400549 0.497253 -0.000572213 -0.197414 -0.00324254 -0.000572213 0.39044 -0.249951 -0.001248 -0.200847 0.00133516 0.000190738 0.392729 -0.249621 0.000448977 
23 -0.00705719 0.00896454 0.246242 -1.40042 0.000572213 -0.49649 0.252728 1.39966 0.00400549 0.497253 -0.000572213 -0.197414 -0.00324254 -0.000572213 0.39044 -0.249951 -0.001248 -0.200847 0.00133516 0.000190738 0.392729 -0.249621 0.000448977 
23 -0.00705719 0.00896454 0.246242 -1.40042 0.000572213 -0.49649 0.252728 1.39966 0.00400549 0.497253 -0.000572213 -0.197414 -0.00324254 -0.000572213 0.39044 -0.249951 -0.001248 -0.200847 0.00133516 0.000190738 0.392729 -0.249621 0.000448977 
23 -0.00705719 0.00896454 0.246242 -1.40042 0.000572213 -0.49649 0.252728 1.39966 0.00400549 0.497253 -0.000572213 -0.197414 -0.00324254 -0.000572213 0.39044 -0.249951 -0.001248 -0.200847 0.00133516 0.000190738 0.392729 -0.249621 0.000448977 
23 -0.00705719 0.00896454 0.246242 -1.40042 0.000572213 -0.49649 0.252728 1.39928 0.00400549 0.497253 -0.000572213 -0.197414 -0.00324254 -0.000572213 0.39044 -0.249951 -0.001248 -0.200847 0.00133516 0.000190738 0.392729 -0.249621 0.000448977 
23 -0.00705719 0.00896454 0.246242 -1.40042 0.000572213 -0.49649 0.252728 1.39928 0.00400549 0.497253 -0.000572213 -0.197414 -0.00324254 -0.000572213 0.39044 -0.249951 -0.001248 -0.200847 0.00133516 0.000190738 0.392729 -0.249621 0.000448977 
23 -0.00705719 0.00896454 0.246242 -1.40042 0.000572213 -0.49649 0.252728 1.39928 0.00400549 0.497253 -0.000572213 -0.197414 -0.00324254 -0.000572213 0.39044 -0.249951 -0.001248 -0.200847 0.00133516 0.000190738 0.392729 -0.249621 0.000448977 
23 -0.00705719 0.00896454 0.246242 -1.40042 0.000572213 -0.49649 0.252728 1.39928 0.00400549 0.497253 -0.000572213 -0.197414 -0.00324254 -0.000572213 0.39044 -0.249951 -0.001248 -0.200847 0.00133516 0.000190738 0.392729 -0.249621 0.000448977 
23 -0.00705719 0.00896454 0.246242 -1.40042 0.000572213 -0.49649 0.252728 1.39928 0.00400549 0.497253 -0.000572213 -0.197414 -0.00324254 -0.000572213 0.39044 -0.249951 -0.001248 -0.200847 0.00133516 0.000190738 0.392729 -0.249621 0.000448977 
23 -0.00705719 0.00896454 0.246242 -1.40042 0.000572213 -0.49649 0.252728 1.39928 0.00400549 0.497253 -0.000572213 -0.197414 -0.00324254 -0.000572213 0.39044 -0.249951 -0.001248 -0.200847 0.00133516 0.000190738 0.392729 -0.249621 0.000448977 
23 -0.00705719 0.00896454 0.246242 -1.40042 0.000572213 -0.49649 0.252728 1.39928 0.00400549 0.497253 -0.000572213 -0.197414 -0.00324254 -0.000572213 0.39044 -0.249951 -0.001248 -0.200847 0.00133516 0.000190738 0.392729 -0.249621 0.000448977 
23 -0.00705719 0.00896454 0.246242 -1.40042 0.000572213 -0.49649 0.252728 1.39928 0.00400549 0.497253 -0.000572213 -0.197414 -0.00324254 -0.000572213 0.39044 -0.249951 -0.001248 -0.200847 0.00133516 0.000190738 0.392729 -0.249621 0.000448977 
23 -0.00705719 0.00896454 0.246242 -1.40042 0.000572213 -0.49649 0.252728 1.39928 0.00400549 0.497253 -0.000572213 -0.197414 -0.00324254 -0.000572213 0.39044 -0.249951 -0.001248 -0.200847 0.00133516 0.000190738 0.392729 -0.249621 0.000448977 
23 -0.00705719 0.00896454 0.246242 -1.40042 0.000572213 -0.49649 0.252728 1.39928 0.00400549 0.497253 -0.000572213 -0.197414 -0.00324254 -0.000572213 0.39044 -0.249951 -0.001248 -0.200847 0.00133516 0.000190738 0.392729 -0.249621 0.000448977 
23 -0.00705719 0.00896454 0.246242 -1.40042 0.000572213 -0.49649 0.252728 1.39928 0.00400549 0.497253 -0.000572213 -0.197414 -0.00324254 -0.000572213 0.39044 -0.249951 -0.001248 -0.200847 0.00133516 0.000190738 0.392729 -0.249621 0.000448977 
23 -0.00705719 0.00896454 0.246242 -1.40042 0.000572213 -0.49649 0.252728 1.39928 0.00400549 0.497253 -0.000572213 -0.197414 -0.00324254 -0.000572213 0.39044 -0.249951 -0.001248 -0.200847 0.00133516 0.000190738 0.392729 -0.249621 0.000448977 
23 -0.00705719 0.00896454 0.246242 -1.40042 0.000572213 -0.49649 0.252728 1.39928 0.00400549 0.497253 -0.000572213 -0.197414 -0.00324254 -0.000572213 0.39044 -0.250115 -0.00164817 -0.200847 0.00133516 0.000190738 0.392729 -0.249621 0.000448977 
23 -0.00705719 0.00896454 0.246242 -1.40042 0.000572213 -0.49649 0.252728 1.39928 0.00400549 0.497253 -0.000572213 -0.197414 -0.00324254 -0.000572213 0.39044 -0.250115 -0.00164773 -0.200847 0.00133516 0.000190738 0.392729 -0.249621 0.000448977 
23 -0.00705719 0.00896454 0.246242 -1.40042 0.000572213 -0.49649 0.252728 1.39928 0.00400549 0.497253 -0.000572213 -0.197414 -0.00324254 -0.000572213 0.39044 -0.249951 -0.00124844 -0.200847 0.00133516 0.000190738 0.392729 -0.249621 0.000448977 
23 -0.00705719 0.00896454 0.246242 -1.40042 0.000572213 -0.49649 0.252728 1.39928 0.00400549 0.497253 -0.000572213 -0.197414 -0.00324254 -0.000572213 0.39044 -0.249951 -0.001248 -0.200847 0.00133516 0.000190738 0.392729 -0.249621 0.000448977 
23 -0.00705719 0.00896454 0.246242 -1.40042 0.000572213 -0.49649 0.252728 1.39928 0.00400549 0.497253 -0.000572213 -0.197414 -0.00324254 -0.000572213 0.39044 -0.249951 -0.001248 -0.200847 0.00133516 0.000190738 0.392729 -0.249621 0.000448977 
23 -0.00705719 0.00896454 0.246242 -1.40042 0.000572213 -0.49649 0.252728 1.39928 0.00400549 0.497253 -0.000572213 -0.197414 -0.00324254 -0.000572213 0.39044 -0.249951 -0.001248 -0.200847 0.00133516 0.000190738 0.392729 -0.249621 0.000448977 
23 -0.00705719 0.00896454 0.246242 -1.40042 0.000572213 -0.49649 0.252728 1.39928 0.00400549 0.497253 -0.000572213 -0.197414 -0.00324254 -0.000572213 0.39044 -0.249951 -0.001248 -0.200847 0.00133516 0.000190738 0.392729 -0.249621 0.000448977 
23 -0.00705719 0.00896454 0.246242 -1.40042 0.000572213 -0.49649 0.252728 1.39928 0.00400549 0.497253 -0.000572213 -0.197414 -0.00324254 -0.000572213 0.39044 -0.249951 -0.001248 -0.200847 0.00133516 0.000190738 0.392729 -0.249621 0.000448977 
23 -0.00743866 0.00896454 0.246242 -1.40042 0.000572213 -0.49649 0.252728 1.39928 0.00400549 0.497253 -0.000572213 -0.197414 -0.00324254 -0.000572213 0.39044 -0.249951 -0.001248 -0.200847 0.00133516 0.000190738 0.392729 -0.249621 0.000448977 
23 -0.00705719 0.00896454 0.246242 -1.40042 0.000572213 -0.49649 0.252728 1.39928 0.00400549 0.497253 -0.000572213 -0.197414 -0.00324254 -0.000572213 0.39044 -0.249951 -0.001248 -0.200847 0.00133516 0.000190738 0.392729 -0.249621 0.000448977 
23 -0.00705719 0.00896454 0.246242 -1.40042 0.000572213 -0.49649 0.252728 1.39928 0.00400549 0.497253 -0.000572213 -0.197414 -0.00324254 -0.000572213 0.39044 -0.249951 -0.001248 -0.200847 0.00133516 0.000190738 0.392729 -0.249621 0.000448977 
23 -0.00705719 0.00896454 0.246242 -1.40042 0.000572213 -0.49649 0.252728 1.39928 0.00400549 0.497253 -0.000572213 -0.197414 -0.00324254 -0.000572213 0.39044 -0.249951 -0.001248 -0.200847 0.00133516 0.000190738 0.392729 -0.249621 0.000448977 
23 -0.00705719 0.00896454 0.246242 -1.40042 0.000572213 -0.49649 0.252728 1.39928 0.00400549 0.497253 -0.000572213 -0.197414 -0.00324254 -0.000572213 0.39044 -0.249951 -0.001248 -0.200847 0.00133516 0.000190738 0.392729 -0.249621 0.000448977 
23 -0.00705719 0.00896454 0.246242 -1.40042 0.000572213 -0.49649 0.252728 1.39928 0.00400549 0.497253 -0.000572213 -0.197414 -0.00324254 -0.000572213 0.39044 -0.249951 -0.001248 -0.200847 0.00133516 0.000190738 0.392729 -0.249621 0.000448977 
23 -0.00705719 0.00896454 0.246242 -1.40042 0.000572213 -0.49649 0.252728 1.39928 0.00400549 0.497253 -0.000572213 -0.197414 -0.00324254 -0.000572213 0.39044 -0.249951 -0.001248 -0.200847 0.00133516 0.000190738 0.392729 -0.249621 0.000448977 
23 -0.00705719 0.00896454 0.246242 -1.40042 0.000572213 -0.49649 0.252728 1.39928 0.00400549 0.497253 -0.000572213 -0.197414 -0.00324254 -0.000572213 0.39044 -0.249951 -0.001248 -0.200847 0.00133516 0.000190738 0.392729 -0.249621 0.000448977 
23 -0.00705719 0.00896454 0.246242 -1.40042 0.000572213 -0.49649 0.252728 1.39928 0.00400549 0.497253 -0.000572213 -0.197414 -0.00324254 -0.000572213 0.39044 -0.249951 -0.001248 -0.200847 0.00133516 0.000190738 0.392729 -0.249621 0.000448977 
23 -0.00705719 0.00896454 0.246242 -1.40042 0.000572213 -0.49649 0.252728 1.39928 0.00400549 0.497253 -0.000572213 -0.197414 -0.00324254 -0.000572213 0.39044 -0.249951 -0.001248 -0.200847 0.00133516 0.000190738 0.392729 -0.249621 0.000448977 
23 -0.00705719 0.00896454 0.246242 -1.40042 0.000572213 -0.49649 0.252728 1.39928 0.00400549 0.497253 -0.000572213 -0.197414 -0.00324254 -0.000572213 0.39044 -0.249951 -0.001248 -0.200847 0.00133516 0.000190738 0.392729 -0.249621 0.000448977 
23 -0.00705719 0.00896454 0.246242 -1.40042 0.000572213 -0.49649 0.252728 1.39928 0.00400549 0.497253 -0.000572213 -0.197414 -0.00324254 -0.000572213 0.39044 -0.249951 -0.001248 -0.200847 0.00133516 0.000190738 0.392729 -0.249621 0.000448977 
23 -0.00705719 0.00896454 0.246242 -1.40042 0.000572213 -0.49649 0.252728 1.39928 0.00400549 0.497253 -0.000572213 -0.197414 -0.00324254 -0.000572213 0.39044 -0.249951 -0.001248 -0.200847 0.00133516 0.000190738 0.392729 -0.249621 0.000448977 
23 -0.00705719 0.00896454 0.246242 -1.40042 0.000572213 -0.49649 0.252728 1.39928 0.00400549 0.497253 -0.000572213 -0.197414 -0.00324254 -0.000572213 0.39044 -0.249951 -0.001248 -0.200847 0.00133516 0.000190738 0.392729 -0.249621 0.000448977 
23 -0.00705719 0.00896454 0.246242 -1.40042 0.000572213 -0.49649 0.252728 1.39928 0.00400549 0.497253 -0.000572213 -0.197414 -0.00324254 -0.000572213 0.39044 -0.249951 -0.001248 -0.200847 0.00133516 0.000190738 0.392729 -0.249621 0.000448977 
23 -0.00705719 0.00896454 0.246242 -1.40042 0.000572213 -0.49649 0.252728 1.39928 0.00400549 0.497253 -0.000572213 -0.197414 -0.00324254 -0.000572213 0.39044 -0.249951 -0.001248 -0.200847 0.00133516 0.000190738 0.392729 -0.249621 0.000448977 
23 -0.00705719 0.00896454 0.246242 -1.40042 0.000572213 -0.49649 0.252728 1.39928 0.00400549 0.497253 -0.000572213 -0.197414 -0.00324254 -0.000572213 0.39044 -0.249951 -0.001248 -0.200847 0.00133516 0.000190738 0.392729 -0.249621 0.000448977 
23 -0.00705719 0.00896454 0.246242 -1.40042 0.000572213 -0.49649 0.252728 1.39928 0.00400549 0.497253 -0.000572213 -0.197414 -0.00324254 -0.000572213 0.39044 -0.249951 -0.001248 -0.200847 0.00133516 0.000190738 0.392729 -0.249621 0.000448977 
23 -0.00705719 0.00896454 0.246242 -1.40042 0.000572213 -0.49649 0.252728 1.39928 0.00400549 0.497253 -0.000572213 -0.197414 -0.00324254 -0.000572213 0.39044 -0.249951 -0.001248 -0.200847 0.00133516 0.000190738 0.392729 -0.249621 0.000448977 
23 -0.00705719 0.00896454 0.246242 -1.40042 0.000572213 -0.49649 0.252728 1.39928 0.00400549 0.497253 -0.000572213 -0.197414 -0.00324254 -0.000572213 0.39044 -0.249951 -0.001248 -0.200847 0.00133516 0.000190738 0.392729 -0.249621 0.000448977 
23 -0.00705719 0.00896454 0.246242 -1.40042 0.000572213 -0.49649 0.252728 1.39928 0.00400549 0.497253 -0.000572213 -0.197414 -0.00324254 -0.000572213 0.39044 -0.249951 -0.001248 -0.200847 0.00133516 0.000190738 0.392729 -0.249621 0.000448977 
23 -0.00743866 0.00896454 0.246242 -1.40042 0.000572213 -0.49649 0.252728 1.39928 0.00400549 0.497253 -0.000572213 -0.197414 -0.00324254 -0.000572213 0.39044 -0.249951 -0.001248 -0.200847 0.00133516 0.000190738 0.392729 -0.249621 0.000448977 
23 -0.00705719 0.00896454 0.246242 -1.40042 0.000572213 -0.49649 0.252728 1.39928 0.00400549 0.497253 -0.000572213 -0.197414 -0.00324254 -0.000572213 0.39044 -0.249951 -0.001248 -0.200847 0.00133516 0.000190738 0.392729 -0.249621 0.000448977 
23 -0.00705719 0.00896454 0.246242 -1.40042 0.000572213 -0.49649 0.252728 1.39928 0.00400549 0.497253 -0.000572213 -0.197414 -0.00324254 -0.000572213 0.39044 -0.249951 -0.001248 -0.200847 0.00133516 0.000190738 0.392729 -0.249621 0.000448977 
23 -0.00705719 0.00896454 0.246242 -1.40042 0.000572213 -0.49649 0.252728 1.39928 0.00400549 0.497253 -0.000572213 -0.197414 -0.00324254 -0.000572213 0.39044 -0.249951 -0.001248 -0.200847 0.00133516 0.000190738 0.392729 -0.249621 0.000448977 
23 -0.00705719 0.00896454 0.246242 -1.40042 0.000572213 -0.49649 0.252728 1.39928 0.00400549 0.497253 -0.000572213 -0.197414 -0.00324254 -0.000572213 0.39044 -0.249951 -0.001248 -0.200847 0.00133516 0.000190738 0.392729 -0.249621 0.000448977 
23 -0.00705719 0.00896454 0.246242 -1.40042 0.000572213 -0.49649 0.252728 1.39928 0.00400549 0.497253 -0.000572213 -0.197414 -0.00324254 -0.000572213 0.39044 -0.249951 -0.001248 -0.200847 0.00133516 0.000190738 0.392729 -0.249621 0.000448977 
23 -0.00705719 0.00896454 0.246242 -1.40042 0.000572213 -0.49649 0.252728 1.39928 0.00400549 0.497253 -0.000572213 -0.197414 -0.00324254 -0.000572213 0.39044 -0.249951 -0.001248 -0.200847 0.00133516 0.000190738 0.392729 -0.249621 0.000448977 
23 -0.00705719 0.00896454 0.246242 -1.40042 0.000572213 -0.49649 0.252728 1.39928 0.00400549 0.497253 -0.000572213 -0.197414 -0.00324254 -0.000572213 0.39044 -0.249951 -0.001248 -0.200847 0.00133516 0.000190738 0.392729 -0.249621 0.000448977 
23 -0.00705719 0.00896454 0.246242 -1.40042 0.000572213 -0.49649 0.252728 1.39928 0.00400549 0.497253 -0.000572213 -0.197414 -0.00324254 -0.000572213 0.39044 -0.249951 -0.001248 -0.200847 0.00133516 0.000190738 0.392729 -0.249621 0.000448977 
23 -0.00705719 0.00896454 0.246242 -1.40042 0.000572213 -0.49649 0.252728 1.39928 0.00400549 0.497253 -0.000572213 -0.197414 -0.00324254 -0.000572213 0.39044 -0.249951 -0.001248 -0.200847 0.00133516 0.000190738 0.392729 -0.249621 0.000448977 
23 -0.00705719 0.00896454 0.246242 -1.40042 0.000572213 -0.49649 0.252728 1.39928 0.00400549 0.497253 -0.000572213 -0.197414 -0.00324254 -0.000572213 0.39044 -0.249951 -0.001248 -0.200847 0.00133516 0.000190738 0.392729 -0.249621 0.000448977 
23 -0.00705719 0.00896454 0.246242 -1.40042 0.000572213 -0.49649 0.252728 1.39928 0.00400549 0.497253 -0.000572213 -0.197414 -0.00324254 -0.000572213 0.39044 -0.249951 -0.001248 -0.200847 0.00133516 0.000190738 0.392729 -0.249621 0.000448977 
23 -0.00705719 0.00896454 0.246242 -1.40042 0.000572213 -0.49649 0.252728 1.39928 0.00400549 0.497253 -0.000572213 -0.197414 -0.00324254 -0.000572213 0.39044 -0.249951 -0.001248 -0.200847 0.00133516 0.000190738 0.392729 -0.249621 0.000448977 
23 -0.00705719 0.00896454 0.246242 -1.40042 0.000572213 -0.49649 0.252728 1.39928 0.00400549 0.497253 -0.000572213 -0.197414 -0.00324254 -0.000572213 0.39044 -0.249951 -0.001248 -0.200847 0.00133516 0.000190738 0.392729 -0.249621 0.000448977 
23 -0.00705719 0.00896454 0.246242 -1.40042 0.000572213 -0.49649 0.252728 1.39928 0.00400549 0.497253 -0.000572213 -0.197414 -0.00324254 -0.000572213 0.39044 -0.249951 -0.001248 -0.200847 0.00133516 0.000190738 0.392729 -0.249621 0.000448977 
23 -0.00705719 0.00896454 0.246242 -1.40042 0.000572213 -0.49649 0.252728 1.39928 0.00400549 0.497253 -0.000572213 -0.197414 -0.00324254 -0.000572213 0.39044 -0.249951 -0.001248 -0.200847 0.00133516 0.000190738 0.392729 -0.249621 0.000448977 
23 -0.00705719 0.00896454 0.246242 -1.40042 0.000572213 -0.49649 0.252728 1.39928 0.00400549 0.497253 -0.000572213 -0.197414 -0.00324254 -0.000572213 0.39044 -0.249951 -0.001248 -0.200847 0.00133516 0.000190738 0.392729 -0.249621 0.000448977 
23 -0.00705719 0.00896454 0.246242 -1.40042 0.000572213 -0.49649 0.252728 1.39928 0.00400549 0.497253 -0.000572213 -0.197414 -0.00324254 -0.000572213 0.39044 -0.249951 -0.001248 -0.200847 0.00133516 0.000190738 0.392729 -0.249621 0.000448977 
23 -0.00705719 0.00896454 0.246242 -1.40042 0.000572213 -0.49649 0.252728 1.39928 0.00400549 0.497253 -0.000572213 -0.197414 -0.00324254 -0.000572213 0.39044 -0.249951 -0.001248 -0.200847 0.00133516 0.000190738 0.392729 -0.249621 0.000448977 
23 -0.00705719 0.00896454 0.246242 -1.40042 0.000572213 -0.49649 0.252728 1.39928 0.00400549 0.497253 -0.000572213 -0.197414 -0.00324254 -0.000572213 0.39044 -0.249951 -0.001248 -0.200847 0.00133516 0.000190738 0.392729 -0.249621 0.000448977 
23 -0.00705719 0.00896454 0.246242 -1.40042 0.000572213 -0.49649 0.252728 1.39928 0.00400549 0.497253 -0.000572213 -0.197414 -0.00324254 -0.000572213 0.39044 -0.249951 -0.001248 -0.200847 0.00133516 0.000190738 0.392729 -0.249621 0.000448977 
23 -0.00705719 0.00896454 0.246242 -1.40042 0.000572213 -0.49649 0.252728 1.39928 0.00400549 0.497253 -0.000572213 -0.197414 -0.00324254 -0.000572213 0.39044 -0.249951 -0.001248 -0.200847 0.00133516 0.000190738 0.392729 -0.249621 0.000448977 
23 -0.00705719 0.00896454 0.246242 -1.40042 0.000572213 -0.49649 0.252728 1.39928 0.00400549 0.497253 -0.000572213 -0.197414 -0.00324254 -0.000572213 0.39044 -0.249951 -0.001248 -0.200847 0.00133516 0.000190738 0.392729 -0.249621 0.000448977 
23 -0.00743866 0.00896454 0.246242 -1.40042 0.000572213 -0.49649 0.252728 1.39928 0.00400549 0.497253 -0.000572213 -0.197414 -0.00324254 -0.000572213 0.39044 -0.249951 -0.001248 -0.200847 0.00133516 0.000190738 0.392729 -0.249621 0.000448977 
23 -0.00743866 0.00896454 0.246242 -1.40042 0.000572213 -0.49649 0.252728 1.39928 0.00400549 0.497253 -0.000572213 -0.197414 -0.00324254 -0.000572213 0.39044 -0.249951 -0.001248 -0.200847 0.00133516 0.000190738 0.392729 -0.249621 0.000448977 
23 -0.00743866 0.00896454 0.246242 -1.40042 0.000572213 -0.49649 0.252728 1.39928 0.00400549 0.497253 -0.000572213 -0.197414 -0.00324254 -0.000572213 0.39044 -0.249951 -0.001248 -0.200847 0.00133516 0.000190738 0.392729 -0.249621 0.000448977 
23 -0.00705719 0.00896454 0.246242 -1.40042 0.000572213 -0.49649 0.252728 1.39928 0.00400549 0.497253 -0.000572213 -0.197414 -0.00324254 -0.000572213 0.39044 -0.249951 -0.001248 -0.200847 0.00133516 0.000190738 0.392729 -0.249621 0.000448977 
23 -0.00705719 0.00896454 0.246242 -1.40042 0.000572213 -0.49649 0.252728 1.39928 0.00400549 0.497253 -0.000572213 -0.197414 -0.00324254 -0.000572213 0.39044 -0.249951 -0.001248 -0.200847 0.00133516 0.000190738 0.392729 -0.249621 0.000448977 
23 -0.00705719 0.00896454 0.246242 -1.40042 0.000572213 -0.49649 0.252728 1.39928 0.00400549 0.497253 -0.000572213 -0.197414 -0.00324254 -0.000572213 0.39044 -0.249951 -0.001248 -0.200847 0.00133516 0.000190738 0.392729 -0.249621 0.000448977 
23 -0.00705719 0.00896454 0.246242 -1.40042 0.000572213 -0.49649 0.252728 1.39928 0.00400549 0.497253 -0.000572213 -0.197414 -0.00324254 -0.000572213 0.39044 -0.249951 -0.001248 -0.200847 0.00133516 0.000190738 0.392729 -0.249621 0.000448977 
23 -0.00705719 0.00896454 0.246242 -1.40042 0.000572213 -0.49649 0.252728 1.39928 0.00400549 0.497253 -0.000572213 -0.197414 -0.00324254 -0.000572213 0.39044 -0.249951 -0.001248 -0.200847 0.00133516 0.000190738 0.392729 -0.249621 0.000448977 
23 -0.00705719 0.00896454 0.246242 -1.40042 0.000572213 -0.49649 0.252728 1.39928 0.00400549 0.497253 -0.000572213 -0.197414 -0.00324254 -0.000572213 0.39044 -0.249951 -0.001248 -0.200847 0.00133516 0.000190738 0.392729 -0.249621 0.000448977 
23 -0.00705719 0.00896454 0.246242 -1.40042 0.000572213 -0.49649 0.252728 1.39928 0.00400549 0.497253 -0.000572213 -0.197414 -0.00324254 -0.000572213 0.39044 -0.249951 -0.001248 -0.201228 0.00133516 0.000190738 0.392729 -0.249621 0.000448977 
23 -0.00705719 0.00896454 0.246242 -1.40042 0.000572213 -0.49649 0.252728 1.39928 0.00400549 0.497253 -0.000572213 -0.197414 -0.00324254 -0.000572213 0.39044 -0.249951 -0.001248 -0.200847 0.00133516 0.000190738 0.392729 -0.249621 0.000448977 
23 -0.00743866 0.00896454 0.246242 -1.40042 0.000572213 -0.49649 0.252728 1.39928 0.00400549 0.497253 -0.000572213 -0.197414 -0.00324254 -0.000572213 0.39044 -0.249951 -0.001248 -0.200847 0.00133516 0.000190738 0.392729 -0.249621 0.000448977 
23 -0.00705719 0.00896454 0.246242 -1.40042 0.000572213 -0.49649 0.252728 1.39928 0.00400549 0.497253 -0.000572213 -0.197414 -0.00324254 -0.000572213 0.39044 -0.249951 -0.001248 -0.200847 0.00133516 0.000190738 0.392729 -0.249621 0.000448977 
23 -0.00705719 0.00896454 0.246242 -1.40042 0.000572213 -0.49649 0.252728 1.39928 0.00400549 0.497253 -0.000572213 -0.197414 -0.00324254 -0.000572213 0.39044 -0.249951 -0.001248 -0.200847 0.00133516 0.000190738 0.392729 -0.249621 0.000448977 
23 -0.00705719 0.00896454 0.246242 -1.40042 0.000572213 -0.49649 0.252728 1.39928 0.00400549 0.497253 -0.000572213 -0.197414 -0.00324254 -0.000572213 0.39044 -0.249951 -0.001248 -0.200847 0.00133516 0.000190738 0.392729 -0.249621 0.000448977 
23 -0.00705719 0.00896454 0.246242 -1.40042 0.000572213 -0.49649 0.252728 1.39928 0.00400549 0.497253 -0.000572213 -0.197414 -0.00324254 -0.000572213 0.39044 -0.249951 -0.001248 -0.200847 0.00133516 0.000190738 0.392729 -0.249621 0.000448977 
23 -0.00743866 0.00896454 0.246242 -1.40042 0.000572213 -0.49649 0.252728 1.39928 0.00400549 0.497253 -0.000572213 -0.197414 -0.00324254 -0.000572213 0.39044 -0.249951 -0.001248 -0.200847 0.00133516 0.000190738 0.392729 -0.249621 0.000448977 
23 -0.00705719 0.00896454 0.246242 -1.40042 0.000572213 -0.49649 0.252728 1.39928 0.00400549 0.497253 -0.000572213 -0.197414 -0.00324254 -0.000572213 0.39044 -0.249951 -0.001248 -0.200847 0.00133516 0.000190738 0.392729 -0.249621 0.000448977 
23 -0.00705719 0.00896454 0.246242 -1.40042 0.000572213 -0.49649 0.252728 1.39928 0.00400549 0.497253 -0.000572213 -0.197414 -0.00324254 -0.000572213 0.39044 -0.249951 -0.001248 -0.200847 0.00133516 0.000190738 0.392729 -0.249621 0.000448977 
23 -0.00705719 0.00896454 0.246242 -1.40042 0.000572213 -0.49649 0.252728 1.39928 0.00400549 0.497253 -0.000572213 -0.197414 -0.00324254 -0.000572213 0.39044 -0.249951 -0.001248 -0.200847 0.00133516 0.000190738 0.392729 -0.249621 0.000448977 
23 -0.00705719 0.00896454 0.246242 -1.40042 0.000572213 -0.49649 0.252728 1.39928 0.00400549 0.497253 -0.000572213 -0.197414 -0.00324254 -0.000572213 0.39044 -0.249951 -0.001248 -0.200847 0.00133516 0.000190738 0.392729 -0.249621 0.000448977 
23 -0.00705719 0.00896454 0.246242 -1.40042 0.000572213 -0.49649 0.252728 1.39928 0.00400549 0.497253 -0.000572213 -0.197414 -0.00324254 -0.000572213 0.39044 -0.249951 -0.001248 -0.200847 0.00133516 0.000190738 0.392729 -0.249621 0.000448977 
23 -0.00705719 0.00896454 0.246242 -1.40042 0.000572213 -0.49649 0.252728 1.39928 0.00400549 0.497253 -0.000572213 -0.197414 -0.00324254 -0.000572213 0.39044 -0.249951 -0.001248 -0.200847 0.00133516 0.000190738 0.392729 -0.249621 0.000448977 
23 -0.00705719 0.00896454 0.246242 -1.40042 0.000572213 -0.49649 0.252728 1.39928 0.00400549 0.497253 -0.000572213 -0.197414 -0.00324254 -0.000572213 0.39044 -0.249951 -0.001248 -0.200847 0.00133516 0.000190738 0.392729 -0.249621 0.000448977 
23 -0.00705719 0.00896454 0.246242 -1.40042 0.000572213 -0.49649 0.252728 1.39928 0.00400549 0.497253 -0.000572213 -0.197414 -0.00324254 -0.000572213 0.39044 -0.249951 -0.001248 -0.200847 0.00133516 0.000190738 0.392729 -0.249621 0.000448977 
23 -0.00705719 0.00896454 0.246242 -1.40042 0.000572213 -0.49649 0.252728 1.39928 0.00400549 0.497253 -0.000572213 -0.197414 -0.00324254 -0.000572213 0.39044 -0.249951 -0.001248 -0.200847 0.00133516 0.000190738 0.392729 -0.249621 0.000448977 
23 -0.00705719 0.00896454 0.246242 -1.40042 0.000572213 -0.49649 0.252728 1.39928 0.00400549 0.497253 -0.000572213 -0.197414 -0.00324254 -0.000572213 0.39044 -0.249951 -0.001248 -0.200847 0.00133516 0.000190738 0.392729 -0.249621 0.000448977 
23 -0.00705719 0.00896454 0.246242 -1.40042 0.000572213 -0.49649 0.252728 1.39928 0.00400549 0.497253 -0.000572213 -0.197414 -0.00324254 -0.000572213 0.39044 -0.249951 -0.001248 -0.200847 0.00133516 0.000190738 0.392729 -0.249621 0.000448977 
23 -0.00705719 0.00896454 0.246242 -1.40042 0.000572213 -0.49649 0.252728 1.39928 0.00400549 0.497253 -0.000572213 -0.197414 -0.00324254 -0.000572213 0.39044 -0.249951 -0.001248 -0.200847 0.00133516 0.000190738 0.392729 -0.249621 0.000448977 
23 -0.00705719 0.00896454 0.246242 -1.40042 0.000572213 -0.49649 0.252728 1.39928 0.00400549 0.497253 -0.000572213 -0.197414 -0.00324254 -0.000572213 0.39044 -0.249951 -0.001248 -0.200847 0.00133516 0.000190738 0.392729 -0.249621 0.000448977 
23 -0.00705719 0.00896454 0.246242 -1.40042 0.000572213 -0.49649 0.252728 1.39928 0.00400549 0.497253 -0.000572213 -0.197414 -0.00324254 -0.000572213 0.39044 -0.249951 -0.001248 -0.200847 0.00133516 0.000190738 0.392729 -0.249621 0.000448977 
23 -0.00705719 0.00896454 0.246242 -1.40042 0.000572213 -0.49649 0.252728 1.39928 0.00400549 0.497253 -0.000572213 -0.197414 -0.00324254 -0.000572213 0.39044 -0.249951 -0.001248 -0.200847 0.00133516 0.000190738 0.392729 -0.249621 0.000448977 
23 -0.00705719 0.00896454 0.246242 -1.40042 0.000572213 -0.49649 0.252728 1.39928 0.00400549 0.497253 -0.000572213 -0.197414 -0.00324254 -0.000572213 0.39044 -0.249951 -0.001248 -0.200847 0.00133516 0.000190738 0.392729 -0.249621 0.000448977 
23 -0.00705719 0.00896454 0.246242 -1.40042 0.000572213 -0.49649 0.252728 1.39928 0.00400549 0.497253 -0.000572213 -0.197414 -0.00324254 -0.000572213 0.39044 -0.249951 -0.001248 -0.200847 0.00133516 0.000190738 0.392729 -0.249621 0.000448977 
23 -0.00705719 0.00896454 0.246242 -1.40042 0.000572213 -0.49649 0.252728 1.39928 0.00400549 0.497253 -0.000572213 -0.197414 -0.00324254 -0.000572213 0.39044 -0.249951 -0.001248 -0.201228 0.00133516 0.000190738 0.392729 -0.249621 0.000448977 
23 -0.00705719 0.00896454 0.246242 -1.40042 0.000572213 -0.49649 0.252728 1.39928 0.00400549 0.497253 -0.000572213 -0.197414 -0.00324254 -0.000572213 0.39044 -0.249951 -0.001248 -0.200847 0.00133516 0.000190738 0.392729 -0.249621 0.000448977 
23 -0.00705719 0.00896454 0.246242 -1.40042 0.000572213 -0.49649 0.252728 1.39928 0.00400549 0.497253 -0.000572213 -0.197414 -0.00324254 -0.000572213 0.39044 -0.249951 -0.001248 -0.200847 0.00133516 0.000190738 0.392729 -0.249621 0.000448977 
23 -0.00705719 0.00896454 0.246242 -1.40042 0.000572213 -0.49649 0.252728 1.39928 0.00400549 0.497253 -0.000572213 -0.197414 -0.00324254 -0.000572213 0.39044 -0.249951 -0.001248 -0.200847 0.00133516 0.000190738 0.392729 -0.249621 0.000448977 
23 -0.00705719 0.00896454 0.246242 -1.40042 0.000572213 -0.49649 0.252728 1.39928 0.00400549 0.497253 -0.000572213 -0.197414 -0.00324254 -0.000572213 0.39044 -0.249951 -0.001248 -0.200847 0.00133516 0.000190738 0.392729 -0.249621 0.000448977 
23 -0.00705719 0.00896454 0.246242 -1.40042 0.000572213 -0.49649 0.252728 1.39928 0.00400549 0.497253 -0.000572213 -0.197414 -0.00324254 -0.000572213 0.39044 -0.249951 -0.001248 -0.200847 0.00133516 0.000190738 0.392729 -0.249621 0.000448977 
23 -0.00705719 0.00896454 0.246242 -1.40042 0.000572213 -0.49649 0.252728 1.39928 0.00400549 0.497253 -0.000572213 -0.197414 -0.00324254 -0.000572213 0.39044 -0.249951 -0.001248 -0.200847 0.00133516 0.000190738 0.392729 -0.249621 0.000448977 
23 -0.00705719 0.00896454 0.246242 -1.40042 0.000572213 -0.49649 0.252728 1.39928 0.00400549 0.497253 -0.000572213 -0.197414 -0.00324254 -0.000572213 0.39044 -0.249951 -0.001248 -0.200847 0.00133516 0.000190738 0.392729 -0.249621 0.000448977 
23 -0.00705719 0.00896454 0.246242 -1.40042 0.000572213 -0.49649 0.252728 1.39928 0.00400549 0.497253 -0.000572213 -0.197414 -0.00324254 -0.000572213 0.39044 -0.249951 -0.001248 -0.200847 0.00133516 0.000190738 0.392729 -0.249621 0.000448977 
23 -0.00705719 0.00896454 0.246242 -1.40042 0.000572213 -0.49649 0.252728 1.39928 0.00400549 0.497253 -0.000572213 -0.197414 -0.00324254 -0.000572213 0.39044 -0.249951 -0.001248 -0.200847 0.00133516 0.000190738 0.392729 -0.249621 0.000448977 
23 -0.00705719 0.00896454 0.246242 -1.40042 0.000572213 -0.49649 0.252728 1.39928 0.00400549 0.497253 -0.000572213 -0.197414 -0.00324254 -0.000572213 0.39044 -0.249951 -0.001248 -0.200847 0.00133516 0.000190738 0.392729 -0.249621 0.000448977 
23 -0.00705719 0.00896454 0.246242 -1.40042 0.000572213 -0.49649 0.252728 1.39928 0.00400549 0.497253 -0.000572213 -0.197414 -0.00324254 -0.000572213 0.39044 -0.249951 -0.001248 -0.200847 0.00133516 0.000190738 0.392729 -0.249621 0.000448977 
23 -0.00705719 0.00896454 0.246242 -1.40042 0.000572213 -0.49649 0.252728 1.39928 0.00400549 0.497253 -0.000572213 -0.197414 -0.00324254 -0.000572213 0.39044 -0.249951 -0.001248 -0.200847 0.00133516 0.000190738 0.392729 -0.249621 0.000448977 
23 -0.00705719 0.00896454 0.246242 -1.40042 0.000572213 -0.49649 0.252728 1.39928 0.00400549 0.497253 -0.000572213 -0.197414 -0.00324254 -0.000572213 0.39044 -0.249951 -0.001248 -0.200847 0.00133516 0.000190738 0.392729 -0.249621 0.000448977 
23 -0.00705719 0.00896454 0.246242 -1.40042 0.000572213 -0.49649 0.252728 1.39928 0.00400549 0.497253 -0.000572213 -0.197414 -0.00324254 -0.000572213 0.39044 -0.249951 -0.001248 -0.200847 0.00133516 0.000190738 0.392729 -0.249621 0.000448977 
23 -0.00705719 0.00896454 0.246242 -1.40042 0.000572213 -0.49649 0.252728 1.39928 0.00400549 0.497253 -0.000572213 -0.197414 -0.00324254 -0.000572213 0.39044 -0.249951 -0.001248 -0.200847 0.00133516 0.000190738 0.392729 -0.249621 0.000448977 
23 -0.00705719 0.00896454 0.246242 -1.40042 0.000572213 -0.49649 0.252728 1.39966 0.00400549 0.497253 -0.000572213 -0.197414 -0.00324254 -0.000572213 0.39044 -0.249951 -0.001248 -0.200847 0.00133516 0.000190738 0.392729 -0.249621 0.000448977 
23 -0.00705719 0.00896454 0.246242 -1.40042 0.000572213 -0.49649 0.252728 1.39928 0.00400549 0.497253 -0.000572213 -0.197414 -0.00324254 -0.000572213 0.39044 -0.249951 -0.001248 -0.200847 0.00133516 0.000190738 0.392729 -0.249621 0.000448977 
23 -0.00705719 0.00896454 0.246242 -1.40042 0.000572213 -0.49649 0.252728 1.39928 0.00400549 0.497253 -0.000572213 -0.197414 -0.00324254 -0.000572213 0.39044 -0.249951 -0.001248 -0.200847 0.00133516 0.000190738 0.392729 -0.249621 0.000448977 
23 -0.00705719 0.00896454 0.246242 -1.40042 0.000572213 -0.49649 0.252728 1.39928 0.00400549 0.497253 -0.000572213 -0.197414 -0.00324254 -0.000572213 0.39044 -0.249951 -0.001248 -0.201228 0.00133516 0.000190738 0.392729 -0.249621 0.000448977 
23 -0.00705719 0.00896454 0.246242 -1.40042 0.000572213 -0.49649 0.252728 1.39928 0.00400549 0.497253 -0.000572213 -0.197414 -0.00324254 -0.000572213 0.39044 -0.249951 -0.001248 -0.200847 0.00133516 0.000190738 0.392729 -0.249621 0.000448977 
23 -0.00705719 0.00896454 0.246242 -1.40042 0.000572213 -0.49649 0.252728 1.39928 0.00400549 0.497253 -0.000572213 -0.197414 -0.00324254 -0.000572213 0.39044 -0.249951 -0.001248 -0.200847 0.00133516 0.000190738 0.392729 -0.249621 0.000448977 
23 -0.00705719 0.00896454 0.246242 -1.40042 0.000572213 -0.49649 0.252728 1.39928 0.00400549 0.497253 -0.000572213 -0.197414 -0.00324254 -0.000572213 0.39044 -0.249951 -0.001248 -0.200847 0.00133516 0.000190738 0.392729 -0.249621 0.000448977 
23 -0.00705719 0.00896454 0.246242 -1.40042 0.000572213 -0.49649 0.252728 1.39928 0.00400549 0.497253 -0.000572213 -0.197414 -0.00324254 -0.000572213 0.39044 -0.249951 -0.001248 -0.200847 0.00133516 0.000190738 0.392729 -0.249621 0.000448977 
23 -0.00705719 0.00896454 0.246242 -1.40042 0.000572213 -0.49649 0.252728 1.39928 0.00400549 0.497253 -0.000572213 -0.197414 -0.00324254 -0.000572213 0.39044 -0.249951 -0.001248 -0.200847 0.00133516 0.000190738 0.392729 -0.249621 0.000448977 
23 -0.00705719 0.00896454 0.246242 -1.40042 0.000572213 -0.49649 0.252728 1.39928 0.00400549 0.497253 -0.000572213 -0.197414 -0.00324254 -0.000572213 0.39044 -0.249951 -0.001248 -0.200847 0.00133516 0.000190738 0.392729 -0.249621 0.000448977 
23 -0.00743866 0.00896454 0.246242 -1.40042 0.000572213 -0.49649 0.252728 1.39928 0.00400549 0.497253 -0.000572213 -0.197414 -0.00324254 -0.000572213 0.39044 -0.249951 -0.001248 -0.200847 0.00133516 0.000190738 0.392729 -0.249621 0.000448977 
23 -0.00705719 0.00896454 0.246242 -1.40042 0.000572213 -0.49649 0.252728 1.39928 0.00400549 0.497253 -0.000572213 -0.197414 -0.00324254 -0.000572213 0.39044 -0.249951 -0.001248 -0.200847 0.00133516 0.000190738 0.392729 -0.249621 0.000448977 
23 -0.00705719 0.00896454 0.246242 -1.40042 0.000572213 -0.49649 0.252728 1.39928 0.00400549 0.497253 -0.000572213 -0.197414 -0.00324254 -0.000572213 0.39044 -0.249951 -0.001248 -0.200847 0.00133516 0.000190738 0.392729 -0.249621 0.000448977 
23 -0.00705719 0.00896454 0.246242 -1.40042 0.000572213 -0.49649 0.252728 1.39928 0.00400549 0.497253 -0.000572213 -0.197414 -0.00324254 -0.000572213 0.39044 -0.249951 -0.001248 -0.200847 0.00133516 0.000190738 0.392729 -0.249621 0.000448977 
23 -0.00705719 0.00896454 0.246242 -1.40042 0.000572213 -0.49649 0.252728 1.39928 0.00400549 0.497253 -0.000572213 -0.197414 -0.00324254 -0.000572213 0.39044 -0.249951 -0.001248 -0.200847 0.00133516 0.000190738 0.392729 -0.249621 0.000448977 
23 -0.00705719 0.00896454 0.246242 -1.40042 0.000572213 -0.49649 0.252728 1.39928 0.00400549 0.497253 -0.000572213 -0.197414 -0.00324254 -0.000572213 0.39044 -0.249951 -0.001248 -0.200847 0.00133516 0.000190738 0.392729 -0.249621 0.000448977 
23 -0.00705719 0.00896454 0.246242 -1.40042 0.000572213 -0.49649 0.252728 1.39928 0.00400549 0.497253 -0.000572213 -0.197414 -0.00324254 -0.000572213 0.39044 -0.249951 -0.001248 -0.200847 0.00133516 0.000190738 0.392729 -0.249621 0.000448977 
23 -0.00705719 0.00896454 0.245861 -1.40042 0.000572213 -0.49649 0.252728 1.39928 0.00400549 0.497253 -0.000572213 -0.197414 -0.00324254 -0.000572213 0.39044 -0.249951 -0.001248 -0.200847 0.00133516 0.000190738 0.392729 -0.249621 0.000448977 
23 -0.00705719 0.00896454 0.245861 -1.40042 0.000572213 -0.49649 0.252728 1.39928 0.00400549 0.497253 -0.000572213 -0.197414 -0.00324254 -0.000572213 0.39044 -0.249951 -0.001248 -0.200847 0.00133516 0.000190738 0.392729 -0.249621 0.000448977 
23 -0.00705719 0.00896454 0.245861 -1.40042 0.000572213 -0.49649 0.252728 1.39928 0.00400549 0.497253 -0.000572213 -0.197414 -0.00324254 -0.000572213 0.39044 -0.249951 -0.001248 -0.200847 0.00133516 0.000190738 0.392729 -0.249621 0.000448977 
23 -0.00705719 0.00896454 0.245861 -1.40042 0.000572213 -0.49649 0.252728 1.39928 0.00400549 0.497253 -0.000572213 -0.197414 -0.00324254 -0.000572213 0.39044 -0.249951 -0.001248 -0.200847 0.00133516 0.000190738 0.392729 -0.249621 0.000448977 
23 -0.00705719 0.00896454 0.245861 -1.40042 0.000572213 -0.49649 0.252728 1.39928 0.00400549 0.497253 -0.000572213 -0.197414 -0.00324254 -0.000572213 0.39044 -0.249951 -0.001248 -0.200847 0.00133516 0.000190738 0.392729 -0.249621 0.000448977 
23 -0.00705719 0.00896454 0.245861 -1.40042 0.000572213 -0.49649 0.252728 1.39928 0.00400549 0.497635 -0.000572213 -0.197414 -0.00324254 -0.000572213 0.39044 -0.249951 -0.001248 -0.200847 0.00133516 0.000190738 0.392729 -0.249621 0.000448977 
23 -0.00705719 0.00896454 0.245861 -1.40042 0.000572213 -0.49649 0.252728 1.39928 0.00400549 0.497253 -0.000572213 -0.197414 -0.00324254 -0.000572213 0.39044 -0.249951 -0.001248 -0.200847 0.00133516 0.000190738 0.392729 -0.249621 0.000448977 
23 -0.00705719 0.00896454 0.245861 -1.40042 0.000572213 -0.49649 0.252728 1.39928 0.00400549 0.497253 -0.000572213 -0.197414 -0.00324254 -0.000572213 0.39044 -0.249951 -0.001248 -0.200847 0.00133516 0.000190738 0.392729 -0.249621 0.000448977 
23 -0.00705719 0.00896454 0.245861 -1.40042 0.000572213 -0.49649 0.252728 1.39928 0.00400549 0.497253 -0.000572213 -0.197414 -0.00324254 -0.000572213 0.39044 -0.250115 -0.00164817 -0.200847 0.00133516 0.000190738 0.392729 -0.249621 0.000448977 
23 -0.00705719 0.00896454 0.245861 -1.40042 0.000572213 -0.49649 0.252728 1.39928 0.00400549 0.497635 -0.000572213 -0.197414 -0.00324254 -0.000572213 0.39044 -0.250115 -0.00164773 -0.200847 0.00133516 0.000190738 0.392729 -0.249621 0.000448977 
23 -0.00705719 0.00896454 0.24548 -1.40042 0.000572213 -0.49649 0.252728 1.39928 0.00400549 0.497635 -0.000572213 -0.197414 -0.00324254 -0.000572213 0.39044 -0.250115 -0.00164773 -0.200847 0.00133516 0.000190738 0.392729 -0.249621 0.000448977 
23 -0.00705719 0.00896454 0.24548 -1.40042 0.000572213 -0.49649 0.252346 1.39928 0.00400549 0.497635 -0.000572213 -0.197414 -0.00324254 -0.000572213 0.39044 -0.250115 -0.00164773 -0.200847 0.00133516 0.000190738 0.392729 -0.249621 0.000448977 
23 -0.00705719 0.00896454 0.24548 -1.40042 0.000572213 -0.49649 0.252346 1.39928 0.00400549 0.497635 -0.000572213 -0.197414 -0.00324254 -0.000572213 0.39044 -0.250115 -0.00164773 -0.200847 0.00133516 0.000190738 0.392729 -0.249621 0.000448977 
23 -0.00705719 0.00896454 0.24548 -1.40042 0.000572213 -0.49649 0.252346 1.39928 0.00400549 0.497635 -0.000572213 -0.197414 -0.00324254 -0.000572213 0.39044 -0.249951 -0.00124844 -0.200847 0.00133516 0.000190738 0.392729 -0.249621 0.000448977 
23 -0.00743866 0.00896454 0.245098 -1.40042 0.000572213 -0.49649 0.252346 1.39928 0.00400549 0.497635 -0.000572213 -0.197414 -0.00324254 -0.000572213 0.39044 -0.249951 -0.001248 -0.200847 0.00133516 0.000190738 0.392729 -0.249621 0.000448977 
23 -0.00705719 0.00896454 0.245098 -1.40042 0.000572213 -0.49649 0.252346 1.39928 0.00400549 0.497635 -0.000572213 -0.197414 -0.00324254 -0.000572213 0.39044 -0.249951 -0.001248 -0.200847 0.00133516 0.000190738 0.392729 -0.249621 0.000448977 
23 -0.00705719 0.00896454 0.245098 -1.40042 0.000572213 -0.496872 0.251965 1.39928 0.00400549 0.497635 -0.000572213 -0.197414 -0.00324254 -0.000572213 0.39044 -0.249951 -0.001248 -0.200847 0.00133516 0.000190738 0.392729 -0.249621 0.000448977 
23 -0.00705719 0.00896454 0.244717 -1.40042 0.000572213 -0.496872 0.251965 1.39928 0.00400549 0.497635 -0.000572213 -0.197414 -0.00324254 -0.000572213 0.39044 -0.249951 -0.001248 -0.200847 0.00133516 0.000190738 0.392729 -0.249621 0.000448977 
23 -0.00705719 0.00896454 0.244717 -1.40042 0.000572213 -0.496872 0.251583 1.39928 0.00400549 0.497635 -0.000572213 -0.197414 -0.00324254 -0.000572213 0.39044 -0.249951 -0.001248 -0.200847 0.00133516 0.000190738 0.392729 -0.249621 0.000448977 
23 -0.00705719 0.00896454 0.244335 -1.40042 0.000572213 -0.496872 0.251583 1.39928 0.00400549 0.497635 -0.000572213 -0.197414 -0.00324254 -0.000572213 0.39044 -0.249951 -0.001248 -0.200847 0.00133516 0.000190738 0.392729 -0.249621 0.000448977 
23 -0.00705719 0.00896454 0.244335 -1.40042 0.000572213 -0.496872 0.251583 1.39928 0.00400549 0.497635 -0.000572213 -0.197414 -0.00324254 -0.000572213 0.39044 -0.249951 -0.001248 -0.200847 0.00133516 0.000190738 0.392729 -0.249621 0.000448977 
23 -0.00705719 0.00896454 0.243954 -1.40042 0.000572213 -0.496872 0.251202 1.39928 0.00400549 0.497635 -0.000572213 -0.197414 -0.00324254 -0.000572213 0.39044 -0.249951 -0.001248 -0.200847 0.00133516 0.000190738 0.392729 -0.249621 0.000448977 
23 -0.00705719 0.00896454 0.243954 -1.40042 0.000572213 -0.496872 0.251202 1.39928 0.00400549 0.497635 -0.000572213 -0.197414 -0.00324254 -0.000572213 0.39044 -0.249951 -0.001248 -0.200847 0.00133516 0.000190738 0.392729 -0.249621 0.000448977 
23 -0.00705719 0.00896454 0.243572 -1.40042 0.000572213 -0.496872 0.25082 1.39928 0.00400549 0.497635 -0.000572213 -0.197414 -0.00324254 -0.000572213 0.39044 -0.249951 -0.001248 -0.200847 0.00133516 0.000190738 0.392729 -0.249621 0.000448977 
23 -0.00705719 0.00896454 0.243191 -1.40042 0.000572213 -0.496872 0.250439 1.39928 0.00400549 0.497635 -0.000572213 -0.197414 -0.00324254 -0.000572213 0.39044 -0.249951 -0.001248 -0.200847 0.00133516 0.000190738 0.392729 -0.249621 0.000448977 
23 -0.00705719 0.00896454 0.242809 -1.40042 0.000572213 -0.496872 0.250439 1.39928 0.00400549 0.498016 -0.000572213 -0.197414 -0.00324254 -0.000572213 0.39044 -0.250115 -0.00164817 -0.200847 0.00133516 0.000190738 0.392729 -0.249621 0.000448977 
23 -0.00705719 0.00896454 0.242809 -1.40042 0.000572213 -0.496872 0.250057 1.39928 0.00400549 0.498016 -0.000572213 -0.197414 -0.00324254 -0.000572213 0.39044 -0.249951 -0.00124844 -0.200847 0.00133516 0.000190738 0.392729 -0.249621 0.000448977 
23 -0.00705719 0.00896454 0.242428 -1.40042 0.000572213 -0.496872 0.250057 1.39928 0.00400549 0.498016 -0.000572213 -0.197414 -0.00324254 -0.000572213 0.39044 -0.249951 -0.001248 -0.200847 0.00133516 0.000190738 0.392729 -0.249621 0.000448977 
23 -0.00705719 0.00896454 0.242046 -1.40042 0.000572213 -0.496872 0.249676 1.39928 0.00400549 0.498016 -0.000572213 -0.197414 -0.00324254 -0.000572213 0.39044 -0.249951 -0.001248 -0.200847 0.00133516 0.000190738 0.392729 -0.249621 0.000448977 
23 -0.00705719 0.00896454 0.241665 -1.40042 0.000572213 -0.496872 0.249294 1.39928 0.00400549 0.498016 -0.000572213 -0.197414 -0.00324254 -0.000572213 0.39044 -0.249951 -0.001248 -0.200847 0.00133516 0.000190738 0.392729 -0.249621 0.000448977 
23 -0.00705719 0.00896454 0.241283 -1.40042 0.000572213 -0.496872 0.248913 1.39928 0.00400549 0.498016 -0.000572213 -0.197414 -0.00324254 -0.000572213 0.39044 -0.249951 -0.001248 -0.200847 0.00133516 0.000190738 0.392729 -0.249621 0.000448977 
23 -0.00743866 0.00896454 0.241283 -1.40042 0.000572213 -0.496872 0.248531 1.39928 0.00400549 0.498016 -0.000572213 -0.197414 -0.00324254 -0.000572213 0.39044 -0.249951 -0.001248 -0.200847 0.00133516 0.000190738 0.392729 -0.249621 0.000448977 
23 -0.00705719 0.00896454 0.240902 -1.40042 0.000572213 -0.496872 0.248531 1.39928 0.00400549 0.498016 -0.000572213 -0.197414 -0.00324254 -0.000572213 0.39044 -0.249951 -0.001248 -0.200847 0.00133516 0.000190738 0.392729 -0.249621 0.000448977 
23 -0.00705719 0.00896454 0.24052 -1.40042 0.000572213 -0.496872 0.24815 1.39928 0.00400549 0.498016 -0.000572213 -0.197414 -0.00324254 -0.000572213 0.39044 -0.249951 -0.001248 -0.200847 0.00133516 0.000190738 0.392729 -0.249621 0.000448977 
23 -0.00705719 0.00934601 0.240139 -1.40042 0.000572213 -0.496872 0.247768 1.39928 0.00400549 0.498016 -0.000572213 -0.197414 -0.00324254 -0.000572213 0.39044 -0.249951 -0.001248 -0.200847 0.00133516 0.000190738 0.392729 -0.249621 0.000448977 
23 -0.00705719 0.00896454 0.239757 -1.40042 0.000572213 -0.496872 0.247387 1.39928 0.00400549 0.498016 -0.000572213 -0.197414 -0.00324254 -0.000572213 0.39044 -0.249951 -0.001248 -0.200847 0.00133516 0.000190738 0.392729 -0.249621 0.000448977 
23 -0.00705719 0.00896454 0.239376 -1.40042 0.000572213 -0.496872 0.247005 1.39928 0.00400549 0.498016 -0.000572213 -0.197414 -0.00324254 -0.000572213 0.39044 -0.249951 -0.001248 -0.200847 0.00133516 0.000190738 0.392729 -0.249621 0.000448977 
23 -0.00705719 0.00896454 0.238613 -1.40042 0.000572213 -0.496872 0.246242 1.39928 0.00400549 0.498016 -0.000572213 -0.197414 -0.00324254 -0.000572213 0.39044 -0.249951 -0.001248 -0.200847 0.00133516 0.000190738 0.392729 -0.249621 0.000448977 
23 -0.00705719 0.00934601 0.238231 -1.40042 0.000572213 -0.496872 0.245861 1.39928 0.00400549 0.498016 -0.000572213 -0.197414 -0.00324254 -0.000572213 0.39044 -0.249951 -0.001248 -0.200847 0.00133516 0.000190738 0.392729 -0.249621 0.000448977 
23 -0.00705719 0.00896454 0.23785 -1.40042 0.000572213 -0.496872 0.24548 1.39928 0.00400549 0.498016 -0.000572213 -0.197414 -0.00324254 -0.000572213 0.39044 -0.250115 -0.00164817 -0.200847 0.00133516 0.000190738 0.392729 -0.249621 0.000448977 
23 -0.00705719 0.00896454 0.237469 -1.40042 0.000572213 -0.497253 0.244717 1.39928 0.00400549 0.498016 -0.000572213 -0.197414 -0.00324254 -0.000572213 0.39044 -0.250115 -0.00164773 -0.200847 0.00133516 0.000190738 0.392729 -0.249621 0.000448977 
23 -0.00705719 0.00896454 0.236706 -1.40042 0.000572213 -0.497253 0.244335 1.39928 0.00400549 0.498016 -0.000572213 -0.197414 -0.00324254 -0.000572213 0.39044 -0.249951 -0.00124844 -0.200847 0.00133516 0.000190738 0.392729 -0.249621 0.000448977 
23 -0.00705719 0.00896454 0.236324 -1.40042 0.000572213 -0.497253 0.243954 1.39928 0.00400549 0.498016 -0.000572213 -0.197414 -0.00324254 -0.000572213 0.39044 -0.249951 -0.001248 -0.200847 0.00133516 0.000190738 0.392729 -0.249621 0.000448977 
23 -0.00705719 0.00896454 0.235561 -1.40042 0.000572213 -0.497253 0.243572 1.39928 0.00400549 0.498016 -0.000572213 -0.197414 -0.00324254 -0.000572213 0.39044 -0.249951 -0.001248 -0.200847 0.00133516 0.000190738 0.392729 -0.249621 0.000448977 
23 -0.00705719 0.00896454 0.23518 -1.40042 0.000572213 -0.497253 0.243191 1.39928 0.00400549 0.498016 -0.000572213 -0.197414 -0.00324254 -0.000572213 0.39044 -0.249951 -0.001248 -0.201228 0.00133516 0.000190738 0.392729 -0.249621 0.000448977 
23 -0.00705719 0.00896454 0.234417 -1.40042 0.000572213 -0.497253 0.242809 1.39928 0.00400549 0.498016 -0.000572213 -0.197414 -0.00324254 -0.000572213 0.39044 -0.249951 -0.001248 -0.200847 0.00133516 0.000190738 0.392729 -0.249621 0.000448977 
23 -0.00705719 0.00896454 0.234035 -1.40042 0.000572213 -0.497253 0.242046 1.39928 0.00400549 0.498016 -0.000572213 -0.197414 -0.00324254 -0.000572213 0.39044 -0.249951 -0.001248 -0.200847 0.00133516 0.000190738 0.392729 -0.249621 0.000448977 
23 -0.00705719 0.00896454 0.233654 -1.40042 0.000572213 -0.497253 0.241665 1.39928 0.00400549 0.498016 -0.000572213 -0.197414 -0.00324254 -0.000572213 0.39044 -0.249951 -0.001248 -0.200847 0.00133516 0.000190738 0.392729 -0.249621 0.000448977 
23 -0.00705719 0.00896454 0.232891 -1.40042 0.000953689 -0.497253 0.240902 1.39928 0.00400549 0.498398 -0.000572213 -0.197414 -0.00324254 -0.000572213 0.39044 -0.249951 -0.001248 -0.200847 0.00133516 0.000190738 0.392729 -0.249621 0.000448977 
23 -0.00705719 0.00896454 0.232128 -1.40042 0.000953689 -0.497253 0.24052 1.39928 0.00400549 0.498398 -0.000572213 -0.197414 -0.00324254 -0.000572213 0.39044 -0.249951 -0.001248 -0.200847 0.00133516 0.000190738 0.392729 -0.249621 0.000448977 
23 -0.00705719 0.00896454 0.231746 -1.40042 0.000953689 -0.497253 0.239757 1.39928 0.00400549 0.498398 -0.000572213 -0.197414 -0.00324254 -0.000572213 0.39044 -0.249951 -0.001248 -0.200847 0.00133516 0.000190738 0.392729 -0.249621 0.000448977 
23 -0.00705719 0.00896454 0.230983 -1.40042 0.000953689 -0.497253 0.238994 1.39928 0.00400549 0.498398 -0.000572213 -0.197414 -0.00324254 -0.000572213 0.39044 -0.249951 -0.001248 -0.200847 0.00133516 0.000190738 0.392729 -0.249621 0.000448977 
23 -0.00705719 0.00896454 0.23022 -1.40042 0.000953689 -0.497253 0.238613 1.39928 0.00400549 0.498398 -0.000572213 -0.197414 -0.00324254 -0.000572213 0.39044 -0.249951 -0.001248 -0.200847 0.00133516 0.000190738 0.392729 -0.249621 0.000448977 
23 -0.00705719 0.00896454 0.229458 -1.40042 0.000953689 -0.497253 0.23785 1.39928 0.00400549 0.498398 -0.000572213 -0.197414 -0.00324254 -0.000572213 0.39044 -0.249951 -0.001248 -0.201228 0.00133516 0.000190738 0.392729 -0.249621 0.000448977 
23 -0.00705719 0.00896454 0.228695 -1.40042 0.000953689 -0.497635 0.237469 1.39928 0.00400549 0.498398 -0.000572213 -0.197414 -0.00324254 -0.000572213 0.39044 -0.249951 -0.001248 -0.200847 0.00133516 0.000190738 0.392729 -0.249621 0.000448977 
23 -0.00705719 0.00896454 0.227932 -1.40042 0.000953689 -0.497635 0.236706 1.39928 0.00400549 0.498398 -0.000572213 -0.197414 -0.00324254 -0.000572213 0.39044 -0.249951 -0.001248 -0.200847 0.00133516 0.000190738 0.392729 -0.249621 0.000448977 
23 -0.00705719 0.00896454 0.227169 -1.40042 0.000953689 -0.497635 0.235943 1.39928 0.00400549 0.498398 -0.000572213 -0.197414 -0.00324254 -0.000572213 0.39044 -0.249951 -0.001248 -0.200847 0.00133516 0.000190738 0.392729 -0.249621 0.000448977 
23 -0.00705719 0.00896454 0.226024 -1.40042 0.000953689 -0.497635 0.23518 1.39928 0.00400549 0.498398 -0.000572213 -0.197414 -0.00324254 -0.000572213 0.39044 -0.249951 -0.001248 -0.200847 0.00133516 0.000190738 0.392729 -0.249621 0.000448977 
23 -0.00705719 0.00896454 0.225261 -1.40042 0.000953689 -0.497635 0.234417 1.39928 0.00400549 0.498779 -0.000572213 -0.197414 -0.00324254 -0.000572213 0.39044 -0.249951 -0.001248 -0.200847 0.00133516 0.000190738 0.392729 -0.249621 0.000448977 
23 -0.00705719 0.00896454 0.224498 -1.40042 0.000953689 -0.497635 0.233654 1.39928 0.00400549 0.498779 -0.000572213 -0.197414 -0.00324254 -0.000572213 0.39044 -0.249951 -0.001248 -0.200847 0.00133516 0.000190738 0.392729 -0.249621 0.000448977 
23 -0.00705719 0.00896454 0.223735 -1.40042 0.00133516 -0.497635 0.232509 1.39928 0.00400549 0.498779 -0.000572213 -0.197414 -0.00324254 -0.000572213 0.39044 -0.249951 -0.001248 -0.201228 0.00133516 0.000190738 0.392729 -0.249621 0.000448977 
23 -0.00705719 0.00896454 0.222972 -1.40042 0.00133516 -0.497635 0.231746 1.39928 0.00400549 0.498779 -0.000572213 -0.197414 -0.00324254 -0.000572213 0.39044 -0.249951 -0.001248 -0.200847 0.00133516 0.000190738 0.392729 -0.249621 0.000448977 
23 -0.00705719 0.00896454 0.221828 -1.40042 0.00133516 -0.497635 0.231365 1.39928 0.00400549 0.498779 -0.000572213 -0.197414 -0.00324254 -0.000572213 0.39044 -0.249951 -0.001248 -0.200847 0.00133516 0.000190738 0.392729 -0.249621 0.000448977 
23 -0.00705719 0.00896454 0.221065 -1.40042 0.00133516 -0.497635 0.230602 1.39928 0.00400549 0.498779 -0.000572213 -0.197414 -0.00324254 -0.000572213 0.39044 -0.249951 -0.001248 -0.200847 0.00133516 0.000190738 0.392729 -0.249621 0.000448977 
23 -0.00705719 0.00896454 0.219921 -1.40042 0.00171664 -0.497635 0.23022 1.39928 0.00400549 0.499161 -0.000572213 -0.197414 -0.00324254 -0.000572213 0.39044 -0.249951 -0.001248 -0.200847 0.00133516 0.000190738 0.392729 -0.249621 0.000448977 
23 -0.00705719 0.00896454 0.219158 -1.40042 0.00171664 -0.497635 0.229076 1.39928 0.00400549 0.499161 -0.000572213 -0.197414 -0.00324254 -0.000572213 0.39044 -0.250115 -0.00164817 -0.200847 0.00133516 0.000190738 0.392729 -0.249621 0.000448977 
23 -0.00705719 0.00896454 0.218013 -1.40042 0.00209812 -0.497635 0.228695 1.39928 0.00400549 0.499161 -0.000572213 -0.197414 -0.00324254 -0.000572213 0.39044 -0.250115 -0.00164773 -0.200847 0.00133516 0.000190738 0.392729 -0.249621 0.000448977 
23 -0.00743866 0.00896454 0.216869 -1.40042 0.00209812 -0.497635 0.22755 1.39928 0.00400549 0.499542 -0.000572213 -0.197414 -0.00324254 -0.000572213 0.39044 -0.250115 -0.00164773 -0.200847 0.00133516 0.000190738 0.392729 -0.249621 0.000448977 
23 -0.00705719 0.00896454 0.216106 -1.40042 0.00247959 -0.497635 0.226406 1.39928 0.00400549 0.499542 -0.000572213 -0.197414 -0.00324254 -0.000572213 0.39044 -0.249951 -0.00124844 -0.200847 0.00133516 0.000190738 0.392729 -0.249621 0.000448977 
23 -0.00705719 0.00896454 0.215343 -1.40042 0.00286107 -0.497635 0.225261 1.39928 0.00400549 0.499924 -0.000572213 -0.197414 -0.00324254 -0.000572213 0.39044 -0.249951 -0.001248 -0.200847 0.00133516 0.000190738 0.392729 -0.249621 0.000448977 
23 -0.00705719 0.00896454 0.213817 -1.40042 0.00286107 -0.497635 0.224498 1.39928 0.00400549 0.499924 -0.000572213 -0.197414 -0.00324254 -0.000572213 0.39044 -0.249951 -0.001248 -0.200847 0.00133516 0.000190738 0.392729 -0.249621 0.000448977 
23 -0.00705719 0.00896454 0.212673 -1.40042 0.00286107 -0.497635 0.223735 1.39928 0.00400549 0.500305 -0.000572213 -0.197414 -0.00324254 -0.000572213 0.39044 -0.249951 -0.001248 -0.200847 0.00133516 0.000190738 0.392729 -0.249621 0.000448977 
23 -0.00705719 0.00896454 0.211528 -1.40042 0.00324254 -0.497635 0.222972 1.39928 0.00400549 0.500687 -0.000572213 -0.197414 -0.00324254 -0.000572213 0.39044 -0.249951 -0.001248 -0.200847 0.00133516 0.000190738 0.392729 -0.249621 0.000448977 
23 -0.00705719 0.00896454 0.210384 -1.40042 0.00324254 -0.498016 0.22221 1.39928 0.00400549 0.501068 -0.000572213 -0.197414 -0.00324254 -0.000572213 0.39044 -0.249951 -0.001248 -0.200847 0.00133516 0.000190738 0.392729 -0.249621 0.000448977 
23 -0.00743866 0.00896454 0.209621 -1.40042 0.00324254 -0.498016 0.220684 1.39928 0.00400549 0.50145 -0.000572213 -0.197414 -0.00324254 -0.000572213 0.39044 -0.249951 -0.001248 -0.200847 0.00133516 0.000190738 0.392729 -0.249621 0.000448977 
23 -0.00705719 0.00896454 0.208476 -1.40042 0.00324254 -0.498016 0.219539 1.39928 0.00400549 0.501831 -0.000572213 -0.197414 -0.00324254 -0.000572213 0.39044 -0.249951 -0.001248 -0.200847 0.00133516 0.000190738 0.392729 -0.249621 0.000448977 
23 -0.00705719 0.00896454 0.20695 -1.40042 0.00362402 -0.498016 0.218776 1.39928 0.00400549 0.501831 -0.000572213 -0.197414 -0.00324254 -0.000572213 0.39044 -0.249951 -0.001248 -0.200847 0.00133516 0.000190738 0.392729 -0.249621 0.000448977 
23 -0.00705719 0.00896454 0.205806 -1.40042 0.00362402 -0.498016 0.218013 1.39928 0.00400549 0.502213 -0.000572213 -0.197414 -0.00324254 -0.000572213 0.39044 -0.249951 -0.001248 -0.200847 0.00133516 0.000190738 0.392729 -0.249621 0.000448977 
23 -0.00705719 0.00896454 0.20428 -1.40042 0.00362402 -0.498016 0.216869 1.39928 0.00400549 0.502594 -0.000572213 -0.197414 -0.00324254 -0.000572213 0.39044 -0.249951 -0.001248 -0.200847 0.00133516 0.000190738 0.392729 -0.249621 0.000448977 
23 -0.00705719 0.00896454 0.203517 -1.40042 0.00362402 -0.498016 0.216106 1.39928 0.00400549 0.503357 -0.000572213 -0.197414 -0.00324254 -0.000572213 0.39044 -0.249951 -0.001248 -0.200847 0.00133516 0.000190738 0.392729 -0.249621 0.000448977 
23 -0.00705719 0.00896454 0.201991 -1.40042 0.00362402 -0.498016 0.214961 1.39928 0.00400549 0.503738 -0.000572213 -0.197414 -0.00324254 -0.000572213 0.39044 -0.249951 -0.001248 -0.200847 0.00133516 0.000190738 0.392729 -0.249621 0.000448977 
23 -0.00743866 0.00896454 0.200465 -1.40042 0.00362402 -0.498398 0.213436 1.39966 0.00400549 0.50412 -0.000572213 -0.197414 -0.00324254 -0.000572213 0.39044 -0.249951 -0.001248 -0.200847 0.00133516 0.000190738 0.392729 -0.249621 0.000448977 
23 -0.00705719 0.00896454 0.199321 -1.40042 0.00362402 -0.498398 0.212673 1.39928 0.00400549 0.504883 -0.000572213 -0.197414 -0.00324254 -0.000572213 0.39044 -0.249951 -0.001248 -0.200847 0.00133516 0.000190738 0.392729 -0.249621 0.000448977 
23 -0.00705719 0.00896454 0.197795 -1.40042 0.00362402 -0.498398 0.211528 1.39928 0.00400549 0.505646 -0.000572213 -0.197414 -0.00324254 -0.000572213 0.39044 -0.250115 -0.00164817 -0.200847 0.00133516 0.000190738 0.392729 -0.249621 0.000448977 
23 -0.00705719 0.00896454 0.196269 -1.40042 0.00400549 -0.498398 0.210384 1.39928 0.00400549 0.506409 -0.000572213 -0.197414 -0.00324254 -0.000572213 0.39044 -0.250115 -0.00164773 -0.200847 0.00133516 0.000190738 0.392729 -0.249621 0.000448977 
23 -0.00705719 0.00896454 0.195125 -1.40042 0.00400549 -0.498398 0.209621 1.39928 0.00400549 0.507553 -0.000572213 -0.197414 -0.00324254 -0.000572213 0.39044 -0.250115 -0.00164773 -0.200847 0.00133516 0.000190738 0.392729 -0.249621 0.000448977 
23 -0.00705719 0.00896454 0.193599 -1.40042 0.00400549 -0.498779 0.208095 1.39928 0.00400549 0.508698 -0.000572213 -0.197414 -0.00324254 -0.000572213 0.39044 -0.250115 -0.00164773 -0.200847 0.00133516 0.000190738 0.392729 -0.249621 0.000448977 
23 -0.00705719 0.00896454 0.192073 -1.40042 0.00400549 -0.498779 0.20695 1.39928 0.00400549 0.509079 -0.000572213 -0.197414 -0.00324254 -0.000572213 0.39044 -0.249951 -0.00124844 -0.200847 0.00133516 0.000190738 0.392729 -0.249621 0.000448977 
23 -0.00705719 0.00896454 0.190929 -1.40042 0.00400549 -0.498779 0.206188 1.39928 0.00400549 0.509842 -0.000572213 -0.197414 -0.00324254 -0.000572213 0.39044 -0.250115 -0.00164817 -0.200847 0.00133516 0.000190738 0.392729 -0.249621 0.000448977 
23 -0.00705719 0.00896454 0.189021 -1.40042 0.00400549 -0.499161 0.205043 1.39928 0.00400549 0.510605 -0.000572213 -0.197414 -0.00324254 -0.000572213 0.39044 -0.249951 -0.00124844 -0.200847 0.00133516 0.000190738 0.392729 -0.249621 0.000448977 
23 -0.00705719 0.00896454 0.187495 -1.40042 0.00438697 -0.499161 0.20428 1.39928 0.00400549 0.511368 -0.000572213 -0.197414 -0.00324254 -0.000572213 0.39044 -0.249951 -0.001248 -0.200847 0.00133516 0.000190738 0.392729 -0.249621 0.000448977 
23 -0.00705719 0.00896454 0.185969 -1.40042 0.00438697 -0.499542 0.203136 1.39928 0.00400549 0.512131 -0.000572213 -0.197414 -0.00324254 -0.000572213 0.39044 -0.249951 -0.001248 -0.200847 0.00133516 0.000190738 0.392729 -0.249621 0.000448977 
23 -0.00705719 0.00896454 0.184443 -1.40042 0.00438697 -0.499542 0.20161 1.39928 0.00400549 0.513275 -0.000572213 -0.197414 -0.00324254 -0.000572213 0.39044 -0.249951 -0.001248 -0.200847 0.00133516 0.000190738 0.392729 -0.249621 0.000448977 
23 -0.00705719 0.00896454 0.182918 -1.40042 0.00438697 -0.499924 0.200084 1.39928 0.00400549 0.514801 -0.000572213 -0.197414 -0.00324254 -0.000572213 0.39044 -0.249951 -0.001248 -0.200847 0.00133516 0.000190738 0.392729 -0.249621 0.000448977 
23 -0.00705719 0.00896454 0.181392 -1.40042 0.00476844 -0.500305 0.199321 1.39928 0.00400549 0.515564 -0.000572213 -0.197414 -0.00324254 -0.000572213 0.39044 -0.249951 -0.001248 -0.200847 0.00133516 0.000190738 0.392729 -0.249621 0.000448977 
23 -0.00705719 0.00896454 0.179866 -1.40042 0.00476844 -0.500687 0.198177 1.39928 0.00400549 0.516327 -0.000572213 -0.197414 -0.00324254 -0.000572213 0.39044 -0.249951 -0.001248 -0.200847 0.00133516 0.000190738 0.392729 -0.249621 0.000448977 
23 -0.00705719 0.00896454 0.17834 -1.40042 0.00476844 -0.501068 0.197032 1.39928 0.00400549 0.51709 -0.000572213 -0.197414 -0.00324254 -0.000572213 0.39044 -0.249951 -0.001248 -0.200847 0.00133516 0.000190738 0.392729 -0.249621 0.000448977 
23 -0.00705719 0.00896454 0.176432 -1.40042 0.00476844 -0.50145 0.195506 1.39928 0.00400549 0.518235 -0.000572213 -0.197414 -0.00324254 -0.000572213 0.39044 -0.249951 -0.001248 -0.200847 0.00133516 0.000190738 0.392729 -0.249621 0.000448977 
23 -0.00705719 0.00896454 0.174907 -1.40042 0.00514992 -0.501831 0.19398 1.39928 0.00400549 0.519379 -0.000572213 -0.197414 -0.00324254 -0.000572213 0.39044 -0.249951 -0.001248 -0.200847 0.00133516 0.000190738 0.392729 -0.249621 0.000448977 
23 -0.00705719 0.00896454 0.172999 -1.40004 0.00514992 -0.502213 0.193217 1.39928 0.00400549 0.520905 -0.000572213 -0.197414 -0.00324254 -0.000572213 0.39044 -0.249951 -0.001248 -0.200847 0.00133516 0.000190738 0.392729 -0.249621 0.000448977 
23 -0.00705719 0.00896454 0.171473 -1.40004 0.00514992 -0.502594 0.192073 1.39928 0.00400549 0.522049 -0.000572213 -0.197414 -0.00324254 -0.000572213 0.39044 -0.249951 -0.001248 -0.200847 0.00133516 0.000190738 0.392729 -0.249621 0.000448977 
23 -0.00705719 0.00896454 0.169947 -1.40004 0.00514992 -0.503357 0.190929 1.39928 0.00400549 0.523194 -0.000572213 -0.197414 -0.00324254 -0.000572213 0.39044 -0.249951 -0.001248 -0.200847 0.00133516 0.000190738 0.392729 -0.249621 0.000448977 
23 -0.00705719 0.00896454 0.168421 -1.40042 0.00514992 -0.503738 0.189403 1.39928 0.00400549 0.523957 -0.000572213 -0.197414 -0.00324254 -0.000572213 0.39044 -0.249951 -0.001248 -0.200847 0.00133516 0.000190738 0.392729 -0.249621 0.000448977 
23 -0.00705719 0.00896454 0.166514 -1.40042 0.00514992 -0.504501 0.187877 1.39928 0.00400549 0.525483 -0.000572213 -0.197414 -0.00324254 -0.000572213 0.39044 -0.249951 -0.001248 -0.200847 0.00133516 0.000190738 0.392729 -0.249621 0.000448977 
23 -0.00705719 0.00896454 0.164988 -1.40042 0.00514992 -0.504883 0.186732 1.39928 0.00400549 0.527008 -0.000572213 -0.197414 -0.00324254 -0.000572213 0.39044 -0.249951 -0.001248 -0.200847 0.00133516 0.000190738 0.392729 -0.249621 0.000448977 
23 -0.00705719 0.00896454 0.163081 -1.40042 0.00514992 -0.505264 0.185588 1.39928 0.00400549 0.528153 -0.000572213 -0.197414 -0.00324254 -0.000572213 0.39044 -0.249951 -0.001248 -0.200847 0.00133516 0.000190738 0.392729 -0.249621 0.000448977 
23 -0.00743866 0.00896454 0.161173 -1.40004 0.00514992 -0.506027 0.184062 1.39928 0.00400549 0.529297 -0.000572213 -0.197414 -0.00324254 -0.000572213 0.39044 -0.249951 -0.001248 -0.200847 0.00133516 0.000190738 0.392729 -0.249621 0.000448977 
23 -0.00705719 0.00896454 0.159266 -1.40042 0.00514992 -0.50679 0.182536 1.39928 0.00400549 0.530442 -0.000572213 -0.197414 -0.00324254 -0.000572213 0.39044 -0.249951 -0.001248 -0.200847 0.00133516 0.000190738 0.392729 -0.249621 0.000448977 
23 -0.00705719 0.00896454 0.15774 -1.40042 0.00514992 -0.507553 0.181392 1.39928 0.00400549 0.531968 -0.000572213 -0.197414 -0.00324254 -0.000572213 0.39044 -0.249951 -0.001248 -0.200847 0.00133516 0.000190738 0.392729 -0.249621 0.000448977 
23 -0.00705719 0.00896454 0.155833 -1.40004 0.00514992 -0.508316 0.180247 1.39928 0.00400549 0.533875 -0.000572213 -0.197414 -0.00324254 -0.000572213 0.39044 -0.249951 -0.001248 -0.200847 0.00133516 0.000190738 0.392729 -0.249621 0.000448977 
23 -0.00705719 0.00896454 0.153925 -1.40004 0.00514992 -0.509079 0.178721 1.39928 0.00400549 0.535019 -0.000572213 -0.197414 -0.00324254 -0.000572213 0.39044 -0.249951 -0.001248 -0.200847 0.00133516 0.000190738 0.392729 -0.249621 0.000448977 
23 -0.00705719 0.00896454 0.152399 -1.40004 0.00514992 -0.510224 0.177195 1.39928 0.00400549 0.536164 -0.000572213 -0.197414 -0.00324254 -0.000572213 0.39044 -0.249951 -0.001248 -0.200847 0.00133516 0.000190738 0.392729 -0.249621 0.000448977 
23 -0.00705719 0.00896454 0.150492 -1.40004 0.00514992 -0.510987 0.175669 1.39928 0.00400549 0.538071 -0.000572213 -0.197414 -0.00324254 -0.000572213 0.39044 -0.250115 -0.00164817 -0.200847 0.00133516 0.000190738 0.392729 -0.249621 0.000448977 
23 -0.00705719 0.00896454 0.148585 -1.40004 0.00514992 -0.511749 0.174525 1.39928 0.00400549 0.539597 -0.000572213 -0.197414 -0.00324254 -0.000572213 0.39044 -0.250115 -0.00164773 -0.200847 0.00133516 0.000190738 0.392729 -0.249621 0.000448977 
23 -0.00705719 0.00896454 0.146677 -1.40004 0.00514992 -0.512894 0.172999 1.39928 0.00400549 0.540742 -0.000572213 -0.197414 -0.00324254 -0.000572213 0.39044 -0.249951 -0.00124844 -0.201228 0.00133516 0.000190738 0.392729 -0.249621 0.000448977 
23 -0.00705719 0.00896454 0.14477 -1.40004 0.00514992 -0.513657 0.171855 1.39928 0.00400549 0.542268 -0.000572213 -0.197414 -0.00324254 -0.000572213 0.39044 -0.249951 -0.001248 -0.201228 0.00133516 0.000190738 0.392729 -0.249621 0.000448977 
23 -0.00705719 0.00896454 0.142863 -1.40004 0.00514992 -0.514801 0.169947 1.39928 0.00400549 0.544175 -0.000572213 -0.197414 -0.00324254 -0.000572213 0.39044 -0.249951 -0.001248 -0.200847 0.00133516 0.000190738 0.392729 -0.249621 0.000448977 
23 -0.00705719 0.00896454 0.140955 -1.40004 0.00514992 -0.515946 0.168803 1.39928 0.00400549 0.546082 -0.000572213 -0.197414 -0.00324254 -0.000572213 0.39044 -0.249951 -0.001248 -0.201228 0.00133516 0.000190738 0.392729 -0.249621 0.000448977 
23 -0.00705719 0.00896454 0.139048 -1.40004 0.00514992 -0.516709 0.167659 1.39928 0.00400549 0.547608 -0.000572213 -0.197414 -0.00324254 -0.000572213 0.39044 -0.249951 -0.001248 -0.200847 0.00133516 0.000190738 0.392729 -0.249621 0.000448977 
23 -0.00705719 0.00896454 0.13714 -1.40004 0.00514992 -0.517472 0.166133 1.39928 0.00400549 0.548753 -0.000572213 -0.197414 -0.00324254 -0.000572213 0.39044 -0.249951 -0.001248 -0.200847 0.00133516 0.000190738 0.392729 -0.249621 0.000448977 
23 -0.00743866 0.00896454 0.135233 -1.40004 0.00514992 -0.518616 0.164225 1.39928 0.00400549 0.55066 -0.000572213 -0.197414 -0.00324254 -0.000572213 0.39044 -0.249951 -0.001248 -0.200847 0.00133516 0.000190738 0.392729 -0.249621 0.000448977 
23 -0.00705719 0.00896454 0.133326 -1.40004 0.00514992 -0.51976 0.162699 1.39928 0.00400549 0.552567 -0.000572213 -0.197414 -0.00324254 -0.000572213 0.39044 -0.249951 -0.001248 -0.200847 0.00133516 0.000190738 0.392729 -0.249621 0.000448977 
23 -0.00705719 0.00896454 0.131418 -1.39966 0.00514992 -0.520905 0.161555 1.39928 0.00400549 0.554093 -0.000572213 -0.197414 -0.00324254 -0.000572213 0.39044 -0.249951 -0.001248 -0.200847 0.00133516 0.000190738 0.392729 -0.249621 0.000448977 
23 -0.00705719 0.00896454 0.129511 -1.39966 0.00514992 -0.522431 0.160029 1.39928 0.00400549 0.556001 -0.000572213 -0.197414 -0.00324254 -0.000572213 0.39044 -0.249951 -0.001248 -0.201228 0.00133516 0.000190738 0.392729 -0.249621 0.000448977 
23 -0.00705719 0.00896454 0.127604 -1.39966 0.00514992 -0.523194 0.158122 1.39928 0.00400549 0.558289 -0.000572213 -0.197414 -0.00324254 -0.000572213 0.39044 -0.249951 -0.001248 -0.200847 0.00133516 0.000190738 0.392729 -0.249621 0.000448977 
23 -0.00705719 0.00896454 0.125315 -1.39966 0.00514992 -0.524338 0.156596 1.39928 0.00400549 0.559815 -0.000572213 -0.197414 -0.00324254 -0.000572213 0.39044 -0.249951 -0.001248 -0.200847 0.00133516 0.000190738 0.392729 -0.249621 0.000448977 
23 -0.00705719 0.00896454 0.123407 -1.39966 0.00514992 -0.525483 0.155451 1.39928 0.00400549 0.561341 -0.000572213 -0.197414 -0.00324254 -0.000572213 0.39044 -0.249951 -0.001248 -0.200847 0.00133516 0.000190738 0.392729 -0.249621 0.000448977 
23 -0.00705719 0.00896454 0.1215 -1.39966 0.00514992 -0.526627 0.153925 1.39889 0.00400549 0.56363 -0.000572213 -0.197414 -0.00324254 -0.000572213 0.39044 -0.249951 -0.001248 -0.200847 0.00133516 0.000190738 0.392729 -0.249621 0.000448977 
23 -0.00705719 0.00896454 0.119593 -1.39928 0.00514992 -0.528153 0.152018 1.39889 0.00400549 0.565538 -0.000572213 -0.197414 -0.00324254 -0.000572213 0.39044 -0.249951 -0.001248 -0.200847 0.00133516 0.000190738 0.392729 -0.249621 0.000448977 
23 -0.00705719 0.00896454 0.117304 -1.39928 0.00514992 -0.529297 0.150492 1.39889 0.00400549 0.567063 -0.000572213 -0.197414 -0.00324254 -0.000572213 0.39044 -0.249951 -0.001248 -0.200847 0.00133516 0.000190738 0.392729 -0.249621 0.000448977 
23 -0.00705719 0.00896454 0.115778 -1.39928 0.00514992 -0.53006 0.148966 1.39889 0.00400549 0.569352 -0.000572213 -0.197414 -0.00324254 -0.000572213 0.39044 -0.249951 -0.001248 -0.200847 0.00133516 0.000190738 0.392729 -0.249621 0.000448977 
23 -0.00705719 0.00896454 0.113489 -1.39928 0.00514992 -0.531205 0.14744 1.39928 0.00400549 0.571641 -0.000572213 -0.197414 -0.00324254 -0.000572213 0.39044 -0.249951 -0.001248 -0.200847 0.00133516 0.000190738 0.392729 -0.249621 0.000448977 
23 -0.00705719 0.00896454 0.1112 -1.39928 0.00514992 -0.532731 0.145533 1.39928 0.00400549 0.573548 -0.000572213 -0.197414 -0.00324254 -0.000572213 0.39044 -0.249951 -0.001248 -0.200847 0.00133516 0.000190738 0.392729 -0.249621 0.000448977 
23 -0.00705719 0.00896454 0.109293 -1.39928 0.00514992 -0.534257 0.144007 1.39928 0.00400549 0.575456 -0.000572213 -0.197414 -0.00324254 -0.000572213 0.39044 -0.250115 -0.00164817 -0.200847 0.00133516 0.000190738 0.392729 -0.249621 0.000448977 
23 -0.00705719 0.00896454 0.107385 -1.39928 0.00514992 -0.535401 0.142481 1.39928 0.00400549 0.577745 -0.000572213 -0.197414 -0.00324254 -0.000572213 0.39044 -0.249951 -0.00124844 -0.200847 0.00133516 0.000190738 0.392729 -0.249621 0.000448977 
23 -0.00705719 0.00896454 0.105097 -1.39889 0.00514992 -0.536927 0.140955 1.39928 0.00400549 0.579652 -0.000572213 -0.197414 -0.00324254 -0.000572213 0.39044 -0.250115 -0.00164817 -0.200847 0.00133516 0.000190738 0.392729 -0.249621 0.000448977 
23 -0.00705719 0.00896454 0.103189 -1.39889 0.00514992 -0.538071 0.138666 1.39889 0.00400549 0.582322 -0.000572213 -0.197414 -0.00324254 -0.000572213 0.39044 -0.249951 -0.00124844 -0.200847 0.00133516 0.000190738 0.392729 -0.249621 0.000448977 
23 -0.00705719 0.00896454 0.1009 -1.39889 0.00514992 -0.539597 0.13714 1.39928 0.00400549 0.58423 -0.000572213 -0.197414 -0.00324254 -0.000572213 0.39044 -0.249951 -0.001248 -0.200847 0.00133516 0.000190738 0.392729 -0.249621 0.000448977 
23 -0.00705719 0.00896454 0.0989929 -1.39889 0.00514992 -0.541123 0.135615 1.39928 0.00400549 0.586137 -0.000572213 -0.197414 -0.00324254 -0.000572213 0.39044 -0.249951 -0.001248 -0.200847 0.00133516 0.000190738 0.392729 -0.249621 0.000448977 
23 -0.00705719 0.00896454 0.0970855 -1.39889 0.00514992 -0.542268 0.133707 1.39889 0.00400549 0.588808 -0.000572213 -0.197414 -0.00324254 -0.000572213 0.39044 -0.249951 -0.001248 -0.200847 0.00133516 0.000190738 0.392729 -0.249621 0.000448977 
23 -0.00705719 0.00896454 0.0947967 -1.39889 0.00514992 -0.543793 0.1318 1.39889 0.00400549 0.591096 -0.000572213 -0.197414 -0.00324254 -0.000572213 0.39044 -0.249951 -0.001248 -0.200847 0.00133516 0.000190738 0.392729 -0.249621 0.000448977 
23 -0.00705719 0.00896454 0.0925078 -1.39889 0.00514992 -0.544938 0.130274 1.39889 0.00400549 0.593004 -0.000572213 -0.197414 -0.00324254 -0.000572213 0.39044 -0.249951 -0.001248 -0.200847 0.00133516 0.000190738 0.392729 -0.249621 0.000448977 
23 -0.00705719 0.00896454 0.0906004 -1.39889 0.00514992 -0.546845 0.128748 1.39928 0.00400549 0.596056 -0.000572213 -0.197414 -0.00324254 -0.000572213 0.39044 -0.249951 -0.001248 -0.200847 0.00133516 0.000190738 0.392729 -0.249621 0.000448977 
23 -0.00705719 0.00896454 0.0883116 -1.39889 0.00514992 -0.548371 0.126459 1.39928 0.00400549 0.597963 -0.000572213 -0.197414 -0.00324254 -0.000572213 0.39044 -0.249951 -0.001248 -0.200847 0.00133516 0.000190738 0.392729 -0.249621 0.000448977 
23 -0.00705719 0.00896454 0.0860227 -1.39889 0.00514992 -0.549897 0.124933 1.39928 0.00400549 0.600633 -0.000572213 -0.197414 -0.00324254 -0.000572213 0.39044 -0.249951 -0.001248 -0.200847 0.00133516 0.000190738 0.392729 -0.249621 0.000448977 
23 -0.00705719 0.00896454 0.0837339 -1.39889 0.00514992 -0.551423 0.123026 1.39928 0.00400549 0.602922 -0.000572213 -0.197414 -0.00324254 -0.000572213 0.39044 -0.249951 -0.001248 -0.200847 0.00133516 0.000190738 0.392729 -0.249621 0.000448977 
23 -0.00705719 0.00896454 0.0818265 -1.39889 0.00514992 -0.55333 0.121118 1.39928 0.00400549 0.605211 -0.000572213 -0.197414 -0.00324254 -0.000572213 0.39044 -0.249951 -0.001248 -0.200847 0.00133516 0.000190738 0.392729 -0.249621 0.000448977 
23 -0.00705719 0.00896454 0.0791562 -1.39889 0.00514992 -0.554856 0.119211 1.39928 0.00400549 0.608263 -0.000572213 -0.197414 -0.00324254 -0.000572213 0.39044 -0.249951 -0.001248 -0.200847 0.00133516 0.000190738 0.392729 -0.249621 0.000448977 
23 -0.00705719 0.00896454 0.0772488 -1.39889 0.00514992 -0.556382 0.117685 1.39889 0.00400549 0.610552 -0.000572213 -0.197414 -0.00324254 -0.000572213 0.39044 -0.249951 -0.001248 -0.200847 0.00133516 0.000190738 0.392729 -0.249621 0.000448977 
23 -0.00705719 0.00896454 0.0749599 -1.39889 0.00514992 -0.557908 0.116159 1.39889 0.00400549 0.61284 -0.000572213 -0.197414 -0.00324254 -0.000572213 0.39044 -0.249951 -0.001248 -0.200847 0.00133516 0.000190738 0.392729 -0.249621 0.000448977 
23 -0.00705719 0.00896454 0.0726711 -1.39889 0.00514992 -0.559815 0.11387 1.39889 0.00400549 0.615511 -0.000572213 -0.197414 -0.00324254 -0.000572213 0.39044 -0.249951 -0.001248 -0.200847 0.00133516 0.000190738 0.392729 -0.249621 0.000448977 
23 -0.00705719 0.00896454 0.0703822 -1.39889 0.00514992 -0.561341 0.112345 1.39889 0.00400549 0.6178 -0.000572213 -0.197414 -0.00324254 -0.000572213 0.39044 -0.249951 -0.001248 -0.200847 0.00133516 0.000190738 0.392729 -0.249621 0.000448977 
23 -0.00705719 0.00896454 0.0680934 -1.39889 0.00514992 -0.563249 0.110437 1.39889 0.00400549 0.621233 -0.000572213 -0.197414 -0.00324254 -0.000572213 0.39044 -0.249951 -0.001248 -0.200847 0.00133516 0.000190738 0.392729 -0.249621 0.000448977 
23 -0.00743866 0.00896454 0.066186 -1.39889 0.00514992 -0.565538 0.107767 1.39889 0.00400549 0.623522 -0.000572213 -0.197414 -0.00324254 -0.000572213 0.39044 -0.249951 -0.001248 -0.200847 0.00133516 0.000190738 0.392729 -0.249621 0.000448977 
23 -0.00705719 0.00896454 0.0635157 -1.39889 0.00514992 -0.567063 0.106241 1.39889 0.00400549 0.626574 -0.000572213 -0.197414 -0.00324254 -0.000572213 0.39044 -0.249951 -0.001248 -0.200847 0.00133516 0.000190738 0.392729 -0.249621 0.000448977 
23 -0.00705719 0.00896454 0.0612268 -1.39889 0.00514992 -0.568589 0.104715 1.39889 0.00400549 0.628862 -0.000572213 -0.197414 -0.00324254 -0.000572213 0.39044 -0.249951 -0.001248 -0.200847 0.00133516 0.000190738 0.392729 -0.249621 0.000448977 
23 -0.00705719 0.00896454 0.058938 -1.39889 0.00514992 -0.570497 0.102426 1.39889 0.00400549 0.631914 -0.000572213 -0.197414 -0.00324254 -0.000572213 0.39044 -0.249951 -0.001248 -0.200847 0.00133516 0.000190738 0.392729 -0.249621 0.000448977 
23 -0.00705719 0.00896454 0.0566491 -1.39889 0.00514992 -0.572786 0.100519 1.39889 0.00400549 0.634585 -0.000572213 -0.197414 -0.00324254 -0.000572213 0.39044 -0.249951 -0.001248 -0.200847 0.00133516 0.000190738 0.392729 -0.249621 0.000448977 
23 -0.00705719 0.00896454 0.0543603 -1.39889 0.00514992 -0.574311 0.0989929 1.39889 0.00400549 0.636873 -0.000572213 -0.197414 -0.00324254 -0.000572213 0.39044 -0.249951 -0.001248 -0.200847 0.00133516 0.000190738 0.392729 -0.249621 0.000448977 
23 -0.00705719 0.00896454 0.0516899 -1.39889 0.00514992 -0.576219 0.0967041 1.39889 0.00400549 0.640307 -0.000572213 -0.197414 -0.00324254 -0.000572213 0.39044 -0.249951 -0.001248 -0.200847 0.00133516 0.000190738 0.392729 -0.249621 0.000448977 
23 -0.00705719 0.00896454 0.0494011 -1.39889 0.00514992 -0.578508 0.0944152 1.39889 0.00400549 0.642596 -0.000572213 -0.197414 -0.00324254 -0.000572213 0.39044 -0.249951 -0.001248 -0.200847 0.00133516 0.000190738 0.392729 -0.249621 0.000448977 
23 -0.00705719 0.00896454 0.0471122 -1.39889 0.00514992 -0.580415 0.0928893 1.39889 0.00400549 0.646029 -0.000572213 -0.197414 -0.00324254 -0.000572213 0.39044 -0.249951 -0.001248 -0.200847 0.00133516 0.000190738 0.392729 -0.249621 0.000448977 
23 -0.00705719 0.00896454 0.0448234 -1.39889 0.00514992 -0.581941 0.0909819 1.39889 0.00400549 0.648699 -0.000572213 -0.197414 -0.00324254 -0.000572213 0.39044 -0.249951 -0.001248 -0.200847 0.00133516 0.000190738 0.392729 -0.249621 0.000448977 
23 -0.00705719 0.00896454 0.0425345 -1.39889 0.00514992 -0.584611 0.0886931 1.39889 0.00400549 0.652132 -0.000572213 -0.197414 -0.00324254 -0.000572213 0.39044 -0.250115 -0.00164817 -0.200847 0.00133516 0.000190738 0.392729 -0.249621 0.000448977 
23 -0.00705719 0.00896454 0.0402457 -1.39889 0.00514992 -0.586519 0.0867857 1.39889 0.00400549 0.654421 -0.000572213 -0.197414 -0.00324254 -0.000572213 0.39044 -0.250115 -0.00164773 -0.200847 0.00133516 0.000190738 0.392729 -0.249621 0.000448977 
23 -0.00705719 0.00896454 0.0375753 -1.39889 0.00514992 -0.588426 0.0852598 1.39889 0.00400549 0.658236 -0.000572213 -0.197414 -0.00324254 -0.000572213 0.39044 -0.249951 -0.00124844 -0.200847 0.00133516 0.000190738 0.392729 -0.249621 0.000448977 
23 -0.00743866 0.00896454 0.0352865 -1.39889 0.00514992 -0.590715 0.0825895 1.39851 0.00400549 0.660525 -0.000572213 -0.197414 -0.00324254 -0.000572213 0.39044 -0.249951 -0.001248 -0.200847 0.00133516 0.000190738 0.392729 -0.249621 0.000448977 
23 -0.00705719 0.00896454 0.0326162 -1.39889 0.00514992 -0.592622 0.0810636 1.39851 0.00400549 0.663958 -0.000572213 -0.197414 -0.00324254 -0.000572213 0.39044 -0.249951 -0.001248 -0.200847 0.00133516 0.000190738 0.392729 -0.249621 0.000448977 
23 -0.00705719 0.00896454 0.0303273 -1.39889 0.00514992 -0.594911 0.0791562 1.39851 0.00400549 0.666629 -0.000572213 -0.197414 -0.00324254 -0.000572213 0.39044 -0.249951 -0.001248 -0.200847 0.00133516 0.000190738 0.392729 -0.249621 0.000448977 
23 -0.00705719 0.00896454 0.0280385 -1.39889 0.00514992 -0.5972 0.0764858 1.39851 0.00400549 0.670443 -0.000572213 -0.197414 -0.00324254 -0.000572213 0.39044 -0.250115 -0.00164817 -0.200847 0.00133516 0.000190738 0.392729 -0.249621 0.000448977 
23 -0.00705719 0.00896454 0.0253681 -1.39889 0.00514992 -0.599107 0.0745785 1.39851 0.00400549 0.673114 -0.000572213 -0.197414 -0.00324254 -0.000572213 0.39044 -0.250115 -0.00164773 -0.200847 0.00133516 0.000190738 0.392729 -0.249621 0.000448977 
23 -0.00705719 0.00896454 0.0226978 -1.39889 0.00514992 -0.601396 0.0726711 1.39851 0.00400549 0.676547 -0.000572213 -0.197414 -0.00324254 -0.000572213 0.39044 -0.250115 -0.00164773 -0.201228 0.00133516 0.000190738 0.392729 -0.249621 0.000448977 
23 -0.00705719 0.00896454 0.0204089 -1.39889 0.00514992 -0.604067 0.0703822 1.39851 0.00400549 0.679217 -0.000572213 -0.197414 -0.00324254 -0.000572213 0.39044 -0.249951 -0.00124844 -0.200847 0.00133516 0.000190738 0.392729 -0.249621 0.000448977 
23 -0.00705719 0.00896454 0.0177386 -1.39889 0.00514992 -0.605974 0.0684749 1.39813 0.00400549 0.683032 -0.000572213 -0.197414 -0.00324254 -0.000572213 0.39044 -0.249951 -0.001248 -0.200847 0.00133516 0.000190738 0.392729 -0.249621 0.000448977 
23 -0.00705719 0.00896454 0.0154498 -1.39889 0.00514992 -0.608644 0.0665675 1.39813 0.00400549 0.685702 -0.000572213 -0.197414 -0.00324254 -0.000572213 0.39044 -0.249951 -0.001248 -0.200847 0.00133516 0.000190738 0.392729 -0.249621 0.000448977 
23 -0.00743866 0.00896454 0.0127794 -1.39889 0.00514992 -0.610933 0.0642786 1.39813 0.00400549 0.689517 -0.000572213 -0.197414 -0.00324254 -0.000572213 0.39044 -0.250115 -0.00164817 -0.200847 0.00133516 0.000190738 0.392729 -0.249621 0.000448977 
23 -0.00705719 0.00896454 0.0101091 -1.39889 0.00514992 -0.613222 0.0623713 1.39813 0.00400549 0.692187 -0.000572213 -0.197414 -0.00324254 -0.000572213 0.39044 -0.250115 -0.00164773 -0.200847 0.00133516 0.000190738 0.392729 -0.249621 0.000448977 
23 -0.00705719 0.00896454 0.00743877 -1.39851 0.00514992 -0.615892 0.0604639 1.39813 0.00400549 0.696002 -0.000572213 -0.197414 -0.00324254 -0.000572213 0.39044 -0.249951 -0.00124844 -0.200847 0.00133516 0.000190738 0.392729 -0.249621 0.000448977 
23 -0.00705719 0.00896454 0.00476844 -1.39851 0.00514992 -0.618181 0.0577935 1.39813 0.00400549 0.699054 -0.000572213 -0.197414 -0.00324254 -0.000572213 0.39044 -0.250115 -0.00164817 -0.200847 0.00133516 0.000190738 0.392729 -0.249621 0.000448977 
23 -0.00705719 0.00896454 0.00247959 -1.39851 0.00514992 -0.62047 0.0562676 1.39813 0.00400549 0.702487 -0.000572213 -0.197414 -0.00324254 -0.000572213 0.39044 -0.249951 -0.00124844 -0.200847 0.00133516 0.000190738 0.392729 -0.249621 0.000448977 
23 -0.00705719 0.00896454 -0.000190738 -1.39851 0.00514992 -0.62314 0.0543603 1.39813 0.00400549 0.705921 -0.000572213 -0.197414 -0.00324254 -0.000572213 0.39044 -0.249951 -0.001248 -0.200847 0.00133516 0.000190738 0.392729 -0.249621 0.000448977 
23 -0.00743866 0.00896454 -0.00286107 -1.39851 0.00514992 -0.625429 0.0516899 1.39813 0.00400549 0.709354 -0.000572213 -0.197414 -0.00324254 -0.000572213 0.39044 -0.249951 -0.001248 -0.200847 0.00133516 0.000190738 0.392729 -0.249621 0.000448977 
23 -0.00705719 0.00896454 -0.0055314 -1.39851 0.00514992 -0.628481 0.0497826 1.39813 0.00400549 0.712787 -0.000572213 -0.197414 -0.00324254 -0.000572213 0.39044 -0.249951 -0.001248 -0.200847 0.00133516 0.000190738 0.392729 -0.249621 0.000448977 
23 -0.00705719 0.00896454 -0.00820172 -1.39851 0.00514992 -0.630388 0.0478752 1.39813 0.00400549 0.71622 -0.000572213 -0.197414 -0.00324254 -0.000572213 0.39044 -0.249951 -0.001248 -0.200847 0.00133516 0.000190738 0.392729 -0.249621 0.000448977 
23 -0.00705719 0.00896454 -0.0108721 -1.39851 0.00514992 -0.633059 0.0452049 1.39775 0.00400549 0.720035 -0.000572213 -0.197414 -0.00324254 -0.000572213 0.39044 -0.249951 -0.001248 -0.200847 0.00133516 0.000190738 0.392729 -0.249621 0.000448977 
23 -0.00705719 0.00896454 -0.0135424 -1.39851 0.00514992 -0.635729 0.0432975 1.39775 0.00400549 0.723087 -0.000572213 -0.197414 -0.00324254 -0.000572213 0.39044 -0.249951 -0.001248 -0.200847 0.00133516 0.000190738 0.392729 -0.249621 0.000448977 
23 -0.00705719 0.00896454 -0.0162127 -1.39851 0.00514992 -0.638399 0.0413901 1.39775 0.00400549 0.726902 -0.000572213 -0.197414 -0.00324254 -0.000572213 0.39044 -0.249951 -0.001248 -0.201228 0.00133516 0.000190738 0.392729 -0.249621 0.000448977 
23 -0.00743866 0.00896454 -0.018883 -1.39851 0.00514992 -0.64107 0.0391012 1.39775 0.00400549 0.730335 -0.000572213 -0.197414 -0.00324254 -0.000572213 0.39044 -0.250115 -0.00164817 -0.200847 0.00133516 0.000190738 0.392729 -0.249621 0.000448977 
23 -0.00705719 0.00896454 -0.0211719 -1.39851 0.00514992 -0.64374 0.0371939 1.39775 0.00400549 0.73415 -0.000572213 -0.197414 -0.00324254 -0.000572213 0.39044 -0.250115 -0.00164773 -0.200847 0.00133516 0.000190738 0.392729 -0.249621 0.000448977 
23 -0.00705719 0.00896454 -0.0242237 -1.39851 0.00514992 -0.646792 0.034905 1.39775 0.00400549 0.737964 -0.000572213 -0.197414 -0.00324254 -0.000572213 0.39044 -0.250115 -0.00164773 -0.201228 0.00133516 0.000190738 0.392729 -0.249621 0.000448977 
23 -0.00705719 0.00896454 -0.026894 -1.39813 0.00514992 -0.649081 0.0322347 1.39775 0.00400549 0.741398 -0.000572213 -0.197414 -0.00324254 -0.000572213 0.39044 -0.250115 -0.00164773 -0.200847 0.00133516 0.000190738 0.392729 -0.249621 0.000448977 
23 -0.00705719 0.00896454 -0.0295644 -1.39813 0.00514992 -0.651751 0.0307088 1.39775 0.00400549 0.745594 -0.000572213 -0.197414 -0.00324254 -0.000572213 0.39044 -0.249951 -0.00124844 -0.200847 0.00133516 0.000190738 0.392729 -0.249621 0.000448977 
23 -0.00705719 0.00896454 -0.0322347 -1.39813 0.00514992 -0.654803 0.0284199 1.39775 0.00400549 0.748646 -0.000572213 -0.197414 -0.00324254 -0.000572213 0.39044 -0.249951 -0.001248 -0.201228 0.00133516 0.000190738 0.392729 -0.249621 0.000448977 
23 -0.00743866 0.00896454 -0.0352865 -1.39813 0.00514992 -0.657092 0.0261311 1.39775 0.00400549 0.752842 -0.000572213 -0.197414 -0.00324254 -0.000572213 0.39044 -0.249951 -0.001248 -0.200847 0.00133516 0.000190738 0.392729 -0.249621 0.000448977 
23 -0.00705719 0.00896454 -0.0379568 -1.39813 0.00514992 -0.660143 0.0242237 1.39775 0.00400549 0.756657 -0.000572213 -0.197414 -0.00324254 -0.000572213 0.39044 -0.249951 -0.001248 -0.200847 0.00133516 0.000190738 0.392729 -0.249621 0.000448977 
23 -0.00705719 0.00896454 -0.0406271 -1.39813 0.00514992 -0.662814 0.0219348 1.39775 0.00400549 0.760472 -0.000572213 -0.197414 -0.00324254 -0.000572213 0.39044 -0.249951 -0.001248 -0.200847 0.00133516 0.000190738 0.392729 -0.249621 0.000448977 
23 -0.00705719 0.00896454 -0.0432975 -1.39813 0.00514992 -0.665866 0.0192645 1.39775 0.00400549 0.764286 -0.000572213 -0.197414 -0.00324254 -0.000572213 0.39044 -0.249951 -0.001248 -0.200847 0.00133516 0.000190738 0.392729 -0.249621 0.000448977 
23 -0.00705719 0.00896454 -0.0459678 -1.39813 0.00514992 -0.668536 0.0173571 1.39775 0.00400549 0.768101 -0.000572213 -0.197414 -0.00324254 -0.000572213 0.39044 -0.249951 -0.001248 -0.200847 0.00133516 0.000190738 0.392729 -0.249621 0.000448977 
23 -0.00705719 0.00896454 -0.0490196 -1.39813 0.00514992 -0.671588 0.0150683 1.39775 0.00400549 0.772297 -0.000572213 -0.197414 -0.00324254 -0.000572213 0.39044 -0.249951 -0.001248 -0.200847 0.00133516 0.000190738 0.392729 -0.249621 0.000448977 
23 -0.00705719 0.00896454 -0.0520714 -1.39813 0.00514992 -0.674258 0.0127794 1.39775 0.00400549 0.776112 -0.000572213 -0.197414 -0.00324254 -0.000572213 0.39044 -0.249951 -0.001248 -0.200847 0.00133516 0.000190738 0.392729 -0.249621 0.000448977 
23 -0.00705719 0.00896454 -0.0547417 -1.39813 0.00514992 -0.677691 0.0104906 1.39775 0.00400549 0.779927 -0.000572213 -0.197414 -0.00324254 -0.000572213 0.39044 -0.249951 -0.001248 -0.200847 0.00133516 0.000190738 0.392729 -0.249621 0.000448977 
23 -0.00705719 0.00896454 -0.0577935 -1.39813 0.00514992 -0.680362 0.00782025 1.39775 0.00400549 0.784123 -0.000572213 -0.197414 -0.00324254 -0.000572213 0.39044 -0.249951 -0.001248 -0.200847 0.00133516 0.000190738 0.392729 -0.249621 0.000448977 
23 -0.00705719 0.00896454 -0.0608453 -1.39813 0.00514992 -0.683413 0.00591287 1.39775 0.00400549 0.788319 -0.000572213 -0.197414 -0.00324254 -0.000572213 0.39044 -0.249951 -0.001248 -0.200847 0.00133516 0.000190738 0.392729 -0.249621 0.000448977 
23 -0.00705719 0.00896454 -0.0635157 -1.39813 0.00514992 -0.686465 0.00400549 1.39775 0.00400549 0.792134 -0.000572213 -0.197414 -0.00324254 -0.000572213 0.39044 -0.249951 -0.001248 -0.200847 0.00133516 0.000190738 0.392729 -0.249621 0.000448977 
23 -0.00705719 0.00896454 -0.066186 -1.39813 0.00514992 -0.689517 0.00133516 1.39775 0.00400549 0.79633 -0.000572213 -0.197414 -0.00324254 -0.000572213 0.39044 -0.249951 -0.001248 -0.200847 0.00133516 0.000190738 0.392729 -0.249621 0.000448977 
23 -0.00743866 0.00896454 -0.0692378 -1.39813 0.00514992 -0.692569 -0.000953689 1.39775 0.00400549 0.800526 -0.000572213 -0.197414 -0.00324254 -0.000572213 0.39044 -0.249951 -0.001248 -0.200847 0.00133516 0.000190738 0.392729 -0.249621 0.000448977 
23 -0.00705719 0.00896454 -0.0722896 -1.39813 0.00514992 -0.695621 -0.00324254 1.39775 0.00400549 0.804341 -0.000572213 -0.197414 -0.00324254 -0.000572213 0.39044 -0.249951 -0.001248 -0.200847 0.00133516 0.000190738 0.392729 -0.249621 0.000448977 
23 -0.00705719 0.00896454 -0.0753414 -1.39813 0.00514992 -0.698672 -0.00591287 1.39775 0.00400549 0.808919 -0.000572213 -0.197414 -0.00324254 -0.000572213 0.39044 -0.249951 -0.001248 -0.200847 0.00133516 0.000190738 0.392729 -0.249621 0.000448977 
23 -0.00705719 0.00896454 -0.0783932 -1.39813 0.00514992 -0.702106 -0.00782025 1.39775 0.00400549 0.813115 -0.000572213 -0.197414 -0.00324254 -0.000572213 0.39044 -0.249951 -0.001248 -0.200847 0.00133516 0.000190738 0.392729 -0.249621 0.000448977 
23 -0.00743866 0.00896454 -0.0810636 -1.39813 0.00514992 -0.704776 -0.0104906 1.39775 0.00400549 0.81693 -0.000572213 -0.197414 -0.00324254 -0.000572213 0.39044 -0.250115 -0.00164817 -0.200847 0.00133516 0.000190738 0.392729 -0.249621 0.000448977 
23 -0.00705719 0.00896454 -0.0841154 -1.39813 0.00514992 -0.708209 -0.0127794 1.39775 0.00400549 0.821508 -0.000572213 -0.197414 -0.00324254 -0.000572213 0.39044 -0.250115 -0.00164773 -0.200847 0.00133516 0.000190738 0.392729 -0.249621 0.000448977 
23 -0.00705719 0.00896454 -0.0871672 -1.39813 0.00514992 -0.711261 -0.0150683 1.39775 0.00400549 0.826085 -0.000572213 -0.197414 -0.00324254 -0.000572213 0.39044 -0.250115 -0.00164773 -0.200847 0.00133516 0.000190738 0.392729 -0.249621 0.000448977 
23 -0.00705719 0.00896454 -0.090219 -1.39813 0.00514992 -0.714694 -0.0177386 1.39775 0.00400549 0.8299 -0.000572213 -0.197414 -0.00324254 -0.000572213 0.39044 -0.249951 -0.00124844 -0.200847 0.00133516 0.000190738 0.392729 -0.249621 0.000448977 
23 -0.00705719 0.00896454 -0.0932708 -1.39813 0.00514992 -0.717746 -0.0200275 1.39775 0.00400549 0.834478 -0.000572213 -0.197414 -0.00324254 -0.000572213 0.39044 -0.250115 -0.00164817 -0.200847 0.00133516 0.000190738 0.392729 -0.249621 0.000448977 
23 -0.00705719 0.00896454 -0.0963226 -1.39813 0.00514992 -0.721561 -0.0223163 1.39775 0.00400549 0.839055 -0.000572213 -0.197414 -0.00324254 -0.000572213 0.39044 -0.250115 -0.00164773 -0.200847 0.00133516 0.000190738 0.392729 -0.249621 0.000448977 
23 -0.00705719 0.00896454 -0.0993744 -1.39813 0.00514992 -0.724613 -0.0246052 1.39775 0.00400549 0.843252 -0.000572213 -0.197414 -0.00324254 -0.000572213 0.39044 -0.249951 -0.00124844 -0.200847 0.00133516 0.000190738 0.392729 -0.249621 0.000448977 
23 -0.00705719 0.00896454 -0.102426 -1.39813 0.00514992 -0.728046 -0.026894 1.39775 0.00400549 0.847448 -0.000572213 -0.197414 -0.00324254 -0.000572213 0.39044 -0.249951 -0.001248 -0.200847 0.00133516 0.000190738 0.392729 -0.249621 0.000448977 
23 -0.00705719 0.00896454 -0.105478 -1.39813 0.00514992 -0.731098 -0.0299458 1.39775 0.00400549 0.852026 -0.000572213 -0.197414 -0.00324254 -0.000572213 0.39044 -0.249951 -0.001248 -0.200847 0.00133516 0.000190738 0.392729 -0.249621 0.000448977 
23 -0.00705719 0.00896454 -0.10853 -1.39813 0.00514992 -0.734913 -0.0318532 1.39775 0.00400549 0.856603 -0.000572213 -0.197414 -0.00324254 -0.000572213 0.39044 -0.249951 -0.001248 -0.200847 0.00133516 0.000190738 0.392729 -0.249621 0.000448977 
23 -0.00705719 0.00896454 -0.111582 -1.39813 0.00514992 -0.738346 -0.0341421 1.39775 0.00400549 0.8608 -0.000572213 -0.197414 -0.00324254 -0.000572213 0.39044 -0.249951 -0.001248 -0.200847 0.00133516 0.000190738 0.392729 -0.249621 0.000448977 
23 -0.00705719 0.00896454 -0.114633 -1.39813 0.00514992 -0.741779 -0.0368124 1.39775 0.00400549 0.865377 -0.000572213 -0.197414 -0.00324254 -0.000572213 0.39044 -0.249951 -0.001248 -0.200847 0.00133516 0.000190738 0.392729 -0.249621 0.000448977 
23 -0.00705719 0.00896454 -0.118067 -1.39813 0.00514992 -0.745212 -0.0391012 1.39775 0.00400549 0.870336 -0.000572213 -0.197414 -0.00324254 -0.000572213 0.39044 -0.249951 -0.001248 -0.200847 0.00133516 0.000190738 0.392729 -0.249621 0.000448977 
23 -0.00705719 0.00896454 -0.121118 -1.39813 0.00514992 -0.748646 -0.0417716 1.39775 0.00400549 0.874151 -0.000572213 -0.197414 -0.00324254 -0.000572213 0.39044 -0.249951 -0.001248 -0.200847 0.00133516 0.000190738 0.392729 -0.249621 0.000448977 
23 -0.00705719 0.00896454 -0.124552 -1.39813 0.00514992 -0.752461 -0.0440604 1.39775 0.00400549 0.878729 -0.000572213 -0.197414 -0.00324254 -0.000572213 0.39044 -0.249951 -0.001248 -0.200847 0.00133516 0.000190738 0.392729 -0.249621 0.000448977 
23 -0.00705719 0.00896454 -0.127604 -1.39813 0.00514992 -0.755512 -0.0463493 1.39775 0.00400549 0.883688 -0.000572213 -0.197414 -0.00324254 -0.000572213 0.39044 -0.249951 -0.001248 -0.200847 0.00133516 0.000190738 0.392729 -0.249621 0.000448977 
23 -0.00705719 0.00896454 -0.130655 -1.39813 0.00514992 -0.759709 -0.0490196 1.39775 0.00400549 0.888266 -0.000572213 -0.197414 -0.00324254 -0.000572213 0.39044 -0.249951 -0.001248 -0.200847 0.00133516 0.000190738 0.392729 -0.249621 0.000448977 
23 -0.00705719 0.00896454 -0.133707 -1.39813 0.00514992 -0.763142 -0.0513085 1.39775 0.00400549 0.892844 -0.000572213 -0.197414 -0.00324254 -0.000572213 0.39044 -0.249951 -0.001248 -0.201228 0.00133516 0.000190738 0.392729 -0.249621 0.000448977 
23 -0.00705719 0.00896454 -0.13714 -1.39813 0.00514992 -0.766575 -0.0539788 1.39775 0.00400549 0.897421 -0.000572213 -0.197414 -0.00324254 -0.000572213 0.39044 -0.249951 -0.001248 -0.200847 0.00133516 0.000190738 0.392729 -0.249621 0.000448977 
23 -0.00705719 0.00896454 -0.140192 -1.39813 0.00514992 -0.77039 -0.0562676 1.39775 0.00400549 0.901999 -0.000572213 -0.197414 -0.00324254 -0.000572213 0.39044 -0.249951 -0.001248 -0.200847 0.00133516 0.000190738 0.392729 -0.249621 0.000448977 
23 -0.00705719 0.00896454 -0.143626 -1.39813 0.00514992 -0.774205 -0.0585565 1.39775 0.00400549 0.90734 -0.000572213 -0.197414 -0.00324254 -0.000572213 0.39044 -0.249951 -0.001248 -0.201228 0.00133516 0.000190738 0.392729 -0.249621 0.000448977 
23 -0.00705719 0.00896454 -0.147059 -1.39813 0.00514992 -0.778019 -0.0612268 1.39775 0.00400549 0.911536 -0.000572213 -0.197414 -0.00324254 -0.000572213 0.39044 -0.249951 -0.001248 -0.200847 0.00133516 0.000190738 0.392729 -0.249621 0.000448977 
23 -0.00705719 0.00896454 -0.150492 -1.39813 0.00514992 -0.781453 -0.0635157 1.39775 0.00400549 0.916114 -0.000572213 -0.197414 -0.00324254 -0.000572213 0.39044 -0.249951 -0.001248 -0.200847 0.00133516 0.000190738 0.392729 -0.249621 0.000448977 
23 -0.00705719 0.00896454 -0.153544 -1.39813 0.00514992 -0.785649 -0.066186 1.39775 0.00400549 0.921454 -0.000572213 -0.197414 -0.00324254 -0.000572213 0.39044 -0.250115 -0.00164817 -0.200847 0.00133516 0.000190738 0.392729 -0.249621 0.000448977 
23 -0.00705719 0.00896454 -0.156977 -1.39813 0.00514992 -0.789464 -0.0684749 1.39775 0.00400549 0.926032 -0.000572213 -0.197414 -0.00324254 -0.000572213 0.39044 -0.249951 -0.00124844 -0.200847 0.00133516 0.000190738 0.392729 -0.249621 0.000448977 
23 -0.00705719 0.00896454 -0.16041 -1.39813 0.00514992 -0.793278 -0.0703822 1.39775 0.00400549 0.930991 -0.000572213 -0.197414 -0.00324254 -0.000572213 0.39044 -0.249951 -0.001248 -0.200847 0.00133516 0.000190738 0.392729 -0.249621 0.000448977 
23 -0.00705719 0.00896454 -0.163844 -1.39813 0.00514992 -0.797093 -0.073434 1.39775 0.00400549 0.935569 -0.000572213 -0.197414 -0.00324254 -0.000572213 0.39044 -0.249951 -0.001248 -0.200847 0.00133516 0.000190738 0.392729 -0.249621 0.000448977 
23 -0.00705719 0.00896454 -0.167277 -1.39813 0.00514992 -0.800908 -0.0753414 1.39775 0.00400549 0.940528 -0.000572213 -0.197414 -0.00324254 -0.000572213 0.39044 -0.249951 -0.001248 -0.200847 0.00133516 0.000190738 0.392729 -0.249621 0.000448977 
23 -0.00705719 0.00896454 -0.170329 -1.39813 0.00514992 -0.804723 -0.0780118 1.39775 0.00400549 0.945869 -0.000190738 -0.197414 -0.00324254 -0.000572213 0.39044 -0.249951 -0.001248 -0.200847 0.00133516 0.000190738 0.392729 -0.249621 0.000448977 
23 -0.00705719 0.00896454 -0.174144 -1.39813 0.00514992 -0.808919 -0.0803006 1.39775 0.00400549 0.950828 -0.000190738 -0.197414 -0.00324254 -0.000572213 0.39044 -0.249951 -0.001248 -0.200847 0.00133516 0.000190738 0.392729 -0.249621 0.000448977 
23 -0.00705719 0.00896454 -0.177577 -1.39813 0.00514992 -0.812734 -0.0825895 1.39813 0.00400549 0.955406 -0.000190738 -0.197414 -0.00324254 -0.000572213 0.39044 -0.249951 -0.001248 -0.200847 0.00133516 0.000190738 0.392729 -0.249621 0.000448977 
23 -0.00705719 0.00896454 -0.18101 -1.39813 0.00514992 -0.81693 -0.0852598 1.39813 0.00438697 0.960365 -0.000190738 -0.197414 -0.00324254 -0.000572213 0.39044 -0.249951 -0.001248 -0.200847 0.00133516 0.000190738 0.392729 -0.249621 0.000448977 
23 -0.00705719 0.00896454 -0.184443 -1.39813 0.00514992 -0.821126 -0.0875486 1.39813 0.00438697 0.965324 -0.000190738 -0.197414 -0.00324254 -0.000572213 0.39044 -0.249951 -0.001248 -0.200847 0.00133516 0.000190738 0.392729 -0.249621 0.000448977 
23 -0.00705719 0.00896454 -0.187877 -1.39813 0.00514992 -0.824941 -0.0898375 1.39813 0.00438697 0.970665 -0.000190738 -0.197414 -0.00324254 -0.000572213 0.39044 -0.249951 -0.001248 -0.201228 0.00133516 0.000190738 0.392729 -0.249621 0.000448977 
23 -0.00705719 0.00896454 -0.19131 -1.39813 0.00514992 -0.829137 -0.0928893 1.39813 0.00438697 0.975624 -0.000190738 -0.197414 -0.00324254 -0.000572213 0.39044 -0.249951 -0.001248 -0.200847 0.00133516 0.000190738 0.392729 -0.249621 0.000448977 
23 -0.00705719 0.00896454 -0.195125 -1.39813 0.00514992 -0.832952 -0.0947967 1.39813 0.00438697 0.980583 -0.000190738 -0.197414 -0.00324254 -0.000572213 0.39044 -0.249951 -0.001248 -0.200847 0.00133516 0.000190738 0.392729 -0.249621 0.000448977 
23 -0.00705719 0.00896454 -0.198558 -1.39813 0.00514992 -0.837148 -0.097467 1.39813 0.00438697 0.985161 -0.000190738 -0.197414 -0.00324254 -0.000572213 0.39044 -0.249951 -0.001248 -0.200847 0.00133516 0.000190738 0.392729 -0.249621 0.000448977 
23 -0.00705719 0.00896454 -0.201991 -1.39813 0.00514992 -0.841344 -0.0997559 1.39813 0.00438697 0.990501 -0.000190738 -0.197414 -0.00324254 -0.000572213 0.39044 -0.249951 -0.001248 -0.201228 0.00133516 0.000190738 0.392729 -0.249621 0.000448977 
23 -0.00705719 0.00896454 -0.205806 -1.39813 0.00514992 -0.845159 -0.102045 1.39813 0.00476844 0.995842 -0.000190738 -0.197414 -0.00324254 -0.000572213 0.39044 -0.249951 -0.001248 -0.200847 0.00133516 0.000190738 0.392729 -0.249621 0.000448977 
23 -0.00705719 0.00896454 -0.209239 -1.39813 0.00514992 -0.849355 -0.105097 1.39813 0.00476844 1.0008 -0.000190738 -0.197414 -0.00324254 -0.000572213 0.39044 -0.249951 -0.001248 -0.201228 0.00133516 0.000190738 0.392729 -0.249621 0.000448977 
23 -0.00705719 0.00896454 -0.213054 -1.39813 0.00514992 -0.853552 -0.107004 1.39851 0.00476844 1.00576 -0.000190738 -0.197414 -0.00324254 -0.000572213 0.39044 -0.249951 -0.001248 -0.200847 0.00133516 0.000190738 0.392729 -0.249621 0.000448977 
23 -0.00705719 0.00896454 -0.216487 -1.39813 0.00514992 -0.857748 -0.109293 1.39851 0.00514992 1.01034 -0.000190738 -0.197414 -0.00324254 -0.000572213 0.39044 -0.249951 -0.001248 -0.200847 0.00133516 0.000190738 0.392729 -0.249621 0.000448977 
23 -0.00705719 0.00896454 -0.219921 -1.39813 0.00514992 -0.861944 -0.111963 1.39851 0.00514992 1.01568 -0.000190738 -0.197414 -0.00324254 -0.000572213 0.39044 -0.249951 -0.001248 -0.200847 0.00133516 0.000190738 0.392729 -0.249621 0.000448977 
23 -0.00705719 0.00896454 -0.223735 -1.39813 0.00514992 -0.86614 -0.114252 1.39851 0.0055314 1.02102 -0.000190738 -0.197414 -0.00324254 -0.000572213 0.39044 -0.249951 -0.001248 -0.200847 0.00133516 0.000190738 0.392729 -0.249621 0.000448977 
23 -0.00705719 0.00896454 -0.227169 -1.39813 0.00514992 -0.870336 -0.116922 1.39851 0.00591287 1.02598 -0.000190738 -0.197414 -0.00324254 -0.000572213 0.39044 -0.249951 -0.001248 -0.200847 0.00133516 0.000190738 0.392729 -0.249621 0.000448977 
23 -0.00743866 0.00896454 -0.230983 -1.39813 0.00514992 -0.874533 -0.11883 1.39889 0.00591287 1.03094 -0.000190738 -0.197414 -0.00324254 -0.000572213 0.39044 -0.249951 -0.001248 -0.200847 0.00133516 0.000190738 0.392729 -0.249621 0.000448977 
23 -0.00705719 0.00896454 -0.234798 -1.39851 0.00514992 -0.878729 -0.121118 1.39889 0.00629435 1.03552 -0.000190738 -0.197414 -0.00324254 -0.000572213 0.39044 -0.249951 -0.001248 -0.200847 0.00133516 0.000190738 0.392729 -0.249621 0.000448977 
23 -0.00705719 0.00896454 -0.238613 -1.39851 0.00514992 -0.882925 -0.123789 1.39889 0.00667582 1.04086 -0.000190738 -0.197414 -0.00324254 -0.000572213 0.39044 -0.250115 -0.00164817 -0.200847 0.00133516 0.000190738 0.392729 -0.249621 0.000448977 
23 -0.00705719 0.00896454 -0.242046 -1.39813 0.00514992 -0.88674 -0.126078 1.39889 0.0070573 1.0462 -0.000190738 -0.197414 -0.00324254 -0.000572213 0.39044 -0.250115 -0.00164773 -0.200847 0.00133516 0.000190738 0.392729 -0.249621 0.000448977 
23 -0.00705719 0.00896454 -0.24548 -1.39851 0.00514992 -0.891318 -0.128748 1.39889 0.0070573 1.05116 -0.000190738 -0.197414 -0.00324254 -0.000572213 0.39044 -0.250115 -0.00164773 -0.200847 0.00133516 0.000190738 0.392729 -0.249621 0.000448977 
23 -0.00705719 0.00896454 -0.249294 -1.39851 0.00514992 -0.895132 -0.131037 1.39928 0.00743877 1.05612 -0.000190738 -0.197414 -0.00324254 -0.000572213 0.39044 -0.249951 -0.00124844 -0.200847 0.00133516 0.000190738 0.392729 -0.249621 0.000448977 
23 -0.00705719 0.00896454 -0.253109 -1.39851 0.00514992 -0.899329 -0.132944 1.39928 0.00782025 1.06107 -0.000190738 -0.197414 -0.00324254 -0.000572213 0.39044 -0.249951 -0.001248 -0.200847 0.00133516 0.000190738 0.392729 -0.249621 0.000448977 
23 -0.00705719 0.00896454 -0.256924 -1.39813 0.00514992 -0.903525 -0.135615 1.39928 0.00782025 1.06603 -0.000190738 -0.197414 -0.00324254 -0.000572213 0.39044 -0.249951 -0.001248 -0.200847 0.00133516 0.000190738 0.392729 -0.249621 0.000448977 
23 -0.00705719 0.00896454 -0.260357 -1.39813 0.00514992 -0.907721 -0.137903 1.39928 0.00820172 1.07137 -0.000190738 -0.197414 -0.00324254 -0.000572213 0.39044 -0.249951 -0.001248 -0.200847 0.00133516 0.000190738 0.392729 -0.249621 0.000448977 
23 -0.00743866 0.00896454 -0.26379 -1.39813 0.00514992 -0.911917 -0.140192 1.39966 0.0085832 1.07671 -0.000190738 -0.197414 -0.00324254 -0.000572213 0.39044 -0.249951 -0.001248 -0.200847 0.00133516 0.000190738 0.392729 -0.249621 0.000448977 
23 -0.00705719 0.00896454 -0.267605 -1.39813 0.00514992 -0.916114 -0.142863 1.39966 0.0085832 1.08206 -0.000190738 -0.197414 -0.00324254 -0.000572213 0.39044 -0.249951 -0.001248 -0.200847 0.00133516 0.000190738 0.392729 -0.249621 0.000448977 
23 -0.00705719 0.00896454 -0.271038 -1.39813 0.00514992 -0.92031 -0.14477 1.39966 0.00896468 1.08701 -0.000190738 -0.197414 -0.00324254 -0.000572213 0.39044 -0.249951 -0.001248 -0.200847 0.00133516 0.000190738 0.392729 -0.249621 0.000448977 
23 -0.00705719 0.00896454 -0.274853 -1.39813 0.00514992 -0.924125 -0.147059 1.39966 0.00896468 1.09197 -0.000190738 -0.197414 -0.00324254 -0.000572213 0.39044 -0.249951 -0.001248 -0.200847 0.00133516 0.000190738 0.392729 -0.249621 0.000448977 
23 -0.00705719 0.00896454 -0.278286 -1.39813 0.00514992 -0.928321 -0.149348 1.40004 0.00934615 1.09731 -0.000190738 -0.197414 -0.00324254 -0.000572213 0.39044 -0.250115 -0.00164817 -0.200847 0.00133516 0.000190738 0.392729 -0.249621 0.000448977 
23 -0.00705719 0.00896454 -0.282101 -1.39813 0.00514992 -0.932517 -0.151255 1.40004 0.00934615 1.10266 -0.000190738 -0.197414 -0.00324254 -0.000572213 0.39044 -0.250115 -0.00164773 -0.200847 0.00133516 0.000190738 0.392729 -0.249621 0.000448977 
23 -0.00705719 0.00896454 -0.285916 -1.39813 0.00514992 -0.936332 -0.154307 1.40004 0.00972763 1.108 -0.000190738 -0.197414 -0.00324254 -0.000572213 0.39044 -0.250115 -0.00164773 -0.200847 0.00133516 0.000190738 0.392729 -0.249621 0.000448977 
23 -0.00705719 0.00896454 -0.289349 -1.39813 0.00514992 -0.940909 -0.156214 1.40042 0.00972763 1.11334 -0.000190738 -0.197414 -0.00324254 -0.000572213 0.39044 -0.249951 -0.00124844 -0.200847 0.00133516 0.000190738 0.392729 -0.249621 0.000448977 
23 -0.00705719 0.00896454 -0.293164 -1.39813 0.00514992 -0.944724 -0.158122 1.40042 0.00972763 1.11868 -0.000190738 -0.197414 -0.00324254 -0.000572213 0.39044 -0.249951 -0.001248 -0.200847 0.00133516 0.000190738 0.392729 -0.249621 0.000448977 
23 -0.00705719 0.00896454 -0.296979 -1.39813 0.00514992 -0.94892 -0.160792 1.40042 0.00972763 1.12364 -0.000190738 -0.197414 -0.00324254 -0.000572213 0.39044 -0.249951 -0.001248 -0.200847 0.00133516 0.000190738 0.392729 -0.249621 0.000448977 
23 -0.00705719 0.00896454 -0.300793 -1.39813 0.00514992 -0.953117 -0.163081 1.4008 0.00972763 1.12898 -0.000190738 -0.197414 -0.00324254 -0.000572213 0.39044 -0.249951 -0.001248 -0.200847 0.00133516 0.000190738 0.392729 -0.249621 0.000448977 
23 -0.00705719 0.00896454 -0.304227 -1.39813 0.00514992 -0.956931 -0.16537 1.4008 0.00972763 1.13432 -0.000190738 -0.197414 -0.00324254 -0.000572213 0.39044 -0.249951 -0.001248 -0.200847 0.00133516 0.000190738 0.392729 -0.249621 0.000448977 
23 -0.00743866 0.00896454 -0.30766 -1.39813 0.00514992 -0.961509 -0.167659 1.4008 0.00972763 1.13966 -0.000190738 -0.197414 -0.00324254 -0.000572213 0.39044 -0.249951 -0.001248 -0.200847 0.00133516 0.000190738 0.392729 -0.249621 0.000448977 
23 -0.00705719 0.00896454 -0.311856 -1.39813 0.00514992 -0.965705 -0.169566 1.4008 0.00972763 1.145 -0.000190738 -0.197414 -0.00324254 -0.000572213 0.39044 -0.249951 -0.001248 -0.200847 0.00133516 0.000190738 0.392729 -0.249621 0.000448977 
23 -0.00705719 0.00896454 -0.315671 -1.39813 0.00514992 -0.96952 -0.171855 1.40118 0.00972763 1.15034 -0.000190738 -0.197414 -0.00324254 -0.000572213 0.39044 -0.249951 -0.001248 -0.200847 0.00133516 0.000190738 0.392729 -0.249621 0.000448977 
23 -0.00705719 0.00896454 -0.319486 -1.39813 0.00514992 -0.973716 -0.174144 1.40118 0.00972763 1.15606 -0.000190738 -0.197414 -0.00324254 -0.000572213 0.39044 -0.249951 -0.001248 -0.200847 0.00133516 0.000190738 0.392729 -0.249621 0.000448977 
23 -0.00705719 0.00896454 -0.322919 -1.39813 0.00514992 -0.978294 -0.176432 1.40118 0.00972763 1.16102 -0.000190738 -0.197414 -0.00324254 -0.000572213 0.39044 -0.249951 -0.001248 -0.200847 0.00133516 0.000190738 0.392729 -0.249621 0.000448977 
23 -0.00705719 0.00896454 -0.326734 -1.39813 0.00514992 -0.982109 -0.179103 1.40118 0.00972763 1.16636 -0.000190738 -0.197414 -0.00324254 -0.000572213 0.39044 -0.249951 -0.001248 -0.200847 0.00133516 0.000190738 0.392729 -0.249621 0.000448977 
23 -0.00705719 0.00896454 -0.330549 -1.39813 0.00514992 -0.986305 -0.18101 1.40118 0.00972763 1.1717 0.000190738 -0.197414 -0.00324254 -0.000572213 0.39044 -0.249951 -0.001248 -0.200847 0.00133516 0.000190738 0.392729 -0.249621 0.000448977 
23 -0.00705719 0.00896454 -0.334363 -1.39851 0.00514992 -0.990501 -0.183299 1.40156 0.00972763 1.17704 0.000190738 -0.197414 -0.00324254 -0.000572213 0.39044 -0.249951 -0.001248 -0.200847 0.00133516 0.000190738 0.392729 -0.249621 0.000448977 
23 -0.00705719 0.00896454 -0.338178 -1.39851 0.00514992 -0.994698 -0.185969 1.40156 0.00972763 1.18276 0.000190738 -0.197414 -0.00324254 -0.000572213 0.39044 -0.249951 -0.001248 -0.200847 0.00133516 0.000190738 0.392729 -0.249621 0.000448977 
23 -0.00705719 0.00896454 -0.341993 -1.39851 0.00514992 -0.998894 -0.187877 1.40156 0.00972763 1.18849 0.000190738 -0.197414 -0.00324254 -0.000572213 0.39044 -0.249951 -0.001248 -0.200847 0.00133516 0.000190738 0.392729 -0.249621 0.000448977 
23 -0.00705719 0.00896454 -0.345808 -1.39851 0.00514992 -1.00309 -0.190547 1.40156 0.00972763 1.19421 0.000190738 -0.197414 -0.00324254 -0.000572213 0.39044 -0.249951 -0.001248 -0.200847 0.00133516 0.000190738 0.392729 -0.249621 0.000448977 
23 -0.00705719 0.00896454 -0.350004 -1.39851 0.0055314 -1.0069 -0.192836 1.40156 0.00972763 1.19917 0.000190738 -0.197414 -0.00324254 -0.000572213 0.39044 -0.249951 -0.001248 -0.200847 0.00133516 0.000190738 0.392729 -0.249621 0.000448977 
23 -0.00705719 0.00896454 -0.353819 -1.39851 0.0055314 -1.0111 -0.194743 1.40156 0.00972763 1.20451 0.000190738 -0.197414 -0.00324254 -0.000572213 0.39044 -0.249951 -0.001248 -0.200847 0.00133516 0.000190738 0.392729 -0.249621 0.000448977 
23 -0.00705719 0.00896454 -0.357252 -1.39851 0.0055314 -1.0153 -0.197414 1.40156 0.00972763 1.20985 0.000572213 -0.197414 -0.00324254 -0.000572213 0.39044 -0.249951 -0.001248 -0.200847 0.00133516 0.000190738 0.392729 -0.249621 0.000448977 
23 -0.00705719 0.00896454 -0.361448 -1.39851 0.0055314 -1.01949 -0.199702 1.40156 0.00972763 1.21557 0.000572213 -0.197414 -0.00324254 -0.000572213 0.39044 -0.249951 -0.001248 -0.200847 0.00133516 0.000190738 0.392729 -0.249621 0.000448977 
23 -0.00705719 0.00896454 -0.365263 -1.39851 0.0055314 -1.02369 -0.201991 1.40195 0.00972763 1.22129 0.000572213 -0.197414 -0.00324254 -0.000572213 0.39044 -0.249951 -0.001248 -0.200847 0.00133516 0.000190738 0.392729 -0.249621 0.000448977 
23 -0.00743866 0.00896454 -0.369459 -1.39889 0.0055314 -1.02789 -0.204662 1.40195 0.00972763 1.22702 0.000572213 -0.197414 -0.00324254 -0.000572213 0.39044 -0.250115 -0.00164817 -0.200847 0.00133516 0.000190738 0.392729 -0.249621 0.000448977 
23 -0.00705719 0.00896454 -0.373274 -1.39889 0.00591287 -1.0317 -0.206569 1.40195 0.00972763 1.23274 0.000953689 -0.197414 -0.00324254 -0.000572213 0.39044 -0.250115 -0.00164773 -0.200847 0.00133516 0.000190738 0.392729 -0.249621 0.000448977 
23 -0.00705719 0.00896454 -0.377089 -1.39889 0.00591287 -1.0359 -0.209239 1.40195 0.00972763 1.23808 0.000953689 -0.197414 -0.00324254 -0.000572213 0.39044 -0.249951 -0.00124844 -0.200847 0.00133516 0.000190738 0.392729 -0.249621 0.000448977 
23 -0.00705719 0.00896454 -0.381285 -1.39889 0.00591287 -1.04009 -0.211528 1.40195 0.00972763 1.2438 0.000953689 -0.197414 -0.00324254 -0.000572213 0.39044 -0.249951 -0.001248 -0.200847 0.00133516 0.000190738 0.392729 -0.249621 0.000448977 
23 -0.00705719 0.00896454 -0.3851 -1.39928 0.00629435 -1.04391 -0.213817 1.40195 0.00972763 1.24952 0.000953689 -0.197414 -0.00324254 -0.000572213 0.39044 -0.249951 -0.001248 -0.200847 0.00133516 0.000190738 0.392729 -0.249621 0.000448977 
23 -0.00705719 0.00896454 -0.388914 -1.39928 0.00629435 -1.0481 -0.216487 1.40195 0.00972763 1.25486 0.000953689 -0.197414 -0.00324254 -0.000572213 0.39044 -0.250115 -0.00164817 -0.200847 0.00133516 0.000190738 0.392729 -0.249621 0.000448977 
23 -0.00705719 0.00896454 -0.393111 -1.39928 0.00667582 -1.05268 -0.218776 1.40195 0.00972763 1.2602 0.00133516 -0.197414 -0.00324254 -0.000572213 0.39044 -0.249951 -0.00124844 -0.200847 0.00133516 0.000190738 0.392729 -0.249621 0.000448977 
23 -0.00705719 0.00896454 -0.396925 -1.39928 0.00667582 -1.05612 -0.221065 1.40195 0.0101091 1.26593 0.00133516 -0.197414 -0.00324254 -0.000572213 0.39044 -0.249951 -0.001248 -0.200847 0.00133516 0.000190738 0.392729 -0.249621 0.000448977 
23 -0.00705719 0.00896454 -0.401122 -1.39966 0.0070573 -1.06031 -0.223735 1.40195 0.0101091 1.27165 0.00133516 -0.197414 -0.00324254 -0.000572213 0.39044 -0.249951 -0.001248 -0.200847 0.00133516 0.000190738 0.392729 -0.249621 0.000448977 
23 -0.00705719 0.00896454 -0.404936 -1.39966 0.0070573 -1.06451 -0.226024 1.40195 0.0101091 1.27737 0.00133516 -0.197414 -0.00324254 -0.000572213 0.39044 -0.249951 -0.001248 -0.200847 0.00133516 0.000190738 0.392729 -0.249621 0.000448977 
23 -0.00743866 0.00896454 -0.408751 -1.39966 0.00743877 -1.06794 -0.229076 1.40195 0.0101091 1.28347 0.00133516 -0.197414 -0.00324254 -0.000572213 0.39044 -0.249951 -0.001248 -0.200847 0.00133516 0.000190738 0.392729 -0.249621 0.000448977 
23 -0.00705719 0.00896454 -0.412947 -1.40004 0.00782025 -1.07214 -0.231365 1.40233 0.0101091 1.28882 0.00133516 -0.197414 -0.00324254 -0.000572213 0.39044 -0.249951 -0.001248 -0.200847 0.00133516 0.000190738 0.392729 -0.249621 0.000448977 
23 -0.00705719 0.00896454 -0.417144 -1.40004 0.00782025 -1.07633 -0.233654 1.40233 0.0101091 1.29492 0.00133516 -0.197414 -0.00324254 -0.000572213 0.39044 -0.249951 -0.001248 -0.200847 0.00133516 0.000190738 0.392729 -0.249621 0.000448977 
23 -0.00743866 0.00896454 -0.420958 -1.40004 0.00820172 -1.07977 -0.236324 1.40233 0.0101091 1.30026 0.00133516 -0.197414 -0.00324254 -0.000572213 0.39044 -0.249951 -0.001248 -0.200847 0.00133516 0.000190738 0.392729 -0.249621 0.000448977 
23 -0.00705719 0.00896454 -0.425155 -1.40042 0.0085832 -1.08396 -0.238613 1.40233 0.0101091 1.30636 0.00133516 -0.197414 -0.00324254 -0.000572213 0.39044 -0.249951 -0.001248 -0.200847 0.00133516 0.000190738 0.392729 -0.249621 0.000448977 
23 -0.00743866 0.00896454 -0.429351 -1.40042 0.00934615 -1.08778 -0.241665 1.40233 0.0104906 1.3117 0.00133516 -0.197414 -0.00324254 -0.000572213 0.39044 -0.249951 -0.001248 -0.200847 0.00133516 0.000190738 0.392729 -0.249621 0.000448977 
23 -0.00743866 0.00896454 -0.433165 -1.4008 0.00972763 -1.09159 -0.243954 1.40233 0.0104906 1.31743 0.00171664 -0.197414 -0.00324254 -0.000572213 0.39044 -0.249951 -0.001248 -0.200847 0.00133516 0.000190738 0.392729 -0.249621 0.000448977 
23 -0.00743866 0.00896454 -0.437362 -1.4008 0.0101091 -1.09579 -0.246624 1.40233 0.0104906 1.32277 0.00171664 -0.197414 -0.00324254 -0.000572213 0.39044 -0.249951 -0.001248 -0.200847 0.00133516 0.000190738 0.392729 -0.249621 0.000448977 
23 -0.00743866 0.00896454 -0.441176 -1.40118 0.0104906 -1.09922 -0.249294 1.40233 0.0104906 1.32849 0.00171664 -0.197414 -0.00324254 -0.000572213 0.39044 -0.249951 -0.001248 -0.200847 0.00133516 0.000190738 0.392729 -0.249621 0.000448977 
23 -0.00705719 0.00896454 -0.445373 -1.40118 0.0104906 -1.10304 -0.251583 1.40233 0.0104906 1.33421 0.00171664 -0.197414 -0.00324254 -0.000572213 0.39044 -0.249951 -0.001248 -0.200847 0.00133516 0.000190738 0.392729 -0.249621 0.000448977 
23 -0.00743866 0.00896454 -0.449569 -1.40118 0.0108721 -1.10647 -0.254635 1.40233 0.0108721 1.33993 0.00209812 -0.197414 -0.00324254 -0.000572213 0.39044 -0.249951 -0.001248 -0.200847 0.00133516 0.000190738 0.392729 -0.249621 0.000448977 
23 -0.00705719 0.00896454 -0.453765 -1.40156 0.0112535 -1.11028 -0.256924 1.40233 0.0108721 1.34565 0.00209812 -0.197414 -0.00324254 -0.000572213 0.39044 -0.249951 -0.001248 -0.200847 0.00133516 0.000190738 0.392729 -0.249621 0.000448977 
23 -0.00743866 0.00896454 -0.45758 -1.40156 0.0120165 -1.11448 -0.259976 1.40233 0.0108721 1.35138 0.00247959 -0.197414 -0.00324254 -0.000572213 0.39044 -0.249951 -0.001248 -0.200847 0.00133516 0.000190738 0.392729 -0.249621 0.000448977 
23 -0.00705719 0.00896454 -0.462158 -1.40156 0.012398 -1.11753 -0.262646 1.40233 0.0112535 1.3571 0.00247959 -0.197414 -0.00324254 -0.000572213 0.39044 -0.250115 -0.00164817 -0.200847 0.00133516 0.000190738 0.392729 -0.249621 0.000448977 
23 -0.00705719 0.00896454 -0.465972 -1.40195 0.0131609 -1.12173 -0.265316 1.40233 0.0112535 1.36282 0.00247959 -0.197414 -0.00324254 -0.000572213 0.39044 -0.249951 -0.00124844 -0.200847 0.00133516 0.000190738 0.392729 -0.249621 0.000448977 
23 -0.00705719 0.00896454 -0.470169 -1.40195 0.0135424 -1.12516 -0.267987 1.40233 0.0112535 1.36816 0.00247959 -0.197414 -0.00324254 -0.000572213 0.39044 -0.249951 -0.001248 -0.200847 0.00133516 0.000190738 0.392729 -0.249621 0.000448977 
23 -0.00705719 0.00896454 -0.474365 -1.40233 0.0143053 -1.1286 -0.270657 1.40233 0.011635 1.37388 0.00247959 -0.197414 -0.00324254 -0.000572213 0.39044 -0.249951 -0.001248 -0.200847 0.00133516 0.000190738 0.392729 -0.249621 0.000448977 
23 -0.00705719 0.00896454 -0.478561 -1.40233 0.0154498 -1.13241 -0.273709 1.40271 0.011635 1.37922 0.00286107 -0.197414 -0.00324254 -0.000572213 0.39044 -0.249951 -0.001248 -0.200847 0.00133516 0.000190738 0.392729 -0.249621 0.000448977 
23 -0.00705719 0.00896454 -0.482376 -1.40271 0.0162127 -1.13584 -0.276379 1.40271 0.0120165 1.38457 0.00286107 -0.197414 -0.00324254 -0.000572213 0.39044 -0.249951 -0.001248 -0.200847 0.00133516 0.000190738 0.392729 -0.249621 0.000448977 
23 -0.00705719 0.00896454 -0.486954 -1.40271 0.0169757 -1.13966 -0.279812 1.40271 0.0120165 1.39029 0.00286107 -0.197414 -0.00324254 -0.000572213 0.39044 -0.249951 -0.001248 -0.200847 0.00133516 0.000190738 0.392729 -0.249621 0.000448977 
23 -0.00743866 0.00896454 -0.49115 -1.40309 0.0177386 -1.14271 -0.282483 1.40271 0.012398 1.39601 0.00286107 -0.197414 -0.00324254 -0.000572213 0.39044 -0.249951 -0.001248 -0.200847 0.00133516 0.000190738 0.392729 -0.249621 0.000448977 
23 -0.00705719 0.00896454 -0.494965 -1.40309 0.0185016 -1.14652 -0.285534 1.40271 0.012398 1.40173 0.00286107 -0.197414 -0.00324254 -0.000572213 0.39044 -0.249951 -0.001248 -0.200847 0.00133516 0.000190738 0.392729 -0.249621 0.000448977 
23 -0.00705719 0.00896454 -0.499542 -1.40347 0.0192645 -1.14996 -0.288205 1.40271 0.0127794 1.40745 0.00286107 -0.197414 -0.00324254 -0.000572213 0.39044 -0.249951 -0.001248 -0.200847 0.00133516 0.000190738 0.392729 -0.249621 0.000448977 
23 -0.00705719 0.00896454 -0.503738 -1.40385 0.0204089 -1.15339 -0.291638 1.40271 0.0131609 1.41279 0.00286107 -0.197414 -0.00324254 -0.000572213 0.39044 -0.249951 -0.001248 -0.200847 0.00133516 0.000190738 0.392729 -0.249621 0.000448977 
23 -0.00743866 0.00896454 -0.507553 -1.40385 0.0215534 -1.15644 -0.294308 1.40309 0.0135424 1.41852 0.00286107 -0.197414 -0.00324254 -0.000572213 0.39044 -0.249951 -0.001248 -0.200847 0.00133516 0.000190738 0.392729 -0.249621 0.000448977 
23 -0.00705719 0.00896454 -0.512131 -1.40424 0.0226978 -1.15988 -0.297742 1.40309 0.0135424 1.42386 0.00286107 -0.197414 -0.00324254 -0.000572213 0.39044 -0.249951 -0.001248 -0.200847 0.00133516 0.000190738 0.392729 -0.249621 0.000448977 
23 -0.00705719 0.00896454 -0.516327 -1.40462 0.0234607 -1.16331 -0.300793 1.40309 0.0139239 1.42958 0.00286107 -0.197414 -0.00324254 -0.000572213 0.39044 -0.249951 -0.001248 -0.200847 0.00133516 0.000190738 0.392729 -0.249621 0.000448977 
23 -0.00705719 0.00896454 -0.520523 -1.405 0.0242237 -1.16636 -0.304227 1.40309 0.0143053 1.43454 0.00286107 -0.197414 -0.00324254 -0.000572213 0.39044 -0.249951 -0.001248 -0.200847 0.00133516 0.000190738 0.392729 -0.249621 0.000448977 
23 -0.00705719 0.00896454 -0.52472 -1.40538 0.0249866 -1.16941 -0.306897 1.40309 0.0146868 1.44026 0.00286107 -0.197414 -0.00324254 -0.000572213 0.39044 -0.249951 -0.001248 -0.200847 0.00133516 0.000190738 0.392729 -0.249621 0.000448977 
23 -0.00705719 0.00896454 -0.528916 -1.40576 0.0261311 -1.17247 -0.31033 1.40309 0.0154498 1.4456 0.00286107 -0.197414 -0.00324254 -0.000572213 0.39044 -0.249951 -0.001248 -0.200847 0.00133516 0.000190738 0.392729 -0.249621 0.000448977 
23 -0.00705719 0.00896454 -0.533112 -1.40614 0.0272755 -1.1759 -0.313382 1.40347 0.0158312 1.45094 0.00286107 -0.197414 -0.00324254 -0.000572213 0.39044 -0.249951 -0.001248 -0.200847 0.00133516 0.000190738 0.392729 -0.249621 0.000448977 
23 -0.00705719 0.00896454 -0.537308 -1.40614 0.0284199 -1.17857 -0.317197 1.40347 0.0165942 1.45666 0.00286107 -0.197414 -0.00324254 -0.000572213 0.39044 -0.249951 -0.001248 -0.200847 0.00133516 0.000190738 0.392729 -0.249621 0.000448977 
23 -0.00705719 0.00896454 -0.541505 -1.40652 0.0295644 -1.18162 -0.319867 1.40347 0.0173571 1.46201 0.00286107 -0.197414 -0.00324254 -0.000572213 0.39044 -0.250115 -0.00164817 -0.200847 0.00133516 0.000190738 0.392729 -0.249621 0.000448977 
23 -0.00705719 0.00896454 -0.545319 -1.40691 0.0303273 -1.18467 -0.323301 1.40347 0.0181201 1.46735 0.00247959 -0.197414 -0.00324254 -0.000572213 0.39044 -0.249951 -0.00124844 -0.200847 0.00133516 0.000190738 0.392729 -0.249621 0.000448977 
23 -0.00705719 0.00896454 -0.549897 -1.40767 0.0314717 -1.18772 -0.326734 1.40385 0.018883 1.4723 0.00247959 -0.197414 -0.00324254 -0.000572213 0.39044 -0.249951 -0.001248 -0.200847 0.00133516 0.000190738 0.392729 -0.249621 0.000448977 
23 -0.00705719 0.00896454 -0.553712 -1.40805 0.0326162 -1.19039 -0.330167 1.40385 0.019646 1.47765 0.00247959 -0.197414 -0.00324254 -0.000572213 0.39044 -0.249951 -0.001248 -0.200847 0.00133516 0.000190738 0.392729 -0.249621 0.000448977 
23 -0.00705719 0.00896454 -0.557908 -1.40843 0.0341421 -1.19306 -0.3336 1.40385 0.0204089 1.48299 0.00247959 -0.197414 -0.00324254 -0.000572213 0.39044 -0.249951 -0.001248 -0.200847 0.00133516 0.000190738 0.392729 -0.249621 0.000448977 
23 -0.00705719 0.00896454 -0.562104 -1.40881 0.0352865 -1.19612 -0.337034 1.40385 0.0211719 1.48795 0.00247959 -0.197414 -0.00324254 -0.000572213 0.39044 -0.250115 -0.00164817 -0.200847 0.00133516 0.000190738 0.392729 -0.249621 0.000448977 
23 -0.00705719 0.00896454 -0.5663 -1.40919 0.0364309 -1.19879 -0.340467 1.40385 0.0219348 1.49367 0.00247959 -0.197414 -0.00324254 -0.000572213 0.39044 -0.249951 -0.00124844 -0.200847 0.00133516 0.000190738 0.392729 -0.249621 0.000448977 
23 -0.00705719 0.00896454 -0.570115 -1.40996 0.0375753 -1.20184 -0.3439 1.40385 0.0226978 1.49825 0.00247959 -0.197414 -0.00324254 -0.000572213 0.39044 -0.249951 -0.001248 -0.200847 0.00133516 0.000190738 0.392729 -0.249621 0.000448977 
23 -0.00743866 0.00896454 -0.574311 -1.41072 0.0387198 -1.20413 -0.347333 1.40385 0.0234607 1.5032 0.00209812 -0.197414 -0.00324254 -0.000572213 0.39044 -0.249951 -0.001248 -0.200847 0.00133516 0.000190738 0.392729 -0.249621 0.000448977 
23 -0.00705719 0.00896454 -0.578508 -1.41148 0.0402457 -1.2068 -0.350767 1.40424 0.0238422 1.50816 0.00209812 -0.197414 -0.00324254 -0.000572213 0.39044 -0.249951 -0.001248 -0.200847 0.00133516 0.000190738 0.392729 -0.249621 0.000448977 
23 -0.00743866 0.00896454 -0.581941 -1.41225 0.0413901 -1.20947 -0.354582 1.40424 0.0249866 1.51312 0.00209812 -0.197414 -0.00324254 -0.000572213 0.39044 -0.249951 -0.001248 -0.200847 0.00133516 0.000190738 0.392729 -0.249621 0.000448977 
23 -0.00705719 0.00896454 -0.586137 -1.41263 0.0425345 -1.21176 -0.357252 1.40424 0.0257496 1.51846 0.00209812 -0.197414 -0.00324254 -0.000572213 0.39044 -0.249951 -0.001248 -0.200847 0.00133516 0.000190738 0.392729 -0.249621 0.000448977 
23 -0.00705719 0.00896454 -0.590333 -1.41339 0.0440604 -1.21443 -0.361067 1.40462 0.0261311 1.52266 0.00209812 -0.197414 -0.00324254 -0.000572213 0.39044 -0.249951 -0.001248 -0.200847 0.00133516 0.000190738 0.392729 -0.249621 0.000448977 
23 -0.00705719 0.00896454 -0.594148 -1.41377 0.0452049 -1.21633 -0.364881 1.40462 0.026894 1.52724 0.00209812 -0.197414 -0.00324254 -0.000572213 0.39044 -0.249951 -0.001248 -0.200847 0.00133516 0.000190738 0.392729 -0.249621 0.000448977 
23 -0.00705719 0.00896454 -0.597963 -1.41453 0.0467308 -1.21901 -0.368315 1.405 0.027657 1.5322 0.00171664 -0.197414 -0.00324254 -0.000572213 0.39044 -0.249951 -0.001248 -0.200847 0.00133516 0.000190738 0.392729 -0.249621 0.000448977 
23 -0.00705719 0.00896454 -0.601778 -1.4153 0.0482567 -1.22129 -0.372129 1.405 0.0284199 1.53677 0.00171664 -0.197414 -0.00324254 -0.000572213 0.39044 -0.249951 -0.001248 -0.200847 0.00133516 0.000190738 0.392729 -0.249621 0.000448977 
23 -0.00705719 0.00896454 -0.605592 -1.41568 0.0494011 -1.22358 -0.375563 1.40538 0.0291829 1.54135 0.00171664 -0.197414 -0.00324254 -0.000572213 0.39044 -0.249951 -0.001248 -0.200847 0.00133516 0.000190738 0.392729 -0.249621 0.000448977 
23 -0.00705719 0.00896454 -0.609407 -1.41682 0.050927 -1.22587 -0.379377 1.40538 0.0303273 1.54593 0.00171664 -0.197414 -0.00324254 -0.000572213 0.39044 -0.249951 -0.001248 -0.200847 0.00133516 0.000190738 0.392729 -0.249621 0.000448977 
23 -0.00705719 0.00896454 -0.61284 -1.41759 0.0524529 -1.22778 -0.382811 1.40576 0.0310903 1.55013 0.00171664 -0.197414 -0.00324254 -0.000572213 0.39044 -0.249951 -0.001248 -0.200847 0.00133516 0.000190738 0.392729 -0.249621 0.000448977 
23 -0.00705719 0.00896454 -0.616274 -1.41835 0.0539788 -1.22969 -0.386625 1.40614 0.0322347 1.55509 0.00171664 -0.197414 -0.00324254 -0.000572213 0.39044 -0.249951 -0.001248 -0.200847 0.00133516 0.000190738 0.392729 -0.249621 0.000448977 
23 -0.00705719 0.00896454 -0.619707 -1.41873 0.0555047 -1.23198 -0.390822 1.40614 0.0329976 1.5589 0.00133516 -0.197414 -0.00324254 -0.000572213 0.39044 -0.249951 -0.001248 -0.200847 0.00133516 0.000190738 0.392729 -0.249621 0.000448977 
23 -0.00705719 0.00896454 -0.623522 -1.41949 0.0570306 -1.23388 -0.394255 1.40652 0.0337606 1.56348 0.00133516 -0.197414 -0.00324254 -0.000572213 0.39044 -0.249951 -0.001248 -0.200847 0.00133516 0.000190738 0.392729 -0.249621 0.000448977 
23 -0.00705719 0.00896454 -0.626955 -1.42064 0.0585565 -1.23579 -0.39807 1.40691 0.0345235 1.56806 0.00133516 -0.197414 -0.00324254 -0.000572213 0.39044 -0.249951 -0.001248 -0.200847 0.00133516 0.000190738 0.392729 -0.249621 0.000448977 
23 -0.00705719 0.00896454 -0.630388 -1.4214 0.0604639 -1.2377 -0.401884 1.40691 0.035668 1.57187 0.000953689 -0.197414 -0.00324254 -0.000572213 0.39044 -0.249951 -0.001248 -0.200847 0.00133516 0.000190738 0.392729 -0.249621 0.000448977 
23 -0.00705719 0.00896454 -0.633822 -1.42216 0.0616083 -1.2396 -0.405699 1.40729 0.0364309 1.57645 0.000953689 -0.197414 -0.00324254 -0.000572213 0.39044 -0.249951 -0.001248 -0.200847 0.00133516 0.000190738 0.392729 -0.249621 0.000448977 
23 -0.00705719 0.00896454 -0.637255 -1.42331 0.0631342 -1.24113 -0.409895 1.40767 0.0371939 1.58064 0.000572213 -0.197414 -0.00324254 -0.000572213 0.39044 -0.249951 -0.001248 -0.200847 0.00133516 0.000190738 0.392729 -0.249621 0.000448977 
23 -0.00705719 0.00896454 -0.640688 -1.42445 0.0646601 -1.24266 -0.413329 1.40767 0.0379568 1.58446 0.000572213 -0.197414 -0.00324254 -0.000572213 0.39044 -0.249951 -0.001248 -0.200847 0.00133516 0.000190738 0.392729 -0.249621 0.000448977 
23 -0.00705719 0.00896454 -0.64374 -1.42522 0.0665675 -1.24456 -0.417144 1.40805 0.0387198 1.58865 0.000572213 -0.197414 -0.00324254 -0.000572213 0.39044 -0.249951 -0.001248 -0.200847 0.00133516 0.000190738 0.392729 -0.249621 0.000448977 
23 -0.00705719 0.00896454 -0.647173 -1.42598 0.0680934 -1.24647 -0.42134 1.40805 0.0394827 1.59323 0.000190738 -0.197414 -0.00324254 -0.000572213 0.39044 -0.249951 -0.001248 -0.200847 0.00133516 0.000190738 0.392729 -0.249621 0.000448977 
23 -0.00705719 0.00896454 -0.650607 -1.42674 0.0692378 -1.248 -0.425155 1.40843 0.0402457 1.59628 0.000190738 -0.197414 -0.00324254 -0.000572213 0.39044 -0.249951 -0.001248 -0.200847 0.00133516 0.000190738 0.392729 -0.249621 0.000448977 
23 -0.00705719 0.00896454 -0.653658 -1.42751 0.0711452 -1.24952 -0.429351 1.40843 0.0413901 1.60086 0.000190738 -0.197414 -0.00324254 -0.000572213 0.39044 -0.249951 -0.001248 -0.200847 0.00133516 0.000190738 0.392729 -0.249621 0.000448977 
23 -0.00705719 0.00896454 -0.65671 -1.42827 0.0726711 -1.25143 -0.433165 1.40843 0.042153 1.60506 0.000190738 -0.197414 -0.00324254 -0.000572213 0.39044 -0.249951 -0.001248 -0.200847 0.00133516 0.000190738 0.392729 -0.249621 0.000448977 
23 -0.00705719 0.00896454 -0.660143 -1.42941 0.0738155 -1.25257 -0.43698 1.40881 0.042916 1.60849 -0.000190738 -0.197414 -0.00324254 -0.000572213 0.39044 -0.249951 -0.001248 -0.200847 0.00133516 0.000190738 0.392729 -0.249621 0.000448977 
23 -0.00705719 0.00896454 -0.663195 -1.43056 0.0753414 -1.2541 -0.441558 1.40881 0.0440604 1.61231 -0.000190738 -0.197414 -0.00324254 -0.000572213 0.39044 -0.249951 -0.001248 -0.200847 0.00133516 0.000190738 0.392729 -0.249621 0.000448977 
23 -0.00705719 0.00896454 -0.666247 -1.43132 0.0772488 -1.25563 -0.444991 1.40919 0.0448234 1.61612 -0.000190738 -0.197414 -0.00324254 -0.000572213 0.39044 -0.249951 -0.001248 -0.200847 0.00133516 0.000190738 0.392729 -0.249621 0.000448977 
23 -0.00705719 0.00896454 -0.669299 -1.43208 0.0791562 -1.25753 -0.449569 1.40919 0.0455863 1.61994 -0.000572213 -0.197414 -0.00324254 -0.000572213 0.39044 -0.249951 -0.001248 -0.200847 0.00133516 0.000190738 0.392729 -0.249621 0.000448977 
23 -0.00705719 0.00896454 -0.672732 -1.43323 0.0806821 -1.25868 -0.453765 1.40958 0.0463493 1.62375 -0.000572213 -0.197414 -0.00324254 -0.000572213 0.39044 -0.249951 -0.001248 -0.200847 0.00133516 0.000190738 0.392729 -0.249621 0.000448977 
23 -0.00705719 0.00896454 -0.675784 -1.43399 0.082208 -1.2602 -0.45758 1.40958 0.0471122 1.6268 -0.000572213 -0.197414 -0.00324254 -0.000572213 0.39044 -0.249951 -0.001248 -0.200847 0.00133516 0.000190738 0.392729 -0.249621 0.000448977 
23 -0.00705719 0.00896454 -0.678836 -1.43513 0.0837339 -1.26173 -0.461776 1.40996 0.0478752 1.631 -0.000572213 -0.197414 -0.00324254 -0.000572213 0.39044 -0.249951 -0.001248 -0.200847 0.00133516 0.000190738 0.392729 -0.249621 0.000448977 
23 -0.00705719 0.00896454 -0.681888 -1.43666 0.0856413 -1.26364 -0.466354 1.40996 0.0486381 1.63405 -0.000572213 -0.197414 -0.00324254 -0.000572213 0.39044 -0.249951 -0.001248 -0.201228 0.00133516 0.000190738 0.392729 -0.249621 0.000448977 
23 -0.00705719 0.00896454 -0.685702 -1.4378 0.0871672 -1.26478 -0.470169 1.41034 0.0494011 1.63748 -0.000572213 -0.197414 -0.00324254 -0.000572213 0.39044 -0.249951 -0.001248 -0.200847 0.00133516 0.000190738 0.392729 -0.249621 0.000448977 
23 -0.00705719 0.00896454 -0.688754 -1.43857 0.0886931 -1.26593 -0.474365 1.41034 0.0497826 1.64054 -0.000572213 -0.197414 -0.00324254 -0.000572213 0.39044 -0.249951 -0.001248 -0.200847 0.00133516 0.000190738 0.392729 -0.249621 0.000448977 
23 -0.00705719 0.00896454 -0.692187 -1.43971 0.0906004 -1.26745 -0.478943 1.41072 0.0505455 1.64397 -0.000572213 -0.197414 -0.00324254 -0.000572213 0.39044 -0.249951 -0.001248 -0.200847 0.00133516 0.000190738 0.392729 -0.249621 0.000448977 
23 -0.00705719 0.00896454 -0.695239 -1.44048 0.0921263 -1.26898 -0.482757 1.41072 0.0513085 1.64702 -0.000953689 -0.197414 -0.00324254 -0.000572213 0.39044 -0.249951 -0.001248 -0.200847 0.00133516 0.000190738 0.392729 -0.249621 0.000448977 
23 -0.00705719 0.00896454 -0.698672 -1.44162 0.0936522 -1.2705 -0.487335 1.4111 0.0516899 1.65045 -0.000953689 -0.197414 -0.00324254 -0.000572213 0.39044 -0.249951 -0.001248 -0.200847 0.00133516 0.000190738 0.392729 -0.249621 0.000448977 
23 -0.00705719 0.00896454 -0.701724 -1.44276 0.0951781 -1.27165 -0.491913 1.41148 0.0524529 1.65312 -0.000953689 -0.197414 -0.00324254 -0.000572213 0.39044 -0.249951 -0.001248 -0.200847 0.00133516 0.000190738 0.392729 -0.249621 0.000448977 
23 -0.00705719 0.00896454 -0.704776 -1.44353 0.0967041 -1.27279 -0.495727 1.41186 0.0532158 1.65618 -0.00133516 -0.197414 -0.00324254 -0.000572213 0.39044 -0.249951 -0.001248 -0.200847 0.00133516 0.000190738 0.392729 -0.249621 0.000448977 
23 -0.00705719 0.00896454 -0.708209 -1.44429 0.09823 -1.27394 -0.499924 1.41225 0.0539788 1.65885 -0.00133516 -0.197414 -0.00324254 -0.000572213 0.39044 -0.249951 -0.001248 -0.200847 0.00133516 0.000190738 0.392729 -0.249621 0.000448977 
23 -0.00705719 0.00896454 -0.711261 -1.44543 0.0993744 -1.27546 -0.504501 1.41263 0.0547417 1.6619 -0.00171664 -0.197414 -0.00324254 -0.000572213 0.39044 -0.249951 -0.001248 -0.200847 0.00133516 0.000190738 0.392729 -0.249621 0.000448977 
23 -0.00705719 0.00896454 -0.714313 -1.4462 0.1009 -1.27661 -0.508698 1.41301 0.0555047 1.66419 -0.00171664 -0.197414 -0.00324254 -0.000572213 0.39044 -0.249951 -0.001248 -0.200847 0.00133516 0.000190738 0.392729 -0.249621 0.000448977 
23 -0.00705719 0.00896454 -0.717746 -1.44696 0.102426 -1.27737 -0.512894 1.41339 0.0562676 1.66724 -0.00209812 -0.197414 -0.00324254 -0.000572213 0.39044 -0.249951 -0.001248 -0.200847 0.00133516 0.000190738 0.392729 -0.249621 0.000448977 
23 -0.00705719 0.00896454 -0.720417 -1.4481 0.103571 -1.27813 -0.517472 1.41377 0.0570306 1.66953 -0.00209812 -0.197414 -0.00324254 -0.000572213 0.39044 -0.249951 -0.001248 -0.200847 0.00133516 0.000190738 0.392729 -0.249621 0.000448977 
23 -0.00705719 0.00896454 -0.723468 -1.44925 0.104715 -1.2789 -0.521668 1.41415 0.0577935 1.67182 -0.00247959 -0.197414 -0.00324254 -0.000572213 0.39044 -0.249951 -0.001248 -0.200847 0.00133516 0.000190738 0.392729 -0.249621 0.000448977 
23 -0.00705719 0.00896454 -0.72652 -1.45001 0.106241 -1.27966 -0.525864 1.41415 0.058175 1.67449 -0.00247959 -0.197414 -0.00324254 -0.000572213 0.39044 -0.249951 -0.001248 -0.200847 0.00133516 0.000190738 0.392729 -0.249621 0.000448977 
23 -0.00705719 0.00896454 -0.729572 -1.45078 0.107385 -1.28042 -0.530442 1.41453 0.058938 1.67639 -0.00286107 -0.197414 -0.00324254 -0.000572213 0.39044 -0.249951 -0.001248 -0.200847 0.00133516 0.000190738 0.392729 -0.249621 0.000448977 
23 -0.00705719 0.00896454 -0.732624 -1.45154 0.108911 -1.28119 -0.535019 1.41453 0.0597009 1.67868 -0.00286107 -0.197414 -0.00324254 -0.000572213 0.39044 -0.249951 -0.001248 -0.200847 0.00133516 0.000190738 0.392729 -0.249621 0.000448977 
23 -0.00705719 0.00896454 -0.735294 -1.4523 0.110056 -1.28233 -0.538834 1.41492 0.0604639 1.68097 -0.00324254 -0.197414 -0.00324254 -0.000572213 0.39044 -0.249951 -0.001248 -0.200847 0.00133516 0.000190738 0.392729 -0.249621 0.000448977 
23 -0.00705719 0.00896454 -0.738346 -1.45306 0.1112 -1.28309 -0.543412 1.41492 0.0608453 1.68288 -0.00362402 -0.197414 -0.00324254 -0.000572213 0.39044 -0.249951 -0.001248 -0.200847 0.00133516 0.000190738 0.392729 -0.249621 0.000448977 
23 -0.00705719 0.00896454 -0.741016 -1.45383 0.112345 -1.28347 -0.547608 1.4153 0.0616083 1.68479 -0.00362402 -0.197414 -0.00324254 -0.000572213 0.39044 -0.249951 -0.001248 -0.200847 0.00133516 0.000190738 0.392729 -0.249621 0.000448977 
23 -0.00705719 0.00896454 -0.743687 -1.45497 0.113489 -1.28424 -0.552186 1.41568 0.0619898 1.68708 -0.00362402 -0.197414 -0.00324254 -0.000572213 0.39044 -0.249951 -0.001248 -0.200847 0.00133516 0.000190738 0.392729 -0.249621 0.000448977 
23 -0.00705719 0.00896454 -0.746738 -1.45573 0.115015 -1.28462 -0.556382 1.41568 0.0627527 1.6886 -0.00400549 -0.197414 -0.00324254 -0.000572213 0.39044 -0.249951 -0.001248 -0.200847 0.00133516 0.000190738 0.392729 -0.249621 0.000448977 
23 -0.00705719 0.00896454 -0.74979 -1.4565 0.116541 -1.285 -0.560578 1.41606 0.0631342 1.69013 -0.00400549 -0.197414 -0.00324254 -0.000572213 0.39044 -0.249951 -0.001248 -0.200847 0.00133516 0.000190738 0.392729 -0.249621 0.000448977 
23 -0.00705719 0.00934601 -0.752461 -1.45764 0.117304 -1.28538 -0.565156 1.41606 0.0635157 1.69242 -0.00400549 -0.197414 -0.00324254 -0.000572213 0.39044 -0.249951 -0.001248 -0.200847 0.00133516 0.000190738 0.392729 -0.249621 0.000448977 
23 -0.00705719 0.00896454 -0.755131 -1.4584 0.118448 -1.28614 -0.568971 1.41644 0.0638972 1.69394 -0.00400549 -0.197414 -0.00324254 -0.000572213 0.39044 -0.249951 -0.001248 -0.200847 0.00133516 0.000190738 0.392729 -0.249621 0.000448977 
23 -0.00705719 0.00896454 -0.757801 -1.45917 0.119593 -1.28653 -0.57393 1.41644 0.0646601 1.69547 -0.00438697 -0.197414 -0.00324254 -0.000572213 0.39044 -0.249951 -0.001248 -0.200847 0.00133516 0.000190738 0.392729 -0.249621 0.000448977 
23 -0.00705719 0.00896454 -0.760472 -1.45993 0.120737 -1.28691 -0.578508 1.41682 0.0650416 1.69699 -0.00438697 -0.197414 -0.00324254 -0.000572213 0.39044 -0.249951 -0.001248 -0.200847 0.00133516 0.000190738 0.392729 -0.249621 0.000448977 
23 -0.00705719 0.00896454 -0.763142 -1.46107 0.121881 -1.28767 -0.582322 1.41682 0.0658045 1.6989 -0.00438697 -0.197414 -0.00324254 -0.000572213 0.39044 -0.249951 -0.001248 -0.200847 0.00133516 0.000190738 0.392729 -0.249621 0.000448977 
23 -0.00705719 0.00896454 -0.765431 -1.46184 0.123026 -1.28843 -0.5869 1.41721 0.0665675 1.70005 -0.00438697 -0.197414 -0.00324254 -0.000572213 0.39044 -0.249951 -0.001248 -0.200847 0.00133516 0.000190738 0.392729 -0.249621 0.000448977 
23 -0.00705719 0.00896454 -0.768101 -1.4626 0.12417 -1.28882 -0.591478 1.41759 0.0673304 1.70119 -0.00476844 -0.197414 -0.00324254 -0.000572213 0.39044 -0.249951 -0.001248 -0.200847 0.00133516 0.000190738 0.392729 -0.249621 0.000448977 
23 -0.00705719 0.00896454 -0.77039 -1.46375 0.124933 -1.28958 -0.595293 1.41835 0.0680934 1.70233 -0.00476844 -0.197414 -0.00324254 -0.000572213 0.39044 -0.249951 -0.001248 -0.200847 0.00133516 0.000190738 0.392729 -0.249621 0.000448977 
23 -0.00705719 0.00896454 -0.772679 -1.46451 0.125696 -1.28996 -0.599489 1.41873 0.0688563 1.70424 -0.00476844 -0.197414 -0.00324254 -0.000572213 0.39044 -0.249951 -0.001248 -0.200847 0.00133516 0.000190738 0.392729 -0.249621 0.000448977 
23 -0.00705719 0.00896454 -0.774968 -1.46527 0.127222 -1.29072 -0.604067 1.41911 0.0692378 1.70539 -0.00476844 -0.197414 -0.00324254 -0.000572213 0.39044 -0.249951 -0.001248 -0.200847 0.00133516 0.000190738 0.392729 -0.249621 0.000448977 
23 -0.00705719 0.00896454 -0.777256 -1.46565 0.128367 -1.2911 -0.608263 1.41949 0.0700008 1.70653 -0.00514992 -0.197414 -0.00324254 -0.000572213 0.39044 -0.249951 -0.001248 -0.200847 0.00133516 0.000190738 0.392729 -0.249621 0.000448977 
23 -0.00705719 0.00896454 -0.779545 -1.4668 0.129129 -1.29187 -0.612459 1.41988 0.0703822 1.70729 -0.00514992 -0.197414 -0.00324254 -0.000572213 0.39044 -0.249951 -0.001248 -0.200847 0.00133516 0.000190738 0.392729 -0.249621 0.000448977 
23 -0.00705719 0.00896454 -0.781453 -1.46794 0.130274 -1.29263 -0.616655 1.42026 0.0711452 1.70806 -0.00514992 -0.197414 -0.00324254 -0.000572213 0.39044 -0.249951 -0.001248 -0.200847 0.00133516 0.000190738 0.392729 -0.249621 0.000448977 
23 -0.00705719 0.00934601 -0.784123 -1.4687 0.131418 -1.29377 -0.621233 1.42064 0.0715267 1.7092 -0.00514992 -0.197414 -0.00324254 -0.000572213 0.39044 -0.249951 -0.001248 -0.200847 0.00133516 0.000190738 0.392729 -0.249621 0.000448977 
23 -0.00705719 0.00896454 -0.786412 -1.46947 0.132563 -1.2953 -0.625048 1.42102 0.0722896 1.71035 -0.00514992 -0.197414 -0.00324254 -0.000572213 0.39044 -0.249951 -0.001248 -0.200847 0.00133516 0.000190738 0.392729 -0.249621 0.000448977 
23 -0.00705719 0.00896454 -0.788701 -1.47061 0.133707 -1.29644 -0.629625 1.42102 0.0730526 1.71149 -0.00514992 -0.197414 -0.00324254 -0.000572213 0.39044 -0.249951 -0.001248 -0.200847 0.00133516 0.000190738 0.392729 -0.249621 0.000448977 
23 -0.00705719 0.00896454 -0.790608 -1.47137 0.135233 -1.29721 -0.633822 1.42178 0.073434 1.71187 -0.00514992 -0.197414 -0.00324254 -0.000572213 0.39044 -0.249951 -0.001248 -0.201228 0.00133516 0.000190738 0.392729 -0.249621 0.000448977 
23 -0.00705719 0.00896454 -0.793278 -1.47214 0.135996 -1.29873 -0.638018 1.42216 0.074197 1.71263 -0.00514992 -0.197414 -0.00324254 -0.000572213 0.39044 -0.249951 -0.001248 -0.201228 0.00133516 0.000190738 0.392729 -0.249621 0.000448977 
23 -0.00705719 0.00934601 -0.795567 -1.47366 0.137522 -1.30026 -0.642214 1.42255 0.0745785 1.7134 -0.00514992 -0.197414 -0.00324254 -0.000572213 0.39044 -0.249951 -0.001248 -0.200847 0.00133516 0.000190738 0.392729 -0.249621 0.000448977 
23 -0.00705719 0.00896454 -0.797856 -1.47481 0.138666 -1.30179 -0.646792 1.42293 0.0753414 1.71416 -0.00514992 -0.197414 -0.00324254 -0.000572213 0.39044 -0.249951 -0.001248 -0.201228 0.00133516 0.000190738 0.392729 -0.249621 0.000448977 
23 -0.00705719 0.00896454 -0.800145 -1.47595 0.139811 -1.30293 -0.650225 1.42331 0.0757229 1.71492 -0.00514992 -0.197414 -0.00324254 -0.000572213 0.39044 -0.249951 -0.001248 -0.200847 0.00133516 0.000190738 0.392729 -0.249621 0.000448977 
23 -0.00705719 0.00896454 -0.802434 -1.47672 0.141337 -1.30446 -0.654803 1.42369 0.0764858 1.71569 -0.00514992 -0.197414 -0.00324254 -0.000572213 0.39044 -0.249951 -0.001248 -0.200847 0.00133516 0.000190738 0.392729 -0.249621 0.000448977 
23 -0.00705719 0.00934601 -0.805104 -1.47748 0.142481 -1.30598 -0.658999 1.42445 0.0768673 1.71683 -0.00514992 -0.197414 -0.00324254 -0.000572213 0.39044 -0.249951 -0.001248 -0.200847 0.00133516 0.000190738 0.392729 -0.249621 0.000448977 
23 -0.00705719 0.00896454 -0.807012 -1.47862 0.144007 -1.30789 -0.662814 1.4256 0.0776303 1.71759 -0.00514992 -0.197414 -0.00324254 -0.000572213 0.39044 -0.249951 -0.001248 -0.201228 0.00133516 0.000190738 0.392729 -0.249621 0.000448977 
23 -0.00705719 0.00896454 -0.809682 -1.47977 0.145151 -1.3098 -0.66701 1.42636 0.0780118 1.71836 -0.00514992 -0.197414 -0.00324254 -0.000572213 0.39044 -0.249951 -0.001248 -0.201228 0.00133516 0.000190738 0.392729 -0.249621 0.000448977 
23 -0.00705719 0.00896454 -0.811971 -1.48091 0.146677 -1.31132 -0.671206 1.42674 0.0787747 1.71874 -0.00514992 -0.197414 -0.00324254 -0.000572213 0.39044 -0.249951 -0.001248 -0.201228 0.00133516 0.000190738 0.392729 -0.249621 0.000448977 
23 -0.00705719 0.00896454 -0.81426 -1.48167 0.147822 -1.31323 -0.675021 1.42712 0.0795377 1.7195 -0.00514992 -0.197414 -0.00324254 -0.000572213 0.39044 -0.249951 -0.001248 -0.201228 0.00133516 0.000190738 0.392729 -0.249621 0.000448977 
23 -0.00705719 0.00896454 -0.816167 -1.48282 0.149348 -1.31476 -0.679217 1.42789 0.0799191 1.71988 -0.00514992 -0.197414 -0.00324254 -0.000572213 0.39044 -0.249951 -0.001248 -0.201228 0.00133516 0.000190738 0.392729 -0.249621 0.000448977 
23 -0.00705719 0.00896454 -0.818456 -1.48358 0.150874 -1.31628 -0.683413 1.42827 0.0810636 1.72026 -0.00514992 -0.197414 -0.00324254 -0.000572213 0.39044 -0.249951 -0.001248 -0.201228 0.00133516 0.000190738 0.392729 -0.249621 0.000448977 
23 -0.00705719 0.00896454 -0.820745 -1.48473 0.153162 -1.31781 -0.687228 1.42865 0.0818265 1.72065 -0.00476844 -0.197414 -0.00324254 -0.000572213 0.39044 -0.249951 -0.001248 -0.201228 0.00133516 0.000190738 0.392729 -0.249621 0.000448977 
23 -0.00705719 0.00896454 -0.822652 -1.48663 0.154688 -1.3201 -0.691424 1.42941 0.0825895 1.72103 -0.00476844 -0.197414 -0.00324254 -0.000572213 0.39044 -0.249951 -0.001248 -0.201228 0.00133516 0.000190738 0.392729 -0.249621 0.000448977 
23 -0.00705719 0.00896454 -0.824559 -1.48778 0.156596 -1.32162 -0.695239 1.43018 0.0829709 1.72179 -0.00476844 -0.197414 -0.00324254 -0.000572213 0.39044 -0.249951 -0.001248 -0.201228 0.00133516 0.000190738 0.392729 -0.249621 0.000448977 
23 -0.00705719 0.00896454 -0.826467 -1.48892 0.158885 -1.32315 -0.699435 1.43132 0.0841154 1.72217 -0.00438697 -0.197414 -0.00324254 -0.000572213 0.39044 -0.249951 -0.001248 -0.201228 0.00133516 0.000190738 0.392729 -0.249621 0.000448977 
23 -0.00743866 0.00896454 -0.827993 -1.49045 0.160792 -1.32467 -0.703632 1.43208 0.0848783 1.72255 -0.00438697 -0.197414 -0.00324254 -0.000572213 0.39044 -0.249951 -0.001248 -0.201228 0.00133516 0.000190738 0.392729 -0.249621 0.000448977 
23 -0.00705719 0.00896454 -0.8299 -1.49197 0.162699 -1.3262 -0.707065 1.43285 0.0852598 1.72332 -0.00400549 -0.197414 -0.00324254 -0.000572213 0.39044 -0.249951 -0.001248 -0.201228 0.00133516 0.000190738 0.392729 -0.249621 0.000448977 
23 -0.00705719 0.00896454 -0.831426 -1.4935 0.164607 -1.32773 -0.71088 1.43323 0.0860227 1.7237 -0.00400549 -0.197414 -0.00324254 -0.000572213 0.39044 -0.249951 -0.001248 -0.201228 0.00133516 0.000190738 0.392729 -0.249621 0.000448977 
23 -0.00743866 0.00896454 -0.833333 -1.49464 0.166514 -1.32887 -0.715457 1.43399 0.0867857 1.7237 -0.00362402 -0.197414 -0.00324254 -0.000572213 0.39044 -0.249951 -0.001248 -0.201228 0.00133516 0.000190738 0.392729 -0.249621 0.000448977 
23 -0.00743866 0.00896454 -0.834859 -1.49579 0.168421 -1.33001 -0.718891 1.43475 0.0871672 1.72408 -0.00324254 -0.197414 -0.00324254 -0.000572213 0.39044 -0.249951 -0.001248 -0.201228 0.00133516 0.000190738 0.392729 -0.249621 0.000448977 
23 -0.00705719 0.00896454 -0.836385 -1.49693 0.170329 -1.33154 -0.722705 1.43552 0.0879301 1.72446 -0.00324254 -0.197414 -0.00324254 -0.000572213 0.39044 -0.249951 -0.001248 -0.201228 0.00133516 0.000190738 0.392729 -0.249621 0.000448977 
23 -0.00705719 0.00896454 -0.837911 -1.49884 0.172236 -1.33307 -0.726902 1.4359 0.0883116 1.72484 -0.00286107 -0.197414 -0.00324254 -0.000572213 0.39044 -0.249951 -0.001248 -0.201228 0.00133516 0.000190738 0.392729 -0.249621 0.000448977 
23 -0.00705719 0.00896454 -0.839818 -1.50037 0.174144 -1.33421 -0.730335 1.43666 0.0890745 1.72522 -0.00286107 -0.197414 -0.00324254 -0.000572213 0.39044 -0.249951 -0.001248 -0.201228 0.00133516 0.000190738 0.392729 -0.249621 0.000448977 
23 -0.00743866 0.00896454 -0.841344 -1.50113 0.175669 -1.33536 -0.734531 1.4378 0.089456 1.7256 -0.00247959 -0.197414 -0.00324254 -0.000572213 0.39044 -0.249951 -0.001248 -0.201228 0.00133516 0.000190738 0.392729 -0.249621 0.000448977 
23 -0.00743866 0.00896454 -0.84287 -1.50227 0.177958 -1.3365 -0.737964 1.43895 0.090219 1.72599 -0.00247959 -0.197414 -0.00324254 -0.000572213 0.39044 -0.249951 -0.001248 -0.201228 0.00133516 0.000190738 0.392729 -0.249621 0.000448977 
23 -0.00743866 0.00896454 -0.844015 -1.50342 0.179866 -1.33764 -0.741779 1.43933 0.0909819 1.72637 -0.00209812 -0.197414 -0.00324254 -0.000572213 0.39044 -0.249951 -0.001248 -0.201228 0.00133516 0.000190738 0.392729 -0.249621 0.000448977 
23 -0.00705719 0.00896454 -0.845922 -1.50494 0.181773 -1.33879 -0.745975 1.44009 0.0917449 1.72675 -0.00209812 -0.197414 -0.00324254 -0.000572213 0.39044 -0.249951 -0.001248 -0.201228 0.00133516 0.000190738 0.392729 -0.249621 0.000448977 
23 -0.00743866 0.00896454 -0.847448 -1.50609 0.18368 -1.33993 -0.749409 1.44048 0.0921263 1.72713 -0.00171664 -0.197414 -0.00324254 -0.000572213 0.39044 -0.249951 -0.001248 -0.201228 0.00133516 0.000190738 0.392729 -0.249621 0.000448977 
23 -0.00743866 0.00896454 -0.848974 -1.50723 0.185206 -1.3407 -0.753605 1.44124 0.0928893 1.72789 -0.00171664 -0.197414 -0.00324254 -0.000572213 0.39044 -0.249951 -0.001248 -0.201228 0.00133516 0.000190738 0.392729 -0.249621 0.000448977 
23 -0.00743866 0.00896454 -0.8505 -1.50838 0.187114 -1.34184 -0.757038 1.44162 0.0936522 1.72866 -0.00133516 -0.197414 -0.00324254 -0.000572213 0.39044 -0.249951 -0.001248 -0.201228 0.00133516 0.000190738 0.392729 -0.249621 0.000448977 
23 -0.00743866 0.00896454 -0.852026 -1.5099 0.189403 -1.3426 -0.761234 1.44238 0.0944152 1.72942 -0.00133516 -0.197414 -0.00324254 -0.000572213 0.39044 -0.249951 -0.001248 -0.201228 0.00133516 0.000190738 0.392729 -0.249621 0.000448977 
23 -0.00705719 0.00896454 -0.853933 -1.51143 0.19131 -1.34375 -0.765431 1.44353 0.0947967 1.73018 -0.00133516 -0.197414 -0.00324254 -0.000572213 0.39044 -0.249951 -0.001248 -0.201228 0.00133516 0.000190738 0.392729 -0.249621 0.000448977 
23 -0.00743866 0.00896454 -0.855459 -1.51257 0.193217 -1.34489 -0.768483 1.44467 0.0955596 1.73056 -0.000953689 -0.197414 -0.00324254 -0.000572213 0.39044 -0.249951 -0.001248 -0.200847 0.00133516 0.000190738 0.392729 -0.249621 0.000448977 
23 -0.00743866 0.00896454 -0.856985 -1.51372 0.195125 -1.34565 -0.772679 1.44543 0.0959411 1.73095 -0.000953689 -0.197414 -0.00324254 -0.000572213 0.39044 -0.249951 -0.001248 -0.200847 0.00133516 0.000190738 0.392729 -0.249621 0.000448977 
23 -0.00705719 0.00896454 -0.858892 -1.51486 0.197414 -1.34642 -0.776493 1.44582 0.0967041 1.73095 -0.000953689 -0.197414 -0.00324254 -0.000572213 0.39044 -0.249951 -0.001248 -0.200847 0.00133516 0.000190738 0.392729 -0.249621 0.000448977 
23 -0.00743866 0.00896454 -0.860037 -1.51601 0.19894 -1.34718 -0.779927 1.4462 0.097467 1.73133 -0.000953689 -0.197414 -0.00324254 -0.000572213 0.39044 -0.249951 -0.001248 -0.200847 0.00133516 0.000190738 0.392729 -0.249621 0.000448977 
23 -0.00743866 0.00896454 -0.861944 -1.51715 0.201228 -1.34833 -0.784123 1.44696 0.0978485 1.73171 -0.000953689 -0.197414 -0.00324254 -0.000572213 0.39044 -0.249951 -0.001248 -0.200847 0.00133516 0.000190738 0.392729 -0.249621 0.000448977 
23 -0.00705719 0.00896454 -0.86347 -1.5183 0.203517 -1.34909 -0.787556 1.44734 0.0986114 1.73209 -0.000953689 -0.197414 -0.00324254 -0.000572213 0.39044 -0.249951 -0.001248 -0.201228 0.00133516 0.000190738 0.392729 -0.249621 0.000448977 
23 -0.00705719 0.00896454 -0.864996 -1.51944 0.205425 -1.35023 -0.791753 1.4481 0.0989929 1.73209 -0.000953689 -0.197414 -0.00324254 -0.000572213 0.39044 -0.249951 -0.001248 -0.200847 0.00133516 0.000190738 0.392729 -0.249621 0.000448977 
23 -0.00705719 0.00896454 -0.866903 -1.52059 0.207713 -1.35138 -0.795567 1.44849 0.0993744 1.73247 -0.000953689 -0.197414 -0.00324254 -0.000572213 0.39044 -0.249951 -0.001248 -0.200847 0.00133516 0.000190738 0.392729 -0.249621 0.000448977 
23 -0.00743866 0.00896454 -0.868429 -1.52135 0.210002 -1.35214 -0.799382 1.44925 0.100137 1.73247 -0.000953689 -0.197414 -0.00324254 -0.000572213 0.39044 -0.249951 -0.001248 -0.200847 0.00133516 0.000190738 0.392729 -0.249621 0.000448977 
23 -0.00705719 0.00896454 -0.869955 -1.52211 0.21191 -1.3529 -0.803197 1.45039 0.100519 1.73285 -0.000953689 -0.197414 -0.00324254 -0.000572213 0.39044 -0.249951 -0.001248 -0.200847 0.00133516 0.000190738 0.392729 -0.249621 0.000448977 
23 -0.00705719 0.00896454 -0.871862 -1.52364 0.21458 -1.35367 -0.80663 1.45116 0.1009 1.73285 -0.000953689 -0.197414 -0.00324254 -0.000572213 0.39044 -0.249951 -0.001248 -0.200847 0.00133516 0.000190738 0.392729 -0.249621 0.000448977 
23 -0.00743866 0.00896454 -0.873388 -1.52478 0.216869 -1.35443 -0.810445 1.45192 0.101282 1.73323 -0.000953689 -0.197414 -0.00324254 -0.000572213 0.39044 -0.249951 -0.001248 -0.200847 0.00133516 0.000190738 0.392729 -0.249621 0.000448977 
23 -0.00743866 0.00896454 -0.875296 -1.52554 0.219158 -1.35519 -0.815023 1.4523 0.101663 1.73323 -0.000953689 -0.197414 -0.00324254 -0.000572213 0.39044 -0.249951 -0.001248 -0.200847 0.00133516 0.000190738 0.392729 -0.249621 0.000448977 
23 -0.00705719 0.00896454 -0.876822 -1.52631 0.221828 -1.35634 -0.818074 1.45306 0.102426 1.73362 -0.000953689 -0.197414 -0.00324254 -0.000572213 0.39044 -0.249951 -0.001248 -0.200847 0.00133516 0.000190738 0.392729 -0.249621 0.000448977 
23 -0.00705719 0.00896454 -0.878347 -1.52745 0.224117 -1.35748 -0.822271 1.45345 0.103189 1.734 -0.000953689 -0.197414 -0.00324254 -0.000572213 0.39044 -0.249951 -0.001248 -0.200847 0.00133516 0.000190738 0.392729 -0.249621 0.000448977 
23 -0.00705719 0.00896454 -0.880255 -1.52783 0.227169 -1.35824 -0.826085 1.45421 0.103952 1.734 -0.000572213 -0.197414 -0.00324254 -0.000572213 0.39044 -0.249951 -0.001248 -0.200847 0.00133516 0.000190738 0.392729 -0.249621 0.000448977 
23 -0.00705719 0.00896454 -0.881781 -1.52898 0.229458 -1.35901 -0.8299 1.45459 0.104715 1.73438 -0.000572213 -0.197414 -0.00324254 -0.000572213 0.39044 -0.249951 -0.001248 -0.200847 0.00133516 0.000190738 0.392729 -0.249621 0.000448977 
23 -0.00743866 0.00896454 -0.88407 -1.52974 0.232128 -1.35977 -0.833715 1.45573 0.105478 1.73476 -0.000572213 -0.197414 -0.00324254 -0.000572213 0.39044 -0.249951 -0.001248 -0.200847 0.00133516 0.000190738 0.392729 -0.249621 0.000448977 
23 -0.00743866 0.00896454 -0.885596 -1.5305 0.23518 -1.36091 -0.837148 1.45688 0.106241 1.73514 -0.000190738 -0.197414 -0.00324254 -0.000572213 0.39044 -0.249951 -0.001248 -0.200847 0.00133516 0.000190738 0.392729 -0.249621 0.000448977 
23 -0.00705719 0.00896454 -0.887503 -1.53127 0.23785 -1.36168 -0.841344 1.45764 0.106622 1.73552 -0.000190738 -0.197414 -0.00324254 -0.000572213 0.39044 -0.249951 -0.001248 -0.200847 0.00133516 0.000190738 0.392729 -0.249621 0.000448977 
23 -0.00743866 0.00896454 -0.889029 -1.53203 0.240902 -1.36282 -0.845159 1.45802 0.107385 1.73552 -0.000190738 -0.197414 -0.00324254 -0.000572213 0.39044 -0.249951 -0.001248 -0.200847 0.00133516 0.000190738 0.392729 -0.249621 0.000448977 
23 -0.00743866 0.00896454 -0.890936 -1.53279 0.243572 -1.36358 -0.848592 1.4584 0.107767 1.7359 -0.000190738 -0.197414 -0.00324254 -0.000572213 0.39044 -0.249951 -0.001248 -0.200847 0.00133516 0.000190738 0.392729 -0.249621 0.000448977 
23 -0.00705719 0.00896454 -0.892844 -1.53317 0.247005 -1.36435 -0.852789 1.45879 0.10853 1.73629 -0.000190738 -0.197414 -0.00324254 -0.000572213 0.39044 -0.249951 -0.001248 -0.201228 0.00133516 0.000190738 0.392729 -0.249621 0.000448977 
23 -0.00743866 0.00896454 -0.894369 -1.53394 0.249676 -1.36511 -0.856222 1.45955 0.109674 1.73629 -0.000190738 -0.197414 -0.00324254 -0.000572213 0.39044 -0.249951 -0.001248 -0.200847 0.00133516 0.000190738 0.392729 -0.249621 0.000448977 
23 -0.00743866 0.00896454 -0.896277 -1.5347 0.253109 -1.36587 -0.860037 1.45993 0.110437 1.73667 -0.000190738 -0.197414 -0.00324254 -0.000572213 0.39044 -0.249951 -0.001248 -0.200847 0.00133516 0.000190738 0.392729 -0.249621 0.000448977 
23 -0.00705719 0.00896454 -0.898184 -1.53546 0.256161 -1.36664 -0.863851 1.46069 0.110819 1.73667 -0.000190738 -0.197414 -0.00324254 -0.000572213 0.39044 -0.249951 -0.001248 -0.200847 0.00133516 0.000190738 0.392729 -0.249621 0.000448977 
23 -0.00743866 0.00896454 -0.900092 -1.53623 0.259594 -1.36778 -0.867285 1.46107 0.111582 1.73705 -0.000190738 -0.197414 -0.00324254 -0.000572213 0.39044 -0.249951 -0.001248 -0.200847 0.00133516 0.000190738 0.392729 -0.249621 0.000448977 
23 -0.00705719 0.00896454 -0.901999 -1.53699 0.262646 -1.36854 -0.871099 1.46222 0.112345 1.73705 -0.000190738 -0.197414 -0.00324254 -0.000572213 0.39044 -0.249951 -0.001248 -0.200847 0.00133516 0.000190738 0.392729 -0.249621 0.000448977 
23 -0.00743866 0.00896454 -0.903525 -1.53737 0.266461 -1.36969 -0.874914 1.46336 0.113108 1.73743 -0.000190738 -0.197414 -0.00324254 -0.000572213 0.39044 -0.249951 -0.001248 -0.200847 0.00133516 0.000190738 0.392729 -0.249621 0.000448977 
23 -0.00743866 0.00896454 -0.905432 -1.53813 0.269894 -1.37045 -0.878347 1.46413 0.113489 1.73743 -0.000190738 -0.197414 -0.00324254 -0.000572213 0.39044 -0.249951 -0.001248 -0.200847 0.00133516 0.000190738 0.392729 -0.249621 0.000448977 
23 -0.00705719 0.00896454 -0.90734 -1.53851 0.273327 -1.37121 -0.882162 1.46451 0.11387 1.73781 -0.000190738 -0.197414 -0.00324254 -0.000572213 0.39044 -0.249951 -0.001248 -0.200847 0.00133516 0.000190738 0.392729 -0.249621 0.000448977 
23 -0.00743866 0.00896454 -0.909247 -1.5389 0.277142 -1.3716 -0.885596 1.46489 0.114633 1.73819 -0.000190738 -0.197414 -0.00324254 -0.000572213 0.39044 -0.249951 -0.001248 -0.200847 0.00133516 0.000190738 0.392729 -0.249621 0.000448977 
23 -0.00705719 0.00896454 -0.911154 -1.53928 0.280575 -1.37236 -0.889792 1.46527 0.115396 1.73819 -0.000190738 -0.197414 -0.00324254 -0.000572213 0.39044 -0.249951 -0.001248 -0.200847 0.00133516 0.000190738 0.392729 -0.249621 0.000448977 
23 -0.00705719 0.00896454 -0.91268 -1.53966 0.28439 -1.37312 -0.892844 1.46603 0.116159 1.73857 -0.000190738 -0.197414 -0.00324254 -0.000572213 0.39044 -0.249951 -0.001248 -0.200847 0.00133516 0.000190738 0.392729 -0.249621 0.000448977 
23 -0.00705719 0.00896454 -0.914588 -1.54004 0.288205 -1.37388 -0.896658 1.46642 0.116922 1.73896 -0.000190738 -0.197414 -0.00324254 -0.000572213 0.39044 -0.249951 -0.001248 -0.200847 0.00133516 0.000190738 0.392729 -0.249621 0.000448977 
23 -0.00705719 0.00896454 -0.916495 -1.54042 0.29202 -1.37427 -0.900092 1.46718 0.117685 1.73896 -0.000190738 -0.197414 -0.00324254 -0.000572213 0.39044 -0.249951 -0.001248 -0.200847 0.00133516 0.000190738 0.392729 -0.249621 0.000448977 
23 -0.00705719 0.00896454 -0.918021 -1.54118 0.296216 -1.37503 -0.903906 1.46794 0.11883 1.73934 -0.000190738 -0.197414 -0.00324254 -0.000572213 0.39044 -0.249951 -0.001248 -0.200847 0.00133516 0.000190738 0.392729 -0.249621 0.000448977 
23 -0.00743866 0.00896454 -0.919928 -1.54157 0.300031 -1.37579 -0.907721 1.46909 0.119593 1.73972 -0.000190738 -0.197414 -0.00324254 -0.000572213 0.39044 -0.249951 -0.001248 -0.200847 0.00133516 0.000190738 0.392729 -0.249621 0.000448977 
23 -0.00743866 0.00896454 -0.921836 -1.54195 0.304227 -1.37617 -0.911154 1.46985 0.119974 1.7401 -0.000190738 -0.197414 -0.00324254 -0.000572213 0.39044 -0.249951 -0.001248 -0.200847 0.00133516 0.000190738 0.392729 -0.249621 0.000448977 
23 -0.00743866 0.00896454 -0.923362 -1.54271 0.308423 -1.37655 -0.915351 1.47023 0.120737 1.74048 0.000190738 -0.197414 -0.00324254 -0.000572213 0.39044 -0.249951 -0.001248 -0.200847 0.00133516 0.000190738 0.392729 -0.249621 0.000448977 
23 -0.00743866 0.00896454 -0.924887 -1.54309 0.312619 -1.37694 -0.918402 1.47061 0.1215 1.74086 0.000190738 -0.197414 -0.00324254 -0.000572213 0.39044 -0.249951 -0.001248 -0.200847 0.00133516 0.000190738 0.392729 -0.249621 0.000448977 
23 -0.00705719 0.00896454 -0.926795 -1.54309 0.316815 -1.37732 -0.922217 1.47137 0.122263 1.74125 0.000190738 -0.197414 -0.00324254 -0.000572213 0.39044 -0.249951 -0.001248 -0.200847 0.00133516 0.000190738 0.392729 -0.249621 0.000448977 
23 -0.00705719 0.00896454 -0.928321 -1.54347 0.321012 -1.37732 -0.926032 1.47176 0.123026 1.74163 0.000190738 -0.197414 -0.00324254 -0.000572213 0.39044 -0.249951 -0.001248 -0.200847 0.00133516 0.000190738 0.392729 -0.249621 0.000448977 
23 -0.00705719 0.00896454 -0.929847 -1.54386 0.325208 -1.3777 -0.929465 1.47252 0.123407 1.74201 0.000190738 -0.197414 -0.00324254 -0.000572213 0.39044 -0.249951 -0.001248 -0.200847 0.00133516 0.000190738 0.392729 -0.249621 0.000448977 
23 -0.00705719 0.00896454 -0.931373 -1.54424 0.329786 -1.3777 -0.93328 1.4729 0.12417 1.74239 0.000190738 -0.197414 -0.00324254 -0.000572213 0.39044 -0.249951 -0.001248 -0.200847 0.00133516 0.000190738 0.392729 -0.249621 0.000448977 
23 -0.00705719 0.00896454 -0.93328 -1.54462 0.334363 -1.3777 -0.936332 1.47328 0.124933 1.74277 0.000190738 -0.197414 -0.00324254 -0.000572213 0.39044 -0.249951 -0.001248 -0.200847 0.00133516 0.000190738 0.392729 -0.249621 0.000448977 
23 -0.00705719 0.00896454 -0.934424 -1.54462 0.33856 -1.3777 -0.940528 1.47405 0.125696 1.74277 0.000190738 -0.197414 -0.00324254 -0.000572213 0.39044 -0.249951 -0.001248 -0.200847 0.00133516 0.000190738 0.392729 -0.249621 0.000448977 
23 -0.00705719 0.00896454 -0.936332 -1.545 0.343137 -1.3777 -0.94358 1.47519 0.126078 1.74315 0.000190738 -0.197414 -0.00324254 -0.000572213 0.39044 -0.249951 -0.001248 -0.200847 0.00133516 0.000190738 0.392729 -0.249621 0.000448977 
23 -0.00705719 0.00896454 -0.937858 -1.54538 0.347715 -1.3777 -0.947395 1.47595 0.126459 1.74315 0.000190738 -0.197414 -0.00324254 -0.000572213 0.39044 -0.249951 -0.001248 -0.200847 0.00133516 0.000190738 0.392729 -0.249621 0.000448977 
23 -0.00705719 0.00896454 -0.939002 -1.54538 0.352674 -1.3777 -0.951209 1.47672 0.127222 1.74315 0.000190738 -0.197414 -0.00324254 -0.000572213 0.39044 -0.249951 -0.001248 -0.200847 0.00133516 0.000190738 0.392729 -0.249621 0.000448977 
23 -0.00705719 0.00896454 -0.940528 -1.54576 0.35687 -1.3777 -0.954643 1.4771 0.127604 1.74353 0.000190738 -0.197414 -0.00324254 -0.000572213 0.39044 -0.249951 -0.001248 -0.200847 0.00133516 0.000190738 0.392729 -0.249621 0.000448977 
23 -0.00705719 0.00896454 -0.942054 -1.54614 0.361448 -1.3777 -0.958457 1.47748 0.128367 1.74353 0.000190738 -0.197414 -0.00324254 -0.000572213 0.39044 -0.249951 -0.001248 -0.200847 0.00133516 0.000190738 0.392729 -0.249621 0.000448977 
23 -0.00705719 0.00896454 -0.943198 -1.54614 0.366407 -1.37732 -0.961891 1.47824 0.129129 1.74353 0.000190738 -0.197414 -0.00324254 -0.000572213 0.39044 -0.249951 -0.001248 -0.200847 0.00133516 0.000190738 0.392729 -0.249621 0.000448977 
23 -0.00705719 0.00896454 -0.944724 -1.54653 0.371748 -1.37732 -0.965705 1.47862 0.129511 1.74353 0.000190738 -0.197414 -0.00324254 -0.000572213 0.39044 -0.249951 -0.001248 -0.200847 0.00133516 0.000190738 0.392729 -0.249621 0.000448977 
23 -0.00705719 0.00896454 -0.94625 -1.54653 0.375944 -1.37732 -0.969139 1.479 0.130274 1.74353 0.000190738 -0.197414 -0.00324254 -0.000572213 0.39044 -0.249951 -0.001248 -0.200847 0.00133516 0.000190738 0.392729 -0.249621 0.000448977 
23 -0.00705719 0.00934601 -0.947776 -1.54691 0.380903 -1.37694 -0.972953 1.47977 0.131037 1.74392 0.000572213 -0.197414 -0.00324254 -0.000572213 0.39044 -0.249951 -0.001248 -0.200847 0.00133516 0.000190738 0.392729 -0.249621 0.000448977 
23 -0.00705719 0.00896454 -0.94892 -1.54729 0.385863 -1.37694 -0.97715 1.48053 0.131418 1.74392 0.000572213 -0.197414 -0.00324254 -0.000572213 0.39044 -0.249951 -0.001248 -0.200847 0.00133516 0.000190738 0.392729 -0.249621 0.000448977 
23 -0.00705719 0.00896454 -0.950446 -1.54729 0.391203 -1.37694 -0.980201 1.48167 0.132181 1.74392 0.000572213 -0.197414 -0.00324254 -0.000572213 0.39044 -0.249951 -0.001248 -0.200847 0.00133516 0.000190738 0.392729 -0.249621 0.000448977 
23 -0.00705719 0.00896454 -0.951591 -1.54767 0.396162 -1.37694 -0.984016 1.48244 0.132563 1.74392 0.000572213 -0.197414 -0.00324254 -0.000572213 0.39044 -0.249951 -0.001248 -0.200847 0.00133516 0.000190738 0.392729 -0.249621 0.000448977 
23 -0.00705719 0.00896454 -0.952735 -1.54767 0.401122 -1.37694 -0.987449 1.48282 0.132944 1.74392 0.000572213 -0.197414 -0.00324254 -0.000572213 0.39044 -0.249951 -0.001248 -0.200847 0.00133516 0.000190738 0.392729 -0.249621 0.000448977 
23 -0.00705719 0.00896454 -0.954261 -1.54767 0.406081 -1.37655 -0.991646 1.4832 0.133707 1.74392 0.000953689 -0.197414 -0.00324254 -0.000572213 0.39044 -0.249951 -0.001248 -0.200847 0.00133516 0.000190738 0.392729 -0.249621 0.000448977 
23 -0.00705719 0.00896454 -0.955406 -1.54805 0.411421 -1.37655 -0.99546 1.48358 0.134089 1.74392 0.000953689 -0.197414 -0.00324254 -0.000572213 0.39044 -0.249951 -0.001248 -0.200847 0.00133516 0.000190738 0.392729 -0.249621 0.000448977 
23 -0.00705719 0.00896454 -0.95655 -1.54805 0.416762 -1.37655 -0.998894 1.48434 0.13447 1.74392 0.000953689 -0.197414 -0.00324254 -0.000572213 0.39044 -0.249951 -0.001248 -0.200847 0.00133516 0.000190738 0.392729 -0.249621 0.000448977 
23 -0.00705719 0.00896454 -0.957694 -1.54805 0.422103 -1.37655 -1.00309 1.48473 0.134852 1.74392 0.000953689 -0.197414 -0.00324254 -0.000572213 0.39044 -0.249951 -0.001248 -0.200847 0.00133516 0.000190738 0.392729 -0.249621 0.000448977 
23 -0.00705719 0.00896454 -0.958839 -1.54843 0.427825 -1.37655 -1.00614 1.48511 0.135233 1.74392 0.000953689 -0.197414 -0.00324254 -0.000572213 0.39044 -0.249951 -0.001248 -0.200847 0.00133516 0.000190738 0.392729 -0.249621 0.000448977 
23 -0.00705719 0.00896454 -0.960365 -1.54843 0.433165 -1.37655 -1.00996 1.48587 0.135615 1.74392 0.00133516 -0.197414 -0.00324254 -0.000572213 0.39044 -0.249951 -0.001248 -0.200847 0.00133516 0.000190738 0.392729 -0.249621 0.000448977 
23 -0.00705719 0.00896454 -0.961509 -1.54843 0.438125 -1.37655 -1.01415 1.48625 0.135615 1.74392 0.00133516 -0.197414 -0.00324254 -0.000572213 0.39044 -0.249951 -0.001248 -0.200847 0.00133516 0.000190738 0.392729 -0.249621 0.000448977 
23 -0.00705719 0.00896454 -0.962272 -1.54843 0.443847 -1.37655 -1.01759 1.4874 0.135996 1.74392 0.00133516 -0.197414 -0.00324254 -0.000572213 0.39044 -0.249951 -0.001248 -0.200847 0.00133516 0.000190738 0.392729 -0.249621 0.000448977 
23 -0.00705719 0.00896454 -0.963417 -1.54881 0.449569 -1.37655 -1.0214 1.48816 0.135996 1.74392 0.00133516 -0.197414 -0.00324254 -0.000572213 0.39044 -0.249951 -0.001248 -0.200847 0.00133516 0.000190738 0.392729 -0.249621 0.000448977 
23 -0.00705719 0.00896454 -0.964561 -1.54881 0.45491 -1.37655 -1.02483 1.48892 0.136378 1.74392 0.00171664 -0.197414 -0.00324254 -0.000572213 0.39044 -0.249951 -0.001248 -0.200847 0.00133516 0.000190738 0.392729 -0.249621 0.000448977 
23 -0.00705719 0.00896454 -0.965705 -1.54881 0.460632 -1.37655 -1.02865 1.4893 0.136378 1.74353 0.00171664 -0.197414 -0.00324254 -0.000572213 0.39044 -0.249951 -0.001248 -0.200847 0.00133516 0.000190738 0.392729 -0.249621 0.000448977 
23 -0.00705719 0.00896454 -0.96685 -1.54881 0.466735 -1.37655 -1.03246 1.48969 0.136378 1.74353 0.00171664 -0.197414 -0.00324254 -0.000572213 0.39044 -0.249951 -0.001248 -0.200847 0.00133516 0.000190738 0.392729 -0.249621 0.000448977 
23 -0.00705719 0.00896454 -0.967994 -1.5492 0.472457 -1.37655 -1.0359 1.49007 0.136759 1.74353 0.00209812 -0.197414 -0.00324254 -0.000572213 0.39044 -0.249951 -0.001248 -0.200847 0.00133516 0.000190738 0.392729 -0.249621 0.000448977 
23 -0.00705719 0.00896454 -0.968757 -1.5492 0.47818 -1.37655 -1.03971 1.49083 0.136759 1.74353 0.00209812 -0.197414 -0.00324254 -0.000572213 0.39044 -0.249951 -0.001248 -0.200847 0.00133516 0.000190738 0.392729 -0.249621 0.000448977 
23 -0.00705719 0.00896454 -0.969902 -1.5492 0.484283 -1.37655 -1.04314 1.49121 0.136759 1.74353 0.00247959 -0.197414 -0.00324254 -0.000572213 0.39044 -0.249951 -0.001248 -0.200847 0.00133516 0.000190738 0.392729 -0.249621 0.000448977 
23 -0.00705719 0.00896454 -0.971046 -1.5492 0.490005 -1.37655 -1.04696 1.49159 0.136759 1.74353 0.00247959 -0.197414 -0.00324254 -0.000572213 0.39044 -0.249951 -0.001248 -0.200847 0.00133516 0.000190738 0.392729 -0.249621 0.000448977 
23 -0.00705719 0.00896454 -0.97219 -1.5492 0.496109 -1.37655 -1.05039 1.49236 0.136759 1.74353 0.00247959 -0.197414 -0.00324254 -0.000572213 0.39044 -0.249951 -0.001248 -0.200847 0.00133516 0.000190738 0.392729 -0.249621 0.000448977 
23 -0.00705719 0.00896454 -0.972953 -1.54958 0.502213 -1.37655 -1.05383 1.49312 0.136759 1.74353 0.00286107 -0.197414 -0.00324254 -0.000572213 0.39044 -0.249951 -0.001248 -0.200847 0.00133516 0.000190738 0.392729 -0.249621 0.000448977 
23 -0.00705719 0.00896454 -0.974098 -1.54958 0.508316 -1.37655 -1.05802 1.49426 0.13714 1.74353 0.00286107 -0.197414 -0.00324254 -0.000572213 0.39044 -0.249951 -0.001248 -0.200847 0.00133516 0.000190738 0.392729 -0.249621 0.000448977 
23 -0.00705719 0.00896454 -0.974861 -1.54958 0.514038 -1.37655 -1.06107 1.49503 0.13714 1.74353 0.00324254 -0.197414 -0.00324254 -0.000572213 0.39044 -0.249951 -0.001248 -0.200847 0.00133516 0.000190738 0.392729 -0.249621 0.000448977 
23 -0.00705719 0.00934601 -0.975624 -1.54958 0.520142 -1.37655 -1.06527 1.49541 0.13714 1.74392 0.00362402 -0.197414 -0.00324254 -0.000572213 0.39044 -0.249951 -0.001248 -0.200847 0.00133516 0.000190738 0.392729 -0.249621 0.000448977 
23 -0.00705719 0.00896454 -0.976768 -1.54958 0.526246 -1.37617 -1.06832 1.49579 0.13714 1.74392 0.00400549 -0.197414 -0.00324254 -0.000572213 0.39044 -0.249951 -0.001248 -0.200847 0.00133516 0.000190738 0.392729 -0.249621 0.000448977 
23 -0.00705719 0.00896454 -0.977531 -1.54958 0.532349 -1.37617 -1.07214 1.49617 0.13714 1.74392 0.00438697 -0.197414 -0.00324254 -0.000572213 0.39044 -0.249951 -0.001248 -0.200847 0.00133516 0.000190738 0.392729 -0.249621 0.000448977 
23 -0.00705719 0.00896454 -0.978294 -1.54958 0.538453 -1.37617 -1.07595 1.49655 0.13714 1.74392 0.00438697 -0.197414 -0.00324254 -0.000572213 0.39044 -0.249951 -0.001248 -0.200847 0.00133516 0.000190738 0.392729 -0.249621 0.000448977 
23 -0.00705719 0.00934601 -0.979438 -1.54958 0.544556 -1.37579 -1.079 1.49693 0.13714 1.74392 0.00476844 -0.197414 -0.00324254 -0.000572213 0.39044 -0.249951 -0.001248 -0.200847 0.00133516 0.000190738 0.392729 -0.249621 0.000448977 
23 -0.00705719 0.00896454 -0.980201 -1.54958 0.55066 -1.37541 -1.08282 1.4977 0.13714 1.74392 0.00514992 -0.197414 -0.00324254 -0.000572213 0.39044 -0.249951 -0.001248 -0.200847 0.00133516 0.000190738 0.392729 -0.249621 0.000448977 
23 -0.00705719 0.00896454 -0.980583 -1.54958 0.556764 -1.37503 -1.08625 1.49808 0.137522 1.74392 0.00514992 -0.197414 -0.00324254 -0.000572213 0.39044 -0.249951 -0.001248 -0.200847 0.00133516 0.000190738 0.392729 -0.249621 0.000448977 
23 -0.00705719 0.00896454 -0.981346 -1.54958 0.562867 -1.37465 -1.09007 1.49846 0.137522 1.7443 0.0055314 -0.197414 -0.00324254 -0.000572213 0.39044 -0.249951 -0.001248 -0.200847 0.00133516 0.000190738 0.392729 -0.249621 0.000448977 
23 -0.00705719 0.00896454 -0.982109 -1.54958 0.568971 -1.37427 -1.09312 1.49922 0.137522 1.7443 0.00591287 -0.197414 -0.00324254 -0.000572213 0.39044 -0.249951 -0.001248 -0.200847 0.00133516 0.000190738 0.392729 -0.249621 0.000448977 
23 -0.00705719 0.00896454 -0.983253 -1.54958 0.575074 -1.3735 -1.09693 1.49999 0.137522 1.7443 0.00629435 -0.197414 -0.00324254 -0.000572213 0.39044 -0.249951 -0.001248 -0.200847 0.00133516 0.000190738 0.392729 -0.249621 0.000448977 
23 -0.00705719 0.00896454 -0.983635 -1.54958 0.581559 -1.37312 -1.10075 1.50075 0.137522 1.7443 0.00629435 -0.197414 -0.00324254 -0.000572213 0.39044 -0.249951 -0.001248 -0.200847 0.00133516 0.000190738 0.392729 -0.249621 0.000448977 
23 -0.00705719 0.00896454 -0.984398 -1.5492 0.587663 -1.37274 -1.10418 1.50151 0.137522 1.7443 0.00667582 -0.197414 -0.00324254 -0.000572213 0.39044 -0.249951 -0.001248 -0.200847 0.00133516 0.000190738 0.392729 -0.249621 0.000448977 
23 -0.00705719 0.00896454 -0.985161 -1.5492 0.593767 -1.37198 -1.108 1.50189 0.137903 1.7443 0.0070573 -0.197414 -0.00324254 -0.000572213 0.39044 -0.249951 -0.001248 -0.200847 0.00133516 0.000190738 0.392729 -0.249621 0.000448977 
23 -0.00705719 0.00896454 -0.985542 -1.5492 0.59987 -1.37121 -1.11105 1.50227 0.137903 1.7443 0.0070573 -0.197414 -0.00324254 -0.000572213 0.39044 -0.249951 -0.001248 -0.200847 0.00133516 0.000190738 0.392729 -0.249621 0.000448977 
23 -0.00705719 0.00896454 -0.986305 -1.5492 0.606355 -1.37083 -1.11486 1.50266 0.137903 1.74468 0.00743877 -0.197414 -0.00324254 -0.000572213 0.39044 -0.249951 -0.001248 -0.200847 0.00133516 0.000190738 0.392729 -0.249621 0.000448977 
23 -0.00705719 0.00896454 -0.986687 -1.5492 0.612459 -1.37007 -1.11791 1.50304 0.137903 1.74468 0.00782025 -0.197414 -0.00324254 -0.000572213 0.39044 -0.249951 -0.001248 -0.200847 0.00133516 0.000190738 0.392729 -0.249621 0.000448977 
23 -0.00705719 0.00896454 -0.987068 -1.5492 0.618563 -1.36892 -1.12173 1.50342 0.137903 1.74468 0.00782025 -0.197414 -0.00324254 -0.000572213 0.39044 -0.249951 -0.001248 -0.200847 0.00133516 0.000190738 0.392729 -0.249621 0.000448977 
23 -0.00705719 0.00896454 -0.987449 -1.5492 0.624666 -1.36816 -1.12516 1.5038 0.137903 1.74468 0.00820172 -0.197414 -0.00324254 -0.000572213 0.39044 -0.249951 -0.001248 -0.200847 0.00133516 0.000190738 0.392729 -0.249621 0.000448977 
23 -0.00705719 0.00896454 -0.987831 -1.5492 0.63077 -1.3674 -1.1286 1.5038 0.137903 1.74468 0.00820172 -0.197414 -0.00324254 -0.000572213 0.39044 -0.249951 -0.001248 -0.200847 0.00133516 0.000190738 0.392729 -0.249621 0.000448977 
23 -0.00705719 0.00896454 -0.988212 -1.5492 0.636873 -1.36625 -1.13203 1.50456 0.137903 1.74468 0.0085832 -0.197414 -0.00324254 -0.000572213 0.39044 -0.249951 -0.001248 -0.200847 0.00133516 0.000190738 0.392729 -0.249621 0.000448977 
23 -0.00705719 0.00896454 -0.988594 -1.54958 0.643359 -1.36587 -1.13508 1.50494 0.137903 1.74468 0.0085832 -0.197414 -0.00324254 -0.000572213 0.39044 -0.249951 -0.001248 -0.200847 0.00133516 0.000190738 0.392729 -0.249621 0.000448977 
23 -0.00705719 0.00896454 -0.988975 -1.54958 0.649462 -1.36511 -1.1389 1.50571 0.137903 1.74506 0.00896468 -0.197414 -0.00324254 -0.000572213 0.39044 -0.249951 -0.001248 -0.200847 0.00133516 0.000190738 0.392729 -0.249621 0.000448977 
23 -0.00705719 0.00896454 -0.989357 -1.54958 0.655566 -1.36435 -1.14195 1.50609 0.137903 1.74506 0.00896468 -0.197414 -0.00324254 -0.000572213 0.39044 -0.249951 -0.001248 -0.200847 0.00133516 0.000190738 0.392729 -0.249621 0.000448977 
23 -0.00705719 0.00896454 -0.989738 -1.54958 0.662051 -1.36397 -1.14576 1.50685 0.137903 1.74506 0.00934615 -0.197414 -0.00324254 -0.000572213 0.39044 -0.249951 -0.001248 -0.200847 0.00133516 0.000190738 0.392729 -0.249621 0.000448977 
23 -0.00705719 0.00896454 -0.99012 -1.54958 0.668154 -1.3632 -1.14843 1.50723 0.137903 1.74544 0.00934615 -0.197414 -0.00324254 -0.000572213 0.39044 -0.249951 -0.001248 -0.200847 0.00133516 0.000190738 0.392729 -0.249621 0.000448977 
23 -0.00705719 0.00896454 -0.990501 -1.54958 0.674258 -1.36244 -1.15225 1.50761 0.137903 1.74544 0.00972763 -0.197414 -0.00324254 -0.000572213 0.39044 -0.249951 -0.001248 -0.200847 0.00133516 0.000190738 0.392729 -0.249621 0.000448977 
23 -0.00705719 0.00896454 -0.990883 -1.54958 0.680362 -1.36168 -1.1553 1.508 0.137903 1.74582 0.00972763 -0.197414 -0.00324254 -0.000572213 0.39044 -0.249951 -0.001248 -0.200847 0.00133516 0.000190738 0.392729 -0.249621 0.000448977 
23 -0.00705719 0.00896454 -0.991264 -1.54958 0.686465 -1.36091 -1.15873 1.50838 0.137903 1.7462 0.0101091 -0.197414 -0.00324254 -0.000572213 0.39044 -0.249951 -0.001248 -0.200847 0.00133516 0.000190738 0.392729 -0.249621 0.000448977 
23 -0.00705719 0.00896454 -0.991264 -1.54958 0.69295 -1.36015 -1.16178 1.50876 0.137903 1.74697 0.0104906 -0.197414 -0.00324254 -0.000572213 0.39044 -0.249951 -0.001248 -0.200847 0.00133516 0.000190738 0.392729 -0.249621 0.000448977 
23 -0.00705719 0.00896454 -0.991646 -1.54958 0.699054 -1.35939 -1.16522 1.50914 0.138285 1.74773 0.0104906 -0.197414 -0.00324254 -0.000572213 0.39044 -0.249951 -0.001248 -0.200847 0.00133516 0.000190738 0.392729 -0.249621 0.000448977 
23 -0.00705719 0.00896454 -0.992027 -1.54958 0.705158 -1.35901 -1.16865 1.5099 0.138285 1.74849 0.0104906 -0.197414 -0.00324254 -0.000572213 0.39044 -0.249951 -0.001248 -0.200847 0.00133516 0.000190738 0.392729 -0.249621 0.000448977 
23 -0.00705719 0.00896454 -0.992409 -1.54958 0.711261 -1.35824 -1.17208 1.51029 0.138285 1.74887 0.0108721 -0.197414 -0.00324254 -0.000572213 0.39044 -0.249951 -0.001248 -0.200847 0.00133516 0.000190738 0.392729 -0.249621 0.000448977 
23 -0.00705719 0.00896454 -0.992409 -1.54958 0.717365 -1.35786 -1.17552 1.51067 0.138666 1.74964 0.0108721 -0.197414 -0.00324254 -0.000572213 0.39044 -0.249951 -0.001248 -0.200847 0.00133516 0.000190738 0.392729 -0.249621 0.000448977 
23 -0.00705719 0.00896454 -0.99279 -1.54958 0.723468 -1.3571 -1.17857 1.51105 0.138666 1.7504 0.0112535 -0.197414 -0.00324254 -0.000572213 0.39044 -0.249951 -0.001248 -0.200847 0.00133516 0.000190738 0.392729 -0.249621 0.000448977 
23 -0.00705719 0.00896454 -0.993172 -1.54958 0.729572 -1.35595 -1.182 1.51181 0.139048 1.75116 0.0112535 -0.197414 -0.00324254 -0.000572213 0.39044 -0.249951 -0.001248 -0.200847 0.00133516 0.000190738 0.392729 -0.249621 0.000448977 
23 -0.00705719 0.00896454 -0.993172 -1.54958 0.735676 -1.35519 -1.18544 1.51257 0.139429 1.75154 0.011635 -0.197414 -0.00324254 -0.000572213 0.39044 -0.249951 -0.001248 -0.200847 0.00133516 0.000190738 0.392729 -0.249621 0.000448977 
23 -0.00705719 0.00896454 -0.993172 -1.54958 0.742161 -1.35481 -1.18925 1.51334 0.139429 1.75231 0.011635 -0.197414 -0.00324254 -0.000572213 0.39044 -0.249951 -0.001248 -0.200847 0.00133516 0.000190738 0.392729 -0.249621 0.000448977 
23 -0.00743866 0.00896454 -0.993553 -1.54958 0.748264 -1.35405 -1.19192 1.5141 0.139811 1.75345 0.011635 -0.197414 -0.00324254 -0.000572213 0.39044 -0.249951 -0.001248 -0.200847 0.00133516 0.000190738 0.392729 -0.249621 0.000448977 
23 -0.00743866 0.00896454 -0.993553 -1.54996 0.754368 -1.35328 -1.19535 1.51448 0.140192 1.75498 0.011635 -0.197414 -0.00324254 -0.000572213 0.39044 -0.249951 -0.001248 -0.200847 0.00133516 0.000190738 0.392729 -0.249621 0.000448977 
23 -0.00705719 0.00896454 -0.993935 -1.54996 0.760472 -1.3529 -1.19841 1.51486 0.140574 1.75574 0.011635 -0.197414 -0.00324254 -0.000572213 0.39044 -0.249951 -0.001248 -0.200847 0.00133516 0.000190738 0.392729 -0.249621 0.000448977 
23 -0.00705719 0.00896454 -0.993935 -1.54996 0.766957 -1.35252 -1.20222 1.51524 0.140955 1.75689 0.0120165 -0.197414 -0.00324254 -0.000572213 0.39044 -0.249951 -0.001248 -0.200847 0.00133516 0.000190738 0.392729 -0.249621 0.000448977 
23 -0.00705719 0.00896454 -0.993935 -1.54996 0.77306 -1.35214 -1.20489 1.51563 0.141337 1.75765 0.0120165 -0.197414 -0.00324254 -0.000572213 0.39044 -0.249951 -0.001248 -0.201228 0.00133516 0.000190738 0.392729 -0.249621 0.000448977 
23 -0.00743866 0.00896454 -0.994316 -1.54996 0.779164 -1.35176 -1.20832 1.51601 0.141718 1.75841 0.011635 -0.197414 -0.00324254 -0.000572213 0.39044 -0.249951 -0.001248 -0.200847 0.00133516 0.000190738 0.392729 -0.249621 0.000448977 
23 -0.00743866 0.00896454 -0.994316 -1.55034 0.785267 -1.35138 -1.21099 1.51639 0.141718 1.75956 0.011635 -0.197414 -0.00324254 -0.000572213 0.39044 -0.249951 -0.001248 -0.200847 0.00133516 0.000190738 0.392729 -0.249621 0.000448977 
23 -0.00705719 0.00896454 -0.994698 -1.55034 0.791753 -1.351 -1.21443 1.51715 0.1421 1.7607 0.011635 -0.197414 -0.00324254 -0.000572213 0.39044 -0.249951 -0.001248 -0.200847 0.00133516 0.000190738 0.392729 -0.249621 0.000448977 
23 -0.00743866 0.00896454 -0.994698 -1.55034 0.797856 -1.35061 -1.21748 1.51753 0.1421 1.76184 0.011635 -0.197414 -0.00324254 -0.000572213 0.39044 -0.249951 -0.001248 -0.200847 0.00133516 0.000190738 0.392729 -0.249621 0.000448977 
23 -0.00743866 0.00896454 -0.994698 -1.55034 0.80396 -1.34985 -1.22053 1.5183 0.142481 1.76299 0.011635 -0.197414 -0.00324254 -0.000572213 0.39044 -0.249951 -0.001248 -0.200847 0.00133516 0.000190738 0.392729 -0.249621 0.000448977 
23 -0.00743866 0.00896454 -0.994698 -1.55072 0.810445 -1.34947 -1.22358 1.51906 0.142481 1.76375 0.011635 -0.197414 -0.00324254 -0.000572213 0.39044 -0.249951 -0.001248 -0.200847 0.00133516 0.000190738 0.392729 -0.249621 0.000448977 
23 -0.00743866 0.00896454 -0.994698 -1.55072 0.816548 -1.34909 -1.22702 1.51982 0.142863 1.7649 0.011635 -0.197414 -0.00324254 -0.000572213 0.39044 -0.249951 -0.001248 -0.200847 0.00133516 0.000190738 0.392729 -0.249621 0.000448977 
23 -0.00705719 0.00896454 -0.995079 -1.55072 0.822652 -1.34833 -1.2293 1.5202 0.142863 1.76642 0.011635 -0.197414 -0.00324254 -0.000572213 0.39044 -0.249951 -0.001248 -0.200847 0.00133516 0.000190738 0.392729 -0.249621 0.000448977 
23 -0.00705719 0.00896454 -0.995079 -1.55072 0.828756 -1.34794 -1.23274 1.52059 0.143244 1.76757 0.011635 -0.197414 -0.00324254 -0.000572213 0.39044 -0.249951 -0.001248 -0.200847 0.00133516 0.000190738 0.392729 -0.249621 0.000448977 
23 -0.00705719 0.00896454 -0.995079 -1.55072 0.835241 -1.34756 -1.23503 1.52059 0.143244 1.76871 0.011635 -0.197414 -0.00324254 -0.000572213 0.39044 -0.249951 -0.001248 -0.200847 0.00133516 0.000190738 0.392729 -0.249419 0.000873699 
23 -0.00743866 0.00896454 -0.995079 -1.5511 0.841344 -1.3468 -1.23846 1.52097 0.143244 1.76986 0.011635 -0.197414 -0.00324254 -0.000572213 0.39044 -0.249951 -0.001248 -0.200847 0.00133516 0.000190738 0.392729 -0.249419 0.000873839 
23 -0.00743866 0.00896454 -0.995079 -1.5511 0.847448 -1.34642 -1.24113 1.52173 0.143244 1.77062 0.011635 -0.197414 -0.00324254 -0.000572213 0.39044 -0.249951 -0.001248 -0.200847 0.00133516 0.000190738 0.392729 -0.249419 0.000873839 
23 -0.00743866 0.00896454 -0.99546 -1.5511 0.853552 -1.34604 -1.2438 1.52211 0.143244 1.77214 0.011635 -0.197414 -0.00324254 -0.000572213 0.39044 -0.249951 -0.001248 -0.200847 0.00133516 0.000190738 0.392729 -0.249419 0.000873839 
23 -0.00743866 0.00896454 -0.99546 -1.5511 0.859655 -1.34565 -1.24647 1.52249 0.143244 1.77367 0.011635 -0.197414 -0.00324254 -0.000572213 0.39044 -0.249951 -0.001248 -0.200847 0.00133516 0.000190738 0.392729 -0.249419 0.000873839 
23 -0.00743866 0.00896454 -0.99546 -1.55148 0.865759 -1.34489 -1.24876 1.52287 0.143244 1.77481 0.011635 -0.197414 -0.00324254 -0.000572213 0.39044 -0.249951 -0.001248 -0.200847 0.00133516 0.000190738 0.392729 -0.249419 0.000873839 
23 -0.00743866 0.00896454 -0.995842 -1.55148 0.871862 -1.34413 -1.25181 1.52326 0.143244 1.77596 0.011635 -0.197414 -0.00324254 -0.000572213 0.39044 -0.249951 -0.001248 -0.200847 0.00133516 0.000190738 0.392729 -0.249419 0.000873839 
23 -0.00705719 0.00896454 -0.995842 -1.55148 0.877966 -1.34337 -1.2541 1.52402 0.143626 1.7771 0.011635 -0.197414 -0.00324254 -0.000572213 0.39044 -0.249951 -0.001248 -0.200847 0.00133516 0.000190738 0.392729 -0.249419 0.000873839 
23 -0.00743866 0.00896454 -0.995842 -1.55187 0.88407 -1.34298 -1.25715 1.52478 0.143626 1.77863 0.011635 -0.197414 -0.00324254 -0.000572213 0.39044 -0.249951 -0.001248 -0.200847 0.00133516 0.000190738 0.392729 -0.249419 0.000873839 
23 -0.00743866 0.00896454 -0.995842 -1.55187 0.890173 -1.34222 -1.25944 1.52554 0.143626 1.78016 0.011635 -0.197414 -0.00324254 -0.000572213 0.39044 -0.249951 -0.001248 -0.200847 0.00133516 0.000190738 0.392729 -0.249419 0.000873839 
23 -0.00705719 0.00896454 -0.996223 -1.55187 0.895895 -1.34184 -1.26173 1.52631 0.143626 1.7813 0.011635 -0.197414 -0.00324254 -0.000572213 0.39044 -0.249951 -0.001248 -0.200847 0.00133516 0.000190738 0.392729 -0.249419 0.000873839 
23 -0.00743866 0.00896454 -0.996223 -1.55187 0.901999 -1.34146 -1.26478 1.52669 0.143626 1.78244 0.011635 -0.197414 -0.00324254 -0.000572213 0.39044 -0.249951 -0.001248 -0.200847 0.00133516 0.000190738 0.392729 -0.249419 0.000873839 
23 -0.00743866 0.00896454 -0.996223 -1.55187 0.908103 -1.34108 -1.26669 1.52707 0.143626 1.78359 0.011635 -0.197414 -0.00324254 -0.000572213 0.39044 -0.249951 -0.001248 -0.200847 0.00133516 0.000190738 0.392729 -0.249419 0.000873839 
23 -0.00743866 0.00896454 -0.996223 -1.55187 0.914206 -1.3407 -1.26974 1.52745 0.143626 1.7855 0.011635 -0.197414 -0.00324254 -0.000572213 0.39044 -0.249951 -0.001248 -0.200847 0.00133516 0.000190738 0.392729 -0.249419 0.000873839 
23 -0.00705719 0.00896454 -0.996223 -1.55225 0.919928 -1.34031 -1.27203 1.52783 0.143626 1.78664 0.0112535 -0.197414 -0.00324254 -0.000572213 0.39044 -0.249951 -0.001248 -0.200847 0.00133516 0.000190738 0.392729 -0.249419 0.000873839 
23 -0.00705719 0.00896454 -0.996223 -1.55225 0.926032 -1.33993 -1.27432 1.5286 0.143626 1.78779 0.0112535 -0.197414 -0.00324254 -0.000572213 0.39044 -0.249951 -0.001248 -0.200847 0.00133516 0.000190738 0.392729 -0.249419 0.000873839 
23 -0.00743866 0.00896454 -0.996223 -1.55225 0.931754 -1.33955 -1.27699 1.52898 0.143626 1.78893 0.0112535 -0.197414 -0.00324254 -0.000572213 0.39044 -0.249951 -0.001248 -0.200847 0.00133516 0.000190738 0.392729 -0.249419 0.000873839 
23 -0.00705719 0.00896454 -0.996605 -1.55225 0.937858 -1.33917 -1.27928 1.52936 0.143626 1.79084 0.0112535 -0.197414 -0.00324254 -0.000572213 0.39044 -0.249951 -0.001248 -0.200847 0.00133516 0.000190738 0.392729 -0.249419 0.000873839 
23 -0.00705719 0.00896454 -0.996605 -1.55225 0.94358 -1.33917 -1.28157 1.53012 0.143626 1.79236 0.0112535 -0.197414 -0.00324254 -0.000572213 0.39044 -0.249951 -0.001248 -0.200847 0.00133516 0.000190738 0.392729 -0.249419 0.000873839 
23 -0.00743866 0.00896454 -0.996605 -1.55225 0.94892 -1.33879 -1.28386 1.53088 0.143626 1.79351 0.0112535 -0.197414 -0.00324254 -0.000572213 0.39044 -0.249951 -0.001248 -0.200847 0.00133516 0.000190738 0.392729 -0.249419 0.000873839 
23 -0.00743866 0.00896454 -0.996605 -1.55225 0.955024 -1.33841 -1.28614 1.53165 0.143626 1.79465 0.0112535 -0.197414 -0.00324254 -0.000572213 0.39044 -0.249951 -0.001248 -0.200847 0.00133516 0.000190738 0.392729 -0.249419 0.000873839 
23 -0.00705719 0.00896454 -0.996605 -1.55263 0.960746 -1.33841 -1.2892 1.53203 0.143626 1.7958 0.0112535 -0.197414 -0.00324254 -0.000572213 0.39044 -0.249951 -0.001248 -0.200847 0.00133516 0.000190738 0.392729 -0.249419 0.000873839 
23 -0.00743866 0.00896454 -0.996605 -1.55263 0.966468 -1.33803 -1.2911 1.53241 0.143626 1.79732 0.0112535 -0.197414 -0.00324254 -0.000572213 0.39044 -0.249951 -0.001248 -0.200847 0.00133516 0.000190738 0.392729 -0.249419 0.000873839 
23 -0.00705719 0.00896454 -0.996605 -1.55263 0.97219 -1.33764 -1.29377 1.53279 0.143626 1.79885 0.0112535 -0.197414 -0.00324254 -0.000572213 0.39044 -0.249951 -0.001248 -0.200847 0.00133516 0.000190738 0.392729 -0.249419 0.000873839 
23 -0.00705719 0.00896454 -0.996605 -1.55263 0.977913 -1.33764 -1.29606 1.53317 0.143626 1.79999 0.0108721 -0.197414 -0.00324254 -0.000572213 0.39044 -0.249951 -0.001248 -0.200847 0.00133516 0.000190738 0.392729 -0.249419 0.000873839 
23 -0.00743866 0.00896454 -0.996986 -1.55263 0.983635 -1.33764 -1.29797 1.53356 0.143626 1.80114 0.0108721 -0.197414 -0.00324254 -0.000572213 0.39044 -0.249951 -0.001248 -0.200847 0.00133516 0.000190738 0.392729 -0.249419 0.000873839 
23 -0.00705719 0.00896454 -0.996986 -1.55263 0.989357 -1.33764 -1.30102 1.53394 0.143626 1.80266 0.0108721 -0.197414 -0.00324254 -0.000572213 0.39044 -0.249951 -0.001248 -0.200847 0.00133516 0.000190738 0.392729 -0.249419 0.000873839 
23 -0.00743866 0.00896454 -0.996986 -1.55301 0.995079 -1.33764 -1.30293 1.5347 0.143626 1.80457 0.0108721 -0.197414 -0.00324254 -0.000572213 0.39044 -0.249951 -0.001248 -0.200847 0.00133516 0.000190738 0.392729 -0.249419 0.000873839 
23 -0.00705719 0.00896454 -0.996986 -1.55301 1.0008 -1.33764 -1.30522 1.53508 0.143626 1.80571 0.0108721 -0.197414 -0.00324254 -0.000572213 0.39044 -0.249951 -0.001248 -0.200847 0.00133516 0.000190738 0.392729 -0.249419 0.000873839 
23 -0.00705719 0.00896454 -0.996986 -1.55301 1.00614 -1.33764 -1.30789 1.53546 0.143626 1.80686 0.0108721 -0.197414 -0.00324254 -0.000572213 0.39044 -0.249951 -0.001248 -0.200847 0.00133516 0.000190738 0.392729 -0.249419 0.000873839 
23 -0.00705719 0.00896454 -0.997368 -1.55339 1.01148 -1.33764 -1.3098 1.53584 0.143626 1.808 0.0108721 -0.197414 -0.00324254 -0.000572213 0.39044 -0.249951 -0.001248 -0.200847 0.00133516 0.000190738 0.392729 -0.249419 0.000873839 
23 -0.00705719 0.00896454 -0.997368 -1.55339 1.01682 -1.33764 -1.31247 1.53661 0.143626 1.80991 0.0108721 -0.197414 -0.00324254 -0.000572213 0.39044 -0.249951 -0.001248 -0.200847 0.00133516 0.000190738 0.392729 -0.249419 0.000873839 
23 -0.00705719 0.00896454 -0.997368 -1.55377 1.02255 -1.33764 -1.31476 1.53737 0.143626 1.81106 0.0108721 -0.197414 -0.00324254 -0.000572213 0.39044 -0.249951 -0.001248 -0.200847 0.00133516 0.000190738 0.392729 -0.249419 0.000873839 
23 -0.00705719 0.00896454 -0.997368 -1.55377 1.02789 -1.33764 -1.31704 1.53813 0.143626 1.8122 0.0108721 -0.197414 -0.00324254 -0.000572213 0.39044 -0.249951 -0.001248 -0.200847 0.00133516 0.000190738 0.392729 -0.249419 0.000873839 
23 -0.00743866 0.00896454 -0.997749 -1.55377 1.03323 -1.33764 -1.31971 1.53851 0.143626 1.81373 0.0108721 -0.197414 -0.00324254 -0.000572213 0.39044 -0.249951 -0.001248 -0.200847 0.00133516 0.000190738 0.392729 -0.249419 0.000873839 
23 -0.00705719 0.00896454 -0.997749 -1.55415 1.03895 -1.33764 -1.32162 1.5389 0.143626 1.81487 0.0108721 -0.197414 -0.00324254 -0.000572213 0.39044 -0.249951 -0.001248 -0.200847 0.00133516 0.000190738 0.392729 -0.249419 0.000873839 
23 -0.00705719 0.00896454 -0.997749 -1.55415 1.04429 -1.33764 -1.32391 1.53928 0.143626 1.81678 0.0108721 -0.197414 -0.00324254 -0.000572213 0.39044 -0.249951 -0.001248 -0.200847 0.00133516 0.000190738 0.392729 -0.249419 0.000873839 
23 -0.00705719 0.00896454 -0.997749 -1.55454 1.04925 -1.33803 -1.32658 1.53966 0.143626 1.8183 0.0104906 -0.197414 -0.00324254 -0.000572213 0.39044 -0.249951 -0.001248 -0.200847 0.00133516 0.000190738 0.392729 -0.249419 0.000873839 
23 -0.00705719 0.00896454 -0.998131 -1.55454 1.05459 -1.33803 -1.32887 1.54004 0.143626 1.81945 0.0104906 -0.197414 -0.00324254 -0.000572213 0.39044 -0.249951 -0.001248 -0.201228 0.00133516 0.000190738 0.392729 -0.249419 0.000873839 
23 -0.00705719 0.00896454 -0.998131 -1.55492 1.05955 -1.33803 -1.33116 1.54042 0.143626 1.82059 0.0104906 -0.197414 -0.00324254 -0.000572213 0.39044 -0.249951 -0.001248 -0.200847 0.00133516 0.000190738 0.392729 -0.249419 0.000873839 
23 -0.00705719 0.00896454 -0.998512 -1.5553 1.06489 -1.33841 -1.33345 1.5408 0.143626 1.82212 0.0104906 -0.197414 -0.00324254 -0.000572213 0.39044 -0.249951 -0.001248 -0.200847 0.00133516 0.000190738 0.392729 -0.249419 0.000873839 
23 -0.00705719 0.00896454 -0.998512 -1.55568 1.07023 -1.33841 -1.33574 1.54118 0.143626 1.82364 0.0104906 -0.197414 -0.00324254 -0.000572213 0.39044 -0.249951 -0.001248 -0.200847 0.00133516 0.000190738 0.392729 -0.249419 0.000873839 
23 -0.00705719 0.00896454 -0.998894 -1.55606 1.07557 -1.33879 -1.33841 1.54195 0.143626 1.82479 0.0104906 -0.197414 -0.00324254 -0.000572213 0.39044 -0.249951 -0.001248 -0.200847 0.00133516 0.000190738 0.392729 -0.249419 0.000873839 
23 -0.00705719 0.00896454 -0.998894 -1.55644 1.08015 -1.33879 -1.33993 1.54233 0.143626 1.82593 0.0104906 -0.197414 -0.00324254 -0.000572213 0.39044 -0.249951 -0.001248 -0.200847 0.00133516 0.000190738 0.392729 -0.249419 0.000873839 
23 -0.00705719 0.00896454 -0.999275 -1.55683 1.08511 -1.33879 -1.34222 1.54309 0.143626 1.82708 0.0104906 -0.197414 -0.00324254 -0.000572213 0.39044 -0.249951 -0.001248 -0.200847 0.00133516 0.000190738 0.392729 -0.249419 0.000873839 
23 -0.00705719 0.00896454 -0.999657 -1.55721 1.09045 -1.33917 -1.34489 1.54386 0.143626 1.8286 0.0104906 -0.197414 -0.00324254 -0.000572213 0.39044 -0.249951 -0.001248 -0.200847 0.00133516 0.000190738 0.392729 -0.249419 0.000873839 
23 -0.00705719 0.00896454 -0.999657 -1.55759 1.09541 -1.33917 -1.3468 1.54462 0.143626 1.83013 0.0104906 -0.197414 -0.00324254 -0.000572213 0.39044 -0.249951 -0.001248 -0.200847 0.00133516 0.000190738 0.392729 -0.249419 0.000873839 
23 -0.00705719 0.00896454 -1.00004 -1.55835 1.10075 -1.33917 -1.34871 1.545 0.143626 1.83127 0.0104906 -0.197414 -0.00324254 -0.000572213 0.39044 -0.249951 -0.001248 -0.200847 0.00133516 0.000190738 0.392729 -0.249419 0.000873839 
23 -0.00705719 0.00896454 -1.00042 -1.55873 1.10533 -1.33955 -1.35138 1.54538 0.143626 1.83204 0.0104906 -0.197414 -0.00324254 -0.000572213 0.39044 -0.249951 -0.001248 -0.200847 0.00133516 0.000190738 0.392729 -0.249419 0.000873839 
23 -0.00705719 0.00896454 -1.0008 -1.55911 1.1099 -1.33955 -1.35328 1.54538 0.143626 1.83318 0.0104906 -0.197414 -0.00324254 -0.000572213 0.39044 -0.249951 -0.001248 -0.200847 0.00133516 0.000190738 0.392729 -0.249419 0.000873839 
23 -0.00705719 0.00896454 -1.00118 -1.5595 1.11524 -1.33955 -1.35557 1.54576 0.143626 1.83433 0.0104906 -0.197414 -0.00324254 -0.000572213 0.39044 -0.249951 -0.001248 -0.200847 0.00133516 0.000190738 0.392729 -0.249419 0.000873839 
23 -0.00705719 0.00896454 -1.00118 -1.56026 1.11982 -1.33955 -1.35786 1.54614 0.143626 1.83585 0.0104906 -0.197414 -0.00324254 -0.000572213 0.39044 -0.249951 -0.001248 -0.200847 0.00133516 0.000190738 0.392729 -0.249419 0.000873839 
23 -0.00705719 0.00896454 -1.00156 -1.56064 1.12478 -1.33955 -1.35977 1.54691 0.143626 1.83661 0.0104906 -0.197414 -0.00324254 -0.000572213 0.39044 -0.249951 -0.001248 -0.200847 0.00133516 0.000190738 0.392729 -0.249419 0.000873839 
23 -0.00705719 0.00896454 -1.00195 -1.5614 1.12898 -1.33993 -1.36244 1.54729 0.143626 1.83776 0.0104906 -0.197414 -0.00324254 -0.000572213 0.39044 -0.249951 -0.001248 -0.200847 0.00133516 0.000190738 0.392729 -0.249419 0.000873839 
23 -0.00705719 0.00896454 -1.00233 -1.56178 1.13394 -1.33993 -1.36435 1.54767 0.143626 1.83852 0.0104906 -0.197414 -0.00324254 -0.000572213 0.39044 -0.249951 -0.001248 -0.200847 0.00133516 0.000190738 0.392729 -0.249419 0.000873839 
23 -0.00705719 0.00896454 -1.00271 -1.56217 1.13851 -1.33993 -1.36625 1.54767 0.143626 1.83967 0.0104906 -0.197414 -0.00324254 -0.000572213 0.39044 -0.249951 -0.001248 -0.200847 0.00133516 0.000190738 0.392729 -0.249419 0.000873839 
23 -0.00705719 0.00896454 -1.00271 -1.56293 1.14309 -1.34031 -1.36854 1.54805 0.143626 1.84119 0.0104906 -0.197414 -0.00324254 -0.000572213 0.39044 -0.249951 -0.001248 -0.200847 0.00133516 0.000190738 0.392729 -0.249419 0.000873839 
23 -0.00705719 0.00896454 -1.00309 -1.56331 1.14729 -1.34031 -1.37045 1.54843 0.143626 1.84234 0.0104906 -0.197414 -0.00324254 -0.000572213 0.39044 -0.249951 -0.001248 -0.200847 0.00133516 0.000190738 0.392729 -0.249419 0.000873839 
23 -0.00705719 0.00896454 -1.00385 -1.56407 1.15187 -1.34031 -1.37236 1.5492 0.143626 1.8431 0.0104906 -0.197414 -0.00324254 -0.000572213 0.39044 -0.249951 -0.001248 -0.200847 0.00133516 0.000190738 0.392729 -0.249419 0.000873839 
23 -0.00705719 0.00896454 -1.00423 -1.56445 1.15644 -1.3407 -1.37465 1.54996 0.143244 1.84424 0.0104906 -0.197414 -0.00324254 -0.000572213 0.39044 -0.249951 -0.001248 -0.200847 0.00133516 0.000190738 0.392729 -0.249419 0.000873839 
23 -0.00705719 0.00896454 -1.00462 -1.56484 1.16026 -1.3407 -1.37655 1.55072 0.143244 1.84501 0.0104906 -0.197414 -0.00324254 -0.000572213 0.39044 -0.249951 -0.001248 -0.200847 0.00133516 0.000190738 0.392729 -0.249419 0.000873839 
23 -0.00705719 0.00896454 -1.005 -1.56522 1.16484 -1.34108 -1.37846 1.5511 0.143244 1.84577 0.0104906 -0.197414 -0.00324254 -0.000572213 0.39044 -0.249951 -0.001248 -0.200847 0.00133516 0.000190738 0.392729 -0.249419 0.000873839 
23 -0.00705719 0.00896454 -1.00538 -1.56598 1.16941 -1.34108 -1.37999 1.55148 0.143244 1.84691 0.0104906 -0.197414 -0.00324254 -0.000572213 0.39044 -0.249951 -0.001248 -0.200847 0.00133516 0.000190738 0.392729 -0.249419 0.000873839 
23 -0.00705719 0.00896454 -1.00538 -1.56674 1.17323 -1.34146 -1.38228 1.55187 0.143244 1.84806 0.0104906 -0.197414 -0.00324254 -0.000572213 0.39044 -0.249951 -0.001248 -0.200847 0.00133516 0.000190738 0.392729 -0.249419 0.000873839 
23 -0.00705719 0.00896454 -1.00576 -1.56751 1.17781 -1.34146 -1.38418 1.55225 0.143244 1.84882 0.0104906 -0.197414 -0.00324254 -0.000572213 0.39044 -0.249951 -0.001248 -0.200847 0.00133516 0.000190738 0.392729 -0.249419 0.000873839 
23 -0.00705719 0.00896454 -1.00614 -1.56789 1.182 -1.34184 -1.38609 1.55263 0.143244 1.84958 0.0104906 -0.197414 -0.00324254 -0.000572213 0.39044 -0.249951 -0.001248 -0.200847 0.00133516 0.000190738 0.392729 -0.249419 0.000873839 
23 -0.00705719 0.00896454 -1.00652 -1.56827 1.1862 -1.34222 -1.388 1.55301 0.143244 1.85073 0.0104906 -0.197414 -0.00324254 -0.000572213 0.39044 -0.249951 -0.001248 -0.200847 0.00133516 0.000190738 0.392729 -0.249419 0.000873839 
23 -0.00705719 0.00934601 -1.0069 -1.56865 1.19039 -1.3426 -1.38991 1.55339 0.143244 1.85149 0.0104906 -0.197414 -0.00324254 -0.000572213 0.39044 -0.249951 -0.001248 -0.200847 0.00133516 0.000190738 0.392729 -0.249419 0.000873839 
23 -0.00705719 0.00896454 -1.00767 -1.56941 1.19459 -1.34298 -1.39143 1.55377 0.143244 1.85264 0.0104906 -0.197414 -0.00324254 -0.000572213 0.39044 -0.249951 -0.001248 -0.200847 0.00133516 0.000190738 0.392729 -0.249419 0.000873839 
23 -0.00705719 0.00896454 -1.00805 -1.57018 1.19841 -1.34337 -1.39334 1.55415 0.143244 1.85416 0.0104906 -0.197414 -0.00324254 -0.000572213 0.39044 -0.249951 -0.001248 -0.200847 0.00133516 0.000190738 0.392729 -0.249419 0.000873839 
23 -0.00705719 0.00934601 -1.00881 -1.57056 1.2026 -1.34413 -1.39525 1.55454 0.143244 1.85531 0.0104906 -0.197414 -0.00324254 -0.000572213 0.39044 -0.249951 -0.001248 -0.200847 0.00133516 0.000190738 0.392729 -0.249419 0.000873839 
23 -0.00705719 0.00896454 -1.00919 -1.57132 1.20718 -1.34451 -1.39715 1.55492 0.143244 1.85607 0.0104906 -0.197414 -0.00324254 -0.000572213 0.39044 -0.249951 -0.001248 -0.201228 0.00133516 0.000190738 0.392729 -0.249419 0.000873839 
23 -0.00705719 0.00896454 -1.00958 -1.5717 1.21061 -1.34527 -1.39906 1.55568 0.143244 1.85683 0.0104906 -0.197414 -0.00324254 -0.000572213 0.39044 -0.249951 -0.001248 -0.201228 0.00133516 0.000190738 0.392729 -0.249419 0.000873839 
23 -0.00705719 0.00896454 -1.01034 -1.57247 1.21481 -1.34565 -1.40097 1.55644 0.143244 1.8576 0.0104906 -0.197414 -0.00324254 -0.000572213 0.39044 -0.249951 -0.001248 -0.200847 0.00133516 0.000190738 0.392729 -0.249419 0.000873839 
23 -0.00705719 0.00896454 -1.01072 -1.57323 1.21901 -1.34604 -1.40249 1.55721 0.142863 1.85836 0.0104906 -0.197414 -0.00324254 -0.000572213 0.39044 -0.249951 -0.001248 -0.200847 0.00133516 0.000190738 0.392729 -0.249419 0.000873839 
23 -0.00705719 0.00896454 -1.0111 -1.57399 1.22244 -1.34642 -1.40402 1.55759 0.142863 1.8595 0.0104906 -0.197414 -0.00324254 -0.000572213 0.39044 -0.249951 -0.001248 -0.200847 0.00133516 0.000190738 0.392729 -0.249419 0.000873839 
23 -0.00705719 0.00896454 -1.01148 -1.57475 1.22663 -1.3468 -1.40631 1.55797 0.142863 1.86065 0.0104906 -0.197414 -0.00324254 -0.000572213 0.39044 -0.249951 -0.001248 -0.200847 0.00133516 0.000190738 0.392729 -0.249419 0.000873839 
23 -0.00705719 0.00896454 -1.01225 -1.57514 1.23083 -1.34718 -1.40784 1.55835 0.142863 1.86141 0.0104906 -0.197414 -0.00324254 -0.000572213 0.39044 -0.249951 -0.001248 -0.200847 0.00133516 0.000190738 0.392729 -0.249419 0.000873839 
23 -0.00705719 0.00896454 -1.01263 -1.5759 1.23426 -1.34794 -1.40936 1.55873 0.142863 1.86217 0.0104906 -0.197414 -0.00324254 -0.000572213 0.39044 -0.249951 -0.001248 -0.200847 0.00133516 0.000190738 0.392729 -0.249419 0.000873839 
23 -0.00705719 0.00896454 -1.01301 -1.57628 1.23846 -1.34833 -1.41127 1.5595 0.142481 1.86294 0.0104906 -0.197414 -0.00324254 -0.000572213 0.39044 -0.249951 -0.001248 -0.201228 0.00133516 0.000190738 0.392729 -0.249419 0.000873839 
23 -0.00705719 0.00896454 -1.01339 -1.57704 1.24189 -1.34871 -1.41318 1.55988 0.142481 1.8637 0.0101091 -0.197414 -0.00324254 -0.000572213 0.39044 -0.249951 -0.001248 -0.200847 0.00133516 0.000190738 0.392729 -0.249419 0.000873839 
23 -0.00705719 0.00896454 -1.01415 -1.57743 1.24571 -1.34871 -1.4147 1.56026 0.142481 1.86446 0.0104906 -0.197414 -0.00324254 -0.000572213 0.39044 -0.249951 -0.001248 -0.201228 0.00133516 0.000190738 0.392729 -0.249419 0.000873839 
23 -0.00705719 0.00896454 -1.01453 -1.57819 1.24952 -1.34909 -1.41623 1.56102 0.1421 1.86599 0.0104906 -0.197414 -0.00324254 -0.000572213 0.39044 -0.249951 -0.001248 -0.201228 0.00133516 0.000190738 0.392729 -0.249419 0.000873839 
23 -0.00705719 0.00934601 -1.0153 -1.57933 1.25296 -1.34947 -1.41775 1.56217 0.1421 1.86713 0.0104906 -0.197414 -0.00324254 -0.000572213 0.39044 -0.249951 -0.001248 -0.201228 0.00133516 0.000190738 0.392729 -0.249419 0.000873839 
23 -0.00705719 0.00896454 -1.01568 -1.5801 1.25715 -1.34985 -1.41928 1.56331 0.141718 1.8679 0.0104906 -0.197414 -0.00324254 -0.000572213 0.39044 -0.249951 -0.001248 -0.201228 0.00133516 0.000190738 0.392729 -0.249419 0.000873839 
23 -0.00705719 0.00896454 -1.01644 -1.58086 1.2602 -1.35023 -1.42081 1.56407 0.141718 1.86866 0.0104906 -0.197414 -0.00324254 -0.000572213 0.39044 -0.249951 -0.001248 -0.200847 0.00133516 0.000190738 0.392729 -0.249419 0.000873839 
23 -0.00705719 0.00896454 -1.01682 -1.58162 1.26402 -1.35061 -1.42233 1.56445 0.141337 1.86942 0.0104906 -0.197414 -0.00324254 -0.000572213 0.39044 -0.249951 -0.001248 -0.200847 0.00133516 0.000190738 0.392729 -0.249419 0.000873839 
23 -0.00705719 0.00896454 -1.01759 -1.58238 1.26783 -1.35138 -1.42386 1.56522 0.141337 1.8698 0.0104906 -0.197414 -0.00324254 -0.000572213 0.39044 -0.249951 -0.001248 -0.201228 0.00133516 0.000190738 0.392729 -0.249419 0.000873839 
23 -0.00705719 0.00896454 -1.01797 -1.58315 1.27127 -1.35176 -1.42576 1.5656 0.140955 1.87057 0.0104906 -0.197414 -0.00324254 -0.000572213 0.39044 -0.249951 -0.001248 -0.200847 0.00133516 0.000190738 0.392729 -0.249419 0.000873839 
23 -0.00705719 0.00896454 -1.01873 -1.58391 1.27508 -1.35176 -1.42691 1.56636 0.140955 1.87133 0.0104906 -0.197414 -0.00324254 -0.000572213 0.39044 -0.249951 -0.001248 -0.201228 0.00133516 0.000190738 0.392729 -0.249419 0.000873839 
23 -0.00705719 0.00896454 -1.01949 -1.58505 1.27852 -1.35214 -1.42805 1.56713 0.140574 1.87209 0.0104906 -0.197414 -0.00324254 -0.000572213 0.39044 -0.249951 -0.001248 -0.201228 0.00133516 0.000190738 0.392729 -0.249419 0.000873839 
23 -0.00705719 0.00896454 -1.02026 -1.5862 1.28195 -1.35252 -1.42958 1.56827 0.140192 1.87324 0.0101091 -0.197414 -0.00324254 -0.000572213 0.39044 -0.249951 -0.001248 -0.201228 0.00133516 0.000190738 0.392729 -0.249419 0.000873839 
23 -0.00705719 0.00896454 -1.02102 -1.58696 1.285 -1.35328 -1.43111 1.56941 0.140192 1.87362 0.0104906 -0.197414 -0.00324254 -0.000572213 0.39044 -0.249951 -0.001248 -0.201228 0.00133516 0.000190738 0.392729 -0.249419 0.000873839 
23 -0.00705719 0.00896454 -1.02178 -1.58811 1.28882 -1.35367 -1.43263 1.57018 0.139811 1.87438 0.0104906 -0.197414 -0.00324254 -0.000572213 0.39044 -0.249951 -0.001248 -0.201228 0.00133516 0.000190738 0.392729 -0.249419 0.000873839 
23 -0.00705719 0.00896454 -1.02255 -1.58849 1.29187 -1.35405 -1.43378 1.57056 0.139811 1.87514 0.0104906 -0.197414 -0.00324254 -0.000572213 0.39044 -0.249951 -0.001248 -0.201228 0.00133516 0.000190738 0.392729 -0.249419 0.000873839 
23 -0.00705719 0.00896454 -1.02331 -1.58925 1.2953 -1.35481 -1.4353 1.57132 0.139429 1.87552 0.0104906 -0.197414 -0.00324254 -0.000572213 0.39044 -0.249951 -0.001248 -0.201228 0.00133516 0.000190738 0.392729 -0.249419 0.000873839 
23 -0.00705719 0.00896454 -1.02407 -1.59001 1.29873 -1.35519 -1.43683 1.57208 0.139048 1.87629 0.0104906 -0.197414 -0.00324254 -0.000572213 0.39044 -0.249951 -0.001248 -0.201228 0.00133516 0.000190738 0.392729 -0.249419 0.000873839 
23 -0.00705719 0.00896454 -1.02445 -1.59078 1.30217 -1.35595 -1.43835 1.57285 0.139048 1.87705 0.0104906 -0.197414 -0.00324254 -0.000572213 0.39044 -0.249951 -0.001248 -0.201228 0.00133516 0.000190738 0.392729 -0.249419 0.000873839 
23 -0.00705719 0.00896454 -1.02522 -1.59154 1.30522 -1.35634 -1.4395 1.57361 0.138666 1.87781 0.0104906 -0.197414 -0.00324254 -0.000572213 0.39044 -0.249951 -0.001248 -0.201228 0.00133516 0.000190738 0.392729 -0.249419 0.000873839 
23 -0.00705719 0.00896454 -1.02598 -1.59268 1.30865 -1.3571 -1.44064 1.57514 0.138666 1.87896 0.0104906 -0.197414 -0.00324254 -0.000572213 0.39044 -0.249951 -0.001248 -0.201228 0.00133516 0.000190738 0.392729 -0.249419 0.000873839 
23 -0.00705719 0.00896454 -1.02636 -1.59307 1.31209 -1.35786 -1.44179 1.5759 0.138666 1.87972 0.0104906 -0.197414 -0.00324254 -0.000572213 0.39044 -0.249951 -0.001248 -0.201228 0.00133516 0.000190738 0.392729 -0.249419 0.000873839 
23 -0.00705719 0.00896454 -1.02712 -1.59345 1.31476 -1.35824 -1.44331 1.57666 0.138285 1.88048 0.0104906 -0.197414 -0.00324254 -0.000572213 0.39044 -0.249951 -0.001248 -0.201228 0.00133516 0.000190738 0.392729 -0.249419 0.000873839 
23 -0.00705719 0.00896454 -1.0275 -1.59421 1.31819 -1.35901 -1.44484 1.57743 0.138285 1.88087 0.0104906 -0.197414 -0.00324254 -0.000572213 0.39044 -0.249951 -0.001248 -0.201228 0.00133516 0.000190738 0.392729 -0.249419 0.000873839 
23 -0.00743866 0.00896454 -1.02827 -1.59497 1.32124 -1.35939 -1.44598 1.57819 0.137903 1.88163 0.0104906 -0.197414 -0.00324254 -0.000572213 0.39044 -0.249951 -0.001248 -0.201228 0.00133516 0.000190738 0.392729 -0.249419 0.000873839 
23 -0.00705719 0.00896454 -1.02865 -1.59574 1.32467 -1.36015 -1.44713 1.57857 0.137903 1.88201 0.0104906 -0.197414 -0.00324254 -0.000572213 0.39044 -0.249951 -0.001248 -0.201228 0.00133516 0.000190738 0.392729 -0.249419 0.000873839 
23 -0.00705719 0.00896454 -1.02941 -1.59612 1.32734 -1.36053 -1.44827 1.57971 0.137522 1.88239 0.0104906 -0.197414 -0.00324254 -0.000572213 0.39044 -0.249951 -0.001248 -0.201228 0.00133516 0.000190738 0.392729 -0.249419 0.000873839 
23 -0.00743866 0.00896454 -1.03017 -1.59688 1.33078 -1.3613 -1.4498 1.58086 0.13714 1.88277 0.0104906 -0.197414 -0.00324254 -0.000572213 0.39044 -0.249951 -0.001248 -0.201228 0.00133516 0.000190738 0.392729 -0.249419 0.000873839 
23 -0.00705719 0.00896454 -1.03056 -1.59764 1.33345 -1.36168 -1.45132 1.582 0.136759 1.88354 0.0104906 -0.197414 -0.00324254 -0.000572213 0.39044 -0.249951 -0.001248 -0.201228 0.00133516 0.000190738 0.392729 -0.249419 0.000873839 
23 -0.00705719 0.00896454 -1.03132 -1.59879 1.33688 -1.36244 -1.45209 1.58277 0.136759 1.8843 0.0104906 -0.197414 -0.00324254 -0.000572213 0.39044 -0.249951 -0.001248 -0.201228 0.00133516 0.000190738 0.392729 -0.249419 0.000873839 
23 -0.00743866 0.00896454 -1.03208 -1.59917 1.33955 -1.3632 -1.45323 1.58353 0.136378 1.88506 0.0104906 -0.197414 -0.00324254 -0.000572213 0.39044 -0.249951 -0.001248 -0.201228 0.00133516 0.000190738 0.392729 -0.249419 0.000873839 
23 -0.00705719 0.00896454 -1.03285 -1.59993 1.3426 -1.36397 -1.45438 1.58429 0.135996 1.88544 0.0104906 -0.197414 -0.00324254 -0.000572213 0.39044 -0.249951 -0.001248 -0.201228 0.00133516 0.000190738 0.392729 -0.249419 0.000873839 
23 -0.00705719 0.00896454 -1.03323 -1.6007 1.34527 -1.36435 -1.4559 1.58505 0.135615 1.88621 0.0104906 -0.197414 -0.00324254 -0.000572213 0.39044 -0.249951 -0.001248 -0.201228 0.00133516 0.000190738 0.392729 -0.249419 0.000873839 
23 -0.00705719 0.00896454 -1.03399 -1.60108 1.34833 -1.36473 -1.45705 1.58582 0.135233 1.88659 0.0104906 -0.197414 -0.00324254 -0.000572213 0.39044 -0.249951 -0.001248 -0.201228 0.00133516 0.000190738 0.392729 -0.249419 0.000873839 
23 -0.00743866 0.00896454 -1.03475 -1.60184 1.35138 -1.36511 -1.45819 1.58734 0.13447 1.88735 0.0101091 -0.197414 -0.00324254 -0.000572213 0.39044 -0.249951 -0.001248 -0.201228 0.00133516 0.000190738 0.392729 -0.249419 0.000873839 
23 -0.00705719 0.00896454 -1.03552 -1.6026 1.35405 -1.36587 -1.45933 1.58887 0.133707 1.88773 0.0101091 -0.197414 -0.00324254 -0.000572213 0.39044 -0.249951 -0.001248 -0.201228 0.00133516 0.000190738 0.392729 -0.249419 0.000873839 
23 -0.00705719 0.00896454 -1.03628 -1.60298 1.3571 -1.36664 -1.46086 1.58963 0.132944 1.88849 0.0101091 -0.197414 -0.00324254 -0.000572213 0.39044 -0.249951 -0.001248 -0.201228 0.00133516 0.000190738 0.392729 -0.249419 0.000873839 
23 -0.00705719 0.00896454 -1.03666 -1.60375 1.35977 -1.3674 -1.46239 1.5904 0.132563 1.88888 0.0101091 -0.197414 -0.00324254 -0.000572213 0.39044 -0.249951 -0.001248 -0.201228 0.00133516 0.000190738 0.392729 -0.249419 0.000873839 
23 -0.00705719 0.00896454 -1.03742 -1.60489 1.36282 -1.36816 -1.46353 1.59116 0.1318 1.88926 0.0101091 -0.197414 -0.00324254 -0.000572213 0.39044 -0.249951 -0.001248 -0.201228 0.00133516 0.000190738 0.392729 -0.249419 0.000873839 
23 -0.00743866 0.00896454 -1.03819 -1.60527 1.36549 -1.36892 -1.46429 1.59192 0.131418 1.89002 0.0101091 -0.197414 -0.00324254 -0.000572213 0.39044 -0.249951 -0.001248 -0.201228 0.00133516 0.000190738 0.392729 -0.249419 0.000873839 
23 -0.00743866 0.00896454 -1.03857 -1.60565 1.36816 -1.37007 -1.46544 1.59383 0.130655 1.89078 0.0101091 -0.197414 -0.00324254 -0.000572213 0.39044 -0.249951 -0.001248 -0.201228 0.00133516 0.000190738 0.392729 -0.249419 0.000873839 
23 -0.00743866 0.00896454 -1.03933 -1.60642 1.37083 -1.37045 -1.46696 1.59497 0.129892 1.89155 0.0101091 -0.197414 -0.00324254 -0.000572213 0.39044 -0.249951 -0.001248 -0.201228 0.00133516 0.000190738 0.392729 -0.249419 0.000873839 
23 -0.00743866 0.00896454 -1.04009 -1.6068 1.37388 -1.37121 -1.46849 1.59574 0.129129 1.89231 0.0101091 -0.197414 -0.00324254 -0.000572213 0.39044 -0.249951 -0.001248 -0.200847 0.00133516 0.000190738 0.392729 -0.249419 0.000873839 
23 -0.00743866 0.00896454 -1.04086 -1.60756 1.37655 -1.37198 -1.46963 1.59688 0.128367 1.89269 0.0101091 -0.197414 -0.00324254 -0.000572213 0.39044 -0.249951 -0.001248 -0.200847 0.00133516 0.000190738 0.392729 -0.249419 0.000873839 
23 -0.00705719 0.00896454 -1.04124 -1.60794 1.37884 -1.37274 -1.47078 1.59764 0.127604 1.89307 0.0101091 -0.197414 -0.00324254 -0.000572213 0.39044 -0.249951 -0.001248 -0.201228 0.00133516 0.000190738 0.392729 -0.249419 0.000873839 
23 -0.00743866 0.00896454 -1.042 -1.60871 1.3819 -1.3735 -1.47192 1.59879 0.126841 1.89345 0.0101091 -0.197414 -0.00324254 -0.000572213 0.39044 -0.249951 -0.001248 -0.200847 0.00133516 0.000190738 0.392729 -0.249419 0.000873839 
23 -0.00743866 0.00896454 -1.04276 -1.60909 1.38418 -1.37427 -1.47307 1.6007 0.126078 1.89384 0.0101091 -0.197414 -0.00324254 -0.000572213 0.39044 -0.249951 -0.001248 -0.200847 0.00133516 0.000190738 0.392729 -0.249419 0.000873839 
23 -0.00743866 0.00896454 -1.04314 -1.60985 1.38724 -1.37503 -1.47459 1.60184 0.125696 1.89422 0.0101091 -0.197414 -0.00324254 -0.000572213 0.39044 -0.249951 -0.001248 -0.200847 0.00133516 0.000190738 0.392729 -0.249419 0.000873839 
23 -0.00705719 0.00896454 -1.04391 -1.61061 1.38991 -1.37579 -1.47612 1.6026 0.124933 1.89498 0.0101091 -0.197414 -0.00324254 -0.000572213 0.39044 -0.249951 -0.001248 -0.200847 0.00133516 0.000190738 0.392729 -0.249419 0.000873839 
23 -0.00705719 0.00896454 -1.04467 -1.61099 1.39258 -1.37655 -1.47688 1.60337 0.12417 1.89498 0.0101091 -0.197414 -0.00324254 -0.000572213 0.39044 -0.249951 -0.001248 -0.200847 0.00133516 0.000190738 0.392729 -0.249419 0.000873839 
23 -0.00743866 0.00896454 -1.04543 -1.61176 1.39487 -1.37732 -1.47841 1.60451 0.123407 1.89574 0.0101091 -0.197414 -0.00324254 -0.000572213 0.39044 -0.249951 -0.001248 -0.201228 0.00133516 0.000190738 0.392729 -0.249419 0.000873839 
23 -0.00705719 0.00896454 -1.04582 -1.61214 1.39715 -1.3777 -1.47955 1.60604 0.122644 1.89612 0.0101091 -0.197414 -0.00324254 -0.000572213 0.39044 -0.249951 -0.001248 -0.200847 0.00133516 0.000190738 0.392729 -0.249419 0.000873839 
23 -0.00743866 0.00896454 -1.04658 -1.6129 1.40021 -1.37846 -1.48108 1.60718 0.1215 1.89651 0.0101091 -0.197414 -0.00324254 -0.000572213 0.39044 -0.249951 -0.001248 -0.200847 0.00133516 0.000190738 0.392729 -0.249419 0.000873839 
23 -0.00743866 0.00896454 -1.04734 -1.61328 1.40249 -1.37884 -1.48222 1.60794 0.120737 1.89689 0.0101091 -0.197414 -0.00324254 -0.000572213 0.39044 -0.250115 -0.00164817 -0.201228 0.00133516 0.000190738 0.392729 -0.249419 0.000873839 
23 -0.00743866 0.00896454 -1.0481 -1.61367 1.40517 -1.37961 -1.48375 1.60909 0.119974 1.89765 0.0101091 -0.197414 -0.00324254 -0.000572213 0.39044 -0.249951 -0.00124844 -0.200847 0.00133516 0.000190738 0.392729 -0.249419 0.000873839 
23 -0.00705719 0.00896454 -1.04849 -1.61405 1.40745 -1.38037 -1.48489 1.61023 0.119211 1.89803 0.0101091 -0.197414 -0.00324254 -0.000572213 0.39044 -0.249951 -0.001248 -0.200847 0.00133516 0.000190738 0.392729 -0.249419 0.000873839 
23 -0.00743866 0.00896454 -1.04925 -1.61443 1.40974 -1.38113 -1.48604 1.61138 0.118067 1.89841 0.0101091 -0.197414 -0.00324254 -0.000572213 0.39044 -0.249951 -0.001248 -0.200847 0.00133516 0.000190738 0.392729 -0.249419 0.000873839 
23 -0.00743866 0.00896454 -1.04963 -1.61481 1.41241 -1.38228 -1.48795 1.6129 0.116922 1.89879 0.0101091 -0.197414 -0.00324254 -0.000572213 0.39044 -0.249951 -0.001248 -0.200847 0.00133516 0.000190738 0.392729 -0.249419 0.000873839 
23 -0.00743866 0.00896454 -1.05001 -1.61481 1.41432 -1.38304 -1.48909 1.61405 0.116159 1.89918 0.0101091 -0.197414 -0.00324254 -0.000572213 0.39044 -0.249951 -0.001248 -0.200847 0.00133516 0.000190738 0.392729 -0.249419 0.000873839 
23 -0.00743866 0.00896454 -1.05077 -1.61519 1.41699 -1.3838 -1.49023 1.61481 0.115396 1.89956 0.0101091 -0.197414 -0.00324254 -0.000572213 0.39044 -0.249951 -0.001248 -0.201228 0.00133516 0.000190738 0.392729 -0.249419 0.000873839 
23 -0.00743866 0.00896454 -1.05116 -1.61595 1.41928 -1.38457 -1.49176 1.61595 0.114252 1.90032 0.0101091 -0.197414 -0.00324254 -0.000572213 0.39044 -0.249951 -0.001248 -0.200847 0.00133516 0.000190738 0.392729 -0.249419 0.000873839 
23 -0.00743866 0.00896454 -1.05192 -1.61634 1.42157 -1.38533 -1.49329 1.6171 0.113489 1.9007 0.0101091 -0.197414 -0.00324254 -0.000572213 0.39044 -0.249951 -0.001248 -0.201228 0.00133516 0.000190738 0.392729 -0.249419 0.000873839 
23 -0.00705719 0.00896454 -1.0523 -1.6171 1.42386 -1.38609 -1.49481 1.61862 0.112726 1.90108 0.0101091 -0.197414 -0.00324254 -0.000572213 0.39044 -0.249951 -0.001248 -0.201228 0.00133516 0.000190738 0.392729 -0.249419 0.000873839 
23 -0.00705719 0.00896454 -1.05268 -1.61748 1.42615 -1.38647 -1.49596 1.62015 0.111963 1.90146 0.0101091 -0.197414 -0.00324254 -0.000572213 0.39044 -0.249951 -0.001248 -0.200847 0.00133516 0.000190738 0.392729 -0.249419 0.000873839 
23 -0.00705719 0.00896454 -1.05306 -1.61786 1.42805 -1.38762 -1.49748 1.62091 0.1112 1.90223 0.0101091 -0.197414 -0.00324254 -0.000572213 0.39044 -0.249951 -0.001248 -0.200847 0.00133516 0.000190738 0.392729 -0.249419 0.000873839 
23 -0.00705719 0.00896454 -1.05383 -1.61824 1.43072 -1.38838 -1.49863 1.62168 0.110056 1.90299 0.0101091 -0.197414 -0.00324254 -0.000572213 0.39044 -0.249951 -0.001248 -0.200847 0.00133516 0.000190738 0.392729 -0.249419 0.000873839 
23 -0.00705719 0.00896454 -1.05421 -1.61862 1.43263 -1.38914 -1.50053 1.62244 0.109293 1.90375 0.0101091 -0.197414 -0.00324254 -0.000572213 0.39044 -0.249951 -0.001248 -0.200847 0.00133516 0.000190738 0.392729 -0.249419 0.000873839 
23 -0.00705719 0.00896454 -1.05459 -1.61901 1.43454 -1.38991 -1.50168 1.62358 0.108148 1.90452 0.0101091 -0.197414 -0.00324254 -0.000572213 0.39044 -0.249951 -0.001248 -0.200847 0.00133516 0.000190738 0.392729 -0.249419 0.000873839 
23 -0.00705719 0.00896454 -1.05497 -1.61939 1.43721 -1.39029 -1.50282 1.62511 0.107385 1.9049 0.0101091 -0.197414 -0.00324254 -0.000572213 0.39044 -0.249951 -0.001248 -0.200847 0.00133516 0.000190738 0.392729 -0.249419 0.000873839 
23 -0.00743866 0.00896454 -1.05535 -1.61977 1.43912 -1.39105 -1.50397 1.62625 0.106622 1.90528 0.0101091 -0.197414 -0.00324254 -0.000572213 0.39044 -0.249951 -0.001248 -0.201228 0.00133516 0.000190738 0.392729 -0.249419 0.000873839 
23 -0.00743866 0.00896454 -1.05573 -1.62015 1.44102 -1.39181 -1.50549 1.62702 0.105859 1.90566 0.0101091 -0.197414 -0.00324254 -0.000572213 0.39044 -0.249951 -0.001248 -0.201228 0.00133516 0.000190738 0.392729 -0.249419 0.000873839 
23 -0.00705719 0.00896454 -1.05612 -1.62053 1.44331 -1.39258 -1.50702 1.62778 0.104715 1.90604 0.0101091 -0.197414 -0.00324254 -0.000572213 0.39044 -0.249951 -0.001248 -0.200847 0.00133516 0.000190738 0.392729 -0.249419 0.000873839 
23 -0.00743866 0.00896454 -1.0565 -1.62091 1.44522 -1.39334 -1.50816 1.62892 0.103952 1.90642 0.0101091 -0.197414 -0.00324254 -0.000572213 0.39044 -0.249951 -0.001248 -0.200847 0.00133516 0.000190738 0.392729 -0.249419 0.000873839 
23 -0.00705719 0.00896454 -1.05688 -1.62129 1.44713 -1.39448 -1.50931 1.63007 0.102808 1.90681 0.0101091 -0.197414 -0.00324254 -0.000572213 0.39044 -0.249951 -0.001248 -0.200847 0.00133516 0.000190738 0.392729 -0.249419 0.000873839 
23 -0.00743866 0.00896454 -1.05764 -1.62168 1.44903 -1.39525 -1.51083 1.63159 0.102045 1.90681 0.0101091 -0.197414 -0.00324254 -0.000572213 0.39044 -0.249951 -0.001248 -0.200847 0.00133516 0.000190738 0.392729 -0.249419 0.000873839 
23 -0.00705719 0.00896454 -1.05802 -1.62206 1.45094 -1.39601 -1.51236 1.63274 0.101282 1.90719 0.0101091 -0.197414 -0.00324254 -0.000572213 0.39044 -0.249951 -0.001248 -0.200847 0.00133516 0.000190738 0.392729 -0.249419 0.000873839 
23 -0.00705719 0.00896454 -1.05802 -1.62244 1.45285 -1.39639 -1.51389 1.63312 0.100519 1.90757 0.0101091 -0.197414 -0.00324254 -0.000572213 0.39044 -0.249951 -0.001248 -0.200847 0.00133516 0.000190738 0.392729 -0.249419 0.000873839 
23 -0.00705719 0.00896454 -1.0584 -1.62282 1.45514 -1.39715 -1.51465 1.63426 0.0997559 1.90757 0.0101091 -0.197414 -0.00324254 -0.000572213 0.39044 -0.249951 -0.001248 -0.200847 0.00133516 0.000190738 0.392729 -0.249419 0.000873839 
23 -0.00743866 0.00896454 -1.05879 -1.6232 1.45666 -1.39792 -1.51617 1.63503 0.0989929 1.90795 0.0101091 -0.197414 -0.00324254 -0.000572213 0.39044 -0.249951 -0.001248 -0.200847 0.00133516 0.000190738 0.392729 -0.249419 0.000873839 
23 -0.00705719 0.00896454 -1.05879 -1.62358 1.45857 -1.39868 -1.51732 1.63579 0.09823 1.90795 0.0101091 -0.197414 -0.00324254 -0.000572213 0.39044 -0.249951 -0.001248 -0.200847 0.00133516 0.000190738 0.392729 -0.249419 0.000873839 
23 -0.00705719 0.00896454 -1.05917 -1.62397 1.46048 -1.39944 -1.51923 1.63732 0.097467 1.90833 0.0101091 -0.197414 -0.00324254 -0.000572213 0.39044 -0.249951 -0.001248 -0.200847 0.00133516 0.000190738 0.392729 -0.249419 0.000873839 
23 -0.00705719 0.00896454 -1.05955 -1.62435 1.46239 -1.39982 -1.52037 1.63846 0.0963226 1.90871 0.0101091 -0.197414 -0.00324254 -0.000572213 0.39044 -0.249951 -0.001248 -0.200847 0.00133516 0.000190738 0.392729 -0.249419 0.000873839 
23 -0.00705719 0.00896454 -1.05955 -1.62435 1.46429 -1.40059 -1.52152 1.63922 0.0955596 1.90909 0.0101091 -0.197414 -0.00324254 -0.000572213 0.39044 -0.249951 -0.001248 -0.200847 0.00133516 0.000190738 0.392729 -0.249419 0.000873839 
23 -0.00705719 0.00896454 -1.05993 -1.62473 1.46582 -1.40135 -1.52304 1.63999 0.0947967 1.90948 0.0101091 -0.197414 -0.00324254 -0.000572213 0.39044 -0.249951 -0.001248 -0.200847 0.00133516 0.000190738 0.392729 -0.249419 0.000873839 
23 -0.00705719 0.00896454 -1.06031 -1.62511 1.46811 -1.40173 -1.52457 1.64075 0.0940337 1.90948 0.0101091 -0.197414 -0.00324254 -0.000572213 0.39044 -0.249951 -0.001248 -0.200847 0.00133516 0.000190738 0.392729 -0.249419 0.000873839 
23 -0.00705719 0.00896454 -1.06031 -1.62511 1.46963 -1.40211 -1.52609 1.64151 0.0932708 1.90986 0.0101091 -0.197414 -0.00324254 -0.000572213 0.39044 -0.249951 -0.001248 -0.200847 0.00133516 0.000190738 0.392729 -0.249419 0.000873839 
23 -0.00705719 0.00896454 -1.06069 -1.62549 1.47154 -1.40249 -1.52724 1.64266 0.0925078 1.91024 0.0101091 -0.197414 -0.00324254 -0.000572213 0.39044 -0.249951 -0.001248 -0.200847 0.00133516 0.000190738 0.392729 -0.249419 0.000873839 
23 -0.00705719 0.00896454 -1.06069 -1.62549 1.47307 -1.40288 -1.52838 1.64418 0.0917449 1.91062 0.0101091 -0.197414 -0.00324254 -0.000572213 0.39044 -0.249951 -0.001248 -0.200847 0.00133516 0.000190738 0.392729 -0.249419 0.000873839 
23 -0.00705719 0.00896454 -1.06107 -1.62587 1.47498 -1.40364 -1.52953 1.64495 0.0909819 1.91062 0.0101091 -0.197414 -0.00324254 -0.000572213 0.39044 -0.249951 -0.001248 -0.200847 0.00133516 0.000190738 0.392729 -0.249419 0.000873839 
23 -0.00705719 0.00896454 -1.06107 -1.62625 1.47688 -1.4044 -1.53143 1.64571 0.0898375 1.91062 0.0101091 -0.197414 -0.00324254 -0.000572213 0.39044 -0.249951 -0.001248 -0.200847 0.00133516 0.000190738 0.392729 -0.249419 0.000873839 
23 -0.00705719 0.00896454 -1.06146 -1.62625 1.47841 -1.40478 -1.53258 1.64647 0.089456 1.911 0.0101091 -0.197414 -0.00324254 -0.000572213 0.39044 -0.249951 -0.001248 -0.200847 0.00133516 0.000190738 0.392729 -0.249419 0.000873839 
23 -0.00705719 0.00896454 -1.06146 -1.62664 1.48032 -1.40593 -1.53372 1.64724 0.0886931 1.911 0.0101091 -0.197414 -0.00324254 -0.000572213 0.39044 -0.249951 -0.001248 -0.200847 0.00133516 0.000190738 0.392729 -0.249419 0.000873839 
23 -0.00705719 0.00896454 -1.06146 -1.62702 1.48184 -1.40669 -1.53525 1.648 0.0883116 1.91138 0.0101091 -0.197414 -0.00324254 -0.000572213 0.39044 -0.249951 -0.001248 -0.200847 0.00133516 0.000190738 0.392729 -0.249419 0.000873839 
23 -0.00705719 0.00896454 -1.06184 -1.62702 1.48337 -1.40745 -1.53677 1.64914 0.0875486 1.91138 0.0101091 -0.197414 -0.00324254 -0.000572213 0.39044 -0.249951 -0.001248 -0.200847 0.00133516 0.000190738 0.392729 -0.249419 0.000873839 
23 -0.00705719 0.00896454 -1.06184 -1.62702 1.48489 -1.40784 -1.5383 1.65029 0.0871672 1.91138 0.0101091 -0.197414 -0.00324254 -0.000572213 0.39044 -0.249951 -0.001248 -0.200847 0.00133516 0.000190738 0.392729 -0.249419 0.000873839 
23 -0.00705719 0.00896454 -1.06184 -1.6274 1.4868 -1.4086 -1.53906 1.65143 0.0864042 1.91176 0.0101091 -0.197414 -0.00324254 -0.000572213 0.39044 -0.249951 -0.001248 -0.200847 0.00133516 0.000190738 0.392729 -0.249419 0.000873839 
23 -0.00705719 0.00934601 -1.06184 -1.6274 1.48833 -1.40898 -1.54021 1.65181 0.0856413 1.91176 0.0101091 -0.197414 -0.00324254 -0.000572213 0.39044 -0.249951 -0.001248 -0.200847 0.00133516 0.000190738 0.392729 -0.249419 0.000873839 
23 -0.00705719 0.00896454 -1.06222 -1.6274 1.48985 -1.40936 -1.54135 1.65258 0.0852598 1.91176 0.0101091 -0.197414 -0.00324254 -0.000572213 0.39044 -0.249951 -0.001248 -0.200847 0.00133516 0.000190738 0.392729 -0.249419 0.000873839 
23 -0.00705719 0.00896454 -1.06222 -1.62778 1.491 -1.41012 -1.54288 1.65334 0.0844968 1.91176 0.0101091 -0.197414 -0.00324254 -0.000572213 0.39044 -0.249951 -0.001248 -0.200847 0.00133516 0.000190738 0.392729 -0.249419 0.000873839 
23 -0.00705719 0.00896454 -1.06222 -1.62778 1.4929 -1.41051 -1.5444 1.65372 0.0837339 1.91215 0.0101091 -0.197414 -0.00324254 -0.000572213 0.39044 -0.249951 -0.001248 -0.200847 0.00133516 0.000190738 0.392729 -0.249419 0.000873839 
23 -0.00705719 0.00896454 -1.06222 -1.62778 1.49443 -1.41089 -1.54555 1.65486 0.0829709 1.91215 0.0101091 -0.197414 -0.00324254 -0.000572213 0.39044 -0.249951 -0.001248 -0.200847 0.00133516 0.000190738 0.392729 -0.249419 0.000873839 
23 -0.00705719 0.00896454 -1.06222 -1.62816 1.49557 -1.41165 -1.54669 1.65601 0.082208 1.91215 0.0101091 -0.197414 -0.00324254 -0.000572213 0.39044 -0.249951 -0.001248 -0.200847 0.00133516 0.000190738 0.392729 -0.249419 0.000873839 
23 -0.00705719 0.00896454 -1.06222 -1.62816 1.4971 -1.41203 -1.54746 1.65715 0.0818265 1.91215 0.0101091 -0.197414 -0.00324254 -0.000572213 0.39044 -0.249951 -0.001248 -0.200847 0.00133516 0.000190738 0.392729 -0.249419 0.000873839 
23 -0.00705719 0.00896454 -1.06222 -1.62854 1.49863 -1.41279 -1.54898 1.65753 0.0810636 1.91215 0.0101091 -0.197414 -0.00324254 -0.000572213 0.39044 -0.249951 -0.001248 -0.200847 0.00133516 0.000190738 0.392729 -0.249419 0.000873839 
23 -0.00705719 0.00896454 -1.06222 -1.62854 1.50015 -1.41318 -1.55051 1.6583 0.0803006 1.91253 0.0101091 -0.197414 -0.00324254 -0.000572213 0.39044 -0.249951 -0.001248 -0.200847 0.00133516 0.000190738 0.392729 -0.249419 0.000873839 
23 -0.00705719 0.00896454 -1.06222 -1.62854 1.5013 -1.41356 -1.55127 1.65868 0.0795377 1.91253 0.0101091 -0.197414 -0.00324254 -0.000572213 0.39044 -0.249951 -0.001248 -0.200847 0.00133516 0.000190738 0.392729 -0.249419 0.000873839 
23 -0.00705719 0.00896454 -1.06222 -1.62892 1.50282 -1.41394 -1.55203 1.65944 0.0791562 1.91253 0.0101091 -0.197414 -0.00324254 -0.000572213 0.39044 -0.249951 -0.001248 -0.200847 0.00133516 0.000190738 0.392729 -0.249419 0.000873839 
23 -0.00705719 0.00896454 -1.06222 -1.62892 1.50397 -1.41432 -1.55318 1.66021 0.0787747 1.91253 0.0101091 -0.197414 -0.00324254 -0.000572213 0.39044 -0.249951 -0.001248 -0.200847 0.00133516 0.000190738 0.392729 -0.249419 0.000873839 
23 -0.00705719 0.00896454 -1.06222 -1.62892 1.50549 -1.4147 -1.55432 1.66059 0.0783932 1.91253 0.0101091 -0.197414 -0.00324254 -0.000572213 0.39044 -0.249951 -0.001248 -0.200847 0.00133516 0.000190738 0.392729 -0.249419 0.000873839 
23 -0.00705719 0.00896454 -1.06222 -1.62892 1.50664 -1.4147 -1.55547 1.66173 0.0776303 1.91253 0.0101091 -0.197414 -0.00324254 -0.000572213 0.39044 -0.249951 -0.001248 -0.201228 0.00133516 0.000190738 0.392729 -0.249419 0.000873839 
23 -0.00705719 0.00896454 -1.06222 -1.62892 1.50816 -1.41508 -1.55661 1.66288 0.0772488 1.91253 0.0101091 -0.197414 -0.00324254 -0.000572213 0.39044 -0.249951 -0.001248 -0.200847 0.00133516 0.000190738 0.392729 -0.249419 0.000873839 
23 -0.00705719 0.00896454 -1.06222 -1.62931 1.50931 -1.41546 -1.55776 1.66364 0.0768673 1.91253 0.0101091 -0.197414 -0.00324254 -0.000572213 0.39044 -0.249951 -0.001248 -0.201228 0.00133516 0.000190738 0.392729 -0.249419 0.000873839 
23 -0.00705719 0.00896454 -1.06222 -1.62931 1.51045 -1.41585 -1.55852 1.66402 0.0764858 1.91253 0.0101091 -0.197414 -0.00324254 -0.000572213 0.39044 -0.249951 -0.001248 -0.200847 0.00133516 0.000190738 0.392729 -0.249419 0.000873839 
23 -0.00705719 0.00896454 -1.06222 -1.62931 1.51198 -1.41623 -1.55928 1.6644 0.0761044 1.91253 0.0101091 -0.197414 -0.00324254 -0.000572213 0.39044 -0.249951 -0.001248 -0.200847 0.00133516 0.000190738 0.392729 -0.249419 0.000873839 
23 -0.00705719 0.00896454 -1.06222 -1.62931 1.51312 -1.41661 -1.56043 1.66516 0.0757229 1.91253 0.0101091 -0.197414 -0.00324254 -0.000572213 0.39044 -0.249951 -0.001248 -0.200847 0.00133516 0.000190738 0.392729 -0.249621 0.000448837 
23 -0.00705719 0.00896454 -1.06222 -1.62931 1.51427 -1.41699 -1.56157 1.66555 0.0753414 1.91253 0.0101091 -0.197414 -0.00324254 -0.000572213 0.39044 -0.249951 -0.001248 -0.200847 0.00133516 0.000190738 0.392729 -0.249621 0.000448977 
23 -0.00705719 0.00896454 -1.06222 -1.62931 1.51541 -1.41737 -1.56271 1.66593 0.0749599 1.91253 0.0101091 -0.197414 -0.00324254 -0.000572213 0.39044 -0.249951 -0.001248 -0.200847 0.00133516 0.000190738 0.392729 -0.249621 0.000448977 
23 -0.00705719 0.00896454 -1.06222 -1.62931 1.51656 -1.41775 -1.56348 1.66669 0.0745785 1.91291 0.0101091 -0.197414 -0.00324254 -0.000572213 0.39044 -0.249951 -0.001248 -0.200847 0.00133516 0.000190738 0.392729 -0.249621 0.000448977 
23 -0.00705719 0.00896454 -1.06222 -1.62931 1.5177 -1.41852 -1.56424 1.66745 0.074197 1.91291 0.0101091 -0.197414 -0.00324254 -0.000572213 0.39044 -0.249951 -0.001248 -0.200847 0.00133516 0.000190738 0.392729 -0.249621 0.000448977 
23 -0.00705719 0.00896454 -1.06222 -1.62931 1.51884 -1.4189 -1.565 1.66822 0.0738155 1.91291 0.0101091 -0.197414 -0.00324254 -0.000572213 0.39044 -0.249951 -0.001248 -0.200847 0.00133516 0.000190738 0.392729 -0.249621 0.000448977 
23 -0.00705719 0.00896454 -1.06222 -1.62931 1.51961 -1.41966 -1.56577 1.66898 0.073434 1.91291 0.0101091 -0.197414 -0.00324254 -0.000572213 0.39044 -0.249951 -0.001248 -0.200847 0.00133516 0.000190738 0.392729 -0.249621 0.000448977 
23 -0.00705719 0.00896454 -1.06222 -1.62931 1.52075 -1.42004 -1.56653 1.66974 0.0730526 1.91253 0.0101091 -0.197414 -0.00324254 -0.000572213 0.39044 -0.249951 -0.001248 -0.200847 0.00133516 0.000190738 0.392729 -0.249621 0.000448977 
23 -0.00705719 0.00896454 -1.06222 -1.62931 1.52152 -1.42042 -1.56729 1.67012 0.0726711 1.91253 0.0101091 -0.197414 -0.00324254 -0.000572213 0.39044 -0.249951 -0.001248 -0.200847 0.00133516 0.000190738 0.392729 -0.249621 0.000448977 
23 -0.00705719 0.00896454 -1.06222 -1.62931 1.52266 -1.42081 -1.56844 1.67051 0.0722896 1.91291 0.0101091 -0.197414 -0.00324254 -0.000572213 0.39044 -0.249951 -0.001248 -0.200847 0.00133516 0.000190738 0.392729 -0.249621 0.000448977 
23 -0.00705719 0.00896454 -1.06222 -1.62931 1.52419 -1.42081 -1.5692 1.67089 0.0719081 1.91291 0.0101091 -0.197414 -0.00324254 -0.000572213 0.39044 -0.249951 -0.001248 -0.200847 0.00133516 0.000190738 0.392729 -0.249621 0.000448977 
23 -0.00705719 0.00896454 -1.06222 -1.62931 1.52495 -1.42119 -1.56996 1.67165 0.0715267 1.91291 0.0101091 -0.197414 -0.00324254 -0.000572213 0.39044 -0.249951 -0.001248 -0.200847 0.00133516 0.000190738 0.392729 -0.249621 0.000448977 
23 -0.00705719 0.00896454 -1.06222 -1.62931 1.52571 -1.42119 -1.57073 1.67203 0.0711452 1.91291 0.0101091 -0.197414 -0.00324254 -0.000572213 0.39044 -0.249951 -0.001248 -0.200847 0.00133516 0.000190738 0.392729 -0.249621 0.000448977 
23 -0.00705719 0.00896454 -1.06222 -1.62931 1.52686 -1.42157 -1.57149 1.67241 0.0707637 1.91291 0.00972763 -0.197414 -0.00324254 -0.000572213 0.39044 -0.249951 -0.001248 -0.200847 0.00133516 0.000190738 0.392729 -0.249621 0.000448977 
23 -0.00705719 0.00896454 -1.06222 -1.62931 1.52762 -1.42157 -1.57225 1.67279 0.0703822 1.91291 0.00972763 -0.197414 -0.00324254 -0.000572213 0.39044 -0.250115 -0.00164817 -0.200847 0.00133516 0.000190738 0.392729 -0.249621 0.000448977 
23 -0.00705719 0.00896454 -1.06222 -1.62931 1.52876 -1.42157 -1.57263 1.67356 0.0700008 1.91291 0.00972763 -0.197414 -0.00324254 -0.000572213 0.39044 -0.249951 -0.00124844 -0.200847 0.00133516 0.000190738 0.392729 -0.249621 0.000448977 
23 -0.00705719 0.00896454 -1.06222 -1.62931 1.52953 -1.42157 -1.57378 1.67432 0.0696193 1.91291 0.00972763 -0.197414 -0.00324254 -0.000572213 0.39044 -0.249951 -0.001248 -0.200847 0.00133516 0.000190738 0.392729 -0.249621 0.000448977 
23 -0.00705719 0.00896454 -1.06222 -1.62931 1.53067 -1.42157 -1.57454 1.67546 0.0692378 1.91291 0.00972763 -0.197414 -0.00324254 -0.000572213 0.39044 -0.249951 -0.001248 -0.200847 0.00133516 0.000190738 0.392729 -0.249621 0.000448977 
23 -0.00705719 0.00896454 -1.06222 -1.62931 1.53143 -1.42157 -1.5753 1.67585 0.0688563 1.91291 0.00972763 -0.197414 -0.00324254 -0.000572213 0.39044 -0.249951 -0.001248 -0.200847 0.00133516 0.000190738 0.392729 -0.249621 0.000448977 
23 -0.00705719 0.00896454 -1.06222 -1.62931 1.5322 -1.42157 -1.57607 1.67623 0.0680934 1.91291 0.00972763 -0.197414 -0.00324254 -0.000572213 0.39044 -0.249951 -0.001248 -0.200847 0.00133516 0.000190738 0.392729 -0.249621 0.000448977 
23 -0.00705719 0.00896454 -1.06222 -1.62931 1.53296 -1.42157 -1.57645 1.67661 0.0677119 1.91291 0.00972763 -0.197414 -0.00324254 -0.000572213 0.39044 -0.249951 -0.001248 -0.200847 0.00133516 0.000190738 0.392729 -0.249621 0.000448977 
23 -0.00705719 0.00896454 -1.06222 -1.62931 1.53372 -1.42157 -1.57683 1.67737 0.0673304 1.91291 0.00972763 -0.197414 -0.00324254 -0.000572213 0.39044 -0.249951 -0.001248 -0.200847 0.00133516 0.000190738 0.392729 -0.249621 0.000448977 
23 -0.00705719 0.00896454 -1.06222 -1.62931 1.53449 -1.42157 -1.57759 1.67775 0.066949 1.91291 0.00972763 -0.197414 -0.00286107 -0.000572213 0.39044 -0.249951 -0.001248 -0.200847 0.00133516 0.000190738 0.392729 -0.249621 0.000448977 
23 -0.00705719 0.00896454 -1.06222 -1.62931 1.53525 -1.42157 -1.57797 1.67813 0.0665675 1.91291 0.00972763 -0.197414 -0.00286107 -0.000572213 0.39044 -0.249951 -0.001248 -0.200847 0.00133516 0.000190738 0.392729 -0.249621 0.000448977 
23 -0.00705719 0.00896454 -1.06222 -1.62931 1.53601 -1.42157 -1.57836 1.6789 0.0665675 1.91291 0.00972763 -0.197414 -0.00324254 -0.000572213 0.39044 -0.249951 -0.001248 -0.200847 0.00133516 0.000190738 0.392729 -0.249621 0.000448977 
23 -0.00705719 0.00896454 -1.06222 -1.62969 1.53677 -1.42157 -1.57912 1.67928 0.066186 1.91291 0.00972763 -0.197414 -0.00324254 -0.000572213 0.39044 -0.249951 -0.001248 -0.200847 0.00133516 0.000190738 0.392729 -0.249621 0.000448977 
23 -0.00705719 0.00896454 -1.06222 -1.62969 1.53754 -1.42157 -1.57988 1.68042 0.066186 1.91291 0.00972763 -0.197414 -0.00324254 -0.000572213 0.39044 -0.249951 -0.001248 -0.200847 0.00133516 0.000190738 0.392729 -0.249621 0.000448977 
23 -0.00743866 0.00896454 -1.06222 -1.62969 1.5383 -1.42157 -1.58064 1.68119 0.0658045 1.91329 0.00934615 -0.197414 -0.00324254 -0.000572213 0.39044 -0.249951 -0.001248 -0.200847 0.00133516 0.000190738 0.392729 -0.249621 0.000448977 
23 -0.00705719 0.00896454 -1.06222 -1.62969 1.53868 -1.42157 -1.58103 1.68195 0.0658045 1.91329 0.00934615 -0.197414 -0.00324254 -0.000572213 0.39044 -0.249951 -0.001248 -0.200847 0.00133516 0.000190738 0.392729 -0.249621 0.000448977 
23 -0.00743866 0.00896454 -1.06222 -1.62969 1.53944 -1.42157 -1.58179 1.68233 0.0658045 1.91329 0.00934615 -0.197414 -0.00324254 -0.000572213 0.39044 -0.250115 -0.00164817 -0.200847 0.00133516 0.000190738 0.392729 -0.249621 0.000448977 
23 -0.00743866 0.00896454 -1.06222 -1.62969 1.54021 -1.42157 -1.58217 1.68271 0.0658045 1.91329 0.00934615 -0.197414 -0.00324254 -0.000572213 0.39044 -0.249951 -0.00124844 -0.200847 0.00133516 0.000190738 0.392729 -0.249621 0.000448977 
23 -0.00705719 0.00896454 -1.06222 -1.62969 1.54097 -1.42157 -1.58255 1.68309 0.0658045 1.91329 0.00934615 -0.197414 -0.00324254 -0.000572213 0.39044 -0.249951 -0.001248 -0.200847 0.00133516 0.000190738 0.392729 -0.249621 0.000448977 
23 -0.00705719 0.00896454 -1.06222 -1.63007 1.54135 -1.42157 -1.58293 1.68386 0.0658045 1.91329 0.00934615 -0.197414 -0.00324254 -0.000572213 0.39044 -0.249951 -0.001248 -0.200847 0.00133516 0.000190738 0.392729 -0.249621 0.000448977 
23 -0.00705719 0.00896454 -1.06222 -1.63007 1.54211 -1.42157 -1.58331 1.68424 0.0658045 1.91329 0.00934615 -0.197414 -0.00324254 -0.000572213 0.39044 -0.250115 -0.00164817 -0.200847 0.00133516 0.000190738 0.392729 -0.249621 0.000448977 
23 -0.00705719 0.00896454 -1.06222 -1.63007 1.54288 -1.42157 -1.5837 1.68462 0.0658045 1.91329 0.00896468 -0.197414 -0.00324254 -0.000572213 0.39044 -0.249951 -0.00124844 -0.200847 0.00133516 0.000190738 0.392729 -0.249621 0.000448977 
23 -0.00705719 0.00896454 -1.06222 -1.63007 1.54326 -1.42157 -1.58408 1.685 0.0658045 1.91329 0.00896468 -0.197414 -0.00324254 -0.000572213 0.39044 -0.249951 -0.001248 -0.200847 0.00133516 0.000190738 0.392729 -0.249621 0.000448977 
23 -0.00705719 0.00896454 -1.06222 -1.63007 1.54402 -1.42157 -1.58446 1.68576 0.0658045 1.91329 0.00896468 -0.197414 -0.00324254 -0.000572213 0.39044 -0.249951 -0.001248 -0.200847 0.00133516 0.000190738 0.392729 -0.249621 0.000448977 
23 -0.00743866 0.00896454 -1.06222 -1.63007 1.5444 -1.42157 -1.58484 1.68653 0.0658045 1.91329 0.00896468 -0.197414 -0.00324254 -0.000572213 0.39044 -0.249951 -0.001248 -0.200847 0.00133516 0.000190738 0.392729 -0.249621 0.000448977 
23 -0.00743866 0.00896454 -1.06222 -1.63007 1.54479 -1.42157 -1.58484 1.68729 0.0658045 1.91329 0.00896468 -0.197414 -0.00324254 -0.000572213 0.39044 -0.249951 -0.001248 -0.200847 0.00133516 0.000190738 0.392729 -0.249621 0.000448977 
23 -0.00743866 0.00896454 -1.06222 -1.63007 1.54555 -1.42157 -1.58522 1.68805 0.066186 1.91329 0.00896468 -0.197414 -0.00324254 -0.000572213 0.39044 -0.249951 -0.001248 -0.200847 0.00133516 0.000190738 0.392729 -0.249621 0.000448977 
23 -0.00705719 0.00896454 -1.06222 -1.63007 1.54593 -1.42157 -1.5856 1.68843 0.066186 1.91329 0.00896468 -0.197414 -0.00324254 -0.000572213 0.39044 -0.249951 -0.001248 -0.200847 0.00133516 0.000190738 0.392729 -0.249621 0.000448977 
23 -0.00743866 0.00896454 -1.06222 -1.63007 1.54669 -1.42157 -1.58598 1.68882 0.066186 1.91329 0.00896468 -0.197414 -0.00324254 -0.000572213 0.39044 -0.249951 -0.001248 -0.201228 0.00133516 0.000190738 0.392729 -0.249621 0.000448977 
23 -0.00705719 0.00896454 -1.06222 -1.63007 1.54707 -1.42157 -1.58637 1.6892 0.066186 1.91329 0.00896468 -0.197414 -0.00324254 -0.000572213 0.39044 -0.249951 -0.001248 -0.201228 0.00133516 0.000190738 0.392729 -0.249621 0.000448977 
23 -0.00743866 0.00896454 -1.06222 -1.63007 1.54746 -1.42157 -1.58637 1.68958 0.066186 1.91329 0.00896468 -0.197414 -0.00324254 -0.000572213 0.39044 -0.249951 -0.001248 -0.200847 0.00133516 0.000190738 0.392729 -0.249621 0.000448977 
23 -0.00705719 0.00896454 -1.06222 -1.63007 1.54822 -1.42157 -1.58675 1.68996 0.066186 1.91329 0.00896468 -0.197414 -0.00324254 -0.000572213 0.39044 -0.249951 -0.001248 -0.200847 0.00133516 0.000190738 0.392729 -0.249621 0.000448977 
23 -0.00743866 0.00896454 -1.06222 -1.63007 1.54898 -1.42157 -1.58675 1.69034 0.066186 1.91367 0.00896468 -0.197414 -0.00324254 -0.000572213 0.39044 -0.249951 -0.001248 -0.200847 0.00133516 0.000190738 0.392729 -0.249621 0.000448977 
23 -0.00705719 0.00896454 -1.06222 -1.63007 1.54936 -1.42157 -1.58713 1.69072 0.066186 1.91367 0.00896468 -0.197414 -0.00324254 -0.000572213 0.39044 -0.249951 -0.001248 -0.200847 0.00133516 0.000190738 0.392729 -0.249621 0.000448977 
23 -0.00705719 0.00896454 -1.06222 -1.63007 1.54974 -1.42157 -1.58751 1.69149 0.066186 1.91367 0.00896468 -0.197414 -0.00324254 -0.000572213 0.39044 -0.249951 -0.001248 -0.200847 0.00133516 0.000190738 0.392729 -0.249621 0.000448977 
23 -0.00705719 0.00896454 -1.06222 -1.63007 1.55013 -1.42157 -1.58751 1.69187 0.066186 1.91367 0.00896468 -0.197414 -0.00324254 -0.000572213 0.39044 -0.249951 -0.001248 -0.201228 0.00133516 0.000190738 0.392729 -0.249621 0.000448977 
23 -0.00705719 0.00896454 -1.06222 -1.63007 1.55051 -1.42157 -1.58789 1.69263 0.0665675 1.91367 0.00896468 -0.197414 -0.00324254 -0.000572213 0.39044 -0.249951 -0.001248 -0.200847 0.00133516 0.000190738 0.392729 -0.249621 0.000448977 
23 -0.00705719 0.00896454 -1.06222 -1.63007 1.55127 -1.42157 -1.58789 1.69339 0.0665675 1.91367 0.00896468 -0.197414 -0.00324254 -0.000572213 0.39044 -0.249951 -0.001248 -0.200847 0.00133516 0.000190738 0.392729 -0.249621 0.000448977 
23 -0.00743866 0.00896454 -1.06222 -1.63007 1.55165 -1.42157 -1.58789 1.69416 0.0665675 1.91405 0.00896468 -0.197414 -0.00324254 -0.000572213 0.39044 -0.249951 -0.001248 -0.200847 0.00133516 0.000190738 0.392729 -0.249621 0.000448977 
23 -0.00743866 0.00896454 -1.06222 -1.63007 1.55203 -1.42157 -1.58827 1.69454 0.0665675 1.91405 0.00896468 -0.197414 -0.00324254 -0.000572213 0.39044 -0.249951 -0.001248 -0.200847 0.00133516 0.000190738 0.392729 -0.249621 0.000448977 
23 -0.00705719 0.00896454 -1.06222 -1.63007 1.55203 -1.42157 -1.58827 1.69492 0.0665675 1.91405 0.00896468 -0.197414 -0.00324254 -0.000572213 0.39044 -0.249951 -0.001248 -0.200847 0.00133516 0.000190738 0.392729 -0.249621 0.000448977 
23 -0.00705719 0.00896454 -1.06222 -1.63007 1.55241 -1.42157 -1.58865 1.6953 0.0665675 1.91405 0.00896468 -0.197414 -0.00324254 -0.000572213 0.39044 -0.249951 -0.001248 -0.200847 0.00133516 0.000190738 0.392729 -0.249621 0.000448977 
23 -0.00743866 0.00896454 -1.06222 -1.63007 1.5528 -1.42157 -1.58865 1.69568 0.0665675 1.91405 0.00896468 -0.197414 -0.00324254 -0.000572213 0.39044 -0.249951 -0.001248 -0.201228 0.00133516 0.000190738 0.392729 -0.249621 0.000448977 
23 -0.00705719 0.00896454 -1.06222 -1.63007 1.5528 -1.42157 -1.58865 1.69645 0.0665675 1.91405 0.00896468 -0.197414 -0.00324254 -0.000572213 0.39044 -0.249951 -0.001248 -0.201228 0.00133516 0.000190738 0.392729 -0.249621 0.000448977 
23 -0.00743866 0.00896454 -1.06222 -1.63007 1.55318 -1.42157 -1.58904 1.69683 0.0665675 1.91405 0.00896468 -0.197414 -0.00324254 -0.000572213 0.39044 -0.250115 -0.00164817 -0.200847 0.00133516 0.000190738 0.392729 -0.249621 0.000448977 
23 -0.00743866 0.00896454 -1.06222 -1.63045 1.55356 -1.42157 -1.58904 1.69721 0.066949 1.91444 0.00896468 -0.197414 -0.00324254 -0.000572213 0.39044 -0.249951 -0.00124844 -0.200847 0.00133516 0.000190738 0.392729 -0.249621 0.000448977 
23 -0.00743866 0.00896454 -1.06222 -1.63045 1.55394 -1.42157 -1.58904 1.69759 0.066949 1.91444 0.00896468 -0.197414 -0.00324254 -0.000572213 0.39044 -0.249951 -0.001248 -0.200847 0.00133516 0.000190738 0.392729 -0.249621 0.000448977 
23 -0.00743866 0.00896454 -1.06222 -1.63045 1.55394 -1.42157 -1.58942 1.69797 0.066949 1.91444 0.00896468 -0.197414 -0.00324254 -0.000572213 0.39044 -0.249951 -0.001248 -0.200847 0.00133516 0.000190738 0.392729 -0.249621 0.000448977 
23 -0.00705719 0.00896454 -1.06222 -1.63045 1.55432 -1.42157 -1.58942 1.69873 0.066949 1.91444 0.00896468 -0.197414 -0.00324254 -0.000572213 0.39044 -0.249951 -0.001248 -0.200847 0.00133516 0.000190738 0.392729 -0.249621 0.000448977 
23 -0.00705719 0.00896454 -1.06222 -1.63083 1.5547 -1.42157 -1.58942 1.6995 0.066949 1.91444 0.00896468 -0.197414 -0.00324254 -0.000572213 0.39044 -0.249951 -0.001248 -0.200847 0.00133516 0.000190738 0.392729 -0.249621 0.000448977 
23 -0.00743866 0.00896454 -1.06222 -1.63083 1.5547 -1.42157 -1.58942 1.70026 0.066949 1.91444 0.00896468 -0.197414 -0.00324254 -0.000572213 0.39044 -0.249951 -0.001248 -0.200847 0.00133516 0.000190738 0.392729 -0.249621 0.000448977 
23 -0.00743866 0.00896454 -1.06222 -1.63083 1.55509 -1.42157 -1.5898 1.70064 0.066949 1.91444 0.00896468 -0.197414 -0.00324254 -0.000572213 0.39044 -0.250115 -0.00164817 -0.200847 0.00133516 0.000190738 0.392729 -0.249621 0.000448977 
23 -0.00743866 0.00896454 -1.06222 -1.63083 1.55509 -1.42157 -1.5898 1.70102 0.066949 1.91444 0.00896468 -0.197414 -0.00324254 -0.000572213 0.39044 -0.250115 -0.00164773 -0.200847 0.00133516 0.000190738 0.392729 -0.249621 0.000448977 
23 -0.00743866 0.00896454 -1.06222 -1.63121 1.55509 -1.42157 -1.5898 1.7014 0.066949 1.91444 0.00896468 -0.197414 -0.00324254 -0.000572213 0.39044 -0.249951 -0.00124844 -0.200847 0.00133516 0.000190738 0.392729 -0.249621 0.000448977 
23 -0.00743866 0.00896454 -1.06222 -1.63121 1.55547 -1.42157 -1.5898 1.70179 0.066949 1.91444 0.00896468 -0.197414 -0.00324254 -0.000572213 0.39044 -0.249951 -0.001248 -0.200847 0.00133516 0.000190738 0.392729 -0.249621 0.000448977 
23 -0.00743866 0.00896454 -1.06222 -1.63159 1.55547 -1.42157 -1.5898 1.70217 0.066949 1.91405 0.00896468 -0.197414 -0.00324254 -0.000572213 0.39044 -0.249951 -0.001248 -0.200847 0.00133516 0.000190738 0.392729 -0.249621 0.000448977 
23 -0.00743866 0.00896454 -1.06222 -1.63159 1.55547 -1.42157 -1.5898 1.70217 0.066949 1.91405 0.00896468 -0.197414 -0.00324254 -0.000572213 0.39044 -0.249951 -0.001248 -0.200847 0.00133516 0.000190738 0.392729 -0.249621 0.000448977 
23 -0.00743866 0.00896454 -1.06222 -1.63198 1.55547 -1.42157 -1.5898 1.70255 0.066949 1.91405 0.00896468 -0.197414 -0.00324254 -0.000572213 0.39044 -0.249951 -0.001248 -0.200847 0.00133516 0.000190738 0.392729 -0.249621 0.000448977 
23 -0.00705719 0.00896454 -1.06222 -1.63198 1.55547 -1.42157 -1.5898 1.70293 0.066949 1.91405 0.00896468 -0.197414 -0.00324254 -0.000572213 0.39044 -0.250115 -0.00164817 -0.200847 0.00133516 0.000190738 0.392729 -0.249621 0.000448977 
23 -0.00743866 0.00896454 -1.06222 -1.63236 1.55547 -1.42157 -1.5898 1.70331 0.066949 1.91405 0.00896468 -0.197414 -0.00324254 -0.000572213 0.39044 -0.250115 -0.00164773 -0.200847 0.00133516 0.000190738 0.392729 -0.249621 0.000448977 
23 -0.00743866 0.00896454 -1.06222 -1.63274 1.55585 -1.42157 -1.59018 1.70331 0.066949 1.91405 0.00896468 -0.197414 -0.00324254 -0.000572213 0.39044 -0.249951 -0.00124844 -0.200847 0.00133516 0.000190738 0.392729 -0.249621 0.000448977 
23 -0.00743866 0.00896454 -1.06222 -1.63274 1.55585 -1.42157 -1.59018 1.70369 0.066949 1.91405 0.00896468 -0.197414 -0.00324254 -0.000572213 0.39044 -0.249951 -0.001248 -0.200847 0.00133516 0.000190738 0.392729 -0.249621 0.000448977 
23 -0.00705719 0.00896454 -1.06222 -1.63312 1.55585 -1.42157 -1.59018 1.70407 0.066949 1.91405 0.00896468 -0.197414 -0.00324254 -0.000572213 0.39044 -0.250115 -0.00164817 -0.200847 0.00133516 0.000190738 0.392729 -0.249621 0.000448977 
23 -0.00705719 0.00896454 -1.06222 -1.63312 1.55585 -1.42157 -1.59018 1.70407 0.066949 1.91405 0.00896468 -0.197414 -0.00324254 -0.000572213 0.39044 -0.249951 -0.00124844 -0.200847 0.00133516 0.000190738 0.392729 -0.249621 0.000448977 
23 -0.00705719 0.00896454 -1.06222 -1.6335 1.55585 -1.42157 -1.59018 1.70446 0.066949 1.91405 0.0085832 -0.197414 -0.00324254 -0.000572213 0.39044 -0.250115 -0.00164817 -0.200847 0.00133516 0.000190738 0.392729 -0.249621 0.000448977 
23 -0.00743866 0.00896454 -1.06222 -1.6335 1.55585 -1.42157 -1.59018 1.70484 0.066949 1.91405 0.0085832 -0.197414 -0.00324254 -0.000572213 0.39044 -0.249951 -0.00124844 -0.200847 0.00133516 0.000190738 0.392729 -0.249621 0.000448977 
23 -0.00743866 0.00896454 -1.06222 -1.63388 1.55585 -1.42157 -1.59018 1.70522 0.066949 1.91405 0.0085832 -0.197414 -0.00324254 -0.000572213 0.39044 -0.249951 -0.001248 -0.200847 0.00133516 0.000190738 0.392729 -0.249621 0.000448977 
23 -0.00743866 0.00896454 -1.06222 -1.63388 1.55585 -1.42157 -1.59018 1.7056 0.066949 1.91405 0.0085832 -0.197414 -0.00324254 -0.000572213 0.39044 -0.249951 -0.001248 -0.200847 0.00133516 0.000190738 0.392729 -0.249621 0.000448977 
23 -0.00743866 0.00896454 -1.06222 -1.63426 1.55585 -1.42157 -1.59018 1.70598 0.066949 1.91405 0.0085832 -0.197414 -0.00324254 -0.000572213 0.39044 -0.249951 -0.001248 -0.200847 0.00133516 0.000190738 0.392729 -0.249621 0.000448977 
23 -0.00705719 0.00896454 -1.06222 -1.63465 1.55585 -1.42157 -1.59018 1.70636 0.066949 1.91405 0.0085832 -0.197414 -0.00324254 -0.000572213 0.39044 -0.249951 -0.001248 -0.200847 0.00133516 0.000190738 0.392729 -0.249621 0.000448977 
23 -0.00705719 0.00896454 -1.06222 -1.63465 1.55585 -1.42157 -1.5898 1.70675 0.066949 1.91405 0.0085832 -0.197414 -0.00324254 -0.000572213 0.39044 -0.249951 -0.001248 -0.200847 0.00133516 0.000190738 0.392729 -0.249621 0.000448977 
23 -0.00705719 0.00896454 -1.06222 -1.63503 1.55585 -1.42157 -1.5898 1.70675 0.066949 1.91405 0.0085832 -0.197414 -0.00324254 -0.000572213 0.39044 -0.249951 -0.001248 -0.200847 0.00133516 0.000190738 0.392729 -0.249621 0.000448977 
23 -0.00743866 0.00896454 -1.06222 -1.63503 1.55585 -1.42157 -1.59018 1.70713 0.066949 1.91405 0.0085832 -0.197414 -0.00324254 -0.000572213 0.39044 -0.249951 -0.001248 -0.200847 0.00133516 0.000190738 0.392729 -0.249621 0.000448977 
23 -0.00743866 0.00896454 -1.06222 -1.63541 1.55585 -1.42157 -1.5898 1.70713 0.066949 1.91405 0.0085832 -0.197414 -0.00324254 -0.000572213 0.39044 -0.250115 -0.00164817 -0.200847 0.00133516 0.000190738 0.392729 -0.249621 0.000448977 
23 -0.00705719 0.00896454 -1.06222 -1.63579 1.55585 -1.42157 -1.5898 1.70713 0.066949 1.91405 0.0085832 -0.197414 -0.00324254 -0.000572213 0.39044 -0.249951 -0.00124844 -0.200847 0.00133516 0.000190738 0.392729 -0.249621 0.000448977 
23 -0.00743866 0.00896454 -1.06222 -1.63579 1.55585 -1.42157 -1.5898 1.70751 0.066949 1.91405 0.0085832 -0.197414 -0.00324254 -0.000572213 0.39044 -0.250115 -0.00164817 -0.200847 0.00133516 0.000190738 0.392729 -0.249621 0.000448977 
23 -0.00705719 0.00896454 -1.06222 -1.63617 1.55585 -1.42157 -1.5898 1.70751 0.066949 1.91405 0.0085832 -0.197414 -0.00324254 -0.000572213 0.39044 -0.249951 -0.00124844 -0.200847 0.00133516 0.000190738 0.392729 -0.249621 0.000448977 
23 -0.00743866 0.00896454 -1.06222 -1.63617 1.55585 -1.42157 -1.5898 1.70751 0.066949 1.91405 0.0085832 -0.197414 -0.00324254 -0.000572213 0.39044 -0.250115 -0.00164817 -0.200847 0.00133516 0.000190738 0.392729 -0.249621 0.000448977 
23 -0.00705719 0.00896454 -1.06222 -1.63655 1.55585 -1.42157 -1.5898 1.70751 0.066949 1.91405 0.0085832 -0.197414 -0.00324254 -0.000572213 0.39044 -0.250115 -0.00164773 -0.200847 0.00133516 0.000190738 0.392729 -0.249621 0.000448977 
23 -0.00743866 0.00896454 -1.06222 -1.63655 1.55585 -1.42157 -1.5898 1.70789 0.066949 1.91405 0.00820172 -0.197414 -0.00324254 -0.000572213 0.39044 -0.249951 -0.00124844 -0.200847 0.00133516 0.000190738 0.392729 -0.249621 0.000448977 
23 -0.00705719 0.00896454 -1.06222 -1.63694 1.55585 -1.42157 -1.5898 1.70789 0.066949 1.91405 0.00820172 -0.197414 -0.00324254 -0.000572213 0.39044 -0.249951 -0.001248 -0.200847 0.00133516 0.000190738 0.392729 -0.249621 0.000448977 
23 -0.00705719 0.00896454 -1.06222 -1.63694 1.55585 -1.42157 -1.5898 1.70789 0.066949 1.91367 0.00820172 -0.197414 -0.00324254 -0.000572213 0.39044 -0.249951 -0.001248 -0.200847 0.00133516 0.000190738 0.392729 -0.249621 0.000448977 
23 -0.00743866 0.00896454 -1.06222 -1.63694 1.55585 -1.42157 -1.5898 1.70789 0.066949 1.91367 0.00820172 -0.197414 -0.00324254 -0.000572213 0.39044 -0.249951 -0.001248 -0.200847 0.00133516 0.000190738 0.392729 -0.249621 0.000448977 
23 -0.00705719 0.00896454 -1.06222 -1.63732 1.55585 -1.42157 -1.5898 1.70827 0.066949 1.91367 0.00820172 -0.197414 -0.00324254 -0.000572213 0.39044 -0.249951 -0.001248 -0.200847 0.00133516 0.000190738 0.392729 -0.249621 0.000448977 
23 -0.00743866 0.00896454 -1.06222 -1.63732 1.55585 -1.42157 -1.5898 1.70827 0.066949 1.91329 0.00820172 -0.197414 -0.00324254 -0.000572213 0.39044 -0.249951 -0.001248 -0.200847 0.00133516 0.000190738 0.392729 -0.249621 0.000448977 
23 -0.00705719 0.00896454 -1.06222 -1.63732 1.55585 -1.42157 -1.5898 1.70827 0.066949 1.91329 0.00820172 -0.197414 -0.00324254 -0.000572213 0.39044 -0.249951 -0.001248 -0.200847 0.00133516 0.000190738 0.392729 -0.249621 0.000448977 
23 -0.00743866 0.00896454 -1.06222 -1.6377 1.55585 -1.42157 -1.5898 1.70827 0.066949 1.91329 0.00820172 -0.197414 -0.00324254 -0.000572213 0.39044 -0.249951 -0.001248 -0.200847 0.00133516 0.000190738 0.392729 -0.249621 0.000448977 
23 -0.00705719 0.00896454 -1.06222 -1.6377 1.55585 -1.42157 -1.58942 1.70827 0.066949 1.91291 0.00820172 -0.197414 -0.00324254 -0.000572213 0.39044 -0.249951 -0.001248 -0.200847 0.00133516 0.000190738 0.392729 -0.249621 0.000448977 
23 -0.00705719 0.00896454 -1.06222 -1.6377 1.55585 -1.42157 -1.58942 1.70827 0.066949 1.91291 0.00820172 -0.197414 -0.00324254 -0.000572213 0.39044 -0.249951 -0.001248 -0.200847 0.00133516 0.000190738 0.392729 -0.249621 0.000448977 
23 -0.00705719 0.00896454 -1.06222 -1.63808 1.55585 -1.42157 -1.58942 1.70865 0.066949 1.91253 0.00820172 -0.197414 -0.00324254 -0.000572213 0.39044 -0.249951 -0.001248 -0.200847 0.00133516 0.000190738 0.392729 -0.249621 0.000448977 
23 -0.00705719 0.00896454 -1.06222 -1.63808 1.55585 -1.42157 -1.58942 1.70865 0.066949 1.91253 0.00820172 -0.197414 -0.00324254 -0.000572213 0.39044 -0.249951 -0.001248 -0.200847 0.00133516 0.000190738 0.392729 -0.249621 0.000448977 
23 -0.00705719 0.00896454 -1.06222 -1.63808 1.55585 -1.42157 -1.58942 1.70865 0.066949 1.91253 0.00820172 -0.197414 -0.00324254 -0.000572213 0.39044 -0.249951 -0.001248 -0.200847 0.00133516 0.000190738 0.392729 -0.249621 0.000448977 
23 -0.00705719 0.00896454 -1.06222 -1.63846 1.55585 -1.42157 -1.58942 1.70865 0.066949 1.91215 0.00820172 -0.197414 -0.00324254 -0.000572213 0.39044 -0.249951 -0.001248 -0.200847 0.00133516 0.000190738 0.392729 -0.249621 0.000448977 
23 -0.00705719 0.00896454 -1.06222 -1.63846 1.55585 -1.42157 -1.58904 1.70865 0.066949 1.91176 0.00820172 -0.197414 -0.00324254 -0.000572213 0.39044 -0.249951 -0.001248 -0.200847 0.00133516 0.000190738 0.392729 -0.249621 0.000448977 
23 -0.00705719 0.00896454 -1.06222 -1.63846 1.55585 -1.42157 -1.58904 1.70865 0.066949 1.91176 0.00820172 -0.197414 -0.00324254 -0.000572213 0.39044 -0.249951 -0.001248 -0.200847 0.00133516 0.000190738 0.392729 -0.249621 0.000448977 
23 -0.00705719 0.00896454 -1.06222 -1.63884 1.55585 -1.42157 -1.58904 1.70865 0.066949 1.91138 0.00820172 -0.197414 -0.00324254 -0.000572213 0.39044 -0.249951 -0.001248 -0.200847 0.00133516 0.000190738 0.392729 -0.249621 0.000448977 
23 -0.00705719 0.00896454 -1.06222 -1.63884 1.55585 -1.42157 -1.58904 1.70865 0.066949 1.91138 0.00820172 -0.197414 -0.00324254 -0.000572213 0.39044 -0.249951 -0.001248 -0.200847 0.00133516 0.000190738 0.392729 -0.249621 0.000448977 
23 -0.00705719 0.00896454 -1.06222 -1.63884 1.55585 -1.42157 -1.58865 1.70865 0.066949 1.911 0.00820172 -0.197414 -0.00324254 -0.000572213 0.39044 -0.249951 -0.001248 -0.200847 0.00133516 0.000190738 0.392729 -0.249621 0.000448977 
23 -0.00705719 0.00896454 -1.06222 -1.63922 1.55585 -1.42157 -1.58865 1.70865 0.066949 1.911 0.00820172 -0.197414 -0.00324254 -0.000572213 0.39044 -0.249951 -0.001248 -0.200847 0.00133516 0.000190738 0.392729 -0.249621 0.000448977 
23 -0.00705719 0.00896454 -1.06222 -1.63922 1.55585 -1.42157 -1.58865 1.70865 0.066949 1.91062 0.00820172 -0.197414 -0.00324254 -0.000572213 0.39044 -0.249951 -0.001248 -0.200847 0.00133516 0.000190738 0.392729 -0.249621 0.000448977 
23 -0.00705719 0.00896454 -1.06222 -1.63922 1.55585 -1.42157 -1.58865 1.70865 0.066949 1.91024 0.00820172 -0.197414 -0.00324254 -0.000572213 0.39044 -0.249951 -0.001248 -0.200847 0.00133516 0.000190738 0.392729 -0.249621 0.000448977 
23 -0.00705719 0.00896454 -1.06222 -1.63961 1.55585 -1.42157 -1.58827 1.70865 0.066949 1.90948 0.00820172 -0.197414 -0.00324254 -0.000572213 0.39044 -0.249951 -0.001248 -0.200847 0.00133516 0.000190738 0.392729 -0.249621 0.000448977 
23 -0.00705719 0.00896454 -1.06222 -1.63961 1.55585 -1.42157 -1.58827 1.70865 0.066949 1.90909 0.00782025 -0.197414 -0.00324254 -0.000572213 0.39044 -0.250115 -0.00164817 -0.200847 0.00133516 0.000190738 0.392729 -0.249621 0.000448977 
23 -0.00743866 0.00896454 -1.06222 -1.63961 1.55585 -1.42157 -1.58827 1.70865 0.066949 1.90871 0.00782025 -0.197414 -0.00324254 -0.000572213 0.39044 -0.250115 -0.00164773 -0.201228 0.00133516 0.000190738 0.392729 -0.249621 0.000448977 
23 -0.00705719 0.00896454 -1.06222 -1.63961 1.55585 -1.42157 -1.58789 1.70827 0.066949 1.90833 0.00782025 -0.197414 -0.00324254 -0.000572213 0.39044 -0.250115 -0.00164773 -0.200847 0.00133516 0.000190738 0.392729 -0.249621 0.000448977 
23 -0.00705719 0.00896454 -1.06222 -1.63961 1.55585 -1.42157 -1.58789 1.70827 0.066949 1.90795 0.00782025 -0.197414 -0.00324254 -0.000572213 0.39044 -0.249951 -0.00124844 -0.200847 0.00133516 0.000190738 0.392729 -0.249621 0.000448977 
23 -0.00705719 0.00896454 -1.06222 -1.63999 1.55585 -1.42157 -1.58751 1.70827 0.066949 1.90757 0.00782025 -0.197414 -0.00324254 -0.000572213 0.39044 -0.250115 -0.00164817 -0.200847 0.00133516 0.000190738 0.392729 -0.249621 0.000448977 
23 -0.00705719 0.00896454 -1.06222 -1.63999 1.55585 -1.42157 -1.58713 1.70827 0.066949 1.90719 0.00782025 -0.197414 -0.00324254 -0.000572213 0.39044 -0.250115 -0.00164773 -0.200847 0.00133516 0.000190738 0.392729 -0.249621 0.000448977 
23 -0.00705719 0.00896454 -1.06222 -1.63999 1.55585 -1.42157 -1.58713 1.70827 0.066949 1.90681 0.00782025 -0.197414 -0.00324254 -0.000572213 0.39044 -0.250115 -0.00164773 -0.200847 0.00133516 0.000190738 0.392729 -0.249621 0.000448977 
23 -0.00705719 0.00896454 -1.06222 -1.63999 1.55585 -1.42157 -1.58675 1.70827 0.066949 1.90642 0.00782025 -0.197414 -0.00324254 -0.000572213 0.39044 -0.250115 -0.00164773 -0.200847 0.00133516 0.000190738 0.392729 -0.249621 0.000448977 
23 -0.00705719 0.00896454 -1.06222 -1.64037 1.55585 -1.42157 -1.58675 1.70827 0.066949 1.90604 0.00782025 -0.197414 -0.00324254 -0.000572213 0.39044 -0.250115 -0.00164773 -0.200847 0.00133516 0.000190738 0.392729 -0.249621 0.000448977 
23 -0.00705719 0.00896454 -1.06222 -1.64037 1.55585 -1.42157 -1.58637 1.70827 0.066949 1.90528 0.00743877 -0.197414 -0.00324254 -0.000572213 0.39044 -0.250115 -0.00164773 -0.200847 0.00133516 0.000190738 0.392729 -0.249621 0.000448977 
23 -0.00705719 0.00896454 -1.06222 -1.64037 1.55585 -1.42157 -1.58598 1.70827 0.066949 1.9049 0.00743877 -0.197414 -0.00324254 -0.000572213 0.39044 -0.249951 -0.00124844 -0.200847 0.00133516 0.000190738 0.392729 -0.249621 0.000448977 
23 -0.00705719 0.00896454 -1.06222 -1.64037 1.55585 -1.42157 -1.5856 1.70789 0.066949 1.90414 0.00743877 -0.197414 -0.00324254 -0.000572213 0.39044 -0.249951 -0.001248 -0.200847 0.00133516 0.000190738 0.392729 -0.249621 0.000448977 
23 -0.00705719 0.00896454 -1.06222 -1.64075 1.55547 -1.42119 -1.5856 1.70789 0.066949 1.90337 0.00743877 -0.197414 -0.00324254 -0.000572213 0.39044 -0.249951 -0.001248 -0.200847 0.00133516 0.000190738 0.392729 -0.249621 0.000448977 
23 -0.00705719 0.00896454 -1.06222 -1.64075 1.55547 -1.42119 -1.58522 1.70789 0.066949 1.90223 0.00743877 -0.197414 -0.00324254 -0.000572213 0.39044 -0.250115 -0.00164817 -0.200847 0.00133516 0.000190738 0.392729 -0.249621 0.000448977 
23 -0.00705719 0.00896454 -1.06222 -1.64075 1.55547 -1.42119 -1.58484 1.70789 0.066949 1.90146 0.00743877 -0.197414 -0.00324254 -0.000572213 0.39044 -0.250115 -0.00164773 -0.200847 0.00133516 0.000190738 0.392729 -0.249621 0.000448977 
23 -0.00705719 0.00934601 -1.06222 -1.64075 1.55547 -1.42119 -1.58484 1.70789 0.066949 1.9007 0.00743877 -0.197414 -0.00324254 -0.000572213 0.39044 -0.250115 -0.00164773 -0.201228 0.00133516 0.000190738 0.392729 -0.249621 0.000448977 
23 -0.00705719 0.00896454 -1.06222 -1.64113 1.55547 -1.42119 -1.58446 1.70789 0.066949 1.90032 0.00743877 -0.197414 -0.00324254 -0.000572213 0.39044 -0.250115 -0.00164773 -0.200847 0.00133516 0.000190738 0.392729 -0.249621 0.000448977 
23 -0.00705719 0.00896454 -1.06222 -1.64113 1.55547 -1.42119 -1.58446 1.70789 0.066949 1.89956 0.00743877 -0.197414 -0.00324254 -0.000572213 0.39044 -0.250115 -0.00164773 -0.200847 0.00133516 0.000190738 0.392729 -0.249621 0.000448977 
23 -0.00705719 0.00896454 -1.06222 -1.64113 1.55547 -1.42119 -1.58446 1.70789 0.066949 1.89879 0.00743877 -0.197414 -0.00324254 -0.000572213 0.39044 -0.249951 -0.00124844 -0.201228 0.00133516 0.000190738 0.392729 -0.249621 0.000448977 
23 -0.00705719 0.00896454 -1.06222 -1.64113 1.55547 -1.42119 -1.58408 1.70789 0.066949 1.89803 0.00743877 -0.197414 -0.00324254 -0.000572213 0.39044 -0.249951 -0.001248 -0.201228 0.00133516 0.000190738 0.392729 -0.249621 0.000448977 
23 -0.00705719 0.00934601 -1.06222 -1.64113 1.55547 -1.42119 -1.5837 1.70789 0.066949 1.89727 0.00743877 -0.197414 -0.00324254 -0.000572213 0.39044 -0.249951 -0.001248 -0.201228 0.00133516 0.000190738 0.392729 -0.249621 0.000448977 
23 -0.00705719 0.00896454 -1.06222 -1.64113 1.55547 -1.42119 -1.5837 1.70789 0.066949 1.89612 0.0070573 -0.197414 -0.00324254 -0.000572213 0.39044 -0.249951 -0.001248 -0.200847 0.00133516 0.000190738 0.392729 -0.249621 0.000448977 
23 -0.00705719 0.00896454 -1.06222 -1.64113 1.55547 -1.42119 -1.58331 1.70789 0.066949 1.89536 0.0070573 -0.197414 -0.00324254 -0.000572213 0.39044 -0.250115 -0.00164817 -0.200847 0.00133516 0.000190738 0.392729 -0.249621 0.000448977 
23 -0.00705719 0.00896454 -1.06222 -1.64113 1.55547 -1.42119 -1.58331 1.70789 0.066949 1.8946 0.0070573 -0.197414 -0.00324254 -0.000572213 0.39044 -0.249951 -0.00124844 -0.200847 0.00133516 0.000190738 0.392729 -0.249621 0.000448977 
23 -0.00705719 0.00896454 -1.06222 -1.64113 1.55547 -1.42119 -1.58293 1.70789 0.066949 1.89345 0.0070573 -0.197414 -0.00324254 -0.000572213 0.39044 -0.250115 -0.00164817 -0.200847 0.00133516 0.000190738 0.392729 -0.249621 0.000448977 
23 -0.00705719 0.00896454 -1.06222 -1.64151 1.55547 -1.42119 -1.58293 1.70789 0.066949 1.89269 0.0070573 -0.197414 -0.00324254 -0.000572213 0.39044 -0.250115 -0.00164773 -0.200847 0.00133516 0.000190738 0.392729 -0.249621 0.000448977 
23 -0.00705719 0.00896454 -1.06222 -1.64151 1.55547 -1.42119 -1.58255 1.70789 0.066949 1.89193 0.0070573 -0.197414 -0.00324254 -0.000572213 0.39044 -0.250115 -0.00164773 -0.200847 0.00133516 0.000190738 0.392729 -0.249621 0.000448977 
23 -0.00705719 0.00896454 -1.06184 -1.64151 1.55547 -1.42119 -1.58255 1.70789 0.066949 1.8904 0.0070573 -0.197414 -0.00324254 -0.000572213 0.39044 -0.250115 -0.00164773 -0.200847 0.00133516 0.000190738 0.392729 -0.249621 0.000448977 
23 -0.00705719 0.00896454 -1.06184 -1.64151 1.55547 -1.42119 -1.58217 1.70789 0.066949 1.88888 0.00667582 -0.197414 -0.00324254 -0.000572213 0.39044 -0.250115 -0.00164773 -0.200847 0.00133516 0.000190738 0.392729 -0.249621 0.000448977 
23 -0.00705719 0.00896454 -1.06184 -1.64151 1.55547 -1.42119 -1.58217 1.70789 0.066949 1.88811 0.00667582 -0.197414 -0.00324254 -0.000572213 0.39044 -0.250115 -0.00164773 -0.200847 0.00133516 0.000190738 0.392729 -0.249621 0.000448977 
23 -0.00705719 0.00896454 -1.06184 -1.64151 1.55547 -1.42119 -1.58179 1.70789 0.066949 1.88697 0.00667582 -0.197414 -0.00324254 -0.000572213 0.39044 -0.250115 -0.00164773 -0.201228 0.00133516 0.000190738 0.392729 -0.249621 0.000448977 
23 -0.00705719 0.00896454 -1.06184 -1.64151 1.55547 -1.42119 -1.58141 1.70789 0.066949 1.88582 0.00629435 -0.197414 -0.00324254 -0.000572213 0.39044 -0.250115 -0.00164773 -0.200847 0.00133516 0.000190738 0.392729 -0.249621 0.000448977 
23 -0.00705719 0.00934601 -1.06184 -1.64151 1.55547 -1.42119 -1.58103 1.70789 0.066949 1.88468 0.00629435 -0.197414 -0.00324254 -0.000572213 0.39044 -0.250115 -0.00164773 -0.200847 0.00133516 0.000190738 0.392729 -0.249823 2.3776e-05 
23 -0.00705719 0.00896454 -1.06184 -1.64151 1.55547 -1.42119 -1.58103 1.70789 0.066949 1.88315 0.00591287 -0.197414 -0.00324254 -0.000572213 0.39044 -0.250115 -0.00164773 -0.201228 0.00133516 0.000190738 0.392729 -0.249823 2.39159e-05 
23 -0.00705719 0.00896454 -1.06184 -1.64151 1.55547 -1.42119 -1.58064 1.70789 0.066949 1.88201 0.0055314 -0.197414 -0.00324254 -0.000572213 0.39044 -0.250115 -0.00164773 -0.200847 0.00133516 0.000190738 0.392729 -0.249823 2.39159e-05 
23 -0.00705719 0.00896454 -1.06184 -1.64151 1.55547 -1.42119 -1.58026 1.70789 0.066949 1.88087 0.0055314 -0.197414 -0.00324254 -0.000572213 0.39044 -0.250115 -0.00164773 -0.201228 0.00133516 0.000190738 0.392729 -0.249823 2.39159e-05 
23 -0.00705719 0.00896454 -1.06184 -1.64151 1.55547 -1.42119 -1.57988 1.70789 0.066949 1.87972 0.00514992 -0.197414 -0.00324254 -0.000572213 0.39044 -0.250115 -0.00164773 -0.201228 0.00133516 0.000190738 0.392729 -0.249823 2.39159e-05 
23 -0.00705719 0.00896454 -1.06184 -1.64151 1.55547 -1.42119 -1.5795 1.70789 0.066949 1.87819 0.00514992 -0.197414 -0.00324254 -0.000572213 0.39044 -0.250115 -0.00164773 -0.200847 0.00133516 0.000190738 0.392729 -0.249823 2.39159e-05 
23 -0.00705719 0.00896454 -1.06184 -1.64151 1.55547 -1.42119 -1.57912 1.70789 0.066949 1.87667 0.00476844 -0.197414 -0.00324254 -0.000572213 0.39044 -0.250115 -0.00164773 -0.200847 0.00133516 0.000190738 0.392729 -0.249823 2.39159e-05 
23 -0.00743866 0.00896454 -1.06184 -1.64151 1.55547 -1.42119 -1.57874 1.70789 0.066949 1.87514 0.00476844 -0.197414 -0.00324254 -0.000572213 0.39044 -0.249951 -0.00124844 -0.201228 0.00133516 0.000190738 0.392729 -0.249823 2.39159e-05 
23 -0.00705719 0.00896454 -1.06184 -1.64151 1.55547 -1.42119 -1.57874 1.70789 0.066949 1.874 0.00438697 -0.197414 -0.00324254 -0.000572213 0.39044 -0.250115 -0.00164817 -0.201228 0.00133516 0.000190738 0.392729 -0.249823 2.39159e-05 
23 -0.00705719 0.00896454 -1.06184 -1.64151 1.55547 -1.42119 -1.57836 1.70789 0.066949 1.87285 0.00400549 -0.197414 -0.00324254 -0.000572213 0.39044 -0.250115 -0.00164773 -0.201228 0.00133516 0.000190738 0.392729 -0.249823 2.39159e-05 
23 -0.00743866 0.00896454 -1.06184 -1.64151 1.55547 -1.42119 -1.57797 1.70789 0.066949 1.87095 0.00400549 -0.197414 -0.00324254 -0.000572213 0.39044 -0.250115 -0.00164773 -0.200847 0.00133516 0.000190738 0.392729 -0.249823 2.39159e-05 
23 -0.00705719 0.00896454 -1.06184 -1.64151 1.55547 -1.42119 -1.57759 1.70789 0.066949 1.86942 0.00362402 -0.197414 -0.00324254 -0.000572213 0.39044 -0.250115 -0.00164773 -0.201228 0.00133516 0.000190738 0.392729 -0.249823 2.39159e-05 
23 -0.00705719 0.00896454 -1.06184 -1.64151 1.55547 -1.42119 -1.57759 1.70789 0.066949 1.86828 0.00362402 -0.197414 -0.00324254 -0.000572213 0.39044 -0.250115 -0.00164773 -0.200847 0.00133516 0.000190738 0.392729 -0.249823 2.39159e-05 
23 -0.00705719 0.00896454 -1.06184 -1.64151 1.55547 -1.42119 -1.57721 1.70789 0.066949 1.86713 0.00362402 -0.197414 -0.00324254 -0.000572213 0.39044 -0.249951 -0.00124844 -0.201228 0.00133516 0.000190738 0.392729 -0.249823 2.39159e-05 
23 -0.00705719 0.00896454 -1.06146 -1.64151 1.55547 -1.42119 -1.57683 1.70789 0.066949 1.86484 0.00324254 -0.197414 -0.00324254 -0.000572213 0.39044 -0.249951 -0.001248 -0.200847 0.00133516 0.000190738 0.392729 -0.249823 2.39159e-05 
23 -0.00705719 0.00896454 -1.06146 -1.64151 1.55547 -1.42119 -1.57683 1.70789 0.066949 1.86332 0.00324254 -0.197414 -0.00324254 -0.000572213 0.39044 -0.249951 -0.001248 -0.200847 0.00133516 0.000190738 0.392729 -0.249823 2.39159e-05 
23 -0.00705719 0.00896454 -1.06146 -1.64151 1.55547 -1.42119 -1.57645 1.70789 0.066949 1.86179 0.00324254 -0.197414 -0.00324254 -0.000572213 0.39044 -0.249951 -0.001248 -0.200847 0.00133516 0.000190738 0.392729 -0.249621 0.000448838 
23 -0.00743866 0.00896454 -1.06146 -1.64151 1.55547 -1.42119 -1.57645 1.70789 0.066949 1.86027 0.00286107 -0.197414 -0.00324254 -0.000572213 0.39044 -0.250115 -0.00164817 -0.201228 0.00133516 0.000190738 0.392729 -0.249621 0.000448977 
23 -0.00743866 0.00896454 -1.06146 -1.64189 1.55547 -1.42119 -1.57607 1.70789 0.066949 1.85836 0.00286107 -0.197414 -0.00324254 -0.000572213 0.39044 -0.250115 -0.00164773 -0.200847 0.00133516 0.000190738 0.392729 -0.249621 0.000448977 
23 -0.00705719 0.00896454 -1.06146 -1.64189 1.55547 -1.42119 -1.57568 1.70789 0.066949 1.85683 0.00247959 -0.197414 -0.00324254 -0.000572213 0.39044 -0.249951 -0.00124844 -0.201228 0.00133516 0.000190738 0.392729 -0.249621 0.000448977 
23 -0.00705719 0.00896454 -1.06146 -1.64189 1.55547 -1.42119 -1.57568 1.70789 0.066949 1.85531 0.00209812 -0.197414 -0.00324254 -0.000572213 0.39044 -0.250115 -0.00164817 -0.201228 0.00133516 0.000190738 0.392729 -0.249823 2.3776e-05 
23 -0.00705719 0.00896454 -1.06146 -1.64189 1.55547 -1.42119 -1.5753 1.70789 0.066949 1.8534 0.00209812 -0.197414 -0.00324254 -0.000572213 0.39044 -0.250115 -0.00164773 -0.201228 0.00133516 0.000190738 0.392729 -0.249823 2.39159e-05 
23 -0.00743866 0.00896454 -1.06146 -1.64189 1.55547 -1.42119 -1.57492 1.70789 0.066949 1.85149 0.00171664 -0.197414 -0.00324254 -0.000572213 0.39044 -0.250115 -0.00164773 -0.201228 0.00133516 0.000190738 0.392729 -0.249823 2.39159e-05 
23 -0.00705719 0.00896454 -1.06146 -1.64189 1.55547 -1.42119 -1.57454 1.70789 0.066949 1.84958 0.00171664 -0.197414 -0.00324254 -0.000572213 0.39044 -0.250115 -0.00164773 -0.201228 0.00133516 0.000190738 0.392729 -0.249823 2.39159e-05 
23 -0.00705719 0.00896454 -1.06146 -1.64189 1.55547 -1.42119 -1.57416 1.70789 0.066949 1.84806 0.00133516 -0.197414 -0.00324254 -0.000572213 0.39044 -0.250115 -0.00164773 -0.201228 0.00133516 0.000190738 0.392729 -0.249823 2.39159e-05 
23 -0.00705719 0.00896454 -1.06146 -1.64189 1.55547 -1.42119 -1.57378 1.70789 0.066949 1.84577 0.00133516 -0.197414 -0.00324254 -0.000572213 0.39044 -0.249951 -0.00124844 -0.201228 0.00133516 0.000190738 0.392729 -0.249823 2.39159e-05 
23 -0.00705719 0.00896454 -1.06146 -1.64189 1.55547 -1.42119 -1.5734 1.70789 0.066949 1.84386 0.000953689 -0.197414 -0.00324254 -0.000572213 0.39044 -0.249951 -0.001248 -0.201228 0.00133516 0.000190738 0.392729 -0.249823 2.39159e-05 
23 -0.00705719 0.00896454 -1.06146 -1.64228 1.55547 -1.42119 -1.57301 1.70789 0.066949 1.84234 0.000572213 -0.197414 -0.00324254 -0.000572213 0.39044 -0.249951 -0.001248 -0.201228 0.00133516 0.000190738 0.392729 -0.249823 2.39159e-05 
23 -0.00705719 0.00896454 -1.06146 -1.64228 1.55547 -1.42119 -1.57263 1.70789 0.066949 1.83967 0.000572213 -0.197414 -0.00324254 -0.000572213 0.39044 -0.249951 -0.001248 -0.201228 0.00133516 0.000190738 0.392729 -0.249823 2.39159e-05 
23 -0.00743866 0.00896454 -1.06146 -1.64228 1.55547 -1.42119 -1.57225 1.70789 0.066949 1.83776 0.000190738 -0.197414 -0.00324254 -0.000572213 0.39044 -0.249951 -0.001248 -0.201228 0.00133516 0.000190738 0.392729 -0.249823 2.39159e-05 
23 -0.00743866 0.00896454 -1.06146 -1.64228 1.55547 -1.42119 -1.57187 1.70789 0.066949 1.83585 0.000190738 -0.197414 -0.00324254 -0.000572213 0.39044 -0.249951 -0.001248 -0.201228 0.00133516 0.000190738 0.392729 -0.249823 2.39159e-05 
23 -0.00743866 0.00896454 -1.06146 -1.64228 1.55547 -1.42119 -1.57149 1.70789 0.066949 1.83356 -0.000190738 -0.197414 -0.00324254 -0.000572213 0.39044 -0.249951 -0.001248 -0.201228 0.00133516 0.000190738 0.392729 -0.249823 2.39159e-05 
23 -0.00743866 0.00896454 -1.06146 -1.64228 1.55547 -1.42119 -1.57111 1.70751 0.066949 1.83165 -0.000190738 -0.197414 -0.00324254 -0.000572213 0.39044 -0.250115 -0.00164817 -0.201228 0.00133516 0.000190738 0.392729 -0.249823 2.39159e-05 
23 -0.00705719 0.00896454 -1.06146 -1.64266 1.55547 -1.42119 -1.57073 1.70751 0.066949 1.82975 -0.000190738 -0.197414 -0.00324254 -0.000572213 0.39044 -0.250115 -0.00164773 -0.201228 0.00133516 0.000190738 0.392729 -0.249823 2.39159e-05 
23 -0.00705719 0.00896454 -1.06146 -1.64266 1.55547 -1.42119 -1.57034 1.70751 0.066949 1.82708 -0.000572213 -0.197414 -0.00324254 -0.000572213 0.39044 -0.250115 -0.00164773 -0.201228 0.00133516 0.000190738 0.392729 -0.249823 2.39159e-05 
23 -0.00705719 0.00896454 -1.06146 -1.64266 1.55547 -1.42119 -1.56996 1.70751 0.066949 1.82479 -0.000572213 -0.197414 -0.00324254 -0.000572213 0.39044 -0.250115 -0.00164773 -0.201228 0.00133516 0.000190738 0.392729 -0.249823 2.39159e-05 
23 -0.00743866 0.00896454 -1.06146 -1.64266 1.55547 -1.42119 -1.56958 1.70751 0.066949 1.82288 -0.000572213 -0.197414 -0.00324254 -0.000572213 0.39044 -0.250115 -0.00164773 -0.201228 0.00133516 0.000190738 0.392729 -0.249823 2.39159e-05 
23 -0.00705719 0.00896454 -1.06146 -1.64266 1.55547 -1.42119 -1.5692 1.70751 0.066949 1.82021 -0.000953689 -0.197414 -0.00324254 -0.000572213 0.39044 -0.250115 -0.00164773 -0.201228 0.00133516 0.000190738 0.392729 -0.249823 2.39159e-05 
23 -0.00705719 0.00896454 -1.06107 -1.64304 1.55547 -1.42119 -1.56882 1.70751 0.066949 1.8183 -0.000953689 -0.197414 -0.00324254 -0.000572213 0.39044 -0.250115 -0.00164773 -0.201228 0.00133516 0.000190738 0.392729 -0.249823 2.39159e-05 
23 -0.00743866 0.00896454 -1.06107 -1.64304 1.55547 -1.42119 -1.56844 1.70751 0.066949 1.81563 -0.000953689 -0.197414 -0.00324254 -0.000572213 0.39044 -0.250115 -0.00164773 -0.201228 0.00133516 0.000190738 0.392729 -0.249823 2.39159e-05 
23 -0.00743866 0.00896454 -1.06107 -1.64304 1.55547 -1.42119 -1.56806 1.70751 0.066949 1.81296 -0.000953689 -0.197414 -0.00324254 -0.000572213 0.39044 -0.249951 -0.00124844 -0.201228 0.00133516 0.000190738 0.392729 -0.249823 2.39159e-05 
23 -0.00705719 0.00896454 -1.06107 -1.64304 1.55547 -1.42119 -1.56767 1.70751 0.066949 1.81106 -0.000953689 -0.197414 -0.00324254 -0.000572213 0.39044 -0.249951 -0.001248 -0.201228 0.00133516 0.000190738 0.392729 -0.249823 2.39159e-05 
23 -0.00705719 0.00896454 -1.06107 -1.64304 1.55547 -1.42119 -1.56729 1.70713 0.066949 1.808 -0.000953689 -0.197414 -0.00324254 -0.000572213 0.39044 -0.249951 -0.001248 -0.201228 0.00133516 0.000190738 0.392729 -0.249621 0.000448838 
23 -0.00705719 0.00896454 -1.06107 -1.64342 1.55547 -1.42119 -1.56691 1.70713 0.066949 1.80571 -0.000953689 -0.197414 -0.00324254 -0.000572213 0.39044 -0.250115 -0.00164817 -0.200847 0.00133516 0.000190738 0.392729 -0.249621 0.000448977 
23 -0.00743866 0.00896454 -1.06107 -1.64342 1.55547 -1.42119 -1.56653 1.70713 0.066949 1.80304 -0.00133516 -0.197414 -0.00324254 -0.000572213 0.39044 -0.250115 -0.00164773 -0.200847 0.00133516 0.000190738 0.392729 -0.249621 0.000448977 
23 -0.00705719 0.00896454 -1.06107 -1.64342 1.55547 -1.42119 -1.56615 1.70713 0.066949 1.80037 -0.00133516 -0.197414 -0.00324254 -0.000572213 0.39044 -0.250115 -0.00164773 -0.200847 0.00133516 0.000190738 0.392729 -0.249621 0.000448977 
23 -0.00743866 0.00896454 -1.06107 -1.64342 1.55547 -1.42119 -1.56577 1.70713 0.066949 1.7977 -0.00171664 -0.197414 -0.00324254 -0.000572213 0.39044 -0.250115 -0.00164773 -0.200847 0.00133516 0.000190738 0.392729 -0.249621 0.000448977 
23 -0.00743866 0.00896454 -1.06107 -1.64342 1.55547 -1.42119 -1.56538 1.70713 0.066949 1.79465 -0.00209812 -0.197414 -0.00324254 -0.000572213 0.39044 -0.250115 -0.00164773 -0.201228 0.00133516 0.000190738 0.392729 -0.249823 2.3776e-05 
23 -0.00743866 0.00896454 -1.06107 -1.64342 1.55547 -1.42119 -1.565 1.70675 0.066949 1.79236 -0.00209812 -0.197414 -0.00324254 -0.000572213 0.39044 -0.250115 -0.00164773 -0.201228 0.00133516 0.000190738 0.392729 -0.249823 2.39159e-05 
23 -0.00743866 0.00896454 -1.06107 -1.6438 1.55547 -1.42119 -1.56462 1.70675 0.066949 1.78893 -0.00247959 -0.197414 -0.00324254 -0.000572213 0.39044 -0.250115 -0.00164773 -0.201228 0.00133516 0.000190738 0.392729 -0.249823 2.39159e-05 
23 -0.00705719 0.00896454 -1.06107 -1.6438 1.55547 -1.42119 -1.56424 1.70675 0.066949 1.78664 -0.00247959 -0.197414 -0.00324254 -0.000572213 0.39044 -0.250115 -0.00164773 -0.200847 0.00133516 0.000190738 0.392729 -0.249823 2.39159e-05 
23 -0.00743866 0.00896454 -1.06107 -1.6438 1.55547 -1.42119 -1.56386 1.70675 0.066949 1.78321 -0.00286107 -0.197414 -0.00324254 -0.000572213 0.39044 -0.249951 -0.00124844 -0.200847 0.00133516 0.000190738 0.392729 -0.249823 2.39159e-05 
23 -0.00705719 0.00896454 -1.06107 -1.6438 1.55509 -1.42119 -1.56348 1.70675 0.066949 1.78092 -0.00324254 -0.197414 -0.00324254 -0.000572213 0.39044 -0.250115 -0.00164817 -0.200847 0.00133516 0.000190738 0.392729 -0.249823 2.39159e-05 
23 -0.00705719 0.00896454 -1.06107 -1.6438 1.55509 -1.42119 -1.5631 1.70636 0.066949 1.77749 -0.00324254 -0.197414 -0.00324254 -0.000572213 0.39044 -0.250115 -0.00164773 -0.200847 0.00133516 0.000190738 0.392729 -0.249823 2.39159e-05 
23 -0.00705719 0.00896454 -1.06107 -1.64418 1.55509 -1.42119 -1.56271 1.70636 0.066949 1.77443 -0.00362402 -0.197414 -0.00324254 -0.000572213 0.39044 -0.249951 -0.00124844 -0.200847 0.00133516 0.000190738 0.392729 -0.249823 2.39159e-05 
23 -0.00705719 0.00896454 -1.06107 -1.64418 1.55509 -1.42119 -1.56195 1.70636 0.066949 1.77138 -0.00362402 -0.197414 -0.00324254 -0.000572213 0.39044 -0.250115 -0.00164817 -0.201228 0.00133516 0.000190738 0.392729 -0.249823 2.39159e-05 
23 -0.00705719 0.00896454 -1.06107 -1.64418 1.55509 -1.42119 -1.56157 1.70636 0.066949 1.76833 -0.00400549 -0.197414 -0.00324254 -0.000572213 0.39044 -0.250115 -0.00164773 -0.200847 0.00133516 0.000190738 0.392729 -0.249823 2.39159e-05 
23 -0.00705719 0.00896454 -1.06107 -1.64418 1.5547 -1.42119 -1.56081 1.70636 0.066949 1.7649 -0.00400549 -0.197414 -0.00324254 -0.000572213 0.39044 -0.250115 -0.00164773 -0.201228 0.00133516 0.000190738 0.392729 -0.249823 2.39159e-05 
23 -0.00705719 0.00896454 -1.06107 -1.64418 1.5547 -1.42119 -1.56043 1.70598 0.066949 1.76223 -0.00400549 -0.197414 -0.00324254 -0.000572213 0.39044 -0.250115 -0.00164773 -0.200847 0.00133516 0.000190738 0.392729 -0.249823 2.39159e-05 
23 -0.00705719 0.00896454 -1.06107 -1.64418 1.5547 -1.42119 -1.56004 1.70598 0.066949 1.75841 -0.00438697 -0.197414 -0.00324254 -0.000572213 0.39044 -0.250115 -0.00164773 -0.200847 0.00133516 0.000190738 0.392729 -0.249823 2.39159e-05 
23 -0.00705719 0.00896454 -1.06107 -1.64418 1.5547 -1.42119 -1.55966 1.70598 0.066949 1.75574 -0.00438697 -0.197414 -0.00324254 -0.000572213 0.39044 -0.250115 -0.00164773 -0.200847 0.00133516 0.000190738 0.392729 -0.249823 2.39159e-05 
23 -0.00705719 0.00896454 -1.06107 -1.64418 1.55432 -1.42119 -1.5589 1.70598 0.066949 1.75193 -0.00438697 -0.197414 -0.00324254 -0.000572213 0.39044 -0.250115 -0.00164773 -0.200847 0.00133516 0.000190738 0.392729 -0.249823 2.39159e-05 
23 -0.00705719 0.00896454 -1.06107 -1.64418 1.55432 -1.42119 -1.55852 1.70598 0.066949 1.74887 -0.00438697 -0.197414 -0.00324254 -0.000572213 0.39044 -0.249951 -0.00124844 -0.200847 0.00133516 0.000190738 0.392729 -0.249823 2.39159e-05 
23 -0.00705719 0.00896454 -1.06107 -1.64418 1.55394 -1.42119 -1.55814 1.70598 0.066949 1.74544 -0.00438697 -0.197414 -0.00324254 -0.000572213 0.39044 -0.250115 -0.00164817 -0.201228 0.00133516 0.000190738 0.392729 -0.249823 2.39159e-05 
23 -0.00705719 0.00896454 -1.06107 -1.64418 1.55394 -1.42119 -1.55776 1.70598 0.066949 1.74239 -0.00476844 -0.197414 -0.00324254 -0.000572213 0.39044 -0.250115 -0.00164773 -0.201228 0.00133516 0.000190738 0.392729 -0.249823 2.39159e-05 
23 -0.00705719 0.00896454 -1.06069 -1.64418 1.55394 -1.42119 -1.55737 1.70598 0.066949 1.73857 -0.00476844 -0.197414 -0.00324254 -0.000572213 0.39044 -0.250115 -0.00164773 -0.200847 0.00133516 0.000190738 0.392729 -0.249823 2.39159e-05 
23 -0.00705719 0.00896454 -1.06069 -1.64418 1.55356 -1.42119 -1.55661 1.70598 0.066949 1.73514 -0.00476844 -0.197414 -0.00324254 -0.000572213 0.39044 -0.250115 -0.00164773 -0.200847 0.00133516 0.000190738 0.392729 -0.249823 2.39159e-05 
23 -0.00705719 0.00896454 -1.06069 -1.64418 1.55356 -1.42119 -1.55623 1.70598 0.066949 1.73171 -0.00476844 -0.197414 -0.00324254 -0.000572213 0.39044 -0.250115 -0.00164773 -0.200847 0.00133516 0.000190738 0.392729 -0.249823 2.39159e-05 
23 -0.00705719 0.00896454 -1.06069 -1.64418 1.55356 -1.42119 -1.55547 1.70598 0.066949 1.72789 -0.00476844 -0.197414 -0.00324254 -0.000572213 0.39044 -0.249951 -0.00124844 -0.200847 0.00133516 0.000190738 0.392729 -0.249823 2.39159e-05 
23 -0.00705719 0.00896454 -1.06069 -1.64418 1.55318 -1.42119 -1.5547 1.7056 0.066949 1.72446 -0.00476844 -0.197414 -0.00324254 -0.000572213 0.39044 -0.249951 -0.001248 -0.200847 0.00133516 0.000190738 0.392729 -0.249823 2.39159e-05 
23 -0.00705719 0.00896454 -1.06069 -1.64418 1.55318 -1.42119 -1.55432 1.7056 0.066949 1.72065 -0.00476844 -0.197414 -0.00324254 -0.000572213 0.39044 -0.249951 -0.001248 -0.200847 0.00133516 0.000190738 0.392729 -0.249823 2.39159e-05 
23 -0.00705719 0.00896454 -1.06069 -1.64418 1.55318 -1.42081 -1.55356 1.7056 0.066949 1.71759 -0.00438697 -0.197414 -0.00324254 -0.000572213 0.39044 -0.249951 -0.001248 -0.200847 0.00133516 0.000190738 0.392729 -0.249823 2.39159e-05 
23 -0.00705719 0.00896454 -1.06069 -1.64418 1.55318 -1.42081 -1.55318 1.7056 0.066949 1.7134 -0.00438697 -0.197414 -0.00324254 -0.000572213 0.39044 -0.250115 -0.00164817 -0.200847 0.00133516 0.000190738 0.392729 -0.249823 2.39159e-05 
23 -0.00705719 0.00896454 -1.06069 -1.64418 1.5528 -1.42081 -1.5528 1.7056 0.066949 1.70958 -0.00438697 -0.197414 -0.00324254 -0.000572213 0.39044 -0.249951 -0.00124844 -0.200847 0.00133516 0.000190738 0.392729 -0.249823 2.39159e-05 
23 -0.00705719 0.00896454 -1.06107 -1.64418 1.5528 -1.42081 -1.55203 1.7056 0.066949 1.70615 -0.00438697 -0.197414 -0.00324254 -0.000572213 0.39044 -0.250115 -0.00164817 -0.200847 0.00133516 0.000190738 0.392729 -0.249823 2.39159e-05 
23 -0.00705719 0.00896454 -1.06107 -1.64418 1.5528 -1.42081 -1.55165 1.7056 0.066949 1.70195 -0.00438697 -0.197414 -0.00324254 -0.000572213 0.39044 -0.250115 -0.00164773 -0.201228 0.00133516 0.000190738 0.392729 -0.249823 2.39159e-05 
23 -0.00705719 0.00896454 -1.06107 -1.64418 1.5528 -1.42081 -1.55127 1.7056 0.066949 1.69852 -0.00438697 -0.197414 -0.00324254 -0.000572213 0.39044 -0.250115 -0.00164773 -0.201228 0.00133516 0.000190738 0.392729 -0.249823 2.39159e-05 
23 -0.00705719 0.00896454 -1.06107 -1.64418 1.55241 -1.42081 -1.55089 1.7056 0.066949 1.69432 -0.00438697 -0.197414 -0.00324254 -0.000572213 0.39044 -0.250115 -0.00164773 -0.200847 0.00133516 0.000190738 0.392729 -0.249823 2.39159e-05 
23 -0.00705719 0.00896454 -1.06069 -1.64418 1.55241 -1.42042 -1.55051 1.7056 0.066949 1.69051 -0.00438697 -0.197414 -0.00324254 -0.000572213 0.39044 -0.250115 -0.00164773 -0.201228 0.00133516 0.000190738 0.392729 -0.249823 2.39159e-05 
23 -0.00743866 0.00896454 -1.06107 -1.64418 1.55241 -1.42042 -1.54974 1.7056 0.066949 1.68669 -0.00438697 -0.197414 -0.00324254 -0.000572213 0.39044 -0.250115 -0.00164773 -0.201228 0.00133516 0.000190738 0.392729 -0.249823 2.39159e-05 
23 -0.00705719 0.00896454 -1.06107 -1.64418 1.55203 -1.42042 -1.54898 1.70522 0.0673304 1.6825 -0.00438697 -0.197414 -0.00324254 -0.000572213 0.39044 -0.249951 -0.00124844 -0.200847 0.00133516 0.000190738 0.392729 -0.249823 2.39159e-05 
23 -0.00705719 0.00896454 -1.06107 -1.64418 1.55203 -1.42042 -1.54822 1.70522 0.0673304 1.67868 -0.00438697 -0.197414 -0.00324254 -0.000572213 0.39044 -0.249951 -0.001248 -0.200847 0.00133516 0.000190738 0.392729 -0.249823 2.39159e-05 
23 -0.00705719 0.00896454 -1.06069 -1.64418 1.55165 -1.42004 -1.54746 1.70522 0.0673304 1.67487 -0.00438697 -0.197414 -0.00324254 -0.000572213 0.39044 -0.249951 -0.001248 -0.201228 0.00133516 0.000190738 0.392729 -0.249823 2.39159e-05 
23 -0.00705719 0.00896454 -1.06069 -1.64418 1.55165 -1.42004 -1.54707 1.70522 0.0673304 1.67067 -0.00438697 -0.197414 -0.00324254 -0.000572213 0.39044 -0.249951 -0.001248 -0.201228 0.00133516 0.000190738 0.392729 -0.249823 2.39159e-05 
23 -0.00705719 0.00896454 -1.06069 -1.64418 1.55127 -1.42004 -1.54669 1.70484 0.0673304 1.66686 -0.00438697 -0.197414 -0.00324254 -0.000572213 0.39044 -0.249951 -0.001248 -0.201228 0.00133516 0.000190738 0.392729 -0.249823 2.39159e-05 
23 -0.00705719 0.00896454 -1.06069 -1.64418 1.55127 -1.42004 -1.54631 1.70484 0.0673304 1.66266 -0.00400549 -0.197414 -0.00324254 -0.000572213 0.39044 -0.249951 -0.001248 -0.200847 0.00133516 0.000190738 0.392729 -0.249823 2.39159e-05 
23 -0.00705719 0.00896454 -1.06069 -1.64418 1.55089 -1.42004 -1.54555 1.70484 0.0673304 1.65808 -0.00400549 -0.197414 -0.00324254 -0.000572213 0.39044 -0.249951 -0.001248 -0.200847 0.00133516 0.000190738 0.392729 -0.249823 2.39159e-05 
23 -0.00705719 0.00896454 -1.06069 -1.64418 1.55089 -1.41966 -1.54517 1.70446 0.0673304 1.65465 -0.00400549 -0.197414 -0.00324254 -0.000572213 0.39044 -0.250115 -0.00164817 -0.201228 0.00133516 0.000190738 0.392729 -0.249621 0.000448838 
23 -0.00705719 0.00896454 -1.06069 -1.64418 1.55089 -1.41966 -1.54479 1.70446 0.0673304 1.65045 -0.00400549 -0.197414 -0.00324254 -0.000572213 0.39044 -0.249951 -0.00124844 -0.200847 0.00133516 0.000190738 0.392729 -0.249823 2.37762e-05 
23 -0.00705719 0.00896454 -1.06107 -1.64418 1.55051 -1.41966 -1.5444 1.70446 0.0677119 1.64588 -0.00400549 -0.197414 -0.00324254 -0.000572213 0.39044 -0.250115 -0.00164817 -0.200847 0.00133516 0.000190738 0.392729 -0.249823 2.39159e-05 
23 -0.00705719 0.00896454 -1.06107 -1.64418 1.55051 -1.41966 -1.54364 1.70407 0.0677119 1.64244 -0.00362402 -0.197414 -0.00324254 -0.000572213 0.39044 -0.249951 -0.00124844 -0.201228 0.00133516 0.000190738 0.392729 -0.249823 2.39159e-05 
23 -0.00705719 0.00896454 -1.06107 -1.64418 1.55051 -1.41928 -1.54326 1.70407 0.0677119 1.63787 -0.00362402 -0.197414 -0.00324254 -0.000572213 0.39044 -0.249951 -0.001248 -0.201228 0.00133516 0.000190738 0.392729 -0.249823 2.39159e-05 
23 -0.00705719 0.00896454 -1.06107 -1.64418 1.55013 -1.41928 -1.5425 1.70407 0.0677119 1.63367 -0.00362402 -0.197414 -0.00324254 -0.000572213 0.39044 -0.249951 -0.001248 -0.200847 0.00133516 0.000190738 0.392729 -0.249621 0.000448838 
23 -0.00705719 0.00896454 -1.06107 -1.64418 1.55013 -1.41928 -1.54173 1.70369 0.0677119 1.62985 -0.00362402 -0.197414 -0.00324254 -0.000572213 0.39044 -0.249951 -0.001248 -0.200847 0.00133516 0.000190738 0.392729 -0.249621 0.000448977 
23 -0.00705719 0.00896454 -1.06107 -1.64418 1.55013 -1.41928 -1.54135 1.70369 0.0677119 1.62528 -0.00362402 -0.197414 -0.00324254 -0.000572213 0.39044 -0.249951 -0.001248 -0.200847 0.00133516 0.000190738 0.392729 -0.249621 0.000448977 
23 -0.00705719 0.00896454 -1.06107 -1.64418 1.54974 -1.41928 -1.54097 1.70369 0.0677119 1.62108 -0.00324254 -0.197414 -0.00324254 -0.000572213 0.39044 -0.249951 -0.001248 -0.200847 0.00133516 0.000190738 0.392729 -0.249621 0.000448977 
23 -0.00705719 0.00896454 -1.06107 -1.64418 1.54974 -1.4189 -1.54059 1.70331 0.0677119 1.61727 -0.00324254 -0.197414 -0.00324254 -0.000572213 0.39044 -0.250115 -0.00164817 -0.200847 0.00133516 0.000190738 0.392729 -0.249823 2.3776e-05 
23 -0.00705719 0.00896454 -1.06107 -1.64418 1.54974 -1.4189 -1.53983 1.70331 0.0680934 1.61269 -0.00324254 -0.197414 -0.00324254 -0.000572213 0.39044 -0.250115 -0.00164773 -0.201228 0.00133516 0.000190738 0.392729 -0.249823 2.39159e-05 
23 -0.00705719 0.00896454 -1.06107 -1.64418 1.54936 -1.4189 -1.53944 1.70331 0.0680934 1.60811 -0.00324254 -0.197414 -0.00324254 -0.000572213 0.39044 -0.250115 -0.00164773 -0.201228 0.00133516 0.000190738 0.392729 -0.249823 2.39159e-05 
23 -0.00705719 0.00896454 -1.06107 -1.64418 1.54936 -1.4189 -1.53906 1.70293 0.0680934 1.6043 -0.00324254 -0.197414 -0.00324254 -0.000572213 0.39044 -0.250115 -0.00164773 -0.201228 0.00133516 0.000190738 0.392729 -0.249823 2.39159e-05 
23 -0.00705719 0.00896454 -1.06107 -1.64418 1.54898 -1.4189 -1.53868 1.70293 0.0680934 1.59972 -0.00324254 -0.197414 -0.00324254 -0.000572213 0.39044 -0.250115 -0.00164773 -0.200847 0.00133516 0.000190738 0.392729 -0.249823 2.39159e-05 
23 -0.00705719 0.00896454 -1.06107 -1.64418 1.54898 -1.4189 -1.5383 1.70293 0.0684749 1.59552 -0.00324254 -0.197414 -0.00324254 -0.000572213 0.39044 -0.250115 -0.00164773 -0.200847 0.00133516 0.000190738 0.392729 -0.249823 2.39159e-05 
23 -0.00705719 0.00896454 -1.06107 -1.64418 1.54898 -1.4189 -1.53792 1.70255 0.0684749 1.59133 -0.00324254 -0.197414 -0.00324254 -0.000572213 0.39044 -0.250115 -0.00164773 -0.200847 0.00133516 0.000190738 0.392729 -0.249823 2.39159e-05 
23 -0.00705719 0.00896454 -1.06107 -1.64418 1.5486 -1.4189 -1.53716 1.70255 0.0684749 1.58713 -0.00324254 -0.197414 -0.00324254 -0.000572213 0.39044 -0.250115 -0.00164773 -0.201228 0.00133516 0.000190738 0.392729 -0.249823 2.39159e-05 
23 -0.00705719 0.00896454 -1.06107 -1.64418 1.5486 -1.4189 -1.53677 1.70217 0.0684749 1.58255 -0.00324254 -0.197414 -0.00324254 -0.000572213 0.39044 -0.249951 -0.00124844 -0.200847 0.00133516 0.000190738 0.392729 -0.249823 2.39159e-05 
23 -0.00705719 0.00896454 -1.06107 -1.64418 1.5486 -1.4189 -1.53601 1.70217 0.0688563 1.57797 -0.00324254 -0.197414 -0.00324254 -0.000572213 0.39044 -0.249951 -0.001248 -0.200847 0.00133516 0.000190738 0.392729 -0.249823 2.39159e-05 
23 -0.00705719 0.00896454 -1.06107 -1.64418 1.5486 -1.4189 -1.53525 1.70179 0.0688563 1.57416 -0.00324254 -0.197414 -0.00324254 -0.000572213 0.39044 -0.249951 -0.001248 -0.200847 0.00133516 0.000190738 0.392729 -0.249823 2.39159e-05 
23 -0.00705719 0.00896454 -1.06107 -1.64418 1.5486 -1.4189 -1.53487 1.70179 0.0688563 1.56958 -0.00324254 -0.197414 -0.00324254 -0.000572213 0.39044 -0.249951 -0.001248 -0.200847 0.00133516 0.000190738 0.392729 -0.249823 2.39159e-05 
23 -0.00705719 0.00896454 -1.06107 -1.64418 1.5486 -1.4189 -1.53449 1.7014 0.0688563 1.565 -0.00324254 -0.197414 -0.00324254 -0.000572213 0.39044 -0.249951 -0.001248 -0.201228 0.00133516 0.000190738 0.392729 -0.249823 2.39159e-05 
23 -0.00705719 0.00896454 -1.06107 -1.64418 1.5486 -1.4189 -1.5341 1.7014 0.0692378 1.56157 -0.00324254 -0.197414 -0.00324254 -0.000572213 0.39044 -0.250115 -0.00164817 -0.201228 0.00133516 0.000190738 0.392729 -0.249823 2.39159e-05 
23 -0.00705719 0.00896454 -1.06107 -1.64418 1.5486 -1.4189 -1.53372 1.70102 0.0692378 1.55699 -0.00324254 -0.197414 -0.00324254 -0.000572213 0.39044 -0.250115 -0.00164773 -0.200847 0.00133516 0.000190738 0.392729 -0.249823 2.39159e-05 
23 -0.00705719 0.00896454 -1.06107 -1.64418 1.5486 -1.4189 -1.53296 1.70064 0.0692378 1.55241 -0.00324254 -0.197414 -0.00324254 -0.000572213 0.39044 -0.250115 -0.00164773 -0.200847 0.00133516 0.000190738 0.392729 -0.249823 2.39159e-05 
23 -0.00705719 0.00896454 -1.06107 -1.64418 1.5486 -1.4189 -1.53296 1.70064 0.0692378 1.54822 -0.00324254 -0.197414 -0.00324254 -0.000572213 0.39044 -0.249951 -0.00124844 -0.200847 0.00133516 0.000190738 0.392729 -0.249823 2.39159e-05 
23 -0.00705719 0.00896454 -1.06107 -1.64418 1.5486 -1.4189 -1.53258 1.70026 0.0692378 1.5444 -0.00324254 -0.197414 -0.00324254 -0.000572213 0.39044 -0.250115 -0.00164817 -0.200847 0.00133516 0.000190738 0.392729 -0.249823 2.39159e-05 
23 -0.00705719 0.00896454 -1.06107 -1.64418 1.5486 -1.4189 -1.5322 1.69988 0.0692378 1.53983 -0.00324254 -0.197414 -0.00324254 -0.000572213 0.39044 -0.250115 -0.00164773 -0.200847 0.00133516 0.000190738 0.392729 -0.249823 2.39159e-05 
23 -0.00705719 0.00896454 -1.06107 -1.64418 1.5486 -1.4189 -1.53182 1.6995 0.0692378 1.53601 -0.00324254 -0.197414 -0.00324254 -0.000572213 0.39044 -0.249951 -0.00124844 -0.201228 0.00133516 0.000190738 0.392729 -0.249823 2.39159e-05 
23 -0.00705719 0.00896454 -1.06107 -1.64418 1.5486 -1.4189 -1.53143 1.69873 0.0692378 1.53182 -0.00324254 -0.197414 -0.00324254 -0.000572213 0.39044 -0.250115 -0.00164817 -0.200847 0.00133516 0.000190738 0.392729 -0.249621 0.000448838 
23 -0.00705719 0.00896454 -1.06107 -1.64418 1.5486 -1.4189 -1.53105 1.69835 0.0692378 1.52724 -0.00324254 -0.197414 -0.00324254 -0.000572213 0.39044 -0.249951 -0.00124844 -0.201228 0.00133516 0.000190738 0.392729 -0.249823 2.37762e-05 
23 -0.00705719 0.00896454 -1.06107 -1.64418 1.5486 -1.4189 -1.53067 1.69797 0.0692378 1.5238 -0.00324254 -0.197414 -0.00324254 -0.000572213 0.39044 -0.249951 -0.001248 -0.201228 0.00133516 0.000190738 0.392729 -0.249621 0.000448837 
23 -0.00705719 0.00896454 -1.06107 -1.64418 1.5486 -1.4189 -1.53029 1.69797 0.0696193 1.51961 -0.00362402 -0.197414 -0.00324254 -0.000572213 0.39044 -0.249951 -0.001248 -0.201228 0.00133516 0.000190738 0.392729 -0.249621 0.000448977 
23 -0.00705719 0.00896454 -1.06107 -1.64418 1.5486 -1.4189 -1.52991 1.69759 0.0696193 1.51503 -0.00362402 -0.197414 -0.00324254 -0.000572213 0.39044 -0.249951 -0.001248 -0.200847 0.00133516 0.000190738 0.392729 -0.249621 0.000448977 
23 -0.00705719 0.00896454 -1.06107 -1.64418 1.5486 -1.4189 -1.52953 1.69759 0.0696193 1.5116 -0.00362402 -0.197414 -0.00324254 -0.000572213 0.39044 -0.249951 -0.001248 -0.200847 0.00133516 0.000190738 0.392729 -0.249621 0.000448977 
23 -0.00705719 0.00896454 -1.06107 -1.64418 1.5486 -1.4189 -1.52914 1.69759 0.0696193 1.5074 -0.00362402 -0.197414 -0.00324254 -0.000572213 0.39044 -0.249951 -0.001248 -0.201228 0.00133516 0.000190738 0.392729 -0.249823 2.3776e-05 
23 -0.00705719 0.00896454 -1.06107 -1.64418 1.5486 -1.4189 -1.52914 1.69721 0.0696193 1.50359 -0.00362402 -0.197414 -0.00324254 -0.000572213 0.39044 -0.250115 -0.00164817 -0.201228 0.00133516 0.000190738 0.392729 -0.249823 2.39159e-05 
23 -0.00705719 0.00896454 -1.06107 -1.64418 1.5486 -1.4189 -1.52876 1.69721 0.0696193 1.49977 -0.00362402 -0.197414 -0.00324254 -0.000572213 0.39044 -0.250115 -0.00164773 -0.201228 0.00133516 0.000190738 0.392729 -0.249823 2.39159e-05 
23 -0.00705719 0.00896454 -1.06107 -1.64418 1.5486 -1.4189 -1.52876 1.69721 0.0696193 1.49557 -0.00362402 -0.197414 -0.00324254 -0.000572213 0.39044 -0.250115 -0.00164773 -0.201228 0.00133516 0.000190738 0.392729 -0.249823 2.39159e-05 
23 -0.00705719 0.00896454 -1.06107 -1.64418 1.5486 -1.4189 -1.52838 1.69683 0.0696193 1.49214 -0.00362402 -0.197414 -0.00324254 -0.000572213 0.39044 -0.250115 -0.00164773 -0.201228 0.00133516 0.000190738 0.392729 -0.249823 2.39159e-05 
23 -0.00705719 0.00896454 -1.06107 -1.64418 1.5486 -1.4189 -1.52838 1.69683 0.0696193 1.48833 -0.00362402 -0.197414 -0.00324254 -0.000572213 0.39044 -0.249951 -0.00124844 -0.201228 0.00133516 0.000190738 0.392729 -0.249823 2.39159e-05 
23 -0.00705719 0.00896454 -1.06107 -1.64418 1.5486 -1.4189 -1.52838 1.69683 0.0696193 1.48413 -0.00362402 -0.197414 -0.00324254 -0.000572213 0.39044 -0.249951 -0.001248 -0.201228 0.00133516 0.000190738 0.392729 -0.249823 2.39159e-05 
23 -0.00705719 0.00896454 -1.06107 -1.64418 1.5486 -1.4189 -1.528 1.69645 0.0696193 1.48108 -0.00362402 -0.197414 -0.00324254 -0.000572213 0.39044 -0.249951 -0.001248 -0.201228 0.00133516 0.000190738 0.392729 -0.249823 2.39159e-05 
23 -0.00705719 0.00896454 -1.06107 -1.64418 1.5486 -1.4189 -1.528 1.69645 0.0696193 1.47726 -0.00362402 -0.197414 -0.00324254 -0.000572213 0.39044 -0.249951 -0.001248 -0.201228 0.00133516 0.000190738 0.392729 -0.249823 2.39159e-05 
23 -0.00705719 0.00896454 -1.06107 -1.64418 1.5486 -1.4189 -1.52762 1.69645 0.0696193 1.47345 -0.00362402 -0.197414 -0.00324254 -0.000572213 0.39044 -0.249951 -0.001248 -0.201228 0.00133516 0.000190738 0.392729 -0.249823 2.39159e-05 
23 -0.00705719 0.00896454 -1.06107 -1.64418 1.5486 -1.4189 -1.52762 1.69645 0.0696193 1.47002 -0.00362402 -0.197414 -0.00324254 -0.000572213 0.39044 -0.249951 -0.001248 -0.201228 0.00133516 0.000190738 0.392729 -0.249823 2.39159e-05 
23 -0.00705719 0.00896454 -1.06107 -1.64418 1.5486 -1.4189 -1.52762 1.69606 0.0696193 1.4662 -0.00362402 -0.197414 -0.00324254 -0.000572213 0.39044 -0.249951 -0.001248 -0.201228 0.00133516 0.000190738 0.392729 -0.249823 2.39159e-05 
23 -0.00705719 0.00896454 -1.06107 -1.64418 1.5486 -1.4189 -1.52762 1.69606 0.0696193 1.46277 -0.00362402 -0.197414 -0.00324254 -0.000572213 0.39044 -0.249951 -0.001248 -0.201228 0.00133516 0.000190738 0.392729 -0.249823 2.39159e-05 
23 -0.00705719 0.00896454 -1.06107 -1.64418 1.5486 -1.4189 -1.52724 1.69606 0.0696193 1.45933 -0.00362402 -0.197414 -0.00324254 -0.000572213 0.39044 -0.249951 -0.001248 -0.201228 0.00133516 0.000190738 0.392729 -0.249621 0.000448838 
23 -0.00705719 0.00896454 -1.06107 -1.64418 1.5486 -1.4189 -1.52724 1.69606 0.0696193 1.45628 -0.00362402 -0.197414 -0.00324254 -0.000572213 0.39044 -0.250115 -0.00164817 -0.201228 0.00133516 0.000190738 0.392729 -0.249621 0.000448977 
23 -0.00705719 0.00896454 -1.06107 -1.64418 1.5486 -1.4189 -1.52724 1.69606 0.0696193 1.45285 -0.00362402 -0.197414 -0.00324254 -0.000572213 0.39044 -0.250115 -0.00164773 -0.201228 0.00133516 0.000190738 0.392729 -0.249621 0.000448977 
23 -0.00705719 0.00896454 -1.06107 -1.64418 1.5486 -1.41852 -1.52724 1.69606 0.0696193 1.4498 -0.00362402 -0.197414 -0.00324254 -0.000572213 0.39044 -0.249951 -0.00124844 -0.201228 0.00133516 0.000190738 0.392729 -0.249621 0.000448977 
23 -0.00705719 0.00896454 -1.06107 -1.64418 1.5486 -1.41852 -1.52724 1.69606 0.0696193 1.44636 -0.00362402 -0.197414 -0.00324254 -0.000572213 0.39044 -0.249951 -0.001248 -0.201228 0.00133516 0.000190738 0.392729 -0.249621 0.000448977 
23 -0.00705719 0.00896454 -1.06107 -1.64418 1.5486 -1.41852 -1.52724 1.69606 0.0696193 1.44331 -0.00362402 -0.197414 -0.00324254 -0.000572213 0.39044 -0.249951 -0.001248 -0.201228 0.00133516 0.000190738 0.392729 -0.249621 0.000448977 
23 -0.00705719 0.00896454 -1.06107 -1.64418 1.5486 -1.41852 -1.52724 1.69606 0.0696193 1.43988 -0.00362402 -0.197414 -0.00324254 -0.000572213 0.39044 -0.249951 -0.001248 -0.201228 0.00133516 0.000190738 0.392729 -0.249621 0.000448977 
23 -0.00705719 0.00896454 -1.06107 -1.64418 1.5486 -1.41852 -1.52686 1.69606 0.0696193 1.43721 -0.00324254 -0.197414 -0.00324254 -0.000572213 0.39044 -0.249951 -0.001248 -0.201228 0.00133516 0.000190738 0.392729 -0.249621 0.000448977 
23 -0.00705719 0.00896454 -1.06107 -1.64418 1.5486 -1.41852 -1.52686 1.69606 0.0692378 1.43378 -0.00362402 -0.197414 -0.00324254 -0.000572213 0.39044 -0.249951 -0.001248 -0.201228 0.00133516 0.000190738 0.392729 -0.249621 0.000448977 
23 -0.00705719 0.00896454 -1.06107 -1.64418 1.5486 -1.41852 -1.52686 1.69606 0.0696193 1.43111 -0.00362402 -0.197414 -0.00324254 -0.000572213 0.39044 -0.249951 -0.001248 -0.201228 0.00133516 0.000190738 0.392729 -0.249823 2.3776e-05 
23 -0.00743866 0.00896454 -1.06107 -1.64418 1.5486 -1.41852 -1.52686 1.69606 0.0696193 1.42767 -0.00324254 -0.197414 -0.00324254 -0.000572213 0.39044 -0.249951 -0.001248 -0.201228 0.00133516 0.000190738 0.392729 -0.249823 2.39159e-05 
23 -0.00705719 0.00896454 -1.06107 -1.64418 1.5486 -1.41852 -1.52686 1.69606 0.0696193 1.42538 -0.00324254 -0.197414 -0.00324254 -0.000572213 0.39044 -0.250115 -0.00164817 -0.201228 0.00133516 0.000190738 0.392729 -0.249823 2.39159e-05 
23 -0.00705719 0.00896454 -1.06107 -1.64418 1.5486 -1.41852 -1.52686 1.69606 0.0696193 1.42195 -0.00324254 -0.197414 -0.00324254 -0.000572213 0.39044 -0.250115 -0.00164773 -0.201228 0.00133516 0.000190738 0.392729 -0.249823 2.39159e-05 
23 -0.00705719 0.00896454 -1.06107 -1.64418 1.5486 -1.41852 -1.52686 1.69606 0.0696193 1.41966 -0.00324254 -0.197414 -0.00324254 -0.000572213 0.39044 -0.249951 -0.00124844 -0.201228 0.00133516 0.000190738 0.392729 -0.249823 2.39159e-05 
23 -0.00705719 0.00896454 -1.06107 -1.64418 1.5486 -1.41852 -1.52686 1.69606 0.0696193 1.41699 -0.00324254 -0.197414 -0.00324254 -0.000572213 0.39044 -0.249951 -0.001248 -0.201228 0.00133516 0.000190738 0.392729 -0.249823 2.39159e-05 
23 -0.00705719 0.00896454 -1.06107 -1.64418 1.5486 -1.41852 -1.52686 1.69606 0.0696193 1.41432 -0.00324254 -0.197414 -0.00324254 -0.000572213 0.39044 -0.249951 -0.001248 -0.201228 0.00133516 0.000190738 0.392729 -0.249823 2.39159e-05 
23 -0.00705719 0.00896454 -1.06107 -1.64418 1.5486 -1.41852 -1.52724 1.69606 0.0696193 1.41203 -0.00324254 -0.197414 -0.00324254 -0.000572213 0.39044 -0.249951 -0.001248 -0.201228 0.00133516 0.000190738 0.392729 -0.249621 0.000448838 
23 -0.00705719 0.00896454 -1.06107 -1.64418 1.5486 -1.41852 -1.52724 1.69606 0.0696193 1.40936 -0.00324254 -0.197414 -0.00324254 -0.000572213 0.39044 -0.249951 -0.001248 -0.201228 0.00133516 0.000190738 0.392729 -0.249621 0.000448977 
23 -0.00705719 0.00896454 -1.06107 -1.64418 1.5486 -1.41852 -1.52724 1.69606 0.0696193 1.40707 -0.00324254 -0.197414 -0.00324254 -0.000572213 0.39044 -0.249951 -0.001248 -0.201228 0.00133516 0.000190738 0.392729 -0.249621 0.000448977 
23 -0.00705719 0.00896454 -1.06107 -1.64418 1.5486 -1.41852 -1.52724 1.69606 0.0696193 1.40478 -0.00324254 -0.197414 -0.00324254 -0.000572213 0.39044 -0.249951 -0.001248 -0.201228 0.00133516 0.000190738 0.392729 -0.249621 0.000448977 
23 -0.00705719 0.00896454 -1.06107 -1.64418 1.5486 -1.41852 -1.52724 1.69606 0.0696193 1.40249 -0.00324254 -0.197414 -0.00324254 -0.000572213 0.39044 -0.249951 -0.001248 -0.201228 0.00133516 0.000190738 0.392729 -0.249621 0.000448977 
23 -0.00705719 0.00896454 -1.06107 -1.64418 1.5486 -1.41852 -1.52724 1.69606 0.0696193 1.40059 -0.00324254 -0.197414 -0.00324254 -0.000572213 0.39044 -0.249951 -0.001248 -0.200847 0.00133516 0.000190738 0.392729 -0.249621 0.000448977 
23 -0.00705719 0.00896454 -1.06107 -1.64418 1.5486 -1.41852 -1.52724 1.69606 0.0696193 1.3983 -0.00324254 -0.197414 -0.00324254 -0.000572213 0.39044 -0.249951 -0.001248 -0.200847 0.00133516 0.000190738 0.392729 -0.249621 0.000448977 
23 -0.00705719 0.00896454 -1.06107 -1.64418 1.5486 -1.41852 -1.52724 1.69606 0.0696193 1.39639 -0.00324254 -0.197414 -0.00324254 -0.000572213 0.39044 -0.249951 -0.001248 -0.201228 0.00133516 0.000190738 0.392729 -0.249621 0.000448977 
23 -0.00705719 0.00896454 -1.06107 -1.64418 1.5486 -1.41852 -1.52724 1.69606 0.0696193 1.39448 -0.00324254 -0.197414 -0.00324254 -0.000572213 0.39044 -0.249951 -0.001248 -0.201228 0.00133516 0.000190738 0.392729 -0.249621 0.000448977 
23 -0.00705719 0.00896454 -1.06107 -1.64418 1.5486 -1.41852 -1.52724 1.69606 0.0696193 1.39296 -0.00324254 -0.197414 -0.00324254 -0.000572213 0.39044 -0.249951 -0.001248 -0.200847 0.00133516 0.000190738 0.392729 -0.249823 2.3776e-05 
23 -0.00705719 0.00896454 -1.06107 -1.64418 1.5486 -1.41852 -1.52724 1.69606 0.0696193 1.39067 -0.00324254 -0.197414 -0.00324254 -0.000572213 0.39044 -0.249951 -0.001248 -0.201228 0.00133516 0.000190738 0.392729 -0.249823 2.39159e-05 
23 -0.00705719 0.00896454 -1.06107 -1.64418 1.5486 -1.41852 -1.52724 1.69606 0.0696193 1.38914 -0.00324254 -0.197414 -0.00324254 -0.000572213 0.39044 -0.249951 -0.001248 -0.201228 0.00133516 0.000190738 0.392729 -0.249823 2.39159e-05 
23 -0.00705719 0.00896454 -1.06107 -1.64418 1.5486 -1.41852 -1.52724 1.69606 0.0696193 1.38762 -0.00324254 -0.197414 -0.00324254 -0.000572213 0.39044 -0.249951 -0.001248 -0.201228 0.00133516 0.000190738 0.392729 -0.249621 0.000448838 
23 -0.00705719 0.00896454 -1.06107 -1.64418 1.5486 -1.41852 -1.52724 1.69606 0.0696193 1.38647 -0.00324254 -0.197414 -0.00324254 -0.000572213 0.39044 -0.249951 -0.001248 -0.201228 0.00133516 0.000190738 0.392729 -0.249621 0.000448977 
23 -0.00705719 0.00896454 -1.06107 -1.64418 1.5486 -1.41852 -1.52724 1.69606 0.0696193 1.38495 -0.00324254 -0.197414 -0.00324254 -0.000572213 0.39044 -0.249951 -0.001248 -0.200847 0.00133516 0.000190738 0.392729 -0.249621 0.000448977 
23 -0.00705719 0.00896454 -1.06107 -1.64418 1.5486 -1.41852 -1.52724 1.69606 0.0696193 1.3838 -0.00324254 -0.197414 -0.00324254 -0.000572213 0.39044 -0.250115 -0.00164817 -0.201228 0.00133516 0.000190738 0.392729 -0.249621 0.000448977 
23 -0.00705719 0.00896454 -1.06107 -1.64418 1.5486 -1.41852 -1.52762 1.69606 0.0696193 1.38304 -0.00324254 -0.197414 -0.00324254 -0.000572213 0.39044 -0.250115 -0.00164773 -0.201228 0.00133516 0.000190738 0.392729 -0.249621 0.000448977 
23 -0.00705719 0.00896454 -1.06107 -1.64418 1.5486 -1.41852 -1.52762 1.69606 0.0696193 1.38266 -0.00324254 -0.197414 -0.00324254 -0.000572213 0.39044 -0.249951 -0.00124844 -0.200847 0.00133516 0.000190738 0.392729 -0.249621 0.000448977 
23 -0.00705719 0.00896454 -1.06107 -1.64418 1.5486 -1.41852 -1.52762 1.69645 0.0696193 1.3819 -0.00286107 -0.197414 -0.00324254 -0.000572213 0.39044 -0.249951 -0.001248 -0.200847 0.00133516 0.000190738 0.392729 -0.249621 0.000448977 
23 -0.00705719 0.00896454 -1.06107 -1.64418 1.5486 -1.41852 -1.528 1.69645 0.0696193 1.38113 -0.00286107 -0.197414 -0.00324254 -0.000572213 0.39044 -0.249951 -0.001248 -0.200847 0.00133516 0.000190738 0.392729 -0.249621 0.000448977 
23 -0.00705719 0.00896454 -1.06107 -1.64418 1.5486 -1.41852 -1.528 1.69645 0.0696193 1.38075 -0.00286107 -0.197414 -0.00324254 -0.000572213 0.39044 -0.249951 -0.001248 -0.200847 0.00133516 0.000190738 0.392729 -0.249621 0.000448977 
23 -0.00705719 0.00896454 -1.06107 -1.64418 1.5486 -1.41852 -1.528 1.69645 0.0696193 1.37999 -0.00286107 -0.197414 -0.00324254 -0.000572213 0.39044 -0.249951 -0.001248 -0.200847 0.00133516 0.000190738 0.392729 -0.249621 0.000448977 
23 -0.00705719 0.00896454 -1.06107 -1.64418 1.5486 -1.41852 -1.52838 1.69645 0.0696193 1.37961 -0.00286107 -0.197414 -0.00324254 -0.000572213 0.39044 -0.249951 -0.001248 -0.200847 0.00133516 0.000190738 0.392729 -0.249621 0.000448977 
23 -0.00705719 0.00896454 -1.06107 -1.64418 1.5486 -1.41852 -1.52838 1.69645 0.0696193 1.37922 -0.00286107 -0.197414 -0.00324254 -0.000572213 0.39044 -0.249951 -0.001248 -0.200847 0.00133516 0.000190738 0.392729 -0.249621 0.000448977 
23 -0.00743866 0.00896454 -1.06107 -1.64418 1.54822 -1.41852 -1.52838 1.69645 0.0696193 1.37922 -0.00286107 -0.197414 -0.00324254 -0.000572213 0.39044 -0.250115 -0.00164817 -0.200847 0.00133516 0.000190738 0.392729 -0.249621 0.000448977 
23 -0.00705719 0.00896454 -1.06107 -1.64418 1.54822 -1.41852 -1.52876 1.69645 0.0696193 1.37922 -0.00286107 -0.197414 -0.00324254 -0.000572213 0.39044 -0.250115 -0.00164773 -0.200847 0.00133516 0.000190738 0.392729 -0.249621 0.000448977 
23 -0.00705719 0.00896454 -1.06107 -1.64418 1.54822 -1.41852 -1.52914 1.69645 0.0696193 1.37961 -0.00286107 -0.197414 -0.00324254 -0.000572213 0.39044 -0.249951 -0.00124844 -0.200847 0.00133516 0.000190738 0.392729 -0.249621 0.000448977 
23 -0.00705719 0.00896454 -1.06107 -1.64418 1.54822 -1.41852 -1.52914 1.69645 0.0696193 1.37961 -0.00247959 -0.197414 -0.00324254 -0.000572213 0.39044 -0.249951 -0.001248 -0.200847 0.00133516 0.000190738 0.392729 -0.249621 0.000448977 
23 -0.00705719 0.00896454 -1.06107 -1.64418 1.54822 -1.41852 -1.52953 1.69645 0.0696193 1.37999 -0.00247959 -0.197414 -0.00324254 -0.000572213 0.39044 -0.249951 -0.001248 -0.200847 0.00133516 0.000190738 0.392729 -0.249621 0.000448977 
23 -0.00705719 0.00896454 -1.06107 -1.64418 1.54822 -1.41852 -1.52991 1.69645 0.0696193 1.38075 -0.00247959 -0.197414 -0.00324254 -0.000572213 0.39044 -0.249951 -0.001248 -0.200847 0.00133516 0.000190738 0.392729 -0.249621 0.000448977 
23 -0.00705719 0.00896454 -1.06107 -1.64418 1.54822 -1.41852 -1.53029 1.69645 0.0696193 1.38113 -0.00247959 -0.197414 -0.00324254 -0.000572213 0.39044 -0.249951 -0.001248 -0.200847 0.00133516 0.000190738 0.392729 -0.249621 0.000448977 
23 -0.00705719 0.00896454 -1.06107 -1.64418 1.54822 -1.41852 -1.53067 1.69645 0.0696193 1.38151 -0.00247959 -0.197414 -0.00324254 -0.000572213 0.39044 -0.249951 -0.001248 -0.200847 0.00133516 0.000190738 0.392729 -0.249621 0.000448977 
23 -0.00705719 0.00896454 -1.06107 -1.64418 1.54822 -1.41852 -1.53105 1.69645 0.0696193 1.3819 -0.00247959 -0.197414 -0.00324254 -0.000572213 0.39044 -0.249951 -0.001248 -0.200847 0.00133516 0.000190738 0.392729 -0.249621 0.000448977 
23 -0.00705719 0.00896454 -1.06107 -1.64418 1.54822 -1.41852 -1.53143 1.69645 0.0696193 1.38228 -0.00209812 -0.197414 -0.00324254 -0.000572213 0.39044 -0.249951 -0.001248 -0.200847 0.00133516 0.000190738 0.392729 -0.249621 0.000448977 
23 -0.00705719 0.00896454 -1.06107 -1.64418 1.54822 -1.41852 -1.53182 1.69645 0.0696193 1.38304 -0.00209812 -0.197414 -0.00324254 -0.000572213 0.39044 -0.249951 -0.001248 -0.200847 0.00133516 0.000190738 0.392729 -0.249621 0.000448977 
23 -0.00705719 0.00896454 -1.06107 -1.6438 1.54822 -1.41852 -1.5322 1.69645 0.0696193 1.3838 -0.00171664 -0.197414 -0.00324254 -0.000572213 0.39044 -0.249951 -0.001248 -0.200847 0.00133516 0.000190738 0.392729 -0.249621 0.000448977 
23 -0.00705719 0.00896454 -1.06107 -1.6438 1.54822 -1.41852 -1.53258 1.69645 0.0696193 1.38418 -0.00171664 -0.197414 -0.00324254 -0.000572213 0.39044 -0.249951 -0.001248 -0.200847 0.00133516 0.000190738 0.392729 -0.249621 0.000448977 
23 -0.00705719 0.00896454 -1.06107 -1.6438 1.54822 -1.41852 -1.53296 1.69645 0.0696193 1.38533 -0.00171664 -0.197414 -0.00324254 -0.000572213 0.39044 -0.249951 -0.001248 -0.200847 0.00133516 0.000190738 0.392729 -0.249621 0.000448977 
23 -0.00705719 0.00896454 -1.06107 -1.6438 1.54822 -1.41852 -1.53334 1.69645 0.0696193 1.38647 -0.00133516 -0.197414 -0.00324254 -0.000572213 0.39044 -0.249951 -0.001248 -0.200847 0.00133516 0.000190738 0.392729 -0.249621 0.000448977 
23 -0.00705719 0.00896454 -1.06107 -1.6438 1.54822 -1.41852 -1.53372 1.69645 0.0696193 1.38762 -0.00133516 -0.197414 -0.00324254 -0.000572213 0.39044 -0.249951 -0.001248 -0.200847 0.00133516 0.000190738 0.392729 -0.249621 0.000448977 
23 -0.00705719 0.00896454 -1.06107 -1.6438 1.54822 -1.41852 -1.53449 1.69645 0.0696193 1.38838 -0.00133516 -0.197414 -0.00324254 -0.000572213 0.39044 -0.249951 -0.001248 -0.200847 0.00133516 0.000190738 0.392729 -0.249621 0.000448977 
23 -0.00705719 0.00896454 -1.06107 -1.6438 1.54822 -1.41852 -1.53487 1.69645 0.0696193 1.38952 -0.00133516 -0.197414 -0.00324254 -0.000572213 0.39044 -0.249951 -0.001248 -0.200847 0.00133516 0.000190738 0.392729 -0.249621 0.000448977 
23 -0.00705719 0.00896454 -1.06107 -1.6438 1.54822 -1.41852 -1.53525 1.69645 0.0696193 1.39067 -0.000953689 -0.197414 -0.00324254 -0.000572213 0.39044 -0.249951 -0.001248 -0.201228 0.00133516 0.000190738 0.392729 -0.249621 0.000448977 
23 -0.00705719 0.00896454 -1.06107 -1.6438 1.54822 -1.41852 -1.53601 1.69645 0.0696193 1.39258 -0.000953689 -0.197414 -0.00324254 -0.000572213 0.39044 -0.249951 -0.001248 -0.200847 0.00133516 0.000190738 0.392729 -0.249621 0.000448977 
23 -0.00705719 0.00896454 -1.06107 -1.6438 1.54822 -1.41852 -1.53677 1.69645 0.0696193 1.3941 -0.000953689 -0.197414 -0.00324254 -0.000572213 0.39044 -0.249951 -0.001248 -0.200847 0.00133516 0.000190738 0.392729 -0.249621 0.000448977 
23 -0.00705719 0.00896454 -1.06107 -1.6438 1.54784 -1.41852 -1.53716 1.69645 0.0696193 1.39563 -0.000953689 -0.197414 -0.00324254 -0.000572213 0.39044 -0.249951 -0.001248 -0.200847 0.00133516 0.000190738 0.392729 -0.249621 0.000448977 
23 -0.00705719 0.00896454 -1.06107 -1.6438 1.54784 -1.41852 -1.53792 1.69645 0.0696193 1.39677 -0.000953689 -0.197414 -0.00324254 -0.000572213 0.39044 -0.249951 -0.001248 -0.201228 0.00133516 0.000190738 0.392729 -0.249621 0.000448977 
23 -0.00705719 0.00896454 -1.06107 -1.6438 1.54784 -1.41852 -1.5383 1.69645 0.0696193 1.39868 -0.000953689 -0.197414 -0.00324254 -0.000572213 0.39044 -0.249951 -0.001248 -0.200847 0.00133516 0.000190738 0.392729 -0.249621 0.000448977 
23 -0.00705719 0.00896454 -1.06107 -1.6438 1.54784 -1.41852 -1.53868 1.69645 0.0696193 1.40059 -0.000953689 -0.197414 -0.00324254 -0.000572213 0.39044 -0.249951 -0.001248 -0.200847 0.00133516 0.000190738 0.392729 -0.249621 0.000448977 
23 -0.00705719 0.00896454 -1.06107 -1.6438 1.54784 -1.41852 -1.53906 1.69645 0.0696193 1.40249 -0.000953689 -0.197414 -0.00324254 -0.000572213 0.39044 -0.249951 -0.001248 -0.200847 0.00133516 0.000190738 0.392729 -0.249621 0.000448977 
23 -0.00705719 0.00896454 -1.06107 -1.6438 1.54784 -1.41814 -1.53983 1.69645 0.0696193 1.4044 -0.000953689 -0.197414 -0.00324254 -0.000572213 0.39044 -0.249951 -0.001248 -0.200847 0.00133516 0.000190738 0.392729 -0.249621 0.000448977 
23 -0.00705719 0.00896454 -1.06107 -1.6438 1.54746 -1.41814 -1.54021 1.69645 0.0696193 1.40669 -0.000572213 -0.197414 -0.00324254 -0.000572213 0.39044 -0.249951 -0.001248 -0.200847 0.00133516 0.000190738 0.392729 -0.249621 0.000448977 
23 -0.00705719 0.00896454 -1.06107 -1.6438 1.54746 -1.41814 -1.54097 1.69645 0.0696193 1.4086 -0.000572213 -0.197414 -0.00324254 -0.000572213 0.39044 -0.249951 -0.001248 -0.201228 0.00133516 0.000190738 0.392729 -0.249621 0.000448977 
23 -0.00705719 0.00896454 -1.06107 -1.6438 1.54746 -1.41814 -1.54135 1.69645 0.0696193 1.41051 -0.000190738 -0.197414 -0.00324254 -0.000572213 0.39044 -0.249951 -0.001248 -0.200847 0.00133516 0.000190738 0.392729 -0.249621 0.000448977 
23 -0.00705719 0.00896454 -1.06107 -1.6438 1.54746 -1.41814 -1.54211 1.69645 0.0696193 1.41279 -0.000190738 -0.197414 -0.00324254 -0.000572213 0.39044 -0.249951 -0.001248 -0.200847 0.00133516 0.000190738 0.392729 -0.249621 0.000448977 
23 -0.00705719 0.00896454 -1.06107 -1.6438 1.54746 -1.41814 -1.54288 1.69645 0.0696193 1.41508 0.000190738 -0.197414 -0.00324254 -0.000572213 0.39044 -0.249951 -0.001248 -0.200847 0.00133516 0.000190738 0.392729 -0.249621 0.000448977 
23 -0.00743866 0.00896454 -1.06107 -1.6438 1.54707 -1.41814 -1.54326 1.69645 0.0696193 1.41775 0.000190738 -0.197414 -0.00324254 -0.000572213 0.39044 -0.249951 -0.001248 -0.201228 0.00133516 0.000190738 0.392729 -0.249621 0.000448977 
23 -0.00743866 0.00896454 -1.06107 -1.6438 1.54707 -1.41775 -1.54402 1.69645 0.0696193 1.42004 0.000572213 -0.197414 -0.00324254 -0.000572213 0.39044 -0.249951 -0.001248 -0.200847 0.00133516 0.000190738 0.392729 -0.249621 0.000448977 
23 -0.00705719 0.00896454 -1.06107 -1.6438 1.54707 -1.41775 -1.54479 1.69645 0.0696193 1.42195 0.000572213 -0.197414 -0.00324254 -0.000572213 0.39044 -0.249951 -0.001248 -0.200847 0.00133516 0.000190738 0.392729 -0.249621 0.000448977 
23 -0.00705719 0.00896454 -1.06107 -1.6438 1.54707 -1.41775 -1.54517 1.69645 0.0696193 1.425 0.000953689 -0.197414 -0.00324254 -0.000572213 0.39044 -0.249951 -0.001248 -0.201228 0.00133516 0.000190738 0.392729 -0.249621 0.000448977 
23 -0.00705719 0.00896454 -1.06107 -1.6438 1.54669 -1.41775 -1.54555 1.69645 0.0696193 1.42729 0.000953689 -0.197414 -0.00324254 -0.000572213 0.39044 -0.249951 -0.001248 -0.201228 0.00133516 0.000190738 0.392729 -0.249621 0.000448977 
23 -0.00705719 0.00896454 -1.06107 -1.6438 1.54669 -1.41775 -1.54631 1.69645 0.0696193 1.43072 0.00133516 -0.197414 -0.00324254 -0.000572213 0.39044 -0.250115 -0.00164817 -0.200847 0.00133516 0.000190738 0.392729 -0.249621 0.000448977 
23 -0.00705719 0.00896454 -1.06107 -1.6438 1.54669 -1.41775 -1.54669 1.69645 0.0696193 1.43301 0.00133516 -0.197414 -0.00324254 -0.000572213 0.39044 -0.249951 -0.00124844 -0.200847 0.00133516 0.000190738 0.392729 -0.249621 0.000448977 
23 -0.00743866 0.00896454 -1.06107 -1.6438 1.54669 -1.41775 -1.54707 1.69645 0.0696193 1.43568 0.00171664 -0.197414 -0.00324254 -0.000572213 0.39044 -0.249951 -0.001248 -0.200847 0.00133516 0.000190738 0.392729 -0.249621 0.000448977 
23 -0.00705719 0.00896454 -1.06107 -1.6438 1.54631 -1.41775 -1.54784 1.69645 0.0696193 1.43835 0.00171664 -0.197414 -0.00324254 -0.000572213 0.39044 -0.249951 -0.001248 -0.200847 0.00133516 0.000190738 0.392729 -0.249621 0.000448977 
23 -0.00743866 0.00896454 -1.06107 -1.6438 1.54631 -1.41775 -1.54822 1.69645 0.0696193 1.44141 0.00209812 -0.197414 -0.00324254 -0.000572213 0.39044 -0.249951 -0.001248 -0.201228 0.00133516 0.000190738 0.392729 -0.249621 0.000448977 
23 -0.00705719 0.00896454 -1.06107 -1.6438 1.54631 -1.41775 -1.54898 1.69645 0.0696193 1.44446 0.00247959 -0.197414 -0.00324254 -0.000572213 0.39044 -0.249951 -0.001248 -0.200847 0.00133516 0.000190738 0.392729 -0.249621 0.000448977 
23 -0.00705719 0.00896454 -1.06107 -1.6438 1.54631 -1.41775 -1.54974 1.69645 0.0696193 1.44713 0.00247959 -0.197414 -0.00324254 -0.000572213 0.39044 -0.249951 -0.001248 -0.200847 0.00133516 0.000190738 0.392729 -0.249621 0.000448977 
23 -0.00743866 0.00896454 -1.06107 -1.6438 1.54631 -1.41775 -1.55013 1.69645 0.0692378 1.45018 0.00286107 -0.197414 -0.00324254 -0.000572213 0.39044 -0.249951 -0.001248 -0.200847 0.00133516 0.000190738 0.392729 -0.249621 0.000448977 
23 -0.00705719 0.00896454 -1.06107 -1.6438 1.54631 -1.41775 -1.55051 1.69645 0.0696193 1.45323 0.00286107 -0.197414 -0.00324254 -0.000572213 0.39044 -0.249951 -0.001248 -0.200847 0.00133516 0.000190738 0.392729 -0.249621 0.000448977 
23 -0.00743866 0.00896454 -1.06107 -1.6438 1.54593 -1.41775 -1.55089 1.69645 0.0696193 1.45666 0.00286107 -0.197414 -0.00324254 -0.000572213 0.39044 -0.249951 -0.001248 -0.200847 0.00133516 0.000190738 0.392729 -0.249621 0.000448977 
23 -0.00705719 0.00896454 -1.06107 -1.6438 1.54593 -1.41775 -1.55127 1.69645 0.0696193 1.45933 0.00324254 -0.197414 -0.00324254 -0.000572213 0.39044 -0.249951 -0.001248 -0.200847 0.00133516 0.000190738 0.392729 -0.249621 0.000448977 
23 -0.00743866 0.00896454 -1.06107 -1.6438 1.54593 -1.41775 -1.55165 1.69645 0.0692378 1.46277 0.00324254 -0.197414 -0.00324254 -0.000572213 0.39044 -0.249951 -0.001248 -0.200847 0.00133516 0.000190738 0.392729 -0.249621 0.000448977 
23 -0.00705719 0.00896454 -1.06107 -1.6438 1.54593 -1.41775 -1.55241 1.69645 0.0696193 1.46582 0.00362402 -0.197414 -0.00324254 -0.000572213 0.39044 -0.249951 -0.001248 -0.200847 0.00133516 0.000190738 0.392729 -0.249621 0.000448977 
23 -0.00705719 0.00896454 -1.06107 -1.6438 1.54593 -1.41775 -1.5528 1.69645 0.0696193 1.46925 0.00362402 -0.197414 -0.00324254 -0.000572213 0.39044 -0.249951 -0.001248 -0.200847 0.00133516 0.000190738 0.392729 -0.249621 0.000448977 
23 -0.00705719 0.00896454 -1.06107 -1.6438 1.54593 -1.41775 -1.55318 1.69645 0.0692378 1.4723 0.00400549 -0.197414 -0.00324254 -0.000572213 0.39044 -0.249951 -0.001248 -0.200847 0.00133516 0.000190738 0.392729 -0.249621 0.000448977 
23 -0.00743866 0.00896454 -1.06107 -1.6438 1.54593 -1.41775 -1.55356 1.69645 0.0696193 1.47612 0.00400549 -0.197414 -0.00324254 -0.000572213 0.39044 -0.249951 -0.001248 -0.200847 0.00133516 0.000190738 0.392729 -0.249621 0.000448977 
23 -0.00705719 0.00896454 -1.06107 -1.6438 1.54593 -1.41775 -1.55394 1.69645 0.0692378 1.47955 0.00438697 -0.197414 -0.00324254 -0.000572213 0.39044 -0.249951 -0.001248 -0.200847 0.00133516 0.000190738 0.392729 -0.249621 0.000448977 
23 -0.00705719 0.00896454 -1.06107 -1.6438 1.54593 -1.41775 -1.5547 1.69645 0.0692378 1.4826 0.00438697 -0.197414 -0.00324254 -0.000572213 0.39044 -0.249951 -0.001248 -0.200847 0.00133516 0.000190738 0.392729 -0.249621 0.000448977 
23 -0.00743866 0.00896454 -1.06107 -1.6438 1.54593 -1.41775 -1.55509 1.69645 0.0692378 1.48642 0.00438697 -0.197414 -0.00324254 -0.000572213 0.39044 -0.249951 -0.001248 -0.200847 0.00133516 0.000190738 0.392729 -0.249621 0.000448977 
23 -0.00705719 0.00896454 -1.06107 -1.6438 1.54593 -1.41775 -1.55585 1.69645 0.0692378 1.48947 0.00438697 -0.197414 -0.00324254 -0.000572213 0.39044 -0.249951 -0.001248 -0.200847 0.00133516 0.000190738 0.392729 -0.249621 0.000448977 
23 -0.00743866 0.00896454 -1.06107 -1.6438 1.54593 -1.41775 -1.55623 1.69645 0.0692378 1.49367 0.00438697 -0.197414 -0.00324254 -0.000572213 0.39044 -0.249951 -0.001248 -0.200847 0.00133516 0.000190738 0.392729 -0.249621 0.000448977 
23 -0.00743866 0.00896454 -1.06107 -1.6438 1.54593 -1.41775 -1.55661 1.69645 0.0692378 1.49672 0.00476844 -0.197414 -0.00324254 -0.000572213 0.39044 -0.249951 -0.001248 -0.200847 0.00133516 0.000190738 0.392729 -0.249621 0.000448977 
23 -0.00743866 0.00896454 -1.06107 -1.6438 1.54593 -1.41775 -1.55699 1.69645 0.0692378 1.50015 0.00476844 -0.197414 -0.00324254 -0.000572213 0.39044 -0.249951 -0.001248 -0.200847 0.00133516 0.000190738 0.392729 -0.249621 0.000448977 
23 -0.00705719 0.00896454 -1.06107 -1.6438 1.54593 -1.41775 -1.55737 1.69645 0.0692378 1.50359 0.00476844 -0.197414 -0.00324254 -0.000572213 0.39044 -0.249951 -0.001248 -0.200847 0.00133516 0.000190738 0.392729 -0.249621 0.000448977 
23 -0.00705719 0.00896454 -1.06107 -1.6438 1.54593 -1.41775 -1.55737 1.69645 0.0692378 1.5074 0.00476844 -0.197414 -0.00324254 -0.000572213 0.39044 -0.249951 -0.001248 -0.200847 0.00133516 0.000190738 0.392729 -0.249621 0.000448977 
23 -0.00743866 0.00896454 -1.06107 -1.6438 1.54593 -1.41775 -1.55776 1.69645 0.0692378 1.51122 0.00476844 -0.197414 -0.00324254 -0.000572213 0.39044 -0.249951 -0.001248 -0.200847 0.00133516 0.000190738 0.392729 -0.249621 0.000448977 
23 -0.00705719 0.00896454 -1.06107 -1.6438 1.54593 -1.41775 -1.55814 1.69645 0.0692378 1.51427 0.00476844 -0.197414 -0.00324254 -0.000572213 0.39044 -0.249951 -0.001248 -0.200847 0.00133516 0.000190738 0.392729 -0.249621 0.000448977 
23 -0.00705719 0.00896454 -1.06107 -1.6438 1.54593 -1.41775 -1.55814 1.69645 0.0692378 1.51846 0.00476844 -0.197414 -0.00324254 -0.000572213 0.39044 -0.249951 -0.001248 -0.200847 0.00133516 0.000190738 0.392729 -0.249621 0.000448977 
23 -0.00705719 0.00896454 -1.06107 -1.6438 1.54593 -1.41775 -1.55852 1.69645 0.0692378 1.52152 0.00476844 -0.197414 -0.00324254 -0.000572213 0.39044 -0.249951 -0.001248 -0.200847 0.00133516 0.000190738 0.392729 -0.249621 0.000448977 
23 -0.00705719 0.00896454 -1.06107 -1.6438 1.54593 -1.41775 -1.5589 1.69645 0.0692378 1.52571 0.00476844 -0.197414 -0.00324254 -0.000572213 0.39044 -0.249951 -0.001248 -0.200847 0.00133516 0.000190738 0.392729 -0.249621 0.000448977 
23 -0.00705719 0.00896454 -1.06107 -1.6438 1.54593 -1.41775 -1.5589 1.69645 0.0692378 1.52953 0.00476844 -0.197414 -0.00324254 -0.000572213 0.39044 -0.249951 -0.001248 -0.200847 0.00133516 0.000190738 0.392729 -0.249621 0.000448977 
23 -0.00705719 0.00896454 -1.06107 -1.6438 1.54593 -1.41775 -1.55928 1.69645 0.0692378 1.53296 0.00476844 -0.197414 -0.00324254 -0.000572213 0.39044 -0.249951 -0.001248 -0.200847 0.00133516 0.000190738 0.392729 -0.249621 0.000448977 
23 -0.00705719 0.00896454 -1.06107 -1.6438 1.54593 -1.41775 -1.55966 1.69645 0.0692378 1.53677 0.00476844 -0.197414 -0.00324254 -0.000572213 0.39044 -0.249951 -0.001248 -0.200847 0.00133516 0.000190738 0.392729 -0.249621 0.000448977 
23 -0.00743866 0.00896454 -1.06107 -1.6438 1.54593 -1.41775 -1.56004 1.69645 0.0692378 1.54021 0.00476844 -0.197414 -0.00324254 -0.000572213 0.39044 -0.249951 -0.001248 -0.200847 0.00133516 0.000190738 0.392729 -0.249621 0.000448977 
23 -0.00743866 0.00896454 -1.06107 -1.6438 1.54593 -1.41775 -1.56004 1.69645 0.0692378 1.5444 0.00476844 -0.197414 -0.00324254 -0.000572213 0.39044 -0.249951 -0.001248 -0.200847 0.00133516 0.000190738 0.392729 -0.249621 0.000448977 
23 -0.00705719 0.00896454 -1.06107 -1.6438 1.54593 -1.41775 -1.56043 1.69645 0.0692378 1.54784 0.00476844 -0.197414 -0.00324254 -0.000572213 0.39044 -0.249951 -0.001248 -0.200847 0.00133516 0.000190738 0.392729 -0.249621 0.000448977 
23 -0.00705719 0.00896454 -1.06107 -1.6438 1.54593 -1.41775 -1.56081 1.69645 0.0692378 1.55165 0.00476844 -0.197414 -0.00324254 -0.000572213 0.39044 -0.249951 -0.001248 -0.200847 0.00133516 0.000190738 0.392729 -0.249621 0.000448977 
23 -0.00705719 0.00896454 -1.06107 -1.6438 1.54593 -1.41775 -1.56081 1.69645 0.0692378 1.55585 0.00476844 -0.197414 -0.00324254 -0.000572213 0.39044 -0.249951 -0.001248 -0.200847 0.00133516 0.000190738 0.392729 -0.249621 0.000448977 
23 -0.00743866 0.00896454 -1.06107 -1.6438 1.54593 -1.41775 -1.56119 1.69645 0.0692378 1.5589 0.00476844 -0.197414 -0.00324254 -0.000572213 0.39044 -0.249951 -0.001248 -0.200847 0.00133516 0.000190738 0.392729 -0.249621 0.000448977 
23 -0.00743866 0.00896454 -1.06107 -1.6438 1.54593 -1.41775 -1.56119 1.69645 0.0692378 1.5631 0.00476844 -0.197414 -0.00324254 -0.000572213 0.39044 -0.249951 -0.001248 -0.200847 0.00133516 0.000190738 0.392729 -0.249621 0.000448977 
23 -0.00705719 0.00896454 -1.06107 -1.6438 1.54593 -1.41775 -1.56157 1.69645 0.0692378 1.56691 0.00476844 -0.197414 -0.00324254 -0.000572213 0.39044 -0.249951 -0.001248 -0.200847 0.00133516 0.000190738 0.392729 -0.249621 0.000448977 
23 -0.00705719 0.00896454 -1.06107 -1.6438 1.54593 -1.41775 -1.56157 1.69645 0.0692378 1.57034 0.00438697 -0.197414 -0.00324254 -0.000572213 0.39044 -0.249951 -0.001248 -0.200847 0.00133516 0.000190738 0.392729 -0.249621 0.000448977 
23 -0.00705719 0.00896454 -1.06107 -1.6438 1.54593 -1.41775 -1.56195 1.69645 0.0692378 1.57454 0.00438697 -0.197414 -0.00324254 -0.000572213 0.39044 -0.249951 -0.001248 -0.200847 0.00133516 0.000190738 0.392729 -0.249621 0.000448977 
23 -0.00705719 0.00896454 -1.06107 -1.6438 1.54593 -1.41775 -1.56195 1.69645 0.0692378 1.57797 0.00438697 -0.197414 -0.00324254 -0.000572213 0.39044 -0.249951 -0.001248 -0.200847 0.00133516 0.000190738 0.392729 -0.249621 0.000448977 
23 -0.00705719 0.00896454 -1.06107 -1.6438 1.54593 -1.41775 -1.56233 1.69645 0.0692378 1.58217 0.00438697 -0.197414 -0.00324254 -0.000572213 0.39044 -0.249951 -0.001248 -0.200847 0.00133516 0.000190738 0.392729 -0.249621 0.000448977 
23 -0.00705719 0.00896454 -1.06107 -1.6438 1.54593 -1.41775 -1.56233 1.69645 0.0692378 1.58598 0.00438697 -0.197414 -0.00324254 -0.000572213 0.39044 -0.249951 -0.001248 -0.200847 0.00133516 0.000190738 0.392729 -0.249621 0.000448977 
23 -0.00705719 0.00896454 -1.06107 -1.6438 1.54593 -1.41775 -1.56233 1.69645 0.0692378 1.58942 0.00438697 -0.197414 -0.00324254 -0.000572213 0.39044 -0.249951 -0.001248 -0.200847 0.00133516 0.000190738 0.392729 -0.249621 0.000448977 
23 -0.00705719 0.00896454 -1.06107 -1.6438 1.54593 -1.41775 -1.56271 1.69645 0.0692378 1.594 0.00400549 -0.197414 -0.00324254 -0.000572213 0.39044 -0.249951 -0.001248 -0.200847 0.00133516 0.000190738 0.392729 -0.249621 0.000448977 
23 -0.00705719 0.00896454 -1.06107 -1.6438 1.54593 -1.41775 -1.56271 1.69645 0.0692378 1.59743 0.00400549 -0.197414 -0.00324254 -0.000572213 0.39044 -0.249951 -0.001248 -0.200847 0.00133516 0.000190738 0.392729 -0.249621 0.000448977 
23 -0.00705719 0.00896454 -1.06107 -1.6438 1.54593 -1.41775 -1.56271 1.69645 0.0692378 1.60124 0.00400549 -0.197414 -0.00324254 -0.000572213 0.39044 -0.249951 -0.001248 -0.200847 0.00133516 0.000190738 0.392729 -0.249621 0.000448977 
23 -0.00705719 0.00896454 -1.06107 -1.6438 1.54593 -1.41775 -1.56271 1.69645 0.0692378 1.60582 0.00400549 -0.197414 -0.00324254 -0.000572213 0.39044 -0.249951 -0.001248 -0.200847 0.00133516 0.000190738 0.392729 -0.249621 0.000448977 
23 -0.00705719 0.00896454 -1.06107 -1.6438 1.54593 -1.41775 -1.56271 1.69645 0.0692378 1.60887 0.00400549 -0.197414 -0.00324254 -0.000572213 0.39044 -0.249951 -0.001248 -0.200847 0.00133516 0.000190738 0.392729 -0.249621 0.000448977 
23 -0.00705719 0.00896454 -1.06107 -1.6438 1.54593 -1.41775 -1.5631 1.69645 0.0692378 1.61307 0.00400549 -0.197414 -0.00324254 -0.000572213 0.39044 -0.249951 -0.001248 -0.200847 0.00133516 0.000190738 0.392729 -0.249621 0.000448977 
23 -0.00705719 0.00896454 -1.06107 -1.6438 1.54593 -1.41775 -1.5631 1.69645 0.0692378 1.61727 0.00400549 -0.197414 -0.00324254 -0.000572213 0.39044 -0.249951 -0.001248 -0.200847 0.00133516 0.000190738 0.392729 -0.249621 0.000448977 
23 -0.00705719 0.00896454 -1.06107 -1.6438 1.54593 -1.41775 -1.5631 1.69645 0.0692378 1.6207 0.00400549 -0.197414 -0.00324254 -0.000572213 0.39044 -0.249951 -0.001248 -0.200847 0.00133516 0.000190738 0.392729 -0.249621 0.000448977 
23 -0.00705719 0.00896454 -1.06107 -1.6438 1.54593 -1.41775 -1.5631 1.69645 0.0692378 1.62451 0.00400549 -0.197414 -0.00324254 -0.000572213 0.39044 -0.249951 -0.001248 -0.200847 0.00133516 0.000190738 0.392729 -0.249621 0.000448977 
23 -0.00705719 0.00896454 -1.06107 -1.6438 1.54593 -1.41775 -1.5631 1.69645 0.0692378 1.62871 0.00362402 -0.197414 -0.00324254 -0.000572213 0.39044 -0.249951 -0.001248 -0.200847 0.00133516 0.000190738 0.392729 -0.249621 0.000448977 
23 -0.00705719 0.00896454 -1.06107 -1.6438 1.54593 -1.41775 -1.5631 1.69645 0.0692378 1.63252 0.00362402 -0.197414 -0.00324254 -0.000572213 0.39044 -0.249951 -0.001248 -0.200847 0.00133516 0.000190738 0.392729 -0.249621 0.000448977 
23 -0.00705719 0.00896454 -1.06107 -1.6438 1.54593 -1.41775 -1.5631 1.69645 0.0692378 1.63634 0.00362402 -0.197414 -0.00324254 -0.000572213 0.39044 -0.249951 -0.001248 -0.200847 0.00133516 0.000190738 0.392729 -0.249621 0.000448977 
23 -0.00743866 0.00896454 -1.06107 -1.6438 1.54593 -1.41775 -1.5631 1.69645 0.0692378 1.63977 0.00362402 -0.197414 -0.00324254 -0.000572213 0.39044 -0.249951 -0.001248 -0.200847 0.00133516 0.000190738 0.392729 -0.249621 0.000448977 
23 -0.00705719 0.00896454 -1.06107 -1.6438 1.54593 -1.41775 -1.5631 1.69645 0.0692378 1.64397 0.00362402 -0.197414 -0.00324254 -0.000572213 0.39044 -0.249951 -0.001248 -0.200847 0.00133516 0.000190738 0.392729 -0.249621 0.000448977 
23 -0.00705719 0.00896454 -1.06107 -1.6438 1.54593 -1.41775 -1.5631 1.69645 0.0692378 1.6474 0.00362402 -0.197414 -0.00324254 -0.000572213 0.39044 -0.249951 -0.001248 -0.200847 0.00133516 0.000190738 0.392729 -0.249621 0.000448977 
23 -0.00705719 0.00896454 -1.06107 -1.6438 1.54593 -1.41775 -1.5631 1.69645 0.0692378 1.65122 0.00362402 -0.197414 -0.00324254 -0.000572213 0.39044 -0.249951 -0.001248 -0.200847 0.00133516 0.000190738 0.392729 -0.249621 0.000448977 
23 -0.00705719 0.00896454 -1.06107 -1.6438 1.54593 -1.41775 -1.5631 1.69645 0.0692378 1.65503 0.00362402 -0.197414 -0.00324254 -0.000572213 0.39044 -0.249951 -0.001248 -0.200847 0.00133516 0.000190738 0.392729 -0.249621 0.000448977 
23 -0.00705719 0.00896454 -1.06107 -1.6438 1.54593 -1.41775 -1.5631 1.69645 0.0692378 1.65808 0.00362402 -0.197414 -0.00324254 -0.000572213 0.39044 -0.249951 -0.001248 -0.200847 0.00133516 0.000190738 0.392729 -0.249621 0.000448977 
23 -0.00705719 0.00896454 -1.06107 -1.6438 1.54593 -1.41775 -1.5631 1.69645 0.0692378 1.6619 0.00362402 -0.197414 -0.00324254 -0.000572213 0.39044 -0.249951 -0.001248 -0.200847 0.00133516 0.000190738 0.392729 -0.249621 0.000448977 
23 -0.00705719 0.00896454 -1.06107 -1.6438 1.54593 -1.41775 -1.5631 1.69645 0.0692378 1.66533 0.00362402 -0.197414 -0.00324254 -0.000572213 0.39044 -0.249951 -0.001248 -0.200847 0.00133516 0.000190738 0.392729 -0.249621 0.000448977 
23 -0.00705719 0.00896454 -1.06107 -1.6438 1.54631 -1.41775 -1.56271 1.69645 0.0692378 1.66915 0.00362402 -0.197414 -0.00324254 -0.000572213 0.39044 -0.249951 -0.001248 -0.200847 0.00133516 0.000190738 0.392729 -0.249621 0.000448977 
23 -0.00705719 0.00896454 -1.06107 -1.6438 1.54593 -1.41775 -1.56271 1.69645 0.0692378 1.67258 0.00362402 -0.197414 -0.00324254 -0.000572213 0.39044 -0.249951 -0.001248 -0.200847 0.00133516 0.000190738 0.392729 -0.249621 0.000448977 
23 -0.00705719 0.00896454 -1.06107 -1.6438 1.54593 -1.41775 -1.56271 1.69645 0.0692378 1.67601 0.00362402 -0.197414 -0.00324254 -0.000572213 0.39044 -0.249951 -0.001248 -0.200847 0.00133516 0.000190738 0.392729 -0.249621 0.000448977 
23 -0.00705719 0.00896454 -1.06107 -1.6438 1.54593 -1.41775 -1.56271 1.69645 0.0692378 1.67983 0.00362402 -0.197414 -0.00324254 -0.000572213 0.39044 -0.249951 -0.001248 -0.200847 0.00133516 0.000190738 0.392729 -0.249621 0.000448977 
23 -0.00705719 0.00896454 -1.06107 -1.6438 1.54593 -1.41775 -1.56271 1.69645 0.0692378 1.68288 0.00362402 -0.197414 -0.00324254 -0.000572213 0.39044 -0.249951 -0.001248 -0.200847 0.00133516 0.000190738 0.392729 -0.249621 0.000448977 
23 -0.00705719 0.00896454 -1.06107 -1.6438 1.54631 -1.41775 -1.56271 1.69645 0.0692378 1.68631 0.00362402 -0.197414 -0.00324254 -0.000572213 0.39044 -0.249951 -0.001248 -0.200847 0.00133516 0.000190738 0.392729 -0.249621 0.000448977 
23 -0.00705719 0.00896454 -1.06107 -1.6438 1.54631 -1.41775 -1.56233 1.69645 0.0692378 1.68936 0.00362402 -0.197414 -0.00324254 -0.000572213 0.39044 -0.249951 -0.001248 -0.200847 0.00133516 0.000190738 0.392729 -0.249621 0.000448977 
23 -0.00705719 0.00896454 -1.06107 -1.6438 1.54631 -1.41775 -1.56233 1.69645 0.0692378 1.69318 0.00362402 -0.197414 -0.00324254 -0.000572213 0.39044 -0.249951 -0.001248 -0.200847 0.00133516 0.000190738 0.392729 -0.249621 0.000448977 
23 -0.00705719 0.00896454 -1.06107 -1.6438 1.54631 -1.41775 -1.56233 1.69645 0.0692378 1.69585 0.00362402 -0.197414 -0.00324254 -0.000572213 0.39044 -0.249951 -0.001248 -0.200847 0.00133516 0.000190738 0.392729 -0.249621 0.000448977 
23 -0.00705719 0.00896454 -1.06107 -1.6438 1.54631 -1.41775 -1.56233 1.69645 0.0692378 1.69928 0.00362402 -0.197414 -0.00324254 -0.000572213 0.39044 -0.249951 -0.001248 -0.200847 0.00133516 0.000190738 0.392729 -0.249621 0.000448977 
23 -0.00743866 0.00896454 -1.06107 -1.6438 1.54631 -1.41775 -1.56195 1.69645 0.0692378 1.70157 0.00362402 -0.197414 -0.00324254 -0.000572213 0.39044 -0.249951 -0.001248 -0.200847 0.00133516 0.000190738 0.392729 -0.249621 0.000448977 
23 -0.00705719 0.00896454 -1.06107 -1.6438 1.54631 -1.41775 -1.56195 1.69645 0.0692378 1.70539 0.00362402 -0.197414 -0.00324254 -0.000572213 0.39044 -0.249951 -0.001248 -0.200847 0.00133516 0.000190738 0.392729 -0.249621 0.000448977 
23 -0.00705719 0.00896454 -1.06107 -1.6438 1.54631 -1.41775 -1.56195 1.69645 0.0692378 1.70768 0.00362402 -0.197414 -0.00324254 -0.000572213 0.39044 -0.249951 -0.001248 -0.200847 0.00133516 0.000190738 0.392729 -0.249621 0.000448977 
23 -0.00705719 0.00896454 -1.06107 -1.6438 1.54631 -1.41775 -1.56157 1.69645 0.0692378 1.71111 0.00362402 -0.197414 -0.00324254 -0.000572213 0.39044 -0.249951 -0.001248 -0.200847 0.00133516 0.000190738 0.392729 -0.249621 0.000448977 
23 -0.00705719 0.00896454 -1.06107 -1.6438 1.54631 -1.41775 -1.56157 1.69645 0.0692378 1.7134 0.00362402 -0.197414 -0.00324254 -0.000572213 0.39044 -0.249951 -0.001248 -0.200847 0.00133516 0.000190738 0.392729 -0.249621 0.000448977 
23 -0.00743866 0.00896454 -1.06107 -1.6438 1.54631 -1.41775 -1.56119 1.69645 0.0692378 1.71645 0.00362402 -0.197414 -0.00324254 -0.000572213 0.39044 -0.249951 -0.001248 -0.200847 0.00133516 0.000190738 0.392729 -0.249621 0.000448977 
23 -0.00705719 0.00896454 -1.06107 -1.6438 1.54631 -1.41775 -1.56119 1.69645 0.0692378 1.71912 0.00362402 -0.197414 -0.00324254 -0.000572213 0.39044 -0.249951 -0.001248 -0.200847 0.00133516 0.000190738 0.392729 -0.249621 0.000448977 
23 -0.00705719 0.00896454 -1.06107 -1.6438 1.54631 -1.41775 -1.56081 1.69645 0.0692378 1.72141 0.00362402 -0.197414 -0.00324254 -0.000572213 0.39044 -0.249951 -0.001248 -0.200847 0.00133516 0.000190738 0.392729 -0.249621 0.000448977 
23 -0.00705719 0.00896454 -1.06107 -1.6438 1.54631 -1.41775 -1.56081 1.69645 0.0692378 1.72408 0.00362402 -0.197414 -0.00324254 -0.000572213 0.39044 -0.249951 -0.001248 -0.200847 0.00133516 0.000190738 0.392729 -0.249621 0.000448977 
23 -0.00705719 0.00896454 -1.06107 -1.6438 1.54631 -1.41775 -1.56043 1.69645 0.0692378 1.72637 0.00362402 -0.197414 -0.00324254 -0.000572213 0.39044 -0.249951 -0.001248 -0.200847 0.00133516 0.000190738 0.392729 -0.249621 0.000448977 
23 -0.00705719 0.00896454 -1.06107 -1.6438 1.54631 -1.41775 -1.56043 1.69645 0.0692378 1.72942 0.00362402 -0.197414 -0.00324254 -0.000572213 0.39044 -0.249951 -0.001248 -0.200847 0.00133516 0.000190738 0.392729 -0.249621 0.000448977 
23 -0.00705719 0.00896454 -1.06107 -1.6438 1.54631 -1.41775 -1.56004 1.69645 0.0692378 1.73171 0.00362402 -0.197414 -0.00324254 -0.000572213 0.39044 -0.249951 -0.001248 -0.200847 0.00133516 0.000190738 0.392729 -0.249621 0.000448977 
23 -0.00705719 0.00896454 -1.06107 -1.6438 1.54631 -1.41775 -1.56004 1.69645 0.0692378 1.73362 0.00362402 -0.197414 -0.00324254 -0.000572213 0.39044 -0.249951 -0.001248 -0.200847 0.00133516 0.000190738 0.392729 -0.249621 0.000448977 
23 -0.00743866 0.00896454 -1.06107 -1.6438 1.54631 -1.41775 -1.55966 1.69645 0.0692378 1.73629 0.00362402 -0.197414 -0.00324254 -0.000572213 0.39044 -0.249951 -0.001248 -0.200847 0.00133516 0.000190738 0.392729 -0.249621 0.000448977 
23 -0.00705719 0.00896454 -1.06107 -1.6438 1.54631 -1.41775 -1.55966 1.69645 0.0692378 1.73819 0.00362402 -0.197414 -0.00324254 -0.000572213 0.39044 -0.249951 -0.001248 -0.200847 0.00133516 0.000190738 0.392729 -0.249621 0.000448977 
23 -0.00705719 0.00896454 -1.06107 -1.6438 1.54631 -1.41775 -1.55928 1.69645 0.0692378 1.7401 0.00362402 -0.197414 -0.00324254 -0.000572213 0.39044 -0.249951 -0.001248 -0.200847 0.00133516 0.000190738 0.392729 -0.249621 0.000448977 
23 -0.00705719 0.00896454 -1.06107 -1.6438 1.54631 -1.41775 -1.55928 1.69645 0.0692378 1.74277 0.00362402 -0.197414 -0.00324254 -0.000572213 0.39044 -0.249951 -0.001248 -0.200847 0.00133516 0.000190738 0.392729 -0.249621 0.000448977 
23 -0.00705719 0.00896454 -1.06107 -1.6438 1.54631 -1.41775 -1.5589 1.69645 0.0688563 1.7443 0.00362402 -0.197414 -0.00324254 -0.000572213 0.39044 -0.249951 -0.001248 -0.200847 0.00133516 0.000190738 0.392729 -0.249621 0.000448977 
23 -0.00705719 0.00896454 -1.06107 -1.6438 1.54631 -1.41775 -1.5589 1.69645 0.0688563 1.7462 0.00362402 -0.197414 -0.00324254 -0.000572213 0.39044 -0.249951 -0.001248 -0.200847 0.00133516 0.000190738 0.392729 -0.249621 0.000448977 
23 -0.00705719 0.00896454 -1.06107 -1.6438 1.54631 -1.41775 -1.55852 1.69645 0.0688563 1.74811 0.00362402 -0.197414 -0.00324254 -0.000572213 0.39044 -0.249951 -0.001248 -0.201228 0.00133516 0.000190738 0.392729 -0.249621 0.000448977 
23 -0.00705719 0.00896454 -1.06107 -1.6438 1.54631 -1.41775 -1.55814 1.69645 0.0688563 1.75002 0.00362402 -0.197414 -0.00324254 -0.000572213 0.39044 -0.249951 -0.001248 -0.200847 0.00133516 0.000190738 0.392729 -0.249621 0.000448977 
23 -0.00705719 0.00896454 -1.06107 -1.6438 1.54631 -1.41775 -1.55814 1.69645 0.0688563 1.75154 0.00362402 -0.197414 -0.00324254 -0.000572213 0.39044 -0.249951 -0.001248 -0.200847 0.00133516 0.000190738 0.392729 -0.249621 0.000448977 
23 -0.00705719 0.00896454 -1.06107 -1.6438 1.54631 -1.41775 -1.55776 1.69645 0.0688563 1.75307 0.00362402 -0.197414 -0.00324254 -0.000572213 0.39044 -0.249951 -0.001248 -0.200847 0.00133516 0.000190738 0.392729 -0.249621 0.000448977 
23 -0.00705719 0.00896454 -1.06107 -1.6438 1.54631 -1.41775 -1.55737 1.69645 0.0688563 1.75498 0.00362402 -0.197414 -0.00324254 -0.000572213 0.39044 -0.249951 -0.001248 -0.200847 0.00133516 0.000190738 0.392729 -0.249621 0.000448977 
23 -0.00705719 0.00896454 -1.06107 -1.6438 1.54631 -1.41775 -1.55737 1.69645 0.0688563 1.7565 0.00362402 -0.197414 -0.00324254 -0.000572213 0.39044 -0.249951 -0.001248 -0.200847 0.00133516 0.000190738 0.392729 -0.249621 0.000448977 
23 -0.00705719 0.00896454 -1.06107 -1.6438 1.54631 -1.41775 -1.55699 1.69645 0.0688563 1.75765 0.00362402 -0.197414 -0.00324254 -0.000572213 0.39044 -0.249951 -0.001248 -0.200847 0.00133516 0.000190738 0.392729 -0.249621 0.000448977 
23 -0.00705719 0.00896454 -1.06107 -1.6438 1.54631 -1.41775 -1.55661 1.69645 0.0688563 1.75879 0.00324254 -0.197414 -0.00324254 -0.000572213 0.39044 -0.249951 -0.001248 -0.200847 0.00133516 0.000190738 0.392729 -0.249621 0.000448977 
23 -0.00705719 0.00896454 -1.06107 -1.6438 1.54631 -1.41775 -1.55623 1.69645 0.0688563 1.76032 0.00324254 -0.197414 -0.00324254 -0.000572213 0.39044 -0.249951 -0.001248 -0.200847 0.00133516 0.000190738 0.392729 -0.249621 0.000448977 
23 -0.00705719 0.00896454 -1.06107 -1.6438 1.54631 -1.41775 -1.55585 1.69645 0.0688563 1.76146 0.00324254 -0.197414 -0.00324254 -0.000572213 0.39044 -0.249951 -0.001248 -0.200847 0.00133516 0.000190738 0.392729 -0.249621 0.000448977 
23 -0.00743866 0.00896454 -1.06107 -1.6438 1.54631 -1.41775 -1.55547 1.69645 0.0688563 1.76261 0.00324254 -0.197414 -0.00324254 -0.000572213 0.39044 -0.249951 -0.001248 -0.200847 0.00133516 0.000190738 0.392729 -0.249621 0.000448977 
23 -0.00705719 0.00896454 -1.06107 -1.6438 1.54631 -1.41775 -1.55509 1.69645 0.0688563 1.76375 0.00324254 -0.197414 -0.00324254 -0.000572213 0.39044 -0.249951 -0.001248 -0.200847 0.00133516 0.000190738 0.392729 -0.249621 0.000448977 
23 -0.00705719 0.00896454 -1.06107 -1.6438 1.54631 -1.41775 -1.5547 1.69645 0.0688563 1.76452 0.00286107 -0.197414 -0.00324254 -0.000572213 0.39044 -0.249951 -0.001248 -0.200847 0.00133516 0.000190738 0.392729 -0.249621 0.000448977 
23 -0.00705719 0.00896454 -1.06107 -1.6438 1.54631 -1.41775 -1.55432 1.69645 0.0688563 1.76566 0.00286107 -0.197414 -0.00324254 -0.000572213 0.39044 -0.249951 -0.001248 -0.200847 0.00133516 0.000190738 0.392729 -0.249621 0.000448977 
23 -0.00743866 0.00896454 -1.06107 -1.6438 1.54631 -1.41775 -1.55394 1.69645 0.0688563 1.7668 0.00247959 -0.197414 -0.00324254 -0.000572213 0.39044 -0.249951 -0.001248 -0.201228 0.00133516 0.000190738 0.392729 -0.249621 0.000448977 
23 -0.00705719 0.00896454 -1.06107 -1.6438 1.54631 -1.41775 -1.55394 1.69645 0.0688563 1.76757 0.00247959 -0.197414 -0.00324254 -0.000572213 0.39044 -0.249951 -0.001248 -0.200847 0.00133516 0.000190738 0.392729 -0.249621 0.000448977 
23 -0.00705719 0.00896454 -1.06107 -1.6438 1.54631 -1.41775 -1.55356 1.69645 0.0688563 1.76795 0.00209812 -0.197414 -0.00324254 -0.000572213 0.39044 -0.249951 -0.001248 -0.200847 0.00133516 0.000190738 0.392729 -0.249621 0.000448977 
23 -0.00743866 0.00896454 -1.06107 -1.6438 1.54631 -1.41775 -1.55318 1.69645 0.0688563 1.76833 0.00209812 -0.197414 -0.00324254 -0.000572213 0.39044 -0.249951 -0.001248 -0.200847 0.00133516 0.000190738 0.392729 -0.249621 0.000448977 
23 -0.00705719 0.00896454 -1.06107 -1.6438 1.54631 -1.41775 -1.5528 1.69645 0.0688563 1.76871 0.00171664 -0.197414 -0.00324254 -0.000572213 0.39044 -0.249951 -0.001248 -0.200847 0.00133516 0.000190738 0.392729 -0.249621 0.000448977 
23 -0.00705719 0.00896454 -1.06107 -1.6438 1.54631 -1.41775 -1.55241 1.69645 0.0688563 1.76909 0.00171664 -0.197414 -0.00324254 -0.000572213 0.39044 -0.249951 -0.001248 -0.200847 0.00133516 0.000190738 0.392729 -0.249621 0.000448977 
23 -0.00705719 0.00896454 -1.06107 -1.6438 1.54631 -1.41775 -1.55203 1.69645 0.0688563 1.76909 0.00171664 -0.197414 -0.00324254 -0.000572213 0.39044 -0.249951 -0.001248 -0.200847 0.00133516 0.000190738 0.392729 -0.249621 0.000448977 
23 -0.00705719 0.00896454 -1.06107 -1.6438 1.54631 -1.41775 -1.55165 1.69645 0.0688563 1.76909 0.00133516 -0.197414 -0.00324254 -0.000572213 0.39044 -0.249951 -0.001248 -0.201228 0.00133516 0.000190738 0.392729 -0.249621 0.000448977 
23 -0.00705719 0.00896454 -1.06107 -1.6438 1.54631 -1.41775 -1.55127 1.69645 0.0688563 1.76909 0.00133516 -0.197414 -0.00324254 -0.000572213 0.39044 -0.249951 -0.001248 -0.200847 0.00133516 0.000190738 0.392729 -0.249621 0.000448977 
23 -0.00705719 0.00896454 -1.06107 -1.6438 1.54631 -1.41775 -1.55127 1.69645 0.0688563 1.76909 0.000953689 -0.197414 -0.00324254 -0.000572213 0.39044 -0.249951 -0.001248 -0.200847 0.00133516 0.000190738 0.392729 -0.249621 0.000448977 
23 -0.00705719 0.00896454 -1.06069 -1.6438 1.54631 -1.41775 -1.55089 1.69645 0.0688563 1.76871 0.000953689 -0.197414 -0.00324254 -0.000572213 0.39044 -0.249951 -0.001248 -0.201228 0.00133516 0.000190738 0.392729 -0.249621 0.000448977 
23 -0.00705719 0.00896454 -1.06069 -1.6438 1.54631 -1.41775 -1.55013 1.69645 0.0688563 1.76871 0.000572213 -0.197414 -0.00324254 -0.000572213 0.39044 -0.249951 -0.001248 -0.201228 0.00133516 0.000190738 0.392729 -0.249621 0.000448977 
23 -0.00705719 0.00896454 -1.06069 -1.6438 1.54631 -1.41775 -1.54936 1.69645 0.0688563 1.76833 0.000572213 -0.197414 -0.00324254 -0.000572213 0.39044 -0.249951 -0.001248 -0.200847 0.00133516 0.000190738 0.392729 -0.249621 0.000448977 
23 -0.00705719 0.00896454 -1.06069 -1.6438 1.54631 -1.41775 -1.54898 1.69645 0.0688563 1.76795 0.000572213 -0.197414 -0.00324254 -0.000572213 0.39044 -0.249951 -0.001248 -0.201228 0.00133516 0.000190738 0.392729 -0.249621 0.000448977 
23 -0.00705719 0.00896454 -1.06069 -1.6438 1.54631 -1.41775 -1.54822 1.69645 0.0688563 1.76757 0.000190738 -0.197414 -0.00324254 -0.000572213 0.39044 -0.249951 -0.001248 -0.201228 0.00133516 0.000190738 0.392729 -0.249621 0.000448977 
23 -0.00705719 0.00896454 -1.06107 -1.6438 1.54631 -1.41775 -1.54784 1.69645 0.0688563 1.7668 0.000190738 -0.197414 -0.00324254 -0.000572213 0.39044 -0.249951 -0.001248 -0.200847 0.00133516 0.000190738 0.392729 -0.249621 0.000448977 
23 -0.00705719 0.00896454 -1.06107 -1.6438 1.54631 -1.41775 -1.54707 1.69645 0.0688563 1.76604 0.000190738 -0.197414 -0.00324254 -0.000572213 0.39044 -0.249951 -0.001248 -0.200847 0.00133516 0.000190738 0.392729 -0.249621 0.000448977 
23 -0.00705719 0.00896454 -1.06107 -1.6438 1.54631 -1.41775 -1.54669 1.69645 0.0688563 1.7649 0.000190738 -0.197414 -0.00324254 -0.000572213 0.39044 -0.249951 -0.001248 -0.200847 0.00133516 0.000190738 0.392729 -0.249621 0.000448977 
23 -0.00743866 0.00896454 -1.06107 -1.6438 1.54631 -1.41775 -1.54631 1.69645 0.0688563 1.76413 -0.000190738 -0.197414 -0.00324254 -0.000572213 0.39044 -0.249951 -0.001248 -0.200847 0.00133516 0.000190738 0.392729 -0.249621 0.000448977 
23 -0.00705719 0.00896454 -1.06107 -1.6438 1.54631 -1.41775 -1.54593 1.69645 0.0688563 1.76337 -0.000190738 -0.197414 -0.00324254 -0.000572213 0.39044 -0.249951 -0.001248 -0.200847 0.00133516 0.000190738 0.392729 -0.249621 0.000448977 
23 -0.00705719 0.00896454 -1.06107 -1.6438 1.54631 -1.41775 -1.54555 1.69645 0.0688563 1.76261 -0.000190738 -0.197414 -0.00324254 -0.000572213 0.39044 -0.249951 -0.001248 -0.200847 0.00133516 0.000190738 0.392729 -0.249621 0.000448977 
23 -0.00705719 0.00896454 -1.06107 -1.6438 1.54631 -1.41775 -1.54517 1.69645 0.0688563 1.76184 -0.000190738 -0.197414 -0.00324254 -0.000572213 0.39044 -0.249951 -0.001248 -0.200847 0.00133516 0.000190738 0.392729 -0.249621 0.000448977 
23 -0.00705719 0.00896454 -1.06107 -1.6438 1.54631 -1.41775 -1.5444 1.69645 0.0688563 1.7607 -0.000572213 -0.197414 -0.00324254 -0.000572213 0.39044 -0.249951 -0.001248 -0.200847 0.00133516 0.000190738 0.392729 -0.249621 0.000448977 
23 -0.00705719 0.00896454 -1.06107 -1.6438 1.54631 -1.41775 -1.54402 1.69645 0.0688563 1.75956 -0.000572213 -0.197414 -0.00324254 -0.000572213 0.39044 -0.249951 -0.001248 -0.201228 0.00133516 0.000190738 0.392729 -0.249621 0.000448977 
23 -0.00743866 0.00896454 -1.06107 -1.6438 1.54631 -1.41775 -1.54326 1.69645 0.0688563 1.75841 -0.000572213 -0.197414 -0.00324254 -0.000572213 0.39044 -0.249951 -0.001248 -0.201228 0.00133516 0.000190738 0.392729 -0.249621 0.000448977 
23 -0.00705719 0.00896454 -1.06107 -1.6438 1.54631 -1.41775 -1.5425 1.69645 0.0688563 1.75727 -0.000572213 -0.197414 -0.00324254 -0.000572213 0.39044 -0.249951 -0.001248 -0.200847 0.00133516 0.000190738 0.392729 -0.249621 0.000448977 
23 -0.00743866 0.00896454 -1.06107 -1.6438 1.54631 -1.41775 -1.54173 1.69645 0.0688563 1.75612 -0.000572213 -0.197414 -0.00324254 -0.000572213 0.39044 -0.249951 -0.001248 -0.200847 0.00133516 0.000190738 0.392729 -0.249621 0.000448977 
23 -0.00705719 0.00896454 -1.06069 -1.6438 1.54631 -1.41775 -1.54135 1.69645 0.0688563 1.75498 -0.000953689 -0.197414 -0.00324254 -0.000572213 0.39044 -0.249951 -0.001248 -0.201228 0.00133516 0.000190738 0.392729 -0.249621 0.000448977 
23 -0.00743866 0.00896454 -1.06069 -1.6438 1.54631 -1.41775 -1.54059 1.69645 0.0688563 1.75307 -0.000953689 -0.197414 -0.00324254 -0.000572213 0.39044 -0.249951 -0.001248 -0.200847 0.00133516 0.000190738 0.392729 -0.249621 0.000448977 
23 -0.00705719 0.00896454 -1.06069 -1.6438 1.54631 -1.41775 -1.54021 1.69645 0.0688563 1.75154 -0.000953689 -0.197414 -0.00324254 -0.000572213 0.39044 -0.249951 -0.001248 -0.200847 0.00133516 0.000190738 0.392729 -0.249621 0.000448977 
23 -0.00705719 0.00896454 -1.06069 -1.6438 1.54631 -1.41775 -1.53944 1.69645 0.0688563 1.7504 -0.00133516 -0.197414 -0.00324254 -0.000572213 0.39044 -0.249951 -0.001248 -0.200847 0.00133516 0.000190738 0.392729 -0.249621 0.000448977 
23 -0.00705719 0.00896454 -1.06069 -1.6438 1.54631 -1.41775 -1.53906 1.69645 0.0688563 1.74887 -0.00171664 -0.197414 -0.00324254 -0.000572213 0.39044 -0.249951 -0.001248 -0.200847 0.00133516 0.000190738 0.392729 -0.249621 0.000448977 
23 -0.00705719 0.00896454 -1.06069 -1.6438 1.54631 -1.41775 -1.53868 1.69645 0.0688563 1.74659 -0.00171664 -0.197414 -0.00324254 -0.000572213 0.39044 -0.249951 -0.001248 -0.200847 0.00133516 0.000190738 0.392729 -0.249621 0.000448977 
23 -0.00705719 0.00896454 -1.06069 -1.6438 1.54631 -1.41775 -1.53792 1.69645 0.0688563 1.74506 -0.00209812 -0.197414 -0.00324254 -0.000572213 0.39044 -0.249951 -0.001248 -0.200847 0.00133516 0.000190738 0.392729 -0.249621 0.000448977 
23 -0.00705719 0.00896454 -1.06069 -1.6438 1.54631 -1.41775 -1.53677 1.69645 0.0688563 1.74353 -0.00247959 -0.197414 -0.00324254 -0.000572213 0.39044 -0.249951 -0.001248 -0.200847 0.00133516 0.000190738 0.392729 -0.249621 0.000448977 
23 -0.00705719 0.00896454 -1.06069 -1.6438 1.54631 -1.41775 -1.53601 1.69645 0.0688563 1.74163 -0.00247959 -0.197414 -0.00324254 -0.000572213 0.39044 -0.249951 -0.001248 -0.201228 0.00133516 0.000190738 0.392729 -0.249621 0.000448977 
23 -0.00705719 0.00896454 -1.06069 -1.6438 1.54631 -1.41775 -1.53525 1.69645 0.0688563 1.73934 -0.00286107 -0.197414 -0.00324254 -0.000572213 0.39044 -0.249951 -0.001248 -0.200847 0.00133516 0.000190738 0.392729 -0.249621 0.000448977 
23 -0.00705719 0.00896454 -1.06069 -1.6438 1.54631 -1.41775 -1.53449 1.69645 0.0688563 1.73781 -0.00286107 -0.197414 -0.00324254 -0.000572213 0.39044 -0.249951 -0.001248 -0.200847 0.00133516 0.000190738 0.392729 -0.249621 0.000448977 
23 -0.00705719 0.00896454 -1.06069 -1.6438 1.54631 -1.41775 -1.53372 1.69645 0.0688563 1.7359 -0.00324254 -0.197414 -0.00324254 -0.000572213 0.39044 -0.249951 -0.001248 -0.200847 0.00133516 0.000190738 0.392729 -0.249621 0.000448977 
23 -0.00705719 0.00896454 -1.06069 -1.6438 1.54631 -1.41775 -1.53334 1.69645 0.0688563 1.73323 -0.00362402 -0.197414 -0.00324254 -0.000572213 0.39044 -0.249951 -0.001248 -0.201228 0.00133516 0.000190738 0.392729 -0.249621 0.000448977 
23 -0.00705719 0.00896454 -1.06069 -1.6438 1.54631 -1.41775 -1.53258 1.69645 0.0688563 1.73133 -0.00362402 -0.197414 -0.00324254 -0.000572213 0.39044 -0.249951 -0.001248 -0.200847 0.00133516 0.000190738 0.392729 -0.249621 0.000448977 
23 -0.00705719 0.00896454 -1.06069 -1.6438 1.54631 -1.41775 -1.5322 1.69645 0.0688563 1.72904 -0.00400549 -0.197414 -0.00324254 -0.000572213 0.39044 -0.249951 -0.001248 -0.200847 0.00133516 0.000190738 0.392729 -0.249621 0.000448977 
23 -0.00705719 0.00896454 -1.06069 -1.6438 1.54631 -1.41775 -1.53105 1.69645 0.0688563 1.72637 -0.00400549 -0.197414 -0.00324254 -0.000572213 0.39044 -0.249951 -0.001248 -0.200847 0.00133516 0.000190738 0.392729 -0.249621 0.000448977 
23 -0.00705719 0.00896454 -1.06069 -1.6438 1.54631 -1.41775 -1.53029 1.69645 0.0688563 1.72446 -0.00400549 -0.197414 -0.00324254 -0.000572213 0.39044 -0.249951 -0.001248 -0.201228 0.00133516 0.000190738 0.392729 -0.249621 0.000448977 
23 -0.00705719 0.00896454 -1.06069 -1.6438 1.54631 -1.41775 -1.52953 1.69645 0.0688563 1.72179 -0.00438697 -0.197414 -0.00324254 -0.000572213 0.39044 -0.249951 -0.001248 -0.200847 0.00133516 0.000190738 0.392729 -0.249621 0.000448977 
23 -0.00705719 0.00896454 -1.06069 -1.6438 1.54631 -1.41775 -1.52876 1.69645 0.0688563 1.7195 -0.00438697 -0.197414 -0.00324254 -0.000572213 0.39044 -0.249951 -0.001248 -0.200847 0.00133516 0.000190738 0.392729 -0.249621 0.000448977 
23 -0.00705719 0.00896454 -1.06069 -1.6438 1.54631 -1.41775 -1.52838 1.69645 0.0688563 1.71721 -0.00476844 -0.197414 -0.00324254 -0.000572213 0.39044 -0.249951 -0.001248 -0.200847 0.00133516 0.000190738 0.392729 -0.249621 0.000448977 
23 -0.00705719 0.00896454 -1.06069 -1.6438 1.54631 -1.41775 -1.52762 1.69645 0.0688563 1.71416 -0.00476844 -0.197414 -0.00324254 -0.000572213 0.39044 -0.249951 -0.001248 -0.200847 0.00133516 0.000190738 0.392729 -0.249621 0.000448977 
23 -0.00705719 0.00896454 -1.06069 -1.6438 1.54631 -1.41775 -1.52686 1.69645 0.0688563 1.71187 -0.00476844 -0.197414 -0.00324254 -0.000572213 0.39044 -0.249951 -0.001248 -0.200847 0.00133516 0.000190738 0.392729 -0.249621 0.000448977 
23 -0.00705719 0.00896454 -1.06069 -1.6438 1.54631 -1.41775 -1.52647 1.69645 0.0688563 1.70882 -0.00476844 -0.197414 -0.00324254 -0.000572213 0.39044 -0.249951 -0.001248 -0.200847 0.00133516 0.000190738 0.392729 -0.249621 0.000448977 
23 -0.00705719 0.00896454 -1.06069 -1.6438 1.54631 -1.41775 -1.52571 1.69645 0.0688563 1.70653 -0.00476844 -0.197414 -0.00324254 -0.000572213 0.39044 -0.249951 -0.001248 -0.200847 0.00133516 0.000190738 0.392729 -0.249621 0.000448977 
23 -0.00705719 0.00896454 -1.06069 -1.6438 1.54631 -1.41775 -1.52495 1.69645 0.0688563 1.70386 -0.00476844 -0.197414 -0.00324254 -0.000572213 0.39044 -0.249951 -0.001248 -0.201228 0.00133516 0.000190738 0.392729 -0.249621 0.000448977 
23 -0.00705719 0.00896454 -1.06069 -1.6438 1.54631 -1.41775 -1.52419 1.69645 0.0688563 1.70081 -0.00476844 -0.197414 -0.00324254 -0.000572213 0.39044 -0.249951 -0.001248 -0.200847 0.00133516 0.000190738 0.392729 -0.249621 0.000448977 
23 -0.00705719 0.00896454 -1.06069 -1.6438 1.54631 -1.41775 -1.52342 1.69645 0.0688563 1.69814 -0.00476844 -0.197414 -0.00324254 -0.000572213 0.39044 -0.249951 -0.001248 -0.200847 0.00133516 0.000190738 0.392729 -0.249621 0.000448977 
23 -0.00705719 0.00896454 -1.06069 -1.6438 1.54631 -1.41775 -1.52266 1.69645 0.0688563 1.69509 -0.00476844 -0.197414 -0.00324254 -0.000572213 0.39044 -0.249951 -0.001248 -0.200847 0.00133516 0.000190738 0.392729 -0.249621 0.000448977 
23 -0.00743866 0.00896454 -1.06069 -1.6438 1.54631 -1.41775 -1.5219 1.69645 0.0688563 1.69242 -0.00476844 -0.197414 -0.00324254 -0.000572213 0.39044 -0.249951 -0.001248 -0.200847 0.00133516 0.000190738 0.392729 -0.249621 0.000448977 
23 -0.00705719 0.00896454 -1.06069 -1.6438 1.54631 -1.41775 -1.52152 1.69645 0.0688563 1.68898 -0.00476844 -0.197414 -0.00324254 -0.000572213 0.39044 -0.249951 -0.001248 -0.200847 0.00133516 0.000190738 0.392729 -0.249621 0.000448977 
23 -0.00705719 0.00896454 -1.06069 -1.6438 1.54631 -1.41775 -1.52075 1.69645 0.0688563 1.68631 -0.00476844 -0.197414 -0.00324254 -0.000572213 0.39044 -0.249951 -0.001248 -0.201228 0.00133516 0.000190738 0.392729 -0.249621 0.000448977 
23 -0.00705719 0.00896454 -1.06069 -1.6438 1.54631 -1.41775 -1.51999 1.69645 0.0688563 1.68288 -0.00476844 -0.197414 -0.00324254 -0.000572213 0.39044 -0.249951 -0.001248 -0.200847 0.00133516 0.000190738 0.392729 -0.249621 0.000448977 
23 -0.00705719 0.00896454 -1.06069 -1.6438 1.54631 -1.41775 -1.51961 1.69645 0.0688563 1.68021 -0.00476844 -0.197414 -0.00324254 -0.000572213 0.39044 -0.249951 -0.001248 -0.200847 0.00133516 0.000190738 0.392729 -0.249621 0.000448977 
23 -0.00705719 0.00896454 -1.06069 -1.6438 1.54631 -1.41775 -1.51884 1.69645 0.0688563 1.67678 -0.00476844 -0.197414 -0.00324254 -0.000572213 0.39044 -0.249951 -0.001248 -0.201228 0.00133516 0.000190738 0.392729 -0.249621 0.000448977 
23 -0.00705719 0.00896454 -1.06069 -1.6438 1.54631 -1.41775 -1.51808 1.69645 0.0688563 1.67411 -0.00476844 -0.197414 -0.00324254 -0.000572213 0.39044 -0.249951 -0.001248 -0.200847 0.00133516 0.000190738 0.392729 -0.249621 0.000448977 
23 -0.00705719 0.00896454 -1.06069 -1.6438 1.54631 -1.41775 -1.51732 1.69645 0.0688563 1.67029 -0.00476844 -0.197414 -0.00324254 -0.000572213 0.39044 -0.249951 -0.001248 -0.201228 0.00133516 0.000190738 0.392729 -0.249621 0.000448977 
23 -0.00705719 0.00896454 -1.06069 -1.6438 1.54631 -1.41775 -1.51656 1.69645 0.0688563 1.66762 -0.00476844 -0.197414 -0.00324254 -0.000572213 0.39044 -0.249951 -0.001248 -0.201228 0.00133516 0.000190738 0.392729 -0.249621 0.000448977 
23 -0.00705719 0.00896454 -1.06069 -1.6438 1.54631 -1.41775 -1.51617 1.69645 0.0688563 1.66381 -0.00476844 -0.197414 -0.00324254 -0.000572213 0.39044 -0.249951 -0.001248 -0.200847 0.00133516 0.000190738 0.392729 -0.249621 0.000448977 
23 -0.00705719 0.00896454 -1.06069 -1.6438 1.54631 -1.41775 -1.51541 1.69645 0.0688563 1.66114 -0.00476844 -0.197414 -0.00324254 -0.000572213 0.39044 -0.249951 -0.001248 -0.201228 0.00133516 0.000190738 0.392729 -0.249621 0.000448977 
23 -0.00705719 0.00896454 -1.06069 -1.6438 1.54631 -1.41775 -1.51503 1.69645 0.0688563 1.65732 -0.00476844 -0.197414 -0.00324254 -0.000572213 0.39044 -0.249951 -0.001248 -0.201228 0.00133516 0.000190738 0.392729 -0.249621 0.000448977 
23 -0.00705719 0.00896454 -1.06069 -1.6438 1.54631 -1.41775 -1.51427 1.69645 0.0688563 1.65427 -0.00476844 -0.197414 -0.00324254 -0.000572213 0.39044 -0.249951 -0.001248 -0.201228 0.00133516 0.000190738 0.392729 -0.249621 0.000448977 
23 -0.00705719 0.00896454 -1.06069 -1.6438 1.54631 -1.41775 -1.51389 1.69645 0.0688563 1.65084 -0.00476844 -0.197414 -0.00324254 -0.000572213 0.39044 -0.249951 -0.001248 -0.201228 0.00133516 0.000190738 0.392729 -0.249621 0.000448977 
23 -0.00705719 0.00896454 -1.06069 -1.6438 1.54631 -1.41775 -1.5135 1.69645 0.0688563 1.6474 -0.00438697 -0.197414 -0.00324254 -0.000572213 0.39044 -0.249951 -0.001248 -0.201228 0.00133516 0.000190738 0.392729 -0.249621 0.000448977 
23 -0.00705719 0.00896454 -1.06069 -1.6438 1.54631 -1.41775 -1.51312 1.69645 0.0688563 1.64397 -0.00438697 -0.197414 -0.00324254 -0.000572213 0.39044 -0.249951 -0.001248 -0.201228 0.00133516 0.000190738 0.392729 -0.249621 0.000448977 
23 -0.00705719 0.00896454 -1.06069 -1.6438 1.54631 -1.41775 -1.51274 1.69645 0.0688563 1.64054 -0.00438697 -0.197414 -0.00324254 -0.000572213 0.39044 -0.249951 -0.001248 -0.201228 0.00133516 0.000190738 0.392729 -0.249621 0.000448977 
23 -0.00705719 0.00896454 -1.06069 -1.6438 1.54631 -1.41775 -1.51198 1.69645 0.0688563 1.6371 -0.00438697 -0.197414 -0.00324254 -0.000572213 0.39044 -0.249951 -0.001248 -0.201228 0.00133516 0.000190738 0.392729 -0.249621 0.000448977 
23 -0.00705719 0.00896454 -1.06069 -1.6438 1.54631 -1.41775 -1.5116 1.69645 0.0688563 1.63367 -0.00438697 -0.197414 -0.00324254 -0.000572213 0.39044 -0.249951 -0.001248 -0.201228 0.00133516 0.000190738 0.392729 -0.249621 0.000448977 
23 -0.00705719 0.00896454 -1.06069 -1.6438 1.54631 -1.41775 -1.51083 1.69645 0.0688563 1.63062 -0.00400549 -0.197414 -0.00324254 -0.000572213 0.39044 -0.249951 -0.001248 -0.201228 0.00133516 0.000190738 0.392729 -0.249621 0.000448977 
23 -0.00705719 0.00896454 -1.06069 -1.6438 1.54631 -1.41775 -1.51045 1.69645 0.0688563 1.6268 -0.00400549 -0.197414 -0.00324254 -0.000572213 0.39044 -0.249951 -0.001248 -0.201228 0.00133516 0.000190738 0.392729 -0.249621 0.000448977 
23 -0.00705719 0.00896454 -1.06069 -1.6438 1.54631 -1.41775 -1.51007 1.69645 0.0688563 1.62337 -0.00400549 -0.197414 -0.00324254 -0.000572213 0.39044 -0.249951 -0.001248 -0.201228 0.00133516 0.000190738 0.392729 -0.249621 0.000448977 
23 -0.00705719 0.00896454 -1.06069 -1.6438 1.54631 -1.41775 -1.50969 1.69645 0.0688563 1.61994 -0.00400549 -0.197414 -0.00324254 -0.000572213 0.39044 -0.249951 -0.001248 -0.201228 0.00133516 0.000190738 0.392729 -0.249621 0.000448977 
23 -0.00705719 0.00896454 -1.06069 -1.6438 1.54631 -1.41775 -1.50931 1.69645 0.0688563 1.6165 -0.00362402 -0.197414 -0.00324254 -0.000572213 0.39044 -0.249951 -0.001248 -0.201228 0.00133516 0.000190738 0.392729 -0.249621 0.000448977 
23 -0.00705719 0.00896454 -1.06069 -1.6438 1.54631 -1.41775 -1.50893 1.69645 0.0688563 1.61269 -0.00362402 -0.197414 -0.00324254 -0.000572213 0.39044 -0.249951 -0.001248 -0.201228 0.00133516 0.000190738 0.392729 -0.249621 0.000448977 
23 -0.00705719 0.00896454 -1.06069 -1.6438 1.54631 -1.41775 -1.50855 1.69645 0.0688563 1.60925 -0.00324254 -0.197414 -0.00324254 -0.000572213 0.39044 -0.249951 -0.001248 -0.201228 0.00133516 0.000190738 0.392729 -0.249621 0.000448977 
23 -0.00705719 0.00896454 -1.06069 -1.6438 1.54631 -1.41775 -1.50816 1.69645 0.0688563 1.6062 -0.00324254 -0.197414 -0.00324254 -0.000572213 0.39044 -0.249951 -0.001248 -0.201228 0.00133516 0.000190738 0.392729 -0.249621 0.000448977 
23 -0.00705719 0.00896454 -1.06069 -1.6438 1.54631 -1.41775 -1.50816 1.69645 0.0688563 1.60201 -0.00324254 -0.197414 -0.00324254 -0.000572213 0.39044 -0.249951 -0.001248 -0.201228 0.00133516 0.000190738 0.392729 -0.249621 0.000448977 
23 -0.00705719 0.00896454 -1.06069 -1.6438 1.54631 -1.41775 -1.50778 1.69645 0.0688563 1.59895 -0.00324254 -0.197414 -0.00324254 -0.000572213 0.39044 -0.249951 -0.001248 -0.201228 0.00133516 0.000190738 0.392729 -0.249621 0.000448977 
23 -0.00705719 0.00896454 -1.06069 -1.6438 1.54631 -1.41775 -1.50778 1.69645 0.0688563 1.59514 -0.00286107 -0.197414 -0.00324254 -0.000572213 0.39044 -0.249951 -0.001248 -0.201228 0.00133516 0.000190738 0.392729 -0.249621 0.000448977 
23 -0.00705719 0.00896454 -1.06069 -1.6438 1.54631 -1.41775 -1.50778 1.69645 0.0688563 1.59209 -0.00286107 -0.197414 -0.00324254 -0.000572213 0.39044 -0.249951 -0.001248 -0.201228 0.00133516 0.000190738 0.392729 -0.249621 0.000448977 
23 -0.00705719 0.00896454 -1.06069 -1.6438 1.54631 -1.41775 -1.5074 1.69645 0.0688563 1.58827 -0.00286107 -0.197414 -0.00324254 -0.000572213 0.39044 -0.249951 -0.001248 -0.201228 0.00133516 0.000190738 0.392729 -0.249621 0.000448977 
23 -0.00705719 0.00896454 -1.06069 -1.6438 1.54631 -1.41775 -1.5074 1.69645 0.0688563 1.58484 -0.00286107 -0.197414 -0.00324254 -0.000572213 0.39044 -0.249951 -0.001248 -0.201228 0.00133516 0.000190738 0.392729 -0.249621 0.000448977 
23 -0.00705719 0.00896454 -1.06069 -1.6438 1.54631 -1.41775 -1.50702 1.69645 0.0688563 1.58141 -0.00286107 -0.197414 -0.00324254 -0.000572213 0.39044 -0.249951 -0.001248 -0.201228 0.00133516 0.000190738 0.392729 -0.249621 0.000448977 
23 -0.00705719 0.00896454 -1.06069 -1.6438 1.54631 -1.41775 -1.50702 1.69645 0.0688563 1.57759 -0.00286107 -0.197414 -0.00324254 -0.000572213 0.39044 -0.249951 -0.001248 -0.201228 0.00133516 0.000190738 0.392729 -0.249621 0.000448977 
23 -0.00705719 0.00896454 -1.06069 -1.6438 1.54631 -1.41775 -1.50702 1.69645 0.0688563 1.57454 -0.00286107 -0.197414 -0.00324254 -0.000572213 0.39044 -0.249951 -0.001248 -0.201228 0.00133516 0.000190738 0.392729 -0.249621 0.000448977 
23 -0.00743866 0.00896454 -1.06069 -1.6438 1.54631 -1.41775 -1.50702 1.69645 0.0688563 1.57073 -0.00286107 -0.197414 -0.00324254 -0.000572213 0.39044 -0.249951 -0.001248 -0.201228 0.00133516 0.000190738 0.392729 -0.249621 0.000448977 
23 -0.00705719 0.00896454 -1.06069 -1.6438 1.54631 -1.41775 -1.50664 1.69645 0.0688563 1.56806 -0.00286107 -0.197414 -0.00324254 -0.000572213 0.39044 -0.249951 -0.001248 -0.201228 0.00133516 0.000190738 0.392729 -0.249621 0.000448977 
23 -0.00705719 0.00896454 -1.06069 -1.6438 1.54631 -1.41775 -1.50664 1.69606 0.0688563 1.56424 -0.00286107 -0.197414 -0.00324254 -0.000572213 0.39044 -0.249951 -0.001248 -0.201228 0.00133516 0.000190738 0.392729 -0.249621 0.000448977 
23 -0.00705719 0.00896454 -1.06069 -1.6438 1.54631 -1.41775 -1.50664 1.69606 0.0688563 1.56081 -0.00286107 -0.197414 -0.00324254 -0.000572213 0.39044 -0.249951 -0.001248 -0.201228 0.00133516 0.000190738 0.392729 -0.249621 0.000448977 
23 -0.00705719 0.00896454 -1.06069 -1.6438 1.54631 -1.41775 -1.50664 1.69606 0.0688563 1.55737 -0.00286107 -0.197414 -0.00324254 -0.000572213 0.39044 -0.249951 -0.001248 -0.201228 0.00133516 0.000190738 0.392729 -0.249621 0.000448977 
23 -0.00705719 0.00896454 -1.06069 -1.6438 1.54631 -1.41775 -1.50664 1.69606 0.0688563 1.55394 -0.00286107 -0.197414 -0.00324254 -0.000572213 0.39044 -0.249951 -0.001248 -0.201228 0.00133516 0.000190738 0.392729 -0.249621 0.000448977 
23 -0.00705719 0.00896454 -1.06069 -1.6438 1.54631 -1.41775 -1.50664 1.69606 0.0688563 1.55051 -0.00286107 -0.197414 -0.00324254 -0.000572213 0.39044 -0.249951 -0.001248 -0.201228 0.00133516 0.000190738 0.392729 -0.249621 0.000448977 
23 -0.00705719 0.00896454 -1.06069 -1.6438 1.54631 -1.41775 -1.50664 1.69606 0.0688563 1.54746 -0.00286107 -0.197414 -0.00324254 -0.000572213 0.39044 -0.249951 -0.001248 -0.201228 0.00133516 0.000190738 0.392729 -0.249621 0.000448977 
23 -0.00705719 0.00896454 -1.06069 -1.6438 1.54631 -1.41775 -1.50702 1.69606 0.0688563 1.5444 -0.00286107 -0.197414 -0.00324254 -0.000572213 0.39044 -0.249951 -0.001248 -0.201228 0.00133516 0.000190738 0.392729 -0.249621 0.000448977 
23 -0.00705719 0.00896454 -1.06069 -1.6438 1.54631 -1.41775 -1.50702 1.69606 0.0688563 1.54097 -0.00286107 -0.197414 -0.00324254 -0.000572213 0.39044 -0.249951 -0.001248 -0.201228 0.00133516 0.000190738 0.392729 -0.249621 0.000448977 
23 -0.00705719 0.00896454 -1.06069 -1.6438 1.54631 -1.41775 -1.50702 1.69606 0.0688563 1.53792 -0.00286107 -0.197414 -0.00324254 -0.000572213 0.39044 -0.249951 -0.001248 -0.200847 0.00133516 0.000190738 0.392729 -0.249621 0.000448977 
23 -0.00705719 0.00896454 -1.06069 -1.6438 1.54631 -1.41775 -1.50702 1.69606 0.0688563 1.53449 -0.00286107 -0.197414 -0.00324254 -0.000572213 0.39044 -0.249951 -0.001248 -0.200847 0.00133516 0.000190738 0.392729 -0.249621 0.000448977 
23 -0.00705719 0.00896454 -1.06069 -1.6438 1.54631 -1.41775 -1.50702 1.69606 0.0688563 1.53182 -0.00286107 -0.197414 -0.00324254 -0.000572213 0.39044 -0.249951 -0.001248 -0.200847 0.00133516 0.000190738 0.392729 -0.249621 0.000448977 
23 -0.00705719 0.00896454 -1.06069 -1.6438 1.54631 -1.41775 -1.50702 1.69606 0.0688563 1.52838 -0.00286107 -0.197414 -0.00324254 -0.000572213 0.39044 -0.249951 -0.001248 -0.201228 0.00133516 0.000190738 0.392729 -0.249621 0.000448977 
23 -0.00705719 0.00896454 -1.06069 -1.6438 1.54631 -1.41775 -1.50702 1.69606 0.0688563 1.52571 -0.00286107 -0.197414 -0.00324254 -0.000572213 0.39044 -0.249951 -0.001248 -0.201228 0.00133516 0.000190738 0.392729 -0.249621 0.000448977 
23 -0.00705719 0.00896454 -1.06069 -1.6438 1.54631 -1.41775 -1.5074 1.69606 0.0688563 1.52266 -0.00286107 -0.197414 -0.00324254 -0.000572213 0.39044 -0.249951 -0.001248 -0.201228 0.00133516 0.000190738 0.392729 -0.249621 0.000448977 
23 -0.00705719 0.00896454 -1.06069 -1.6438 1.54631 -1.41775 -1.5074 1.69606 0.0688563 1.51999 -0.00286107 -0.197414 -0.00324254 -0.000572213 0.39044 -0.249951 -0.001248 -0.200847 0.00133516 0.000190738 0.392729 -0.249621 0.000448977 
23 -0.00705719 0.00896454 -1.06069 -1.6438 1.54631 -1.41775 -1.5074 1.69606 0.0688563 1.51732 -0.00286107 -0.197414 -0.00324254 -0.000572213 0.39044 -0.249951 -0.001248 -0.200847 0.00133516 0.000190738 0.392729 -0.249621 0.000448977 
23 -0.00705719 0.00896454 -1.06069 -1.6438 1.54631 -1.41775 -1.5074 1.69606 0.0688563 1.51427 -0.00286107 -0.197414 -0.00324254 -0.000572213 0.39044 -0.249951 -0.001248 -0.200847 0.00133516 0.000190738 0.392729 -0.249621 0.000448977 
23 -0.00705719 0.00896454 -1.06069 -1.6438 1.54631 -1.41775 -1.50778 1.69606 0.0688563 1.5116 -0.00286107 -0.197414 -0.00324254 -0.000572213 0.39044 -0.249951 -0.001248 -0.200847 0.00133516 0.000190738 0.392729 -0.249621 0.000448977 
23 -0.00705719 0.00896454 -1.06069 -1.6438 1.54631 -1.41775 -1.50778 1.69606 0.0688563 1.50855 -0.00286107 -0.197414 -0.00324254 -0.000572213 0.39044 -0.249951 -0.001248 -0.200847 0.00133516 0.000190738 0.392729 -0.249621 0.000448977 
23 -0.00705719 0.00896454 -1.06069 -1.6438 1.54631 -1.41775 -1.50778 1.69606 0.0688563 1.50664 -0.00286107 -0.197414 -0.00324254 -0.000572213 0.39044 -0.249951 -0.001248 -0.200847 0.00133516 0.000190738 0.392729 -0.249621 0.000448977 
23 -0.00743866 0.00896454 -1.06069 -1.6438 1.54631 -1.41775 -1.50816 1.69606 0.0688563 1.50397 -0.00286107 -0.197414 -0.00324254 -0.000572213 0.39044 -0.249951 -0.001248 -0.200847 0.00133516 0.000190738 0.392729 -0.249621 0.000448977 
23 -0.00705719 0.00896454 -1.06069 -1.6438 1.54631 -1.41775 -1.50816 1.69606 0.0688563 1.5013 -0.00286107 -0.197414 -0.00324254 -0.000572213 0.39044 -0.249951 -0.001248 -0.200847 0.00133516 0.000190738 0.392729 -0.249621 0.000448977 
23 -0.00705719 0.00896454 -1.06069 -1.6438 1.54631 -1.41775 -1.50855 1.69606 0.0688563 1.49939 -0.00286107 -0.197414 -0.00324254 -0.000572213 0.39044 -0.249951 -0.001248 -0.201228 0.00133516 0.000190738 0.392729 -0.249621 0.000448977 
23 -0.00705719 0.00896454 -1.06069 -1.6438 1.54631 -1.41775 -1.50893 1.69606 0.0688563 1.49672 -0.00286107 -0.197414 -0.00324254 -0.000572213 0.39044 -0.249951 -0.001248 -0.200847 0.00133516 0.000190738 0.392729 -0.249621 0.000448977 
23 -0.00705719 0.00896454 -1.06069 -1.6438 1.54631 -1.41775 -1.50893 1.69606 0.0688563 1.49481 -0.00286107 -0.197414 -0.00324254 -0.000572213 0.39044 -0.249951 -0.001248 -0.201228 0.00133516 0.000190738 0.392729 -0.249621 0.000448977 
23 -0.00705719 0.00896454 -1.06069 -1.6438 1.54631 -1.41775 -1.50931 1.69606 0.0688563 1.4929 -0.00286107 -0.197414 -0.00324254 -0.000572213 0.39044 -0.249951 -0.001248 -0.200847 0.00133516 0.000190738 0.392729 -0.249621 0.000448977 
23 -0.00705719 0.00896454 -1.06069 -1.6438 1.54631 -1.41775 -1.50969 1.69606 0.0688563 1.49023 -0.00286107 -0.197414 -0.00324254 -0.000572213 0.39044 -0.249951 -0.001248 -0.200847 0.00133516 0.000190738 0.392729 -0.249621 0.000448977 
23 -0.00705719 0.00896454 -1.06069 -1.6438 1.54631 -1.41775 -1.50969 1.69606 0.0688563 1.48833 -0.00286107 -0.197414 -0.00324254 -0.000572213 0.39044 -0.249951 -0.001248 -0.200847 0.00133516 0.000190738 0.392729 -0.249621 0.000448977 
23 -0.00743866 0.00896454 -1.06069 -1.6438 1.54669 -1.41775 -1.51007 1.69606 0.0688563 1.4868 -0.00286107 -0.197414 -0.00324254 -0.000572213 0.39044 -0.249951 -0.001248 -0.201228 0.00133516 0.000190738 0.392729 -0.249621 0.000448977 
23 -0.00705719 0.00896454 -1.06069 -1.6438 1.54669 -1.41775 -1.51045 1.69606 0.0688563 1.48451 -0.00286107 -0.197414 -0.00324254 -0.000572213 0.39044 -0.249951 -0.001248 -0.201228 0.00133516 0.000190738 0.392729 -0.249621 0.000448977 
23 -0.00705719 0.00896454 -1.06069 -1.6438 1.54669 -1.41775 -1.51083 1.69606 0.0688563 1.48299 -0.00286107 -0.197414 -0.00324254 -0.000572213 0.39044 -0.249951 -0.001248 -0.200847 0.00133516 0.000190738 0.392729 -0.249621 0.000448977 
23 -0.00705719 0.00896454 -1.06069 -1.6438 1.54669 -1.41775 -1.51122 1.69606 0.0688563 1.48146 -0.00286107 -0.197414 -0.00324254 -0.000572213 0.39044 -0.249951 -0.001248 -0.200847 0.00133516 0.000190738 0.392729 -0.249621 0.000448977 
23 -0.00705719 0.00896454 -1.06069 -1.6438 1.54669 -1.41775 -1.5116 1.69606 0.0688563 1.47955 -0.00286107 -0.197414 -0.00324254 -0.000572213 0.39044 -0.249951 -0.001248 -0.200847 0.00133516 0.000190738 0.392729 -0.249621 0.000448977 
23 -0.00743866 0.00896454 -1.06069 -1.6438 1.54669 -1.41775 -1.51198 1.69606 0.0688563 1.47765 -0.00286107 -0.197414 -0.00324254 -0.000572213 0.39044 -0.249951 -0.001248 -0.200847 0.00133516 0.000190738 0.392729 -0.249621 0.000448977 
23 -0.00705719 0.00896454 -1.06069 -1.6438 1.54669 -1.41775 -1.51198 1.69606 0.0688563 1.4765 -0.00286107 -0.197414 -0.00324254 -0.000572213 0.39044 -0.249951 -0.001248 -0.200847 0.00133516 0.000190738 0.392729 -0.249621 0.000448977 
23 -0.00705719 0.00896454 -1.06069 -1.6438 1.54669 -1.41775 -1.51236 1.69606 0.0688563 1.47536 -0.00286107 -0.197414 -0.00324254 -0.000572213 0.39044 -0.249951 -0.001248 -0.200847 0.00133516 0.000190738 0.392729 -0.249621 0.000448977 
23 -0.00705719 0.00896454 -1.06069 -1.6438 1.54669 -1.41775 -1.51274 1.69606 0.0688563 1.47421 -0.00286107 -0.197414 -0.00324254 -0.000572213 0.39044 -0.249951 -0.001248 -0.200847 0.00133516 0.000190738 0.392729 -0.249621 0.000448977 
23 -0.00705719 0.00896454 -1.06069 -1.6438 1.54669 -1.41775 -1.51312 1.69606 0.0688563 1.47307 -0.00286107 -0.197414 -0.00324254 -0.000572213 0.39044 -0.249951 -0.001248 -0.200847 0.00133516 0.000190738 0.392729 -0.249621 0.000448977 
23 -0.00705719 0.00896454 -1.06069 -1.6438 1.54669 -1.41775 -1.5135 1.69606 0.0688563 1.47192 -0.00286107 -0.197414 -0.00324254 -0.000572213 0.39044 -0.249951 -0.001248 -0.200847 0.00133516 0.000190738 0.392729 -0.249621 0.000448977 
23 -0.00705719 0.00896454 -1.06069 -1.6438 1.54669 -1.41775 -1.51389 1.69606 0.0688563 1.47116 -0.00286107 -0.197414 -0.00324254 -0.000572213 0.39044 -0.249951 -0.001248 -0.200847 0.00133516 0.000190738 0.392729 -0.249621 0.000448977 
23 -0.00705719 0.00896454 -1.06069 -1.6438 1.54669 -1.41775 -1.51427 1.69606 0.0688563 1.4704 -0.00286107 -0.197414 -0.00324254 -0.000572213 0.39044 -0.249951 -0.001248 -0.200847 0.00133516 0.000190738 0.392729 -0.249621 0.000448977 
23 -0.00705719 0.00896454 -1.06069 -1.6438 1.54669 -1.41775 -1.51465 1.69606 0.0688563 1.47002 -0.00286107 -0.197414 -0.00324254 -0.000572213 0.39044 -0.249951 -0.001248 -0.200847 0.00133516 0.000190738 0.392729 -0.249621 0.000448977 
23 -0.00705719 0.00896454 -1.06069 -1.6438 1.54669 -1.41775 -1.51503 1.69606 0.0688563 1.46925 -0.00286107 -0.197414 -0.00324254 -0.000572213 0.39044 -0.249951 -0.001248 -0.200847 0.00133516 0.000190738 0.392729 -0.249621 0.000448977 
23 -0.00705719 0.00896454 -1.06069 -1.6438 1.54669 -1.41775 -1.51541 1.69606 0.0688563 1.46887 -0.00286107 -0.197414 -0.00324254 -0.000572213 0.39044 -0.249951 -0.001248 -0.201228 0.00133516 0.000190738 0.392729 -0.249621 0.000448977 
23 -0.00743866 0.00896454 -1.06069 -1.6438 1.54669 -1.41775 -1.51579 1.69606 0.0688563 1.46849 -0.00286107 -0.197414 -0.00324254 -0.000572213 0.39044 -0.249951 -0.001248 -0.200847 0.00133516 0.000190738 0.392729 -0.249621 0.000448977 
23 -0.00705719 0.00896454 -1.06069 -1.6438 1.54669 -1.41775 -1.51617 1.69606 0.0688563 1.46811 -0.00286107 -0.197414 -0.00324254 -0.000572213 0.39044 -0.249951 -0.001248 -0.200847 0.00133516 0.000190738 0.392729 -0.249621 0.000448977 
23 -0.00705719 0.00896454 -1.06069 -1.6438 1.54669 -1.41775 -1.51694 1.69606 0.0688563 1.46811 -0.00286107 -0.197414 -0.00324254 -0.000572213 0.39044 -0.249951 -0.001248 -0.200847 0.00133516 0.000190738 0.392729 -0.249621 0.000448977 
23 -0.00743866 0.00896454 -1.06069 -1.6438 1.54669 -1.41775 -1.51732 1.69606 0.0688563 1.46773 -0.00286107 -0.197414 -0.00324254 -0.000572213 0.39044 -0.249951 -0.001248 -0.200847 0.00133516 0.000190738 0.392729 -0.249621 0.000448977 
23 -0.00705719 0.00896454 -1.06069 -1.6438 1.54669 -1.41775 -1.51808 1.69606 0.0688563 1.46735 -0.00247959 -0.197414 -0.00324254 -0.000572213 0.39044 -0.249951 -0.001248 -0.201228 0.00133516 0.000190738 0.392729 -0.249621 0.000448977 
23 -0.00705719 0.00896454 -1.06069 -1.6438 1.54669 -1.41775 -1.51884 1.69606 0.0688563 1.46735 -0.00247959 -0.197414 -0.00324254 -0.000572213 0.39044 -0.249951 -0.001248 -0.200847 0.00133516 0.000190738 0.392729 -0.249621 0.000448977 
23 -0.00743866 0.00896454 -1.06069 -1.6438 1.54669 -1.41775 -1.51961 1.69606 0.0688563 1.46735 -0.00247959 -0.197414 -0.00324254 -0.000572213 0.39044 -0.249951 -0.001248 -0.200847 0.00133516 0.000190738 0.392729 -0.249621 0.000448977 
23 -0.00743866 0.00896454 -1.06069 -1.6438 1.54669 -1.41775 -1.51999 1.69606 0.0688563 1.46735 -0.00247959 -0.197414 -0.00324254 -0.000572213 0.39044 -0.249951 -0.001248 -0.201228 0.00133516 0.000190738 0.392729 -0.249621 0.000448977 
23 -0.00705719 0.00896454 -1.06069 -1.6438 1.54669 -1.41775 -1.52037 1.69645 0.0688563 1.46735 -0.00247959 -0.197414 -0.00324254 -0.000572213 0.39044 -0.249951 -0.001248 -0.200847 0.00133516 0.000190738 0.392729 -0.249621 0.000448977 
23 -0.00705719 0.00896454 -1.06069 -1.6438 1.54669 -1.41775 -1.52075 1.69645 0.0688563 1.46773 -0.00209812 -0.197414 -0.00324254 -0.000572213 0.39044 -0.249951 -0.001248 -0.201228 0.00133516 0.000190738 0.392729 -0.249621 0.000448977 
23 -0.00705719 0.00896454 -1.06069 -1.6438 1.54669 -1.41775 -1.52152 1.69645 0.0688563 1.46811 -0.00209812 -0.197414 -0.00324254 -0.000572213 0.39044 -0.249951 -0.001248 -0.200847 0.00133516 0.000190738 0.392729 -0.249621 0.000448977 
23 -0.00705719 0.00896454 -1.06069 -1.6438 1.54669 -1.41775 -1.5219 1.69645 0.0688563 1.46811 -0.00209812 -0.197414 -0.00324254 -0.000572213 0.39044 -0.249951 -0.001248 -0.200847 0.00133516 0.000190738 0.392729 -0.249621 0.000448977 
23 -0.00705719 0.00896454 -1.06069 -1.6438 1.54669 -1.41775 -1.52228 1.69645 0.0688563 1.46849 -0.00171664 -0.197414 -0.00324254 -0.000572213 0.39044 -0.249951 -0.001248 -0.200847 0.00133516 0.000190738 0.392729 -0.249621 0.000448977 
23 -0.00743866 0.00896454 -1.06069 -1.6438 1.54669 -1.41775 -1.52266 1.69645 0.0688563 1.46887 -0.00171664 -0.197414 -0.00324254 -0.000572213 0.39044 -0.249951 -0.001248 -0.200847 0.00133516 0.000190738 0.392729 -0.249621 0.000448977 
23 -0.00705719 0.00896454 -1.06069 -1.6438 1.54669 -1.41775 -1.52342 1.69645 0.0688563 1.46925 -0.00133516 -0.197414 -0.00324254 -0.000572213 0.39044 -0.249951 -0.001248 -0.201228 0.00133516 0.000190738 0.392729 -0.249621 0.000448977 
23 -0.00705719 0.00896454 -1.06069 -1.6438 1.54669 -1.41775 -1.52457 1.69645 0.0688563 1.46963 -0.00133516 -0.197414 -0.00324254 -0.000572213 0.39044 -0.249951 -0.001248 -0.200847 0.00133516 0.000190738 0.392729 -0.249621 0.000448977 
23 -0.00705719 0.00896454 -1.06069 -1.6438 1.54669 -1.41775 -1.52533 1.69645 0.0688563 1.47002 -0.00133516 -0.197414 -0.00324254 -0.000572213 0.39044 -0.249951 -0.001248 -0.201228 0.00133516 0.000190738 0.392729 -0.249621 0.000448977 
23 -0.00705719 0.00896454 -1.06069 -1.6438 1.54669 -1.41775 -1.52609 1.69645 0.0688563 1.4704 -0.00133516 -0.197414 -0.00324254 -0.000572213 0.39044 -0.249951 -0.001248 -0.200847 0.00133516 0.000190738 0.392729 -0.249621 0.000448977 
23 -0.00705719 0.00896454 -1.06069 -1.6438 1.54669 -1.41775 -1.52647 1.69645 0.0688563 1.47078 -0.00133516 -0.197414 -0.00324254 -0.000572213 0.39044 -0.249951 -0.001248 -0.201228 0.00133516 0.000190738 0.392729 -0.249621 0.000448977 
23 -0.00705719 0.00896454 -1.06069 -1.6438 1.54669 -1.41775 -1.52686 1.69645 0.0688563 1.47116 -0.00133516 -0.197414 -0.00324254 -0.000572213 0.39044 -0.249951 -0.001248 -0.201228 0.00133516 0.000190738 0.392729 -0.249621 0.000448977 
23 -0.00705719 0.00896454 -1.06069 -1.6438 1.54669 -1.41775 -1.52762 1.69645 0.0688563 1.47192 -0.00133516 -0.197414 -0.00324254 -0.000572213 0.39044 -0.249951 -0.001248 -0.200847 0.00133516 0.000190738 0.392729 -0.249621 0.000448977 
23 -0.00705719 0.00896454 -1.06069 -1.6438 1.54669 -1.41775 -1.52838 1.69645 0.0688563 1.47269 -0.00133516 -0.197414 -0.00324254 -0.000572213 0.39044 -0.249951 -0.001248 -0.200847 0.00133516 0.000190738 0.392729 -0.249621 0.000448977 
23 -0.00705719 0.00896454 -1.06069 -1.6438 1.54669 -1.41775 -1.52876 1.69645 0.0688563 1.47383 -0.00133516 -0.197414 -0.00324254 -0.000572213 0.39044 -0.249951 -0.001248 -0.200847 0.00133516 0.000190738 0.392729 -0.249621 0.000448977 
23 -0.00705719 0.00896454 -1.06069 -1.6438 1.54669 -1.41775 -1.52953 1.69645 0.0688563 1.47459 -0.00133516 -0.197414 -0.00324254 -0.000572213 0.39044 -0.249951 -0.001248 -0.200847 0.00133516 0.000190738 0.392729 -0.249621 0.000448977 
23 -0.00705719 0.00896454 -1.06069 -1.6438 1.54669 -1.41775 -1.53067 1.69645 0.0688563 1.47536 -0.00133516 -0.197414 -0.00324254 -0.000572213 0.39044 -0.249951 -0.001248 -0.200847 0.00133516 0.000190738 0.392729 -0.249621 0.000448977 
23 -0.00705719 0.00896454 -1.06069 -1.6438 1.54669 -1.41775 -1.53182 1.69645 0.0688563 1.47612 -0.00133516 -0.197414 -0.00324254 -0.000572213 0.39044 -0.249951 -0.001248 -0.200847 0.00133516 0.000190738 0.392729 -0.249621 0.000448977 
23 -0.00705719 0.00896454 -1.06069 -1.6438 1.54669 -1.41775 -1.5322 1.69645 0.0688563 1.47726 -0.00133516 -0.197414 -0.00324254 -0.000572213 0.39044 -0.249951 -0.001248 -0.200847 0.00133516 0.000190738 0.392729 -0.249621 0.000448977 
23 -0.00705719 0.00896454 -1.06069 -1.6438 1.54669 -1.41775 -1.53296 1.69645 0.0688563 1.47803 -0.00133516 -0.197414 -0.00324254 -0.000572213 0.39044 -0.249951 -0.001248 -0.200847 0.00133516 0.000190738 0.392729 -0.249621 0.000448977 
23 -0.00705719 0.00896454 -1.06069 -1.6438 1.54669 -1.41775 -1.53372 1.69645 0.0688563 1.47955 -0.00133516 -0.197414 -0.00324254 -0.000572213 0.39044 -0.249951 -0.001248 -0.200847 0.00133516 0.000190738 0.392729 -0.249621 0.000448977 
23 -0.00705719 0.00896454 -1.06069 -1.6438 1.54669 -1.41775 -1.53449 1.69645 0.0688563 1.48108 -0.00133516 -0.197414 -0.00324254 -0.000572213 0.39044 -0.249951 -0.001248 -0.200847 0.00133516 0.000190738 0.392729 -0.249621 0.000448977 
23 -0.00705719 0.00896454 -1.06069 -1.6438 1.54669 -1.41775 -1.53525 1.69645 0.0688563 1.48222 -0.00133516 -0.197414 -0.00324254 -0.000572213 0.39044 -0.249951 -0.001248 -0.201228 0.00133516 0.000190738 0.392729 -0.249621 0.000448977 
23 -0.00705719 0.00896454 -1.06069 -1.6438 1.54669 -1.41775 -1.53601 1.69645 0.0692378 1.48299 -0.000953689 -0.197414 -0.00324254 -0.000572213 0.39044 -0.249951 -0.001248 -0.200847 0.00133516 0.000190738 0.392729 -0.249621 0.000448977 
23 -0.00705719 0.00896454 -1.06069 -1.6438 1.54669 -1.41775 -1.53716 1.69645 0.0688563 1.48413 -0.000953689 -0.197414 -0.00324254 -0.000572213 0.39044 -0.249951 -0.001248 -0.200847 0.00133516 0.000190738 0.392729 -0.249621 0.000448977 
23 -0.00705719 0.00896454 -1.06069 -1.6438 1.54669 -1.41775 -1.53792 1.69645 0.0688563 1.48604 -0.000953689 -0.197414 -0.00324254 -0.000572213 0.39044 -0.249951 -0.001248 -0.200847 0.00133516 0.000190738 0.392729 -0.249621 0.000448977 
23 -0.00743866 0.00896454 -1.06069 -1.6438 1.54669 -1.41775 -1.53868 1.69645 0.0688563 1.48756 -0.000953689 -0.197414 -0.00324254 -0.000572213 0.39044 -0.249951 -0.001248 -0.200847 0.00133516 0.000190738 0.392729 -0.249621 0.000448977 
23 -0.00743866 0.00896454 -1.06069 -1.6438 1.54669 -1.41775 -1.53906 1.69645 0.0688563 1.48871 -0.000572213 -0.197414 -0.00324254 -0.000572213 0.39044 -0.249951 -0.001248 -0.200847 0.00133516 0.000190738 0.392729 -0.249621 0.000448977 
23 -0.00705719 0.00896454 -1.06069 -1.6438 1.54669 -1.41775 -1.53983 1.69645 0.0688563 1.49023 -0.000572213 -0.197414 -0.00324254 -0.000572213 0.39044 -0.249951 -0.001248 -0.200847 0.00133516 0.000190738 0.392729 -0.249621 0.000448977 
23 -0.00705719 0.00896454 -1.06069 -1.6438 1.54669 -1.41775 -1.54059 1.69645 0.0688563 1.49252 -0.000572213 -0.197414 -0.00324254 -0.000572213 0.39044 -0.249951 -0.001248 -0.200847 0.00133516 0.000190738 0.392729 -0.249621 0.000448977 
23 -0.00705719 0.00896454 -1.06069 -1.6438 1.54669 -1.41775 -1.54135 1.69645 0.0688563 1.49405 -0.000190738 -0.197414 -0.00324254 -0.000572213 0.39044 -0.249951 -0.001248 -0.200847 0.00133516 0.000190738 0.392729 -0.249621 0.000448977 
23 -0.00705719 0.00896454 -1.06069 -1.6438 1.54669 -1.41814 -1.54211 1.69645 0.0688563 1.49557 -0.000190738 -0.197414 -0.00324254 -0.000572213 0.39044 -0.249951 -0.001248 -0.200847 0.00133516 0.000190738 0.392729 -0.249621 0.000448977 
23 -0.00705719 0.00896454 -1.06069 -1.6438 1.54669 -1.41814 -1.54326 1.69645 0.0688563 1.4971 -0.000190738 -0.197414 -0.00324254 -0.000572213 0.39044 -0.249951 -0.001248 -0.200847 0.00133516 0.000190738 0.392729 -0.249621 0.000448977 
23 -0.00705719 0.00896454 -1.06069 -1.6438 1.54669 -1.41814 -1.54402 1.69645 0.0688563 1.49939 0.000190738 -0.197414 -0.00324254 -0.000572213 0.39044 -0.249951 -0.001248 -0.200847 0.00133516 0.000190738 0.392729 -0.249621 0.000448977 
23 -0.00705719 0.00896454 -1.06069 -1.6438 1.54669 -1.41775 -1.54479 1.69645 0.0688563 1.50092 0.000190738 -0.197414 -0.00324254 -0.000572213 0.39044 -0.249951 -0.001248 -0.200847 0.00133516 0.000190738 0.392729 -0.249621 0.000448977 
23 -0.00705719 0.00896454 -1.06069 -1.6438 1.54669 -1.41775 -1.54555 1.69645 0.0688563 1.50244 0.000190738 -0.197414 -0.00324254 -0.000572213 0.39044 -0.249951 -0.001248 -0.200847 0.00133516 0.000190738 0.392729 -0.249621 0.000448977 
23 -0.00743866 0.00896454 -1.06069 -1.6438 1.54669 -1.41775 -1.54631 1.69645 0.0688563 1.50473 0.000572213 -0.197414 -0.00324254 -0.000572213 0.39044 -0.249951 -0.001248 -0.200847 0.00133516 0.000190738 0.392729 -0.249621 0.000448977 
23 -0.00743866 0.00896454 -1.06069 -1.6438 1.54669 -1.41775 -1.54707 1.69645 0.0688563 1.50664 0.000572213 -0.197414 -0.00324254 -0.000572213 0.39044 -0.249951 -0.001248 -0.200847 0.00133516 0.000190738 0.392729 -0.249621 0.000448977 
23 -0.00705719 0.00896454 -1.06069 -1.6438 1.54669 -1.41775 -1.54784 1.69645 0.0688563 1.50855 0.000572213 -0.197414 -0.00324254 -0.000572213 0.39044 -0.249951 -0.001248 -0.200847 0.00133516 0.000190738 0.392729 -0.249621 0.000448977 
23 -0.00705719 0.00896454 -1.06069 -1.6438 1.54669 -1.41775 -1.5486 1.69645 0.0688563 1.51045 0.000953689 -0.197414 -0.00324254 -0.000572213 0.39044 -0.249951 -0.001248 -0.200847 0.00133516 0.000190738 0.392729 -0.249621 0.000448977 
23 -0.00705719 0.00896454 -1.06069 -1.6438 1.54669 -1.41775 -1.54974 1.69645 0.0688563 1.51274 0.000953689 -0.197414 -0.00324254 -0.000572213 0.39044 -0.249951 -0.001248 -0.200847 0.00133516 0.000190738 0.392729 -0.249621 0.000448977 
23 -0.00743866 0.00896454 -1.06069 -1.6438 1.54669 -1.41775 -1.55051 1.69645 0.0688563 1.51465 0.000953689 -0.197414 -0.00324254 -0.000572213 0.39044 -0.249951 -0.001248 -0.200847 0.00133516 0.000190738 0.392729 -0.249621 0.000448977 
23 -0.00705719 0.00896454 -1.06069 -1.6438 1.54669 -1.41775 -1.55127 1.69645 0.0688563 1.51694 0.000953689 -0.197414 -0.00324254 -0.000572213 0.39044 -0.249951 -0.001248 -0.200847 0.00133516 0.000190738 0.392729 -0.249621 0.000448977 
23 -0.00705719 0.00896454 -1.06069 -1.6438 1.54669 -1.41775 -1.55165 1.69645 0.0688563 1.51884 0.000953689 -0.197414 -0.00324254 -0.000572213 0.39044 -0.249951 -0.001248 -0.200847 0.00133516 0.000190738 0.392729 -0.249621 0.000448977 
23 -0.00705719 0.00896454 -1.06069 -1.6438 1.54669 -1.41775 -1.55241 1.69645 0.0688563 1.52075 0.000953689 -0.197414 -0.00324254 -0.000572213 0.39044 -0.249951 -0.001248 -0.200847 0.00133516 0.000190738 0.392729 -0.249621 0.000448977 
23 -0.00743866 0.00896454 -1.06069 -1.6438 1.54669 -1.41775 -1.55318 1.69645 0.0688563 1.52342 0.000953689 -0.197414 -0.00324254 -0.000572213 0.39044 -0.249951 -0.001248 -0.200847 0.00133516 0.000190738 0.392729 -0.249621 0.000448977 
23 -0.00705719 0.00896454 -1.06069 -1.6438 1.54669 -1.41775 -1.55394 1.69645 0.0688563 1.52571 0.000953689 -0.197414 -0.00324254 -0.000572213 0.39044 -0.249951 -0.001248 -0.201228 0.00133516 0.000190738 0.392729 -0.249621 0.000448977 
23 -0.00705719 0.00896454 -1.06069 -1.6438 1.54669 -1.41775 -1.5547 1.69645 0.0688563 1.52762 0.000953689 -0.197414 -0.00324254 -0.000572213 0.39044 -0.249951 -0.001248 -0.200847 0.00133516 0.000190738 0.392729 -0.249621 0.000448977 
23 -0.00705719 0.00896454 -1.06069 -1.6438 1.54669 -1.41775 -1.55585 1.69645 0.0688563 1.53067 0.000953689 -0.197414 -0.00324254 -0.000572213 0.39044 -0.249951 -0.001248 -0.201228 0.00133516 0.000190738 0.392729 -0.249621 0.000448977 
23 -0.00705719 0.00896454 -1.06069 -1.6438 1.54669 -1.41775 -1.55661 1.69645 0.0688563 1.53258 0.000953689 -0.197414 -0.00324254 -0.000572213 0.39044 -0.249951 -0.001248 -0.201228 0.00133516 0.000190738 0.392729 -0.249621 0.000448977 
23 -0.00705719 0.00896454 -1.06069 -1.6438 1.54669 -1.41775 -1.55699 1.69645 0.0688563 1.53449 0.000953689 -0.197414 -0.00324254 -0.000572213 0.39044 -0.249951 -0.001248 -0.201228 0.00133516 0.000190738 0.392729 -0.249621 0.000448977 
23 -0.00705719 0.00896454 -1.06069 -1.6438 1.54669 -1.41775 -1.55776 1.69645 0.0688563 1.53754 0.000953689 -0.197414 -0.00324254 -0.000572213 0.39044 -0.249951 -0.001248 -0.201228 0.00133516 0.000190738 0.392729 -0.249621 0.000448977 
23 -0.00705719 0.00896454 -1.06069 -1.6438 1.54669 -1.41775 -1.55852 1.69645 0.0688563 1.53944 0.000953689 -0.197414 -0.00324254 -0.000572213 0.39044 -0.249951 -0.001248 -0.200847 0.00133516 0.000190738 0.392729 -0.249621 0.000448977 
23 -0.00743866 0.00896454 -1.06069 -1.6438 1.54669 -1.41775 -1.5589 1.69645 0.0688563 1.5425 0.000953689 -0.197414 -0.00324254 -0.000572213 0.39044 -0.249951 -0.001248 -0.200847 0.00133516 0.000190738 0.392729 -0.249621 0.000448977 
23 -0.00705719 0.00896454 -1.06069 -1.6438 1.54669 -1.41775 -1.55966 1.69645 0.0688563 1.54479 0.000953689 -0.197414 -0.00324254 -0.000572213 0.39044 -0.249951 -0.001248 -0.200847 0.00133516 0.000190738 0.392729 -0.249621 0.000448977 
23 -0.00743866 0.00896454 -1.06069 -1.6438 1.54669 -1.41775 -1.56043 1.69645 0.0688563 1.54707 0.000953689 -0.197414 -0.00324254 -0.000572213 0.39044 -0.249951 -0.001248 -0.201228 0.00133516 0.000190738 0.392729 -0.249621 0.000448977 
23 -0.00705719 0.00896454 -1.06069 -1.6438 1.54669 -1.41775 -1.56157 1.69645 0.0688563 1.54974 0.000953689 -0.197414 -0.00324254 -0.000572213 0.39044 -0.249951 -0.001248 -0.200847 0.00133516 0.000190738 0.392729 -0.249621 0.000448977 
23 -0.00705719 0.00896454 -1.06069 -1.6438 1.54669 -1.41775 -1.56233 1.69645 0.0688563 1.55203 0.00133516 -0.197414 -0.00324254 -0.000572213 0.39044 -0.249951 -0.001248 -0.200847 0.00133516 0.000190738 0.392729 -0.249621 0.000448977 
23 -0.00743866 0.00896454 -1.06069 -1.6438 1.54669 -1.41775 -1.5631 1.69645 0.0688563 1.55547 0.00133516 -0.197414 -0.00324254 -0.000572213 0.39044 -0.249951 -0.001248 -0.200847 0.00133516 0.000190738 0.392729 -0.249621 0.000448977 
23 -0.00705719 0.00896454 -1.06069 -1.6438 1.54669 -1.41775 -1.56348 1.69645 0.0688563 1.55776 0.00133516 -0.197414 -0.00324254 -0.000572213 0.39044 -0.249951 -0.001248 -0.200847 0.00133516 0.000190738 0.392729 -0.249621 0.000448977 
23 -0.00705719 0.00896454 -1.06069 -1.6438 1.54669 -1.41775 -1.56424 1.69645 0.0688563 1.56043 0.00133516 -0.197414 -0.00324254 -0.000572213 0.39044 -0.249951 -0.001248 -0.200847 0.00133516 0.000190738 0.392729 -0.249621 0.000448977 
23 -0.00743866 0.00896454 -1.06069 -1.6438 1.54669 -1.41775 -1.56462 1.69645 0.0688563 1.5631 0.00133516 -0.197414 -0.00324254 -0.000572213 0.39044 -0.249951 -0.001248 -0.200847 0.00133516 0.000190738 0.392729 -0.249621 0.000448977 
23 -0.00705719 0.00896454 -1.06069 -1.6438 1.54669 -1.41775 -1.56538 1.69645 0.0688563 1.56577 0.00133516 -0.197414 -0.00324254 -0.000572213 0.39044 -0.249951 -0.001248 -0.200847 0.00133516 0.000190738 0.392729 -0.249621 0.000448977 
23 -0.00743866 0.00896454 -1.06069 -1.6438 1.54669 -1.41775 -1.56615 1.69645 0.0688563 1.56882 0.00133516 -0.197414 -0.00324254 -0.000572213 0.39044 -0.249951 -0.001248 -0.200847 0.00133516 0.000190738 0.392729 -0.249621 0.000448977 
23 -0.00743866 0.00896454 -1.06069 -1.6438 1.54669 -1.41775 -1.56653 1.69645 0.0688563 1.57111 0.00133516 -0.197414 -0.00324254 -0.000572213 0.39044 -0.249951 -0.001248 -0.200847 0.00133516 0.000190738 0.392729 -0.249621 0.000448977 
23 -0.00705719 0.00896454 -1.06069 -1.6438 1.54669 -1.41775 -1.56729 1.69645 0.0688563 1.57416 0.00133516 -0.197414 -0.00324254 -0.000572213 0.39044 -0.249951 -0.001248 -0.201228 0.00133516 0.000190738 0.392729 -0.249621 0.000448977 
23 -0.00705719 0.00896454 -1.06069 -1.6438 1.54669 -1.41775 -1.56806 1.69645 0.0688563 1.57683 0.00133516 -0.197414 -0.00324254 -0.000572213 0.39044 -0.249951 -0.001248 -0.200847 0.00133516 0.000190738 0.392729 -0.249621 0.000448977 
23 -0.00705719 0.00896454 -1.06069 -1.6438 1.54669 -1.41775 -1.56882 1.69645 0.0688563 1.57988 0.00133516 -0.197414 -0.00324254 -0.000572213 0.39044 -0.249951 -0.001248 -0.200847 0.00133516 0.000190738 0.392729 -0.249621 0.000448977 
23 -0.00705719 0.00896454 -1.06069 -1.6438 1.54669 -1.41775 -1.56958 1.69645 0.0688563 1.58255 0.00133516 -0.197414 -0.00324254 -0.000572213 0.39044 -0.249951 -0.001248 -0.200847 0.00133516 0.000190738 0.392729 -0.249621 0.000448977 
23 -0.00705719 0.00896454 -1.06069 -1.6438 1.54669 -1.41775 -1.56996 1.69645 0.0688563 1.58522 0.000953689 -0.197414 -0.00324254 -0.000572213 0.39044 -0.249951 -0.001248 -0.200847 0.00133516 0.000190738 0.392729 -0.249621 0.000448977 
23 -0.00743866 0.00896454 -1.06069 -1.6438 1.54669 -1.41775 -1.57073 1.69645 0.0688563 1.58789 0.000953689 -0.197414 -0.00324254 -0.000572213 0.39044 -0.249951 -0.001248 -0.200847 0.00133516 0.000190738 0.392729 -0.249621 0.000448977 
23 -0.00705719 0.00896454 -1.06069 -1.6438 1.54669 -1.41775 -1.57149 1.69645 0.0688563 1.59056 0.000953689 -0.197414 -0.00324254 -0.000572213 0.39044 -0.249951 -0.001248 -0.200847 0.00133516 0.000190738 0.392729 -0.249621 0.000448977 
23 -0.00705719 0.00896454 -1.06069 -1.6438 1.54669 -1.41775 -1.57187 1.69683 0.0688563 1.594 0.000953689 -0.197414 -0.00324254 -0.000572213 0.39044 -0.249951 -0.001248 -0.200847 0.00133516 0.000190738 0.392729 -0.249621 0.000448977 
23 -0.00705719 0.00896454 -1.06069 -1.6438 1.54669 -1.41775 -1.57225 1.69683 0.0688563 1.59628 0.000953689 -0.197414 -0.00324254 -0.000572213 0.39044 -0.249951 -0.001248 -0.200847 0.00133516 0.000190738 0.392729 -0.249621 0.000448977 
23 -0.00705719 0.00896454 -1.06069 -1.6438 1.54669 -1.41775 -1.57301 1.69683 0.0688563 1.59934 0.000953689 -0.197414 -0.00324254 -0.000572213 0.39044 -0.249951 -0.001248 -0.200847 0.00133516 0.000190738 0.392729 -0.249621 0.000448977 
23 -0.00705719 0.00896454 -1.06069 -1.6438 1.54669 -1.41775 -1.57378 1.69683 0.0688563 1.60201 0.000953689 -0.197414 -0.00324254 -0.000572213 0.39044 -0.249951 -0.001248 -0.200847 0.00133516 0.000190738 0.392729 -0.249621 0.000448977 
23 -0.00705719 0.00896454 -1.06069 -1.6438 1.54669 -1.41775 -1.57416 1.69683 0.0688563 1.60544 0.000953689 -0.197414 -0.00324254 -0.000572213 0.39044 -0.249951 -0.001248 -0.201228 0.00133516 0.000190738 0.392729 -0.249621 0.000448977 
23 -0.00705719 0.00896454 -1.06069 -1.6438 1.54669 -1.41775 -1.57492 1.69683 0.0688563 1.60773 0.000953689 -0.197414 -0.00324254 -0.000572213 0.39044 -0.249951 -0.001248 -0.200847 0.00133516 0.000190738 0.392729 -0.249621 0.000448977 
23 -0.00705719 0.00896454 -1.06069 -1.6438 1.54669 -1.41775 -1.5753 1.69683 0.0688563 1.61078 0.000953689 -0.197414 -0.00324254 -0.000572213 0.39044 -0.249951 -0.001248 -0.200847 0.00133516 0.000190738 0.392729 -0.249621 0.000448977 
23 -0.00705719 0.00896454 -1.06069 -1.6438 1.54669 -1.41775 -1.57607 1.69683 0.0688563 1.61345 0.000953689 -0.197414 -0.00324254 -0.000572213 0.39044 -0.249951 -0.001248 -0.200847 0.00133516 0.000190738 0.392729 -0.249621 0.000448977 
23 -0.00705719 0.00896454 -1.06069 -1.6438 1.54669 -1.41775 -1.57645 1.69683 0.0688563 1.6165 0.000953689 -0.197414 -0.00324254 -0.000572213 0.39044 -0.249951 -0.001248 -0.201228 0.00133516 0.000190738 0.392729 -0.249621 0.000448977 
23 -0.00705719 0.00896454 -1.06069 -1.6438 1.54669 -1.41775 -1.57683 1.69683 0.0688563 1.61917 0.000953689 -0.197414 -0.00324254 -0.000572213 0.39044 -0.249951 -0.001248 -0.200847 0.00133516 0.000190738 0.392729 -0.249621 0.000448977 
23 -0.00705719 0.00896454 -1.06069 -1.6438 1.54669 -1.41775 -1.57721 1.69683 0.0688563 1.62184 0.000953689 -0.197414 -0.00324254 -0.000572213 0.39044 -0.249951 -0.001248 -0.200847 0.00133516 0.000190738 0.392729 -0.249621 0.000448977 
23 -0.00705719 0.00896454 -1.06069 -1.6438 1.54669 -1.41775 -1.57759 1.69683 0.0688563 1.6249 0.000953689 -0.197414 -0.00324254 -0.000572213 0.39044 -0.249951 -0.001248 -0.200847 0.00133516 0.000190738 0.392729 -0.249621 0.000448977 
23 -0.00743866 0.00896454 -1.06069 -1.6438 1.54669 -1.41775 -1.57797 1.69721 0.0688563 1.62757 0.000953689 -0.197414 -0.00324254 -0.000572213 0.39044 -0.249951 -0.001248 -0.200847 0.00133516 0.000190738 0.392729 -0.249621 0.000448977 
23 -0.00705719 0.00896454 -1.06069 -1.6438 1.54669 -1.41775 -1.57836 1.69721 0.0688563 1.63062 0.000953689 -0.197414 -0.00324254 -0.000572213 0.39044 -0.249951 -0.001248 -0.200847 0.00133516 0.000190738 0.392729 -0.249621 0.000448977 
23 -0.00705719 0.00896454 -1.06069 -1.6438 1.54669 -1.41775 -1.57874 1.69721 0.0688563 1.63291 0.000572213 -0.197414 -0.00324254 -0.000572213 0.39044 -0.249951 -0.001248 -0.200847 0.00133516 0.000190738 0.392729 -0.249621 0.000448977 
23 -0.00705719 0.00896454 -1.06069 -1.6438 1.54669 -1.41775 -1.57912 1.69721 0.0688563 1.63596 0.000572213 -0.197414 -0.00324254 -0.000572213 0.39044 -0.249951 -0.001248 -0.200847 0.00133516 0.000190738 0.392729 -0.249621 0.000448977 
23 -0.00705719 0.00896454 -1.06069 -1.6438 1.54669 -1.41775 -1.5795 1.69721 0.0688563 1.63863 0.000572213 -0.197414 -0.00324254 -0.000572213 0.39044 -0.249951 -0.001248 -0.200847 0.00133516 0.000190738 0.392729 -0.249621 0.000448977 
23 -0.00705719 0.00896454 -1.06069 -1.6438 1.54669 -1.41775 -1.57988 1.69721 0.0688563 1.6413 0.000572213 -0.197414 -0.00324254 -0.000572213 0.39044 -0.249951 -0.001248 -0.200847 0.00133516 0.000190738 0.392729 -0.249621 0.000448977 
23 -0.00705719 0.00896454 -1.06069 -1.6438 1.54669 -1.41775 -1.58026 1.69721 0.0688563 1.64397 0.000572213 -0.197414 -0.00324254 -0.000572213 0.39044 -0.249951 -0.001248 -0.200847 0.00133516 0.000190738 0.392729 -0.249621 0.000448977 
23 -0.00705719 0.00896454 -1.06069 -1.6438 1.54669 -1.41775 -1.58103 1.69721 0.0688563 1.64626 0.000572213 -0.197414 -0.00324254 -0.000572213 0.39044 -0.249951 -0.001248 -0.200847 0.00133516 0.000190738 0.392729 -0.249621 0.000448977 
23 -0.00705719 0.00896454 -1.06069 -1.6438 1.54669 -1.41775 -1.58141 1.69721 0.0688563 1.64931 0.000572213 -0.197414 -0.00324254 -0.000572213 0.39044 -0.249951 -0.001248 -0.200847 0.00133516 0.000190738 0.392729 -0.249621 0.000448977 
23 -0.00705719 0.00896454 -1.06069 -1.6438 1.54669 -1.41775 -1.58179 1.69721 0.0688563 1.6516 0.000572213 -0.197414 -0.00324254 -0.000572213 0.39044 -0.249951 -0.001248 -0.200847 0.00133516 0.000190738 0.392729 -0.249621 0.000448977 
23 -0.00705719 0.00896454 -1.06069 -1.6438 1.54669 -1.41775 -1.58179 1.69721 0.0688563 1.65465 0.000572213 -0.197414 -0.00324254 -0.000572213 0.39044 -0.249951 -0.001248 -0.200847 0.00133516 0.000190738 0.392729 -0.249621 0.000448977 
23 -0.00705719 0.00896454 -1.06069 -1.6438 1.54669 -1.41775 -1.58217 1.69721 0.0688563 1.65694 0.000572213 -0.197414 -0.00324254 -0.000572213 0.39044 -0.249951 -0.001248 -0.200847 0.00133516 0.000190738 0.392729 -0.249621 0.000448977 
23 -0.00705719 0.00896454 -1.06069 -1.6438 1.54669 -1.41775 -1.58255 1.69721 0.0688563 1.65923 0.000572213 -0.197414 -0.00324254 -0.000572213 0.39044 -0.249951 -0.001248 -0.200847 0.00133516 0.000190738 0.392729 -0.249621 0.000448977 
23 -0.00705719 0.00896454 -1.06069 -1.6438 1.54669 -1.41775 -1.58255 1.69759 0.0688563 1.66228 0.000572213 -0.197414 -0.00324254 -0.000572213 0.39044 -0.249951 -0.001248 -0.200847 0.00133516 0.000190738 0.392729 -0.249621 0.000448977 
23 -0.00705719 0.00896454 -1.06069 -1.6438 1.54669 -1.41775 -1.58293 1.69759 0.0688563 1.66457 0.000572213 -0.197414 -0.00324254 -0.000572213 0.39044 -0.250115 -0.00164817 -0.200847 0.00133516 0.000190738 0.392729 -0.249621 0.000448977 
23 -0.00705719 0.00896454 -1.06069 -1.6438 1.54669 -1.41775 -1.58293 1.69759 0.0688563 1.66762 0.000572213 -0.197414 -0.00324254 -0.000572213 0.39044 -0.250115 -0.00164773 -0.200847 0.00133516 0.000190738 0.392729 -0.249621 0.000448977 
23 -0.00705719 0.00896454 -1.06069 -1.6438 1.54669 -1.41775 -1.58331 1.69759 0.0688563 1.66991 0.000953689 -0.197414 -0.00324254 -0.000572213 0.39044 -0.250115 -0.00164773 -0.200847 0.00133516 0.000190738 0.392729 -0.249621 0.000448977 
23 -0.00705719 0.00896454 -1.06069 -1.6438 1.54669 -1.41775 -1.58331 1.69759 0.0688563 1.6722 0.000953689 -0.197414 -0.00324254 -0.000572213 0.39044 -0.250115 -0.00164773 -0.200847 0.00133516 0.000190738 0.392729 -0.249621 0.000448977 
23 -0.00705719 0.00896454 -1.06069 -1.6438 1.54669 -1.41775 -1.5837 1.69759 0.0688563 1.67487 0.000953689 -0.197414 -0.00324254 -0.000572213 0.39044 -0.250115 -0.00164773 -0.200847 0.00133516 0.000190738 0.392729 -0.249621 0.000448977 
23 -0.00705719 0.00896454 -1.06069 -1.6438 1.54669 -1.41775 -1.5837 1.69759 0.0688563 1.67678 0.000953689 -0.197414 -0.00324254 -0.000572213 0.39044 -0.250115 -0.00164773 -0.200847 0.00133516 0.000190738 0.392729 -0.249621 0.000448977 
23 -0.00705719 0.00896454 -1.06069 -1.6438 1.54669 -1.41775 -1.58408 1.69759 0.0688563 1.67983 0.000953689 -0.197414 -0.00324254 -0.000572213 0.39044 -0.250115 -0.00164773 -0.201228 0.00133516 0.000190738 0.392729 -0.249621 0.000448977 
23 -0.00743866 0.00896454 -1.06069 -1.6438 1.54669 -1.41775 -1.58408 1.69759 0.0688563 1.68212 0.000953689 -0.197414 -0.00324254 -0.000572213 0.39044 -0.250115 -0.00164773 -0.200847 0.00133516 0.000190738 0.392729 -0.249621 0.000448977 
23 -0.00705719 0.00896454 -1.06069 -1.6438 1.54669 -1.41775 -1.58408 1.69759 0.0688563 1.68402 0.000953689 -0.197414 -0.00324254 -0.000572213 0.39044 -0.250115 -0.00164773 -0.200847 0.00133516 0.000190738 0.392729 -0.249621 0.000448977 
23 -0.00705719 0.00896454 -1.06069 -1.6438 1.54669 -1.41775 -1.58446 1.69759 0.0688563 1.68669 0.000953689 -0.197414 -0.00324254 -0.000572213 0.39044 -0.250115 -0.00164773 -0.200847 0.00133516 0.000190738 0.392729 -0.249621 0.000448977 
23 -0.00705719 0.00896454 -1.06069 -1.6438 1.54669 -1.41775 -1.58446 1.69759 0.0688563 1.68898 0.000953689 -0.197414 -0.00324254 -0.000572213 0.39044 -0.249951 -0.00124844 -0.200847 0.00133516 0.000190738 0.392729 -0.249621 0.000448977 
23 -0.00705719 0.00896454 -1.06069 -1.6438 1.54669 -1.41775 -1.58446 1.69759 0.0688563 1.69165 0.000953689 -0.197414 -0.00324254 -0.000572213 0.39044 -0.250115 -0.00164817 -0.200847 0.00133516 0.000190738 0.392729 -0.249621 0.000448977 
23 -0.00743866 0.00896454 -1.06069 -1.6438 1.54669 -1.41775 -1.58484 1.69759 0.0688563 1.69394 0.000953689 -0.197414 -0.00324254 -0.000572213 0.39044 -0.249951 -0.00124844 -0.200847 0.00133516 0.000190738 0.392729 -0.249621 0.000448977 
23 -0.00705719 0.00896454 -1.06069 -1.6438 1.54669 -1.41775 -1.58484 1.69759 0.0688563 1.69585 0.000953689 -0.197414 -0.00324254 -0.000572213 0.39044 -0.250115 -0.00164817 -0.200847 0.00133516 0.000190738 0.392729 -0.249621 0.000448977 
23 -0.00705719 0.00896454 -1.06069 -1.6438 1.54669 -1.41775 -1.58484 1.69759 0.0688563 1.69852 0.000953689 -0.197414 -0.00324254 -0.000572213 0.39044 -0.250115 -0.00164773 -0.200847 0.00133516 0.000190738 0.392729 -0.249621 0.000448977 
23 -0.00705719 0.00896454 -1.06069 -1.6438 1.54669 -1.41775 -1.58484 1.69759 0.0688563 1.70043 0.000953689 -0.197414 -0.00324254 -0.000572213 0.39044 -0.250115 -0.00164773 -0.200847 0.00133516 0.000190738 0.392729 -0.249621 0.000448977 
23 -0.00705719 0.00896454 -1.06069 -1.6438 1.54669 -1.41775 -1.58484 1.69759 0.0688563 1.70233 0.000953689 -0.197414 -0.00324254 -0.000572213 0.39044 -0.250115 -0.00164773 -0.200847 0.00133516 0.000190738 0.392729 -0.249621 0.000448977 
23 -0.00705719 0.00896454 -1.06069 -1.6438 1.54669 -1.41775 -1.58484 1.69759 0.0688563 1.70539 0.000953689 -0.197414 -0.00324254 -0.000572213 0.39044 -0.250115 -0.00164773 -0.200847 0.00133516 0.000190738 0.392729 -0.249621 0.000448977 
23 -0.00705719 0.00896454 -1.06069 -1.6438 1.54669 -1.41775 -1.58484 1.69759 0.0688563 1.70691 0.000953689 -0.197414 -0.00324254 -0.000572213 0.39044 -0.249951 -0.00124844 -0.200847 0.00133516 0.000190738 0.392729 -0.249621 0.000448977 
23 -0.00705719 0.00896454 -1.06069 -1.6438 1.54669 -1.41775 -1.58484 1.69759 0.0688563 1.70882 0.000953689 -0.197414 -0.00324254 -0.000572213 0.39044 -0.249951 -0.001248 -0.200847 0.00133516 0.000190738 0.392729 -0.249621 0.000448977 
23 -0.00705719 0.00896454 -1.06069 -1.6438 1.54669 -1.41775 -1.58484 1.69759 0.0688563 1.71149 0.000953689 -0.197414 -0.00324254 -0.000572213 0.39044 -0.249951 -0.001248 -0.200847 0.00133516 0.000190738 0.392729 -0.249621 0.000448977 
23 -0.00705719 0.00896454 -1.06069 -1.6438 1.54669 -1.41775 -1.58484 1.69759 0.0688563 1.7134 0.000953689 -0.197414 -0.00324254 -0.000572213 0.39044 -0.249951 -0.001248 -0.200847 0.00133516 0.000190738 0.392729 -0.249621 0.000448977 
23 -0.00705719 0.00896454 -1.06069 -1.6438 1.54669 -1.41775 -1.58484 1.69759 0.0688563 1.71492 0.000953689 -0.197414 -0.00324254 -0.000572213 0.39044 -0.250115 -0.00164817 -0.200847 0.00133516 0.000190738 0.392729 -0.249621 0.000448977 
23 -0.00705719 0.00896454 -1.06069 -1.6438 1.54669 -1.41775 -1.58484 1.69759 0.0688563 1.71759 0.000953689 -0.197414 -0.00324254 -0.000572213 0.39044 -0.250115 -0.00164773 -0.200847 0.00133516 0.000190738 0.392729 -0.249621 0.000448977 
23 -0.00705719 0.00896454 -1.06069 -1.6438 1.54669 -1.41775 -1.58484 1.69759 0.0688563 1.7195 0.000953689 -0.197414 -0.00324254 -0.000572213 0.39044 -0.249951 -0.00124844 -0.201228 0.00133516 0.000190738 0.392729 -0.249621 0.000448977 
23 -0.00705719 0.00896454 -1.06069 -1.6438 1.54669 -1.41775 -1.58484 1.69759 0.0688563 1.72103 0.000953689 -0.197414 -0.00324254 -0.000572213 0.39044 -0.250115 -0.00164817 -0.200847 0.00133516 0.000190738 0.392729 -0.249621 0.000448977 
23 -0.00705719 0.00896454 -1.06069 -1.6438 1.54669 -1.41775 -1.58484 1.69759 0.0688563 1.72332 0.000953689 -0.197414 -0.00324254 -0.000572213 0.39044 -0.249951 -0.00124844 -0.200847 0.00133516 0.000190738 0.392729 -0.249621 0.000448977 
23 -0.00705719 0.00896454 -1.06069 -1.6438 1.54669 -1.41775 -1.58484 1.69759 0.0688563 1.72484 0.000953689 -0.197414 -0.00324254 -0.000572213 0.39044 -0.250115 -0.00164817 -0.201228 0.00133516 0.000190738 0.392729 -0.249621 0.000448977 
23 -0.00705719 0.00896454 -1.06069 -1.6438 1.54669 -1.41775 -1.58484 1.69759 0.0688563 1.72675 0.000953689 -0.197414 -0.00324254 -0.000572213 0.39044 -0.249951 -0.00124844 -0.200847 0.00133516 0.000190738 0.392729 -0.249621 0.000448977 
23 -0.00705719 0.00896454 -1.06069 -1.6438 1.54669 -1.41775 -1.58484 1.69759 0.0688563 1.72866 0.000953689 -0.197414 -0.00324254 -0.000572213 0.39044 -0.249951 -0.001248 -0.201228 0.00133516 0.000190738 0.392729 -0.249621 0.000448977 
23 -0.00705719 0.00896454 -1.06069 -1.6438 1.54669 -1.41775 -1.58484 1.69759 0.0688563 1.73095 0.000953689 -0.197414 -0.00324254 -0.000572213 0.39044 -0.249951 -0.001248 -0.200847 0.00133516 0.000190738 0.392729 -0.249621 0.000448977 
23 -0.00705719 0.00896454 -1.06069 -1.6438 1.54669 -1.41775 -1.58484 1.69759 0.0688563 1.73247 0.000953689 -0.197414 -0.00324254 -0.000572213 0.39044 -0.249951 -0.001248 -0.201228 0.00133516 0.000190738 0.392729 -0.249621 0.000448977 
23 -0.00705719 0.00896454 -1.06069 -1.6438 1.54669 -1.41775 -1.58484 1.69759 0.0688563 1.73362 0.000953689 -0.197414 -0.00324254 -0.000572213 0.39044 -0.249951 -0.001248 -0.200847 0.00133516 0.000190738 0.392729 -0.249621 0.000448977 
23 -0.00743866 0.00896454 -1.06069 -1.6438 1.54669 -1.41775 -1.58484 1.69759 0.0688563 1.7359 0.000953689 -0.197414 -0.00324254 -0.000572213 0.39044 -0.249951 -0.001248 -0.200847 0.00133516 0.000190738 0.392729 -0.249621 0.000448977 
23 -0.00705719 0.00896454 -1.06069 -1.6438 1.54669 -1.41775 -1.58484 1.69759 0.0688563 1.73743 0.000953689 -0.197414 -0.00324254 -0.000572213 0.39044 -0.249951 -0.001248 -0.200847 0.00133516 0.000190738 0.392729 -0.249621 0.000448977 
23 -0.00705719 0.00896454 -1.06069 -1.6438 1.54669 -1.41775 -1.58484 1.69759 0.0688563 1.73857 0.000953689 -0.197414 -0.00324254 -0.000572213 0.39044 -0.249951 -0.001248 -0.200847 0.00133516 0.000190738 0.392729 -0.249621 0.000448977 
23 -0.00705719 0.00896454 -1.06069 -1.6438 1.54669 -1.41775 -1.58484 1.69759 0.0688563 1.7401 0.000953689 -0.197414 -0.00324254 -0.000572213 0.39044 -0.249951 -0.001248 -0.201228 0.00133516 0.000190738 0.392729 -0.249621 0.000448977 
23 -0.00705719 0.00896454 -1.06069 -1.6438 1.54669 -1.41775 -1.58446 1.69759 0.0688563 1.74239 0.000953689 -0.197414 -0.00324254 -0.000572213 0.39044 -0.249951 -0.001248 -0.201228 0.00133516 0.000190738 0.392729 -0.249621 0.000448977 
23 -0.00705719 0.00896454 -1.06069 -1.6438 1.54669 -1.41775 -1.58446 1.69759 0.0688563 1.74353 0.000953689 -0.197414 -0.00324254 -0.000572213 0.39044 -0.249951 -0.001248 -0.200847 0.00133516 0.000190738 0.392729 -0.249621 0.000448977 
23 -0.00705719 0.00896454 -1.06069 -1.6438 1.54669 -1.41775 -1.58446 1.69759 0.0688563 1.74506 0.000953689 -0.197414 -0.00324254 -0.000572213 0.39044 -0.249951 -0.001248 -0.200847 0.00133516 0.000190738 0.392729 -0.249621 0.000448977 
23 -0.00705719 0.00896454 -1.06069 -1.6438 1.54669 -1.41775 -1.58446 1.69759 0.0688563 1.7462 0.000953689 -0.197414 -0.00324254 -0.000572213 0.39044 -0.249951 -0.001248 -0.200847 0.00133516 0.000190738 0.392729 -0.249621 0.000448977 
23 -0.00705719 0.00896454 -1.06069 -1.6438 1.54669 -1.41775 -1.58446 1.69759 0.0688563 1.74773 0.000953689 -0.197414 -0.00324254 -0.000572213 0.39044 -0.249951 -0.001248 -0.201228 0.00133516 0.000190738 0.392729 -0.249621 0.000448977 
23 -0.00743866 0.00896454 -1.06069 -1.6438 1.54669 -1.41775 -1.58446 1.69759 0.0688563 1.74926 0.000953689 -0.197414 -0.00324254 -0.000572213 0.39044 -0.249951 -0.001248 -0.201228 0.00133516 0.000190738 0.392729 -0.249621 0.000448977 
23 -0.00705719 0.00896454 -1.06069 -1.6438 1.54669 -1.41775 -1.58446 1.69759 0.0688563 1.7504 0.000953689 -0.197414 -0.00324254 -0.000572213 0.39044 -0.249951 -0.001248 -0.200847 0.00133516 0.000190738 0.392729 -0.249621 0.000448977 
23 -0.00705719 0.00896454 -1.06069 -1.6438 1.54669 -1.41775 -1.58408 1.69759 0.0688563 1.75154 0.000953689 -0.197414 -0.00324254 -0.000572213 0.39044 -0.249951 -0.001248 -0.201228 0.00133516 0.000190738 0.392729 -0.249621 0.000448977 
23 -0.00705719 0.00896454 -1.06069 -1.6438 1.54669 -1.41775 -1.58408 1.69759 0.0688563 1.75269 0.000953689 -0.197414 -0.00324254 -0.000572213 0.39044 -0.249951 -0.001248 -0.201228 0.00133516 0.000190738 0.392729 -0.249621 0.000448977 
23 -0.00705719 0.00896454 -1.06069 -1.6438 1.54669 -1.41775 -1.58408 1.69759 0.0688563 1.75422 0.000953689 -0.197414 -0.00324254 -0.000572213 0.39044 -0.250115 -0.00164817 -0.201228 0.00133516 0.000190738 0.392729 -0.249621 0.000448977 
23 -0.00705719 0.00896454 -1.06069 -1.6438 1.54669 -1.41775 -1.58408 1.69759 0.0688563 1.75574 0.000953689 -0.197414 -0.00324254 -0.000572213 0.39044 -0.250115 -0.00164773 -0.201228 0.00133516 0.000190738 0.392729 -0.249621 0.000448977 
23 -0.00705719 0.00896454 -1.06069 -1.6438 1.54669 -1.41775 -1.58408 1.69759 0.0688563 1.75689 0.000953689 -0.197414 -0.00324254 -0.000572213 0.39044 -0.250115 -0.00164773 -0.201228 0.00133516 0.000190738 0.392729 -0.249621 0.000448977 
23 -0.00705719 0.00896454 -1.06069 -1.6438 1.54669 -1.41775 -1.5837 1.69759 0.0688563 1.75765 0.000953689 -0.197414 -0.00324254 -0.000572213 0.39044 -0.249951 -0.00124844 -0.201228 0.00133516 0.000190738 0.392729 -0.249621 0.000448977 
23 -0.00705719 0.00896454 -1.06069 -1.6438 1.54669 -1.41775 -1.5837 1.69759 0.0688563 1.75841 0.000953689 -0.197414 -0.00324254 -0.000572213 0.39044 -0.249951 -0.001248 -0.200847 0.00133516 0.000190738 0.392729 -0.249621 0.000448977 
23 -0.00705719 0.00896454 -1.06069 -1.6438 1.54669 -1.41775 -1.5837 1.69759 0.0688563 1.75956 0.000953689 -0.197414 -0.00324254 -0.000572213 0.39044 -0.250115 -0.00164817 -0.200847 0.00133516 0.000190738 0.392729 -0.249621 0.000448977 
23 -0.00705719 0.00896454 -1.06069 -1.6438 1.54669 -1.41775 -1.5837 1.69759 0.0688563 1.7607 0.000953689 -0.197414 -0.00324254 -0.000572213 0.39044 -0.250115 -0.00164773 -0.200847 0.00133516 0.000190738 0.392729 -0.249621 0.000448977 
23 -0.00705719 0.00896454 -1.06069 -1.6438 1.54669 -1.41775 -1.58331 1.69759 0.0688563 1.76146 0.000953689 -0.197414 -0.00324254 -0.000572213 0.39044 -0.250115 -0.00164773 -0.200847 0.00133516 0.000190738 0.392729 -0.249621 0.000448977 
23 -0.00743866 0.00896454 -1.06069 -1.6438 1.54669 -1.41775 -1.58331 1.69759 0.0688563 1.76223 0.000953689 -0.197414 -0.00324254 -0.000572213 0.39044 -0.250115 -0.00164773 -0.200847 0.00133516 0.000190738 0.392729 -0.249621 0.000448977 
23 -0.00705719 0.00896454 -1.06069 -1.6438 1.54669 -1.41775 -1.58331 1.69759 0.0688563 1.76299 0.000953689 -0.197414 -0.00324254 -0.000572213 0.39044 -0.250115 -0.00164773 -0.200847 0.00133516 0.000190738 0.392729 -0.249621 0.000448977 
23 -0.00705719 0.00896454 -1.06069 -1.6438 1.54669 -1.41775 -1.58293 1.69759 0.0688563 1.76375 0.000953689 -0.197414 -0.00324254 -0.000572213 0.39044 -0.249951 -0.00124844 -0.200847 0.00133516 0.000190738 0.392729 -0.249621 0.000448977 
23 -0.00705719 0.00896454 -1.06069 -1.6438 1.54669 -1.41775 -1.58293 1.69759 0.0688563 1.7649 0.000953689 -0.197414 -0.00324254 -0.000572213 0.39044 -0.249951 -0.001248 -0.200847 0.00133516 0.000190738 0.392729 -0.249621 0.000448977 
23 -0.00743866 0.00896454 -1.06069 -1.6438 1.54669 -1.41775 -1.58293 1.69759 0.0688563 1.76566 0.000953689 -0.197414 -0.00324254 -0.000572213 0.39044 -0.249951 -0.001248 -0.200847 0.00133516 0.000190738 0.392729 -0.249621 0.000448977 
23 -0.00743866 0.00896454 -1.06069 -1.6438 1.54669 -1.41775 -1.58255 1.69759 0.0688563 1.7668 0.000953689 -0.197414 -0.00324254 -0.000572213 0.39044 -0.250115 -0.00164817 -0.200847 0.00133516 0.000190738 0.392729 -0.249621 0.000448977 
23 -0.00705719 0.00896454 -1.06069 -1.6438 1.54669 -1.41775 -1.58255 1.69759 0.0688563 1.76757 0.000953689 -0.197414 -0.00324254 -0.000572213 0.39044 -0.250115 -0.00164773 -0.200847 0.00133516 0.000190738 0.392729 -0.249621 0.000448977 
23 -0.00743866 0.00896454 -1.06069 -1.6438 1.54669 -1.41775 -1.58255 1.69759 0.0688563 1.76795 0.000953689 -0.197414 -0.00324254 -0.000572213 0.39044 -0.250115 -0.00164773 -0.201228 0.00133516 0.000190738 0.392729 -0.249621 0.000448977 
23 -0.00705719 0.00896454 -1.06069 -1.6438 1.54669 -1.41775 -1.58217 1.69759 0.0688563 1.76871 0.000953689 -0.197414 -0.00324254 -0.000572213 0.39044 -0.250115 -0.00164773 -0.200847 0.00133516 0.000190738 0.392729 -0.249621 0.000448977 
23 -0.00705719 0.00896454 -1.06069 -1.6438 1.54669 -1.41775 -1.58217 1.69759 0.0688563 1.76909 0.000953689 -0.197414 -0.00324254 -0.000572213 0.39044 -0.250115 -0.00164773 -0.200847 0.00133516 0.000190738 0.392729 -0.249621 0.000448977 
23 -0.00705719 0.00896454 -1.06069 -1.6438 1.54669 -1.41775 -1.58217 1.69759 0.0688563 1.76947 0.000953689 -0.197414 -0.00324254 -0.000572213 0.39044 -0.250115 -0.00164773 -0.201228 0.00133516 0.000190738 0.392729 -0.249621 0.000448977 
23 -0.00705719 0.00896454 -1.06069 -1.6438 1.54669 -1.41775 -1.58179 1.69759 0.0688563 1.76986 0.000953689 -0.197414 -0.00324254 -0.000572213 0.39044 -0.250115 -0.00164773 -0.201228 0.00133516 0.000190738 0.392729 -0.249621 0.000448977 
23 -0.00705719 0.00896454 -1.06069 -1.6438 1.54669 -1.41775 -1.58179 1.69759 0.0688563 1.77024 0.000953689 -0.197414 -0.00324254 -0.000572213 0.39044 -0.250115 -0.00164773 -0.201228 0.00133516 0.000190738 0.392729 -0.249621 0.000448977 
23 -0.00705719 0.00896454 -1.06069 -1.6438 1.54669 -1.41775 -1.58141 1.69759 0.0688563 1.77024 0.000953689 -0.197414 -0.00324254 -0.000572213 0.39044 -0.250115 -0.00164773 -0.201228 0.00133516 0.000190738 0.392729 -0.249621 0.000448977 
23 -0.00705719 0.00896454 -1.06069 -1.6438 1.54669 -1.41775 -1.58141 1.69759 0.0688563 1.77062 0.000953689 -0.197414 -0.00324254 -0.000572213 0.39044 -0.249951 -0.00124844 -0.201228 0.00133516 0.000190738 0.392729 -0.249621 0.000448977 
23 -0.00705719 0.00896454 -1.06069 -1.6438 1.54669 -1.41775 -1.58103 1.69759 0.0688563 1.77062 0.000953689 -0.197414 -0.00324254 -0.000572213 0.39044 -0.250115 -0.00164817 -0.200847 0.00133516 0.000190738 0.392729 -0.249621 0.000448977 
23 -0.00705719 0.00896454 -1.06069 -1.6438 1.54669 -1.41775 -1.58103 1.69759 0.0688563 1.771 0.000953689 -0.197414 -0.00324254 -0.000572213 0.39044 -0.249951 -0.00124844 -0.200847 0.00133516 0.000190738 0.392729 -0.249621 0.000448977 
23 -0.00705719 0.00896454 -1.06069 -1.6438 1.54669 -1.41775 -1.58064 1.69759 0.0688563 1.771 0.000953689 -0.197414 -0.00324254 -0.000572213 0.39044 -0.250115 -0.00164817 -0.200847 0.00133516 0.000190738 0.392729 -0.249621 0.000448977 
23 -0.00705719 0.00896454 -1.06069 -1.6438 1.54669 -1.41775 -1.58026 1.69759 0.0688563 1.771 0.000953689 -0.197414 -0.00324254 -0.000572213 0.39044 -0.250115 -0.00164773 -0.201228 0.00133516 0.000190738 0.392729 -0.249621 0.000448977 
23 -0.00705719 0.00896454 -1.06069 -1.6438 1.54669 -1.41775 -1.58026 1.69759 0.0688563 1.771 0.000953689 -0.197414 -0.00324254 -0.000572213 0.39044 -0.250115 -0.00164773 -0.201228 0.00133516 0.000190738 0.392729 -0.249621 0.000448977 
23 -0.00743866 0.00896454 -1.06069 -1.6438 1.54669 -1.41775 -1.57988 1.69759 0.0688563 1.77062 0.000953689 -0.197414 -0.00324254 -0.000572213 0.39044 -0.250115 -0.00164773 -0.200847 0.00133516 0.000190738 0.392729 -0.249621 0.000448977 
23 -0.00705719 0.00896454 -1.06069 -1.6438 1.54669 -1.41775 -1.5795 1.69759 0.0688563 1.77062 0.000953689 -0.197414 -0.00324254 -0.000572213 0.39044 -0.250115 -0.00164773 -0.200847 0.00133516 0.000190738 0.392729 -0.249621 0.000448977 
23 -0.00705719 0.00896454 -1.06069 -1.6438 1.54669 -1.41775 -1.57912 1.69759 0.0688563 1.77024 0.000953689 -0.197414 -0.00324254 -0.000572213 0.39044 -0.250115 -0.00164773 -0.200847 0.00133516 0.000190738 0.392729 -0.249621 0.000448977 
23 -0.00705719 0.00896454 -1.06069 -1.6438 1.54669 -1.41775 -1.57874 1.69759 0.0688563 1.77024 0.000953689 -0.197414 -0.00324254 -0.000572213 0.39044 -0.250115 -0.00164773 -0.201228 0.00133516 0.000190738 0.392729 -0.249621 0.000448977 
23 -0.00705719 0.00896454 -1.06069 -1.6438 1.54669 -1.41775 -1.57874 1.69759 0.0688563 1.76986 0.000953689 -0.197414 -0.00324254 -0.000572213 0.39044 -0.250115 -0.00164773 -0.200847 0.00133516 0.000190738 0.392729 -0.249621 0.000448977 
23 -0.00743866 0.00896454 -1.06069 -1.6438 1.54669 -1.41775 -1.57836 1.69721 0.0688563 1.76947 0.000572213 -0.197414 -0.00324254 -0.000572213 0.39044 -0.250115 -0.00164773 -0.200847 0.00133516 0.000190738 0.392729 -0.249621 0.000448977 
23 -0.00743866 0.00896454 -1.06069 -1.6438 1.54669 -1.41775 -1.57797 1.69721 0.0688563 1.76909 0.000572213 -0.197414 -0.00324254 -0.000572213 0.39044 -0.250115 -0.00164773 -0.200847 0.00133516 0.000190738 0.392729 -0.249621 0.000448977 
23 -0.00705719 0.00896454 -1.06069 -1.6438 1.54669 -1.41775 -1.57759 1.69721 0.0688563 1.76871 0.000572213 -0.197414 -0.00324254 -0.000572213 0.39044 -0.250115 -0.00164773 -0.200847 0.00133516 0.000190738 0.392729 -0.249621 0.000448977 
23 -0.00743866 0.00896454 -1.06069 -1.6438 1.54669 -1.41775 -1.57721 1.69721 0.0688563 1.76833 0.000572213 -0.197414 -0.00324254 -0.000572213 0.39044 -0.250115 -0.00164773 -0.200847 0.00133516 0.000190738 0.392729 -0.249621 0.000448977 
23 -0.00705719 0.00896454 -1.06069 -1.6438 1.54669 -1.41775 -1.57683 1.69721 0.0688563 1.76757 0.000572213 -0.197414 -0.00324254 -0.000572213 0.39044 -0.250115 -0.00164773 -0.200847 0.00133516 0.000190738 0.392729 -0.249621 0.000448977 
23 -0.00705719 0.00896454 -1.06069 -1.6438 1.54669 -1.41775 -1.57683 1.69721 0.0688563 1.76719 0.000572213 -0.197414 -0.00324254 -0.000572213 0.39044 -0.250115 -0.00164773 -0.200847 0.00133516 0.000190738 0.392729 -0.249621 0.000448977 
23 -0.00743866 0.00896454 -1.06069 -1.6438 1.54669 -1.41775 -1.57645 1.69721 0.0688563 1.76604 0.000572213 -0.197414 -0.00324254 -0.000572213 0.39044 -0.250115 -0.00164773 -0.200847 0.00133516 0.000190738 0.392729 -0.249621 0.000448977 
23 -0.00705719 0.00896454 -1.06069 -1.6438 1.54669 -1.41775 -1.57607 1.69721 0.0688563 1.76528 0.000572213 -0.197414 -0.00324254 -0.000572213 0.39044 -0.250115 -0.00164773 -0.200847 0.00133516 0.000190738 0.392729 -0.249621 0.000448977 
23 -0.00705719 0.00896454 -1.06069 -1.6438 1.54669 -1.41775 -1.57568 1.69721 0.0688563 1.76413 0.000572213 -0.197414 -0.00324254 -0.000572213 0.39044 -0.250115 -0.00164773 -0.201228 0.00133516 0.000190738 0.392729 -0.249621 0.000448977 
23 -0.00743866 0.00896454 -1.06069 -1.6438 1.54669 -1.41775 -1.5753 1.69721 0.0688563 1.76337 0.000572213 -0.197414 -0.00324254 -0.000572213 0.39044 -0.250115 -0.00164773 -0.200847 0.00133516 0.000190738 0.392729 -0.249621 0.000448977 
23 -0.00705719 0.00896454 -1.06069 -1.6438 1.54669 -1.41775 -1.57454 1.69721 0.0688563 1.76261 0.000572213 -0.197414 -0.00324254 -0.000572213 0.39044 -0.250115 -0.00164773 -0.200847 0.00133516 0.000190738 0.392729 -0.249621 0.000448977 
23 -0.00705719 0.00896454 -1.06069 -1.6438 1.54669 -1.41775 -1.57416 1.69721 0.0688563 1.76184 0.000572213 -0.197414 -0.00324254 -0.000572213 0.39044 -0.250115 -0.00164773 -0.200847 0.00133516 0.000190738 0.392729 -0.249621 0.000448977 
23 -0.00705719 0.00896454 -1.06069 -1.6438 1.54669 -1.41775 -1.5734 1.69721 0.0688563 1.76108 0.000572213 -0.197414 -0.00324254 -0.000572213 0.39044 -0.250115 -0.00164773 -0.200847 0.00133516 0.000190738 0.392729 -0.249621 0.000448977 
23 -0.00705719 0.00896454 -1.06069 -1.6438 1.54669 -1.41775 -1.57301 1.69721 0.0688563 1.75994 0.000572213 -0.197414 -0.00324254 -0.000572213 0.39044 -0.250115 -0.00164773 -0.200847 0.00133516 0.000190738 0.392729 -0.249621 0.000448977 
23 -0.00705719 0.00896454 -1.06069 -1.6438 1.54669 -1.41775 -1.57225 1.69721 0.0688563 1.75879 0.000572213 -0.197414 -0.00324254 -0.000572213 0.39044 -0.250115 -0.00164773 -0.201228 0.00133516 0.000190738 0.392729 -0.249621 0.000448977 
23 -0.00743866 0.00896454 -1.06069 -1.6438 1.54669 -1.41775 -1.57187 1.69721 0.0688563 1.75765 0.000572213 -0.197414 -0.00324254 -0.000572213 0.39044 -0.250115 -0.00164773 -0.200847 0.00133516 0.000190738 0.392729 -0.249621 0.000448977 
23 -0.00705719 0.00896454 -1.06069 -1.6438 1.54669 -1.41775 -1.57111 1.69721 0.0688563 1.75689 0.000572213 -0.197414 -0.00324254 -0.000572213 0.39044 -0.250115 -0.00164773 -0.201228 0.00133516 0.000190738 0.392729 -0.249621 0.000448977 
23 -0.00705719 0.00896454 -1.06069 -1.6438 1.54669 -1.41775 -1.57073 1.69721 0.0688563 1.75574 0.000572213 -0.197414 -0.00324254 -0.000572213 0.39044 -0.250115 -0.00164773 -0.201228 0.00133516 0.000190738 0.392729 -0.249621 0.000448977 
23 -0.00705719 0.00896454 -1.06069 -1.6438 1.54669 -1.41775 -1.56996 1.69721 0.0688563 1.75498 0.000572213 -0.197414 -0.00324254 -0.000572213 0.39044 -0.250115 -0.00164773 -0.201228 0.00133516 0.000190738 0.392729 -0.249621 0.000448977 
23 -0.00705719 0.00896454 -1.06069 -1.6438 1.54669 -1.41775 -1.56958 1.69721 0.0688563 1.75307 0.000572213 -0.197414 -0.00324254 -0.000572213 0.39044 -0.250115 -0.00164773 -0.200847 0.00133516 0.000190738 0.392729 -0.249621 0.000448977 
23 -0.00705719 0.00896454 -1.06069 -1.6438 1.54669 -1.41775 -1.56882 1.69721 0.0688563 1.75193 0.000572213 -0.197414 -0.00324254 -0.000572213 0.39044 -0.250115 -0.00164773 -0.200847 0.00133516 0.000190738 0.392729 -0.249621 0.000448977 
23 -0.00705719 0.00896454 -1.06069 -1.6438 1.54669 -1.41775 -1.56806 1.69721 0.0688563 1.75078 0.000572213 -0.197414 -0.00324254 -0.000572213 0.39044 -0.250115 -0.00164773 -0.200847 0.00133516 0.000190738 0.392729 -0.249621 0.000448977 
23 -0.00705719 0.00896454 -1.06069 -1.6438 1.54669 -1.41775 -1.56729 1.69721 0.0688563 1.74926 0.000572213 -0.197414 -0.00324254 -0.000572213 0.39044 -0.250115 -0.00164773 -0.200847 0.00133516 0.000190738 0.392729 -0.249621 0.000448977 
23 -0.00705719 0.00896454 -1.06069 -1.6438 1.54669 -1.41775 -1.56691 1.69721 0.0688563 1.74811 0.000572213 -0.197414 -0.00324254 -0.000572213 0.39044 -0.250115 -0.00164773 -0.200847 0.00133516 0.000190738 0.392729 -0.249621 0.000448977 
23 -0.00705719 0.00896454 -1.06069 -1.6438 1.54669 -1.41775 -1.56615 1.69721 0.0688563 1.7462 0.000190738 -0.197414 -0.00324254 -0.000572213 0.39044 -0.250115 -0.00164773 -0.200847 0.00133516 0.000190738 0.392729 -0.249621 0.000448977 
23 -0.00705719 0.00896454 -1.06069 -1.6438 1.54669 -1.41775 -1.56577 1.69683 0.0688563 1.74506 0.000190738 -0.197414 -0.00324254 -0.000572213 0.39044 -0.250115 -0.00164773 -0.201228 0.00133516 0.000190738 0.392729 -0.249621 0.000448977 
23 -0.00705719 0.00896454 -1.06069 -1.6438 1.54669 -1.41775 -1.565 1.69683 0.0688563 1.74392 0.000190738 -0.197414 -0.00324254 -0.000572213 0.39044 -0.250115 -0.00164773 -0.200847 0.00133516 0.000190738 0.392729 -0.249621 0.000448977 
23 -0.00705719 0.00896454 -1.06069 -1.6438 1.54669 -1.41775 -1.56424 1.69683 0.0688563 1.74239 0.000190738 -0.197414 -0.00324254 -0.000572213 0.39044 -0.250115 -0.00164773 -0.200847 0.00133516 0.000190738 0.392729 -0.249621 0.000448977 
23 -0.00705719 0.00896454 -1.06069 -1.6438 1.54669 -1.41775 -1.56386 1.69683 0.0688563 1.7401 -0.000190738 -0.197414 -0.00324254 -0.000572213 0.39044 -0.250115 -0.00164773 -0.200847 0.00133516 0.000190738 0.392729 -0.249621 0.000448977 
23 -0.00705719 0.00896454 -1.06069 -1.6438 1.54669 -1.41775 -1.5631 1.69683 0.0688563 1.73857 -0.000190738 -0.197414 -0.00324254 -0.000572213 0.39044 -0.250115 -0.00164773 -0.200847 0.00133516 0.000190738 0.392729 -0.249621 0.000448977 
23 -0.00705719 0.00896454 -1.06069 -1.6438 1.54669 -1.41775 -1.56233 1.69683 0.0688563 1.73705 -0.000572213 -0.197414 -0.00324254 -0.000572213 0.39044 -0.250115 -0.00164773 -0.201228 0.00133516 0.000190738 0.392729 -0.249621 0.000448977 
23 -0.00705719 0.00896454 -1.06069 -1.6438 1.54669 -1.41775 -1.56157 1.69683 0.0688563 1.73552 -0.000572213 -0.197414 -0.00324254 -0.000572213 0.39044 -0.250115 -0.00164773 -0.200847 0.00133516 0.000190738 0.392729 -0.249621 0.000448977 
23 -0.00705719 0.00896454 -1.06069 -1.6438 1.54669 -1.41775 -1.56081 1.69683 0.0688563 1.73323 -0.000572213 -0.197414 -0.00324254 -0.000572213 0.39044 -0.250115 -0.00164773 -0.201228 0.00133516 0.000190738 0.392729 -0.249621 0.000448977 
23 -0.00705719 0.00896454 -1.06069 -1.6438 1.54669 -1.41775 -1.56004 1.69645 0.0688563 1.73171 -0.000953689 -0.197414 -0.00324254 -0.000572213 0.39044 -0.250115 -0.00164773 -0.201228 0.00133516 0.000190738 0.392729 -0.249621 0.000448977 
23 -0.00705719 0.00896454 -1.06069 -1.6438 1.54669 -1.41775 -1.55928 1.69645 0.0688563 1.73018 -0.000953689 -0.197414 -0.00324254 -0.000572213 0.39044 -0.250115 -0.00164773 -0.201228 0.00133516 0.000190738 0.392729 -0.249621 0.000448977 
23 -0.00705719 0.00896454 -1.06069 -1.6438 1.54669 -1.41775 -1.55852 1.69645 0.0688563 1.72789 -0.000953689 -0.197414 -0.00324254 -0.000572213 0.39044 -0.250115 -0.00164773 -0.200847 0.00133516 0.000190738 0.392729 -0.249621 0.000448977 
23 -0.00705719 0.00896454 -1.06069 -1.6438 1.54669 -1.41775 -1.55776 1.69645 0.0688563 1.72599 -0.00133516 -0.197414 -0.00324254 -0.000572213 0.39044 -0.250115 -0.00164773 -0.200847 0.00133516 0.000190738 0.392729 -0.249621 0.000448977 
23 -0.00705719 0.00896454 -1.06069 -1.6438 1.54669 -1.41775 -1.55699 1.69645 0.0688563 1.72408 -0.00133516 -0.197414 -0.00324254 -0.000572213 0.39044 -0.250115 -0.00164773 -0.200847 0.00133516 0.000190738 0.392729 -0.249621 0.000448977 
23 -0.00705719 0.00896454 -1.06069 -1.6438 1.54669 -1.41775 -1.55623 1.69645 0.0688563 1.72179 -0.00171664 -0.197414 -0.00324254 -0.000572213 0.39044 -0.250115 -0.00164773 -0.200847 0.00133516 0.000190738 0.392729 -0.249621 0.000448977 
23 -0.00705719 0.00896454 -1.06069 -1.6438 1.54669 -1.41775 -1.55547 1.69645 0.0688563 1.71988 -0.00209812 -0.197414 -0.00324254 -0.000572213 0.39044 -0.250115 -0.00164773 -0.200847 0.00133516 0.000190738 0.392729 -0.249621 0.000448977 
23 -0.00705719 0.00896454 -1.06069 -1.6438 1.54669 -1.41775 -1.5547 1.69645 0.0688563 1.71798 -0.00209812 -0.197414 -0.00324254 -0.000572213 0.39044 -0.250115 -0.00164773 -0.201228 0.00133516 0.000190738 0.392729 -0.249621 0.000448977 
23 -0.00705719 0.00896454 -1.06069 -1.6438 1.54669 -1.41775 -1.55394 1.69645 0.0688563 1.71569 -0.00209812 -0.197414 -0.00324254 -0.000572213 0.39044 -0.250115 -0.00164773 -0.201228 0.00133516 0.000190738 0.392729 -0.249621 0.000448977 
23 -0.00705719 0.00896454 -1.06069 -1.6438 1.54669 -1.41775 -1.55318 1.69645 0.0688563 1.7134 -0.00247959 -0.197414 -0.00324254 -0.000572213 0.39044 -0.250115 -0.00164773 -0.201228 0.00133516 0.000190738 0.392729 -0.249621 0.000448977 
23 -0.00705719 0.00896454 -1.06069 -1.6438 1.54669 -1.41775 -1.55241 1.69606 0.0688563 1.71149 -0.00247959 -0.197414 -0.00324254 -0.000572213 0.39044 -0.250115 -0.00164773 -0.200847 0.00133516 0.000190738 0.392729 -0.249621 0.000448977 
23 -0.00705719 0.00896454 -1.06069 -1.6438 1.54669 -1.41775 -1.55165 1.69606 0.0688563 1.70882 -0.00247959 -0.197414 -0.00324254 -0.000572213 0.39044 -0.250115 -0.00164773 -0.200847 0.00133516 0.000190738 0.392729 -0.249621 0.000448977 
23 -0.00705719 0.00896454 -1.06069 -1.6438 1.54669 -1.41775 -1.55127 1.69645 0.0688563 1.70691 -0.00247959 -0.197414 -0.00324254 -0.000572213 0.39044 -0.250115 -0.00164773 -0.200847 0.00133516 0.000190738 0.392729 -0.249621 0.000448977 
23 -0.00705719 0.00896454 -1.06069 -1.6438 1.54669 -1.41775 -1.55051 1.69645 0.0688563 1.70462 -0.00286107 -0.197414 -0.00324254 -0.000572213 0.39044 -0.250115 -0.00164773 -0.200847 0.00133516 0.000190738 0.392729 -0.249621 0.000448977 
23 -0.00705719 0.00896454 -1.06069 -1.6438 1.54669 -1.41775 -1.54974 1.69645 0.0688563 1.70157 -0.00286107 -0.197414 -0.00324254 -0.000572213 0.39044 -0.250115 -0.00164773 -0.200847 0.00133516 0.000190738 0.392729 -0.249621 0.000448977 
23 -0.00705719 0.00896454 -1.06069 -1.6438 1.54669 -1.41775 -1.5486 1.69645 0.0688563 1.69966 -0.00286107 -0.197414 -0.00324254 -0.000572213 0.39044 -0.250115 -0.00164773 -0.201228 0.00133516 0.000190738 0.392729 -0.249621 0.000448977 
23 -0.00705719 0.00896454 -1.06069 -1.6438 1.54669 -1.41775 -1.54746 1.69645 0.0688563 1.69699 -0.00324254 -0.197414 -0.00324254 -0.000572213 0.39044 -0.250115 -0.00164773 -0.201228 0.00133516 0.000190738 0.392729 -0.249621 0.000448977 
23 -0.00705719 0.00896454 -1.06069 -1.6438 1.54669 -1.41775 -1.54707 1.69645 0.0688563 1.69471 -0.00324254 -0.197414 -0.00324254 -0.000572213 0.39044 -0.250115 -0.00164773 -0.200847 0.00133516 0.000190738 0.392729 -0.249621 0.000448977 
23 -0.00705719 0.00896454 -1.06069 -1.6438 1.54669 -1.41775 -1.54631 1.69645 0.0688563 1.6928 -0.00324254 -0.197414 -0.00324254 -0.000572213 0.39044 -0.250115 -0.00164773 -0.200847 0.00133516 0.000190738 0.392729 -0.249621 0.000448977 
23 -0.00705719 0.00896454 -1.06069 -1.6438 1.54669 -1.41775 -1.54555 1.69645 0.0688563 1.68936 -0.00324254 -0.197414 -0.00324254 -0.000572213 0.39044 -0.250115 -0.00164773 -0.200847 0.00133516 0.000190738 0.392729 -0.249621 0.000448977 
23 -0.00705719 0.00896454 -1.06069 -1.6438 1.54669 -1.41775 -1.54517 1.69645 0.0688563 1.68746 -0.00324254 -0.197414 -0.00324254 -0.000572213 0.39044 -0.250115 -0.00164773 -0.200847 0.00133516 0.000190738 0.392729 -0.249621 0.000448977 
23 -0.00705719 0.00896454 -1.06069 -1.6438 1.54669 -1.41775 -1.5444 1.69645 0.0688563 1.68441 -0.00324254 -0.197414 -0.00324254 -0.000572213 0.39044 -0.250115 -0.00164773 -0.200847 0.00133516 0.000190738 0.392729 -0.249621 0.000448977 
23 -0.00705719 0.00896454 -1.06069 -1.6438 1.54669 -1.41775 -1.54326 1.69645 0.0688563 1.68212 -0.00324254 -0.197414 -0.00324254 -0.000572213 0.39044 -0.250115 -0.00164773 -0.200847 0.00133516 0.000190738 0.392729 -0.249621 0.000448977 
23 -0.00705719 0.00896454 -1.06069 -1.6438 1.54669 -1.41775 -1.5425 1.69645 0.0688563 1.67983 -0.00324254 -0.197414 -0.00324254 -0.000572213 0.39044 -0.250115 -0.00164773 -0.200847 0.00133516 0.000190738 0.392729 -0.249621 0.000448977 
23 -0.00705719 0.00896454 -1.06069 -1.6438 1.54669 -1.41775 -1.54173 1.69645 0.0688563 1.67678 -0.00324254 -0.197414 -0.00324254 -0.000572213 0.39044 -0.250115 -0.00164773 -0.201228 0.00133516 0.000190738 0.392729 -0.249621 0.000448977 
23 -0.00705719 0.00896454 -1.06069 -1.6438 1.54669 -1.41775 -1.54097 1.69645 0.0688563 1.67449 -0.00324254 -0.197414 -0.00324254 -0.000572213 0.39044 -0.250115 -0.00164773 -0.200847 0.00133516 0.000190738 0.392729 -0.249621 0.000448977 
23 -0.00705719 0.00896454 -1.06069 -1.6438 1.54669 -1.41775 -1.54059 1.69645 0.0688563 1.67144 -0.00324254 -0.197414 -0.00324254 -0.000572213 0.39044 -0.250115 -0.00164773 -0.200847 0.00133516 0.000190738 0.392729 -0.249621 0.000448977 
23 -0.00705719 0.00896454 -1.06069 -1.6438 1.54669 -1.41775 -1.53983 1.69645 0.0688563 1.66915 -0.00324254 -0.197414 -0.00324254 -0.000572213 0.39044 -0.250115 -0.00164773 -0.201228 0.00133516 0.000190738 0.392729 -0.249621 0.000448977 
23 -0.00705719 0.00896454 -1.06069 -1.6438 1.54669 -1.41775 -1.53944 1.69645 0.0688563 1.66648 -0.00324254 -0.197414 -0.00324254 -0.000572213 0.39044 -0.250115 -0.00164773 -0.200847 0.00133516 0.000190738 0.392729 -0.249621 0.000448977 
23 -0.00705719 0.00896454 -1.06069 -1.6438 1.54669 -1.41775 -1.53906 1.69645 0.0688563 1.66342 -0.00324254 -0.197414 -0.00324254 -0.000572213 0.39044 -0.250115 -0.00164773 -0.200847 0.00133516 0.000190738 0.392729 -0.249621 0.000448977 
23 -0.00705719 0.00896454 -1.06069 -1.6438 1.54669 -1.41775 -1.53868 1.69645 0.0688563 1.66114 -0.00324254 -0.197414 -0.00324254 -0.000572213 0.39044 -0.250115 -0.00164773 -0.201228 0.00133516 0.000190738 0.392729 -0.249621 0.000448977 
23 -0.00705719 0.00896454 -1.06069 -1.6438 1.54669 -1.41775 -1.53792 1.69645 0.0688563 1.65808 -0.00324254 -0.197414 -0.00324254 -0.000572213 0.39044 -0.250115 -0.00164773 -0.200847 0.00133516 0.000190738 0.392729 -0.249621 0.000448977 
23 -0.00705719 0.00896454 -1.06069 -1.6438 1.54669 -1.41775 -1.53716 1.69645 0.0688563 1.65579 -0.00324254 -0.197414 -0.00324254 -0.000572213 0.39044 -0.250115 -0.00164773 -0.200847 0.00133516 0.000190738 0.392729 -0.249621 0.000448977 
23 -0.00705719 0.00896454 -1.06069 -1.6438 1.54669 -1.41775 -1.53639 1.69645 0.0688563 1.65274 -0.00324254 -0.197414 -0.00324254 -0.000572213 0.39044 -0.250115 -0.00164773 -0.200847 0.00133516 0.000190738 0.392729 -0.249621 0.000448977 
23 -0.00705719 0.00896454 -1.06069 -1.6438 1.54669 -1.41775 -1.53563 1.69683 0.0688563 1.65007 -0.00324254 -0.197414 -0.00324254 -0.000572213 0.39044 -0.250115 -0.00164773 -0.200847 0.00133516 0.000190738 0.392729 -0.249621 0.000448977 
23 -0.00705719 0.00896454 -1.06069 -1.6438 1.54669 -1.41775 -1.53525 1.69683 0.0688563 1.6474 -0.00324254 -0.197414 -0.00324254 -0.000572213 0.39044 -0.250115 -0.00164773 -0.200847 0.00133516 0.000190738 0.392729 -0.249621 0.000448977 
23 -0.00705719 0.00896454 -1.06069 -1.6438 1.54669 -1.41775 -1.53449 1.69683 0.0688563 1.64473 -0.00324254 -0.197414 -0.00324254 -0.000572213 0.39044 -0.250115 -0.00164773 -0.201228 0.00133516 0.000190738 0.392729 -0.249621 0.000448977 
23 -0.00705719 0.00896454 -1.06069 -1.6438 1.54669 -1.41775 -1.5341 1.69683 0.0688563 1.64244 -0.00324254 -0.197414 -0.00324254 -0.000572213 0.39044 -0.250115 -0.00164773 -0.201228 0.00133516 0.000190738 0.392729 -0.249621 0.000448977 
23 -0.00705719 0.00896454 -1.06069 -1.6438 1.54669 -1.41775 -1.53372 1.69683 0.0688563 1.63939 -0.00324254 -0.197414 -0.00324254 -0.000572213 0.39044 -0.250115 -0.00164773 -0.201228 0.00133516 0.000190738 0.392729 -0.249621 0.000448977 
23 -0.00705719 0.00896454 -1.06069 -1.6438 1.54669 -1.41775 -1.53334 1.69683 0.0688563 1.6371 -0.00324254 -0.197414 -0.00324254 -0.000572213 0.39044 -0.250115 -0.00164773 -0.201228 0.00133516 0.000190738 0.392729 -0.249621 0.000448977 
23 -0.00705719 0.00896454 -1.06069 -1.6438 1.54669 -1.41775 -1.53296 1.69683 0.0688563 1.63405 -0.00324254 -0.197414 -0.00324254 -0.000572213 0.39044 -0.250115 -0.00164773 -0.201228 0.00133516 0.000190738 0.392729 -0.249621 0.000448977 
23 -0.00705719 0.00896454 -1.06069 -1.6438 1.54669 -1.41775 -1.53258 1.69683 0.0688563 1.63176 -0.00324254 -0.197414 -0.00324254 -0.000572213 0.39044 -0.250115 -0.00164773 -0.201228 0.00133516 0.000190738 0.392729 -0.249621 0.000448977 
23 -0.00705719 0.00896454 -1.06069 -1.6438 1.54669 -1.41775 -1.5322 1.69683 0.0688563 1.62947 -0.00324254 -0.197414 -0.00324254 -0.000572213 0.39044 -0.250115 -0.00164773 -0.201228 0.00133516 0.000190738 0.392729 -0.249621 0.000448977 
23 -0.00705719 0.00896454 -1.06069 -1.6438 1.54669 -1.41775 -1.53182 1.69683 0.0688563 1.62642 -0.00324254 -0.197414 -0.00324254 -0.000572213 0.39044 -0.250115 -0.00164773 -0.201228 0.00133516 0.000190738 0.392729 -0.249621 0.000448977 
23 -0.00705719 0.00896454 -1.06069 -1.6438 1.54669 -1.41775 -1.53105 1.69683 0.0688563 1.62413 -0.00324254 -0.197414 -0.00324254 -0.000572213 0.39044 -0.250115 -0.00164773 -0.201228 0.00133516 0.000190738 0.392729 -0.249621 0.000448977 
23 -0.00705719 0.00896454 -1.06069 -1.6438 1.54669 -1.41775 -1.53105 1.69683 0.0688563 1.62146 -0.00324254 -0.197414 -0.00324254 -0.000572213 0.39044 -0.250115 -0.00164773 -0.201228 0.00133516 0.000190738 0.392729 -0.249621 0.000448977 
23 -0.00705719 0.00896454 -1.06069 -1.6438 1.54669 -1.41775 -1.53067 1.69683 0.0688563 1.61917 -0.00324254 -0.197414 -0.00324254 -0.000572213 0.39044 -0.250115 -0.00164773 -0.201228 0.00133516 0.000190738 0.392729 -0.249621 0.000448977 
23 -0.00705719 0.00896454 -1.06069 -1.6438 1.54669 -1.41775 -1.53029 1.69683 0.0688563 1.61688 -0.00324254 -0.197414 -0.00324254 -0.000572213 0.39044 -0.250115 -0.00164773 -0.201228 0.00133516 0.000190738 0.392729 -0.249621 0.000448977 
23 -0.00705719 0.00896454 -1.06069 -1.6438 1.54669 -1.41775 -1.52991 1.69683 0.0688563 1.61383 -0.00324254 -0.197414 -0.00324254 -0.000572213 0.39044 -0.250115 -0.00164773 -0.201228 0.00133516 0.000190738 0.392729 -0.249621 0.000448977 
23 -0.00705719 0.00896454 -1.06069 -1.6438 1.54669 -1.41775 -1.52953 1.69683 0.0688563 1.61192 -0.00286107 -0.197414 -0.00324254 -0.000572213 0.39044 -0.250115 -0.00164773 -0.201228 0.00133516 0.000190738 0.392729 -0.249621 0.000448977 
23 -0.00705719 0.00896454 -1.06069 -1.6438 1.54669 -1.41775 -1.52914 1.69683 0.0688563 1.60887 -0.00286107 -0.197414 -0.00324254 -0.000572213 0.39044 -0.250115 -0.00164773 -0.201228 0.00133516 0.000190738 0.392729 -0.249621 0.000448977 
23 -0.00743866 0.00896454 -1.06069 -1.6438 1.54669 -1.41775 -1.52914 1.69683 0.0688563 1.60697 -0.00286107 -0.197414 -0.00324254 -0.000572213 0.39044 -0.250115 -0.00164773 -0.201228 0.00133516 0.000190738 0.392729 -0.249621 0.000448977 
23 -0.00705719 0.00896454 -1.06069 -1.6438 1.54669 -1.41775 -1.52914 1.69683 0.0688563 1.60506 -0.00286107 -0.197414 -0.00324254 -0.000572213 0.39044 -0.250115 -0.00164773 -0.201228 0.00133516 0.000190738 0.392729 -0.249621 0.000448977 
23 -0.00705719 0.00896454 -1.06069 -1.6438 1.54669 -1.41775 -1.52876 1.69683 0.0688563 1.60201 -0.00286107 -0.197414 -0.00324254 -0.000572213 0.39044 -0.250115 -0.00164773 -0.201228 0.00133516 0.000190738 0.392729 -0.249621 0.000448977 
23 -0.00705719 0.00896454 -1.06069 -1.6438 1.54669 -1.41775 -1.52876 1.69683 0.0688563 1.59972 -0.00286107 -0.197414 -0.00324254 -0.000572213 0.39044 -0.250115 -0.00164773 -0.201228 0.00133516 0.000190738 0.392729 -0.249621 0.000448977 
23 -0.00705719 0.00896454 -1.06069 -1.6438 1.54669 -1.41775 -1.52876 1.69683 0.0688563 1.59781 -0.00286107 -0.197414 -0.00324254 -0.000572213 0.39044 -0.250115 -0.00164773 -0.201228 0.00133516 0.000190738 0.392729 -0.249621 0.000448977 
23 -0.00705719 0.00896454 -1.06069 -1.6438 1.54669 -1.41775 -1.52838 1.69683 0.0688563 1.59552 -0.00286107 -0.197414 -0.00324254 -0.000572213 0.39044 -0.250115 -0.00164773 -0.201228 0.00133516 0.000190738 0.392729 -0.249621 0.000448977 
23 -0.00705719 0.00896454 -1.06069 -1.6438 1.54669 -1.41775 -1.52838 1.69645 0.0688563 1.59361 -0.00286107 -0.197414 -0.00324254 -0.000572213 0.39044 -0.250115 -0.00164773 -0.201228 0.00133516 0.000190738 0.392729 -0.249621 0.000448977 
23 -0.00705719 0.00896454 -1.06069 -1.6438 1.54669 -1.41775 -1.52838 1.69645 0.0688563 1.59133 -0.00286107 -0.197414 -0.00324254 -0.000572213 0.39044 -0.250115 -0.00164773 -0.201228 0.00133516 0.000190738 0.392729 -0.249621 0.000448977 
23 -0.00705719 0.00896454 -1.06069 -1.6438 1.54669 -1.41775 -1.52838 1.69645 0.0688563 1.58904 -0.00286107 -0.197414 -0.00324254 -0.000572213 0.39044 -0.250115 -0.00164773 -0.201228 0.00133516 0.000190738 0.392729 -0.249621 0.000448977 
23 -0.00705719 0.00896454 -1.06069 -1.6438 1.54669 -1.41775 -1.52838 1.69645 0.0688563 1.58713 -0.00286107 -0.197414 -0.00324254 -0.000572213 0.39044 -0.250115 -0.00164773 -0.201228 0.00133516 0.000190738 0.392729 -0.249621 0.000448977 
23 -0.00705719 0.00896454 -1.06069 -1.6438 1.54669 -1.41775 -1.52838 1.69645 0.0688563 1.58484 -0.00286107 -0.197414 -0.00324254 -0.000572213 0.39044 -0.250115 -0.00164773 -0.201228 0.00133516 0.000190738 0.392729 -0.249621 0.000448977 
23 -0.00705719 0.00896454 -1.06069 -1.6438 1.54669 -1.41775 -1.52838 1.69645 0.0688563 1.58293 -0.00286107 -0.197414 -0.00324254 -0.000572213 0.39044 -0.250115 -0.00164773 -0.201228 0.00133516 0.000190738 0.392729 -0.249621 0.000448977 
23 -0.00705719 0.00896454 -1.06069 -1.6438 1.54669 -1.41775 -1.528 1.69645 0.0688563 1.58141 -0.00286107 -0.197414 -0.00324254 -0.000572213 0.39044 -0.250115 -0.00164773 -0.201228 0.00133516 0.000190738 0.392729 -0.249621 0.000448977 
23 -0.00705719 0.00896454 -1.06069 -1.6438 1.54669 -1.41775 -1.52838 1.69606 0.0688563 1.57912 -0.00286107 -0.197414 -0.00324254 -0.000572213 0.39044 -0.250115 -0.00164773 -0.201228 0.00133516 0.000190738 0.392729 -0.249621 0.000448977 
23 -0.00705719 0.00896454 -1.06069 -1.6438 1.54669 -1.41775 -1.52838 1.69606 0.0688563 1.57721 -0.00286107 -0.197414 -0.00324254 -0.000572213 0.39044 -0.250115 -0.00164773 -0.201228 0.00133516 0.000190738 0.392729 -0.249621 0.000448977 
23 -0.00705719 0.00896454 -1.06069 -1.6438 1.54669 -1.41775 -1.52838 1.69606 0.0688563 1.57568 -0.00286107 -0.197414 -0.00324254 -0.000572213 0.39044 -0.250115 -0.00164773 -0.201228 0.00133516 0.000190738 0.392729 -0.249621 0.000448977 
23 -0.00705719 0.00896454 -1.06069 -1.6438 1.54669 -1.41775 -1.52838 1.69606 0.0688563 1.57378 -0.00247959 -0.197414 -0.00324254 -0.000572213 0.39044 -0.250115 -0.00164773 -0.201228 0.00133516 0.000190738 0.392729 -0.249621 0.000448977 
23 -0.00705719 0.00896454 -1.06069 -1.6438 1.54669 -1.41775 -1.52838 1.69606 0.0688563 1.57187 -0.00247959 -0.197414 -0.00324254 -0.000572213 0.39044 -0.250115 -0.00164773 -0.201228 0.00133516 0.000190738 0.392729 -0.249621 0.000448977 
23 -0.00705719 0.00896454 -1.06069 -1.6438 1.54669 -1.41775 -1.52838 1.69606 0.0688563 1.57034 -0.00247959 -0.197414 -0.00324254 -0.000572213 0.39044 -0.250115 -0.00164773 -0.200847 0.00133516 0.000190738 0.392729 -0.249621 0.000448977 
23 -0.00705719 0.00896454 -1.06069 -1.6438 1.54669 -1.41775 -1.52838 1.69606 0.0688563 1.5692 -0.00247959 -0.197414 -0.00324254 -0.000572213 0.39044 -0.250115 -0.00164773 -0.200847 0.00133516 0.000190738 0.392729 -0.249621 0.000448977 
23 -0.00705719 0.00896454 -1.06069 -1.6438 1.54669 -1.41775 -1.52838 1.69606 0.0688563 1.56767 -0.00247959 -0.197414 -0.00324254 -0.000572213 0.39044 -0.250115 -0.00164773 -0.200847 0.00133516 0.000190738 0.392729 -0.249621 0.000448977 
23 -0.00705719 0.00896454 -1.06069 -1.6438 1.54669 -1.41775 -1.52838 1.69606 0.0688563 1.56577 -0.00247959 -0.197414 -0.00324254 -0.000572213 0.39044 -0.250115 -0.00164773 -0.200847 0.00133516 0.000190738 0.392729 -0.249621 0.000448977 
23 -0.00705719 0.00896454 -1.06069 -1.6438 1.54669 -1.41775 -1.52838 1.69606 0.0688563 1.56424 -0.00247959 -0.197414 -0.00324254 -0.000572213 0.39044 -0.250115 -0.00164773 -0.200847 0.00133516 0.000190738 0.392729 -0.249621 0.000448977 
23 -0.00705719 0.00896454 -1.06069 -1.6438 1.54669 -1.41775 -1.52838 1.69645 0.0688563 1.5631 -0.00247959 -0.197414 -0.00324254 -0.000572213 0.39044 -0.250115 -0.00164773 -0.200847 0.00133516 0.000190738 0.392729 -0.249621 0.000448977 
23 -0.00705719 0.00896454 -1.06069 -1.6438 1.54669 -1.41775 -1.52838 1.69645 0.0688563 1.56195 -0.00247959 -0.197414 -0.00324254 -0.000572213 0.39044 -0.250115 -0.00164773 -0.200847 0.00133516 0.000190738 0.392729 -0.249621 0.000448977 
23 -0.00705719 0.00896454 -1.06069 -1.6438 1.54669 -1.41775 -1.52838 1.69645 0.0688563 1.56043 -0.00247959 -0.197414 -0.00324254 -0.000572213 0.39044 -0.250115 -0.00164773 -0.200847 0.00133516 0.000190738 0.392729 -0.249621 0.000448977 
23 -0.00705719 0.00896454 -1.06069 -1.6438 1.54669 -1.41775 -1.52876 1.69645 0.0688563 1.55928 -0.00247959 -0.197414 -0.00324254 -0.000572213 0.39044 -0.250115 -0.00164773 -0.200847 0.00133516 0.000190738 0.392729 -0.249621 0.000448977 
23 -0.00705719 0.00896454 -1.06069 -1.6438 1.54669 -1.41775 -1.52876 1.69645 0.0688563 1.55814 -0.00247959 -0.197414 -0.00324254 -0.000572213 0.39044 -0.250115 -0.00164773 -0.201228 0.00133516 0.000190738 0.392729 -0.249621 0.000448977 
23 -0.00705719 0.00896454 -1.06069 -1.6438 1.54669 -1.41775 -1.52876 1.69645 0.0688563 1.55737 -0.00247959 -0.197414 -0.00324254 -0.000572213 0.39044 -0.250115 -0.00164773 -0.200847 0.00133516 0.000190738 0.392729 -0.249621 0.000448977 
23 -0.00705719 0.00896454 -1.06069 -1.6438 1.54669 -1.41775 -1.52876 1.69645 0.0688563 1.55623 -0.00247959 -0.197414 -0.00324254 -0.000572213 0.39044 -0.250115 -0.00164773 -0.200847 0.00133516 0.000190738 0.392729 -0.249621 0.000448977 
23 -0.00705719 0.00896454 -1.06069 -1.6438 1.54669 -1.41775 -1.52876 1.69645 0.0688563 1.55547 -0.00247959 -0.197414 -0.00324254 -0.000572213 0.39044 -0.250115 -0.00164773 -0.200847 0.00133516 0.000190738 0.392729 -0.249621 0.000448977 
23 -0.00705719 0.00896454 -1.06069 -1.6438 1.54669 -1.41775 -1.52914 1.69645 0.0688563 1.55394 -0.00247959 -0.197414 -0.00324254 -0.000572213 0.39044 -0.250115 -0.00164773 -0.200847 0.00133516 0.000190738 0.392729 -0.249621 0.000448977 
23 -0.00743866 0.00896454 -1.06069 -1.6438 1.54669 -1.41775 -1.52914 1.69645 0.0688563 1.5528 -0.00247959 -0.197414 -0.00324254 -0.000572213 0.39044 -0.250115 -0.00164773 -0.201228 0.00133516 0.000190738 0.392729 -0.249621 0.000448977 
23 -0.00705719 0.00896454 -1.06069 -1.6438 1.54669 -1.41775 -1.52914 1.69645 0.0688563 1.55203 -0.00247959 -0.197414 -0.00324254 -0.000572213 0.39044 -0.250115 -0.00164773 -0.200847 0.00133516 0.000190738 0.392729 -0.249621 0.000448977 
23 -0.00705719 0.00896454 -1.06069 -1.6438 1.54669 -1.41775 -1.52914 1.69645 0.0688563 1.55127 -0.00247959 -0.197414 -0.00324254 -0.000572213 0.39044 -0.250115 -0.00164773 -0.201228 0.00133516 0.000190738 0.392729 -0.249621 0.000448977 
23 -0.00705719 0.00896454 -1.06069 -1.6438 1.54669 -1.41775 -1.52953 1.69645 0.0688563 1.55051 -0.00247959 -0.197414 -0.00324254 -0.000572213 0.39044 -0.250115 -0.00164773 -0.200847 0.00133516 0.000190738 0.392729 -0.249621 0.000448977 
23 -0.00705719 0.00896454 -1.06069 -1.6438 1.54669 -1.41775 -1.52953 1.69645 0.0688563 1.54974 -0.00247959 -0.197414 -0.00324254 -0.000572213 0.39044 -0.250115 -0.00164773 -0.200847 0.00133516 0.000190738 0.392729 -0.249621 0.000448977 
23 -0.00705719 0.00896454 -1.06069 -1.6438 1.54669 -1.41775 -1.52953 1.69645 0.0688563 1.54898 -0.00247959 -0.197414 -0.00324254 -0.000572213 0.39044 -0.250115 -0.00164773 -0.200847 0.00133516 0.000190738 0.392729 -0.249621 0.000448977 
23 -0.00705719 0.00896454 -1.06069 -1.6438 1.54669 -1.41775 -1.52953 1.69645 0.0688563 1.54822 -0.00247959 -0.197414 -0.00324254 -0.000572213 0.39044 -0.250115 -0.00164773 -0.200847 0.00133516 0.000190738 0.392729 -0.249621 0.000448977 
23 -0.00705719 0.00896454 -1.06069 -1.6438 1.54669 -1.41775 -1.52991 1.69645 0.0688563 1.54746 -0.00247959 -0.197414 -0.00324254 -0.000572213 0.39044 -0.250115 -0.00164773 -0.200847 0.00133516 0.000190738 0.392729 -0.249621 0.000448977 
23 -0.00705719 0.00896454 -1.06069 -1.6438 1.54669 -1.41775 -1.52991 1.69683 0.0688563 1.54707 -0.00247959 -0.197414 -0.00324254 -0.000572213 0.39044 -0.250115 -0.00164773 -0.200847 0.00133516 0.000190738 0.392729 -0.249621 0.000448977 
23 -0.00743866 0.00896454 -1.06069 -1.6438 1.54669 -1.41775 -1.52991 1.69683 0.0688563 1.54631 -0.00247959 -0.197414 -0.00324254 -0.000572213 0.39044 -0.250115 -0.00164773 -0.200847 0.00133516 0.000190738 0.392729 -0.249621 0.000448977 
23 -0.00743866 0.00896454 -1.06069 -1.6438 1.54669 -1.41775 -1.53029 1.69683 0.0688563 1.54593 -0.00247959 -0.197414 -0.00324254 -0.000572213 0.39044 -0.250115 -0.00164773 -0.200847 0.00133516 0.000190738 0.392729 -0.249621 0.000448977 
23 -0.00705719 0.00896454 -1.06069 -1.6438 1.54669 -1.41775 -1.53029 1.69683 0.0688563 1.54593 -0.00247959 -0.197414 -0.00324254 -0.000572213 0.39044 -0.250115 -0.00164773 -0.200847 0.00133516 0.000190738 0.392729 -0.249621 0.000448977 
23 -0.00705719 0.00896454 -1.06069 -1.6438 1.54669 -1.41775 -1.53029 1.69683 0.0688563 1.54555 -0.00247959 -0.197414 -0.00324254 -0.000572213 0.39044 -0.250115 -0.00164773 -0.200847 0.00133516 0.000190738 0.392729 -0.249621 0.000448977 
23 -0.00705719 0.00896454 -1.06069 -1.6438 1.54669 -1.41775 -1.53067 1.69683 0.0688563 1.54517 -0.00247959 -0.197414 -0.00324254 -0.000572213 0.39044 -0.250115 -0.00164773 -0.200847 0.00133516 0.000190738 0.392729 -0.249621 0.000448977 
23 -0.00705719 0.00896454 -1.06069 -1.6438 1.54669 -1.41775 -1.53067 1.69683 0.0688563 1.54517 -0.00247959 -0.197414 -0.00324254 -0.000572213 0.39044 -0.250115 -0.00164773 -0.200847 0.00133516 0.000190738 0.392729 -0.249621 0.000448977 
23 -0.00705719 0.00896454 -1.06069 -1.6438 1.54669 -1.41775 -1.53105 1.69683 0.0688563 1.54479 -0.00247959 -0.197414 -0.00324254 -0.000572213 0.39044 -0.250115 -0.00164773 -0.200847 0.00133516 0.000190738 0.392729 -0.249621 0.000448977 
23 -0.00743866 0.00896454 -1.06069 -1.6438 1.54669 -1.41775 -1.53105 1.69683 0.0688563 1.54479 -0.00247959 -0.197414 -0.00324254 -0.000572213 0.39044 -0.250115 -0.00164773 -0.200847 0.00133516 0.000190738 0.392729 -0.249621 0.000448977 
23 -0.00743866 0.00896454 -1.06069 -1.6438 1.54669 -1.41775 -1.53143 1.69683 0.0688563 1.5444 -0.00247959 -0.197414 -0.00324254 -0.000572213 0.39044 -0.250115 -0.00164773 -0.201228 0.00133516 0.000190738 0.392729 -0.249621 0.000448977 
23 -0.00705719 0.00896454 -1.06069 -1.6438 1.54669 -1.41775 -1.53143 1.69683 0.0688563 1.5444 -0.00247959 -0.197414 -0.00324254 -0.000572213 0.39044 -0.250115 -0.00164773 -0.200847 0.00133516 0.000190738 0.392729 -0.249621 0.000448977 
23 -0.00705719 0.00896454 -1.06069 -1.6438 1.54669 -1.41775 -1.53182 1.69683 0.0688563 1.5444 -0.00247959 -0.197414 -0.00324254 -0.000572213 0.39044 -0.250115 -0.00164773 -0.200847 0.00133516 0.000190738 0.392729 -0.249621 0.000448977 
23 -0.00705719 0.00896454 -1.06069 -1.6438 1.54669 -1.41775 -1.53182 1.69683 0.0688563 1.5444 -0.00247959 -0.197414 -0.00324254 -0.000572213 0.39044 -0.250115 -0.00164773 -0.200847 0.00133516 0.000190738 0.392729 -0.249621 0.000448977 
23 -0.00705719 0.00896454 -1.06069 -1.6438 1.54669 -1.41775 -1.53182 1.69683 0.0688563 1.5444 -0.00247959 -0.197414 -0.00324254 -0.000572213 0.39044 -0.250115 -0.00164773 -0.201228 0.00133516 0.000190738 0.392729 -0.249621 0.000448977 
23 -0.00705719 0.00896454 -1.06069 -1.6438 1.54669 -1.41775 -1.5322 1.69683 0.0688563 1.5444 -0.00247959 -0.197414 -0.00324254 -0.000572213 0.39044 -0.250115 -0.00164773 -0.201228 0.00133516 0.000190738 0.392729 -0.249621 0.000448977 
23 -0.00705719 0.00896454 -1.06069 -1.6438 1.54669 -1.41775 -1.5322 1.69683 0.0688563 1.5444 -0.00247959 -0.197414 -0.00324254 -0.000572213 0.39044 -0.250115 -0.00164773 -0.201228 0.00133516 0.000190738 0.392729 -0.249621 0.000448977 
23 -0.00743866 0.00896454 -1.06069 -1.6438 1.54669 -1.41775 -1.5322 1.69683 0.0688563 1.5444 -0.00247959 -0.197414 -0.00324254 -0.000572213 0.39044 -0.250115 -0.00164773 -0.200847 0.00133516 0.000190738 0.392729 -0.249621 0.000448977 
23 -0.00705719 0.00896454 -1.06069 -1.6438 1.54669 -1.41775 -1.53258 1.69683 0.0688563 1.5444 -0.00247959 -0.197414 -0.00324254 -0.000572213 0.39044 -0.250115 -0.00164773 -0.200847 0.00133516 0.000190738 0.392729 -0.249621 0.000448977 
23 -0.00705719 0.00896454 -1.06069 -1.6438 1.54669 -1.41775 -1.53258 1.69683 0.0688563 1.5444 -0.00247959 -0.197414 -0.00324254 -0.000572213 0.39044 -0.250115 -0.00164773 -0.201228 0.00133516 0.000190738 0.392729 -0.249621 0.000448977 
23 -0.00743866 0.00896454 -1.06069 -1.6438 1.54669 -1.41775 -1.53258 1.69683 0.0688563 1.5444 -0.00247959 -0.197414 -0.00324254 -0.000572213 0.39044 -0.250115 -0.00164773 -0.200847 0.00133516 0.000190738 0.392729 -0.249621 0.000448977 
23 -0.00705719 0.00896454 -1.06069 -1.6438 1.54669 -1.41775 -1.53296 1.69683 0.0688563 1.54479 -0.00247959 -0.197414 -0.00324254 -0.000572213 0.39044 -0.250115 -0.00164773 -0.200847 0.00133516 0.000190738 0.392729 -0.249621 0.000448977 
23 -0.00705719 0.00896454 -1.06069 -1.6438 1.54669 -1.41775 -1.53296 1.69683 0.0688563 1.54479 -0.00247959 -0.197414 -0.00324254 -0.000572213 0.39044 -0.250115 -0.00164773 -0.200847 0.00133516 0.000190738 0.392729 -0.249621 0.000448977 
23 -0.00705719 0.00896454 -1.06069 -1.6438 1.54669 -1.41775 -1.53334 1.69683 0.0688563 1.54479 -0.00247959 -0.197414 -0.00324254 -0.000572213 0.39044 -0.250115 -0.00164773 -0.200847 0.00133516 0.000190738 0.392729 -0.249621 0.000448977 
23 -0.00705719 0.00896454 -1.06069 -1.6438 1.54669 -1.41775 -1.53334 1.69683 0.0688563 1.54479 -0.00247959 -0.197414 -0.00324254 -0.000572213 0.39044 -0.250115 -0.00164773 -0.200847 0.00133516 0.000190738 0.392729 -0.249621 0.000448977 
23 -0.00705719 0.00896454 -1.06069 -1.6438 1.54669 -1.41775 -1.53372 1.69683 0.0688563 1.54479 -0.00247959 -0.197414 -0.00324254 -0.000572213 0.39044 -0.250115 -0.00164773 -0.200847 0.00133516 0.000190738 0.392729 -0.249621 0.000448977 
23 -0.00705719 0.00896454 -1.06069 -1.6438 1.54669 -1.41775 -1.53372 1.69683 0.0688563 1.54517 -0.00247959 -0.197414 -0.00324254 -0.000572213 0.39044 -0.250115 -0.00164773 -0.200847 0.00133516 0.000190738 0.392729 -0.249621 0.000448977 
23 -0.00705719 0.00896454 -1.06069 -1.6438 1.54669 -1.41775 -1.5341 1.69683 0.0688563 1.54517 -0.00209812 -0.197414 -0.00324254 -0.000572213 0.39044 -0.250115 -0.00164773 -0.200847 0.00133516 0.000190738 0.392729 -0.249621 0.000448977 
23 -0.00705719 0.00896454 -1.06069 -1.6438 1.54669 -1.41775 -1.5341 1.69683 0.0688563 1.54517 -0.00209812 -0.197414 -0.00324254 -0.000572213 0.39044 -0.250115 -0.00164773 -0.200847 0.00133516 0.000190738 0.392729 -0.249621 0.000448977 
23 -0.00705719 0.00896454 -1.06069 -1.6438 1.54669 -1.41775 -1.5341 1.69683 0.0688563 1.54517 -0.00209812 -0.197414 -0.00324254 -0.000572213 0.39044 -0.250115 -0.00164773 -0.200847 0.00133516 0.000190738 0.392729 -0.249621 0.000448977 
23 -0.00705719 0.00896454 -1.06069 -1.6438 1.54669 -1.41775 -1.53449 1.69683 0.0688563 1.54517 -0.00209812 -0.197414 -0.00324254 -0.000572213 0.39044 -0.250115 -0.00164773 -0.200847 0.00133516 0.000190738 0.392729 -0.249621 0.000448977 
23 -0.00705719 0.00896454 -1.06069 -1.6438 1.54669 -1.41775 -1.53449 1.69683 0.0688563 1.54517 -0.00171664 -0.197414 -0.00324254 -0.000572213 0.39044 -0.250115 -0.00164773 -0.201228 0.00133516 0.000190738 0.392729 -0.249621 0.000448977 
23 -0.00705719 0.00896454 -1.06069 -1.6438 1.54669 -1.41775 -1.53487 1.69683 0.0688563 1.54555 -0.00171664 -0.197414 -0.00324254 -0.000572213 0.39044 -0.250115 -0.00164773 -0.200847 0.00133516 0.000190738 0.392729 -0.249621 0.000448977 
23 -0.00705719 0.00896454 -1.06069 -1.6438 1.54669 -1.41775 -1.53525 1.69683 0.0688563 1.54555 -0.00171664 -0.197414 -0.00324254 -0.000572213 0.39044 -0.250115 -0.00164773 -0.200847 0.00133516 0.000190738 0.392729 -0.249621 0.000448977 
23 -0.00705719 0.00896454 -1.06069 -1.6438 1.54669 -1.41775 -1.53525 1.69683 0.0688563 1.54555 -0.00171664 -0.197414 -0.00324254 -0.000572213 0.39044 -0.250115 -0.00164773 -0.200847 0.00133516 0.000190738 0.392729 -0.249621 0.000448977 
23 -0.00705719 0.00896454 -1.06069 -1.6438 1.54669 -1.41775 -1.53563 1.69683 0.0688563 1.54555 -0.00171664 -0.197414 -0.00324254 -0.000572213 0.39044 -0.250115 -0.00164773 -0.200847 0.00133516 0.000190738 0.392729 -0.249621 0.000448977 
23 -0.00705719 0.00896454 -1.06069 -1.6438 1.54669 -1.41775 -1.53563 1.69683 0.0688563 1.54555 -0.00133516 -0.197414 -0.00324254 -0.000572213 0.39044 -0.250115 -0.00164773 -0.200847 0.00133516 0.000190738 0.392729 -0.249621 0.000448977 
23 -0.00705719 0.00896454 -1.06069 -1.6438 1.54669 -1.41775 -1.53601 1.69683 0.0688563 1.54555 -0.00133516 -0.197414 -0.00324254 -0.000572213 0.39044 -0.250115 -0.00164773 -0.200847 0.00133516 0.000190738 0.392729 -0.249621 0.000448977 
23 -0.00705719 0.00896454 -1.06069 -1.6438 1.54669 -1.41775 -1.53639 1.69683 0.0688563 1.54555 -0.00133516 -0.197414 -0.00324254 -0.000572213 0.39044 -0.250115 -0.00164773 -0.200847 0.00133516 0.000190738 0.392729 -0.249621 0.000448977 
23 -0.00705719 0.00896454 -1.06069 -1.6438 1.54669 -1.41775 -1.53639 1.69683 0.0688563 1.54555 -0.00133516 -0.197414 -0.00324254 -0.000572213 0.39044 -0.250115 -0.00164773 -0.200847 0.00133516 0.000190738 0.392729 -0.249621 0.000448977 
23 -0.00743866 0.00896454 -1.06069 -1.6438 1.54669 -1.41775 -1.53677 1.69683 0.0688563 1.54555 -0.00133516 -0.197414 -0.00324254 -0.000572213 0.39044 -0.250115 -0.00164773 -0.200847 0.00133516 0.000190738 0.392729 -0.249621 0.000448977 
23 -0.00705719 0.00896454 -1.06069 -1.6438 1.54669 -1.41775 -1.53716 1.69683 0.0688563 1.54555 -0.00133516 -0.197414 -0.00324254 -0.000572213 0.39044 -0.250115 -0.00164773 -0.200847 0.00133516 0.000190738 0.392729 -0.249621 0.000448977 
23 -0.00705719 0.00896454 -1.06069 -1.6438 1.54669 -1.41775 -1.53754 1.69683 0.0688563 1.54593 -0.00133516 -0.197414 -0.00324254 -0.000572213 0.39044 -0.250115 -0.00164773 -0.200847 0.00133516 0.000190738 0.392729 -0.249621 0.000448977 
23 -0.00705719 0.00896454 -1.06069 -1.6438 1.54669 -1.41775 -1.53754 1.69683 0.0688563 1.54593 -0.00133516 -0.197414 -0.00324254 -0.000572213 0.39044 -0.250115 -0.00164773 -0.200847 0.00133516 0.000190738 0.392729 -0.249621 0.000448977 
23 -0.00705719 0.00896454 -1.06069 -1.6438 1.54669 -1.41775 -1.53792 1.69683 0.0688563 1.54593 -0.00133516 -0.197414 -0.00324254 -0.000572213 0.39044 -0.250115 -0.00164773 -0.200847 0.00133516 0.000190738 0.392729 -0.249621 0.000448977 
23 -0.00705719 0.00896454 -1.06069 -1.6438 1.54669 -1.41775 -1.5383 1.69683 0.0688563 1.54593 -0.00133516 -0.197414 -0.00324254 -0.000572213 0.39044 -0.250115 -0.00164773 -0.200847 0.00133516 0.000190738 0.392729 -0.249621 0.000448977 
23 -0.00705719 0.00896454 -1.06069 -1.6438 1.54669 -1.41775 -1.5383 1.69683 0.0688563 1.54593 -0.00133516 -0.197414 -0.00324254 -0.000572213 0.39044 -0.250115 -0.00164773 -0.200847 0.00133516 0.000190738 0.392729 -0.249621 0.000448977 
23 -0.00705719 0.00896454 -1.06069 -1.6438 1.54669 -1.41775 -1.53868 1.69683 0.0688563 1.54593 -0.00133516 -0.197414 -0.00324254 -0.000572213 0.39044 -0.250115 -0.00164773 -0.200847 0.00133516 0.000190738 0.392729 -0.249621 0.000448977 
23 -0.00705719 0.00896454 -1.06069 -1.6438 1.54669 -1.41775 -1.53868 1.69683 0.0688563 1.54593 -0.00133516 -0.197414 -0.00324254 -0.000572213 0.39044 -0.250115 -0.00164773 -0.200847 0.00133516 0.000190738 0.392729 -0.249621 0.000448977 
23 -0.00705719 0.00896454 -1.06069 -1.6438 1.54669 -1.41775 -1.53906 1.69683 0.0688563 1.54593 -0.00133516 -0.197414 -0.00324254 -0.000572213 0.39044 -0.250115 -0.00164773 -0.200847 0.00133516 0.000190738 0.392729 -0.249621 0.000448977 
23 -0.00705719 0.00896454 -1.06069 -1.6438 1.54669 -1.41775 -1.53906 1.69683 0.0688563 1.54593 -0.00133516 -0.197414 -0.00324254 -0.000572213 0.39044 -0.250115 -0.00164773 -0.200847 0.00133516 0.000190738 0.392729 -0.249621 0.000448977 
23 -0.00705719 0.00896454 -1.06069 -1.6438 1.54669 -1.41775 -1.53944 1.69683 0.0688563 1.54593 -0.00133516 -0.197414 -0.00324254 -0.000572213 0.39044 -0.250115 -0.00164773 -0.200847 0.00133516 0.000190738 0.392729 -0.249621 0.000448977 
23 -0.00705719 0.00896454 -1.06069 -1.6438 1.54669 -1.41775 -1.53983 1.69683 0.0688563 1.54555 -0.00133516 -0.197414 -0.00324254 -0.000572213 0.39044 -0.250115 -0.00164773 -0.200847 0.00133516 0.000190738 0.392729 -0.249621 0.000448977 
23 -0.00705719 0.00896454 -1.06069 -1.6438 1.54669 -1.41775 -1.54021 1.69683 0.0688563 1.54555 -0.00133516 -0.197414 -0.00324254 -0.000572213 0.39044 -0.250115 -0.00164773 -0.200847 0.00133516 0.000190738 0.392729 -0.249621 0.000448977 
23 -0.00743866 0.00896454 -1.06069 -1.6438 1.54669 -1.41775 -1.54021 1.69683 0.0688563 1.54555 -0.00133516 -0.197414 -0.00324254 -0.000572213 0.39044 -0.250115 -0.00164773 -0.200847 0.00133516 0.000190738 0.392729 -0.249621 0.000448977 
23 -0.00705719 0.00896454 -1.06069 -1.6438 1.54669 -1.41775 -1.54059 1.69683 0.0688563 1.54555 -0.00133516 -0.197414 -0.00324254 -0.000572213 0.39044 -0.250115 -0.00164773 -0.200847 0.00133516 0.000190738 0.392729 -0.249621 0.000448977 
23 -0.00743866 0.00896454 -1.06069 -1.6438 1.54669 -1.41775 -1.54097 1.69683 0.0688563 1.54555 -0.00133516 -0.197414 -0.00324254 -0.000572213 0.39044 -0.250115 -0.00164773 -0.200847 0.00133516 0.000190738 0.392729 -0.249621 0.000448977 
23 -0.00705719 0.00896454 -1.06069 -1.6438 1.54669 -1.41775 -1.54097 1.69683 0.0688563 1.54555 -0.00133516 -0.197414 -0.00324254 -0.000572213 0.39044 -0.250115 -0.00164773 -0.200847 0.00133516 0.000190738 0.392729 -0.249621 0.000448977 
23 -0.00705719 0.00896454 -1.06069 -1.6438 1.54669 -1.41775 -1.54135 1.69683 0.0688563 1.54555 -0.00133516 -0.197414 -0.00324254 -0.000572213 0.39044 -0.250115 -0.00164773 -0.200847 0.00133516 0.000190738 0.392729 -0.249621 0.000448977 
23 -0.00705719 0.00896454 -1.06069 -1.6438 1.54669 -1.41775 -1.54173 1.69683 0.0688563 1.54555 -0.00133516 -0.197414 -0.00324254 -0.000572213 0.39044 -0.250115 -0.00164773 -0.200847 0.00133516 0.000190738 0.392729 -0.249621 0.000448977 
23 -0.00743866 0.00896454 -1.06069 -1.6438 1.54669 -1.41775 -1.54173 1.69683 0.0688563 1.54555 -0.00133516 -0.197414 -0.00324254 -0.000572213 0.39044 -0.250115 -0.00164773 -0.200847 0.00133516 0.000190738 0.392729 -0.249621 0.000448977 
23 -0.00705719 0.00896454 -1.06069 -1.6438 1.54669 -1.41775 -1.54211 1.69683 0.0688563 1.54555 -0.00133516 -0.197414 -0.00324254 -0.000572213 0.39044 -0.250115 -0.00164773 -0.200847 0.00133516 0.000190738 0.392729 -0.249621 0.000448977 
23 -0.00705719 0.00896454 -1.06069 -1.6438 1.54669 -1.41775 -1.5425 1.69683 0.0688563 1.54555 -0.00133516 -0.197414 -0.00324254 -0.000572213 0.39044 -0.250115 -0.00164773 -0.200847 0.00133516 0.000190738 0.392729 -0.249621 0.000448977 
23 -0.00705719 0.00896454 -1.06069 -1.6438 1.54669 -1.41775 -1.54288 1.69683 0.0688563 1.54555 -0.00133516 -0.197414 -0.00324254 -0.000572213 0.39044 -0.250115 -0.00164773 -0.200847 0.00133516 0.000190738 0.392729 -0.249621 0.000448977 
23 -0.00705719 0.00896454 -1.06069 -1.6438 1.54669 -1.41775 -1.54326 1.69683 0.0688563 1.54555 -0.00133516 -0.197414 -0.00324254 -0.000572213 0.39044 -0.250115 -0.00164773 -0.200847 0.00133516 0.000190738 0.392729 -0.249621 0.000448977 
23 -0.00705719 0.00896454 -1.06069 -1.6438 1.54669 -1.41775 -1.54326 1.69683 0.0688563 1.54555 -0.00133516 -0.197414 -0.00324254 -0.000572213 0.39044 -0.250115 -0.00164773 -0.201228 0.00133516 0.000190738 0.392729 -0.249621 0.000448977 
23 -0.00705719 0.00896454 -1.06069 -1.6438 1.54669 -1.41775 -1.54364 1.69683 0.0688563 1.54555 -0.00133516 -0.197414 -0.00324254 -0.000572213 0.39044 -0.250115 -0.00164773 -0.200847 0.00133516 0.000190738 0.392729 -0.249621 0.000448977 
23 -0.00705719 0.00896454 -1.06069 -1.6438 1.54669 -1.41775 -1.54402 1.69683 0.0688563 1.54555 -0.000953689 -0.197414 -0.00324254 -0.000572213 0.39044 -0.250115 -0.00164773 -0.200847 0.00133516 0.000190738 0.392729 -0.249621 0.000448977 
23 -0.00705719 0.00896454 -1.06069 -1.6438 1.54669 -1.41775 -1.5444 1.69683 0.0688563 1.54555 -0.000953689 -0.197414 -0.00324254 -0.000572213 0.39044 -0.250115 -0.00164773 -0.200847 0.00133516 0.000190738 0.392729 -0.249621 0.000448977 
23 -0.00705719 0.00896454 -1.06069 -1.6438 1.54669 -1.41775 -1.5444 1.69683 0.0688563 1.54555 -0.000953689 -0.197414 -0.00324254 -0.000572213 0.39044 -0.250115 -0.00164773 -0.200847 0.00133516 0.000190738 0.392729 -0.249621 0.000448977 
23 -0.00705719 0.00896454 -1.06069 -1.6438 1.54669 -1.41775 -1.54479 1.69683 0.0688563 1.54555 -0.000953689 -0.197414 -0.00324254 -0.000572213 0.39044 -0.250115 -0.00164773 -0.200847 0.00133516 0.000190738 0.392729 -0.249621 0.000448977 
23 -0.00705719 0.00896454 -1.06069 -1.6438 1.54669 -1.41775 -1.54479 1.69683 0.0688563 1.54555 -0.000953689 -0.197414 -0.00324254 -0.000572213 0.39044 -0.250115 -0.00164773 -0.200847 0.00133516 0.000190738 0.392729 -0.249621 0.000448977 
23 -0.00705719 0.00896454 -1.06069 -1.6438 1.54669 -1.41775 -1.54517 1.69683 0.0688563 1.54555 -0.000953689 -0.197414 -0.00324254 -0.000572213 0.39044 -0.250115 -0.00164773 -0.200847 0.00133516 0.000190738 0.392729 -0.249621 0.000448977 
23 -0.00705719 0.00896454 -1.06069 -1.6438 1.54669 -1.41775 -1.54517 1.69683 0.0688563 1.54555 -0.000953689 -0.197414 -0.00324254 -0.000572213 0.39044 -0.250115 -0.00164773 -0.200847 0.00133516 0.000190738 0.392729 -0.249621 0.000448977 
23 -0.00705719 0.00896454 -1.06069 -1.6438 1.54669 -1.41775 -1.54555 1.69683 0.0688563 1.54555 -0.000953689 -0.197414 -0.00324254 -0.000572213 0.39044 -0.250115 -0.00164773 -0.200847 0.00133516 0.000190738 0.392729 -0.249621 0.000448977 
23 -0.00705719 0.00896454 -1.06069 -1.6438 1.54669 -1.41775 -1.54593 1.69683 0.0688563 1.54555 -0.000953689 -0.197414 -0.00324254 -0.000572213 0.39044 -0.250115 -0.00164773 -0.200847 0.00133516 0.000190738 0.392729 -0.249621 0.000448977 
23 -0.00705719 0.00896454 -1.06069 -1.6438 1.54669 -1.41775 -1.54593 1.69683 0.0688563 1.54555 -0.000953689 -0.197414 -0.00324254 -0.000572213 0.39044 -0.250115 -0.00164773 -0.200847 0.00133516 0.000190738 0.392729 -0.249621 0.000448977 
23 -0.00705719 0.00896454 -1.06069 -1.6438 1.54669 -1.41775 -1.54631 1.69683 0.0688563 1.54555 -0.000953689 -0.197414 -0.00324254 -0.000572213 0.39044 -0.250115 -0.00164773 -0.200847 0.00133516 0.000190738 0.392729 -0.249621 0.000448977 
23 -0.00705719 0.00896454 -1.06069 -1.6438 1.54669 -1.41775 -1.54631 1.69683 0.0688563 1.54555 -0.000953689 -0.197414 -0.00324254 -0.000572213 0.39044 -0.250115 -0.00164773 -0.200847 0.00133516 0.000190738 0.392729 -0.249621 0.000448977 
23 -0.00705719 0.00896454 -1.06069 -1.6438 1.54669 -1.41775 -1.54669 1.69683 0.0688563 1.54555 -0.000953689 -0.197414 -0.00324254 -0.000572213 0.39044 -0.250115 -0.00164773 -0.200847 0.00133516 0.000190738 0.392729 -0.249621 0.000448977 
23 -0.00705719 0.00896454 -1.06069 -1.6438 1.54669 -1.41775 -1.54669 1.69683 0.0688563 1.54555 -0.000572213 -0.197414 -0.00324254 -0.000572213 0.39044 -0.250115 -0.00164773 -0.200847 0.00133516 0.000190738 0.392729 -0.249621 0.000448977 
23 -0.00705719 0.00896454 -1.06069 -1.6438 1.54669 -1.41775 -1.54707 1.69683 0.0688563 1.54555 -0.000572213 -0.197414 -0.00324254 -0.000572213 0.39044 -0.250115 -0.00164773 -0.200847 0.00133516 0.000190738 0.392729 -0.249621 0.000448977 
23 -0.00705719 0.00896454 -1.06069 -1.6438 1.54669 -1.41775 -1.54746 1.69683 0.0688563 1.54555 -0.000572213 -0.197414 -0.00324254 -0.000572213 0.39044 -0.250115 -0.00164773 -0.200847 0.00133516 0.000190738 0.392729 -0.249621 0.000448977 
23 -0.00705719 0.00896454 -1.06069 -1.6438 1.54669 -1.41775 -1.54746 1.69683 0.0688563 1.54555 -0.000572213 -0.197414 -0.00324254 -0.000572213 0.39044 -0.250115 -0.00164773 -0.200847 0.00133516 0.000190738 0.392729 -0.249621 0.000448977 
23 -0.00705719 0.00896454 -1.06069 -1.6438 1.54669 -1.41775 -1.54784 1.69683 0.0688563 1.54555 -0.000572213 -0.197414 -0.00324254 -0.000572213 0.39044 -0.250115 -0.00164773 -0.201228 0.00133516 0.000190738 0.392729 -0.249621 0.000448977 
23 -0.00705719 0.00896454 -1.06069 -1.6438 1.54669 -1.41775 -1.54784 1.69683 0.0688563 1.54555 -0.000572213 -0.197414 -0.00324254 -0.000572213 0.39044 -0.250115 -0.00164773 -0.200847 0.00133516 0.000190738 0.392729 -0.249621 0.000448977 
23 -0.00705719 0.00896454 -1.06069 -1.6438 1.54669 -1.41775 -1.54822 1.69683 0.0688563 1.54555 -0.000572213 -0.197414 -0.00324254 -0.000572213 0.39044 -0.250115 -0.00164773 -0.200847 0.00133516 0.000190738 0.392729 -0.249621 0.000448977 
23 -0.00705719 0.00896454 -1.06069 -1.6438 1.54669 -1.41775 -1.54822 1.69683 0.0688563 1.54555 -0.000572213 -0.197414 -0.00324254 -0.000572213 0.39044 -0.250115 -0.00164773 -0.200847 0.00133516 0.000190738 0.392729 -0.249621 0.000448977 
23 -0.00705719 0.00896454 -1.06069 -1.6438 1.54669 -1.41775 -1.5486 1.69683 0.0688563 1.54555 -0.000572213 -0.197414 -0.00324254 -0.000572213 0.39044 -0.250115 -0.00164773 -0.200847 0.00133516 0.000190738 0.392729 -0.249621 0.000448977 
23 -0.00705719 0.00896454 -1.06069 -1.6438 1.54669 -1.41775 -1.5486 1.69683 0.0688563 1.54555 -0.000572213 -0.197414 -0.00324254 -0.000572213 0.39044 -0.250115 -0.00164773 -0.200847 0.00133516 0.000190738 0.392729 -0.249621 0.000448977 
23 -0.00705719 0.00896454 -1.06069 -1.6438 1.54669 -1.41775 -1.54898 1.69683 0.0688563 1.54555 -0.000572213 -0.197414 -0.00324254 -0.000572213 0.39044 -0.250115 -0.00164773 -0.200847 0.00133516 0.000190738 0.392729 -0.249621 0.000448977 
23 -0.00705719 0.00896454 -1.06069 -1.6438 1.54669 -1.41775 -1.54898 1.69683 0.0688563 1.54555 -0.000572213 -0.197414 -0.00324254 -0.000572213 0.39044 -0.250115 -0.00164773 -0.200847 0.00133516 0.000190738 0.392729 -0.249621 0.000448977 
23 -0.00705719 0.00896454 -1.06069 -1.6438 1.54669 -1.41775 -1.54936 1.69683 0.0688563 1.54555 -0.000572213 -0.197414 -0.00324254 -0.000572213 0.39044 -0.250115 -0.00164773 -0.200847 0.00133516 0.000190738 0.392729 -0.249621 0.000448977 
23 -0.00705719 0.00896454 -1.06069 -1.6438 1.54669 -1.41775 -1.54936 1.69683 0.0688563 1.54555 -0.000572213 -0.197414 -0.00324254 -0.000572213 0.39044 -0.250115 -0.00164773 -0.200847 0.00133516 0.000190738 0.392729 -0.249621 0.000448977 
23 -0.00705719 0.00896454 -1.06069 -1.6438 1.54669 -1.41775 -1.54936 1.69683 0.0688563 1.54555 -0.000572213 -0.197414 -0.00324254 -0.000572213 0.39044 -0.250115 -0.00164773 -0.200847 0.00133516 0.000190738 0.392729 -0.249621 0.000448977 
23 -0.00743866 0.00896454 -1.06069 -1.6438 1.54669 -1.41775 -1.54974 1.69683 0.0688563 1.54555 -0.000572213 -0.197414 -0.00324254 -0.000572213 0.39044 -0.250115 -0.00164773 -0.200847 0.00133516 0.000190738 0.392729 -0.249621 0.000448977 
23 -0.00705719 0.00896454 -1.06069 -1.6438 1.54669 -1.41775 -1.54974 1.69683 0.0688563 1.54555 -0.000572213 -0.197414 -0.00324254 -0.000572213 0.39044 -0.250115 -0.00164773 -0.201228 0.00133516 0.000190738 0.392729 -0.249621 0.000448977 
23 -0.00705719 0.00896454 -1.06069 -1.6438 1.54669 -1.41775 -1.55013 1.69683 0.0688563 1.54555 -0.000572213 -0.197414 -0.00324254 -0.000572213 0.39044 -0.250115 -0.00164773 -0.201228 0.00133516 0.000190738 0.392729 -0.249621 0.000448977 
23 -0.00705719 0.00896454 -1.06069 -1.6438 1.54669 -1.41775 -1.55013 1.69683 0.0688563 1.54555 -0.000572213 -0.197414 -0.00324254 -0.000572213 0.39044 -0.250115 -0.00164773 -0.200847 0.00133516 0.000190738 0.392729 -0.249621 0.000448977 
23 -0.00705719 0.00896454 -1.06069 -1.6438 1.54669 -1.41775 -1.55013 1.69683 0.0688563 1.54555 -0.000572213 -0.197414 -0.00324254 -0.000572213 0.39044 -0.250115 -0.00164773 -0.201228 0.00133516 0.000190738 0.392729 -0.249621 0.000448977 
23 -0.00705719 0.00896454 -1.06069 -1.6438 1.54669 -1.41775 -1.55013 1.69683 0.0688563 1.54555 -0.000572213 -0.197414 -0.00324254 -0.000572213 0.39044 -0.250115 -0.00164773 -0.200847 0.00133516 0.000190738 0.392729 -0.249621 0.000448977 
23 -0.00705719 0.00896454 -1.06069 -1.6438 1.54669 -1.41775 -1.55051 1.69683 0.0688563 1.54555 -0.000572213 -0.197414 -0.00324254 -0.000572213 0.39044 -0.250115 -0.00164773 -0.201228 0.00133516 0.000190738 0.392729 -0.249621 0.000448977 
23 -0.00705719 0.00896454 -1.06069 -1.6438 1.54669 -1.41775 -1.55051 1.69683 0.0688563 1.54555 -0.000572213 -0.197414 -0.00324254 -0.000572213 0.39044 -0.250115 -0.00164773 -0.200847 0.00133516 0.000190738 0.392729 -0.249621 0.000448977 
23 -0.00705719 0.00896454 -1.06069 -1.6438 1.54669 -1.41775 -1.55051 1.69683 0.0688563 1.54555 -0.000572213 -0.197414 -0.00324254 -0.000572213 0.39044 -0.250115 -0.00164773 -0.200847 0.00133516 0.000190738 0.392729 -0.249621 0.000448977 
23 -0.00705719 0.00896454 -1.06069 -1.6438 1.54669 -1.41775 -1.55089 1.69683 0.0688563 1.54555 -0.000572213 -0.197414 -0.00324254 -0.000572213 0.39044 -0.250115 -0.00164773 -0.201228 0.00133516 0.000190738 0.392729 -0.249621 0.000448977 
23 -0.00705719 0.00896454 -1.06069 -1.6438 1.54669 -1.41775 -1.55089 1.69683 0.0688563 1.54555 -0.000572213 -0.197414 -0.00324254 -0.000572213 0.39044 -0.250115 -0.00164773 -0.200847 0.00133516 0.000190738 0.392729 -0.249621 0.000448977 
23 -0.00705719 0.00896454 -1.06069 -1.6438 1.54669 -1.41775 -1.55089 1.69683 0.0688563 1.54555 -0.000572213 -0.197414 -0.00324254 -0.000572213 0.39044 -0.250115 -0.00164773 -0.200847 0.00133516 0.000190738 0.392729 -0.249621 0.000448977 
23 -0.00705719 0.00896454 -1.06069 -1.6438 1.54669 -1.41775 -1.55089 1.69683 0.0688563 1.54555 -0.000572213 -0.197414 -0.00324254 -0.000572213 0.39044 -0.250115 -0.00164773 -0.200847 0.00133516 0.000190738 0.392729 -0.249621 0.000448977 
23 -0.00705719 0.00896454 -1.06069 -1.6438 1.54669 -1.41775 -1.55089 1.69683 0.0688563 1.54555 -0.000572213 -0.197414 -0.00324254 -0.000572213 0.39044 -0.250115 -0.00164773 -0.200847 0.00133516 0.000190738 0.392729 -0.249621 0.000448977 
23 -0.00705719 0.00896454 -1.06069 -1.6438 1.54669 -1.41775 -1.55089 1.69683 0.0688563 1.54555 -0.000572213 -0.197414 -0.00324254 -0.000572213 0.39044 -0.250115 -0.00164773 -0.200847 0.00133516 0.000190738 0.392729 -0.249621 0.000448977 
23 -0.00705719 0.00896454 -1.06069 -1.6438 1.54669 -1.41775 -1.55127 1.69683 0.0688563 1.54555 -0.000572213 -0.197414 -0.00324254 -0.000572213 0.39044 -0.250115 -0.00164773 -0.200847 0.00133516 0.000190738 0.392729 -0.249621 0.000448977 
23 -0.00705719 0.00896454 -1.06069 -1.6438 1.54669 -1.41775 -1.55127 1.69683 0.0688563 1.54555 -0.000572213 -0.197414 -0.00324254 -0.000572213 0.39044 -0.250115 -0.00164773 -0.200847 0.00133516 0.000190738 0.392729 -0.249621 0.000448977 
23 -0.00705719 0.00896454 -1.06069 -1.6438 1.54669 -1.41775 -1.55127 1.69683 0.0688563 1.54555 -0.000572213 -0.197414 -0.00324254 -0.000572213 0.39044 -0.250115 -0.00164773 -0.200847 0.00133516 0.000190738 0.392729 -0.249621 0.000448977 
23 -0.00705719 0.00896454 -1.06069 -1.6438 1.54669 -1.41775 -1.55127 1.69721 0.0688563 1.54555 -0.000572213 -0.197414 -0.00324254 -0.000572213 0.39044 -0.250115 -0.00164773 -0.201228 0.00133516 0.000190738 0.392729 -0.249621 0.000448977 
23 -0.00705719 0.00896454 -1.06069 -1.6438 1.54669 -1.41775 -1.55127 1.69721 0.0688563 1.54555 -0.000572213 -0.197414 -0.00324254 -0.000572213 0.39044 -0.250115 -0.00164773 -0.201228 0.00133516 0.000190738 0.392729 -0.249621 0.000448977 
23 -0.00705719 0.00896454 -1.06069 -1.6438 1.54669 -1.41775 -1.55127 1.69721 0.0688563 1.54555 -0.000572213 -0.197414 -0.00324254 -0.000572213 0.39044 -0.250115 -0.00164773 -0.200847 0.00133516 0.000190738 0.392729 -0.249621 0.000448977 
23 -0.00705719 0.00896454 -1.06069 -1.6438 1.54669 -1.41775 -1.55165 1.69721 0.0688563 1.54555 -0.000572213 -0.197414 -0.00324254 -0.000572213 0.39044 -0.250115 -0.00164773 -0.200847 0.00133516 0.000190738 0.392729 -0.249621 0.000448977 
23 -0.00705719 0.00896454 -1.06069 -1.6438 1.54669 -1.41775 -1.55165 1.69721 0.0688563 1.54555 -0.000572213 -0.197414 -0.00324254 -0.000572213 0.39044 -0.250115 -0.00164773 -0.200847 0.00133516 0.000190738 0.392729 -0.249621 0.000448977 
23 -0.00705719 0.00896454 -1.06069 -1.6438 1.54669 -1.41775 -1.55165 1.69721 0.0688563 1.54555 -0.000572213 -0.197414 -0.00324254 -0.000572213 0.39044 -0.250115 -0.00164773 -0.200847 0.00133516 0.000190738 0.392729 -0.249621 0.000448977 
23 -0.00705719 0.00896454 -1.06069 -1.6438 1.54669 -1.41775 -1.55165 1.69721 0.0688563 1.54555 -0.000572213 -0.197414 -0.00324254 -0.000572213 0.39044 -0.250115 -0.00164773 -0.200847 0.00133516 0.000190738 0.392729 -0.249621 0.000448977 
23 -0.00705719 0.00896454 -1.06069 -1.6438 1.54669 -1.41775 -1.55165 1.69721 0.0688563 1.54555 -0.000572213 -0.197414 -0.00324254 -0.000572213 0.39044 -0.250115 -0.00164773 -0.200847 0.00133516 0.000190738 0.392729 -0.249621 0.000448977 
23 -0.00705719 0.00896454 -1.06069 -1.6438 1.54669 -1.41775 -1.55203 1.69721 0.0688563 1.54555 -0.000572213 -0.197414 -0.00324254 -0.000572213 0.39044 -0.250115 -0.00164773 -0.200847 0.00133516 0.000190738 0.392729 -0.249621 0.000448977 
23 -0.00705719 0.00896454 -1.06069 -1.6438 1.54669 -1.41775 -1.55203 1.69721 0.0688563 1.54555 -0.000572213 -0.197414 -0.00324254 -0.000572213 0.39044 -0.250115 -0.00164773 -0.201228 0.00133516 0.000190738 0.392729 -0.249621 0.000448977 
23 -0.00705719 0.00896454 -1.06069 -1.6438 1.54669 -1.41775 -1.55203 1.69721 0.0688563 1.54555 -0.000572213 -0.197414 -0.00324254 -0.000572213 0.39044 -0.250115 -0.00164773 -0.200847 0.00133516 0.000190738 0.392729 -0.249621 0.000448977 
23 -0.00705719 0.00896454 -1.06069 -1.6438 1.54669 -1.41775 -1.55203 1.69721 0.0688563 1.54555 -0.000572213 -0.197414 -0.00324254 -0.000572213 0.39044 -0.250115 -0.00164773 -0.201228 0.00133516 0.000190738 0.392729 -0.249621 0.000448977 
23 -0.00705719 0.00896454 -1.06069 -1.6438 1.54669 -1.41775 -1.55203 1.69721 0.0688563 1.54555 -0.000572213 -0.197414 -0.00324254 -0.000572213 0.39044 -0.250115 -0.00164773 -0.200847 0.00133516 0.000190738 0.392729 -0.249621 0.000448977 
23 -0.00705719 0.00896454 -1.06069 -1.6438 1.54669 -1.41775 -1.55241 1.69721 0.0688563 1.54555 -0.000572213 -0.197414 -0.00324254 -0.000572213 0.39044 -0.250115 -0.00164773 -0.200847 0.00133516 0.000190738 0.392729 -0.249621 0.000448977 
23 -0.00705719 0.00896454 -1.06069 -1.6438 1.54669 -1.41775 -1.55241 1.69721 0.0688563 1.54555 -0.000572213 -0.197414 -0.00324254 -0.000572213 0.39044 -0.249951 -0.00124844 -0.200847 0.00133516 0.000190738 0.392729 -0.249621 0.000448977 
23 -0.00705719 0.00896454 -1.06069 -1.6438 1.54669 -1.41775 -1.55241 1.69721 0.0688563 1.54555 -0.000572213 -0.197414 -0.00324254 -0.000572213 0.39044 -0.249951 -0.001248 -0.201228 0.00133516 0.000190738 0.392729 -0.249621 0.000448977 
23 -0.00705719 0.00896454 -1.06069 -1.6438 1.54669 -1.41775 -1.55241 1.69721 0.0688563 1.54555 -0.000572213 -0.197414 -0.00324254 -0.000572213 0.39044 -0.249951 -0.001248 -0.200847 0.00133516 0.000190738 0.392729 -0.249621 0.000448977 
23 -0.00705719 0.00896454 -1.06069 -1.6438 1.54669 -1.41775 -1.55241 1.69721 0.0688563 1.54555 -0.000572213 -0.197414 -0.00324254 -0.000572213 0.39044 -0.249951 -0.001248 -0.200847 0.00133516 0.000190738 0.392729 -0.249621 0.000448977 
23 -0.00743866 0.00896454 -1.06069 -1.6438 1.54669 -1.41775 -1.5528 1.69721 0.0688563 1.54555 -0.000572213 -0.197414 -0.00324254 -0.000572213 0.39044 -0.249951 -0.001248 -0.200847 0.00133516 0.000190738 0.392729 -0.249621 0.000448977 
23 -0.00705719 0.00896454 -1.06069 -1.6438 1.54669 -1.41775 -1.5528 1.69721 0.0688563 1.54555 -0.000572213 -0.197414 -0.00324254 -0.000572213 0.39044 -0.249951 -0.001248 -0.200847 0.00133516 0.000190738 0.392729 -0.249621 0.000448977 
23 -0.00705719 0.00896454 -1.06069 -1.6438 1.54669 -1.41775 -1.5528 1.69721 0.0688563 1.54555 -0.000572213 -0.197414 -0.00324254 -0.000572213 0.39044 -0.250115 -0.00164817 -0.200847 0.00133516 0.000190738 0.392729 -0.249621 0.000448977 
23 -0.00705719 0.00896454 -1.06069 -1.6438 1.54669 -1.41775 -1.5528 1.69721 0.0688563 1.54555 -0.000572213 -0.197414 -0.00324254 -0.000572213 0.39044 -0.250115 -0.00164773 -0.200847 0.00133516 0.000190738 0.392729 -0.249621 0.000448977 
23 -0.00705719 0.00896454 -1.06069 -1.6438 1.54669 -1.41775 -1.55318 1.69721 0.0688563 1.54555 -0.000572213 -0.197414 -0.00324254 -0.000572213 0.39044 -0.250115 -0.00164773 -0.200847 0.00133516 0.000190738 0.392729 -0.249621 0.000448977 
23 -0.00705719 0.00896454 -1.06069 -1.6438 1.54669 -1.41775 -1.55318 1.69721 0.0688563 1.54555 -0.000572213 -0.197414 -0.00324254 -0.000572213 0.39044 -0.250115 -0.00164773 -0.200847 0.00133516 0.000190738 0.392729 -0.249621 0.000448977 
23 -0.00705719 0.00896454 -1.06069 -1.6438 1.54669 -1.41775 -1.55318 1.69721 0.0688563 1.54555 -0.000572213 -0.197414 -0.00324254 -0.000572213 0.39044 -0.250115 -0.00164773 -0.201228 0.00133516 0.000190738 0.392729 -0.249621 0.000448977 
23 -0.00705719 0.00896454 -1.06069 -1.6438 1.54669 -1.41775 -1.55318 1.69721 0.0688563 1.54555 -0.000572213 -0.197414 -0.00324254 -0.000572213 0.39044 -0.250115 -0.00164773 -0.200847 0.00133516 0.000190738 0.392729 -0.249621 0.000448977 
23 -0.00705719 0.00896454 -1.06069 -1.6438 1.54669 -1.41775 -1.55356 1.69721 0.0688563 1.54555 -0.000572213 -0.197414 -0.00324254 -0.000572213 0.39044 -0.250115 -0.00164773 -0.200847 0.00133516 0.000190738 0.392729 -0.249621 0.000448977 
23 -0.00705719 0.00896454 -1.06069 -1.6438 1.54669 -1.41775 -1.55356 1.69721 0.0688563 1.54555 -0.000572213 -0.197414 -0.00324254 -0.000572213 0.39044 -0.249951 -0.00124844 -0.200847 0.00133516 0.000190738 0.392729 -0.249621 0.000448977 
23 -0.00705719 0.00896454 -1.06069 -1.6438 1.54669 -1.41775 -1.55356 1.69721 0.0688563 1.54555 -0.000572213 -0.197414 -0.00324254 -0.000572213 0.39044 -0.249951 -0.001248 -0.200847 0.00133516 0.000190738 0.392729 -0.249621 0.000448977 
23 -0.00705719 0.00896454 -1.06069 -1.6438 1.54669 -1.41775 -1.55356 1.69721 0.0688563 1.54555 -0.000572213 -0.197414 -0.00324254 -0.000572213 0.39044 -0.249951 -0.001248 -0.200847 0.00133516 0.000190738 0.392729 -0.249621 0.000448977 
23 -0.00743866 0.00896454 -1.06069 -1.6438 1.54669 -1.41775 -1.55394 1.69721 0.0688563 1.54555 -0.000572213 -0.197414 -0.00324254 -0.000572213 0.39044 -0.249951 -0.001248 -0.201228 0.00133516 0.000190738 0.392729 -0.249621 0.000448977 
23 -0.00705719 0.00896454 -1.06069 -1.6438 1.54669 -1.41775 -1.55394 1.69721 0.0688563 1.54555 -0.000572213 -0.197414 -0.00324254 -0.000572213 0.39044 -0.249951 -0.001248 -0.201228 0.00133516 0.000190738 0.392729 -0.249621 0.000448977 
23 -0.00705719 0.00896454 -1.06069 -1.6438 1.54669 -1.41775 -1.55394 1.69721 0.0688563 1.54555 -0.000572213 -0.197414 -0.00324254 -0.000572213 0.39044 -0.249951 -0.001248 -0.200847 0.00133516 0.000190738 0.392729 -0.249621 0.000448977 
23 -0.00705719 0.00896454 -1.06069 -1.6438 1.54669 -1.41775 -1.55394 1.69721 0.0688563 1.54555 -0.000572213 -0.197414 -0.00324254 -0.000572213 0.39044 -0.249951 -0.001248 -0.201228 0.00133516 0.000190738 0.392729 -0.249621 0.000448977 
23 -0.00705719 0.00896454 -1.06069 -1.6438 1.54669 -1.41775 -1.55394 1.69721 0.0688563 1.54555 -0.000572213 -0.197414 -0.00324254 -0.000572213 0.39044 -0.250115 -0.00164817 -0.200847 0.00133516 0.000190738 0.392729 -0.249621 0.000448977 
23 -0.00705719 0.00896454 -1.06069 -1.6438 1.54669 -1.41775 -1.55432 1.69721 0.0688563 1.54555 -0.000572213 -0.197414 -0.00324254 -0.000572213 0.39044 -0.249951 -0.00124844 -0.201228 0.00133516 0.000190738 0.392729 -0.249621 0.000448977 
23 -0.00705719 0.00896454 -1.06069 -1.6438 1.54669 -1.41775 -1.55432 1.69721 0.0688563 1.54555 -0.000572213 -0.197414 -0.00324254 -0.000572213 0.39044 -0.249951 -0.001248 -0.201228 0.00133516 0.000190738 0.392729 -0.249621 0.000448977 
23 -0.00705719 0.00896454 -1.06069 -1.6438 1.54669 -1.41775 -1.55432 1.69721 0.0688563 1.54555 -0.000572213 -0.197414 -0.00324254 -0.000572213 0.39044 -0.250115 -0.00164817 -0.200847 0.00133516 0.000190738 0.392729 -0.249621 0.000448977 
23 -0.00705719 0.00896454 -1.06069 -1.6438 1.54669 -1.41775 -1.55432 1.69721 0.0688563 1.54555 -0.000572213 -0.197414 -0.00324254 -0.000572213 0.39044 -0.250115 -0.00164773 -0.200847 0.00133516 0.000190738 0.392729 -0.249621 0.000448977 
23 -0.00705719 0.00896454 -1.06069 -1.6438 1.54669 -1.41775 -1.55432 1.69721 0.0688563 1.54555 -0.000572213 -0.197414 -0.00324254 -0.000572213 0.39044 -0.249951 -0.00124844 -0.200847 0.00133516 0.000190738 0.392729 -0.249621 0.000448977 
23 -0.00705719 0.00896454 -1.06069 -1.6438 1.54669 -1.41775 -1.5547 1.69721 0.0688563 1.54555 -0.000572213 -0.197414 -0.00324254 -0.000572213 0.39044 -0.249951 -0.001248 -0.200847 0.00133516 0.000190738 0.392729 -0.249621 0.000448977 
23 -0.00705719 0.00896454 -1.06069 -1.6438 1.54669 -1.41775 -1.5547 1.69721 0.0688563 1.54555 -0.000572213 -0.197414 -0.00324254 -0.000572213 0.39044 -0.249951 -0.001248 -0.200847 0.00133516 0.000190738 0.392729 -0.249621 0.000448977 
23 -0.00705719 0.00896454 -1.06069 -1.6438 1.54669 -1.41775 -1.5547 1.69721 0.0688563 1.54555 -0.000572213 -0.197414 -0.00324254 -0.000572213 0.39044 -0.249951 -0.001248 -0.200847 0.00133516 0.000190738 0.392729 -0.249621 0.000448977 
23 -0.00705719 0.00896454 -1.06069 -1.6438 1.54669 -1.41775 -1.5547 1.69721 0.0688563 1.54555 -0.000572213 -0.197414 -0.00324254 -0.000572213 0.39044 -0.249951 -0.001248 -0.201228 0.00133516 0.000190738 0.392729 -0.249621 0.000448977 
23 -0.00705719 0.00896454 -1.06069 -1.6438 1.54669 -1.41775 -1.5547 1.69721 0.0688563 1.54555 -0.000572213 -0.197414 -0.00324254 -0.000572213 0.39044 -0.249951 -0.001248 -0.201228 0.00133516 0.000190738 0.392729 -0.249621 0.000448977 
23 -0.00743866 0.00896454 -1.06069 -1.6438 1.54669 -1.41775 -1.5547 1.69721 0.0688563 1.54555 -0.000572213 -0.197414 -0.00324254 -0.000572213 0.39044 -0.249951 -0.001248 -0.200847 0.00133516 0.000190738 0.392729 -0.249621 0.000448977 
23 -0.00743866 0.00896454 -1.06069 -1.6438 1.54669 -1.41775 -1.55509 1.69721 0.0688563 1.54555 -0.000572213 -0.197414 -0.00324254 -0.000572213 0.39044 -0.250115 -0.00164817 -0.200847 0.00133516 0.000190738 0.392729 -0.249621 0.000448977 
23 -0.00743866 0.00896454 -1.06069 -1.6438 1.54669 -1.41775 -1.55509 1.69721 0.0688563 1.54555 -0.000572213 -0.197414 -0.00324254 -0.000572213 0.39044 -0.249951 -0.00124844 -0.200847 0.00133516 0.000190738 0.392729 -0.249621 0.000448977 
23 -0.00705719 0.00896454 -1.06069 -1.6438 1.54669 -1.41775 -1.55509 1.69721 0.0688563 1.54555 -0.000572213 -0.197414 -0.00324254 -0.000572213 0.39044 -0.250115 -0.00164817 -0.201228 0.00133516 0.000190738 0.392729 -0.249621 0.000448977 
23 -0.00705719 0.00896454 -1.06069 -1.6438 1.54669 -1.41775 -1.55509 1.69721 0.0688563 1.54555 -0.000572213 -0.197414 -0.00324254 -0.000572213 0.39044 -0.249951 -0.00124844 -0.200847 0.00133516 0.000190738 0.392729 -0.249621 0.000448977 
23 -0.00705719 0.00896454 -1.06069 -1.6438 1.54669 -1.41775 -1.55509 1.69721 0.0688563 1.54555 -0.000572213 -0.197414 -0.00324254 -0.000572213 0.39044 -0.249951 -0.001248 -0.200847 0.00133516 0.000190738 0.392729 -0.249621 0.000448977 
23 -0.00705719 0.00896454 -1.06069 -1.6438 1.54669 -1.41775 -1.55509 1.69721 0.0688563 1.54555 -0.000572213 -0.197414 -0.00324254 -0.000572213 0.39044 -0.249951 -0.001248 -0.201228 0.00133516 0.000190738 0.392729 -0.249621 0.000448977 
23 -0.00705719 0.00896454 -1.06069 -1.6438 1.54669 -1.41775 -1.55547 1.69721 0.0688563 1.54555 -0.000572213 -0.197414 -0.00324254 -0.000572213 0.39044 -0.249951 -0.001248 -0.201228 0.00133516 0.000190738 0.392729 -0.249621 0.000448977 
23 -0.00705719 0.00896454 -1.06069 -1.6438 1.54669 -1.41775 -1.55547 1.69721 0.0688563 1.54555 -0.000572213 -0.197414 -0.00324254 -0.000572213 0.39044 -0.249951 -0.001248 -0.201228 0.00133516 0.000190738 0.392729 -0.249621 0.000448977 
